####
#
# OBJ File Generated by Meshlab
#
####
# Object new_1.obj
#
# Vertices: 4071
# Faces: 10629
#
####
v 0.823712 0.039063 0.026475
v 0.834526 0.027055 0.029408
v 0.834754 0.012439 0.029492
v 0.810737 0.038755 0.026187
v 0.834841 0.000132 0.026393
v 0.795360 0.038707 0.026153
v 0.823539 0.026516 0.029428
v 0.834984 0.039787 0.025737
v 0.810142 0.011983 0.029410
v 0.794206 0.000169 0.026171
v 0.833633 -0.009187 0.007482
v 0.835412 -0.012688 0.013287
v 0.822848 0.026171 -0.040486
v 0.822710 0.041387 -0.030899
v 0.822122 0.052849 -0.014669
v 0.809528 0.046860 -0.020494
v 0.807830 0.012632 -0.040419
v 0.809521 0.050461 -0.025832
v 0.836963 0.026568 -0.035275
v 0.837698 0.036270 -0.038957
v 0.795528 0.002998 -0.038797
v 0.780301 0.053765 0.000207
v 0.795890 0.051339 0.012834
v 0.779919 0.043505 0.017998
v 0.779519 0.039041 0.026333
v 0.810081 0.000304 0.026140
v 0.794377 0.012144 0.029428
v 0.779397 0.027560 0.029388
v 0.824743 0.000219 0.026147
v 0.794940 0.026780 0.029425
v 0.780181 0.011876 0.029369
v 0.824583 0.012175 0.029480
v 0.810214 0.026692 0.029427
v 0.779832 -0.000672 0.026841
v 0.823895 -0.002546 -0.030837
v 0.824419 -0.013970 -0.014541
v 0.808975 -0.008205 -0.020373
v 0.808663 -0.011383 -0.025545
v 0.835614 0.051957 0.013199
v 0.838223 0.003050 -0.039243
v 0.794053 -0.012376 0.012831
v 0.795828 0.027049 -0.035653
v 0.795780 0.035755 -0.038848
v 0.779361 -0.004822 0.016880
v 0.781494 0.011679 -0.035721
v 0.779599 -0.014749 0.000482
v 0.822828 0.027369 -0.035822
v 0.823068 0.035581 -0.038776
v 0.824865 -0.012394 0.012773
v 0.809784 -0.005145 0.018098
v 0.808100 0.011674 -0.035831
v 0.808979 -0.014815 0.000056
v 0.836910 0.053012 -0.014318
v 0.836934 0.025637 -0.041272
v 0.837308 0.042647 -0.029732
v 0.793836 -0.013977 -0.014581
v 0.794834 -0.002778 -0.030634
v 0.778396 -0.008001 -0.019779
v 0.779898 -0.012123 -0.025258
v 0.823236 0.011701 -0.035863
v 0.824906 -0.005165 0.018022
v 0.824385 -0.014840 0.000019
v 0.809482 -0.012406 0.012719
v 0.808313 0.027421 -0.035716
v 0.808741 0.035928 -0.038752
v 0.837444 0.047055 -0.020161
v 0.837242 0.050730 -0.025489
v 0.837482 0.012029 -0.041369
v 0.794266 -0.008049 -0.020564
v 0.794173 -0.011424 -0.025741
v 0.780084 -0.014126 -0.014703
v 0.781919 -0.002414 -0.030955
v 0.835321 -0.004443 0.017939
v 0.835022 -0.014751 0.000427
v 0.823388 0.047119 -0.020490
v 0.823216 0.012567 -0.040446
v 0.822882 0.050242 -0.025572
v 0.807941 0.026231 -0.040462
v 0.779963 0.048264 0.007301
v 0.808728 0.041399 -0.030914
v 0.809237 0.052963 -0.014463
v 0.837737 0.011940 -0.035075
v 0.795632 0.043987 0.018096
v 0.795909 0.053690 0.000404
v 0.780244 0.051593 0.014042
v 0.780447 0.003209 -0.038818
v 0.823650 0.003180 -0.038628
v 0.820450 0.048067 0.007567
v 0.822741 0.051383 0.013258
v 0.809999 0.053761 0.000182
v 0.810547 0.043724 0.018291
v 0.839097 -0.014255 -0.014936
v 0.838400 -0.002812 -0.030651
v 0.780906 0.047221 -0.020489
v 0.795695 0.026293 -0.040778
v 0.796454 0.041739 -0.030625
v 0.781056 0.050297 -0.025633
v 0.796294 0.052817 -0.014646
v 0.781501 0.012521 -0.040593
v 0.824283 -0.008262 -0.020564
v 0.824295 -0.011392 -0.025393
v 0.808445 -0.013940 -0.014784
v 0.808357 -0.002621 -0.030764
v 0.835542 0.044301 0.016924
v 0.836049 0.053651 0.000410
v 0.794322 -0.004944 0.018139
v 0.794983 0.011794 -0.035481
v 0.793705 -0.014822 0.000248
v 0.782709 -0.009271 0.007275
v 0.779301 -0.013001 0.014394
v 0.781661 0.027342 -0.035635
v 0.780227 0.035551 -0.038920
v 0.844985 -0.014967 -0.010228
v 0.822318 0.053758 0.000054
v 0.823269 0.043706 0.017850
v 0.809476 0.003072 -0.038814
v 0.808314 0.048210 0.007217
v 0.810653 0.051283 0.013004
v 0.839386 -0.007923 -0.020089
v 0.838706 -0.011628 -0.026426
v 0.795395 0.047014 -0.020535
v 0.794843 0.012504 -0.040887
v 0.796234 0.050368 -0.025438
v 0.780982 0.053050 -0.014365
v 0.781806 0.026430 -0.040612
v 0.781339 0.041587 -0.030829
v 0.581632 -0.000395 0.026697
v 0.567236 0.011808 0.029445
v 0.552347 0.026975 0.029477
v 0.766910 -0.007818 -0.020417
v 0.767260 -0.011824 -0.025449
v 0.752038 -0.014239 -0.013959
v 0.751925 -0.002019 -0.031394
v 0.737502 -0.004751 0.018005
v 0.737982 0.012302 -0.035234
v 0.737317 -0.014814 0.000850
v 0.721851 -0.009226 0.007443
v 0.723998 0.026743 -0.035419
v 0.723672 -0.013178 0.013775
v 0.723269 0.036407 -0.038775
v 0.709694 0.026393 -0.041002
v 0.708939 0.041284 -0.031047
v 0.708891 0.053215 -0.014386
v 0.695196 0.046713 -0.020535
v 0.694868 0.012230 -0.040858
v 0.694758 0.050673 -0.025935
v 0.681721 0.003096 -0.039098
v 0.681596 0.051787 0.013435
v 0.666725 0.053757 0.000123
v 0.666672 0.043340 0.017815
v 0.651878 0.039059 0.026783
v 0.595293 -0.000501 0.026595
v 0.567416 0.027163 0.029491
v 0.552410 0.011708 0.029410
v 0.766763 -0.002656 -0.030928
v 0.768278 -0.014064 -0.014218
v 0.751971 -0.007898 -0.020498
v 0.751691 -0.011783 -0.025694
v 0.738547 0.027707 -0.034955
v 0.737693 -0.012833 0.013257
v 0.738835 0.035982 -0.038913
v 0.724866 0.011942 -0.035452
v 0.723362 -0.004604 0.017556
v 0.723756 -0.014975 0.000316
v 0.709140 0.047059 -0.020224
v 0.709474 0.012510 -0.040951
v 0.709353 0.050528 -0.025892
v 0.694353 0.025898 -0.041063
v 0.694691 0.041135 -0.031200
v 0.695004 0.053228 -0.013873
v 0.681489 0.053631 0.000304
v 0.681424 0.043440 0.017971
v 0.666533 0.002861 -0.039079
v 0.666528 0.051794 0.013227
v 0.638484 0.039720 0.026708
v 0.763749 0.048060 0.007584
v 0.609421 -0.000240 0.026429
v 0.567452 0.039549 0.026310
v 0.766823 0.002828 -0.038794
v 0.765979 0.051771 0.014047
v 0.752450 0.053727 0.000398
v 0.752740 0.043563 0.017993
v 0.738264 0.026729 -0.041309
v 0.738570 0.041649 -0.030664
v 0.738842 0.053196 -0.014213
v 0.723629 0.046989 -0.019983
v 0.724020 0.050488 -0.025815
v 0.724719 0.012554 -0.041044
v 0.709367 0.010990 -0.035209
v 0.709886 -0.005048 0.017343
v 0.710494 -0.015112 -0.000157
v 0.695813 -0.012468 0.013564
v 0.694645 0.026747 -0.035366
v 0.695803 0.036272 -0.038929
v 0.681012 -0.007966 -0.020306
v 0.681028 -0.011675 -0.026268
v 0.666807 -0.014263 -0.014794
v 0.667209 -0.002760 -0.030628
v 0.652468 0.011812 0.029310
v 0.638815 0.026909 0.029186
v 0.595343 0.012179 0.029759
v 0.581795 0.026712 0.029650
v 0.551825 -0.000083 0.026744
v 0.766717 0.012448 -0.035557
v 0.766973 -0.004695 0.017293
v 0.767534 -0.015066 -0.000002
v 0.752362 -0.012947 0.013010
v 0.751978 0.027972 -0.035132
v 0.752167 0.035674 -0.038978
v 0.738988 -0.007607 -0.020439
v 0.737575 -0.011641 -0.026027
v 0.724142 -0.014404 -0.014499
v 0.724281 -0.002618 -0.030823
v 0.707047 0.048153 0.007662
v 0.709381 0.003191 -0.038927
v 0.708705 0.051832 0.013319
v 0.695690 0.043561 0.017352
v 0.695281 0.053876 0.000508
v 0.681118 0.027006 -0.041177
v 0.681575 0.041477 -0.030852
v 0.681948 0.053320 -0.014207
v 0.667193 0.046865 -0.020403
v 0.667600 0.011760 -0.040801
v 0.666860 0.050819 -0.025622
v 0.624418 0.039318 0.026594
v 0.552571 0.039073 0.026721
v 0.766044 0.043104 0.017450
v 0.765989 0.053907 -0.000060
v 0.753454 0.048212 0.007264
v 0.752702 0.002646 -0.038818
v 0.753063 0.051655 0.013966
v 0.737796 0.046875 -0.019737
v 0.738265 0.012664 -0.041389
v 0.738527 0.050327 -0.026476
v 0.724003 0.053190 -0.014435
v 0.724146 0.026655 -0.040953
v 0.724451 0.041849 -0.030477
v 0.709655 0.026839 -0.035495
v 0.706730 -0.009270 0.007428
v 0.710234 0.036290 -0.038701
v 0.709909 -0.012745 0.013498
v 0.694882 0.011189 -0.035265
v 0.695141 -0.014970 0.000520
v 0.695842 -0.004786 0.017596
v 0.680057 -0.014316 -0.014537
v 0.680338 -0.002759 -0.030842
v 0.666814 -0.008083 -0.019937
v 0.666555 -0.011720 -0.026258
v 0.652158 0.026485 0.029378
v 0.638686 0.012355 0.029701
v 0.623807 -0.000269 0.026456
v 0.613569 -0.009336 0.007171
v 0.609188 -0.013048 0.013196
v 0.595058 0.041395 -0.030948
v 0.595931 0.026689 -0.040988
v 0.595322 0.053181 -0.014438
v 0.581418 0.047012 -0.019835
v 0.581118 0.012793 -0.041060
v 0.580856 0.050340 -0.026189
v 0.569345 0.048096 0.007718
v 0.566636 0.002675 -0.038879
v 0.567706 0.051687 0.013642
v 0.553192 0.053913 0.000478
v 0.552651 0.043679 0.017943
v 0.766457 0.039370 0.027103
v 0.695400 -0.000046 0.026796
v 0.680818 0.012028 0.029435
v 0.666152 0.026432 0.029596
v 0.651775 -0.008169 -0.019934
v 0.652750 -0.012013 -0.025385
v 0.638108 -0.014427 -0.014199
v 0.637926 -0.002563 -0.031033
v 0.624016 -0.004883 0.017629
v 0.623417 0.012156 -0.035291
v 0.623356 -0.014842 0.000209
v 0.610169 0.027804 -0.035155
v 0.609148 0.036010 -0.038986
v 0.593647 0.048038 0.007637
v 0.610210 -0.002322 -0.031311
v 0.609752 -0.014344 -0.013944
v 0.595214 0.051740 0.013544
v 0.594725 0.002752 -0.038793
v 0.580921 0.053920 0.000151
v 0.581184 0.043329 0.017626
v 0.566413 0.026655 -0.041307
v 0.566773 0.041259 -0.030911
v 0.567563 0.053331 -0.014318
v 0.552730 0.046959 -0.020125
v 0.552793 0.050448 -0.025833
v 0.553525 0.012845 -0.041219
v 0.738241 0.039376 0.026612
v 0.709611 0.011799 0.029263
v 0.695914 0.026441 0.029554
v 0.665763 -0.000073 0.026969
v 0.652801 0.011573 -0.035422
v 0.652917 -0.004751 0.017220
v 0.652900 -0.015162 -0.000283
v 0.637937 0.027480 -0.035294
v 0.638955 0.036045 -0.038996
v 0.638849 -0.012866 0.012977
v 0.624520 -0.007719 -0.020474
v 0.623376 -0.011841 -0.025801
v 0.583350 0.048175 0.007356
v 0.649767 -0.009225 0.007607
v 0.609354 -0.007849 -0.020387
v 0.609734 -0.011893 -0.026018
v 0.594913 0.044073 0.017553
v 0.594741 0.054012 -0.000143
v 0.581563 0.002305 -0.038638
v 0.581178 0.051985 0.014047
v 0.566600 0.046871 -0.019784
v 0.566442 0.012348 -0.041160
v 0.566610 0.050672 -0.026330
v 0.553233 0.026354 -0.041121
v 0.553228 0.053203 -0.013963
v 0.553534 0.041242 -0.031016
v 0.723287 0.039328 0.026663
v 0.709282 0.026973 0.029648
v 0.696043 0.011446 0.029333
v 0.680920 -0.000276 0.026642
v 0.652629 0.027473 -0.035343
v 0.652143 0.035927 -0.038853
v 0.653222 -0.012749 0.013352
v 0.637859 0.012055 -0.035477
v 0.638629 -0.014881 -0.000405
v 0.638573 -0.004654 0.017724
v 0.623448 -0.014290 -0.014079
v 0.623296 -0.002694 -0.030830
v 0.609926 0.011941 -0.035314
v 0.595814 0.047197 -0.019806
v 0.609274 -0.014923 0.000684
v 0.595751 0.012751 -0.040951
v 0.595481 0.050238 -0.026348
v 0.580491 0.026211 -0.040959
v 0.580596 0.041890 -0.030393
v 0.580600 0.053132 -0.014917
v 0.567516 0.043632 0.017964
v 0.567584 0.053754 0.000711
v 0.552724 0.003107 -0.039036
v 0.552641 0.051865 0.013025
v 0.753107 0.038842 0.026917
v 0.709741 -0.000545 0.026838
v 0.681358 0.026452 0.029582
v 0.666343 0.011852 0.029213
v 0.653270 -0.014255 -0.014480
v 0.653013 -0.002802 -0.030992
v 0.638785 -0.008065 -0.020511
v 0.638232 -0.011993 -0.025366
v 0.623848 0.026939 -0.035152
v 0.623552 -0.012835 0.013208
v 0.623078 0.035984 -0.039097
v 0.609026 -0.004717 0.017689
v 0.732469 0.048205 0.007653
v 0.595049 0.039448 0.026643
v 0.766211 0.026785 -0.040969
v 0.766267 0.041887 -0.030534
v 0.765707 0.053078 -0.014947
v 0.752541 0.047034 -0.019721
v 0.751403 0.012724 -0.041026
v 0.751679 0.050248 -0.026601
v 0.738283 0.002467 -0.038805
v 0.738512 0.051632 0.013671
v 0.723685 0.053750 0.000440
v 0.723430 0.043560 0.017928
v 0.709128 -0.008293 -0.019660
v 0.709731 -0.011347 -0.026454
v 0.695397 -0.014154 -0.014945
v 0.694558 -0.002945 -0.030513
v 0.680658 -0.004710 0.017624
v 0.680794 0.011964 -0.035190
v 0.680725 -0.015034 -0.000418
v 0.668383 -0.009275 0.007268
v 0.666682 0.036312 -0.038829
v 0.667241 0.026886 -0.035453
v 0.666244 -0.012760 0.013475
v 0.638929 -0.000338 0.026204
v 0.624017 0.012598 0.029669
v 0.609126 0.027400 0.029307
v 0.730229 0.048205 0.007653
v 0.581640 0.039534 0.026884
v 0.766427 0.047126 -0.019999
v 0.766661 0.012919 -0.040938
v 0.766043 0.050327 -0.026190
v 0.751873 0.026727 -0.041048
v 0.751468 0.041180 -0.030904
v 0.752085 0.053317 -0.014650
v 0.738389 0.043813 0.017509
v 0.738507 0.053933 0.000402
v 0.723437 0.051896 0.013385
v 0.723829 0.002864 -0.038900
v 0.710335 -0.002608 -0.030826
v 0.709869 -0.014265 -0.014435
v 0.695201 -0.008279 -0.019774
v 0.695195 -0.011147 -0.026540
v 0.680928 0.026613 -0.035174
v 0.680162 -0.012678 0.013721
v 0.680885 0.036696 -0.038762
v 0.667402 0.011504 -0.035296
v 0.666278 -0.004803 0.017019
v 0.666501 -0.015062 -0.000246
v 0.652707 -0.000364 0.026745
v 0.624449 0.026893 0.029423
v 0.609207 0.012464 0.029521
v 0.609809 0.002724 -0.038935
v 0.596197 -0.014402 -0.014223
v 0.596286 -0.002566 -0.030959
v 0.581045 -0.007920 -0.020278
v 0.581388 -0.011575 -0.025910
v 0.566906 0.027555 -0.035004
v 0.566737 -0.012784 0.013445
v 0.567107 0.036421 -0.038817
v 0.552004 -0.004629 0.018022
v 0.553013 0.011440 -0.035095
v 0.552140 -0.014948 0.000387
v 0.767085 -0.000809 0.026412
v 0.738099 0.027046 0.029444
v 0.723029 0.012156 0.029656
v 0.695478 0.039559 0.026497
v 0.652396 0.047006 -0.019945
v 0.652742 0.012395 -0.040967
v 0.652617 0.050767 -0.025493
v 0.637463 0.041678 -0.030769
v 0.637560 0.027251 -0.040797
v 0.637910 0.053311 -0.014221
v 0.624540 0.053962 -0.000327
v 0.624601 0.043452 0.017755
v 0.609395 0.051352 0.013555
v 0.594823 0.027119 0.029335
v 0.581731 0.011918 0.029479
v 0.567114 -0.000652 0.026433
v 0.768843 -0.009089 0.007717
v 0.766125 0.027057 -0.035468
v 0.766281 0.035650 -0.039047
v 0.766900 -0.013046 0.013273
v 0.751476 0.012024 -0.035461
v 0.752357 -0.014742 0.000501
v 0.752578 -0.004731 0.017904
v 0.737488 -0.014410 -0.013955
v 0.737356 -0.002883 -0.030549
v 0.723940 -0.007979 -0.019877
v 0.724091 -0.011737 -0.026114
v 0.709079 0.053721 0.000261
v 0.708937 0.043360 0.018124
v 0.692209 0.048241 0.007390
v 0.695509 0.003253 -0.038999
v 0.695539 0.052144 0.013534
v 0.680145 0.046656 -0.020339
v 0.680789 0.012128 -0.041350
v 0.681430 0.050851 -0.025693
v 0.667204 0.053143 -0.014265
v 0.667374 0.026491 -0.041012
v 0.667358 0.041688 -0.030936
v 0.609709 0.038989 0.026749
v 0.598741 -0.009112 0.007663
v 0.596050 0.035746 -0.038889
v 0.595881 0.027972 -0.035252
v 0.595881 -0.013212 0.013246
v 0.581159 0.012505 -0.035454
v 0.581808 -0.004887 0.017716
v 0.581579 -0.014887 0.000605
v 0.566203 -0.014217 -0.014308
v 0.566279 -0.002428 -0.030912
v 0.552599 -0.008055 -0.019792
v 0.552856 -0.011352 -0.026672
v 0.766413 0.027273 0.029322
v 0.752682 0.012304 0.029433
v 0.737806 -0.000221 0.026387
v 0.666267 0.039145 0.026326
v 0.652135 0.053944 0.000023
v 0.651844 0.043722 0.017271
v 0.640387 0.048144 0.007436
v 0.638231 0.002646 -0.038827
v 0.638092 0.051826 0.013630
v 0.624214 0.046918 -0.020004
v 0.610518 0.026897 -0.040896
v 0.610533 0.041686 -0.030604
v 0.624613 0.050512 -0.026246
v 0.610005 0.053104 -0.014968
v 0.623497 0.011886 -0.041079
v 0.595821 0.012213 -0.035537
v 0.595825 -0.004154 0.018111
v 0.595921 -0.014704 0.000336
v 0.582058 -0.012892 0.013465
v 0.580400 0.027306 -0.035434
v 0.581481 0.036104 -0.038841
v 0.567470 -0.007996 -0.019897
v 0.566481 -0.011597 -0.026083
v 0.552152 -0.014307 -0.014917
v 0.552743 -0.002898 -0.030385
v 0.766735 0.012512 0.029691
v 0.752788 0.027356 0.029337
v 0.723278 -0.000401 0.026825
v 0.681319 0.039356 0.026465
v 0.653895 0.048138 0.007566
v 0.651799 0.051643 0.013064
v 0.652282 0.002889 -0.038847
v 0.638111 0.053916 -0.000403
v 0.638783 0.043345 0.017537
v 0.624598 0.053166 -0.014702
v 0.610016 0.047236 -0.019750
v 0.610312 0.012918 -0.041207
v 0.624402 0.041660 -0.030919
v 0.609922 0.050264 -0.026276
v 0.623951 0.026729 -0.041300
v 0.552334 -0.009275 0.007319
v 0.595939 -0.007833 -0.020445
v 0.595467 -0.011690 -0.025942
v 0.581456 -0.014287 -0.014224
v 0.580952 -0.002736 -0.030638
v 0.566910 -0.005226 0.017431
v 0.566269 0.011297 -0.035201
v 0.566617 -0.015045 0.000582
v 0.553212 0.026792 -0.035292
v 0.552219 -0.012835 0.013562
v 0.551641 0.036676 -0.038787
v 0.752924 -0.000254 0.026633
v 0.738081 0.011799 0.029573
v 0.723363 0.026909 0.029600
v 0.709248 0.039273 0.026567
v 0.652608 0.026852 -0.040828
v 0.652211 0.041699 -0.030892
v 0.651866 0.053103 -0.014460
v 0.638462 0.046928 -0.020039
v 0.637701 0.012529 -0.040980
v 0.637858 0.050968 -0.025635
v 0.624950 0.051734 0.013535
v 0.623950 0.002218 -0.038816
v 0.609547 0.043736 0.017602
v 0.610175 0.053966 0.000438
v -0.000959 0.084649 0.005975
v -0.005531 0.068986 0.014922
v 0.050968 -0.000471 -0.029870
v 0.037883 -0.011823 -0.029870
v 0.003142 0.048640 -0.029870
v 0.010961 -0.003822 -0.051170
v -0.002491 0.012311 -0.051165
v 0.004556 0.044475 -0.001090
v 0.087057 -0.037427 0.031930
v 0.072744 -0.050366 0.031930
v 0.053897 -0.060523 0.031930
v -0.030954 0.086779 0.031930
v -0.259182 -0.158279 0.051769
v -0.268397 -0.145052 0.051749
v 0.296486 0.200289 0.051769
v 0.312609 0.185721 0.051672
v 0.282854 0.160377 0.051857
v 0.272295 0.172200 0.051826
v 0.229140 0.257177 -0.054370
v 0.251713 0.235491 -0.054370
v -0.083857 0.008752 0.047401
v -0.084228 0.002441 0.058257
v -0.104564 0.003382 0.076867
v -0.129626 0.030894 0.076008
v -0.102789 0.009703 0.035085
v -0.056765 0.036509 0.047675
v -0.076470 0.037313 0.034448
v -0.050150 0.036552 0.058290
v -0.103595 0.029427 0.047617
v -0.085415 0.029395 0.034418
v -0.117543 0.002315 0.034706
v -0.130651 0.009471 0.058139
v -0.130489 0.002393 0.047610
v -0.117523 0.030915 0.058289
v 0.196590 0.164602 -0.054370
v 0.167654 0.199247 -0.054370
v 0.225260 0.145691 0.055630
v 0.181579 0.142179 -0.019370
v 0.143536 0.184877 -0.019370
v 0.036673 0.026506 0.015930
v 0.024314 0.035459 0.015930
v -0.045651 0.072770 0.033249
v -0.032453 0.068173 0.043930
v -0.049242 0.082165 0.041335
v 0.041014 -0.076170 0.029440
v 0.052441 -0.074408 0.043930
v -0.146038 -0.213501 -0.019370
v -0.185894 -0.160445 -0.054370
v -0.159790 -0.188579 -0.054370
v -0.270850 -0.180521 0.079630
v -0.264503 -0.197912 0.084630
v -0.260517 -0.194893 0.079630
v -0.201991 -0.262002 0.084630
v -0.184764 -0.268780 0.079630
v -0.170139 -0.278752 0.079630
v -0.155035 -0.287981 0.079630
v -0.139490 -0.296447 0.055630
v -0.289304 -0.150323 0.055630
v -0.034039 -0.062952 -0.054370
v -0.066373 -0.037826 -0.054370
v -0.201561 -0.209043 -0.084370
v 0.281799 0.283362 -0.084370
v -0.036659 0.050519 0.055273
v 0.296054 0.155221 0.054969
v 0.268686 0.185722 0.055057
v 0.281400 0.201182 0.054951
v 0.314717 0.169682 0.054793
v -0.211344 -0.273729 0.084630
v -0.315398 -0.143249 0.084630
v -0.148614 -0.314244 0.084630
v -0.180751 -0.139293 -0.054370
v -0.210535 -0.148207 -0.019370
v -0.264637 -0.127963 0.051498
v -0.292146 0.003807 -0.054370
v -0.002593 -0.294544 -0.054370
v -0.156411 0.030594 0.076193
v -0.150630 0.030155 0.058369
v -0.152031 0.008426 0.074755
v -0.157706 0.009624 0.058042
v -0.149214 0.001736 0.034613
v 0.013039 -0.295401 -0.079370
v -0.161869 -0.040954 -0.002370
v -0.222535 -0.046542 -0.054370
v -0.157417 0.002076 0.047405
v -0.241852 0.064774 0.029661
v -0.216268 0.037415 0.031930
v -0.202914 0.039063 0.043967
v -0.231697 0.071501 0.042134
v -0.129453 -0.208512 -0.019370
v -0.136868 -0.184117 -0.054370
v -0.124242 -0.168264 -0.054370
v -0.328570 -0.033452 0.079630
v -0.304659 -0.118437 0.079630
v -0.123542 -0.304127 0.079630
v -0.192990 0.025848 0.043930
v -0.348455 0.074626 -0.079370
v -0.039180 -0.330149 0.055630
v -0.297379 -0.134571 0.055630
v -0.325496 -0.050884 0.055630
v -0.148228 -0.036916 -0.002370
v 0.012890 -0.300399 -0.084370
v 0.087727 -0.344741 -0.084370
v -0.176401 -0.002677 0.056118
v 0.168472 0.343042 0.055630
v 0.342309 0.173486 0.055630
v -0.295524 0.034666 0.005630
v 0.371333 0.108290 0.084630
v 0.152161 0.349918 0.079630
v -0.193046 0.012551 0.031930
v -0.204965 -0.131615 -0.019370
v -0.268344 -0.134593 0.051930
v -0.257883 -0.121770 0.051835
v -0.290980 -0.011805 -0.054370
v -0.018163 -0.292911 -0.054370
v -0.151842 0.031472 0.075662
v -0.156190 0.008411 0.075869
v -0.150754 0.002691 0.047635
v -0.157772 0.029352 0.057973
v -0.150655 0.008757 0.058330
v 0.028695 -0.295481 -0.079370
v -0.154692 -0.038053 -0.002370
v -0.255714 0.067627 -0.002370
v -0.292535 0.019458 -0.079370
v -0.297535 0.019458 -0.084370
v -0.158133 0.001433 0.034333
v -0.231015 0.069675 0.030127
v -0.203935 0.038140 0.031930
v -0.242044 0.065795 0.042361
v -0.217643 0.039115 0.044039
v -0.136158 -0.211351 -0.019370
v -0.118578 -0.201541 -0.019370
v -0.129121 -0.176399 -0.054370
v -0.325496 -0.050884 0.079630
v -0.297379 -0.134571 0.079630
v -0.039180 -0.330149 0.079630
v -0.192863 0.025581 0.031930
v -0.123542 -0.304127 0.055630
v -0.304659 -0.118437 0.055630
v -0.328570 -0.033452 0.055630
v 0.028794 -0.300480 -0.084370
v 0.069463 -0.347545 -0.084370
v -0.343389 0.074690 -0.084370
v -0.171045 -0.012477 0.055156
v 0.152161 0.349918 0.055630
v 0.317742 0.176287 0.055630
v -0.287307 0.036586 0.004501
v -0.323089 -0.126205 0.084630
v -0.131768 -0.322357 0.084630
v -0.114538 -0.329620 0.084630
v 0.102572 0.370432 0.084630
v 0.168472 0.343042 0.079630
v 0.342309 0.173486 0.079630
v 0.078545 -0.351325 -0.079370
v -0.162717 -0.012504 0.049764
v -0.193162 0.012258 0.043930
v -0.174056 -0.132606 -0.054370
v -0.198149 -0.120947 -0.019370
v -0.220560 0.065514 0.031930
v -0.234845 0.057985 0.031930
v -0.236515 -0.123490 -0.024761
v -0.246148 -0.133748 -0.032193
v -0.292535 0.019458 -0.054370
v 0.028695 -0.295481 -0.054370
v -0.156244 0.003320 0.076727
v -0.150710 0.008491 0.045903
v -0.158153 0.029080 0.048026
v -0.150005 0.030151 0.035428
v -0.150386 0.002362 0.058498
v -0.158439 0.010341 0.034377
v -0.290980 -0.011805 -0.079370
v -0.018163 -0.292911 -0.079370
v -0.182535 -0.046542 -0.002370
v -0.243109 -0.040727 -0.054370
v -0.262519 -0.007196 -0.054370
v -0.260843 0.056059 -0.002370
v -0.168360 -0.003101 0.030541
v -0.172612 -0.015145 0.048385
v -0.188004 -0.017929 0.031676
v -0.243812 0.046801 0.031026
v -0.248223 0.055800 0.042388
v -0.226579 0.035837 0.043930
v -0.191572 -0.005980 0.043930
v -0.321557 -0.068141 0.079630
v -0.321541 -0.086654 0.084630
v -0.092190 -0.321796 0.084630
v -0.073683 -0.322274 0.079630
v -0.056530 -0.326642 0.079630
v 0.141897 0.374930 0.084630
v -0.352081 0.037906 -0.079370
v -0.107231 -0.311003 0.055630
v -0.018808 -0.297870 -0.084370
v -0.295955 -0.012302 -0.084370
v 0.051082 -0.349434 -0.084370
v -0.345691 0.056356 -0.084370
v -0.270494 -0.132146 0.054945
v -0.259957 -0.119474 0.054996
v -0.162185 -0.016467 0.055177
v 0.349589 0.157352 0.055630
v 0.184420 0.335362 0.055630
v 0.317839 0.181115 0.055630
v -0.276576 0.036427 0.004605
v -0.329920 -0.108800 0.084630
v -0.096968 -0.336015 0.084630
v 0.360754 0.142585 0.084630
v 0.199965 0.326897 0.079630
v 0.325383 0.204567 0.079630
v 0.334234 0.189238 0.079630
v 0.041871 -0.355040 -0.079370
v -0.123381 -0.149443 -0.054370
v -0.159823 -0.126066 -0.054370
v -0.266087 -0.125317 0.054130
v -0.245622 -0.121624 -0.025319
v -0.233160 -0.132886 -0.026922
v 0.013039 -0.295401 -0.054370
v -0.150687 0.030257 0.046569
v -0.152058 0.003623 0.077376
v -0.158346 0.028561 0.034438
v -0.157348 0.002286 0.058234
v -0.149848 0.008715 0.035339
v -0.158141 0.009884 0.047696
v -0.292146 0.003807 -0.079370
v -0.002593 -0.294544 -0.079370
v -0.174370 -0.045474 -0.002370
v -0.260931 -0.016847 -0.054370
v -0.250217 -0.035334 -0.054370
v -0.231245 -0.045331 -0.054370
v -0.262511 0.046439 -0.002370
v -0.178316 -0.021952 0.028930
v -0.172564 -0.003026 0.048443
v -0.191585 -0.005731 0.030469
v -0.246335 0.055033 0.030050
v -0.226862 0.035623 0.031930
v -0.250498 0.046274 0.043259
v -0.188273 -0.016418 0.043722
v -0.222794 0.074080 0.043930
v -0.122743 -0.160601 -0.054370
v -0.315824 -0.103670 0.084630
v -0.109058 -0.315657 0.084630
v -0.107231 -0.311003 0.079630
v -0.350720 0.056311 -0.079370
v -0.056530 -0.326642 0.055630
v -0.073683 -0.322274 0.055630
v -0.321557 -0.068141 0.055630
v -0.002991 -0.299528 -0.084370
v -0.297140 0.003558 -0.084370
v 0.032629 -0.350403 -0.084370
v -0.347074 0.037930 -0.084370
v -0.267267 -0.124392 0.055630
v 0.334234 0.189238 0.055630
v 0.199965 0.326897 0.055630
v 0.325383 0.204567 0.055630
v -0.335875 -0.091076 0.084630
v 0.366471 0.125569 0.084630
v 0.119968 0.366002 0.084630
v 0.137120 0.360711 0.084630
v 0.184420 0.335362 0.079630
v 0.349589 0.157352 0.079630
v 0.060253 -0.353634 -0.079370
v -0.126281 -0.142054 -0.054370
v -0.146005 -0.126696 -0.054370
v -0.005552 0.084649 0.014931
v -0.000959 0.068986 0.005959
v -0.003234 0.040551 -0.030329
v -0.002303 0.027236 -0.051178
v 0.041599 -0.003416 -0.031485
v 0.025400 -0.006425 -0.051138
v 0.081015 -0.043531 0.031930
v 0.039526 -0.064832 0.031930
v -0.265673 -0.151554 0.051398
v 0.306781 0.195527 0.051780
v 0.276420 0.165501 0.051440
v -0.082535 0.003741 0.076808
v -0.051124 0.035190 0.075584
v -0.077191 0.036637 0.047634
v -0.083989 0.030139 0.047432
v -0.129636 0.008364 0.075803
v -0.103537 0.009306 0.047109
v -0.085402 0.009507 0.034427
v -0.104156 0.002451 0.058061
v -0.057493 0.037214 0.034465
v -0.102999 0.028859 0.034847
v -0.130703 0.001724 0.034574
v -0.117611 0.008096 0.058371
v -0.117699 0.003094 0.044485
v -0.130702 0.029481 0.058095
v -0.198060 -0.205473 -0.079370
v 0.182063 0.169726 -0.054370
v 0.169761 0.184664 -0.054370
v 0.210010 0.140452 0.055630
v 0.195188 0.139525 -0.019370
v 0.142454 0.199068 -0.019370
v 0.255351 0.238920 -0.084370
v 0.240696 0.246614 -0.079370
v 0.238290 0.255585 -0.084370
v 0.016147 0.034842 0.015930
v 0.036619 0.012192 0.015930
v -0.032739 0.068126 0.031101
v -0.045188 0.073137 0.042097
v 0.038270 -0.077753 0.043930
v 0.054478 -0.072416 0.029812
v -0.049169 0.081946 0.034280
v -0.211111 -0.159888 -0.019370
v -0.161674 -0.213707 -0.019370
v -0.145497 -0.187796 -0.054370
v -0.289304 -0.150323 0.079630
v -0.259056 -0.216767 0.084630
v -0.139490 -0.296447 0.079630
v -0.155035 -0.287981 0.055630
v -0.170139 -0.278752 0.055630
v -0.184764 -0.268780 0.055630
v -0.260517 -0.194893 0.055630
v -0.270850 -0.180521 0.055630
v -0.072438 -0.036762 -0.054370
v -0.025371 -0.068359 -0.054370
v -0.043552 -0.055613 -0.054370
v -0.058499 -0.041929 -0.054370
v -0.248464 -0.232529 -0.084370
v -0.235546 -0.245741 -0.084370
v -0.212637 -0.197630 -0.084370
v -0.045244 0.054785 0.055140
v -0.031599 0.041810 0.055070
v 0.144414 0.211537 0.055630
v 0.307548 0.159894 0.055038
v 0.272837 0.194703 0.055038
v -0.276460 -0.206969 0.084630
v -0.242355 -0.246052 -0.079370
v -0.184134 -0.146465 -0.054370
v -0.209087 -0.141612 -0.019370
v 0.495298 -0.009251 0.007383
v 0.538359 -0.008194 -0.019710
v 0.538477 -0.011316 -0.026589
v 0.524338 -0.002610 -0.030851
v 0.524481 -0.014190 -0.014499
v 0.509947 -0.004555 0.017562
v 0.509464 0.011184 -0.035256
v 0.509483 -0.015109 -0.000059
v 0.495903 0.035736 -0.039172
v 0.494824 -0.012726 0.013194
v 0.495759 0.026532 -0.035305
v 0.481829 0.026828 -0.040872
v 0.481670 0.041821 -0.030965
v 0.481353 0.053122 -0.014650
v 0.467641 0.047053 -0.019817
v 0.466939 0.012494 -0.041010
v 0.467112 0.050448 -0.026130
v 0.453902 0.002505 -0.038930
v 0.453345 0.051863 0.013559
v 0.438971 0.043472 0.017868
v 0.439243 0.053794 0.000309
v -0.198060 0.244388 -0.054370
v -0.174648 0.265164 -0.054370
v -0.229030 0.209130 -0.054370
v 0.289866 -0.147040 -0.054370
v 0.272022 -0.172757 -0.054370
v 0.210800 -0.232919 -0.054370
v 0.240696 -0.207699 -0.054370
v 0.328986 -0.037557 -0.027370
v 0.360465 -0.068042 -0.027370
v 0.354693 -0.060536 -0.027370
v 0.338415 -0.044523 -0.027363
v 0.339149 -0.026017 -0.012611
v 0.393305 -0.036241 -0.074370
v 0.164317 -0.261795 -0.079370
v 0.321908 -0.101597 -0.081139
v 0.323205 -0.057292 -0.002938
v 0.253027 -0.175556 -0.019370
v 0.242764 -0.194057 -0.019370
v 0.147301 -0.180756 0.055630
v 0.340630 -0.075916 -0.002909
v -0.149289 0.283514 -0.079370
v -0.162196 0.274654 -0.079370
v -0.208963 0.233153 -0.079370
v -0.223133 0.224596 -0.084370
v -0.254417 0.169662 -0.079370
v -0.266046 0.157882 -0.084370
v 0.399308 0.068854 0.030911
v 0.400804 0.038353 0.054476
v 0.415337 0.057510 0.033937
v 0.409208 0.043407 0.050137
v 0.422131 0.039298 0.027000
v 0.217782 -0.282952 0.084630
v 0.382465 0.019458 0.084630
v 0.013116 0.394341 0.084630
v -0.049358 0.387515 -0.079370
v -0.119963 0.366357 -0.079370
v -0.136857 0.358930 -0.079370
v -0.336057 0.110900 -0.084370
v 0.192334 -0.309244 -0.084370
v -0.302336 0.196670 -0.084370
v 0.285371 -0.162971 -0.084370
v -0.193067 0.320200 -0.084370
v -0.112055 0.364138 -0.084370
v 0.013615 0.374347 0.055630
v 0.375701 0.054804 0.055630
v -0.274981 0.222253 0.084630
v 0.241369 -0.285019 0.084630
v 0.031315 0.374347 0.079630
v 0.377024 0.037153 0.079630
v 0.369570 -0.122469 -0.079370
v -0.145717 0.226783 -0.019370
v -0.171212 0.250653 -0.019370
v -0.188816 0.241343 -0.019370
v 0.228747 -0.145796 -0.019370
v 0.349454 -0.086284 -0.045953
v 0.523832 -0.008237 -0.019898
v 0.539147 -0.002860 -0.030732
v 0.539173 -0.014340 -0.014756
v 0.524469 -0.011408 -0.026157
v 0.509686 0.027258 -0.035130
v 0.509910 -0.012507 0.013225
v 0.510496 0.036181 -0.038882
v 0.494994 -0.004552 0.017953
v 0.496347 0.012055 -0.035228
v 0.495330 -0.014970 -0.000632
v 0.481648 0.047087 -0.020253
v 0.481283 0.050856 -0.025445
v 0.482044 0.012261 -0.040891
v 0.466994 0.027073 -0.040832
v 0.466454 0.041434 -0.031015
v 0.466267 0.053098 -0.014937
v 0.453041 0.053996 -0.000241
v 0.453469 0.043819 0.017304
v 0.439221 0.051587 0.013694
v 0.438365 0.002550 -0.038904
v 0.262163 -0.184919 -0.054370
v 0.360378 -0.065893 -0.027370
v 0.326187 -0.045356 -0.027355
v 0.362465 -0.027939 -0.005362
v 0.337189 -0.031302 -0.027370
v 0.352348 -0.072260 -0.027370
v 0.388452 -0.034886 -0.079370
v 0.150167 -0.268496 -0.079370
v 0.229140 -0.218262 -0.079370
v 0.281263 -0.160121 -0.079370
v 0.339640 -0.058823 -0.003100
v -0.190894 0.152638 0.055630
v 0.230816 -0.160449 -0.019370
v 0.247760 -0.187153 -0.019370
v 0.152900 -0.190161 0.055630
v 0.321930 -0.077314 -0.002633
v -0.152015 0.287705 -0.084370
v -0.165127 0.278705 -0.084370
v -0.219295 0.221391 -0.079370
v -0.258812 0.172046 -0.084370
v -0.261538 0.155719 -0.079370
v 0.402152 0.063523 0.039692
v 0.407510 0.055585 0.044545
v 0.420569 0.038258 0.040099
v 0.410064 0.039653 0.026785
v 0.420901 0.053706 0.028304
v 0.406862 -0.028014 -0.043150
v 0.372020 0.002762 0.024047
v 0.397465 0.019458 0.084630
v 0.031814 0.394341 0.084630
v -0.031164 0.390603 -0.079370
v -0.308026 0.196660 -0.079370
v 0.152194 -0.273066 -0.084370
v 0.166568 -0.266259 -0.084370
v 0.323731 -0.105015 -0.084370
v -0.129095 0.356992 -0.084370
v 0.364036 -0.122773 -0.084370
v -0.040974 0.383978 -0.084370
v 0.031315 0.374347 0.055630
v 0.377024 0.037153 0.055630
v 0.049368 0.378451 0.084630
v 0.013615 0.374347 0.079630
v 0.375701 0.054804 0.079630
v 0.200367 -0.310657 -0.079370
v -0.159909 0.227467 -0.019370
v -0.177889 0.248080 -0.019370
v 0.261129 -0.007468 -0.037173
v 0.256847 0.001521 -0.039957
v -0.016195 0.108797 0.028169
v -0.002914 0.101630 0.031930
v 0.002158 0.247440 -0.054370
v 0.267460 0.015930 0.011380
v 0.268718 0.022594 0.004895
v 0.282321 0.015824 0.002069
v 0.298011 0.016893 -0.010010
v 0.311634 0.024506 -0.012954
v -0.098605 0.184880 -0.019370
v 0.306183 -0.000119 0.010632
v -0.002857 0.114598 0.043930
v 0.109704 -0.033804 0.016610
v 0.099971 -0.040995 0.016676
v 0.242387 0.043096 0.013307
v 0.252804 0.055836 0.013355
v 0.278492 0.022534 0.009356
v 0.295230 -0.003889 -0.001957
v 0.214092 0.067481 0.014749
v 0.294308 -0.014604 0.013486
v 0.279706 -0.019366 -0.031116
v 0.118131 -0.034141 -0.027370
v 0.293950 -0.032076 0.029724
v 0.291902 -0.042051 0.043930
v 0.104052 -0.038340 -0.004370
v -0.032787 0.100134 -0.000230
v 0.250450 0.089710 -0.015870
v 0.193619 0.089057 0.042311
v 0.187573 0.085633 0.030197
v 0.329650 -0.168259 0.084630
v -0.148614 0.353160 0.084630
v -0.180990 0.334467 0.084630
v 0.156099 -0.036788 -0.054370
v 0.166858 -0.039907 -0.054370
v 0.249592 -0.131057 0.055630
v 0.238522 -0.116402 0.055630
v -0.136158 0.250266 0.055630
v -0.118562 0.240456 0.055630
v 0.225005 -0.106638 0.055630
v -0.106533 0.227160 0.055630
v 0.332304 -0.191787 0.084630
v 0.181394 -0.103336 -0.019370
v 0.149243 -0.130207 -0.019370
v 0.163600 -0.112895 -0.019370
v 0.254595 0.012234 -0.041797
v 0.272020 0.050042 -0.039124
v 0.027123 0.116631 0.030183
v 0.316611 -0.070859 0.050533
v 0.009632 0.104493 0.031930
v 0.049083 0.283077 -0.054370
v 0.010940 0.242083 -0.054370
v 0.234564 0.079749 0.015899
v 0.295157 0.016255 -0.001973
v 0.308462 0.022302 -0.005753
v -0.123348 0.188464 -0.019370
v -0.103855 0.170190 -0.019370
v 0.283490 -0.021002 0.013949
v 0.011631 0.117354 0.043930
v 0.164619 0.075185 0.043175
v 0.158402 0.071263 0.031956
v 0.279620 0.041494 -0.046006
v 0.297762 0.029118 0.013456
v 0.311651 0.011460 0.011173
v 0.252341 0.068004 0.013274
v 0.298140 -0.004247 -0.010058
v 0.282210 -0.003803 0.001741
v 0.267363 -0.003866 0.011673
v 0.271828 -0.009476 0.006775
v 0.296986 -0.022790 -0.026661
v 0.098570 -0.042286 -0.026571
v -0.041476 0.093194 -0.027370
v 0.110060 -0.035640 -0.026299
v 0.244546 0.036174 -0.027529
v 0.256926 0.050931 -0.028918
v 0.282479 -0.045546 0.042163
v -0.034507 0.098811 -0.015870
v 0.250486 0.089854 -0.003286
v 0.338625 -0.152714 0.084630
v 0.185354 -0.050240 -0.054370
v -0.111587 0.233938 0.055630
v -0.157535 0.331227 0.084630
v -0.141771 0.339811 0.084630
v 0.196840 -0.125674 -0.019370
v 0.170509 -0.108151 -0.019370
v 0.254468 0.026024 -0.041783
v 0.267251 0.041150 -0.043302
v 0.008716 0.115783 0.029247
v 0.316506 -0.064899 0.050412
v 0.312439 0.087787 -0.045952
v 0.024610 0.105367 0.031930
v 0.202388 0.043322 0.031930
v 0.043988 0.290216 -0.054370
v 0.052072 0.271791 -0.054370
v 0.025394 0.239913 -0.054370
v -0.122731 0.199453 -0.019370
v -0.126283 0.180970 -0.019370
v -0.108875 0.161817 -0.019370
v 0.312407 0.011084 0.002891
v 0.025060 0.117682 0.043930
v 0.164319 0.071610 0.031840
v 0.280362 0.050693 -0.039978
v 0.309217 0.025411 0.013165
v 0.242358 0.067921 0.013324
v 0.295470 0.022457 -0.002127
v 0.288363 0.021324 -0.008395
v 0.311088 -0.002325 -0.012368
v 0.278060 -0.004562 0.009307
v 0.268420 -0.003943 0.004820
v 0.281457 -0.009480 0.003154
v 0.267259 -0.010526 0.009498
v 0.299958 -0.009407 -0.007529
v 0.211836 0.043483 0.014599
v -0.031562 0.100554 -0.027370
v 0.251522 0.041893 -0.031930
v 0.281839 -0.044629 0.029896
v 0.272743 -0.047584 0.043930
v 0.118131 -0.034542 -0.004370
v 0.099292 -0.041915 -0.015870
v 0.110051 -0.035788 -0.015870
v 0.250442 0.089563 0.015535
v 0.156604 0.073928 0.043427
v -0.165035 0.344217 0.084630
v 0.166144 0.078471 0.043930
v 0.190783 -0.052186 -0.054370
v 0.182058 -0.130801 -0.019370
v -0.005144 0.112866 0.029812
v -0.035463 0.097956 0.014950
v -0.018050 0.098148 0.032458
v 0.096127 -0.029543 0.015930
v 0.036880 0.295635 -0.054370
v -0.004270 0.256705 -0.054370
v 0.278066 0.017213 0.009332
v 0.268790 0.016077 0.005042
v 0.267186 0.023176 0.011297
v -0.133518 0.172265 -0.019370
v -0.097510 0.198873 -0.019370
v -0.115738 0.154552 -0.019370
v 0.300437 -0.004909 0.011870
v -0.016522 0.109961 0.043930
v 0.241679 0.056231 0.013629
v 0.282113 0.022971 0.001577
v 0.298102 0.022116 -0.010242
v 0.252309 0.042958 0.013285
v 0.308186 -0.002138 -0.003368
v 0.294102 -0.009479 -0.003749
v 0.310574 0.017032 -0.011699
v 0.267078 -0.015886 -0.031390
v 0.250328 0.089491 -0.027001
v 0.295063 -0.031660 0.042310
v 0.289048 -0.039833 0.028365
v 0.099357 -0.041969 -0.000972
v 0.110278 -0.035838 -0.000469
v -0.041739 0.093497 -0.004370
v 0.186123 0.087428 0.042781
v 0.193504 0.085865 0.030628
v 0.319911 -0.183338 0.084630
v 0.196141 -0.052944 -0.054370
v 0.271282 -0.052929 0.043930
v 0.161932 -0.037863 -0.054370
v -0.129622 0.247504 0.055630
v -0.100490 0.214357 0.055630
v 0.210090 -0.101551 0.055630
v 0.342449 -0.176081 0.084630
v 0.351798 -0.159888 0.084630
v 0.360328 -0.143249 0.084630
v 0.174148 -0.137477 -0.019370
v 0.195189 -0.100610 -0.019370
v 0.156535 -0.119706 -0.019370
v 0.510536 0.038829 0.026537
v 0.480998 0.012350 0.029508
v 0.467389 0.027198 0.029263
v 0.438232 -0.000303 0.026551
v 0.312631 -0.146713 0.051658
v 0.296566 -0.161356 0.051763
v -0.258993 0.197332 0.051775
v -0.246165 0.172659 -0.032186
v -0.236488 0.162443 -0.024772
v -0.268373 0.184001 0.051738
v 0.028695 0.334396 -0.054370
v 0.330309 0.034314 -0.015629
v 0.350625 0.086396 -0.027370
v 0.362465 0.063228 -0.022821
v 0.362465 -0.001675 -0.044101
v 0.335823 0.071023 -0.004628
v 0.341319 -0.007595 -0.074370
v 0.393969 0.056365 -0.076037
v 0.347370 0.011599 -0.079370
v 0.339706 0.061377 -0.020784
v 0.341326 0.046430 -0.037165
v 0.342387 0.025228 -0.044935
v 0.324569 0.082775 -0.004370
v -0.159823 0.164981 -0.054370
v -0.180751 0.178208 -0.054370
v -0.185901 0.199360 -0.054370
v -0.146158 0.140024 -0.019370
v -0.210629 0.187746 -0.019370
v 0.196770 -0.188955 -0.054370
v 0.177512 -0.180738 -0.054370
v 0.167670 -0.160509 -0.054370
v 0.183977 -0.212190 -0.019370
v -0.018163 0.331827 -0.079370
v -0.018808 0.336785 -0.084370
v 0.372921 0.049480 0.009906
v 0.407404 -0.030068 0.030996
v 0.410881 -0.012829 0.013385
v 0.408382 -0.009347 0.007515
v 0.410071 0.027126 -0.035418
v 0.423577 0.011728 -0.035034
v 0.423209 -0.014991 0.000307
v 0.422748 -0.004511 0.017249
v 0.410735 0.036218 -0.038993
v 0.420574 0.051595 -0.040377
v 0.406600 0.053313 -0.055751
v 0.396592 -0.011692 -0.026337
v 0.367750 0.045422 -0.001288
v 0.395396 -0.007881 -0.019855
v 0.378651 0.009658 0.021320
v 0.381748 -0.012648 -0.014126
v 0.381362 -0.001231 -0.028815
v 0.101460 -0.326642 0.079630
v 0.199965 -0.287981 0.079630
v 0.273830 -0.238255 0.084630
v 0.315780 -0.180521 0.079630
v 0.042467 0.393924 -0.079370
v -0.211344 0.312644 0.084630
v -0.239374 0.287908 0.084630
v -0.315398 0.182164 0.084630
v 0.349589 -0.118437 0.055630
v 0.305447 -0.194893 0.055630
v 0.257363 -0.246715 0.055630
v 0.184420 -0.296447 0.055630
v 0.051082 0.388349 -0.084370
v -0.259950 0.158376 0.055005
v -0.270499 0.171044 0.054954
v -0.289304 0.189238 0.055630
v -0.207858 0.215346 0.055630
v 0.281379 -0.162260 0.054951
v 0.268737 -0.146938 0.055047
v -0.107231 0.349918 0.055630
v 0.176698 -0.322357 0.084630
v 0.284304 -0.248993 0.084630
v -0.228900 0.277170 0.084630
v 0.309732 -0.221588 0.084630
v -0.201991 0.300917 0.084630
v -0.040048 0.373988 0.084630
v -0.321557 0.107056 0.079630
v -0.249481 0.247647 0.079630
v -0.237768 0.260919 0.079630
v -0.184764 0.307696 0.079630
v -0.170139 0.317667 0.079630
v 0.143541 -0.145853 -0.019370
v 0.267251 -0.002235 -0.043302
v 0.289210 0.078906 0.015420
v 0.096241 0.068433 0.031930
v 0.066129 0.097907 0.032710
v 0.202363 -0.004475 0.031930
v 0.296504 -0.119718 0.051769
v 0.311561 -0.131503 0.051741
v -0.001560 0.286715 -0.054370
v 0.010827 0.296774 -0.054370
v 0.252742 0.015787 0.012873
v 0.255910 0.021036 0.006934
v 0.310781 0.084860 -0.004370
v -0.131099 0.144345 -0.019370
v 0.242017 0.022805 0.013109
v 0.082629 0.097436 0.043930
v 0.065001 0.108658 0.043930
v 0.193076 -0.045791 0.015759
v 0.111316 0.074526 0.043078
v 0.098591 0.081923 0.043414
v 0.280362 -0.011778 -0.039978
v 0.281940 0.041056 0.013316
v 0.267211 0.056961 0.013406
v 0.296223 0.050250 -0.009020
v 0.288652 0.048998 -0.003467
v 0.211867 -0.004508 0.014537
v 0.295273 0.071001 -0.000689
v 0.282162 0.083598 -0.026226
v 0.164713 -0.036297 -0.026472
v 0.251432 -0.003012 -0.031806
v 0.186575 -0.048547 -0.001416
v 0.158004 -0.034621 -0.015870
v 0.269786 -0.131624 0.054916
v 0.281381 -0.118815 0.054957
v 0.145679 -0.137824 -0.019370
v 0.247704 0.027623 -0.035265
v 0.256847 0.037394 -0.039957
v 0.266792 0.026451 -0.048187
v 0.261129 0.046383 -0.037173
v 0.054316 0.111392 0.029619
v 0.234552 -0.043094 0.031930
v 0.039526 0.103747 0.031930
v 0.202302 0.020717 0.031930
v 0.276406 -0.126545 0.051480
v 0.049925 0.258026 -0.054370
v 0.039294 0.245003 -0.054370
v 0.311342 0.085665 -0.027370
v -0.122732 0.199221 -0.054370
v -0.126246 0.181018 -0.054370
v 0.211932 0.021452 0.014516
v 0.038270 0.116668 0.043930
v 0.158300 -0.032729 0.016576
v 0.294701 0.069709 -0.026106
v 0.279706 0.058281 -0.031116
v 0.279451 0.011830 -0.050896
v 0.281513 0.067514 0.013308
v 0.297030 0.056398 0.013640
v 0.311408 0.042049 0.013159
v 0.288390 0.043337 -0.008117
v 0.296046 0.043905 -0.000682
v 0.242232 -0.004092 0.013254
v 0.256000 -0.004490 0.006927
v 0.252867 -0.009489 0.012049
v 0.290598 0.077604 -0.015870
v 0.282050 0.084939 -0.001549
v 0.186215 -0.048027 -0.026514
v 0.242967 0.012452 -0.029401
v 0.192871 -0.050328 -0.015837
v 0.163760 -0.036201 -0.000473
v 0.250398 -0.050129 0.043506
v 0.334234 -0.150323 0.055630
v 0.325383 -0.165652 0.055630
v 0.099277 -0.045057 -0.054370
v -0.043552 0.094528 -0.054370
v -0.025371 0.107274 -0.054370
v 0.113809 -0.037252 -0.054370
v -0.155035 0.326897 0.055630
v 0.307548 -0.120979 0.055038
v -0.139490 0.335362 0.079630
v 0.182022 -0.130836 -0.054370
v 0.247791 0.010782 -0.035271
v 0.266760 0.011552 -0.048081
v 0.041011 0.115071 0.030245
v 0.250426 -0.050378 0.031050
v 0.281656 0.083950 0.015550
v 0.202456 0.017726 0.031930
v 0.053897 0.099438 0.031930
v 0.272299 -0.133295 0.051817
v 0.282954 -0.121416 0.051849
v 0.045913 0.250758 -0.054370
v -0.123381 0.188359 -0.054370
v 0.211787 0.017215 0.014556
v 0.052441 0.113323 0.043930
v 0.164269 -0.033101 0.016513
v 0.118726 0.073982 0.043930
v 0.294849 0.070101 -0.016212
v 0.279410 0.026671 -0.050941
v 0.295894 0.039107 0.013271
v 0.307711 0.052619 0.013162
v 0.267733 0.068008 0.013350
v 0.295163 0.051311 -0.001850
v 0.252552 -0.003931 0.012866
v 0.241372 -0.010469 0.013532
v 0.289944 0.078054 -0.026252
v 0.272993 0.087314 -0.004370
v 0.194379 -0.050299 -0.026530
v 0.242932 0.026099 -0.029418
v 0.267078 0.054801 -0.031390
v 0.187257 -0.048726 -0.015922
v 0.168240 -0.038294 -0.004370
v 0.157249 -0.034694 -0.001235
v 0.325383 -0.165652 0.079630
v 0.334234 -0.150323 0.079630
v -0.034039 0.101867 -0.054370
v 0.107040 -0.039537 -0.054370
v 0.317833 -0.142278 0.055630
v -0.139490 0.335362 0.055630
v 0.314747 -0.130843 0.054793
v 0.296079 -0.116307 0.054969
v -0.155035 0.326897 0.079630
v 0.196590 -0.125686 -0.054370
v 0.328172 -0.082364 0.050156
v 0.524148 0.039622 0.026303
v 0.481050 -0.000474 0.026756
v 0.453449 0.026882 0.029285
v 0.438446 0.012362 0.029526
v 0.281657 -0.158706 0.051792
v 0.272150 -0.146459 0.051698
v -0.235388 0.195018 -0.025048
v -0.246404 0.183288 -0.033674
v -0.257912 0.160710 0.051836
v -0.268360 0.173543 0.051941
v -0.018163 0.331827 -0.054370
v 0.328986 0.076472 -0.027370
v 0.362465 0.056759 -0.030172
v 0.362465 0.011834 -0.047706
v 0.393305 0.075156 -0.074370
v 0.342178 0.005919 -0.074370
v 0.346610 -0.004100 -0.079370
v 0.339139 0.064968 -0.012473
v 0.338258 0.083007 -0.027370
v -0.174109 0.171585 -0.054370
v -0.184024 0.147612 -0.019370
v -0.197843 0.159512 -0.019370
v 0.171645 -0.173102 -0.054370
v 0.159442 -0.198124 -0.019370
v 0.028695 0.334396 -0.079370
v 0.028794 0.339395 -0.084370
v 0.399331 -0.030038 0.030822
v 0.410371 -0.011507 -0.025996
v 0.410005 -0.008058 -0.020120
v 0.424225 -0.002091 -0.031094
v 0.421965 0.011911 0.020165
v 0.423895 -0.014668 -0.014379
v 0.400039 0.053137 -0.055642
v 0.396088 0.036672 -0.039584
v 0.384965 0.050863 -0.039957
v 0.325239 0.036526 0.006640
v 0.368813 0.044194 -0.016384
v 0.338072 0.036251 0.010511
v 0.395230 0.026733 -0.035351
v 0.391343 -0.008829 0.005800
v 0.396865 -0.012684 0.013164
v 0.380890 -0.003142 0.016263
v 0.381044 0.011702 -0.033335
v 0.381489 -0.012833 -0.000543
v 0.118613 -0.322274 0.079630
v 0.168472 -0.304127 0.079630
v 0.342309 -0.134571 0.079630
v 0.079171 0.390145 -0.079370
v -0.254901 0.271832 -0.079370
v -0.323089 0.165121 0.084630
v 0.361693 -0.085181 0.055630
v 0.356056 -0.101960 0.055630
v 0.152161 -0.311003 0.055630
v 0.135528 -0.317057 0.055630
v 0.069463 0.386460 -0.084370
v -0.304659 0.157352 0.055630
v -0.311126 0.140875 0.055630
v -0.271238 0.185856 0.055012
v -0.260573 0.199990 0.054924
v 0.296016 -0.164743 0.054931
v 0.315658 -0.148381 0.054820
v 0.317742 -0.137371 0.055630
v -0.123542 0.343042 0.055630
v 0.159468 -0.329620 0.084630
v 0.374850 -0.108800 0.084630
v -0.057643 0.370432 0.084630
v -0.316763 0.124096 0.079630
v -0.297379 0.173486 0.079630
v -0.280453 0.204567 0.079630
v -0.090598 0.355972 0.079630
v 0.272020 -0.011127 -0.039124
v 0.067398 0.105980 0.024610
v 0.078916 0.098699 0.029812
v 0.213223 -0.028411 0.031930
v 0.305797 -0.123378 0.051922
v 0.025421 0.299003 -0.054370
v -0.007128 0.271773 -0.054370
v 0.256184 0.017637 0.006925
v 0.252533 0.023222 0.012506
v -0.133049 0.172679 -0.054370
v -0.123387 0.148353 -0.019370
v 0.242066 0.016049 0.013318
v 0.073260 0.103431 0.043930
v 0.187450 -0.047274 0.015544
v 0.103628 0.076526 0.043930
v 0.109600 0.072601 0.031852
v 0.099196 0.080325 0.031687
v 0.296984 0.061745 -0.026579
v 0.279620 -0.002579 -0.046006
v 0.267932 0.042878 0.013275
v 0.282827 0.060764 0.013324
v 0.295302 0.044611 -0.009245
v 0.287419 0.044266 -0.003003
v 0.293739 0.066887 0.013920
v 0.282456 0.083586 -0.015865
v 0.291136 0.079807 -0.002520
v 0.272966 0.086913 -0.027370
v 0.157043 -0.034361 -0.026521
v 0.256926 -0.012015 -0.028918
v 0.244546 0.002741 -0.027528
v 0.193556 -0.050532 -0.001200
v 0.163754 -0.036069 -0.015870
v -0.196439 0.323934 0.084630
v 0.090495 -0.053836 -0.054370
v 0.119439 -0.036555 -0.054370
v 0.106821 0.078541 0.043930
v 0.273445 -0.123583 0.055630
v 0.321390 -0.206969 0.084630
v 0.174330 -0.137249 -0.054370
v 0.333780 -0.082230 0.050199
v 0.537707 0.039364 0.026322
v 0.467686 -0.000384 0.026592
v 0.453409 0.012253 0.029692
v 0.438608 0.027385 0.029494
v 0.275476 -0.152886 0.051130
v -0.245782 0.196594 -0.026353
v -0.232742 0.185120 -0.027170
v -0.264649 0.166929 0.051476
v -0.002593 0.333459 -0.054370
v 0.362465 0.026524 -0.047646
v 0.362465 0.066853 -0.005307
v 0.341827 -0.000514 -0.040982
v 0.388452 0.073801 -0.079370
v 0.337196 0.070265 -0.027370
v 0.342321 0.026227 -0.074370
v 0.325921 0.084660 -0.027350
v -0.175085 0.143306 -0.019370
v -0.204812 0.170208 -0.019370
v 0.235720 -0.201013 0.055630
v 0.167118 -0.204156 -0.019370
v 0.144477 -0.172791 -0.019370
v 0.013039 0.334316 -0.079370
v 0.012890 0.339314 -0.084370
v 0.402264 -0.024690 0.039643
v 0.410660 -0.014204 -0.014522
v 0.410499 -0.002652 -0.030724
v 0.422595 -0.007439 -0.019282
v 0.421965 0.026600 0.020229
v 0.422758 -0.013504 -0.027678
v 0.406895 0.066855 -0.043200
v 0.395815 0.057881 -0.047634
v 0.398298 0.041265 -0.060131
v 0.384965 0.041017 -0.046424
v 0.323364 0.039582 0.012994
v 0.368830 0.050182 -0.012054
v 0.369616 0.038952 -0.027292
v 0.338917 0.035768 0.005294
v 0.382920 -0.011959 0.012030
v 0.395301 0.011607 -0.035229
v 0.396534 -0.014693 -0.000003
v 0.396591 -0.004689 0.017621
v 0.379321 -0.007693 0.001374
v 0.381261 0.027157 -0.033365
v 0.135528 -0.317057 0.079630
v 0.153988 -0.315657 0.084630
v 0.152161 -0.311003 0.079630
v 0.286364 -0.225405 0.084630
v 0.356056 -0.101960 0.079630
v 0.361693 -0.085181 0.079630
v 0.371333 -0.069375 0.084630
v -0.225667 0.300626 0.084630
v 0.342309 -0.134571 0.055630
v 0.168472 -0.304127 0.055630
v 0.118613 -0.322274 0.055630
v 0.268300 -0.257065 -0.084370
v 0.087727 0.383656 -0.084370
v -0.297379 0.173486 0.055630
v -0.316763 0.124096 0.055630
v -0.272782 0.198037 0.055340
v 0.308839 -0.158682 0.054921
v -0.090598 0.355972 0.055630
v 0.297359 -0.235607 0.084630
v -0.215742 0.289379 0.084630
v 0.380805 -0.091076 0.084630
v -0.075038 0.366002 0.084630
v -0.311126 0.140875 0.079630
v -0.304659 0.157352 0.079630
v -0.123542 0.343042 0.079630
v 0.261445 -0.269529 -0.079370
v 0.275360 -0.257434 -0.079370
v 0.495696 0.039227 0.026588
v 0.480522 0.027231 0.029355
v 0.467528 0.012582 0.029606
v 0.453274 -0.000342 0.026255
v 0.306840 -0.156557 0.051780
v -0.265711 0.190568 0.051480
v -0.233139 0.171790 -0.026905
v -0.245676 0.160563 -0.025327
v -0.266087 0.164232 0.054130
v 0.013039 0.334316 -0.054370
v 0.362465 0.065156 -0.014188
v 0.362465 -0.012043 -0.039866
v 0.328950 0.076487 -0.004370
v 0.342344 0.011388 -0.044647
v 0.395243 0.037925 -0.076135
v 0.347370 0.027316 -0.079370
v 0.342830 -0.020316 -0.077196
v 0.340541 0.054300 -0.030047
v 0.332809 0.091150 -0.004370
v -0.145877 0.165655 -0.054370
v -0.184165 0.185476 -0.054370
v -0.161674 0.139846 -0.019370
v -0.209100 0.180573 -0.019370
v -0.211123 0.198691 -0.019370
v 0.184674 -0.185636 -0.054370
v 0.225179 -0.207911 0.055630
v 0.210148 -0.213055 0.055630
v 0.195084 -0.214018 -0.019370
v 0.177208 -0.209869 -0.019370
v 0.142452 -0.159887 -0.019370
v -0.002593 0.333459 -0.079370
v -0.002991 0.338443 -0.084370
v 0.389581 0.005736 0.022411
v 0.404779 -0.024611 0.039696
v 0.410529 -0.004595 0.017702
v 0.410770 -0.014819 0.000492
v 0.410204 0.011627 -0.035439
v 0.421865 -0.006503 0.002427
v 0.423476 0.027802 -0.035024
v 0.423011 -0.014040 0.014343
v 0.422348 0.037887 -0.041205
v 0.407850 0.041508 -0.060707
v 0.409946 0.058181 -0.048791
v 0.400036 0.066905 -0.043150
v 0.367777 0.051045 -0.002109
v 0.370894 0.040876 0.015110
v 0.339081 0.035358 -0.016206
v 0.384823 -0.013179 -0.026309
v 0.395659 -0.002606 -0.030510
v 0.396339 -0.014027 -0.014610
v 0.379379 0.029515 0.021416
v 0.380255 -0.006606 -0.016505
v 0.184420 -0.296447 0.079630
v 0.260672 -0.250464 0.084630
v 0.257363 -0.246715 0.079630
v 0.298241 -0.211946 0.084630
v 0.309433 -0.197912 0.084630
v 0.305447 -0.194893 0.079630
v 0.349589 -0.118437 0.079630
v 0.060866 0.392486 -0.079370
v -0.252429 0.274522 0.084630
v 0.315780 -0.180521 0.055630
v 0.199965 -0.287981 0.055630
v 0.101460 -0.326642 0.055630
v 0.032629 0.389318 -0.084370
v -0.321557 0.107056 0.055630
v -0.267267 0.163307 0.055630
v -0.210182 0.207529 0.055630
v -0.249481 0.247647 0.055630
v -0.200261 0.229596 0.055630
v -0.237768 0.260919 0.055630
v 0.272816 -0.155842 0.055088
v -0.184764 0.307696 0.055630
v -0.170139 0.317667 0.055630
v 0.193544 -0.314244 0.084630
v -0.289304 0.189238 0.079630
v -0.107231 0.349918 0.079630
v 0.169847 -0.145540 -0.054370
v 0.348774 0.087827 -0.045937
v 0.538426 -0.001173 0.026752
v 0.510495 0.026251 0.029624
v 0.495048 0.012386 0.029599
v 0.467270 0.039538 0.027005
v 0.044335 0.333697 -0.054370
v 0.324548 0.026900 -0.014655
v 0.340982 0.075151 -0.076923
v 0.341830 0.039302 -0.040998
v 0.191530 -0.246328 -0.079370
v -0.159906 0.165005 -0.019370
v -0.180751 0.178208 -0.019370
v -0.185873 0.199537 -0.019370
v 0.196958 -0.188967 -0.019370
v 0.177481 -0.180721 -0.019370
v 0.167681 -0.160564 -0.019370
v 0.075414 0.329975 -0.079370
v -0.250883 0.185833 -0.084370
v 0.414356 0.073905 0.003700
v 0.406266 0.078949 0.012082
v 0.420396 0.064879 0.012843
v 0.395867 0.053682 0.000213
v 0.397060 0.043695 0.017463
v 0.410021 0.026383 -0.040930
v 0.422634 0.046524 -0.019526
v 0.423662 0.012596 -0.042214
v 0.419715 0.024651 -0.053708
v 0.422683 0.051861 -0.027197
v 0.407732 0.011751 -0.064482
v 0.401597 0.078321 -0.024412
v 0.391610 0.072250 -0.015556
v 0.398328 -0.002408 -0.060126
v 0.395805 -0.019059 -0.047547
v 0.384965 0.063228 -0.022821
v 0.385074 -0.001554 -0.045604
v 0.339392 0.003593 0.005718
v 0.370436 -0.000127 -0.027143
v 0.364594 0.025754 0.000401
v 0.369386 0.010858 0.019781
v 0.330402 0.004510 0.009405
v 0.338951 0.009401 -0.016241
v 0.384189 0.050922 0.011818
v 0.409588 0.053139 -0.014301
v 0.409560 0.041400 -0.030914
v 0.380456 0.046600 0.001165
v 0.370497 -0.011296 -0.013823
v 0.102572 -0.331516 0.084630
v 0.186701 -0.300896 0.084630
v 0.202465 -0.292312 0.084630
v 0.270339 -0.234675 0.079630
v 0.294411 -0.208732 0.079630
v 0.346814 -0.136741 0.084630
v 0.375327 -0.051875 0.084630
v 0.370426 -0.050884 0.079630
v -0.042653 0.388760 0.084630
v -0.114538 0.368535 0.084630
v -0.131768 0.361272 0.084630
v 0.373500 -0.033452 0.055630
v 0.014151 0.389364 -0.084370
v 0.254954 -0.145972 0.055630
v -0.145584 0.252352 0.055630
v 0.322847 -0.075861 0.055630
v 0.338770 -0.060037 0.055630
v -0.172852 0.321867 0.084630
v 0.393276 -0.036433 0.084630
v -0.225409 0.273590 0.079630
v -0.198874 0.297008 0.079630
v -0.039180 0.369064 0.079630
v 0.525001 -0.000412 0.026714
v 0.510261 0.011578 0.029187
v 0.495611 0.026385 0.029451
v 0.480866 0.039111 0.026692
v 0.059921 0.332223 -0.054370
v 0.342039 0.078855 -0.074710
v 0.362465 -0.017767 -0.030226
v 0.346610 0.043015 -0.079370
v 0.396076 0.019458 -0.075759
v 0.178116 -0.254400 -0.079370
v -0.145802 0.165656 -0.019370
v -0.184157 0.185434 -0.019370
v 0.184720 -0.185645 -0.019370
v 0.256038 -0.159976 0.055630
v 0.076255 0.334904 -0.084370
v -0.238143 0.196400 -0.079370
v -0.242279 0.199208 -0.084370
v -0.246612 0.183233 -0.079370
v 0.409351 0.074104 0.018887
v 0.396387 0.052127 0.013327
v 0.391159 0.048210 0.007376
v 0.410151 0.012600 -0.040947
v 0.423296 0.041390 -0.030776
v 0.422936 0.053286 -0.014586
v 0.419723 0.014297 -0.053709
v 0.423390 0.026647 -0.041921
v 0.421078 0.066206 -0.000224
v 0.408069 0.026733 -0.064237
v 0.407123 0.080545 -0.000287
v 0.400177 0.079927 -0.015020
v 0.397330 0.072194 -0.030925
v 0.400042 -0.014194 -0.055663
v 0.396181 0.002612 -0.039559
v 0.384965 0.065565 -0.015041
v 0.384965 -0.011950 -0.039959
v 0.338773 0.003642 0.010233
v 0.369320 -0.004865 -0.016609
v 0.364595 0.013910 -0.000567
v 0.369391 0.028421 0.018673
v 0.330332 0.004876 0.007107
v 0.325673 0.008264 -0.014970
v 0.338627 0.028943 -0.016196
v 0.410713 0.046921 -0.020036
v 0.409831 0.050561 -0.025851
v 0.383012 0.052289 -0.000218
v 0.381835 0.042279 0.016603
v 0.354196 -0.120379 0.084630
v 0.378444 -0.034198 0.084630
v 0.373500 -0.033452 0.079630
v 0.024021 0.394454 -0.079370
v 0.005570 0.394077 -0.079370
v -0.306868 0.198803 0.084630
v 0.370426 -0.050884 0.055630
v 0.294411 -0.208732 0.055630
v 0.270339 -0.234675 0.055630
v 0.194214 -0.250547 -0.084370
v -0.225409 0.273590 0.055630
v -0.198874 0.297008 0.055630
v -0.161278 0.252672 0.055630
v 0.323183 -0.059484 0.055630
v 0.339259 -0.075176 0.055630
v -0.039180 0.369064 0.055630
v -0.326403 0.108290 0.084630
v 0.124030 -0.341526 0.084630
v -0.293695 0.191629 0.084630
v -0.241434 0.264320 0.084630
v -0.187683 0.311755 0.084630
v 0.368019 -0.126205 0.084630
v 0.169743 -0.145799 -0.019370
v 0.340520 -0.075378 0.051236
v 0.323911 -0.057615 0.051368
v 0.324199 0.081743 -0.046156
v 0.538075 0.026566 0.029621
v 0.524793 0.011526 0.029251
v 0.510178 0.000230 0.026935
v 0.438819 0.039346 0.026632
v -0.238143 0.196400 -0.054370
v -0.246612 0.183233 -0.054370
v 0.178116 -0.254400 -0.054370
v 0.362465 0.040531 -0.044131
v 0.341377 -0.006908 -0.037571
v 0.339684 -0.022629 -0.020460
v 0.352979 0.084075 -0.076818
v 0.341319 0.046510 -0.074370
v 0.393969 -0.017450 -0.076037
v 0.253245 -0.174938 0.055630
v 0.242868 -0.193926 0.055630
v 0.147204 -0.180540 -0.019370
v 0.059921 0.332223 -0.079370
v 0.060515 0.337187 -0.084370
v 0.395744 0.072566 0.018181
v 0.409473 0.051896 0.013535
v 0.412852 0.048152 0.007438
v 0.422672 0.053774 0.000612
v 0.422193 0.043881 0.017903
v 0.420553 -0.012684 -0.040416
v 0.409840 0.002995 -0.039019
v 0.420932 0.065768 -0.014363
v 0.406619 -0.014397 -0.055743
v 0.408390 0.073136 -0.031405
v 0.406744 0.079925 -0.015051
v 0.399817 0.080553 -0.000317
v 0.395716 0.050924 -0.026166
v 0.397589 0.026387 -0.063189
v 0.383600 0.024812 -0.040062
v 0.324437 0.014294 0.000900
v 0.338444 0.010039 0.011564
v 0.324110 0.029687 0.012286
v 0.339545 0.023357 -0.001604
v 0.364594 0.009594 -0.016185
v 0.369120 -0.006206 0.000599
v 0.369928 0.026750 -0.032717
v 0.323833 0.000497 -0.014321
v 0.384965 0.066560 -0.000449
v 0.395758 0.046882 -0.019950
v 0.395936 0.012767 -0.041041
v 0.382477 0.040207 -0.028848
v 0.383394 0.051598 -0.014302
v 0.371690 -0.010285 0.009684
v 0.119968 -0.327087 0.084630
v 0.137120 -0.321796 0.084630
v 0.282698 -0.222004 0.079630
v 0.366471 -0.086654 0.084630
v 0.366487 -0.068141 0.079630
v -0.079100 0.380442 0.084630
v -0.266982 0.257881 -0.079370
v -0.335875 0.129991 0.084630
v -0.340939 0.111992 0.084630
v 0.208533 -0.300353 -0.084370
v 0.224267 -0.290665 -0.084370
v -0.283045 0.228177 -0.084370
v 0.239498 -0.280203 -0.084370
v -0.272243 0.243170 -0.084370
v -0.260707 0.257604 -0.084370
v -0.022697 0.386691 -0.084370
v -0.188423 0.241646 0.055630
v -0.171108 0.250685 0.055630
v -0.073683 0.361189 0.055630
v -0.056530 0.365557 0.055630
v 0.105910 -0.346140 0.084630
v -0.315824 0.142585 0.084630
v -0.309267 0.159294 0.084630
v -0.109058 0.354572 0.084630
v 0.385869 -0.073076 0.084630
v 0.390030 -0.054847 0.084630
v -0.212434 0.285630 0.079630
v 0.246953 -0.280926 -0.079370
v 0.339657 -0.059425 0.051131
v 0.322402 -0.077225 0.051567
v 0.338774 0.082376 -0.046172
v 0.537933 0.012134 0.029554
v 0.524486 0.026556 0.029687
v 0.495432 -0.000357 0.026500
v 0.453498 0.039233 0.026718
v 0.075414 0.329975 -0.054370
v 0.191530 -0.246328 -0.054370
v 0.362465 0.050967 -0.039864
v 0.340622 -0.014655 -0.030845
v 0.360950 0.089783 -0.079370
v 0.347428 0.076343 -0.079370
v 0.342830 0.059231 -0.077196
v 0.395243 0.000991 -0.076135
v -0.174084 0.171558 -0.019370
v -0.190754 0.152516 -0.019370
v 0.171810 -0.173386 -0.019370
v 0.248026 -0.186715 0.055630
v 0.153162 -0.190494 -0.019370
v 0.044335 0.333697 -0.079370
v 0.044682 0.338685 -0.084370
v 0.400619 0.078931 0.012080
v 0.409907 0.043261 0.017624
v 0.422244 0.045197 0.001913
v 0.422152 0.052048 0.013560
v 0.422177 0.000903 -0.041323
v 0.420149 0.063943 -0.025167
v 0.409914 -0.019337 -0.048735
v 0.407878 -0.002647 -0.060662
v 0.405229 0.078369 -0.024361
v 0.413944 0.073597 -0.015807
v 0.398156 0.011748 -0.063620
v 0.384892 0.051692 -0.025928
v 0.383342 0.013743 -0.040052
v 0.323970 0.012515 0.012823
v 0.329117 0.025908 0.002101
v 0.339451 0.029643 0.011609
v 0.338878 0.015395 -0.001729
v 0.370399 0.012024 -0.032706
v 0.364594 0.029349 -0.016360
v 0.369986 -0.002596 0.014906
v 0.338385 0.002873 -0.016128
v 0.384965 0.064085 0.011795
v 0.409592 0.053846 -0.000017
v 0.395892 0.053315 -0.014170
v 0.395444 0.041408 -0.030820
v 0.395664 0.026163 -0.041096
v 0.381317 0.045043 -0.016980
v 0.370233 -0.012015 -0.000426
v 0.170528 -0.308685 0.084630
v 0.360754 -0.103670 0.084630
v 0.391615 0.073063 0.002029
v -0.012840 0.392792 -0.079370
v -0.060980 0.385056 0.084630
v -0.096968 0.374930 0.084630
v -0.278361 0.243352 -0.079370
v -0.289012 0.228281 -0.079370
v -0.298908 0.212705 -0.079370
v -0.329920 0.147715 0.084630
v -0.345100 0.093762 0.084630
v 0.366487 -0.068141 0.055630
v 0.282698 -0.222004 0.055630
v -0.293084 0.212664 -0.084370
v 0.254188 -0.268994 -0.084370
v -0.004306 0.388488 -0.084370
v -0.212434 0.285630 0.055630
v -0.177737 0.248150 0.055630
v -0.321541 0.125569 0.084630
v 0.141897 -0.336015 0.084630
v -0.301884 0.175656 0.084630
v -0.125598 0.347600 0.084630
v -0.092190 0.360711 0.084630
v -0.073683 0.361189 0.079630
v -0.056530 0.365557 0.079630
v 0.216377 -0.301514 -0.079370
v 0.231918 -0.291596 -0.079370
v 0.054964 0.111437 0.014950
v 0.108966 0.040707 0.006038
v 0.039930 0.101519 0.015378
v 0.207361 0.022226 0.031930
v 0.096464 0.040613 0.013934
v 0.295923 -0.121826 -0.025288
v 0.307693 -0.132805 -0.026455
v 0.202346 0.020800 0.015830
v 0.234566 -0.040776 0.015898
v 0.177335 0.007640 0.015866
v 0.315179 -0.096695 -0.004370
v 0.301851 -0.083401 -0.004370
v 0.253060 -0.028487 0.013951
v 0.282528 0.084379 0.042207
v 0.158437 -0.032277 0.031874
v 0.164627 -0.036284 0.043204
v 0.297685 0.055759 0.029117
v 0.298127 0.036697 0.039853
v 0.064126 0.107685 -0.027370
v 0.082883 0.096004 -0.027370
v 0.098540 0.081223 -0.026571
v 0.110064 0.074561 -0.026322
v 0.250486 -0.050938 -0.003286
v 0.039821 0.115789 -0.001430
v 0.271186 -0.053154 -0.054370
v 0.196310 -0.052950 0.043930
v 0.185522 0.089237 -0.054370
v -0.016355 0.111525 -0.054370
v 0.318289 -0.202777 -0.084370
v 0.025228 0.239883 0.055630
v 0.052054 0.271632 0.055630
v 0.043726 0.290445 0.055630
v -0.124242 0.207179 -0.054370
v -0.136881 0.223038 -0.054370
v 0.221565 -0.134604 -0.054370
v 0.338774 -0.092624 -0.046172
v 0.480253 0.048206 0.007524
v 0.539206 0.011870 -0.035475
v 0.538646 -0.004504 0.017253
v 0.538960 -0.015014 -0.000335
v 0.523803 0.026875 -0.035467
v 0.524170 0.036224 -0.038835
v 0.524863 -0.012523 0.013445
v 0.509820 -0.008132 -0.020151
v 0.509385 -0.011848 -0.025682
v 0.495020 -0.014624 -0.014003
v 0.495571 -0.002854 -0.030841
v 0.480696 0.051585 0.013406
v 0.481256 0.002936 -0.038990
v 0.466762 0.043523 0.017062
v 0.466651 0.053987 -0.000046
v 0.452230 0.026392 -0.041189
v 0.452436 0.041525 -0.030919
v 0.453161 0.053393 -0.014420
v 0.438726 0.050253 -0.026318
v 0.437987 0.047081 -0.019692
v 0.438677 0.012635 -0.041407
v -0.219295 0.221391 -0.054370
v -0.261538 0.155719 -0.054370
v 0.150167 -0.268496 -0.054370
v 0.281263 -0.160121 -0.054370
v 0.229140 -0.218262 -0.054370
v 0.325488 -0.059844 -0.028704
v 0.362465 -0.026227 -0.014194
v 0.346263 -0.065627 -0.004370
v 0.332809 -0.052235 -0.004370
v 0.328950 -0.037572 -0.004370
v 0.367883 -0.093042 -0.079370
v 0.338843 -0.073036 -0.028702
v 0.390081 -0.054594 -0.074370
v 0.383193 -0.071424 -0.077370
v 0.262163 -0.184919 -0.079370
v 0.224887 -0.175660 -0.019370
v 0.210919 -0.186831 -0.019370
v -0.177776 0.269064 -0.084370
v -0.201561 0.247958 -0.084370
v -0.233021 0.212140 -0.084370
v 0.404778 0.063432 0.039785
v 0.399002 0.055443 0.044262
v 0.400024 -0.027971 -0.043158
v 0.384965 0.053413 0.028599
v 0.384965 0.036733 0.039831
v 0.397421 0.039156 0.026474
v 0.370773 0.013255 0.026248
v 0.382017 0.001513 0.084630
v -0.005559 0.393409 0.084630
v -0.085182 0.378675 -0.079370
v -0.336303 0.128593 -0.079370
v -0.341238 0.110811 -0.079370
v -0.340176 0.092887 -0.084370
v 0.141363 -0.330918 -0.084370
v -0.325151 0.146198 -0.084370
v 0.180586 -0.258747 -0.084370
v 0.294111 -0.149683 -0.084370
v 0.370711 -0.105542 -0.084370
v -0.059094 0.380357 -0.084370
v -0.021677 0.371702 0.055630
v -0.284720 0.207174 0.084630
v -0.264503 0.236827 0.084630
v 0.256274 -0.273729 0.084630
v 0.395601 -0.017880 0.084630
v 0.067229 0.376664 0.084630
v -0.004064 0.373465 0.079630
v 0.114677 -0.344028 -0.079370
v 0.381322 -0.089377 -0.004370
v -0.170085 0.223993 -0.019370
v -0.183071 0.210084 -0.019370
v -0.145925 0.252405 -0.019370
v 0.254951 -0.145957 -0.019370
v 0.324199 -0.093257 -0.046156
v 0.542040 -0.009119 0.007645
v 0.467301 0.048179 0.007296
v 0.538473 0.026455 -0.035529
v 0.538785 0.036241 -0.038674
v 0.538788 -0.013059 0.014173
v 0.523704 0.011178 -0.035310
v 0.524618 -0.004640 0.017230
v 0.524803 -0.015032 -0.000239
v 0.509705 -0.014208 -0.014792
v 0.509094 -0.003116 -0.030678
v 0.495232 -0.008093 -0.020188
v 0.495750 -0.012201 -0.025547
v 0.481029 0.053920 -0.000318
v 0.481299 0.043426 0.017922
v 0.467136 0.003010 -0.038858
v 0.466582 0.051440 0.014005
v 0.452657 0.046864 -0.020004
v 0.452103 0.012545 -0.040965
v 0.452604 0.050524 -0.026573
v 0.439270 0.053109 -0.014901
v 0.439594 0.041868 -0.030438
v 0.439093 0.026723 -0.041184
v -0.208963 0.233153 -0.054370
v -0.162196 0.274654 -0.054370
v -0.149289 0.283514 -0.054370
v -0.254417 0.169662 -0.054370
v 0.164317 -0.261795 -0.054370
v 0.350878 -0.047790 -0.027370
v 0.338950 -0.060055 -0.028303
v 0.362465 -0.024313 -0.022821
v 0.335822 -0.032111 -0.004613
v 0.324593 -0.044031 -0.004370
v 0.326200 -0.072649 -0.028986
v 0.346326 -0.069703 -0.004370
v 0.385341 -0.052796 -0.079370
v 0.210800 -0.232919 -0.079370
v 0.240696 -0.207699 -0.079370
v 0.272022 -0.172757 -0.079370
v 0.289866 -0.147040 -0.079370
v 0.370210 -0.098963 -0.076212
v 0.320390 -0.099269 -0.054370
v 0.217921 -0.183301 -0.019370
v 0.256016 -0.160336 -0.019370
v -0.174648 0.265164 -0.079370
v -0.198060 0.244388 -0.079370
v -0.212637 0.236545 -0.084370
v -0.229030 0.209130 -0.079370
v 0.395808 0.042751 0.048471
v 0.407424 0.068935 0.031036
v 0.406125 0.038421 0.054453
v 0.383741 0.038165 0.025786
v 0.371209 0.026784 0.026226
v 0.232613 -0.272840 0.084630
v 0.246921 -0.262002 0.084630
v 0.380676 -0.016387 0.084630
v 0.390975 0.058712 0.031682
v -0.024164 0.391547 0.084630
v -0.067379 0.383536 -0.079370
v -0.102724 0.372944 -0.079370
v -0.259056 0.255682 0.084630
v -0.276460 0.245884 0.084630
v -0.287375 0.230703 0.084630
v -0.297519 0.214996 0.084630
v -0.330499 0.146112 -0.079370
v -0.345292 0.092807 -0.079370
v 0.105829 -0.341029 -0.084370
v 0.123722 -0.336417 -0.084370
v -0.331045 0.128685 -0.084370
v 0.207417 -0.241680 -0.084370
v 0.220163 -0.232168 -0.084370
v 0.238290 -0.216670 -0.084370
v 0.255351 -0.200005 -0.084370
v 0.265968 -0.188163 -0.084370
v 0.275983 -0.175808 -0.084370
v -0.094679 0.370424 -0.084370
v -0.004064 0.373465 0.055630
v 0.209965 -0.305302 0.084630
v 0.225920 -0.295552 0.084630
v 0.396999 0.000765 0.084630
v 0.084978 0.373988 0.084630
v -0.021677 0.371702 0.079630
v 0.096700 -0.348121 -0.079370
v 0.132430 -0.339057 -0.079370
v 0.376126 -0.105238 -0.004370
v -0.177548 0.218001 -0.019370
v -0.161382 0.252651 -0.019370
v 0.041062 0.115333 0.014950
v 0.250442 -0.050648 0.015535
v 0.281757 0.083594 0.029945
v 0.115277 0.045156 0.013105
v 0.313407 -0.047979 -0.046001
v 0.041897 0.093878 0.003507
v 0.207145 0.016434 0.031930
v 0.053897 0.099438 0.015930
v 0.304666 -0.123486 -0.024370
v 0.295031 -0.133755 -0.032071
v 0.202460 0.017713 0.015830
v 0.177335 0.031363 0.015866
v 0.283117 -0.056692 -0.054370
v 0.308778 -0.089644 -0.004370
v -0.079060 0.317648 -0.079370
v 0.242608 -0.028457 0.013952
v 0.164302 -0.032722 0.031883
v 0.156651 -0.035011 0.043388
v 0.298109 0.043786 0.036346
v 0.072603 0.103159 -0.027370
v 0.099328 0.080802 -0.015870
v 0.079437 0.098811 -0.015870
v 0.067538 0.106251 -0.015870
v 0.053956 0.112073 0.000460
v 0.118131 0.073458 -0.004370
v 0.110102 0.074684 -0.015870
v 0.297751 0.061044 0.043436
v 0.272848 0.086484 0.043930
v 0.166090 -0.039523 0.043930
v -0.002438 0.116224 -0.054370
v 0.190783 0.091101 -0.054370
v 0.010736 0.242200 0.055630
v 0.048992 0.283247 0.055630
v 0.324592 -0.202678 -0.079370
v -0.128930 0.215081 -0.054370
v 0.210870 -0.127785 -0.054370
v 0.013124 0.116673 0.014950
v 0.108966 0.028207 0.006038
v 0.004556 0.093496 -0.001090
v 0.024610 0.105367 0.015930
v 0.207283 0.043418 0.031930
v 0.104788 0.012994 0.014078
v 0.297808 -0.133549 -0.054370
v 0.305070 -0.119680 -0.054370
v 0.177335 0.053458 0.015885
v 0.202396 0.043458 0.015830
v 0.315137 -0.103523 -0.080967
v 0.315069 -0.062650 -0.004023
v 0.299618 -0.073943 -0.004370
v -0.108875 0.161817 0.055630
v -0.095595 0.316883 -0.084370
v -0.135957 0.291721 -0.079370
v 0.267579 -0.027647 0.013953
v 0.118580 -0.035030 0.043930
v 0.298057 0.026688 0.042411
v 0.294854 -0.031159 -0.016259
v 0.272993 -0.048399 -0.004370
v 0.289976 -0.039106 -0.026168
v -0.003636 0.113414 -0.027370
v 0.194336 0.089212 -0.026499
v 0.281582 -0.045084 0.015550
v 0.025722 0.117224 -0.000040
v -0.018356 0.108212 -0.015596
v 0.157249 0.073610 -0.001173
v 0.168240 0.077209 -0.004370
v 0.187276 0.087649 -0.015870
v 0.250426 0.089293 0.031050
v 0.164251 0.072049 0.016494
v 0.090495 -0.053836 0.043930
v 0.074619 0.104780 -0.054370
v 0.107062 0.078444 -0.054370
v 0.329015 -0.187731 -0.084370
v 0.338977 -0.172168 -0.084370
v 0.348149 -0.156127 -0.084370
v 0.039124 0.244891 0.055630
v 0.049908 0.257921 0.055630
v 0.335144 -0.187561 -0.079370
v -0.124242 0.207179 -0.019370
v -0.137043 0.223144 -0.019370
v 0.221477 -0.134522 -0.019370
v 0.321276 -0.061050 -0.047370
v 0.339654 -0.075035 -0.047370
v 0.452939 -0.009160 0.007638
v 0.538092 0.046721 -0.020570
v 0.538499 0.050684 -0.025576
v 0.538886 0.012255 -0.041037
v 0.523761 0.026239 -0.041035
v 0.523501 0.041287 -0.031336
v 0.523418 0.053240 -0.014054
v 0.510319 0.053987 -0.000189
v 0.510470 0.043782 0.017659
v 0.496147 0.002368 -0.038857
v 0.496099 0.051510 0.013357
v 0.481925 -0.014343 -0.014415
v 0.482131 -0.002301 -0.031085
v 0.466816 -0.007899 -0.020544
v 0.467424 -0.011968 -0.025491
v 0.452434 0.027512 -0.035194
v 0.453081 -0.013047 0.013106
v 0.452485 0.035852 -0.038995
v 0.438220 -0.004962 0.017522
v 0.438945 0.012518 -0.035153
v 0.438201 -0.014941 0.000395
v 0.283234 -0.146050 -0.030146
v -0.245154 0.200514 0.051755
v -0.258948 0.171631 -0.028339
v -0.227370 0.185606 0.051658
v -0.273660 0.126860 -0.054370
v 0.105971 -0.284272 -0.054370
v 0.120958 -0.279748 -0.054370
v 0.358870 -0.056885 -0.075077
v 0.342103 -0.039917 -0.074752
v 0.362608 -0.068042 -0.076513
v 0.335903 -0.085331 -0.027157
v 0.325426 -0.097376 -0.027370
v 0.378711 -0.089378 -0.076870
v 0.251713 -0.196576 -0.079370
v -0.145474 0.140136 0.055630
v -0.219690 0.184630 0.055354
v 0.224832 -0.175749 -0.054370
v 0.210805 -0.186873 -0.054370
v 0.183816 -0.212146 0.055630
v -0.033633 0.329422 -0.079370
v -0.050098 0.331122 -0.084370
v -0.186612 0.255067 -0.079370
v -0.278630 0.112014 -0.079370
v 0.400839 0.000550 0.054483
v 0.406822 0.011797 0.056517
v 0.409207 -0.004536 0.050106
v 0.415337 -0.018850 0.033683
v 0.409332 -0.035210 0.018872
v 0.422128 -0.000690 0.027376
v 0.421077 -0.027294 -0.000223
v 0.407093 -0.041641 -0.000293
v 0.397317 -0.033269 -0.030916
v 0.400195 -0.041021 -0.014998
v 0.384965 0.026319 0.042455
v 0.384965 -0.026647 -0.015056
v 0.397259 0.026749 0.029393
v 0.381944 0.012859 0.027291
v 0.243804 -0.258093 0.079630
v 0.377024 0.001762 0.079630
v 0.069094 0.391547 0.084630
v -0.228757 0.297869 -0.079370
v -0.323841 0.163323 -0.079370
v 0.375701 -0.015889 0.055630
v -0.246121 0.155003 0.054960
v -0.226205 0.167529 0.054735
v 0.143500 -0.146138 0.055630
v 0.084110 0.369064 0.055630
v 0.370426 0.089799 0.055630
v -0.004438 0.378451 0.084630
v 0.378444 0.073113 0.084630
v 0.066607 0.371702 0.079630
v 0.373500 0.072368 0.079630
v 0.167098 -0.326529 -0.079370
v 0.301323 -0.231268 -0.079370
v 0.386150 -0.071964 -0.004370
v 0.390133 -0.054334 -0.004370
v -0.170431 0.223785 -0.054370
v -0.183099 0.210029 -0.054370
v -0.207649 0.215971 -0.019370
v 0.391212 0.011581 0.048731
v 0.027135 0.116897 0.014950
v 0.115303 0.023736 0.013100
v 0.234549 0.082013 0.031930
v 0.009632 0.104493 0.015930
v 0.096422 0.012599 0.013934
v -0.122234 0.299256 -0.054370
v 0.192335 0.057458 0.015866
v 0.311696 -0.046450 -0.027370
v 0.297795 -0.061954 -0.004370
v -0.103492 0.170889 0.055630
v 0.316020 -0.072027 -0.004037
v -0.093750 0.312236 -0.079370
v -0.108154 0.306100 -0.079370
v 0.279345 -0.025728 0.013863
v 0.297929 0.012591 0.042431
v 0.294681 -0.030845 -0.026138
v 0.282078 -0.046000 -0.001522
v 0.290602 -0.038693 -0.015586
v -0.017486 0.108428 -0.027370
v 0.186172 0.086915 -0.026575
v 0.011235 0.116705 -0.001472
v -0.000706 0.114352 -0.016144
v 0.163760 0.075116 -0.000522
v 0.192898 0.089247 -0.015870
v 0.250283 0.089049 0.043537
v 0.158340 0.071484 0.016600
v -0.169447 0.341629 -0.079370
v -0.185065 0.331798 -0.079370
v 0.065827 0.109475 -0.054370
v 0.082807 0.099096 -0.054370
v 0.099401 0.083866 -0.054370
v 0.113746 0.076188 -0.054370
v -0.177783 0.330586 -0.084370
v 0.356509 -0.139648 -0.084370
v 0.316495 -0.107005 -0.084370
v 0.171052 -0.107825 0.055630
v 0.003939 0.293054 0.055630
v 0.045983 0.250849 0.055630
v 0.344941 -0.171943 -0.079370
v 0.353959 -0.155862 -0.079370
v 0.362175 -0.139358 -0.079370
v -0.129197 0.215406 -0.019370
v -0.111502 0.233842 -0.019370
v 0.210753 -0.127749 -0.019370
v 0.324409 -0.076001 -0.047370
v 0.336521 -0.060085 -0.047370
v 0.349628 -0.049769 -0.045951
v 0.441580 -0.009306 0.007192
v 0.539010 0.026395 -0.040936
v 0.538564 0.041504 -0.030911
v 0.538132 0.053233 -0.013878
v 0.524428 0.046801 -0.020363
v 0.523627 0.011852 -0.040821
v 0.524081 0.050839 -0.025554
v 0.512654 0.048224 0.007500
v 0.510787 0.051633 0.013359
v 0.511249 0.002874 -0.039062
v 0.495637 0.043473 0.017741
v 0.496095 0.053905 -0.000424
v 0.481942 -0.011835 -0.025725
v 0.481564 -0.008022 -0.020141
v 0.467354 -0.002633 -0.031100
v 0.467719 -0.014184 -0.014212
v 0.453103 -0.004575 0.018129
v 0.452504 0.012289 -0.035498
v 0.452721 -0.014648 0.000522
v 0.439051 0.027165 -0.035203
v 0.437898 -0.012787 0.013493
v 0.438655 0.035771 -0.039037
v 0.283574 -0.156887 -0.025603
v 0.272801 -0.145089 -0.024649
v -0.233816 0.196029 0.051829
v -0.256264 0.161482 -0.024882
v -0.267798 0.174255 -0.024370
v -0.267958 0.141440 -0.054370
v -0.064119 0.322324 -0.054370
v -0.282857 0.096940 -0.054370
v 0.090777 -0.288046 -0.054370
v 0.135703 -0.274485 -0.054370
v 0.340988 -0.036222 -0.076959
v 0.362846 -0.060947 -0.077737
v 0.326581 -0.085424 -0.027135
v 0.373680 -0.099167 -0.004370
v -0.161382 0.139817 0.055630
v -0.209194 0.180906 0.055630
v -0.211089 0.199154 0.055630
v 0.217921 -0.183301 -0.054370
v 0.225098 -0.207967 -0.019370
v 0.210697 -0.212965 -0.019370
v 0.194774 -0.214013 0.055630
v 0.176750 -0.209676 0.055630
v 0.142459 -0.160349 0.055630
v -0.034523 0.334342 -0.084370
v -0.048964 0.326252 -0.079370
v -0.189931 0.258807 -0.084370
v 0.406809 0.027104 0.056524
v 0.420564 0.000640 0.040114
v 0.407538 -0.016650 0.044524
v 0.406282 -0.040026 0.012103
v 0.420403 -0.025936 0.012869
v 0.414476 -0.034871 0.003689
v 0.410833 -0.000387 0.026669
v 0.420893 -0.014754 0.028366
v 0.401621 -0.039412 -0.024414
v 0.391655 -0.033354 -0.015665
v 0.384965 0.012510 0.042445
v 0.384965 -0.024313 -0.022821
v 0.396966 0.011981 0.029282
v 0.382287 0.026523 0.027361
v 0.372617 0.035988 0.024307
v 0.375701 -0.015889 0.079630
v 0.393276 0.075348 0.084630
v 0.087583 0.388760 0.084630
v 0.377024 0.001762 0.055630
v 0.243804 -0.258093 0.055630
v 0.122522 -0.284497 -0.084370
v 0.158707 -0.324545 -0.084370
v -0.318390 0.163395 -0.084370
v 0.294651 -0.231171 -0.084370
v -0.077010 0.375835 -0.084370
v -0.233391 0.159309 0.055050
v 0.066607 0.371702 0.055630
v 0.373500 0.072368 0.055630
v 0.270597 -0.261710 0.084630
v -0.022299 0.376664 0.084630
v 0.375327 0.090790 0.084630
v 0.084110 0.369064 0.079630
v 0.370426 0.089799 0.079630
v 0.149918 -0.333219 -0.079370
v 0.375641 -0.104258 -0.080151
v -0.177711 0.217825 -0.054370
v -0.210182 0.207529 -0.019370
v -0.200572 0.229202 -0.019370
v 0.391288 0.024913 0.049003
v 0.355056 -0.059736 -0.046161
v 0.339601 -0.043644 -0.046132
v 0.537889 0.043585 0.017949
v 0.538060 0.053759 0.000071
v 0.524610 0.003345 -0.039004
v 0.525026 0.048216 0.007273
v 0.523975 0.052334 0.013083
v 0.510165 0.050918 -0.025765
v 0.510156 0.046801 -0.020108
v 0.509227 0.012156 -0.040934
v 0.496436 0.026882 -0.041030
v 0.496487 0.041666 -0.030709
v 0.496284 0.053319 -0.014325
v 0.481853 0.027172 -0.035397
v 0.481511 0.035569 -0.039047
v 0.482442 -0.009226 0.007538
v 0.481473 -0.013070 0.013375
v 0.466941 0.011820 -0.035533
v 0.467685 -0.004569 0.017706
v 0.467781 -0.014845 0.000289
v 0.452499 -0.014371 -0.014197
v 0.452283 -0.002593 -0.030858
v 0.438914 -0.007670 -0.020382
v 0.438042 -0.011817 -0.025978
v 0.308270 -0.146262 -0.026608
v 0.295673 -0.157607 -0.026277
v -0.257414 0.195724 -0.025384
v -0.268164 0.182060 -0.024370
v -0.234987 0.161760 0.051926
v -0.048964 0.326252 -0.054370
v 0.360950 -0.050868 -0.079370
v 0.347428 -0.037428 -0.079370
v 0.090777 -0.288046 -0.079370
v 0.135703 -0.274485 -0.079370
v 0.325328 -0.098652 -0.004370
v -0.175172 0.143343 0.055630
v -0.204864 0.170358 0.055630
v 0.235900 -0.200838 -0.019370
v 0.167171 -0.204201 0.055630
v 0.144487 -0.172838 0.055630
v 0.334349 -0.082706 -0.004104
v -0.064119 0.322324 -0.079370
v -0.080672 0.322381 -0.084370
v -0.267958 0.141440 -0.079370
v -0.278360 0.128565 -0.084370
v -0.283409 0.113484 -0.084370
v -0.282857 0.096940 -0.079370
v 0.399735 0.026883 0.056330
v 0.398963 -0.016591 0.044177
v 0.400647 -0.040044 0.012021
v 0.414559 0.025099 0.050074
v 0.410293 0.011852 0.029455
v 0.421071 0.012427 0.042054
v 0.422076 0.027129 0.029361
v 0.420165 -0.024996 -0.025176
v 0.413873 -0.034750 -0.015821
v 0.405246 -0.039438 -0.024390
v 0.384965 0.002119 0.039807
v 0.384965 -0.014433 0.028662
v 0.384965 -0.025142 0.011863
v 0.397059 -0.000060 0.026559
v 0.377465 0.019458 0.079630
v 0.395601 0.056796 0.084630
v -0.214755 0.309891 -0.079370
v -0.242150 0.285172 -0.079370
v -0.316344 0.180186 -0.079370
v 0.229694 -0.268780 0.055630
v 0.215069 -0.278752 0.055630
v 0.107296 -0.289093 -0.084370
v -0.248464 0.271444 -0.084370
v -0.235546 0.284656 -0.084370
v -0.221984 0.297207 -0.084370
v -0.207813 0.309065 -0.084370
v -0.270850 0.219436 0.055630
v -0.260517 0.233808 0.055630
v -0.232104 0.198310 0.054981
v 0.048994 0.373465 0.055630
v 0.382017 0.037402 0.084630
v 0.031440 0.379346 0.084630
v 0.183928 -0.319002 -0.079370
v 0.288663 -0.244670 -0.079370
v 0.313309 -0.217259 -0.079370
v 0.391491 -0.034091 0.001518
v -0.145620 0.226753 -0.054370
v 0.228694 -0.145662 -0.054370
v -0.019713 0.107433 0.014950
v 0.148964 0.039957 0.006038
v 0.161964 0.039957 0.015138
v -0.001682 0.100074 0.015446
v 0.213223 0.067258 0.031930
v -0.108154 0.306100 -0.054370
v -0.093750 0.312236 -0.054370
v 0.124227 0.026311 0.015443
v 0.143085 0.023278 0.006430
v 0.313114 -0.061968 -0.027166
v 0.301851 -0.073272 -0.027370
v 0.308049 -0.091205 -0.054370
v 0.282478 -0.056365 -0.004370
v -0.098571 0.184966 0.055630
v -0.110227 0.310650 -0.084370
v -0.122234 0.299256 -0.079370
v -0.131502 0.299870 -0.084370
v -0.032032 0.101172 0.043930
v 0.103628 -0.037611 0.043930
v 0.109643 -0.033682 0.031903
v 0.099195 -0.041409 0.031593
v 0.298081 0.001941 0.039740
v 0.297709 -0.017127 0.028839
v 0.294851 -0.030932 0.015009
v 0.272966 -0.047998 -0.027370
v 0.282457 -0.044673 -0.015886
v 0.291141 -0.040918 -0.002501
v 0.024584 0.116957 -0.027370
v 0.156978 0.073268 -0.026455
v 0.013110 0.116818 -0.015322
v -0.002026 0.114146 0.000138
v 0.163754 0.074984 -0.015870
v 0.193517 0.089440 -0.001140
v 0.187459 0.086317 0.015623
v -0.153365 0.350681 -0.079370
v 0.119626 0.075467 -0.054370
v 0.051923 0.114934 -0.054370
v 0.106947 -0.039569 0.043930
v 0.302179 -0.135978 -0.084370
v 0.309556 -0.121888 -0.084370
v -0.145757 0.349005 -0.084370
v 0.149275 -0.130221 0.055630
v 0.163862 -0.112687 0.055630
v 0.181325 -0.103357 0.055630
v -0.001647 0.286597 0.055630
v 0.011009 0.296862 0.055630
v -0.106574 0.227207 -0.019370
v -0.119012 0.240802 -0.019370
v -0.136158 0.250266 -0.019370
v 0.249888 -0.131620 -0.019370
v 0.239087 -0.116962 -0.019370
v 0.225430 -0.106858 -0.019370
v 0.350588 -0.086408 -0.027370
v 0.355628 -0.074484 -0.046149
v 0.325316 -0.042529 -0.046161
v 0.536946 0.048030 0.007655
v 0.495168 0.046942 -0.020393
v 0.538326 0.002858 -0.039023
v 0.538054 0.051910 0.013180
v 0.524433 0.043105 0.017894
v 0.523734 0.053554 0.000430
v 0.509275 0.026514 -0.041210
v 0.509629 0.041474 -0.031101
v 0.510206 0.053224 -0.014068
v 0.496042 0.011754 -0.041149
v 0.496122 0.050898 -0.025465
v 0.481504 -0.004570 0.017004
v 0.481809 0.011863 -0.035386
v 0.481765 -0.014873 -0.000113
v 0.466963 0.035528 -0.039171
v 0.469124 -0.009298 0.007305
v 0.466951 0.027630 -0.035244
v 0.453788 -0.007780 -0.020438
v 0.467793 -0.013074 0.013130
v 0.452486 -0.011747 -0.025624
v 0.438007 -0.014515 -0.013734
v 0.438541 -0.002731 -0.030626
v 0.294566 -0.144346 -0.033575
v 0.305593 -0.155629 -0.024925
v -0.258628 0.185316 -0.029108
v -0.228418 0.170465 0.051733
v -0.245092 0.158375 0.051769
v -0.186612 0.255067 -0.054370
v -0.278630 0.112014 -0.054370
v -0.033633 0.329422 -0.054370
v 0.251713 -0.196576 -0.054370
v 0.360465 -0.098042 -0.027370
v 0.352965 -0.045145 -0.076818
v 0.105971 -0.284272 -0.079370
v 0.120958 -0.279748 -0.079370
v -0.184267 0.147760 0.055630
v -0.197942 0.159624 0.055630
v 0.230823 -0.160446 -0.054370
v 0.159442 -0.198124 0.055630
v 0.326932 -0.083465 -0.004078
v -0.065494 0.327132 -0.084370
v -0.272567 0.143377 -0.084370
v -0.273660 0.126860 -0.079370
v -0.287703 0.098170 -0.084370
v 0.399808 0.011777 0.056343
v 0.395813 -0.003935 0.048444
v 0.395721 -0.033771 0.017807
v 0.414356 0.011387 0.050077
v 0.406197 0.000495 0.054424
v 0.410136 0.026785 0.029468
v 0.422200 0.012215 0.029517
v 0.421077 0.026489 0.042038
v 0.420935 -0.026850 -0.014362
v 0.406777 -0.040998 -0.015072
v 0.408396 -0.034208 -0.031419
v 0.399805 -0.041628 -0.000251
v 0.383151 0.000968 0.025744
v 0.384965 -0.027645 -0.000424
v 0.215069 -0.278752 0.079630
v 0.229694 -0.268780 0.079630
v 0.396999 0.038150 0.084630
v 0.050489 0.393409 0.084630
v -0.200180 0.321210 -0.079370
v 0.377465 0.019458 0.055630
v 0.091861 -0.292927 -0.084370
v 0.137500 -0.279151 -0.084370
v 0.175712 -0.317315 -0.084370
v -0.310779 0.180233 -0.084370
v 0.281799 -0.244447 -0.084370
v 0.306825 -0.217269 -0.084370
v -0.246034 0.203855 0.054905
v -0.223172 0.174318 0.055141
v -0.225210 0.189583 0.054721
v 0.013490 0.379346 0.084630
v 0.380676 0.055302 0.084630
v -0.270850 0.219436 0.079630
v -0.260517 0.233808 0.079630
v 0.048994 0.373465 0.079630
v 0.391049 -0.020058 0.031502
v -0.159790 0.227494 -0.054370
v -0.001432 0.114039 0.014950
v -0.033985 0.098699 0.029812
v 0.161964 0.039957 0.006038
v 0.155328 0.044448 0.013093
v 0.311717 -0.086358 -0.046014
v 0.002526 0.094005 0.005936
v 0.096078 -0.029609 0.031930
v -0.016784 0.095907 0.015930
v -0.135957 0.291721 -0.054370
v 0.143085 0.023278 0.015930
v 0.125232 0.025469 0.006256
v 0.301830 -0.061994 -0.027370
v 0.310766 -0.045966 -0.004370
v 0.314469 -0.072607 -0.027115
v 0.297808 -0.133549 -0.079370
v 0.305070 -0.119680 -0.079370
v 0.301865 -0.083431 -0.054370
v 0.314456 -0.100782 -0.054370
v -0.097531 0.199157 0.055630
v -0.115570 0.154695 0.055630
v -0.042545 0.094028 0.043930
v 0.111097 -0.035625 0.043060
v 0.098636 -0.043001 0.043402
v 0.298113 -0.005248 0.036117
v 0.295285 -0.032052 -0.000595
v 0.282076 -0.044726 -0.026226
v 0.010484 0.116239 -0.027370
v 0.164689 0.075203 -0.026503
v 0.297719 -0.022116 0.043375
v 0.289210 -0.039991 0.015426
v 0.027502 0.117016 -0.015870
v -0.017559 0.108722 0.000460
v 0.158004 0.073536 -0.015870
v 0.186528 0.087442 -0.001534
v 0.193006 0.084668 0.015743
v 0.272085 -0.053038 -0.004370
v -0.025371 0.107274 0.043930
v 0.037114 0.118297 -0.054370
v -0.162000 0.340195 -0.084370
v 0.156651 -0.119560 0.055630
v -0.007139 0.271619 0.055630
v 0.194901 -0.100624 0.055630
v 0.025248 0.299027 0.055630
v -0.100490 0.214358 -0.019370
v -0.129670 0.247545 -0.019370
v 0.210755 -0.101719 -0.019370
v -0.203136 -0.013950 -0.029870
v -0.244988 0.025920 -0.030426
v -0.273660 -0.087945 -0.054370
v -0.093750 -0.273321 -0.054370
v -0.108154 -0.267185 -0.054370
v 0.360367 0.104665 -0.027370
v 0.335860 0.124344 -0.027136
v 0.325435 0.136284 -0.027370
v 0.378880 0.128395 -0.076678
v 0.352201 0.111404 -0.027370
v -0.261538 -0.116804 -0.079370
v -0.122234 -0.260341 -0.079370
v -0.222535 0.085458 -0.054370
v -0.161716 0.079804 -0.002370
v 0.321958 0.116235 -0.002628
v 0.339646 0.097746 -0.003100
v -0.199408 0.027882 0.015930
v -0.241808 -0.025900 0.029756
v -0.246547 -0.016139 0.015563
v -0.231665 -0.032601 0.042122
v -0.227611 0.013312 -0.030616
v -0.215246 0.002448 -0.030633
v -0.222008 0.006422 0.015930
v -0.250813 -0.008094 -0.001913
v -0.111588 -0.195024 0.055630
v -0.337088 0.001513 0.084630
v -0.004438 -0.339536 0.084630
v 0.066607 -0.332787 0.079630
v 0.362595 0.177370 -0.079370
v 0.201037 0.349211 -0.079370
v -0.352535 0.019458 0.084630
v 0.084110 -0.330149 0.055630
v -0.295524 0.004249 0.055630
v -0.264094 0.012583 0.055630
v -0.148090 0.075819 -0.002370
v -0.131502 -0.260955 -0.084370
v -0.258812 -0.133131 -0.084370
v -0.110227 -0.271735 -0.084370
v -0.040974 -0.345063 -0.084370
v 0.364036 0.161688 -0.084370
v -0.190803 -0.113647 0.055630
v -0.325496 0.089799 0.055630
v -0.267771 0.032927 0.055630
v -0.145754 -0.101174 0.055630
v -0.098596 -0.145963 0.055630
v 0.031814 -0.355426 0.084630
v -0.328570 0.072368 0.079630
v -0.348463 -0.035657 -0.079370
v -0.031684 -0.351612 -0.079370
v -0.228461 -0.011608 -0.029870
v -0.194223 0.049272 -0.030097
v -0.181001 0.034643 -0.029870
v -0.187646 0.012248 -0.051182
v -0.217383 0.044950 -0.051162
v -0.220621 -0.026591 0.031930
v -0.155342 0.034315 0.016139
v -0.254417 -0.130747 -0.054370
v 0.326010 0.111556 -0.028942
v 0.385341 0.091711 -0.079370
v 0.338533 0.098913 -0.028341
v 0.346326 0.108618 -0.004370
v -0.267958 -0.102525 -0.079370
v -0.243050 0.079684 -0.054370
v -0.182535 0.085458 -0.002370
v 0.334348 0.121644 -0.004126
v 0.325323 0.137583 -0.004370
v -0.207138 0.003810 0.015930
v -0.244890 -0.002440 -0.028750
v -0.201821 0.012775 -0.032301
v -0.216350 0.025128 -0.033697
v -0.227406 0.025599 0.015930
v -0.247964 -0.017095 -0.015851
v -0.100289 -0.174888 0.055630
v -0.337535 0.019458 0.084630
v 0.031440 -0.340431 0.084630
v 0.342449 0.214996 0.084630
v 0.225920 0.334467 0.084630
v 0.209965 0.344217 0.084630
v 0.184598 0.357597 -0.079370
v 0.097339 0.386907 -0.079370
v 0.048994 -0.334550 0.055630
v -0.300474 0.026888 0.055630
v -0.275030 0.001340 0.055630
v -0.095595 -0.277968 -0.084370
v -0.278360 -0.089650 -0.084370
v 0.105829 0.379944 -0.084370
v 0.348149 0.195042 -0.084370
v -0.330771 0.054804 0.055630
v -0.175085 -0.104391 0.055630
v -0.350672 -0.017880 0.084630
v -0.024164 -0.352632 0.084630
v 0.319911 0.222253 0.084630
v -0.332094 0.037153 0.079630
v -0.345306 -0.053821 -0.079370
v -0.233219 -0.003949 -0.031059
v -0.188039 0.041425 -0.030433
v -0.187690 0.027183 -0.051100
v -0.202629 0.043408 -0.051177
v 0.350612 0.125374 -0.027370
v -0.261538 -0.116804 -0.054370
v -0.122234 -0.260341 -0.054370
v 0.339238 0.112088 -0.028636
v 0.390081 0.093509 -0.074370
v 0.360465 0.136958 -0.027370
v 0.383193 0.110339 -0.077370
v 0.325730 0.098706 -0.028768
v 0.346263 0.104542 -0.004370
v -0.273660 -0.087945 -0.079370
v -0.108154 -0.267185 -0.079370
v -0.093750 -0.273321 -0.079370
v -0.231547 0.084177 -0.054370
v -0.250175 0.074286 -0.054370
v -0.174393 0.084376 -0.002370
v 0.326856 0.122345 -0.004064
v -0.222822 -0.035164 0.043930
v -0.216594 0.013158 -0.033841
v -0.247781 -0.016950 -0.026227
v -0.202261 0.026317 -0.032342
v -0.215603 0.003543 0.015930
v -0.227388 0.013181 0.015930
v -0.250200 -0.009267 -0.015870
v -0.106514 -0.188190 0.055630
v 0.013490 -0.340431 0.084630
v 0.048994 -0.334550 0.079630
v 0.354415 0.193912 -0.079370
v 0.332304 0.230703 0.084630
v 0.115326 0.382778 -0.079370
v -0.300274 0.011345 0.055630
v -0.272567 -0.104461 -0.084370
v -0.340176 -0.053972 -0.084370
v -0.059094 -0.341441 -0.084370
v 0.175712 0.356230 -0.084370
v 0.356509 0.178564 -0.084370
v -0.184105 -0.108746 0.055630
v -0.332094 0.037153 0.055630
v -0.352069 0.000765 0.084630
v -0.005559 -0.354494 0.084630
v 0.329650 0.207174 0.084630
v -0.330771 0.054804 0.079630
v -0.341260 -0.071808 -0.079370
v -0.067854 -0.344503 -0.079370
v 0.328538 0.121222 0.050292
v -0.292146 0.035108 -0.054370
v 0.044335 -0.294782 -0.054370
v -0.149122 0.037181 0.034599
v 0.075414 -0.291060 -0.079370
v -0.154692 -0.038053 -0.054370
v -0.255794 0.067499 -0.054370
v -0.286330 0.081675 -0.079370
v -0.293984 0.066998 -0.084370
v -0.171322 0.064246 0.028930
v -0.157523 0.036787 0.047845
v -0.216298 0.001485 0.031930
v -0.229315 0.012984 0.031930
v -0.203046 -0.000106 0.043969
v -0.229067 0.024946 0.044884
v -0.189666 0.068498 0.041691
v -0.241705 -0.026296 -0.026138
v -0.222838 -0.035534 -0.003370
v -0.231918 -0.032311 -0.015870
v -0.106530 -0.188253 -0.019370
v -0.316763 -0.085181 0.079630
v -0.090598 -0.317057 0.079630
v -0.057643 -0.331516 0.084630
v -0.203840 0.011626 0.055630
v 0.374850 0.147715 0.084630
v 0.325138 0.240849 -0.079370
v 0.232579 0.330065 -0.079370
v 0.159468 0.368535 0.084630
v -0.311126 -0.101960 0.055630
v -0.295524 0.004249 0.005630
v -0.264818 0.013772 0.004941
v 0.014151 -0.350449 -0.084370
v -0.218067 0.029402 0.055630
v -0.176576 0.041558 0.055957
v 0.322844 0.114779 0.055630
v 0.338739 0.098909 0.055630
v 0.361693 0.124096 0.055630
v 0.135528 0.355972 0.055630
v 0.356056 0.140875 0.055630
v -0.275549 0.025644 -0.000410
v -0.042653 -0.349845 0.084630
v 0.346814 0.175656 0.084630
v 0.186701 0.339811 0.084630
v 0.338625 0.191629 0.084630
v 0.202465 0.331227 0.084630
v 0.118613 0.361189 0.079630
v -0.123369 -0.149495 -0.019370
v -0.159937 -0.126090 -0.019370
v -0.184227 -0.108820 -0.019370
v 0.334064 0.121225 0.050012
v -0.220621 -0.026591 0.015930
v -0.290980 0.050720 -0.054370
v -0.135957 -0.252806 -0.054370
v 0.059921 -0.293308 -0.054370
v -0.150719 0.036193 0.047644
v -0.161666 -0.040859 -0.054370
v -0.222535 -0.046542 -0.002370
v -0.291231 0.082662 -0.084370
v -0.289039 0.066255 -0.079370
v -0.158201 0.037522 0.034281
v -0.171194 0.064292 0.043930
v -0.229331 0.025495 0.031930
v -0.204062 0.000865 0.031930
v -0.217641 -0.000201 0.044040
v -0.229222 0.013459 0.044816
v -0.189527 0.068653 0.034854
v -0.231777 -0.032199 -0.026089
v -0.242106 -0.026156 -0.015902
v -0.100637 -0.175908 -0.019370
v -0.122736 -0.160449 -0.019370
v -0.326403 -0.069375 0.084630
v -0.311126 -0.101960 0.079630
v -0.075038 -0.327087 0.084630
v -0.203568 0.026651 0.055630
v -0.217930 0.009456 0.055630
v 0.380805 0.129991 0.084630
v 0.368019 0.165121 0.084630
v 0.124030 0.380442 0.084630
v -0.352535 0.019458 -0.079370
v -0.090598 -0.317057 0.055630
v -0.316763 -0.085181 0.055630
v -0.287301 0.002306 0.004514
v -0.275537 0.013272 -0.000400
v -0.264528 0.024370 0.005034
v -0.147250 -0.036821 -0.054370
v -0.347535 0.019458 -0.084370
v 0.076255 -0.295989 -0.084370
v 0.318289 0.241692 -0.084370
v -0.170998 0.051427 0.055156
v 0.323204 0.098396 0.055630
v 0.339286 0.114052 0.055630
v 0.118613 0.361189 0.055630
v -0.348347 -0.036433 0.084630
v 0.153988 0.354572 0.084630
v 0.354196 0.159294 0.084630
v 0.135528 0.355972 0.079630
v 0.356056 0.140875 0.079630
v 0.361693 0.124096 0.079630
v 0.005009 -0.355136 -0.079370
v 0.023441 -0.355541 -0.079370
v -0.162728 0.051419 0.049764
v -0.126309 -0.142011 -0.019370
v -0.145773 -0.126754 -0.019370
v -0.174905 -0.104331 -0.019370
v -0.218352 0.008317 0.046453
v 0.340697 0.114194 0.051258
v 0.323570 0.096619 0.051281
v -0.234901 -0.019002 0.031930
v -0.289039 0.066255 -0.054370
v -0.150313 0.036499 0.058424
v -0.155974 0.035586 0.076558
v -0.135957 -0.252806 -0.079370
v 0.059921 -0.293308 -0.079370
v -0.174370 -0.045474 -0.054370
v -0.260787 -0.017339 -0.002370
v -0.231361 -0.045290 -0.002370
v -0.262515 0.046275 -0.054370
v -0.290980 0.050720 -0.079370
v -0.295955 0.051217 -0.084370
v -0.168356 0.042029 0.030570
v -0.165337 0.065403 0.043930
v -0.172774 0.054193 0.048385
v -0.200548 0.011326 0.031930
v -0.187985 0.056473 0.031613
v -0.219791 0.030891 0.031930
v -0.231095 -0.030954 0.015628
v -0.243745 -0.007848 0.031040
v -0.191386 0.044770 0.043930
v -0.248223 -0.016885 0.042388
v -0.226569 0.003081 0.043930
v -0.222722 -0.034136 -0.027370
v -0.243288 -0.027901 -0.001369
v -0.097551 -0.160507 -0.019370
v -0.137036 -0.184223 -0.019370
v -0.124242 -0.168264 -0.019370
v -0.333514 -0.034198 0.084630
v -0.309267 -0.120379 0.084630
v -0.224765 0.016992 0.055630
v -0.202757 0.027735 0.046144
v 0.390030 0.093762 0.084630
v 0.385869 0.111992 0.084630
v 0.360328 0.182164 0.084630
v 0.351798 0.198803 0.084630
v 0.335663 0.225690 -0.079370
v 0.193544 0.353160 0.084630
v 0.105910 0.385056 0.084630
v -0.298840 0.025522 0.004359
v -0.276485 0.002517 0.004613
v -0.286804 0.013819 -0.001671
v -0.345691 -0.017441 -0.084370
v -0.022697 -0.347776 -0.084370
v 0.060515 -0.298272 -0.084370
v 0.208533 0.339268 -0.084370
v 0.338977 0.211083 -0.084370
v 0.224267 0.329580 -0.084370
v 0.329015 0.226646 -0.084370
v -0.162157 0.055402 0.055195
v 0.101460 0.365557 0.055630
v -0.340939 -0.073076 0.084630
v -0.079100 -0.341526 0.084630
v 0.366487 0.107056 0.079630
v -0.352082 0.001027 -0.079370
v -0.161673 -0.100936 -0.019370
v -0.217778 -0.014924 -0.029870
v -0.244490 0.012795 -0.030581
v -0.230190 0.038701 -0.051055
v -0.192494 0.002013 -0.050876
v -0.234836 -0.019099 0.015930
v -0.267958 -0.102525 -0.054370
v 0.360465 0.106958 -0.027370
v 0.326465 0.124234 -0.027148
v 0.354748 0.099211 -0.027370
v -0.254417 -0.130747 -0.079370
v -0.154692 0.076968 -0.002370
v -0.255716 -0.028713 -0.002370
v 0.373182 0.138154 -0.004370
v 0.323229 0.096202 -0.002930
v 0.340643 0.114825 -0.002915
v -0.199454 0.010847 0.015930
v -0.231021 -0.030755 0.030102
v -0.243942 -0.007911 0.015805
v -0.242044 -0.026880 0.042388
v -0.227586 0.025171 -0.030693
v -0.206206 0.001269 -0.030679
v -0.221994 0.032508 0.015930
v -0.248592 -0.016981 -0.001171
v -0.097510 -0.159958 0.055630
v -0.335746 -0.016387 0.084630
v -0.022299 -0.337749 0.084630
v 0.084110 -0.330149 0.079630
v 0.369952 0.160445 -0.079370
v 0.375922 0.142633 -0.080065
v 0.321390 0.245884 0.084630
v 0.241369 0.323934 0.084630
v 0.167766 0.365164 -0.079370
v 0.150582 0.371893 -0.079370
v 0.066607 -0.332787 0.055630
v -0.288715 0.000859 0.055630
v -0.267949 0.005796 0.055630
v -0.263859 0.025462 0.055630
v -0.266046 -0.118967 -0.084370
v -0.336057 -0.071985 -0.084370
v -0.077010 -0.336920 -0.084370
v -0.343389 -0.035775 -0.084370
v 0.158707 0.363461 -0.084370
v 0.192334 0.348159 -0.084370
v -0.328570 0.072368 0.055630
v -0.161383 -0.100887 0.055630
v 0.013116 -0.355426 0.084630
v -0.325496 0.089799 0.079630
v -0.049856 -0.348503 -0.079370
v -0.181001 0.004272 -0.029870
v -0.194223 -0.010357 -0.029643
v -0.228461 0.050523 -0.029870
v -0.239252 0.023376 -0.050460
v -0.236564 0.009925 -0.051439
v -0.217011 -0.006213 -0.051148
v 0.355760 0.112768 -0.046178
v 0.339601 0.131356 -0.046132
v -0.245197 -0.119474 0.051763
v -0.228451 -0.131488 0.051741
v -0.289039 -0.027340 -0.054370
v -0.278630 -0.073099 -0.054370
v -0.079060 -0.278733 -0.054370
v -0.033633 -0.290507 -0.054370
v -0.155329 0.004598 0.016144
v 0.367883 0.131958 -0.079370
v -0.231106 0.084263 -0.002370
v -0.174370 0.084389 -0.054370
v 0.105971 0.323187 -0.079370
v 0.091861 0.331842 -0.084370
v -0.165261 -0.026491 0.043930
v -0.195216 0.021673 0.015930
v -0.207140 0.035113 0.015930
v -0.231120 0.069861 0.015601
v -0.244737 0.041208 -0.028819
v -0.222716 0.073052 -0.027370
v -0.247977 0.055976 -0.015870
v -0.243240 0.066774 -0.001322
v -0.136158 -0.211351 0.055630
v -0.119023 -0.201895 0.055630
v -0.332094 0.001762 0.079630
v -0.004064 -0.334550 0.079630
v 0.067229 -0.337749 0.084630
v 0.381456 0.127847 -0.004370
v -0.350672 0.056796 0.084630
v -0.021677 -0.332787 0.055630
v -0.330771 -0.015889 0.055630
v -0.325151 -0.107283 -0.084370
v -0.065494 -0.288217 -0.084370
v -0.287703 -0.059255 -0.084370
v 0.141363 0.369833 -0.084370
v 0.370711 0.144458 -0.084370
v -0.223154 -0.135393 0.055163
v -0.197744 -0.120484 0.055630
v -0.274957 0.037536 0.055630
v 0.050489 -0.354494 0.084630
v -0.333514 0.073113 0.084630
v -0.336335 -0.089574 -0.079370
v -0.085633 -0.339624 -0.079370
v -0.239293 0.015977 -0.050347
v -0.236600 0.028250 -0.051521
v -0.188000 -0.002524 -0.030491
v -0.233242 0.042780 -0.031072
v -0.202449 -0.004472 -0.051170
v 0.354980 0.098099 -0.046091
v 0.325316 0.132471 -0.046161
v -0.234935 -0.122858 0.051942
v -0.286330 -0.042760 -0.054370
v -0.048964 -0.287337 -0.054370
v -0.282857 -0.058025 -0.079370
v -0.064119 -0.283409 -0.079370
v -0.243107 0.079652 -0.002370
v -0.182535 0.085458 -0.054370
v 0.369429 0.137840 -0.076135
v 0.320425 0.138185 -0.054370
v 0.107296 0.328008 -0.084370
v 0.090777 0.326961 -0.079370
v -0.165261 -0.026491 0.028930
v -0.195209 0.017312 0.015930
v -0.242006 0.064971 0.015518
v -0.247781 0.055866 -0.026227
v -0.215668 0.035354 0.015930
v -0.231880 0.071801 -0.000982
v -0.250198 0.048182 -0.015981
v -0.129800 -0.208686 0.055630
v -0.330771 -0.015889 0.079630
v -0.021677 -0.332787 0.079630
v 0.084978 -0.335073 0.084630
v 0.376468 0.143179 -0.004370
v 0.133088 0.377770 -0.079370
v -0.352069 0.038150 0.084630
v -0.004064 -0.334550 0.055630
v -0.332094 0.001762 0.055630
v -0.331045 -0.089770 -0.084370
v -0.080672 -0.283466 -0.084370
v -0.094679 -0.331509 -0.084370
v -0.283409 -0.074568 -0.084370
v 0.123722 0.375333 -0.084370
v -0.204735 -0.131183 0.055630
v -0.330397 0.090790 0.084630
v -0.330542 -0.107077 -0.079370
v -0.103151 -0.333878 -0.079370
v -0.203136 0.052865 -0.029870
v -0.178507 0.026336 -0.029870
v -0.218733 0.027305 -0.052370
v -0.201806 0.015189 -0.052370
v 0.321276 0.113950 -0.047370
v 0.339654 0.099965 -0.047370
v -0.155529 0.031825 0.015545
v -0.152732 0.006825 0.015930
v -0.267821 -0.135431 -0.024370
v -0.256250 -0.122574 -0.024882
v 0.090777 0.326961 -0.054370
v -0.282857 -0.058025 -0.054370
v -0.064119 -0.283409 -0.054370
v 0.362830 0.099879 -0.077720
v -0.286330 -0.042760 -0.079370
v -0.048964 -0.287337 -0.079370
v -0.154692 0.076968 -0.054370
v -0.255788 -0.028587 -0.054370
v 0.321884 0.140498 -0.081125
v 0.122522 0.323413 -0.084370
v -0.171225 -0.025361 0.028930
v -0.246541 0.055097 0.015595
v -0.189649 -0.029750 0.041835
v -0.215303 0.036491 -0.030560
v -0.241705 0.065212 -0.026138
v -0.189132 0.013182 -0.030891
v -0.250788 0.047010 -0.002081
v -0.231917 0.071223 -0.015854
v -0.222882 0.074472 -0.003347
v -0.332535 0.019458 0.079630
v 0.031315 -0.335432 0.079630
v 0.013615 -0.335432 0.055630
v -0.318390 -0.124480 -0.084370
v -0.112055 -0.325223 -0.084370
v -0.034523 -0.295427 -0.084370
v -0.293984 -0.028083 -0.084370
v -0.233392 -0.120394 0.055050
v -0.295524 0.034666 0.055630
v -0.337088 0.037402 0.084630
v 0.087583 -0.349845 0.084630
v -0.137234 -0.319838 -0.079370
v -0.120365 -0.327277 -0.079370
v -0.178617 0.011797 -0.029870
v -0.217779 0.053839 -0.029870
v -0.203474 0.026615 -0.052370
v -0.229547 -0.000488 -0.051032
v -0.216356 0.010216 -0.052370
v -0.193204 0.037557 -0.050873
v 0.324409 0.098999 -0.047370
v 0.336521 0.114916 -0.047370
v 0.350263 0.124376 -0.046028
v -0.220683 0.065500 0.015930
v -0.234892 0.057945 0.015930
v -0.152732 0.032180 0.015930
v -0.258927 -0.132702 -0.028344
v 0.105971 0.323187 -0.054370
v -0.155534 0.007080 0.015542
v 0.358893 0.095868 -0.075077
v 0.362773 0.106958 -0.076678
v -0.289039 -0.027340 -0.079370
v -0.278630 -0.073099 -0.079370
v -0.079060 -0.278733 -0.079370
v -0.033633 -0.290507 -0.079370
v -0.222535 0.085458 -0.002370
v -0.162039 0.079956 -0.054370
v -0.171291 -0.025346 0.043930
v -0.189650 -0.029917 0.034930
v -0.243876 0.046790 0.015763
v -0.231736 0.071129 -0.026072
v -0.206436 0.037497 -0.030823
v -0.188738 0.025356 -0.031054
v -0.242150 0.065029 -0.015870
v -0.248590 0.055895 -0.001160
v 0.013615 -0.335432 0.079630
v 0.049368 -0.339536 0.084630
v 0.390154 0.093142 -0.004370
v 0.386215 0.110615 -0.004370
v -0.348347 0.075348 0.084630
v 0.031315 -0.335432 0.055630
v -0.332535 0.019458 0.055630
v -0.147462 0.075760 -0.054370
v -0.129095 -0.318077 -0.084370
v -0.050098 -0.292207 -0.084370
v -0.291231 -0.043747 -0.084370
v 0.323697 0.143921 -0.084370
v -0.246022 -0.116090 0.054960
v -0.226163 -0.128685 0.054735
v -0.288685 0.038065 0.055630
v -0.335746 0.055302 0.084630
v 0.069094 -0.352632 0.084630
v -0.323896 -0.124274 -0.079370
v -0.062661 -0.036476 -0.015934
v 0.047221 0.047396 0.006201
v 0.050461 0.056286 0.014922
v 0.044981 0.056286 0.005881
v 0.025454 -0.015130 -0.029870
v -0.011752 0.025969 -0.029870
v 0.316479 0.109198 0.050503
v -0.005537 0.010211 -0.031617
v 0.041385 0.044476 0.013390
v 0.009882 -0.065618 0.031930
v 0.081015 0.082446 0.015930
v 0.262163 0.223834 -0.054370
v -0.055515 0.003348 0.076807
v -0.051004 0.008603 0.074601
v -0.129002 0.035146 0.075046
v -0.077258 0.002255 0.058342
v -0.076399 0.009694 0.047169
v -0.057897 0.010158 0.034416
v -0.057419 0.029329 0.047977
v -0.076013 0.029245 0.035129
v -0.049932 0.029696 0.058168
v -0.103944 0.036573 0.047840
v -0.085355 0.037165 0.034589
v -0.117528 0.036483 0.059833
v -0.219295 -0.182476 -0.079370
v -0.186612 -0.216152 -0.079370
v 0.196958 0.164582 -0.019370
v 0.167676 0.199480 -0.019370
v 0.254981 0.184966 0.055630
v -0.028944 -0.020335 0.028930
v -0.048869 0.001213 0.034121
v 0.030852 0.033048 0.015930
v 0.009145 0.011202 0.015930
v -0.023655 -0.025575 0.031930
v -0.041732 -0.044881 0.015522
v 0.011631 -0.078439 0.043930
v 0.027296 -0.077712 0.029977
v -0.071007 -0.034318 -0.026726
v -0.041476 -0.054279 -0.027370
v -0.055653 -0.040328 -0.026112
v 0.014056 0.000704 -0.030550
v -0.034507 -0.059895 -0.015870
v -0.185887 -0.160449 -0.019370
v -0.159906 -0.188549 -0.019370
v -0.198874 -0.258093 0.079630
v -0.172852 -0.282952 0.084630
v -0.157535 -0.292312 0.084630
v -0.141771 -0.300896 0.084630
v -0.165127 -0.239790 -0.084370
v -0.152015 -0.248790 -0.084370
v -0.250883 -0.146918 -0.084370
v 0.153240 0.229543 0.055630
v 0.183633 0.251012 0.055630
v -0.035244 -0.002419 0.049545
v -0.045459 -0.012104 0.049324
v -0.180751 -0.139293 -0.019370
v -0.103553 -0.131797 -0.019370
v -0.131345 -0.105306 -0.019370
v 0.247927 0.225789 -0.019370
v 0.312707 0.126200 -0.046013
v 0.081015 -0.043531 0.015930
v 0.039526 -0.064832 0.015930
v -0.042237 0.084656 0.015440
v -0.054467 0.034386 0.016088
v -0.104538 0.031830 0.015558
v -0.081877 0.006798 0.015930
v -0.233849 -0.157100 0.051808
v 0.283527 0.195783 -0.025599
v 0.307693 0.171716 -0.026451
v 0.295860 0.160724 -0.025285
v 0.272765 0.183912 -0.024641
v 0.135703 0.313400 -0.054370
v -0.129927 0.004568 0.016134
v 0.314408 0.139761 -0.054370
v 0.301865 0.122346 -0.054370
v 0.221649 0.173603 -0.054370
v 0.210494 0.140571 -0.019370
v 0.194898 0.139535 0.055630
v 0.142454 0.199068 0.055630
v 0.038253 0.012558 0.031930
v -0.023513 0.064344 0.031930
v 0.012989 0.036982 0.031930
v 0.038885 0.025576 0.044904
v 0.024916 0.039338 0.044090
v 0.054563 -0.072661 0.014950
v -0.070961 0.073242 -0.026676
v -0.055655 0.079243 -0.026147
v 0.064126 -0.068770 -0.027370
v 0.082883 -0.057089 -0.027370
v 0.039821 -0.076874 -0.001430
v -0.062717 0.075371 -0.015870
v -0.211091 -0.160331 0.055630
v -0.161280 -0.213741 0.055630
v -0.241434 -0.225405 0.084630
v -0.215742 -0.250464 0.084630
v 0.297359 0.274522 0.084630
v 0.270597 0.300626 0.084630
v -0.016353 -0.072606 -0.054370
v 0.195944 0.091849 0.043930
v 0.270817 0.092033 -0.054370
v -0.209164 -0.141886 0.055630
v 0.243804 0.297008 0.055630
v 0.294411 0.247647 0.055630
v 0.144573 0.212028 -0.019370
v 0.087057 -0.037427 0.015930
v 0.072744 -0.050365 0.015930
v 0.053897 -0.060523 0.015930
v -0.031368 0.086437 0.015930
v -0.047975 0.070397 0.015930
v -0.081872 0.032158 0.015930
v -0.104525 0.007082 0.015555
v -0.227375 -0.146711 0.051658
v -0.245134 -0.161631 0.051777
v 0.295048 0.172644 -0.032055
v 0.283226 0.184997 -0.030135
v 0.304668 0.162397 -0.024370
v 0.120958 0.318663 -0.054370
v -0.079130 0.034320 0.016152
v 0.282308 0.095231 -0.054370
v 0.308049 0.130120 -0.054370
v 0.210839 0.166684 -0.054370
v 0.225007 0.145548 -0.019370
v 0.181232 0.142311 0.055630
v 0.143502 0.184966 0.055630
v 0.038252 0.026022 0.031930
v 0.024505 0.037456 0.031930
v -0.023436 0.064265 0.043930
v 0.038473 0.013332 0.045023
v 0.011919 0.037883 0.043930
v 0.041062 -0.076418 0.014950
v -0.062655 0.075235 -0.026364
v 0.072603 -0.064244 -0.027370
v 0.053956 -0.073158 0.000460
v 0.067542 -0.067344 -0.015322
v 0.079437 -0.059895 -0.015870
v -0.049793 0.085481 -0.002714
v -0.055827 0.079351 -0.015870
v -0.069143 0.073583 -0.015870
v -0.145323 -0.213393 0.055630
v -0.001955 -0.077432 -0.054370
v -0.219697 -0.145758 0.055354
v 0.243804 0.297008 0.079630
v 0.294411 0.247647 0.079630
v -0.255084 -0.232716 -0.079370
v -0.228985 -0.258747 -0.079370
v 0.171605 0.211975 -0.054370
v -0.055827 -0.040437 -0.015803
v -0.069072 -0.034678 -0.015870
v 0.050399 0.047396 0.014893
v 0.047250 0.056286 0.006116
v 0.010910 -0.013332 -0.029870
v -0.011934 0.014010 -0.029870
v 0.316689 0.103204 0.050448
v -0.004965 0.027712 -0.031886
v 0.001856 0.036538 -0.050620
v 0.039060 -0.000761 -0.051014
v 0.043753 0.046167 0.005145
v 0.024610 -0.066451 0.031930
v 0.087057 0.076342 0.015930
v -0.030896 -0.047916 0.015930
v 0.072744 0.089281 0.015930
v -0.048006 -0.031447 0.015930
v -0.229030 -0.170215 -0.054370
v 0.210800 0.271833 -0.054370
v -0.174648 -0.226249 -0.054370
v 0.272022 0.211672 -0.054370
v -0.056693 0.002349 0.058181
v -0.078382 0.003299 0.076884
v -0.050990 0.031038 0.075778
v -0.083770 0.036197 0.047395
v -0.057429 0.009623 0.047861
v -0.049944 0.009209 0.058118
v -0.075888 0.009354 0.035240
v -0.076321 0.029260 0.047033
v -0.057855 0.028740 0.034434
v -0.103688 0.037284 0.034425
v -0.130386 0.036447 0.058155
v -0.246612 -0.144318 -0.079370
v -0.238143 -0.157485 -0.079370
v -0.208963 -0.194238 -0.079370
v -0.162196 -0.235739 -0.079370
v -0.149289 -0.244599 -0.079370
v 0.182039 0.169730 -0.019370
v 0.169785 0.184604 -0.019370
v 0.256013 0.199235 0.055630
v -0.030693 -0.018235 0.045770
v -0.049450 0.001784 0.047690
v 0.030879 0.005884 0.015930
v 0.009021 0.027417 0.015930
v -0.023436 -0.025349 0.043930
v 0.008347 -0.076808 0.029633
v 0.025060 -0.078767 0.043930
v -0.062698 -0.036305 -0.026364
v -0.031562 -0.061639 -0.027370
v 0.023588 0.002446 -0.030589
v -0.049670 -0.046690 -0.002492
v -0.145715 -0.187874 -0.019370
v -0.293695 -0.152714 0.084630
v -0.274981 -0.183338 0.084630
v -0.187683 -0.272840 0.084630
v -0.198874 -0.258093 0.055630
v -0.189931 -0.219892 -0.084370
v -0.223133 -0.185681 -0.084370
v -0.242279 -0.160293 -0.084370
v 0.147302 0.219671 0.055630
v 0.176988 0.248692 0.055630
v 0.194783 0.252923 0.055630
v -0.306868 -0.159888 0.084630
v -0.165035 -0.305302 0.084630
v -0.184200 -0.146628 -0.019370
v -0.108875 -0.122902 -0.019370
v -0.123387 -0.109438 -0.019370
v 0.253042 0.214432 -0.019370
v 0.242965 0.232727 -0.019370
v 0.225430 0.246695 -0.019370
v 0.210832 0.251827 -0.019370
v 0.050461 0.068986 0.014922
v 0.044981 0.068986 0.005854
v 0.047260 0.084649 0.006088
v 0.041672 0.042875 -0.031332
v 0.025437 0.045201 -0.051229
v -0.002781 -0.002200 -0.030323
v 0.048259 0.013621 -0.050859
v 0.045222 0.030681 -0.051802
v 0.024838 0.024860 -0.033927
v -0.002697 -0.062776 0.031930
v -0.219295 -0.182476 -0.054370
v -0.186612 -0.216152 -0.054370
v 0.073465 0.052458 0.015030
v -0.051291 0.003430 0.076948
v -0.055589 0.008307 0.075977
v -0.082577 0.035185 0.077105
v -0.077910 0.030962 0.075627
v -0.076794 0.009605 0.057978
v -0.077366 0.002315 0.047398
v -0.049441 0.009223 0.035172
v -0.057416 0.001680 0.034463
v -0.049709 0.029637 0.047238
v -0.057113 0.029574 0.058051
v -0.104127 0.036442 0.058155
v -0.130845 0.037291 0.034419
v -0.117533 0.035742 0.044463
v 0.082208 0.039337 0.015261
v 0.064465 0.042208 0.004930
v 0.249863 0.170486 0.055630
v 0.238978 0.155771 0.055630
v 0.163732 0.151707 -0.019370
v 0.149140 0.169367 -0.019370
v 0.262163 0.223834 -0.079370
v 0.016148 0.004071 0.015930
v -0.016641 -0.069677 0.028169
v -0.002857 -0.075683 0.043930
v -0.068989 -0.034546 0.015292
v -0.055745 -0.040321 0.015293
v -0.062949 -0.036515 -0.001820
v 0.011072 0.011677 -0.031668
v -0.049854 -0.045968 -0.027370
v -0.032848 -0.061176 -0.000392
v -0.183091 -0.171119 -0.019370
v -0.170369 -0.184910 -0.019370
v -0.284720 -0.168259 0.084630
v -0.177776 -0.230149 -0.084370
v -0.233021 -0.173225 -0.084370
v 0.254188 0.307909 -0.084370
v 0.306825 0.256184 -0.084370
v -0.045200 -0.015865 0.055158
v -0.031579 -0.002801 0.055069
v 0.159442 0.237039 0.055630
v -0.180990 -0.295552 0.084630
v 0.224749 0.214745 -0.019370
v 0.210753 0.225804 -0.019370
v 0.025662 0.007466 0.046547
v 0.081015 0.082446 0.031930
v 0.009409 -0.065543 0.015930
v 0.150167 0.307411 -0.054370
v 0.191530 0.285243 -0.054370
v 0.281263 0.199036 -0.054370
v -0.052513 0.004573 0.016173
v -0.054776 0.007086 0.015452
v -0.079054 0.031830 0.015546
v 0.210918 0.166725 -0.019370
v 0.254948 0.184880 -0.019370
v 0.316047 0.110993 -0.004032
v 0.294111 0.188598 -0.084370
v 0.180586 0.297662 -0.084370
v 0.027639 0.031697 0.031930
v 0.035634 0.036434 0.031930
v -0.032510 -0.029240 0.031152
v -0.019758 -0.015826 0.030951
v 0.009816 0.010973 0.031930
v 0.011040 0.027308 0.045888
v -0.017771 -0.005572 0.043930
v -0.043245 -0.031462 0.043930
v 0.026711 -0.078001 0.014950
v -0.048622 -0.044733 0.031378
v -0.017486 -0.069513 -0.027370
v -0.000707 -0.075442 -0.015870
v 0.011325 -0.077797 -0.001150
v -0.249481 -0.208732 0.079630
v -0.237768 -0.222004 0.079630
v 0.309732 0.260503 0.084630
v 0.256274 0.312644 0.084630
v -0.212434 -0.246715 0.055630
v -0.072318 0.075685 -0.054370
v 0.082807 -0.060181 -0.054370
v 0.066052 -0.070454 -0.054370
v -0.058988 0.080458 -0.054370
v -0.293084 -0.173749 -0.084370
v -0.177783 -0.291670 -0.084370
v -0.130627 -0.105624 0.055630
v -0.103874 -0.131233 0.055630
v 0.247753 0.226075 0.055630
v -0.299011 -0.173619 -0.079370
v -0.289133 -0.189186 -0.079370
v -0.185366 -0.292682 -0.079370
v -0.169774 -0.302520 -0.079370
v 0.171693 0.212120 -0.019370
v 0.183955 0.251091 -0.019370
v 0.153090 0.229365 -0.019370
v 0.297718 0.100917 -0.004370
v 0.025758 0.031595 0.046401
v 0.087057 0.076342 0.031930
v -0.031444 -0.047455 0.031930
v 0.072744 0.089281 0.031930
v 0.024610 -0.066451 0.015930
v -0.054775 0.031817 0.015456
v -0.104498 0.034325 0.016147
v 0.164317 0.300710 -0.054370
v 0.178116 0.293315 -0.054370
v 0.297808 0.172464 -0.054370
v 0.305070 0.158595 -0.054370
v -0.079046 0.007097 0.015547
v 0.310511 0.127167 -0.027370
v 0.221389 0.173356 -0.019370
v 0.256032 0.198970 -0.019370
v 0.315009 0.101503 -0.004017
v 0.289866 0.185955 -0.079370
v 0.027667 0.007212 0.031930
v -0.018013 -0.005654 0.030298
v -0.045341 -0.031859 0.031334
v 0.009743 0.027595 0.031930
v 0.035753 0.036302 0.043930
v 0.011196 0.011301 0.045856
v -0.019681 -0.015866 0.043930
v -0.032453 -0.029258 0.043930
v -0.048772 -0.045364 0.043930
v 0.013124 -0.077757 0.014950
v -0.003636 -0.074499 -0.027370
v -0.018354 -0.069292 -0.015870
v 0.025722 -0.078309 -0.000040
v -0.212434 -0.246715 0.079630
v -0.237768 -0.222004 0.055630
v -0.249481 -0.208732 0.055630
v 0.074619 -0.065865 -0.054370
v 0.090495 0.092751 0.043930
v -0.066349 0.076747 -0.054370
v -0.283045 -0.189262 -0.084370
v -0.108875 -0.122902 0.055630
v -0.123387 -0.109438 0.055630
v 0.253164 0.214102 0.055630
v 0.210184 0.251975 0.055630
v 0.224891 0.246983 0.055630
v 0.242627 0.233133 0.055630
v 0.309433 0.236827 0.084630
v 0.232613 0.311755 0.084630
v 0.298241 0.250861 0.084630
v 0.246921 0.300917 0.084630
v 0.195286 0.252953 -0.019370
v 0.176889 0.248650 -0.019370
v 0.147461 0.220024 -0.019370
v 0.299613 0.112814 -0.004370
v -0.016784 -0.056992 0.015930
v -0.052078 0.031890 0.015724
v 0.289866 0.185955 -0.054370
v -0.079161 0.004602 0.016141
v 0.314100 0.111209 -0.027128
v 0.301857 0.100648 -0.027370
v 0.315179 0.135610 -0.004370
v 0.301851 0.122316 -0.004370
v 0.156480 0.158669 0.055630
v 0.305070 0.158595 -0.079370
v 0.297808 0.172464 -0.079370
v 0.285371 0.201886 -0.084370
v 0.194214 0.289462 -0.084370
v 0.178116 0.293315 -0.079370
v 0.164317 0.300710 -0.079370
v 0.024530 0.001458 0.031930
v 0.001811 0.024879 0.031930
v 0.001836 0.013782 0.043930
v 0.011837 0.001078 0.043930
v -0.042545 -0.055113 0.043930
v -0.034273 -0.059569 0.030183
v -0.001913 -0.075007 0.014950
v -0.061747 -0.031327 0.030803
v 0.010484 -0.077324 -0.027370
v -0.017863 -0.069667 0.000460
v 0.027503 -0.078106 -0.015575
v 0.228686 0.184581 -0.019370
v 0.013105 0.012160 0.055630
v -0.225409 -0.234675 0.055630
v -0.071977 -0.036791 0.043930
v 0.037619 -0.079302 -0.054370
v -0.025371 -0.068359 0.043930
v 0.272213 0.091969 -0.004370
v -0.058442 -0.041874 0.043930
v -0.193067 -0.281285 -0.084370
v -0.302336 -0.157754 -0.084370
v -0.162000 -0.301280 -0.084370
v -0.115785 -0.115596 0.055630
v 0.025463 0.030786 0.055630
v 0.235622 0.239992 0.055630
v 0.270339 0.273590 0.055630
v 0.217782 0.321867 0.084630
v 0.286364 0.264320 0.084630
v 0.184811 0.224636 -0.019370
v 0.167011 0.243005 -0.019370
v -0.003155 -0.062638 0.015930
v -0.129882 0.034347 0.016139
v -0.054467 0.004538 0.016091
v -0.052084 0.007028 0.015724
v 0.301844 0.112035 -0.027370
v 0.313817 0.101039 -0.027140
v 0.308845 0.128602 -0.004370
v 0.249637 0.170044 -0.019370
v 0.238614 0.155397 -0.019370
v 0.163734 0.151709 0.055630
v 0.149261 0.169132 0.055630
v 0.309556 0.160803 -0.084370
v 0.302179 0.174893 -0.084370
v 0.281263 0.199036 -0.079370
v 0.191530 0.285243 -0.079370
v 0.166568 0.305175 -0.084370
v 0.150167 0.307411 -0.079370
v 0.152194 0.311981 -0.084370
v 0.013084 0.001910 0.031930
v 0.001869 0.013610 0.031930
v 0.001854 0.024921 0.043930
v 0.024658 -0.000396 0.044093
v -0.018624 -0.069019 0.014950
v -0.032032 -0.062257 0.043930
v -0.055567 -0.040137 0.029241
v -0.070722 -0.034123 0.030372
v 0.024584 -0.078042 -0.027370
v -0.002026 -0.075231 0.000138
v 0.013111 -0.077893 -0.015870
v 0.230834 0.199395 -0.019370
v -0.225409 -0.234675 0.079630
v 0.025423 0.008107 0.055630
v 0.012795 0.026047 0.055630
v 0.051921 -0.076015 -0.054370
v -0.051455 0.086766 -0.054370
v -0.066405 -0.037818 0.043930
v -0.145757 -0.310089 -0.084370
v 0.270339 0.273590 0.079630
v -0.308112 -0.157585 -0.079370
v -0.153717 -0.311579 -0.079370
v 0.196753 0.227872 -0.019370
v 0.177537 0.219674 -0.019370
v 0.159442 0.237039 -0.019370
v 0.282615 0.095330 -0.004370
v 0.047250 0.068986 0.006116
v 0.050482 0.084649 0.014931
v 0.051010 0.039400 -0.029870
v 0.003812 -0.010158 -0.029870
v 0.037165 0.051081 -0.029870
v 0.010467 0.042398 -0.051132
v 0.043326 0.009926 -0.051876
v 0.048445 0.024751 -0.050847
v 0.024851 0.014175 -0.034275
v 0.039797 0.086584 0.001900
v -0.246612 -0.144318 -0.054370
v -0.238143 -0.157485 -0.054370
v -0.208963 -0.194238 -0.054370
v -0.162196 -0.235739 -0.054370
v -0.149289 -0.244599 -0.054370
v 0.077465 0.052458 0.015030
v -0.050073 0.002352 0.058419
v -0.077841 0.008510 0.075272
v -0.055604 0.030672 0.075820
v -0.103555 0.035155 0.074669
v -0.056647 0.002322 0.047676
v -0.049714 0.009034 0.046648
v -0.056989 0.009438 0.058153
v -0.076518 0.001713 0.034631
v -0.049467 0.029494 0.035063
v -0.084203 0.036555 0.058360
v -0.076707 0.029354 0.057949
v -0.117392 0.036579 0.034726
v -0.130569 0.036560 0.048202
v 0.069195 0.040181 0.015249
v 0.086465 0.040708 0.004930
v -0.229030 -0.170215 -0.079370
v -0.174648 -0.226249 -0.079370
v 0.174276 0.176232 -0.019370
v 0.156414 0.158754 -0.019370
v 0.272022 0.211672 -0.079370
v 0.275983 0.214723 -0.084370
v 0.265968 0.227078 -0.084370
v 0.220163 0.271083 -0.084370
v 0.210800 0.271834 -0.079370
v 0.207417 0.280595 -0.084370
v 0.024277 0.003449 0.015930
v -0.034428 -0.059785 0.014950
v -0.017905 -0.058976 0.032398
v -0.016522 -0.071046 0.043930
v -0.005144 -0.073951 0.029812
v -0.061850 -0.032404 0.015541
v -0.056038 -0.040453 -0.001864
v 0.010683 0.026355 -0.031830
v -0.045362 -0.051000 -0.015870
v -0.041739 -0.054582 -0.004370
v -0.070035 -0.034738 -0.002352
v -0.177653 -0.178977 -0.019370
v 0.313880 0.255471 -0.079370
v 0.247605 0.319352 -0.079370
v 0.196192 0.091862 -0.054370
v 0.271553 0.091824 0.043930
v 0.239498 0.319118 -0.084370
v -0.036589 -0.011518 0.055255
v 0.166974 0.242969 0.055630
v -0.287375 -0.191787 0.084630
v -0.297519 -0.176081 0.084630
v -0.133376 -0.133460 -0.019370
v -0.115673 -0.115677 -0.019370
v 0.217921 0.222216 -0.019370
v 0.235729 0.239919 -0.019370
v 0.303025 0.108143 -0.044370
v 0.306029 0.098345 -0.046262
v 0.065533 -0.055031 0.015930
v -0.104545 0.004605 0.016149
v -0.129948 0.031836 0.015557
v -0.258630 -0.146349 -0.029124
v 0.305676 0.194589 -0.024866
v 0.294574 0.183273 -0.033566
v 0.282910 0.171734 -0.029254
v 0.292290 0.102392 -0.054370
v 0.170909 0.146827 0.055630
v 0.145679 0.176739 0.055630
v 0.316495 0.145920 -0.084370
v 0.137500 0.318066 -0.084370
v 0.120958 0.318663 -0.079370
v -0.018288 0.044629 0.030149
v -0.019659 0.054737 0.043930
v 0.035698 0.002573 0.043930
v -0.061885 0.071253 0.015594
v 0.039493 -0.076562 -0.027370
v 0.054608 -0.072790 -0.015870
v 0.065498 -0.068471 -0.000392
v 0.081287 -0.058675 0.000138
v -0.070015 0.073659 -0.002364
v -0.056037 0.079367 -0.001949
v -0.045362 0.089916 -0.015870
v 0.230823 0.199225 -0.054370
v -0.207895 -0.176335 0.055630
v -0.177901 -0.209166 0.055630
v -0.228900 -0.238255 0.084630
v 0.033899 0.014931 0.055630
v 0.284304 0.287908 0.084630
v 0.012514 -0.079963 -0.054370
v -0.310779 -0.141318 -0.084370
v -0.246053 -0.164963 0.054923
v -0.225191 -0.150575 0.054704
v 0.305447 0.233808 0.055630
v 0.257363 0.285630 0.055630
v 0.282698 0.260919 0.055630
v -0.239374 -0.248993 0.084630
v 0.273830 0.277170 0.084630
v 0.215069 0.317667 0.079630
v 0.229694 0.307696 0.079630
v 0.315780 0.219436 0.079630
v -0.278502 -0.204248 -0.079370
v -0.200457 -0.282090 -0.079370
v 0.196770 0.227870 -0.054370
v 0.177512 0.219653 -0.054370
v 0.305479 0.113795 -0.046292
v 0.303128 0.104086 -0.044370
v -0.052501 0.034344 0.016170
v -0.257333 -0.156829 -0.025400
v -0.268152 -0.143191 -0.024370
v 0.295665 0.196553 -0.026257
v 0.308274 0.185173 -0.026608
v 0.284593 0.161352 -0.024997
v 0.273283 0.173197 -0.024746
v -0.129939 0.007082 0.015560
v 0.298066 0.112700 -0.054370
v 0.315177 0.142422 -0.080990
v 0.135703 0.313400 -0.079370
v 0.035694 0.002526 0.031930
v -0.019906 0.054636 0.030861
v -0.017665 0.044482 0.043930
v 0.067475 -0.067215 0.014950
v 0.079357 -0.059785 0.014950
v -0.055765 0.079222 0.015219
v -0.069047 0.073454 0.015270
v 0.052861 -0.073213 -0.027370
v -0.049854 0.084883 -0.027370
v 0.041086 -0.076543 -0.016418
v 0.072583 -0.064724 -0.004370
v -0.062928 0.075438 -0.001741
v 0.228741 0.184673 -0.054370
v -0.210182 -0.168613 0.055630
v -0.200471 -0.190397 0.055630
v -0.188571 -0.202624 0.055630
v -0.171108 -0.211770 0.055630
v 0.034107 0.023101 0.055630
v 0.024958 -0.080480 -0.054370
v -0.260707 -0.218689 -0.084370
v -0.221984 -0.258292 -0.084370
v -0.272243 -0.204254 -0.084370
v -0.207813 -0.270150 -0.084370
v -0.232147 -0.159442 0.054981
v 0.215069 0.317667 0.055630
v 0.315780 0.219436 0.055630
v 0.229694 0.307696 0.055630
v -0.252429 -0.235607 0.084630
v 0.260672 0.289379 0.084630
v 0.257363 0.285630 0.079630
v 0.282698 0.260919 0.079630
v 0.305447 0.233808 0.079630
v -0.316414 -0.141124 -0.079370
v -0.267143 -0.218770 -0.079370
v -0.215008 -0.270769 -0.079370
v 0.184599 0.224505 -0.054370
v -0.000959 0.056286 0.005975
v 0.025472 0.054106 -0.029870
v 0.027005 0.008840 -0.052370
v 0.014543 0.025562 -0.052370
v 0.054087 0.026468 -0.030645
v -0.004734 0.047158 0.014770
v 0.086220 0.013684 0.013887
v -0.232702 -0.146156 -0.027164
v -0.245729 -0.157642 -0.026373
v 0.275476 0.191801 0.051130
v 0.305796 0.162294 0.051922
v 0.240696 0.246614 -0.054370
v -0.198060 -0.205473 -0.054370
v 0.071369 0.023184 0.014121
v -0.082828 0.007973 0.076722
v -0.103971 0.002340 0.048052
v -0.055537 0.035568 0.076554
v -0.104303 0.030958 0.075578
v -0.129966 0.003384 0.076870
v -0.085349 0.001740 0.034569
v -0.103851 0.009447 0.058116
v -0.083877 0.030188 0.058428
v -0.077274 0.036598 0.058410
v -0.129793 0.009332 0.035373
v -0.117544 0.002397 0.059852
v -0.117284 0.008594 0.045382
v -0.117433 0.030344 0.034555
v -0.130570 0.029461 0.047752
v 0.174276 0.176232 -0.054370
v -0.028931 0.059249 0.028930
v -0.048824 0.037765 0.034041
v 0.067398 -0.067065 0.024610
v 0.073260 -0.064516 0.043930
v 0.079207 -0.059575 0.029812
v -0.055500 0.079107 0.029289
v -0.070790 0.073036 0.030396
v 0.036403 0.012960 -0.030807
v 0.014399 0.038368 -0.030712
v -0.210182 -0.168613 -0.019370
v -0.200283 -0.190661 -0.019370
v -0.188447 -0.202719 -0.019370
v -0.171108 -0.211770 -0.019370
v -0.177685 -0.178946 -0.054370
v 0.289275 0.282967 -0.079370
v 0.275988 0.295775 -0.079370
v 0.262087 0.307913 -0.079370
v -0.272461 -0.158804 0.055266
v -0.050676 -0.048691 -0.054370
v 0.090495 0.092751 -0.054370
v -0.066405 0.076733 0.043930
v 0.268300 0.295980 -0.084370
v 0.294651 0.270086 -0.084370
v 0.273445 0.162498 0.055630
v 0.308765 0.197668 0.054921
v -0.225667 -0.261710 0.084630
v -0.196439 -0.285019 0.084630
v -0.035252 0.041323 0.049575
v -0.045513 0.051031 0.049341
v -0.133222 -0.133614 -0.054370
v 0.217921 0.222216 -0.054370
v -0.005531 0.056286 0.014922
v 0.011037 0.052227 -0.029870
v 0.039066 0.039555 -0.051003
v 0.029390 0.028698 -0.052370
v 0.015540 0.010217 -0.052370
v 0.053954 0.012433 -0.030703
v 0.001831 0.002521 -0.050818
v -0.000274 0.046722 0.005951
v 0.073119 0.016396 0.013976
v -0.246407 -0.144379 -0.033670
v -0.235379 -0.156040 -0.025080
v 0.281760 0.197686 0.051785
v 0.311621 0.170542 0.051741
v 0.296546 0.158645 0.051763
v 0.272163 0.185442 0.051698
v 0.080031 0.024163 0.014265
v -0.083686 0.002773 0.047315
v -0.083856 0.008775 0.058502
v -0.104121 0.008415 0.075528
v -0.082850 0.030973 0.076624
v -0.077740 0.035222 0.075193
v -0.103696 0.001656 0.034482
v -0.056689 0.036521 0.058414
v -0.103803 0.029489 0.058085
v -0.117534 0.008629 0.034556
v -0.130419 0.002451 0.058063
v -0.130338 0.009258 0.046906
v -0.130559 0.028849 0.034851
v -0.117408 0.030364 0.045245
v 0.170895 0.146838 -0.019370
v 0.145679 0.176739 -0.019370
v 0.251713 0.235491 -0.079370
v 0.229140 0.257177 -0.079370
v -0.030697 0.057201 0.045742
v -0.049408 0.037262 0.047156
v 0.065001 -0.069742 0.043930
v 0.066192 -0.059409 0.032792
v 0.082629 -0.058520 0.043930
v -0.061706 0.070340 0.030796
v 0.024473 0.036351 -0.030537
v 0.036421 0.026455 -0.030419
v -0.207646 -0.177033 -0.019370
v -0.177736 -0.209232 -0.019370
v -0.183099 -0.171114 -0.054370
v -0.170326 -0.184934 -0.054370
v -0.280453 -0.165652 0.079630
v 0.301916 0.269522 -0.079370
v -0.072163 0.075686 0.043930
v -0.058500 0.080751 0.043930
v -0.260363 -0.161212 0.054924
v -0.271240 -0.146962 0.055023
v 0.281400 0.157709 0.054965
v 0.269812 0.170501 0.054916
v 0.315615 0.187438 0.054820
v 0.296006 0.203685 0.054940
v 0.224914 0.214566 -0.054370
v 0.210834 0.225772 -0.054370
v 0.289051 0.078750 0.028133
v 0.148964 0.027457 0.006038
v 0.161964 0.027457 0.015138
v 0.306117 -0.058812 -0.046188
v 0.303075 -0.070086 -0.044370
v 0.096161 0.068484 0.015930
v 0.065534 0.093946 0.015930
v 0.207264 -0.004580 0.031930
v 0.282928 -0.132810 -0.029265
v -0.079060 0.317648 -0.054370
v 0.177335 -0.014542 0.015885
v 0.202396 -0.004542 0.015830
v 0.124579 0.043121 0.015490
v 0.143085 0.046138 0.006430
v 0.292469 -0.063701 -0.054370
v -0.130817 0.144441 0.055630
v 0.295058 0.070481 0.042286
v 0.193408 -0.046911 0.030674
v 0.186311 -0.048541 0.042717
v 0.039493 0.115477 -0.027370
v 0.250290 -0.050577 -0.027011
v 0.081287 0.097590 0.000138
v 0.099284 0.080953 -0.000894
v 0.065498 0.107386 -0.000392
v 0.054608 0.111705 -0.015870
v 0.110279 0.074755 -0.000498
v 0.012514 0.118878 -0.054370
v 0.161766 0.076724 -0.054370
v 0.145679 -0.137824 0.055630
v 0.001862 0.247708 0.055630
v 0.079991 0.098246 0.014950
v 0.067475 0.106130 0.014950
v 0.293950 0.071000 0.029756
v 0.161964 0.027457 0.006038
v 0.155275 0.023004 0.013108
v 0.303059 -0.065939 -0.044370
v 0.305349 -0.074166 -0.046333
v 0.273261 -0.134370 -0.024746
v 0.284504 -0.122451 -0.024981
v 0.192335 -0.018542 0.015866
v 0.143085 0.046138 0.015930
v 0.124104 0.042682 0.006181
v 0.310410 -0.088309 -0.027370
v 0.298217 -0.074115 -0.054370
v -0.123387 0.148353 0.055630
v 0.214098 -0.028403 0.014880
v 0.292076 0.080767 0.043930
v 0.187583 -0.046838 0.030084
v 0.193747 -0.050136 0.042364
v 0.109762 0.072798 0.016600
v 0.100100 0.079781 0.016728
v 0.052861 0.112128 -0.027370
v 0.118131 0.073056 -0.027370
v 0.250450 -0.050795 -0.015870
v 0.072583 0.103639 -0.004370
v 0.041088 0.115467 -0.015870
v 0.104052 0.077255 -0.004370
v 0.166527 0.078659 -0.054370
v 0.156057 0.075686 -0.054370
v 0.025150 0.119391 -0.054370
v -0.004213 0.256553 0.055630
v 0.036452 0.295881 0.055630
v -0.217994 0.030740 0.046464
v 0.339555 0.098356 0.051140
v 0.322926 0.116463 0.051596
v -0.286330 0.081675 -0.054370
v 0.075414 -0.291060 -0.054370
v -0.152022 0.034653 0.074016
v -0.157224 0.036609 0.058379
v 0.044335 -0.294782 -0.079370
v -0.182535 -0.046542 -0.054370
v -0.243053 -0.040775 -0.002370
v -0.262504 -0.007791 -0.002370
v -0.260865 0.055991 -0.054370
v -0.292146 0.035108 -0.079370
v -0.297140 0.035357 -0.084370
v -0.165261 0.065406 0.028930
v -0.178299 0.060883 0.028930
v -0.172526 0.041988 0.048417
v -0.219848 0.008055 0.031930
v -0.200410 0.027231 0.031930
v -0.191603 0.044638 0.030487
v -0.246340 -0.016131 0.030032
v -0.242067 -0.025990 0.015487
v -0.226886 0.003297 0.031930
v -0.188275 0.055694 0.043677
v -0.250511 -0.007310 0.043290
v -0.231898 -0.032870 -0.000979
v -0.111587 -0.195024 -0.019370
v -0.129051 -0.176300 -0.019370
v -0.330397 -0.051875 0.084630
v -0.301884 -0.136741 0.084630
v -0.125598 -0.308685 0.084630
v -0.040048 -0.335073 0.084630
v -0.224880 0.020934 0.055630
v 0.345430 0.210032 -0.079370
v 0.217043 0.340026 -0.079370
v 0.176698 0.361272 0.084630
v -0.298515 0.012821 0.004246
v -0.286432 0.024636 -0.002063
v -0.347074 0.000985 -0.084370
v -0.004306 -0.349573 -0.084370
v 0.044682 -0.299770 -0.084370
v 0.366487 0.107056 0.055630
v -0.345100 -0.054847 0.084630
v -0.060980 -0.346140 0.084630
v 0.170528 0.347600 0.084630
v 0.101460 0.365557 0.079630
v -0.350723 -0.017360 -0.079370
v -0.013381 -0.353825 -0.079370
v -0.202402 0.012028 0.046196
v -0.174026 -0.132636 -0.019370
v -0.098593 -0.145955 -0.019370
v -0.146238 -0.101109 -0.019370
v -0.191019 -0.113839 -0.019370
# 4071 vertices, 0 vertices normals

f 1280 1317 1331
f 1147 1280 1000
f 1252 1147 1000
f 1317 1357 1286
f 1045 1332 1001
f 1332 1252 1001
f 1286 1085 1331
f 1085 1045 1331
f 1271 1021 1443
f 1252 1461 1443
f 1461 1271 1443
f 1085 1288 1045
f 1288 1332 1045
f 1357 1114 1286
f 1305 1461 1252
f 1332 1305 1252
f 1287 1085 1286
f 1287 1288 1085
f 1288 1305 1332
f 1086 1288 1287
f 1086 1347 1288
f 1114 1358 1289
f 1061 1347 1086
f 1046 1061 1086
f 1101 1061 1046
f 1304 1101 1046
f 2613 2611 2498
f 2463 906 2080
f 2001 905 2088
f 1789 1868 1898
f 1800 1868 1898
f 3979 3978 3987
f 1459 4007 3987
f 3978 3980 3988
f 3980 2142 1923
f 1444 1445 3988
f 1923 1290 3988
f 3988 1445 3987
f 2142 1946 2119
f 2142 2119 1923
f 1445 1444 1255
f 1444 1290 1255
f 1455 1266 1445
f 2119 1290 1923
f 1267 1290 1255
f 1047 1333 2119
f 1333 1290 2119
f 2180 2302 2155
f 1301 1343 1290
f 1280 1331 1001
f 2302 2531 2155
f 1087 1047 2282
f 2155 1087 2282
f 2531 2636 2155
f 2636 1087 2155
f 1058 1099 1047
f 2501 1002 2636
f 1002 1126 2636
f 2531 2667 2636
f 2667 1026 2501
f 2637 1002 2501
f 3352 1026 1153
f 1127 1026 3279
f 1026 3352 3279
f 1002 2637 1128
f 1358 1304 1046
f 1139 1002 1128
f 830 2637 1127
f 830 1127 3279
f 2518 2637 1128
f 3352 830 3279
f 830 573 2656
f 2669 1059 1154
f 1334 1320 2120
f 1945 1320 2120
f 3256 3473 3363
f 3409 3256 3217
f 3473 3412 3363
f 3471 3217 3363
f 3724 3471 3363
f 3728 3254 3364
f 3471 3728 3217
f 3728 3364 3217
f 1277 1468 1253
f 1468 1315 1335
f 1468 1335 1253
f 2145 1939 3973
f 3973 1939 3989
f 1466 3957 1253
f 2121 3989 3957
f 1355 2146 1335
f 3877 3939 824
f 3877 3405 824
f 3725 3405 3249
f 3472 3257 3249
f 3257 3718 3466
f 3257 3411 3718
f 2950 656 4038
f 1510 1603 1744
f 1793 1510 1744
f 1793 1870 1744
f 1870 1215 1655
f 1655 1518 1721
f 1409 1518 1655
f 1721 1810 1591
f 1518 1810 1721
f 3511 3509 3556
f 3560 3508 3555
f 3406 3560 3505
f 3406 3505 3250
f 3561 3406 3250
f 569 3502 3248
f 3651 3603 3466
f 1451 1450 1262
f 1006 1133 1262
f 1133 1450 1262
f 1142 1104 1054
f 1009 1142 1054
f 1104 1008 1053
f 1454 1450 1261
f 1132 1134 1005
f 1017 1134 1132
f 1739 1146 1009
f 1739 1637 1009
f 1008 1053 1007
f 1141 1007 1132
f 1017 1141 1132
f 1104 1053 1007
f 1054 1104 1053
f 1098 1054 1053
f 3366 3220 3218
f 3218 3219 3365
f 3366 3219 3218
f 3218 3366 3365
f 3366 3220 3373
f 3366 3218 3373
f 3677 3434 3686
f 3435 3677 3686
f 3677 3435 3433
f 3435 3678 3433
f 3435 3677 3434
f 3366 3220 3434
f 3366 3677 3434
f 3366 3433 3219
f 3366 3677 3433
f 3366 3677 3219
f 3435 3678 3677
f 3677 3433 3219
f 3677 3220 3434
f 3366 3677 3220
f 791 530 790
f 791 531 790
f 791 531 530
f 3845 3900 3907
f 3840 3900 3845
f 3840 3845 3907
f 3840 791 531
f 3840 3900 531
f 791 3900 531
f 3991 2639 2502
f 3958 3991 2502
f 2639 2503 2638
f 2639 2638 2502
f 3959 3990 2638
f 3990 3991 3958
f 2503 3991 3959
f 3991 2503 2639
f 1924 3998 2156
f 2646 3998 2508
f 2646 2283 2156
f 2283 2122 1924
f 3969 3998 2122
f 2122 3998 1924
f 2508 3969 2122
f 3230 3447 3446
f 3694 3854 801
f 3917 3233 550
f 3694 801 3384
f 801 3854 3917
f 3232 3384 551
f 3694 3854 3384
f 550 3451 3916
f 3922 3455 3695
f 3856 3922 3695
f 3455 3237 3385
f 3455 3385 3695
f 3237 557 802
f 802 557 3856
f 557 3922 3856
f 3455 3237 3695
f 557 3922 802
f 3922 3455 3856
f 3856 3455 3695
f 3385 802 3856
f 3385 3856 3695
f 3390 3861 804
f 3703 3861 3390
f 3919 3449 3448
f 3393 563 3240
f 814 3393 553
f 814 3393 3231
f 696 695 744
f 608 747 693
f 645 608 693
f 747 697 745
f 694 648 646
f 648 697 646
f 3195 2799 3126
f 3149 3126 3169
f 2750 3034 3168
f 2750 3034 3085
f 2751 3086 3036
f 2750 3035 3085
f 2750 2682 3035
f 3006 2750 2682
f 3005 3058 2683
f 2703 3006 2682
f 2797 2703 2731
f 2702 2749 2987
f 2797 2731 2776
f 2702 2749 2776
f 1514 1405 1186
f 2450 2233 2587
f 3202 3067 2742
f 3593 3637 3592
f 1571 1191 1565
f 2999 1191 1263
f 1780 958 890
f 1190 1497 1566
f 1185 1494 1388
f 1185 1856 1779
f 1569 2361 958
f 2500 966 932
f 2747 2998 2785
f 3876 794 532
f 2740 3139 2786
f 2740 1857 3139
f 1495 1781 1857
f 1567 1706 1186
f 1497 1782 1706
f 1707 1860 1187
f 895 1784 2075
f 1860 1389 1187
f 485 254 455
f 1783 1569 1389
f 1697 1756 1249
f 1755 1834 1912
f 2067 2362 2446
f 2118 1835 930
f 1993 2234 2231
f 1859 1496 1638
f 887 955 2231
f 1021 1147 1443
f 1878 1802 1707
f 642 699 603
f 1730 1662 1783
f 1353 1454 1291
f 1663 891 1783
f 2277 2276 1993
f 569 3248 3377
f 969 2363 2065
f 2234 1990 2231
f 3821 3773 2544
f 898 2456 2232
f 3226 3490 3374
f 2324 1038 2548
f 3718 3404 3323
f 3552 3638 3592
f 3552 3499 3592
f 2999 3552 2787
f 3000 2795 2746
f 2999 1498 2787
f 2696 3639 2795
f 2999 1498 1191
f 3375 3489 3538
f 1498 1191 1571
f 2167 3999 2511
f 1906 3203 3080
f 2132 2167 3999
f 2595 2363 3999
f 2450 2233 2363
f 3536 3587 3593
f 2276 2027 2234
f 1782 1859 1706
f 3552 1297 1263
f 891 960 1783
f 1992 2067 891
f 988 893 2017
f 2017 2072 2411
f 969 2065 2649
f 2548 1160 2680
f 653 652 750
f 3649 3648 3602
f 699 721 750
f 3209 3161 3185
f 999 1834 931
f 3420 3267 3394
f 3241 3419 3708
f 1869 1871 1791
f 3120 3073 3093
f 2077 2583 879
f 3266 3265 3397
f 2693 2717 2934
f 2719 2717 2693
f 2790 2719 2693
f 53 105 15
f 2791 2765 2790
f 3118 2765 2791
f 2294 2515 2169
f 3072 3118 3187
f 899 970 2517
f 3094 3072 3187
f 2246 2247 2603
f 296 297 304
f 3141 3208 3094
f 3160 3188 720
f 3441 3843 3903
f 720 700 773
f 773 751 630
f 630 610 669
f 610 649 669
f 669 649 4059
f 4059 4026 2974
f 4026 2935 2974
f 2602 1843 1695
f 2448 2589 2484
f 335 259 333
f 283 310 308
f 2589 2590 2397
f 986 961 987
f 1754 1640 2101
f 2101 2068 2102
f 3303 3347 3353
f 962 2069 2103
f 2103 2069 2104
f 2104 2235 2105
f 4005 3975 4004
f 3052 3333 3181
f 1994 2070 2106
f 2106 2070 919
f 2112 2408 4064
f 2070 963 919
f 2601 2247 2245
f 1560 1177 1176
f 963 2071 2016
f 1653 2005 1744
f 120 92 101
f 3802 3755 3210
f 974 903 2058
f 309 282 406
f 3014 3097 3075
f 1643 1196 1710
f 2697 1391 1571
f 3098 3802 3144
f 2653 2073 2165
f 2695 3190 2996
f 3206 2716 3142
f 2716 2996 3142
f 945 871 2566
f 629 2907 650
f 611 2840 650
f 3073 3209 3140
f 2840 629 650
f 2126 1292 1337
f 3791 3792 3743
f 2304 2183 2532
f 2745 3154 3189
f 3154 3106 3050
f 1215 1310 1597
f 1347 1305 1288
f 3061 3198 651
f 2879 2840 701
f 3300 3939 3441
f 495 174 149
f 4044 2840 2938
f 3008 2997 2937
f 3517 3946 3312
f 1658 1721 2053
f 2936 4027 752
f 611 2936 752
f 452 220 447
f 2938 702 4028
f 2938 755 702
f 2879 755 2938
f 612 755 2879
f 3050 2744 2792
f 1331 1045 1001
f 3095 2793 2744
f 1156 1609 1480
f 704 4030 651
f 2695 3051 3190
f 2794 3051 2695
f 3096 3189 2694
f 2794 3096 3051
f 2783 2992 2691
f 2745 3096 2794
f 3112 2998 3014
f 2270 2406 2025
f 2450 893 2072
f 2595 2132 3999
f 2132 1934 2652
f 1933 2450 2653
f 2290 3971 4000
f 2167 2290 4000
f 1678 1896 1240
f 1133 1132 1005
f 873 947 2433
f 1210 1209 2349
f 2660 2613 964
f 1227 1422 1840
f 3144 3210 3075
f 964 2276 2277
f 898 964 2276
f 2235 1994 2105
f 2527 2660 894
f 2166 2527 894
f 3195 2698 3056
f 2456 898 2450
f 2595 2456 2450
f 1310 1465 1351
f 2527 2513 2290
f 2515 2517 2541
f 1933 2595 2450
f 2552 1039 2681
f 1099 1301 1047
f 969 2595 1933
f 1839 1548 1549
f 969 2132 1933
f 969 2292 2132
f 3620 3335 3676
f 3676 3752 3536
f 3801 3536 3587
f 1335 3957 1253
f 2747 2785 2689
f 2747 3098 3144
f 2504 1925 3225
f 3164 2774 2820
f 3594 3336 3290
f 3639 3291 3595
f 3000 2747 2998
f 1174 1542 1557
f 3202 3000 3067
f 1131 4017 1004
f 3321 2642 538
f 2697 3000 3202
f 1812 2697 3201
f 889 2230 2588
f 969 2595 2363
f 2747 3000 2746
f 1707 1568 1567
f 891 2067 960
f 3715 3734 3480
f 554 3921 3746
f 1812 1277 2697
f 2696 3594 2795
f 3552 3536 3587
f 3999 2511 2649
f 1662 1878 1860
f 1277 1468 2999
f 1468 1315 3676
f 2419 340 263
f 2613 2602 2498
f 2464 2601 2634
f 2759 2711 2967
f 345 270 248
f 520 321 295
f 1310 1274 1215
f 2612 2601 2634
f 2601 2600 2281
f 3198 3152 704
f 2405 1551 1552
f 987 892 2015
f 2255 2080 2415
f 2255 2004 2080
f 3582 3359 3835
f 2083 2080 2088
f 3883 3891 591
f 1889 1672 1789
f 123 96 18
f 1812 1789 1898
f 2073 893 2165
f 1307 1672 2003
f 982 2007 2111
f 3440 3684 3683
f 3985 2267 1285
f 650 2907 2828
f 842 589 845
f 2422 2559 2419
f 2267 1251 1285
f 2675 2542 1168
f 2317 2543 1084
f 1721 2053 1978
f 2677 2544 1042
f 1167 2677 1042
f 2681 2677 1167
f 2206 2331 2202
f 2031 1690 2550
f 2075 1690 2031
f 1992 1993 2067
f 2075 1712 1690
f 611 2878 2936
f 1767 1166 1168
f 756 2939 704
f 1125 1083 1042
f 3341 3558 3503
f 1083 1167 1042
f 316 2331 513
f 1582 1646 1251
f 871 2045 2428
f 1171 1635 1702
f 3924 812 3860
f 2613 2498 2277
f 2172 2136 1033
f 870 2429 868
f 932 2031 2550
f 2998 3097 2785
f 1995 895 966
f 2370 2369 1996
f 2369 2453 1996
f 896 967 1995
f 2453 896 1995
f 2474 1520 1020
f 3200 2727 3079
f 1141 1053 1007
f 966 2075 2031
f 2154 1083 1371
f 1476 1323 1330
f 1957 2325 2154
f 3397 3709 3381
f 1940 2173 2255
f 1620 2367 2413
f 2367 1576 2413
f 1236 2413 2280
f 2520 1458 1254
f 2072 2116 2411
f 1622 1236 2414
f 1834 1622 931
f 2319 2194 1295
f 930 1913 999
f 2030 1757 2118
f 3495 3494 3635
f 1374 2567 1851
f 1037 1691 2549
f 2241 2374 1202
f 1160 1037 2549
f 2344 2215 2343
f 2048 1973 1972
f 1375 1852 1972
f 2547 1080 2324
f 2654 1161 2679
f 2574 2432 2567
f 1635 1972 1970
f 3109 621 668
f 3699 3388 3698
f 3636 3542 3589
f 3327 554 3746
f 2028 999 931
f 1172 1376 1556
f 2028 998 999
f 1643 2029 2280
f 1364 1324 1299
f 3912 729 545
f 3548 3327 3281
f 2450 893 2073
f 1465 1275 1351
f 998 929 2030
f 1576 1196 1643
f 1575 1500 1710
f 2298 2527 2513
f 2197 2323 2548
f 2323 2547 2324
f 3417 3567 3261
f 3136 1093 1050
f 811 3863 3921
f 810 559 554
f 1862 1393 1861
f 3964 1446 1291
f 1393 1499 1861
f 3389 807 3450
f 2435 2569 2432
f 1010 1136 1095
f 1055 1010 1095
f 1195 1264 1709
f 3677 3678 3433
f 1264 1453 1135
f 2283 1924 2156
f 2413 1643 2280
f 2029 1643 2279
f 3859 3700 3232
f 2412 2117 2029
f 2437 2438 2573
f 2575 2215 2344
f 2278 2117 2412
f 2750 2799 3168
f 1556 1484 1555
f 1974 2050 2346
f 3067 2998 3112
f 2278 2028 2117
f 2747 3290 3098
f 4062 2822 3033
f 3387 3699 3698
f 3453 3699 3234
f 1722 1792 2052
f 2197 2548 2680
f 2153 2196 2323
f 3421 851 3320
f 20 55 54
f 55 14 48
f 3421 3320 3586
f 3736 3484 3632
f 1290 1444 3988
f 1946 2180 2282
f 1512 1595 1513
f 3585 3736 3632
f 3534 3422 3585
f 3584 3423 3534
f 1108 1068 1110
f 1572 1135 1452
f 1341 1055 1298
f 2065 1847 1372
f 3432 3423 3584
f 3431 3578 3432
f 3423 3269 3534
f 3627 3578 3431
f 3334 556 3496
f 3275 3528 3430
f 3576 3528 3429
f 119 35 100
f 1978 2052 1975
f 1151 1152 1014
f 3429 3528 3275
f 3711 3642 3463
f 3865 812 3864
f 3244 3533 3320
f 3253 3407 3563
f 1879 1303 1664
f 1407 1304 1879
f 1879 1385 1855
f 806 3860 3855
f 563 3866 810
f 133 158 155
f 44 34 106
f 3244 568 3400
f 1875 1797 1730
f 3235 3701 3454
f 3487 3741 3431
f 3742 3627 3431
f 3741 3486 3742
f 1813 1815 1816
f 3711 3463 3399
f 3486 3429 3275
f 516 437 415
f 71 46 156
f 3486 3662 3429
f 2550 1035 2551
f 3662 3551 3429
f 819 3293 3243
f 2696 3499 3639
f 3641 3640 3614
f 998 2118 930
f 1852 951 876
f 1466 1939 3989
f 3533 3244 3362
f 3301 829 3346
f 3514 3566 3510
f 3917 550 3916
f 3703 3861 3917
f 3790 3674 3533
f 3926 562 3925
f 41 106 10
f 108 52 63
f 3549 2993 3089
f 3631 3585 3632
f 3789 3631 3839
f 648 697 3925
f 3925 811 560
f 3840 791 3900
f 3400 3711 3710
f 3253 3252 3407
f 812 3864 560
f 3956 3673 3789
f 812 3860 806
f 108 41 106
f 208 435 432
f 3899 3741 3487
f 3899 3487 3956
f 86 72 155
f 122 21 107
f 3955 3486 3899
f 3865 3860 806
f 574 3253 3346
f 1673 1891 1813
f 3056 3105 3177
f 3240 3456 3238
f 831 3357 601
f 3862 3702 3920
f 3077 3122 686
f 3122 639 686
f 2770 2815 2926
f 693 697 745
f 2826 3457 3927
f 609 748 697
f 2985 2770 2926
f 3418 590 815
f 2457 2242 2375
f 3542 3793 3589
f 4070 3030 2985
f 3723 3610 2873
f 2786 3139 3184
f 2725 3030 4070
f 3274 2725 4070
f 3526 2725 3274
f 3740 3625 3428
f 3427 3625 3740
f 2955 2726 4069
f 1930 1932 2130
f 2955 3009 2726
f 972 902 2078
f 184 183 385
f 3272 4068 686
f 3871 829 3301
f 2646 2509 2508
f 265 180 227
f 601 3426 857
f 71 72 58
f 362 388 182
f 28 25 30
f 46 110 108
f 2778 3129 3170
f 2925 3274 4070
f 3259 3941 3475
f 3739 3428 3274
f 237 187 234
f 3739 2924 3427
f 3881 832 3260
f 28 30 6
f 1140 1019 1052
f 1571 1565 1184
f 1950 1298 1004
f 2892 2955 4069
f 2957 2891 2892
f 4046 2891 2957
f 1664 1732 1182
f 3195 2799 2777
f 3413 618 2956
f 237 184 161
f 618 660 2956
f 2956 660 4046
f 391 365 212
f 438 441 211
f 3259 577 3426
f 4037 656 2698
f 1987 2276 2277
f 1570 1385 1188
f 600 4068 3272
f 739 2870 4068
f 3007 2752 3193
f 709 657 614
f 3898 2924 3739
f 388 362 231
f 788 2924 3898
f 765 2892 738
f 416 291 341
f 357 124 383
f 3214 2820 2728
f 2132 2512 2652
f 1162 818 2677
f 2450 2364 2072
f 3924 3865 806
f 2567 867 941
f 3123 2728 3032
f 3123 3032 1246
f 1914 1246 1439
f 1839 1914 1548
f 703 756 4029
f 1914 1439 1548
f 1840 1839 1549
f 1840 1549 1440
f 2612 2474 2523
f 2020 1628 1441
f 4000 1934 2652
f 2020 1441 2631
f 2021 924 2632
f 2092 2021 1247
f 2021 2632 1247
f 1392 1192 3096
f 2744 2358 2584
f 1764 2092 1248
f 3776 3623 3671
f 1764 1248 1696
f 1242 1696 1844
f 1545 1844 1697
f 1765 1244 1249
f 1765 1249 1250
f 1694 1250 1370
f 1082 1081 1329
f 623 4049 767
f 1917 1550 1629
f 1841 1629 1442
f 1918 1442 1919
f 1547 1919 1920
f 1438 1920 1698
f 2406 2113 2025
f 2270 2025 995
f 2629 2270 995
f 1009 1104 1054
f 919 963 2016
f 2629 995 926
f 2494 926 2633
f 1012 1058 1087
f 1593 1721 2054
f 2112 2024 2408
f 1529 1241 1544
f 3593 3587 3637
f 2015 1708 1754
f 2539 2650 2540
f 784 2918 637
f 2621 2449 986
f 2916 784 637
f 1547 1918 1919
f 2867 2865 734
f 2255 2296 2387
f 3581 3629 3785
f 3583 3581 3358
f 3630 3783 3834
f 3783 3670 3834
f 2996 3190 3142
f 2086 925 2022
f 910 2109 2110
f 2773 3786 735
f 2866 736 681
f 2864 2866 681
f 2864 681 786
f 2916 637 680
f 2917 786 2919
f 2407 2409 2273
f 764 3154 2716
f 2271 2273 996
f 2630 2271 996
f 1672 1939 2003
f 2322 990 928
f 2315 990 2322
f 2833 4025 2877
f 893 2072 2017
f 2195 2191 2320
f 3401 3576 3429
f 2152 2190 2195
f 1489 2225 2353
f 2275 2625 2497
f 2444 2581 1559
f 15 77 75
f 1551 1537 1552
f 2520 2172 2657
f 1560 2444 1177
f 1921 1828 1922
f 2410 2398 2274
f 2379 2247 2601
f 2026 2099 2115
f 682 631 2114
f 32 33 7
f 670 631 682
f 905 1789 2393
f 148 418 217
f 737 722 787
f 2854 775 2922
f 2973 4058 4066
f 1683 1842 1843
f 1359 1318 1281
f 2812 2720 3033
f 2822 2812 3033
f 2389 2258 1585
f 3119 3025 3082
f 3159 3119 3125
f 3167 3159 3125
f 3166 3207 3167
f 3531 3525 3532
f 281 308 307
f 2080 2001 2088
f 3525 3624 3532
f 3788 3622 3531
f 508 405 482
f 3360 846 855
f 764 3154 3106
f 1345 1458 1269
f 3540 3341 3489
f 350 275 273
f 3837 3823 3360
f 1714 2079 881
f 153 202 380
f 3530 3573 3787
f 2692 3023 2743
f 3216 3158 3836
f 850 3665 3626
f 403 152 201
f 3081 3117 3124
f 3718 825 3404
f 508 405 506
f 403 378 201
f 892 1708 2015
f 3188 700 720
f 4065 2972 2729
f 2901 2908 2984
f 3076 3212 3043
f 718 769 776
f 769 625 723
f 723 625 671
f 3061 2829 2793
f 2100 2096 2014
f 2014 2263 2399
f 2481 985 2623
f 33 7 1
f 1903 1902 1829
f 2480 2262 2486
f 1302 1344 1937
f 2487 2479 2488
f 2618 2309 920
f 2314 2308 2674
f 1538 2761 2767
f 220 169 168
f 246 394 368
f 2813 2760 3028
f 2474 1520 2634
f 3465 3228 549
f 1737 1807 1883
f 1598 1215 1744
f 4053 2849 2977
f 936 859 934
f 1774 909 1486
f 2595 2450 2363
f 1939 2003 2083
f 3799 800 3751
f 3946 3481 3891
f 498 473 470
f 3730 2910 3481
f 497 424 522
f 2848 2966 2978
f 2966 2976 2978
f 2806 2710 2814
f 3580 3835 3786
f 1205 1522 1413
f 4051 2884 2855
f 2521 3937 3873
f 3239 3704 3702
f 3651 3603 3554
f 2294 2293 2506
f 338 287 336
f 2793 2829 4022
f 2241 1201 1383
f 3499 3536 3587
f 2233 2363 2232
f 3575 3526 3428
f 656 2947 4037
f 3232 3450 3694
f 2942 2882 746
f 124 97 94
f 4037 665 638
f 3938 3761 687
f 969 2166 894
f 2885 4036 2945
f 624 684 638
f 1791 1790 1890
f 1871 1792 1790
f 2836 2885 4067
f 2886 2836 2834
f 3925 562 3864
f 813 812 3864
f 71 59 70
f 3402 3483 3270
f 3403 3270 3271
f 1113 3877 2300
f 1872 1402 1508
f 2469 1774 1486
f 3270 3483 3896
f 3182 698 3133
f 632 758 2856
f 3978 3988 3987
f 1356 1473 1318
f 3730 2848 2910
f 3933 849 3897
f 3896 3933 3897
f 3934 3896 3897
f 667 627 724
f 2944 2856 2911
f 2833 746 695
f 4035 2944 2856
f 711 763 758
f 1518 1778 1855
f 764 3947 2923
f 764 658 616
f 899 2170 2644
f 1435 1038 1239
f 1860 1783 1389
f 2292 2132 1934
f 3002 2834 2930
f 764 4035 2944
f 3341 3503 3502
f 286 411 335
f 285 411 334
f 4035 624 2961
f 2886 2796 2836
f 2796 2836 758
f 736 778 681
f 1499 1574 1641
f 1453 1137 1135
f 1452 1135 1096
f 1392 3096 2694
f 3948 3889 3897
f 1399 2464 2634
f 223 198 173
f 450 221 447
f 3948 573 3897
f 3345 2518 2672
f 3601 3647 3545
f 3345 1139 2672
f 1787 1647 1703
f 3341 3502 3540
f 2190 2191 2195
f 3559 3605 3270
f 3607 3403 3271
f 1812 1889 1789
f 503 477 502
f 3656 3607 3403
f 3770 3817 3827
f 1270 3558 3571
f 998 930 999
f 2072 887 2587
f 802 3922 3856
f 2069 962 885
f 3863 810 554
f 554 3921 3700
f 2347 2217 2435
f 2437 2343 2433
f 1270 3299 1478
f 3654 3606 3468
f 3456 810 3923
f 1521 1207 1589
f 3456 3240 3923
f 356 355 432
f 3344 2657 3299
f 3760 3937 2187
f 2136 1059 1121
f 2375 2241 2445
f 1345 2172 2136
f 1793 1792 1890
f 1059 2147 1123
f 262 337 283
f 1028 1154 3315
f 4024 644 2932
f 1083 2681 1167
f 2500 2161 882
f 2338 2042 864
f 2040 1962 1961
f 2039 1849 1632
f 3975 2147 1948
f 783 2868 2918
f 2664 2145 1948
f 1149 2664 1075
f 2600 982 2111
f 2600 2463 982
f 3491 3362 3288
f 1546 1437 2116
f 1437 1766 2116
f 1766 2322 928
f 2937 3143 753
f 1165 2321 2322
f 2705 3008 2937
f 1164 2320 2321
f 703 603 691
f 1163 2195 2320
f 521 520 322
f 1041 2152 2195
f 565 2310 1296
f 1243 2275 2497
f 4029 2937 753
f 1241 1552 2496
f 2022 1845 1551
f 3294 2544 2677
f 2109 997 1921
f 3664 2267 3985
f 3202 2786 2690
f 2979 2911 2923
f 272 271 347
f 1627 2495 997
f 3096 2745 3189
f 1436 2410 2274
f 1933 2653 2512
f 964 1988 2063
f 1915 2115 2410
f 1762 2026 2115
f 1838 2114 2026
f 2650 2651 2540
f 3165 682 2114
f 3079 737 787
f 2727 2922 737
f 3031 2921 2922
f 2612 1523 1414
f 3664 3985 2542
f 2818 4066 2921
f 2772 2730 4066
f 2982 3082 2822
f 732 3125 3082
f 678 3167 3125
f 1758 818 1162
f 499 425 424
f 2635 998 2028
f 952 951 950
f 677 3166 3167
f 3485 3531 3532
f 2407 636 2409
f 3895 597 3788
f 1072 1022 1119
f 496 472 420
f 2364 2116 2027
f 894 2648 2064
f 894 1985 956
f 3895 3788 3531
f 2754 3157 2455
f 2175 2298 2179
f 1666 1734 1887
f 2260 2619 2395
f 2747 2998 3097
f 3894 3361 3838
f 3782 855 3361
f 1140 2163 2288
f 3738 3529 3530
f 3738 3424 3529
f 1838 3165 2114
f 1150 1115 2665
f 758 4035 624
f 1531 1907 1423
f 598 3836 3671
f 676 731 3216
f 529 427 425
f 676 3216 3836
f 3464 3711 3400
f 731 3124 3216
f 781 3081 3124
f 4061 2775 2821
f 2915 2729 2775
f 2771 4065 2729
f 1617 1224 1232
f 993 2619 927
f 3731 3885 3480
f 3426 3272 639
f 996 993 927
f 2266 2452 2627
f 2449 961 986
f 1223 1322 1614
f 2773 3580 3786
f 275 273 326
f 2409 2269 2273
f 1709 1264 1135
f 1264 3972 4001
f 1137 4001 2655
f 2920 4060 2983
f 2983 4060 2409
f 2919 2859 2920
f 1937 2135 1336
f 2935 2827 2909
f 3300 3441 3537
f 2861 2859 2919
f 735 780 736
f 1298 1955 1131
f 3359 3779 3835
f 1056 1010 1055
f 820 3340 568
f 3835 3779 3786
f 568 3754 3930
f 3783 3832 3670
f 3319 3779 3359
f 2601 2023 2111
f 3833 3628 3670
f 3780 3628 3833
f 1710 1500 1642
f 3358 3318 3833
f 3785 3830 3358
f 785 728 734
f 673 633 637
f 2523 2664 1023
f 680 633 785
f 2980 2914 2868
f 1536 1616 1220
f 2408 2268 4064
f 2492 2403 2272
f 716 2845 4050
f 2025 2108 995
f 3088 2994 1631
f 2019 2108 2025
f 1215 1409 1517
f 1517 1182 1385
f 2113 2019 2025
f 2237 1196 2366
f 715 2845 716
f 2067 1993 2362
f 1836 1837 1920
f 1239 1543 1442
f 1859 1570 1496
f 2857 3000 2913
f 615 710 761
f 1629 1239 1442
f 1550 1435 1629
f 1329 1367 1550
f 1370 1327 1329
f 1625 1626 1250
f 1912 1756 1697
f 1844 1912 1697
f 1623 1755 1696
f 3479 3420 3395
f 1247 1621 1248
f 559 3496 3326
f 1336 3964 2125
f 1696 1755 1844
f 2948 3002 2990
f 2489 2490 2632
f 2359 2827 4023
f 2632 2490 1247
f 1235 1541 1441
f 536 3906 3224
f 1441 1541 2631
f 2375 2242 2374
f 3688 3395 3687
f 1539 1235 1628
f 1428 1539 1440
f 1102 1348 1062
f 4007 3979 3987
f 3440 3903 3902
f 1429 1428 1549
f 1548 1429 1549
f 1439 1540 1548
f 3684 3844 3905
f 2944 2911 2923
f 3029 2723 3032
f 3032 2723 1246
f 2769 3029 2728
f 2728 3029 3032
f 277 475 455
f 3155 3205 2774
f 643 3188 3047
f 3313 3518 3583
f 2600 2246 2463
f 1307 1463 1306
f 1243 1544 2275
f 2083 1653 2390
f 2758 2867 3629
f 298 349 324
f 2759 2865 2867
f 3815 3767 3307
f 223 398 173
f 1724 1656 1591
f 1667 1735 1509
f 4054 2850 2916
f 3154 2745 2695
f 722 670 787
f 300 326 325
f 2899 2864 2917
f 2850 784 2916
f 2898 2847 733
f 774 653 750
f 1636 1448 1179
f 860 935 489
f 1483 2418 264
f 1274 1517 1351
f 2963 2898 782
f 782 2898 733
f 3566 3613 3306
f 2900 2968 679
f 1402 1872 1979
f 1618 1540 1439
f 2968 2394 2112
f 2968 2112 679
f 2407 2962 636
f 2394 2024 2112
f 2478 2393 2630
f 2261 2617 994
f 2817 2712 2984
f 2617 983 2494
f 982 2616 2493
f 2878 611 2828
f 912 2008 2270
f 3000 2998 3067
f 470 494 149
f 2007 2087 2111
f 2008 2089 2406
f 620 4046 2957
f 2751 3149 3036
f 2087 1695 2023
f 3992 2510 3960
f 2989 3087 3129
f 2087 1746 1695
f 3557 3502 3665
f 1746 1843 1695
f 1685 1438 1245
f 3766 3307 3354
f 1746 1683 1843
f 2279 1194 1980
f 1683 1532 1842
f 612 2879 4027
f 1823 1901 1918
f 1823 1918 1547
f 1546 2116 2027
f 1901 1686 1841
f 1897 1745 1766
f 2811 3024 2821
f 3149 3195 3126
f 352 253 177
f 1745 1165 1766
f 426 225 526
f 503 333 254
f 1687 1031 1082
f 1687 1082 1917
f 448 395 370
f 378 428 354
f 1682 1164 1165
f 350 300 326
f 1122 1081 1082
f 2823 4021 2872
f 1122 1032 1694
f 1122 1694 1081
f 2694 3050 2792
f 2885 2945 4067
f 1032 1475 1765
f 2694 3189 3050
f 3095 2744 3050
f 2829 2931 4022
f 1307 1939 2003
f 1475 1225 1244
f 1475 1244 1765
f 1609 1243 1480
f 1609 1608 1243
f 705 747 632
f 3940 3844 3679
f 1225 1533 1545
f 1225 1545 1244
f 1533 1242 1545
f 468 493 343
f 1222 1606 2405
f 503 502 476
f 328 279 404
f 3830 3318 3358
f 1222 2405 1241
f 321 298 295
f 1613 2092 1764
f 1606 2022 2405
f 2092 2093 2021
f 2086 2085 925
f 2093 924 2021
f 1077 2306 1120
f 2085 2110 925
f 2094 2020 924
f 244 192 342
f 244 243 190
f 2094 2095 2020
f 910 1679 2109
f 2095 1750 1763
f 1679 1678 1627
f 1679 1627 2109
f 1750 1227 1763
f 1227 1840 1916
f 2182 2307 2186
f 1896 1527 1436
f 1422 1905 1839
f 3152 2705 756
f 1527 1819 1915
f 1527 1915 1436
f 3557 3652 3506
f 1905 1825 1914
f 1819 1818 1762
f 1819 1762 1915
f 1825 1826 1761
f 1818 1677 1838
f 1826 3123 1761
f 2513 2290 3971
f 1677 3111 3165
f 2167 1934 4000
f 1826 1906 3123
f 1896 1436 1240
f 3111 3215 3165
f 3111 3066 3215
f 3203 3214 3080
f 1678 1240 1627
f 1677 3165 1838
f 3066 3079 3215
f 2860 673 637
f 3203 3068 3214
f 3068 3164 3214
f 1154 1123 4014
f 1088 1847 1769
f 3200 2756 2727
f 3068 3114 3164
f 2712 2755 3164
f 824 3405 2643
f 2323 2679 2547
f 3114 2712 3164
f 119 93 35
f 2117 2028 931
f 2569 2567 2431
f 1374 1851 941
f 3215 787 682
f 2756 2804 3031
f 2707 2755 2712
f 168 193 242
f 2804 2708 2818
f 2707 2712 2817
f 1498 2741 1391
f 2708 3011 2772
f 2717 3266 3398
f 807 3548 3282
f 738 2892 2869
f 2771 3010 2817
f 1835 1913 930
f 2323 2196 2679
f 1634 1170 1701
f 2958 3010 2771
f 1345 2172 1121
f 3011 4050 2863
f 4047 2958 2915
f 4050 4062 2863
f 4050 2845 4062
f 3888 816 2312
f 3831 3360 855
f 2124 537 2157
f 4061 4047 2915
f 234 385 360
f 2893 4047 4061
f 3011 2863 2772
f 2845 2982 4062
f 2981 2821 3081
f 2845 2895 2982
f 3845 2641 3907
f 2895 732 2982
f 2895 714 732
f 237 184 234
f 99 111 45
f 766 713 781
f 714 678 732
f 1060 1937 1293
f 714 767 678
f 3023 2810 2743
f 1505 1911 1689
f 731 766 781
f 1761 3123 1246
f 2959 766 731
f 3610 3247 3453
f 406 405 507
f 306 280 279
f 767 677 678
f 767 4049 677
f 3662 3769 3614
f 4048 2959 676
f 4049 599 677
f 1884 1666 1736
f 598 4048 676
f 1806 1881 1063
f 3414 4048 598
f 3264 3263 3425
f 3264 3425 599
f 3477 3414 3424
f 3263 3262 3485
f 1758 964 1693
f 3263 3485 3425
f 3415 3477 3738
f 564 3243 3337
f 4015 2536 816
f 1812 3201 1493
f 3738 3477 3424
f 3262 3416 3895
f 580 3415 3737
f 3529 3524 3530
f 3416 597 3895
f 835 580 854
f 1460 1304 1303
f 582 3311 3894
f 2024 2272 2408
f 3311 3782 3894
f 3311 3772 3782
f 3310 835 3831
f 3772 3310 3831
f 3772 3831 3782
f 1598 1215 1870
f 2763 2969 3163
f 2880 671 2012
f 3163 2969 635
f 730 3078 675
f 2862 3078 730
f 2724 3078 2862
f 706 758 672
f 2906 3022 2724
f 2969 4056 635
f 4056 675 635
f 4056 2862 730
f 872 870 944
f 819 818 3293
f 3430 3627 3742
f 3627 3579 3628
f 3528 3319 3781
f 1955 1095 2196
f 1298 1055 1095
f 3528 3781 3579
f 3456 3923 3861
f 20 55 19
f 3318 3578 3780
f 2945 684 638
f 3177 655 687
f 3780 3578 3627
f 3631 3534 3585
f 3228 3955 549
f 595 3779 3319
f 3576 3319 3528
f 3830 3577 3318
f 3318 3577 3578
f 595 3954 3779
f 3828 3577 3830
f 1097 1056 1096
f 1299 1096 1341
f 3893 780 3829
f 1341 1096 1055
f 3893 3829 3954
f 779 3423 3828
f 1394 1862 1861
f 1572 1709 1135
f 3828 3423 3577
f 3953 778 780
f 1452 1096 1299
f 3953 780 3893
f 728 3269 779
f 674 634 778
f 1574 1195 1641
f 1192 1861 1641
f 3051 1192 3190
f 1392 1981 2058
f 729 778 3953
f 633 3422 728
f 786 727 2919
f 596 634 674
f 633 3736 3422
f 673 3736 633
f 2857 2861 727
f 3929 3339 567
f 3639 2993 3549
f 2815 2722 2871
f 852 727 596
f 2913 2859 2861
f 1859 1638 1858
f 1513 1405 1186
f 2914 1953 2860
f 1953 3736 2860
f 2913 4060 2859
f 2151 1953 2914
f 2368 1996 2074
f 615 655 688
f 3393 3457 3927
f 2980 2151 2914
f 3401 853 595
f 1957 2652 2161
f 2980 1954 2151
f 3401 594 853
f 3401 3245 594
f 2403 1954 2268
f 2858 923 2404
f 3588 3633 3442
f 3357 3317 601
f 3245 3952 594
f 1803 1810 1525
f 711 758 4035
f 3245 3461 3952
f 3951 2857 593
f 2906 2724 2862
f 2492 4018 2403
f 2403 4018 1954
f 2961 658 4019
f 3527 3574 3427
f 1786 1865 1863
f 2593 1995 966
f 2857 2913 2861
f 992 2678 2492
f 3574 3625 3427
f 2492 2678 4018
f 2239 1996 2368
f 3876 3905 532
f 2912 2619 993
f 2256 2388 2062
f 1758 2619 2912
f 818 1758 2912
f 2912 923 2858
f 1953 3484 3736
f 895 2075 966
f 2628 2367 2491
f 2395 2619 1758
f 3625 3575 3428
f 2108 2546 922
f 2194 851 3421
f 932 966 2031
f 1267 1455 1255
f 1688 2264 1693
f 3725 792 534
f 1760 2318 2019
f 818 3294 2677
f 1760 2545 2318
f 615 656 687
f 721 774 750
f 3294 3339 2544
f 2250 2468 2378
f 2718 3023 2692
f 2363 3999 2065
f 2697 1571 1184
f 1952 3340 2193
f 926 992 2633
f 3643 3754 1952
f 3626 3643 1952
f 2003 1672 2088
f 3753 3642 3821
f 1684 1688 1751
f 1808 1667 1885
f 1667 1705 1564
f 3642 3596 3626
f 1423 1907 1759
f 1543 2676 1836
f 1424 1423 1759
f 1038 2676 1543
f 1239 1038 1543
f 1581 2372 2240
f 1386 1492 1190
f 2019 2318 2546
f 849 592 1952
f 1388 1494 1566
f 2063 1986 890
f 2075 1784 1712
f 1040 4017 2676
f 1865 968 2594
f 1039 1758 1162
f 2514 2291 2150
f 1161 4017 1040
f 3147 760 688
f 1228 1424 1692
f 2994 2788 2741
f 1039 1692 1758
f 3442 3490 3226
f 3144 3802 3210
f 1036 1692 1039
f 3998 2646 2156
f 2654 4017 1161
f 1328 1228 1692
f 1328 1692 1369
f 3667 3520 1452
f 1958 2232 2032
f 1321 1534 1434
f 1440 1539 1628
f 1367 1691 1037
f 3324 541 1128
f 1433 1321 1366
f 2200 2554 933
f 1322 1321 1433
f 1366 1321 1434
f 1626 1691 1327
f 1730 1663 1783
f 2456 2595 2363
f 3502 3341 3626
f 1614 1322 1542
f 3499 3587 3595
f 1250 1626 1370
f 1036 1479 1284
f 1035 1283 1479
f 2027 898 2276
f 1646 1767 1251
f 2549 1691 2030
f 1692 1284 1369
f 1690 1238 1283
f 1237 1229 1432
f 1756 1757 1625
f 1752 1229 1237
f 1712 1238 1690
f 2837 2887 4067
f 1199 1630 1767
f 1712 1624 1238
f 2551 1036 2552
f 1712 1784 1237
f 1756 1913 1835
f 1756 1835 1757
f 1912 1913 1756
f 3610 3723 3378
f 3260 576 3413
f 956 2064 889
f 3472 3257 3367
f 1784 1864 1752
f 1084 2543 1044
f 1912 1834 1913
f 3773 2317 2544
f 1908 1785 1753
f 1711 1200 1644
f 2447 2588 2361
f 3773 2543 2317
f 631 2098 2114
f 2291 2168 849
f 3391 809 3280
f 1498 1089 1770
f 2495 917 997
f 1755 1622 1834
f 1623 1622 1755
f 959 2066 1991
f 955 887 959
f 1464 1310 1215
f 1390 1563 1184
f 1785 1501 1753
f 1184 1563 1493
f 167 235 187
f 2485 2480 2486
f 2065 1991 2326
f 3664 2542 2675
f 1753 1501 1230
f 2267 3664 3735
f 3514 3513 3661
f 3615 3665 3483
f 3379 3708 3688
f 3236 559 3326
f 1501 1578 1230
f 27 28 30
f 136 437 436
f 3735 3664 3483
f 3609 3655 3612
f 3664 3615 3483
f 3444 3242 3852
f 1155 1029 2505
f 2168 2655 849
f 4001 3972 849
f 3972 2979 849
f 2831 723 671
f 1579 2396 1578
f 2491 1620 1236
f 3482 2267 3735
f 2482 2396 1579
f 2490 2626 1621
f 2491 2367 1620
f 1186 1859 1495
f 3184 3049 2690
f 2483 2482 1579
f 592 3626 1952
f 2237 2367 2628
f 2869 4069 3273
f 384 359 435
f 1615 2483 2371
f 1188 1563 1390
f 796 3277 538
f 1327 1691 1367
f 3465 3713 3712
f 3009 2754 2373
f 2365 2451 2979
f 2655 4001 849
f 2489 2626 2490
f 2976 3500 2978
f 2372 1231 2240
f 2836 758 4067
f 3528 3579 3430
f 106 10 27
f 2918 2860 637
f 1535 1231 2372
f 3486 3430 3742
f 3862 3239 3702
f 3456 3861 3702
f 27 26 9
f 2609 2252 2254
f 2591 2855 2911
f 1557 1542 1173
f 2697 2741 1391
f 2713 1616 968
f 3646 3599 3500
f 1568 1497 1706
f 734 3828 3784
f 968 1536 2594
f 2611 2465 2498
f 3983 2148 1051
f 1541 1431 2489
f 2077 2376 2243
f 776 769 723
f 3831 835 3360
f 2244 2461 2460
f 3625 3482 3575
f 3265 3478 3709
f 2079 902 972
f 3574 3482 3625
f 1235 1234 1430
f 1618 3078 2265
f 3212 3162 3043
f 482 481 454
f 1432 1614 1542
f 1428 1233 1619
f 3135 641 602
f 1233 1428 1429
f 1905 1914 1839
f 2855 2856 2911
f 777 724 740
f 2896 2846 632
f 170 169 144
f 726 3030 2725
f 3526 726 2725
f 672 2770 726
f 1233 1618 2265
f 2846 2897 632
f 3848 3847 3909
f 672 2815 2770
f 3883 3946 3891
f 542 3329 3794
f 2817 2984 4065
f 713 2893 2981
f 929 2549 2030
f 2635 2028 2278
f 2715 2960 4051
f 1513 1387 1186
f 1265 1454 1451
f 3327 3591 3746
f 2221 2347 2217
f 2897 3211 2815
f 675 3213 635
f 3029 3213 2723
f 2723 3213 3078
f 2387 2415 2281
f 3848 3283 3910
f 3157 2754 3115
f 628 772 2764
f 2046 1553 2339
f 2319 3295 851
f 2754 2803 3069
f 2484 2589 2397
f 3703 559 3236
f 1955 2153 1131
f 1376 1486 1375
f 2795 2747 2746
f 3425 3532 3672
f 3868 3400 3710
f 873 2047 2343
f 191 392 212
f 241 191 139
f 3463 3929 3399
f 2809 3070 2714
f 3116 3070 2809
f 3211 3162 2815
f 2592 2452 2402
f 3076 3122 3212
f 979 1793 1871
f 3162 3122 3077
f 3076 3317 3122
f 3357 3317 3076
f 2882 2832 4033
f 2944 2883 2832
f 2882 647 4025
f 2882 696 746
f 586 3355 837
f 2166 894 2648
f 188 138 162
f 215 166 188
f 3747 2737 3634
f 837 3355 838
f 2489 1431 2626
f 1175 1431 1558
f 71 56 69
f 772 2903 725
f 1432 1542 1174
f 2441 2579 2578
f 2903 2851 725
f 2579 2440 2578
f 4025 2933 4024
f 3954 3829 3779
f 3860 808 3921
f 651 4030 2829
f 3569 3770 3777
f 3316 3801 3335
f 2425 2338 2042
f 2851 667 725
f 4035 2944 2833
f 3191 757 3146
f 3784 3830 3785
f 2537 2673 1296
f 3550 3641 3614
f 3401 595 3576
f 667 777 725
f 3699 3387 3697
f 2591 965 2402
f 3519 3819 3616
f 1315 3620 3676
f 1499 2365 1574
f 667 724 777
f 2436 2437 2575
f 2429 2568 942
f 3819 3818 3616
f 3697 3403 3383
f 2541 915 989
f 3105 3147 3178
f 3366 3219 3365
f 3497 3641 3550
f 3213 3163 635
f 3636 3452 3494
f 2401 2090 2018
f 841 840 3777
f 4005 1948 1124
f 32 2 3
f 587 3886 3950
f 3403 654 3247
f 3886 841 3949
f 2145 1948 3315
f 2145 3973 4003
f 1875 1659 1723
f 1487 1377 2222
f 821 823 591
f 3891 821 591
f 3638 2929 3369
f 823 3480 3890
f 3602 3544 3491
f 823 3715 3480
f 1925 3225 3373
f 1044 2675 1168
f 3411 795 794
f 2849 3731 3734
f 3715 3717 3734
f 965 2592 2402
f 2517 2314 2674
f 3717 3600 2977
f 3600 2975 2977
f 2002 1663 891
f 3645 3500 2976
f 2711 4053 2975
f 3600 3501 2975
f 3284 3796 3911
f 2150 849 1952
f 3501 3028 2975
f 825 569 1129
f 1626 1757 1691
f 3744 3593 3792
f 2814 3644 2768
f 3999 2065 2649
f 3644 3645 2768
f 697 613 646
f 3411 825 3718
f 1991 2327 2200
f 1668 1808 1886
f 3648 2813 3028
f 3289 3800 3746
f 3017 2760 2813
f 3648 3650 2813
f 3796 3750 3749
f 850 3626 592
f 1504 1179 1562
f 3137 3093 3091
f 3756 3074 3027
f 3650 3756 3027
f 1993 2231 2362
f 3145 3121 3074
f 2808 3113 3121
f 3145 3099 3121
f 3099 2767 3121
f 3053 1538 2767
f 2133 2357 3966
f 2253 2386 1992
f 1713 1427 1538
f 2542 1285 1043
f 1621 1236 1622
f 1788 1232 1427
f 3389 3548 3282
f 1867 1617 1232
f 626 2803 770
f 190 342 492
f 1398 1689 1617
f 1749 1748 1689
f 1398 1505 1689
f 3059 3195 2799
f 2656 3934 3897
f 1899 1749 1911
f 1505 1584 1911
f 1584 1833 1911
f 984 1899 1833
f 1584 1202 1833
f 3912 545 3285
f 3482 2726 2267
f 1202 991 1833
f 2242 2401 2018
f 2009 2090 2401
f 2242 2596 2401
f 244 369 319
f 3472 3843 3904
f 2735 3195 2779
f 2799 2777 2732
f 3171 2702 3038
f 2458 921 2107
f 990 988 2017
f 1732 1346 1812
f 914 2091 921
f 2458 2169 921
f 3438 3472 3224
f 2596 2107 2401
f 2169 989 921
f 2071 2650 2539
f 2315 2540 988
f 2651 2165 2316
f 2540 2316 988
f 912 2270 2629
f 1307 1463 1466
f 813 3921 3855
f 771 3063 2902
f 1607 1680 1753
f 1387 1495 2740
f 2517 2674 2541
f 2192 2539 2540
f 573 3667 1324
f 3508 3605 3806
f 726 3526 3482
f 1716 1648 1715
f 3211 725 3042
f 3025 2812 2822
f 2772 2863 2730
f 2517 970 2314
f 1660 1729 1728
f 1466 1812 1889
f 2623 985 918
f 2741 2787 3174
f 3777 3770 3827
f 142 193 238
f 970 920 2314
f 2393 2407 2271
f 1951 2106 919
f 2580 2442 1558
f 40 93 35
f 3022 2715 4051
f 971 1997 2488
f 2625 2105 2106
f 905 1789 2088
f 3669 3207 3166
f 1385 1518 1855
f 2624 2103 2104
f 102 37 36
f 1421 2480 2485
f 1537 2103 2624
f 2078 1832 2485
f 2068 962 2103
f 1910 2102 2103
f 902 1999 1831
f 3482 3271 683
f 1999 1829 1831
f 1981 974 2058
f 1149 1024 1075
f 426 498 473
f 1828 1754 2101
f 1789 1898 2393
f 1549 1428 1440
f 1716 1715 1714
f 1648 918 1909
f 973 904 2623
f 473 495 469
f 2493 2630 927
f 2622 986 987
f 2727 3031 2922
f 3562 845 3621
f 904 2399 2623
f 1776 1716 1775
f 904 2597 2399
f 65 14 48
f 1824 1421 1832
f 2013 2621 2398
f 1156 1480 1041
f 2099 2397 2013
f 3152 4043 762
f 3472 3438 3680
f 2599 2012 916
f 631 2909 2620
f 2399 2481 2623
f 1227 1916 1763
f 2173 2664 2145
f 1425 1426 1526
f 670 2909 631
f 2769 3213 3029
f 2831 2941 723
f 722 4059 2974
f 722 2974 670
f 4032 653 2908
f 1520 2475 2602
f 775 4059 722
f 4058 773 630
f 721 4057 774
f 2973 720 773
f 1602 1522 1416
f 2720 3160 720
f 4060 2269 2409
f 1809 1887 1414
f 3185 3161 699
f 2720 720 2973
f 3161 3026 2972
f 1810 1518 1525
f 2812 3160 2720
f 679 2112 4064
f 1413 1523 1414
f 3554 3296 3404
f 3025 3208 2812
f 1520 1414 1817
f 3120 3117 3024
f 3323 3404 3745
f 1273 1462 1143
f 3159 3118 3119
f 3159 2765 3118
f 2766 3071 3117
f 2810 3071 2766
f 3207 2765 3159
f 3669 2719 3207
f 3009 2373 2267
f 3669 2717 2719
f 2934 2717 3398
f 3023 3776 3158
f 2718 3776 3023
f 2475 2613 2602
f 1270 2312 1478
f 3394 3267 2995
f 3525 2717 3624
f 3080 3214 2728
f 3525 3266 2717
f 3420 3524 3267
f 2166 2510 2649
f 3573 3524 3420
f 3664 3554 3615
f 972 901 2055
f 3826 3478 3265
f 2657 3344 2538
f 3825 3573 3479
f 258 509 458
f 202 380 428
f 328 501 404
f 3824 3478 3826
f 847 590 3418
f 3312 3774 3783
f 2758 2759 2867
f 3823 3825 3419
f 846 590 847
f 3296 796 538
f 3198 3152 762
f 3702 3862 556
f 764 3106 617
f 2654 2514 2150
f 2232 1768 1482
f 2701 4044 2796
f 317 387 291
f 3826 3265 3622
f 1411 1893 1814
f 1269 2313 2189
f 1345 1269 2536
f 2863 3033 2730
f 1879 1664 1385
f 3520 3572 3889
f 2759 2967 2865
f 3523 3948 3572
f 3875 2888 2946
f 127 152 201
f 3978 4011 3980
f 1213 1405 1513
f 5 73 3
f 573 3667 3523
f 900 899 2057
f 1276 1256 3964
f 1365 2538 1326
f 3297 571 3805
f 413 290 314
f 514 414 512
f 1715 1648 1909
f 2657 2538 1326
f 3636 3249 3378
f 3562 3887 845
f 589 3668 845
f 316 289 313
f 128 153 429
f 845 3668 3621
f 3697 3403 3693
f 2705 4043 3152
f 461 462 487
f 1059 4015 3984
f 3865 3926 561
f 812 561 3925
f 3925 805 3858
f 3290 3802 3098
f 1059 1121 4015
f 1068 1108 1109
f 4014 1123 3984
f 2868 2914 2918
f 3178 3147 688
f 1059 1123 3984
f 813 3926 3865
f 1154 1949 2149
f 3182 3800 3133
f 1028 3315 3732
f 1028 3732 2149
f 1938 1034 1159
f 698 613 749
f 1427 1420 1538
f 2136 1033 1159
f 2136 1938 1159
f 617 764 655
f 3806 3508 3555
f 707 757 705
f 3558 1266 3571
f 1491 1260 1383
f 2133 2457 2357
f 1315 3620 3733
f 1821 1897 1546
f 566 2912 2857
f 1468 1315 1936
f 3975 4005 1079
f 2558 2204 290
f 3914 3911 3849
f 1277 1468 3973
f 1803 1411 1525
f 1466 2145 3973
f 2600 2415 2281
f 2660 2524 1149
f 3174 3791 3130
f 3112 3013 2899
f 1805 1804 1881
f 3397 3265 3709
f 1059 2183 2186
f 309 509 406
f 2097 2011 2012
f 854 3737 3787
f 1266 2311 3888
f 1402 2577 2439
f 3801 3752 3536
f 290 312 462
f 2188 1455 2311
f 1179 1448 1562
f 2678 2546 1448
f 1244 1697 1249
f 1301 2537 1343
f 2206 2036 2330
f 4016 2673 1099
f 3757 3803 3333
f 2348 1591 2220
f 2602 1399 1695
f 1507 1602 1522
f 1529 1222 1241
f 1012 3983 1058
f 561 3925 3858
f 2672 1325 1950
f 559 3236 804
f 2198 932 2550
f 861 935 1960
f 2496 2400 2275
f 2625 2106 1951
f 2400 2105 2625
f 3287 3751 3331
f 2518 1364 1325
f 3285 545 3797
f 2188 1267 1455
f 2656 2518 1364
f 1364 1299 1341
f 1285 1767 1043
f 862 1967 937
f 573 2656 1324
f 1920 1837 1698
f 1345 1121 2536
f 760 709 614
f 1154 4014 1949
f 704 2939 4030
f 1773 863 1700
f 2085 910 2110
f 3620 3732 3316
f 4024 606 2932
f 696 746 606
f 1851 1634 1700
f 2671 1948 1158
f 2381 1592 2249
f 1157 2671 1947
f 3956 3789 3380
f 1151 1025 1152
f 3975 2147 1079
f 1488 1489 1379
f 587 3950 724
f 870 2427 866
f 1554 2046 1553
f 2132 1933 2512
f 1932 1930 2129
f 1971 946 2565
f 3829 780 735
f 3721 3314 843
f 2265 2591 2402
f 3865 3926 812
f 807 3859 550
f 1742 1673 1891
f 1486 877 1852
f 3408 3822 3775
f 3393 814 3240
f 435 133 204
f 3408 3252 3775
f 943 865 939
f 2386 2277 1992
f 3821 3642 3626
f 1448 2546 1260
f 2158 2285 1049
f 828 3618 3822
f 1602 1214 1218
f 828 3408 3822
f 575 3666 3618
f 648 608 645
f 2796 3617 683
f 3472 3725 3249
f 1035 1036 2551
f 3872 3935 3522
f 647 608 606
f 1236 1620 2413
f 2428 2208 2564
f 3872 3570 3522
f 1757 1835 2118
f 1043 1767 1168
f 1371 1125 1330
f 1034 1079 1330
f 1477 1033 1330
f 943 867 941
f 1700 1634 1633
f 2339 2340 2209
f 3721 3606 3619
f 2187 1476 3521
f 608 749 747
f 2658 1476 2187
f 1040 1080 2547
f 2042 1967 937
f 589 3617 3668
f 842 629 3617
f 3506 3556 3452
f 2428 2340 2564
f 2209 2337 2422
f 764 2716 3947
f 153 178 380
f 3866 810 554
f 3620 3316 3335
f 2124 3373 537
f 1451 1262 1261
f 1134 1006 1451
f 3548 3495 3635
f 2970 2905 2971
f 2572 2216 2433
f 4055 2852 2971
f 3344 2658 2538
f 3639 3594 3336
f 2905 2853 2906
f 2969 4055 2971
f 1975 2053 2216
f 3000 2696 2795
f 3639 3291 3336
f 2801 2835 4036
f 599 3672 3166
f 2969 2971 4056
f 3499 3639 3595
f 3450 3694 3854
f 3700 3389 3450
f 2853 3022 2906
f 1172 1556 1485
f 2714 3070 3020
f 2853 2715 3022
f 1634 941 1773
f 2905 3021 2715
f 4026 649 692
f 2970 3021 2905
f 2970 2764 3021
f 2904 2764 2970
f 1731 1720 1814
f 2747 3144 3097
f 1142 1104 1009
f 3205 3116 2809
f 2852 3020 2904
f 873 946 1971
f 2347 2219 2345
f 4049 3264 599
f 2992 2783 2785
f 2852 2714 3020
f 2969 2809 4055
f 2153 2323 1956
f 1486 1375 1852
f 3155 3064 3205
f 3453 3234 3495
f 3725 3877 3901
f 662 628 668
f 3389 3700 3591
f 2438 2436 2573
f 712 772 628
f 1042 2317 1084
f 3602 3501 3601
f 1407 1879 1855
f 2843 2851 2903
f 627 667 622
f 587 627 834
f 3725 3877 792
f 1095 1136 2679
f 3886 3945 579
f 2568 869 2429
f 2499 998 2635
f 880 2635 2583
f 841 579 581
f 1975 2218 1974
f 855 847 3361
f 4039 2951 2949
f 453 378 354
f 622 2959 4048
f 2701 2954 4044
f 764 2944 2923
f 3195 2799 2698
f 1181 2994 1631
f 3568 3569 3515
f 3568 3516 3663
f 3700 3450 3232
f 3568 3515 3516
f 3865 812 3860
f 3519 3616 3663
f 3519 3663 3567
f 2332 2331 2203
f 3417 3519 3567
f 3820 3771 3417
f 3417 3261 583
f 1976 2051 1975
f 1976 874 948
f 3421 3586 3535
f 2019 2546 2108
f 838 839 583
f 2461 2599 916
f 837 838 584
f 838 583 584
f 586 837 585
f 1132 1017 1005
f 837 584 585
f 2221 2219 2347
f 3062 3355 586
f 586 836 623
f 2436 2435 2344
f 2576 2436 2347
f 2902 719 768
f 1674 1892 1406
f 3236 559 556
f 3391 3234 3452
f 69 102 37
f 3209 2811 3026
f 771 2902 2844
f 770 771 715
f 1592 1209 2349
f 1161 1040 2679
f 998 2030 2118
f 770 715 716
f 93 92 119
f 2804 2818 3031
f 626 770 716
f 3320 3533 3586
f 1732 1729 1661
f 626 664 3110
f 2053 2052 2051
f 1376 1556 1485
f 626 716 664
f 3237 3235 3454
f 1662 1783 1860
f 1674 1892 1801
f 1892 1893 1406
f 1756 1625 1249
f 2766 3117 3120
f 3115 3069 3110
f 3157 3115 3065
f 3157 3065 3199
f 1724 1593 2054
f 637 633 680
f 779 3269 3423
f 1196 1575 1710
f 1573 1710 1193
f 2396 2615 2259
f 1536 1220 1417
f 3928 3458 558
f 554 3924 806
f 3151 2750 3085
f 950 876 1973
f 1425 1526 1528
f 1797 1874 1663
f 811 3863 3800
f 1231 1535 1418
f 3451 3232 551
f 3392 810 559
f 1231 1418 1605
f 2193 3295 2319
f 1029 1100 1091
f 1852 1635 1972
f 2483 1615 1221
f 1615 1605 1221
f 1798 1512 1596
f 2386 2254 2611
f 2654 3986 4017
f 2482 2614 2615
f 3232 3700 3383
f 2374 2018 991
f 2259 1607 1230
f 670 2974 2909
f 1607 1753 1230
f 2576 2439 2436
f 3407 3468 3722
f 321 398 374
f 599 3425 3672
f 4037 2945 2846
f 2630 2393 2271
f 2947 2896 2855
f 3660 3513 3514
f 2393 1898 2962
f 3210 2721 3075
f 2175 2526 2298
f 1361 2172 1117
f 3331 3284 3849
f 2098 2099 2026
f 829 574 3346
f 3409 3472 3256
f 3479 3573 3420
f 2945 4037 3001
f 3567 582 3261
f 402 426 225
f 3719 3251 3412
f 3483 3665 850
f 2710 2721 2814
f 3975 1938 1281
f 2192 2315 2321
f 3769 3662 3955
f 3349 3764 3807
f 125 99 355
f 122 78 17
f 2633 2492 2272
f 3807 3871 3301
f 583 3416 3262
f 3808 3873 3807
f 1600 1214 1663
f 3549 3637 3592
f 493 418 217
f 2658 3760 3937
f 828 3253 3408
f 829 575 828
f 1580 2370 1644
f 2368 2074 2238
f 1426 1425 2454
f 1802 1514 1567
f 2521 3873 3808
f 960 2067 2446
f 655 615 687
f 2239 885 1984
f 2521 2658 1014
f 3658 3469 3610
f 2768 3645 2976
f 1570 1188 1496
f 967 895 1995
f 1577 1711 1197
f 3469 3723 3610
f 616 4037 2961
f 733 2899 2917
f 3262 3895 3485
f 3119 3072 3025
f 302 272 348
f 275 280 331
f 3761 3634 3177
f 781 2981 3081
f 2108 922 995
f 3149 3195 2735
f 905 2081 1789
f 2915 2771 2729
f 1813 1892 1815
f 3506 3557 3665
f 3399 567 3243
f 3148 2796 3192
f 3712 3713 3599
f 1523 2389 1585
f 2146 1936 2121
f 87 35 60
f 2951 4043 2949
f 4039 4040 2699
f 155 133 130
f 2607 909 977
f 1586 2379 2464
f 1652 1718 1743
f 4044 2840 2948
f 2948 3002 2699
f 2701 3004 2699
f 685 2738 2781
f 2599 2880 2012
f 2796 2701 3002
f 3237 3455 3699
f 1305 1803 1347
f 2848 2978 2910
f 521 520 321
f 2705 2700 3003
f 4043 3003 2949
f 334 258 484
f 406 507 280
f 405 280 305
f 822 823 821
f 2387 2473 2522
f 3885 3884 3890
f 3701 3870 3454
f 1686 2091 914
f 246 448 147
f 3061 3198 3147
f 2499 2635 2056
f 1948 1157 1124
f 760 3103 3147
f 2697 3201 3202
f 2264 2395 1758
f 2078 902 1832
f 3656 3608 3607
f 2398 2621 986
f 1619 1233 1561
f 18 15 77
f 657 617 655
f 3204 3199 3156
f 1956 929 2499
f 4055 2809 2714
f 1891 1652 1743
f 762 709 760
f 3647 3600 3717
f 1358 1046 1086
f 3058 3152 3107
f 1647 3053 3100
f 3068 769 3114
f 2510 1985 1088
f 2887 2837 2884
f 560 3921 3859
f 1435 1160 1038
f 1616 1536 968
f 3597 3755 3802
f 3193 708 3147
f 2837 710 761
f 2939 756 703
f 3188 3160 3141
f 2748 2945 3001
f 1625 1757 1626
f 3712 3599 3646
f 658 616 4042
f 1726 1659 1878
f 616 2950 4042
f 160 467 134
f 2702 3005 2987
f 1659 1875 1662
f 1521 1601 1415
f 764 658 617
f 3279 830 3324
f 1865 1396 1645
f 1805 1884 1736
f 2606 2467 2605
f 3308 831 3357
f 2915 2958 2771
f 762 2837 710
f 763 759 707
f 2886 763 2836
f 3502 1255 3540
f 3273 3527 3427
f 4043 2887 2837
f 86 99 72
f 2886 2701 2796
f 2203 315 289
f 976 979 907
f 3556 3504 3247
f 641 725 740
f 2850 717 784
f 2952 4043 2951
f 2799 3196 3055
f 3489 3341 3538
f 461 487 508
f 2888 764 2838
f 2952 2951 2886
f 3154 2888 3766
f 1917 1082 1550
f 3767 3809 3352
f 3182 2698 3132
f 3766 3761 3815
f 1573 1193 1776
f 903 1716 1776
f 509 508 407
f 4007 1459 1458
f 286 285 409
f 2105 1994 2106
f 4006 4007 1458
f 4007 1270 1459
f 1270 3558 3299
f 3634 3761 3543
f 282 258 332
f 1077 2533 2306
f 2306 2145 2146
f 2145 3973 1936
f 3979 4006 3982
f 3962 3538 1254
f 2143 1345 1121
f 2459 904 974
f 2008 2406 2270
f 1226 1764 1242
f 2307 2182 1121
f 1036 1284 1692
f 3152 2705 762
f 655 3057 614
f 1181 2994 2741
f 2533 2534 2670
f 568 3930 3400
f 817 3400 3868
f 192 243 191
f 318 518 364
f 1802 1707 1567
f 613 697 747
f 758 706 613
f 2886 2796 763
f 406 306 280
f 279 406 305
f 2312 2189 1478
f 2610 1511 2470
f 3755 3644 3210
f 593 852 3913
f 1831 1824 1832
f 446 418 217
f 2262 2479 2487
f 80 65 14
f 2175 1116 1945
f 2750 2799 3196
f 2974 2935 2909
f 3572 3948 3889
f 1841 1917 1629
f 1458 1459 1269
f 4058 2854 2921
f 726 2770 3030
f 3977 2525 1945
f 1315 3733 1936
f 2145 1936 4003
f 1939 2137 2145
f 1940 2173 2145
f 1142 1310 1104
f 2723 3078 1618
f 1407 1879 1513
f 3929 567 3399
f 3337 3497 3292
f 3316 3732 3337
f 4014 4015 816
f 2769 2763 3163
f 875 2050 2047
f 2947 4037 2896
f 2657 2519 2658
f 3583 3358 3833
f 834 3414 3477
f 1308 1349 1348
f 3435 3434 3686
f 1226 1613 1764
f 2178 2533 1077
f 3748 690 3180
f 1148 2178 1077
f 2095 1763 2020
f 2061 1985 1769
f 2178 2301 2184
f 245 196 367
f 2305 2178 2184
f 2301 2183 2669
f 2089 984 1685
f 2488 2618 920
f 218 217 216
f 2180 2666 2530
f 3197 3060 3198
f 1987 2276 2066
f 3237 3870 557
f 1944 2139 2144
f 3979 3982 4013
f 1032 1765 1694
f 169 220 193
f 1071 3812 3768
f 1026 1076 1153
f 1210 1592 1205
f 4042 2946 2944
f 1078 1163 1164
f 3582 3630 3359
f 200 426 498
f 477 478 499
f 2081 1717 1789
f 268 150 343
f 1215 1409 1655
f 2865 785 734
f 689 3090 3042
f 3113 3018 3074
f 3756 3145 3074
f 2180 2530 2302
f 1658 1722 1673
f 1721 1591 1207
f 636 2983 2409
f 1270 3571 2312
f 1805 1734 1670
f 1804 1881 1670
f 255 475 332
f 2887 2884 2835
f 1902 1824 1831
f 1830 2101 2102
f 2749 2797 2798
f 220 219 395
f 3151 3001 3102
f 611 650 2828
f 380 284 310
f 2310 2188 1267
f 1509 1401 1507
f 861 2334 2420
f 733 2919 2920
f 1593 1724 1721
f 3976 2528 2666
f 522 521 419
f 4032 2908 776
f 2663 2529 2532
f 218 216 442
f 1195 2236 1264
f 2261 994 2024
f 451 452 374
f 450 221 449
f 452 374 395
f 3186 3093 3045
f 3268 3421 3535
f 3533 3674 3535
f 3542 3391 3280
f 1269 2536 2313
f 1229 1614 1432
f 658 656 615
f 233 439 135
f 3402 3270 3271
f 613 3054 3403
f 2127 1929 1447
f 1192 1641 1572
f 3564 3611 3513
f 3127 2799 2733
f 374 398 370
f 3307 3302 3354
f 1532 1821 1546
f 755 2684 3045
f 1590 1209 1509
f 3239 559 3386
f 1849 1632 203
f 1687 915 1031
f 3352 3812 3353
f 1238 1624 1378
f 2954 754 3143
f 2701 3004 2954
f 3106 3153 3061
f 676 2959 731
f 3737 3415 3738
f 3396 848 3241
f 847 3418 3824
f 3558 3299 3341
f 3538 3341 1254
f 764 658 4042
f 3761 3810 3938
f 4034 2882 2832
f 3934 3403 3870
f 2757 2773 2819
f 2965 4052 2757
f 2841 2840 4044
f 3313 3832 3783
f 4052 2768 2976
f 1830 2102 1910
f 9 33 7
f 3751 3286 3330
f 1471 1280 1147
f 2753 2798 2890
f 1658 2053 1977
f 2083 1653 2257
f 2802 2749 2753
f 3582 3312 3630
f 3254 3728 2840
f 1146 1739 1106
f 2602 1399 2634
f 3018 3017 3027
f 3411 3811 3304
f 3257 3564 3411
f 2264 1758 1693
f 2172 1477 1326
f 3939 570 824
f 3725 3303 3812
f 2832 2883 4033
f 608 613 747
f 1139 1012 1002
f 2954 702 4028
f 3350 3348 3351
f 3257 3906 3438
f 1798 1877 1796
f 1455 1445 1255
f 3187 3118 2791
f 3745 3404 3322
f 3402 3735 3271
f 716 4050 664
f 1438 1547 1920
f 2524 1020 2664
f 346 295 398
f 3013 3014 3075
f 3353 3347 3307
f 3254 3302 3347
f 3654 3651 3603
f 3016 3629 3581
f 2967 4063 2865
f 1342 1300 1454
f 1378 3994 1338
f 1445 1459 3987
f 1100 2307 1060
f 2888 2838 2946
f 3868 816 3888
f 2829 4030 2931
f 2940 2881 2931
f 315 263 287
f 636 2963 782
f 2963 3067 2898
f 2897 2764 3211
f 2523 2659 2664
f 523 521 419
f 3005 3058 2751
f 3876 3305 1070
f 1672 1598 1203
f 2246 2377 2463
f 1997 2376 2487
f 3611 3659 3661
f 3560 3555 3505
f 199 249 268
f 3343 572 3297
f 3660 3565 3513
f 1793 2469 1510
f 2205 1963 2038
f 1850 1483 1771
f 3565 3564 3513
f 1112 1091 2159
f 3612 3565 3660
f 3300 1267 3558
f 2266 2627 2581
f 1081 1694 1370
f 727 2861 2919
f 584 3263 585
f 2373 1582 2267
f 3812 3352 3768
f 2479 2618 2488
f 4004 1344 1456
f 678 677 3167
f 671 2097 2012
f 1022 2529 1470
f 1823 2009 1901
f 1692 1424 1759
f 191 212 164
f 3038 2702 2987
f 1059 1100 1060
f 3504 3561 3250
f 1830 1910 1845
f 3470 3412 3511
f 3726 3727 3412
f 3473 3255 3726
f 1750 1904 985
f 221 449 169
f 3981 3976 4012
f 1151 1070 1118
f 1576 2237 1196
f 2363 2065 1372
f 3945 3415 579
f 3471 3724 3723
f 3610 3921 3700
f 1361 1282 1474
f 175 200 498
f 326 401 296
f 2260 2007 911
f 3119 3118 3072
f 906 2082 2080
f 3298 3557 3502
f 2894 766 2959
f 663 4048 3414
f 1751 1688 1693
f 2952 2887 2835
f 2664 1149 1023
f 504 479 274
f 3082 3025 2822
f 2379 2378 2247
f 2247 2246 2604
f 3341 3502 3248
f 2291 849 2150
f 1783 960 1569
f 450 221 171
f 1645 1502 1711
f 3931 549 3851
f 1492 1778 1639
f 898 969 1759
f 3103 760 614
f 491 465 265
f 2167 2290 2166
f 1728 1661 1800
f 554 3860 808
f 3697 3693 3383
f 3181 1093 3136
f 572 826 3869
f 3977 1945 1473
f 608 647 632
f 3977 4010 1945
f 3656 3606 3270
f 1218 1604 1219
f 2390 2258 2006
f 3806 3345 3759
f 1901 1841 1918
f 2142 3981 1946
f 400 399 372
f 3481 3714 3891
f 3597 3644 3755
f 2115 2013 2410
f 3654 3603 3804
f 1755 1912 1844
f 1621 1623 1248
f 2463 2377 906
f 1880 1803 1525
f 3552 3638 3593
f 2696 3552 3499
f 1035 1479 1036
f 1479 1283 1284
f 3779 3829 3786
f 1461 1880 1305
f 1125 1084 1044
f 1630 1166 1767
f 1330 1125 1166
f 871 2045 2340
f 2043 2041 1966
f 3499 3639 3587
f 3468 3356 3314
f 2347 2217 2345
f 1211 1674 1207
f 1016 1462 1143
f 608 654 747
f 2465 2380 2602
f 569 3962 1129
f 405 408 507
f 2839 2889 2841
f 1916 1440 1628
f 3716 3717 3715
f 2109 1627 997
f 1406 1893 1654
f 2702 2704 2801
f 2092 1247 1248
f 3283 3328 3847
f 2601 2600 2111
f 3008 2954 2997
f 254 476 330
f 528 308 307
f 1722 1741 1655
f 1496 1704 1638
f 789 2925 2870
f 2936 2878 739
f 1535 1528 1418
f 2568 1969 942
f 2669 1154 2534
f 1074 1148 1358
f 2473 2522 2659
f 1020 2523 2524
f 1378 2352 3994
f 1178 1382 2443
f 3589 3793 3325
f 1276 3968 1256
f 3875 3810 3766
f 983 2629 2494
f 1021 2661 1147
f 1759 1907 1693
f 2661 2525 1147
f 2469 2607 2606
f 2994 2742 2788
f 3004 2951 4039
f 2907 842 3898
f 1102 1881 1063
f 2658 1151 1014
f 1878 1860 1707
f 1642 1394 1861
f 1394 2592 965
f 3462 566 2857
f 3148 3192 707
f 2954 4044 4028
f 1144 1063 1011
f 1210 1592 1209
f 1537 2624 1552
f 246 245 195
f 3977 1356 1280
f 3931 821 3714
f 2615 2085 2086
f 1820 1608 1681
f 3007 3105 615
f 2870 2985 2926
f 3898 2925 789
f 2870 2925 4070
f 3057 3103 614
f 1497 1388 1566
f 1497 1639 1782
f 3553 3645 3598
f 3509 3561 3403
f 3560 3508 3403
f 1909 1903 1829
f 150 172 343
f 3999 2649 2640
f 1880 1415 1525
f 3205 2763 2816
f 2352 2222 3965
f 3940 1943 1944
f 3902 3939 3436
f 3995 1339 1294
f 742 3328 3043
f 3154 2695 2996
f 2139 1942 2140
f 2138 3940 1942
f 1794 1872 1511
f 3725 1071 1113
f 3439 3876 3683
f 2900 679 783
f 2617 2494 994
f 1139 1950 2148
f 726 3482 683
f 469 522 149
f 2139 3978 3979
f 1812 3201 1898
f 912 1749 2008
f 3408 3654 3252
f 3306 3813 3763
f 496 420 295
f 1657 1724 1723
f 3065 2804 3199
f 2987 3005 2683
f 2609 2471 2252
f 3750 3796 3284
f 1316 1281 1360
f 3341 3821 3626
f 3061 709 657
f 3198 3193 3147
f 3410 3257 3512
f 1403 2606 1210
f 4035 2833 2882
f 2732 2799 3126
f 2951 4043 2705
f 2799 3302 3196
f 3913 3850 3332
f 2069 2235 2104
f 1086 1114 1289
f 2750 3254 3151
f 2182 2143 1121
f 1154 1029 2534
f 143 165 186
f 1672 1653 1744
f 155 72 204
f 2702 2749 3005
f 1280 1356 1472
f 3331 3750 3284
f 903 1648 1716
f 2703 2986 2682
f 2703 2839 2889
f 1922 1830 1845
f 4006 1345 2143
f 2529 2182 2668
f 2702 2749 2797
f 3153 3194 3197
f 3473 3726 3412
f 3254 3347 3409
f 3850 3912 3285
f 2462 2461 2244
f 17 116 51
f 41 106 50
f 53 67 15
f 2236 2365 2979
f 770 2803 771
f 4045 2706 2803
f 3665 3502 3626
f 2751 2797 3128
f 1142 1464 1309
f 2263 2481 2399
f 3286 3913 3332
f 1028 2533 2670
f 97 126 94
f 2940 2831 2881
f 1885 1415 1525
f 3826 3622 3788
f 1115 1116 2179
f 2315 988 990
f 2321 2315 2322
f 2624 2104 2400
f 1998 2078 2485
f 3798 3913 3286
f 2819 2773 735
f 1799 1727 1877
f 2657 1269 3299
f 3716 3715 823
f 1197 1711 1644
f 2478 2001 2088
f 2656 2518 2637
f 1354 1314 1303
f 3702 3919 3448
f 3658 3610 3555
f 3654 3760 3804
f 3024 3117 3081
f 1684 1683 1746
f 426 225 175
f 1583 1505 1504
f 1028 1154 2149
f 285 312 511
f 571 2882 4033
f 462 309 509
f 3761 3809 3815
f 1799 1798 1876
f 116 103 35
f 1608 1544 1243
f 1799 1877 1798
f 3561 3403 3402
f 4035 616 2961
f 1669 1805 1736
f 2608 2470 1404
f 1507 1404 1588
f 2419 2418 2556
f 3673 3432 3584
f 3492 3839 3545
f 3937 3521 3570
f 1014 2521 3808
f 1213 1594 1514
f 59 71 69
f 1545 1242 1844
f 1273 1016 1462
f 2910 3713 3481
f 1668 1807 1884
f 2527 2290 2166
f 3191 706 757
f 1214 1600 1218
f 3804 3296 3554
f 1601 1604 1219
f 2267 1582 1251
f 385 208 356
f 3739 3427 3740
f 1335 2121 3957
f 1879 1801 1729
f 1879 1816 1894
f 3854 3917 551
f 3925 813 3864
f 3825 3823 3837
f 3341 3296 3773
f 2298 2299 2527
f 3720 3588 3442
f 1864 1785 1908
f 2975 4053 2977
f 1145 1109 1018
f 26 9 29
f 63 50 61
f 1397 1867 1866
f 3443 3708 3379
f 1893 1880 1814
f 2778 2734 3129
f 1862 965 2591
f 2002 2253 1663
f 2984 4057 4065
f 4058 630 2854
f 1524 1218 1416
f 2389 2257 2258
f 1418 1896 1678
f 1735 1808 1809
f 1735 1590 1509
f 1502 1581 1711
f 1199 1646 1395
f 2023 1695 2634
f 1859 1858 1781
f 2303 2177 2181
f 4031 2941 2940
f 3881 3309 832
f 1661 1729 2784
f 701 611 752
f 2997 3143 2937
f 1792 1793 1870
f 1673 1741 1655
f 829 828 574
f 1600 1733 1663
f 1214 1601 1216
f 1225 2618 2479
f 2095 1903 1904
f 1726 1657 1723
f 3561 3721 3406
f 3115 2754 3069
f 3347 3725 3303
f 318 519 364
f 3764 3808 3807
f 498 497 471
f 2128 1929 1928
f 569 570 3248
f 3588 3466 3633
f 3654 3760 3603
f 430 429 459
f 273 251 177
f 2953 3254 2840
f 2225 2491 2353
f 3496 3334 3280
f 335 333 254
f 1315 1355 1335
f 1664 1346 1732
f 827 573 571
f 768 714 2844
f 1304 1879 1460
f 500 502 474
f 1515 1101 1407
f 1733 1665 1663
f 3240 563 3923
f 856 3688 3687
f 758 763 706
f 2095 1904 1750
f 2640 2326 2032
f 1653 2257 2005
f 1368 1228 1328
f 1223 1362 1322
f 2136 1938 1121
f 2520 1937 1060
f 2174 2256 2388
f 1612 1420 1427
f 1713 1788 1427
f 3252 3560 3468
f 2442 1488 2223
f 2626 1431 1175
f 1523 2476 1585
f 2316 2165 988
f 2540 2651 2316
f 2616 2478 2630
f 909 1793 1869
f 2924 3273 3427
f 3723 3657 3610
f 1140 1015 1143
f 1314 1468 1346
f 1879 1460 1303
f 2612 1217 2258
f 1714 1999 2079
f 2392 2260 2395
f 1330 1166 1481
f 1807 1882 1806
f 3566 3346 3510
f 1125 1044 1168
f 1481 1166 1630
f 2209 2422 2560
f 2523 1520 1020
f 3047 3188 3092
f 2664 1075 1158
f 2473 2522 2612
f 2612 1523 2476
f 1495 1857 2740
f 1880 1803 1802
f 2437 2573 2214
f 854 580 3737
f 667 2851 622
f 622 4048 663
f 1599 1740 1409
f 2608 1404 1209
f 969 2292 2166
f 3010 2707 2817
f 1658 1593 1721
f 2473 2612 2659
f 2296 2387 2473
f 1735 1808 1671
f 3623 3776 2718
f 1587 2383 1523
f 2170 2516 2287
f 1408 1516 1806
f 2292 2167 2166
f 2696 3639 3594
f 2999 3552 2696
f 2767 2808 3121
f 3761 571 3325
f 1587 2383 2467
f 2383 2476 2389
f 1587 1523 2476
f 1397 1866 1179
f 1871 1790 1890
f 2081 1871 1717
f 654 3048 748
f 2296 2387 2522
f 2522 2612 2659
f 1940 2137 2004
f 1371 1083 1125
f 647 695 744
f 1970 2211 2339
f 1731 1795 1508
f 1686 914 1687
f 3302 3766 3354
f 3759 3934 3933
f 268 468 343
f 1843 2276 2277
f 2613 964 2277
f 2796 2840 3192
f 963 1983 882
f 321 295 398
f 3552 3638 2787
f 3465 3714 3713
f 1608 1529 1544
f 1069 2297 1021
f 1665 1461 1880
f 746 2882 3132
f 2319 851 2194
f 1892 1525 1815
f 1466 3989 3957
f 1466 1812 1277
f 2221 2219 2329
f 2721 3013 3075
f 1278 1304 1358
f 978 2257 2005
f 2760 2711 3028
f 3501 3648 3028
f 1114 1086 1287
f 2749 2705 3152
f 3411 3611 3659
f 827 572 3934
f 3946 3730 3481
f 1624 1237 1377
f 3641 3462 3640
f 768 767 714
f 3786 3829 735
f 1666 1738 1670
f 3419 3825 3479
f 1893 1521 1814
f 3616 3568 3663
f 4023 2827 2876
f 1805 1669 1734
f 3312 3883 3774
f 1204 2248 2379
f 3646 3500 3553
f 3602 3545 3544
f 3592 3791 3743
f 2774 2816 2820
f 2661 1021 2176
f 3059 3154 3766
f 1595 1213 1513
f 93 68 82
f 1929 1173 1258
f 2603 2468 2466
f 1404 1509 1401
f 2301 2669 2184
f 2087 2023 2111
f 523 422 521
f 4004 3975 1456
f 1360 1319 1474
f 1654 1207 1589
f 3664 2675 2543
f 2673 1099 1301
f 1733 1271 1665
f 1665 1219 1415
f 970 971 920
f 2178 1114 1073
f 2703 2889 2953
f 2237 2628 2225
f 1596 1513 1729
f 1798 1873 1658
f 1016 1140 1143
f 49 61 73
f 3761 3938 3874
f 329 406 279
f 2705 3008 2700
f 432 435 204
f 97 383 356
f 2751 3104 3149
f 1357 2178 1073
f 2305 2669 2533
f 1750 985 1227
f 1361 1470 1282
f 2606 2250 1210
f 3171 2703 2776
f 1879 1815 1894
f 3800 3747 3281
f 3925 561 811
f 3926 3865 3863
f 2090 913 2018
f 2721 3210 2814
f 2374 2242 2018
f 3197 3150 3060
f 2657 1269 3344
f 3349 3807 3301
f 3760 3872 3935
f 3302 3059 3766
f 1354 1278 1467
f 1845 1910 1551
f 2469 2606 2467
f 300 326 296
f 1023 1115 1150
f 1737 1883 1410
f 2040 1965 1961
f 2037 1962 514
f 573 830 571
f 2224 1560 1176
f 1622 2414 931
f 1598 1410 1215
f 1634 1773 1700
f 3824 3826 3838
f 475 501 274
f 2083 1653 1744
f 3806 3508 3758
f 3161 721 699
f 1201 1202 1584
f 1891 1673 1652
f 1876 1798 1729
f 3236 556 3334
f 3703 3861 3236
f 1747 1746 2087
f 2018 913 991
f 1939 2083 2137
f 2493 2616 2630
f 479 274 349
f 3060 3104 3107
f 294 344 399
f 3974 4004 1268
f 1595 1658 1212
f 853 594 3914
f 964 1987 2277
f 2443 2224 2580
f 1735 1524 1604
f 3870 3701 3452
f 502 499 422
f 2799 2777 2733
f 2749 3005 3058
f 828 3654 3408
f 2525 2175 1945
f 1668 1807 1519
f 1735 1809 1524
f 1602 1522 1604
f 1859 1781 1495
f 2945 654 698
f 2703 2731 2986
f 1408 1410 1516
f 2946 2942 4034
f 429 428 201
f 995 992 926
f 1820 1681 1752
f 1068 1107 1067
f 3710 3711 3399
f 3464 3596 3711
f 3125 3119 3082
f 3065 2708 2804
f 21 116 103
f 1078 1030 1163
f 1803 1347 1061
f 2612 2389 2258
f 1520 1413 1416
f 4043 2837 762
f 1976 949 872
f 3109 3070 3116
f 138 162 135
f 1880 1885 1415
f 25 85 83
f 10 26 50
f 2012 2011 916
f 1233 1429 1540
f 2830 2880 2599
f 3464 3643 3596
f 3758 3555 3870
f 2191 2016 2539
f 3758 3806 3555
f 3508 3555 3505
f 813 806 3855
f 1217 1414 1585
f 2476 2389 1585
f 1800 1661 1812
f 1475 2309 2618
f 4007 4006 3979
f 54 20 19
f 3344 3760 2658
f 2609 2610 2471
f 2268 2980 4064
f 3467 3608 3655
f 338 283 336
f 127 483 481
f 3552 3499 3536
f 2206 2335 2331
f 2251 2608 1209
f 1940 2173 2004
f 989 914 921
f 2107 2009 2401
f 1946 4012 2666
f 397 220 219
f 219 168 145
f 1273 1016 1350
f 1208 1402 1508
f 2406 1245 2113
f 894 2660 964
f 2926 2815 2871
f 1610 1156 1223
f 276 456 480
f 2292 1934 2167
f 894 964 1758
f 1273 1463 1350
f 1976 949 874
f 3545 3790 3544
f 1663 1731 1662
f 1742 1892 1801
f 1264 2236 3972
f 1595 1798 1658
f 1139 2672 1950
f 1139 3343 1012
f 392 366 212
f 3939 3441 3436
f 287 336 259
f 1948 2147 1123
f 1592 1209 1205
f 3789 3839 3492
f 862 860 936
f 1968 2043 2041
f 1517 1563 1182
f 1215 1894 1675
f 1214 1508 1400
f 2954 3143 2997
f 2469 2605 978
f 1269 2189 1478
f 3947 3520 3889
f 3509 3561 3504
f 1658 1722 1655
f 698 746 3863
f 2309 2308 2314
f 1431 1541 1558
f 2471 2610 2608
f 2882 3934 3870
f 1366 1368 1173
f 2473 2612 2601
f 2664 2296 2145
f 2865 4063 785
f 728 779 734
f 1613 2480 1421
f 4062 2982 2822
f 1656 1591 1208
f 2183 2663 2532
f 3606 3654 3651
f 335 334 484
f 152 481 177
f 3897 2979 2923
f 1787 1788 1713
f 3800 3048 3133
f 2182 2304 2668
f 1282 1279 1474
f 2422 2561 2419
f 1998 2485 2486
f 1309 1464 1465
f 1803 1880 1893
f 562 813 3864
f 812 3925 3864
f 3860 3864 808
f 3327 3800 3281
f 1795 1589 1720
f 2442 1175 1558
f 1999 1715 1829
f 3560 3402 3246
f 3749 799 544
f 2532 2529 2668
f 2800 2797 2704
f 2797 2798 2703
f 2797 2750 2751
f 1308 1307 1349
f 1879 1664 1729
f 3106 3061 3095
f 924 2631 2632
f 1883 1807 1806
f 586 585 836
f 3463 3753 3929
f 1153 1076 3768
f 1615 1231 1605
f 1668 1807 1736
f 2761 2808 2767
f 3099 3053 2767
f 3338 3641 3497
f 3078 3213 675
f 1214 1601 1219
f 98 124 121
f 1689 1748 1617
f 2008 1749 1899
f 2909 2827 2620
f 1142 1105 1104
f 2844 714 2895
f 3149 658 4019
f 1394 965 1862
f 1624 1712 1237
f 1199 2227 2359
f 2688 2783 2785
f 800 3952 546
f 3591 3723 3746
f 3723 3494 3378
f 2254 2386 2253
f 2375 2374 2241
f 1407 1101 1304
f 685 4068 600
f 2064 956 2289
f 3393 3240 3457
f 1521 1415 1525
f 1674 1742 1892
f 46 110 41
f 3607 3562 3511
f 2660 2524 2527
f 54 68 13
f 2602 2498 2277
f 2854 630 669
f 1671 1888 1739
f 1535 1425 1528
f 1812 1563 1493
f 1748 1224 1617
f 1867 1398 1617
f 827 2943 4033
f 3797 3750 3330
f 627 622 663
f 1874 1794 1511
f 3252 3775 3356
f 1665 1880 1662
f 3391 3701 3454
f 809 3391 556
f 1498 1391 1571
f 1297 1191 1263
f 1378 1624 1377
f 2373 2754 2455
f 46 110 109
f 265 85 180
f 3069 626 3110
f 664 3011 3110
f 1668 1884 1736
f 350 251 326
f 1684 1746 1747
f 1886 1810 1518
f 1735 1671 1888
f 1900 1547 1438
f 174 149 171
f 1026 2181 1076
f 2300 1113 2181
f 3930 3754 3464
f 898 2066 1991
f 1569 1856 1185
f 2658 1365 2538
f 55 66 14
f 1936 3973 3989
f 1521 1589 1508
f 3863 3924 560
f 3800 3863 3289
f 561 812 3863
f 95 122 107
f 3618 4023 2876
f 1081 1370 1329
f 1766 928 2116
f 1590 1210 1209
f 2838 4042 2946
f 31 28 30
f 3724 3470 3723
f 3441 3436 3681
f 1016 1350 1064
f 1066 1108 1067
f 1718 1790 1890
f 1597 1215 1351
f 4038 705 2942
f 3199 2804 2756
f 1105 1309 1141
f 1017 1007 1132
f 2921 2854 2922
f 1808 1810 1886
f 762 708 3193
f 1664 1732 1729
f 3535 3674 3675
f 1871 1792 878
f 1668 1669 1736
f 453 378 225
f 451 520 373
f 2253 1992 891
f 1874 980 2002
f 980 2610 2253
f 3484 3268 3675
f 2676 4017 1131
f 3458 3240 3238
f 3873 3936 3871
f 54 19 82
f 3794 3329 3848
f 3795 3748 3909
f 1422 2481 2263
f 2669 2305 2184
f 1227 985 2481
f 3252 3407 3468
f 1727 1799 1728
f 1892 1879 1801
f 2054 2053 2348
f 1248 1623 1696
f 2524 1023 2665
f 1409 1810 1518
f 3892 3462 3951
f 1193 1392 2058
f 2207 2206 2333
f 1395 1863 1198
f 1395 2360 2228
f 1879 1513 1801
f 1211 1674 1406
f 3201 3202 2788
f 2615 2086 2259
f 3306 3301 3346
f 4056 730 675
f 2904 2970 2971
f 2935 4026 2876
f 1059 1938 1028
f 1206 1587 1205
f 3506 3651 3554
f 4043 2952 2887
f 1409 1886 1518
f 2762 3204 3156
f 2723 1618 1246
f 1793 1871 1869
f 3606 3559 3506
f 541 3557 1128
f 3461 3892 3952
f 3640 3461 3498
f 1699 1772 1849
f 846 3823 848
f 1410 1519 1215
f 1215 1517 1597
f 2326 3960 2199
f 717 783 784
f 245 195 393
f 2181 1113 1076
f 3632 3484 3675
f 1307 1349 1348
f 1674 1406 1654
f 248 198 197
f 2463 982 2616
f 922 2546 2678
f 2367 1576 2237
f 2643 3324 1128
f 1544 1241 2496
f 3764 3814 3765
f 247 245 195
f 1607 1606 1222
f 3576 595 3319
f 1594 1593 1211
f 2330 2035 1960
f 2205 1964 2330
f 2472 2609 2254
f 3663 3311 3567
f 1145 1065 1018
f 2079 1999 902
f 1470 2529 2663
f 654 698 3182
f 3737 3530 3787
f 2452 2366 2627
f 2851 2894 622
f 367 392 365
f 3763 3304 3350
f 1722 1792 1890
f 3875 3938 3758
f 3592 3549 3791
f 3560 3505 3246
f 2612 2659 2474
f 1520 1413 1523
f 918 1904 1909
f 2200 933 1958
f 2273 923 996
f 2697 2999 2858
f 557 802 3385
f 3455 3235 3454
f 1420 2761 1538
f 3053 1713 1538
f 1404 1209 1507
f 3149 3169 3036
f 4009 1944 2144
f 3653 3507 3896
f 418 293 217
f 3931 3714 3465
f 1598 1744 2391
f 2527 2524 2665
f 2256 2386 2253
f 1578 2396 1230
f 3498 3401 3551
f 1891 1652 1816
f 1852 951 1972
f 1957 932 2198
f 1141 1104 1007
f 578 833 3690
f 2473 2296 2522
f 2173 2255 2296
f 2490 1621 1247
f 3939 2138 3940
f 1121 1059 1060
f 2840 2796 2948
f 3424 598 3671
f 2749 2802 2705
f 850 592 3896
f 1152 1151 1119
f 1356 3977 1473
f 521 298 321
f 1401 1400 1507
f 1455 1266 2311
f 2720 2973 2730
f 2818 2772 4066
f 1659 1662 1878
f 1595 1594 1213
f 3656 3607 844
f 1699 2039 1632
f 2559 2419 340
f 2751 3149 4019
f 3203 2097 625
f 1124 1371 1330
f 1280 1472 1317
f 1317 1279 1357
f 1471 3977 1280
f 3043 3162 3090
f 1032 2308 2309
f 1096 1056 1055
f 1056 2168 2291
f 2912 993 923
f 3277 3321 538
f 120 93 92
f 95 78 64
f 549 3955 3851
f 3747 3457 3634
f 1464 1409 1517
f 1885 1667 1402
f 1875 1656 1872
f 615 760 2947
f 1274 1597 1351
f 3703 3862 3920
f 652 4031 2824
f 1735 1667 1808
f 1667 1219 1415
f 106 10 50
f 1016 1140 1064
f 2456 2363 2232
f 2232 933 2553
f 1808 1668 1736
f 1353 4002 3996
f 36 102 101
f 2535 915 2541
f 1522 1604 1416
f 572 827 826
f 3603 3226 3374
f 3603 797 540
f 406 282 332
f 2384 2250 2379
f 1521 1219 1415
f 3064 3010 3109
f 185 386 360
f 1310 1141 1465
f 1196 2366 1575
f 3935 829 575
f 3658 3875 2945
f 979 1871 2081
f 923 993 996
f 827 571 826
f 12 73 5
f 1969 2044 1968
f 1112 1265 2130
f 2213 2212 2341
f 2423 2564 2335
f 2563 2423 2206
f 764 2888 3154
f 1836 2676 2545
f 1231 1615 2240
f 3157 3204 2455
f 1425 1535 2454
f 1502 2454 2372
f 2453 1578 1501
f 967 1864 895
f 898 2450 2364
f 2229 2060 2588
f 1466 1889 1672
f 1473 1268 1281
f 2308 2535 2674
f 2836 763 711
f 1214 1216 1602
f 3956 3487 3673
f 1142 1464 1105
f 3465 3712 3228
f 941 1773 863
f 925 1922 1845
f 2613 2524 2660
f 1020 1520 2524
f 1940 2137 2145
f 1016 1015 1143
f 1137 2655 2168
f 1533 2479 2262
f 2386 2498 2277
f 2385 2472 2254
f 2445 1449 2357
f 3699 3455 3450
f 3764 3765 3808
f 3655 3609 3722
f 4037 2945 698
f 1521 1411 1207
f 2172 1033 1477
f 403 378 377
f 1747 2264 1688
f 728 3422 3269
f 1194 881 1980
f 947 873 2572
f 2240 1615 2371
f 2762 2805 2709
f 1311 1352 1353
f 911 2007 982
f 1408 1516 1308
f 847 3824 3361
f 846 847 855
f 524 472 272
f 1508 1401 1601
f 2494 2629 926
f 2775 2811 2821
f 1669 1737 1217
f 1894 1743 1675
f 1517 1409 1816
f 1881 1805 1670
f 2590 2449 2621
f 2604 2246 2245
f 1363 1534 1321
f 1215 1675 1744
f 2973 773 4058
f 1526 1819 1527
f 1240 2274 2495
f 1520 1414 1416
f 1245 1438 1698
f 994 2494 2633
f 2854 669 775
f 3518 3581 3583
f 1888 1739 1811
f 2610 2470 2608
f 290 312 511
f 3654 3560 3252
f 3861 3919 3448
f 744 2826 2877
f 3312 3783 3630
f 346 345 269
f 2606 2383 2467
f 1154 1028 1155
f 3015 3517 3582
f 2886 3004 2701
f 3559 3605 3652
f 3941 3879 3475
f 2173 2296 2145
f 4008 3976 3981
f 3940 569 825
f 2833 3934 2882
f 654 811 3863
f 935 861 934
f 2763 3205 2809
f 2455 2762 897
f 1973 1970 2045
f 2573 2344 2214
f 3292 3497 3550
f 1593 1724 1591
f 2422 2560 2418
f 1738 1804 1670
f 1348 1062 1272
f 2397 2590 2621
f 3022 4051 2855
f 1598 1215 1203
f 1062 1272 1017
f 1134 1017 1006
f 674 778 729
f 1105 1141 1104
f 3457 3938 687
f 774 4057 2908
f 352 273 331
f 1416 1218 1676
f 1528 1527 1896
f 2084 2258 2006
f 751 610 630
f 2922 775 737
f 1808 1671 1888
f 1106 1144 1018
f 3518 3731 3016
f 1405 1514 1513
f 1729 1387 2784
f 878 876 950
f 1826 2011 1906
f 1795 1731 1720
f 1946 2282 2119
f 196 394 367
f 898 2364 2027
f 1671 1888 1811
f 2999 1468 3552
f 1468 3676 3536
f 1148 1469 1358
f 3764 3350 3814
f 573 827 572
f 775 669 4059
f 2691 2994 3088
f 1065 1066 1018
f 3773 3296 3664
f 2642 3296 538
f 380 428 354
f 3482 3735 3271
f 3004 3008 2954
f 425 497 424
f 2173 2255 2004
f 2083 2137 2004
f 2093 2094 924
f 2388 2174 2297
f 2951 2705 3008
f 2951 2886 3004
f 1822 1532 1683
f 1468 1314 1315
f 2049 1975 948
f 1214 1508 1601
f 2213 2342 1969
f 2348 1974 2216
f 1304 1354 1303
f 1508 1401 1400
f 1795 1872 1508
f 3313 3583 3832
f 3041 3176 3175
f 1109 1108 1066
f 2864 2965 2866
f 319 293 292
f 2141 1941 3981
f 2145 3315 3733
f 1029 1155 2670
f 1510 2469 1403
f 2174 2660 2299
f 2531 2181 2667
f 2953 2840 2841
f 4035 758 2942
f 576 659 3413
f 4045 2842 4046
f 3944 3476 578
f 3172 3039 3171
f 1409 1740 1886
f 1807 1884 1736
f 1108 1110 1067
f 1225 2479 1533
f 3673 3487 3432
f 3253 3408 3252
f 3705 3457 3927
f 3866 3928 3927
f 1892 1411 1406
f 3235 3455 555
f 3455 3391 3237
f 3237 3699 3388
f 809 3391 3922
f 4005 3974 1268
f 1151 1118 1119
f 1281 1938 1360
f 61 12 73
f 2612 2659 2523
f 2612 1217 1414
f 2612 2476 2389
f 2769 3163 3213
f 1663 1665 1731
f 327 325 271
f 2859 4060 2920
f 573 3523 3948
f 3306 3763 3349
f 3506 3606 3651
f 3073 3024 2811
f 2246 2466 2377
f 3887 842 845
f 1030 1156 1163
f 733 2917 2919
f 1880 1219 1415
f 1386 1880 1492
f 1303 1314 1346
f 3252 3654 3468
f 3824 3418 3478
f 1411 1521 1814
f 462 487 408
f 3567 3311 582
f 1522 1412 1413
f 3622 3265 3266
f 2396 2482 2615
f 529 528 427
f 1065 1144 1018
f 3880 3942 3476
f 577 3259 3943
f 492 417 163
f 1310 1104 1465
f 1652 1790 1890
f 129 226 264
f 1483 2559 264
f 1742 1673 1801
f 2437 2575 2215
f 2083 2390 2084
f 1139 3345 1012
f 1544 2496 2275
f 1600 1069 1021
f 2062 1600 1705
f 2882 696 3179
f 1497 1190 1639
f 2679 1040 2547
f 3739 3740 3428
f 3655 3608 3719
f 21 57 103
f 1463 1306 1466
f 1312 1352 1067
f 23 84 90
f 658 657 617
f 4068 2871 4071
f 3293 3338 3497
f 1741 1674 1813
f 1816 1891 1743
f 2799 3059 3302
f 3151 3302 3196
f 3060 3152 3198
f 3937 2187 3521
f 878 952 950
f 1975 948 2570
f 1108 1312 1067
f 2376 1998 2486
f 3674 3631 3632
f 3346 3253 3510
f 828 574 3253
f 1514 1406 1513
f 1259 1449 2445
f 3068 625 769
f 3244 565 3362
f 3393 3240 3704
f 1464 1215 1409
f 1274 1464 1517
f 1895 1218 1676
f 3230 3446 3693
f 697 609 3864
f 2789 3186 3045
f 3153 3197 3061
f 2277 1993 1992
f 2094 1903 2095
f 1029 1091 2159
f 1793 1869 1790
f 1200 2371 1580
f 1806 1102 1881
f 2306 2185 1120
f 3622 3525 3531
f 3074 3018 3027
f 840 3569 3777
f 672 758 632
f 706 613 3191
f 1377 1174 2351
f 2888 3875 3766
f 3514 3661 3566
f 452 451 373
f 3296 3554 3664
f 1089 3174 1770
f 2897 2815 672
f 1419 1682 1745
f 3557 3653 3604
f 2083 1744 2390
f 1892 1879 1815
f 1522 1412 1524
f 1216 1602 1604
f 1685 1900 1438
f 1588 1206 1587
f 817 3868 2311
f 1127 2637 2501
f 1729 1661 1728
f 1660 1876 1729
f 1891 1813 1801
f 2071 963 882
f 3236 556 3390
f 3674 3632 3675
f 3851 3956 548
f 1872 1656 1979
f 1793 1792 878
f 2977 2849 3734
f 3352 1153 3768
f 4005 2306 1028
f 468 174 150
f 2967 2760 4054
f 3057 3106 3103
f 4012 3976 2666
f 1468 1936 4003
f 3980 3981 2142
f 3863 3866 3924
f 3291 3292 3546
f 1598 1597 1203
f 198 247 195
f 2248 2384 2379
f 2427 2563 2423
f 2613 2174 2256
f 2475 2524 2613
f 2952 2886 2834
f 2543 2675 1044
f 2469 2606 1403
f 1204 2384 2248
f 3000 2783 2691
f 2483 1221 2614
f 1346 1468 1277
f 355 382 204
f 1799 1660 1728
f 1599 1740 1886
f 1884 1805 1804
f 3296 3554 539
f 2091 2009 2107
f 2596 2458 2107
f 294 344 267
f 2802 2753 3008
f 301 271 347
f 3031 2818 2921
f 1874 1872 1794
f 1866 1867 1788
f 2460 2100 2014
f 1826 2010 2011
f 2614 910 2085
f 1512 1798 1595
f 76 87 60
f 634 727 681
f 2597 2460 2014
f 3502 3342 3248
f 3720 3376 3588
f 3242 3418 815
f 478 503 256
f 512 461 508
f 1653 1869 2005
f 2146 2145 1936
f 2320 2192 2321
f 596 727 634
f 1726 1878 1802
f 3185 699 3044
f 2330 2204 2035
f 67 77 14
f 3505 3247 3246
f 430 128 510
f 3890 3884 591
f 3774 3883 3884
f 475 255 455
f 758 4067 684
f 1658 1674 1742
f 3767 3352 3353
f 554 3921 3855
f 1674 1655 1721
f 1673 1674 1742
f 110 44 106
f 3884 3883 591
f 2530 2662 2303
f 557 3934 3922
f 3247 3453 3494
f 2729 3026 2775
f 2613 2386 2498
f 1577 1645 1711
f 563 814 3867
f 133 210 157
f 3658 759 707
f 1939 1307 2145
f 4005 1945 1320
f 2860 3736 673
f 1581 1200 1711
f 2993 2688 2689
f 4061 2915 2775
f 1672 1675 1744
f 3561 3402 3246
f 2520 1254 2642
f 1871 1792 1890
f 3659 3762 3613
f 2962 3201 3202
f 2269 2404 2273
f 424 522 421
f 2098 2620 2484
f 32 9 7
f 2 7 1
f 3655 3474 3612
f 960 2588 1569
f 2002 2253 891
f 1583 1584 1505
f 3249 3251 3378
f 1595 1593 1211
f 915 914 989
f 2169 2515 989
f 956 889 2417
f 1672 1743 1744
f 2710 3013 2721
f 758 613 705
f 3287 547 3799
f 343 293 418
f 3472 3257 3411
f 2758 2849 4053
f 452 220 397
f 1803 1515 1514
f 1375 1635 1972
f 3936 3935 829
f 696 3132 3179
f 56 102 52
f 1739 1811 1106
f 3734 3731 3480
f 2753 2890 2954
f 3257 3512 3564
f 1300 1930 2130
f 1342 1932 2129
f 917 1827 997
f 1687 914 915
f 2739 2993 4021
f 1877 1725 1796
f 1016 1140 1015
f 77 14 75
f 2773 2807 3580
f 198 246 196
f 3509 3054 3101
f 1344 3967 3996
f 2625 1951 2497
f 1727 1728 1800
f 2301 2663 2183
f 3661 3659 3613
f 172 148 418
f 3603 3760 3804
f 1951 919 2190
f 1877 1727 1725
f 2752 2751 3007
f 2751 3058 3104
f 3284 3911 3849
f 3564 3411 3611
f 3224 3725 3370
f 1813 1879 1816
f 1602 1522 1218
f 1031 915 2535
f 2872 4021 2928
f 2178 2305 2533
f 2363 2640 2032
f 703 4029 753
f 935 2204 1960
f 1373 1850 1483
f 1515 1514 1406
f 3557 3701 3452
f 2998 3097 3014
f 2762 3019 897
f 969 898 2595
f 1458 4006 3962
f 1669 1668 1737
f 2232 1482 1372
f 2135 1344 4004
f 3305 1070 1118
f 1594 1595 1211
f 1793 978 1869
f 3513 3611 3661
f 3104 3058 3107
f 3220 3218 3373
f 3670 3628 3834
f 3579 3781 3628
f 3780 3627 3628
f 1594 1724 1657
f 3500 3599 2978
f 2392 2087 2007
f 273 253 177
f 1806 1102 1063
f 1139 2148 1012
f 3349 3763 3764
f 3453 3247 3697
f 1648 973 918
f 917 2015 1827
f 1467 1278 1469
f 659 3108 618
f 3175 2739 3130
f 1010 2514 2654
f 1345 2136 1121
f 1674 1742 1801
f 1591 1208 2220
f 3208 3072 3094
f 1059 1938 2147
f 3757 3145 3756
f 138 189 162
f 2988 3149 2735
f 3810 3761 3766
f 3162 3077 2722
f 3212 3122 3162
f 1218 1600 1219
f 345 197 247
f 470 469 494
f 1737 2391 2084
f 1737 1603 1217
f 2954 702 754
f 3409 3472 3725
f 1310 1141 1104
f 1520 1414 1524
f 2123 2555 2199
f 2486 2262 2487
f 1114 1148 1074
f 1454 1451 1450
f 1342 1265 1454
f 901 1998 2077
f 2143 4009 2144
f 1946 3981 4012
f 2298 2671 1158
f 2525 2526 2175
f 174 148 171
f 3129 2799 3170
f 297 400 375
f 1875 1723 1656
f 753 3143 3044
f 862 937 860
f 2798 2839 2890
f 3774 3884 3313
f 1652 1672 1743
f 3104 3149 3150
f 23 83 91
f 1790 1869 1890
f 3214 3164 2820
f 3515 3310 3516
f 3257 3249 3466
f 3008 2753 2954
f 2474 2659 2523
f 3760 3344 3804
f 2659 2522 2664
f 1872 1874 1795
f 1962 2037 414
f 1422 2263 1905
f 2465 2602 2498
f 3566 3661 3613
f 469 494 149
f 3300 3558 3503
f 1955 2196 2153
f 952 951 876
f 3416 582 597
f 2469 2606 2605
f 1869 1791 1890
f 2698 3055 3102
f 3708 3479 3395
f 3622 3266 3525
f 1480 2497 2152
f 2715 2897 2960
f 1408 1882 1519
f 2204 2330 314
f 336 257 330
f 1812 1346 1277
f 558 3392 3238
f 59 71 156
f 467 517 134
f 3930 3464 3400
f 1871 1793 1792
f 1328 1369 1257
f 830 3809 3874
f 3556 3101 3247
f 335 336 259
f 336 256 333
f 2606 2250 2467
f 2471 2608 2251
f 2419 2418 263
f 413 462 511
f 2298 1075 1158
f 1409 1215 1886
f 1809 1808 1736
f 1518 1815 1816
f 3335 3752 3676
f 514 430 510
f 3419 3479 3708
f 3690 3397 3381
f 3064 3116 3205
f 3064 2707 3010
f 2749 2798 2753
f 1873 1658 1722
f 757 654 3146
f 1403 1603 1217
f 1850 1373 2560
f 1040 2676 1080
f 655 3057 688
f 2885 2945 2748
f 386 385 358
f 1796 1725 1792
f 3162 2722 2815
f 2306 2533 1028
f 3347 3302 3307
f 3767 3353 3307
f 243 367 392
f 2561 2419 2332
f 708 762 760
f 1211 1207 1654
f 3673 3584 3534
f 3839 3674 3790
f 3873 3871 3807
f 2884 708 2949
f 1654 1893 1720
f 2508 2122 2283
f 3860 808 551
f 99 86 179
f 210 132 157
f 848 3419 3241
f 1498 1191 1297
f 1647 1853 1703
f 662 4047 2893
f 2250 2384 1592
f 2379 2250 2378
f 1108 1312 1352
f 1475 2618 1225
f 2093 1902 2094
f 1671 1739 1811
f 1582 2455 1503
f 3703 3862 3449
f 1511 1872 1402
f 1209 2221 2349
f 681 727 786
f 2622 987 917
f 3656 3403 3270
f 2525 3977 1147
f 1301 3300 1343
f 3914 3287 3331
f 1842 2027 2276
f 3629 3784 3785
f 1654 1589 1720
f 1872 1795 1720
f 1588 1206 1205
f 4030 2939 2874
f 1682 1078 1164
f 1210 2250 1592
f 861 2420 935
f 1969 2044 1967
f 2706 3063 771
f 2252 2471 2251
f 556 3239 3386
f 2477 911 2493
f 909 2469 978
f 2203 2332 315
f 264 340 263
f 3610 3657 3556
f 1343 2310 1267
f 3499 3552 3587
f 153 380 284
f 1731 1508 1601
f 1141 1104 1053
f 9 27 33
f 3470 3511 3657
f 2013 2398 2410
f 1938 2136 2135
f 102 52 62
f 108 106 63
f 3149 3007 3105
f 1058 3300 1099
f 800 546 3751
f 3751 3798 3286
f 3286 3332 3285
f 1056 2291 1010
f 1010 2654 1136
f 922 2678 992
f 1130 2678 1448
f 2505 2159 2284
f 3630 3834 3359
f 2816 2769 2820
f 909 1793 978
f 1300 1265 1342
f 1252 1280 1001
f 2302 2530 2303
f 2528 2662 2530
f 1279 1360 1474
f 1717 1871 1651
f 816 564 2149
f 104 8 1
f 2022 925 1845
f 2474 2523 1520
f 2258 2612 2006
f 1517 1816 1743
f 1409 1894 1675
f 597 3894 3838
f 1945 4005 1473
f 3727 3258 3474
f 299 521 322
f 1208 1885 1402
f 1735 1604 1219
f 2244 2460 2598
f 838 3309 839
f 3002 2701 2699
f 256 254 330
f 1110 1352 1313
f 1312 1311 1352
f 2250 1587 2383
f 2206 2331 2035
f 1722 1673 1890
f 1210 1587 2383
f 717 2900 783
f 3505 3556 3250
f 178 380 284
f 2597 2014 2399
f 2534 1029 2670
f 3227 3377 3540
f 1698 1760 2113
f 3998 3969 2508
f 3860 808 3855
f 3867 3705 3457
f 3765 1151 1014
f 111 45 42
f 1722 1792 1673
f 1673 1741 1891
f 618 3108 3063
f 1265 1140 2284
f 1026 1127 2501
f 144 169 165
f 3305 1118 3351
f 3721 3720 3656
f 298 524 324
f 2866 2757 2819
f 1464 1142 1310
f 326 325 297
f 2885 2800 2834
f 909 2605 978
f 571 826 3870
f 2833 695 4025
f 705 698 746
f 2145 3733 1936
f 1774 952 877
f 2436 2575 2344
f 2840 2796 629
f 2298 2671 2513
f 1792 1673 1890
f 3224 3472 3368
f 653 774 2908
f 2093 1824 1902
f 2139 3979 3982
f 4027 701 752
f 1515 1061 1101
f 1741 1674 1655
f 3472 3473 3255
f 2863 4062 3033
f 2945 4036 2897
f 1658 1655 1721
f 1658 1673 1742
f 2138 1941 2141
f 925 2110 1922
f 221 170 169
f 2614 2085 2615
f 1809 1887 1524
f 3580 3582 3835
f 1593 1721 1591
f 1833 1899 1911
f 1685 984 913
f 1672 1652 1718
f 3186 3120 3093
f 1918 1841 1442
f 1601 1216 1604
f 2464 2601 2023
f 1652 1653 1718
f 2131 2513 3971
f 1813 1892 1801
f 2796 706 683
f 3461 3462 3892
f 746 3927 3863
f 1656 1724 1979
f 2819 735 736
f 1816 1652 1743
f 3462 2857 3951
f 819 3294 818
f 3818 3770 3569
f 554 3921 3859
f 1616 3012 1220
f 2287 2153 2644
f 1311 1313 1353
f 731 781 3124
f 1521 1731 1814
f 961 892 987
f 2981 4061 2821
f 1887 1817 1895
f 1530 1821 1531
f 851 3295 3320
f 1600 1021 1733
f 2388 2297 1600
f 1705 1600 1564
f 1600 1218 1604
f 2840 3728 3192
f 3395 3420 3394
f 1601 1219 1415
f 1412 1413 1523
f 2605 978 2005
f 2885 2834 4036
f 152 457 481
f 508 407 506
f 475 501 332
f 15 67 77
f 3555 3556 3505
f 1653 1718 1790
f 3982 4006 2143
f 1718 1652 1790
f 2795 3594 2747
f 712 2843 772
f 1887 1669 981
f 3933 849 592
f 820 568 3244
f 1673 1741 1813
f 72 59 155
f 2016 2071 2539
f 2939 703 691
f 409 511 458
f 2752 3007 2947
f 3001 4037 2698
f 4039 2949 4036
f 420 520 223
f 1117 1152 1119
f 1396 2594 2454
f 1582 1503 1646
f 1135 1097 1096
f 3986 2654 2150
f 1268 4002 1931
f 3864 813 3855
f 1673 1741 1742
f 1741 1655 1721
f 22 228 357
f 2891 2955 2892
f 661 4046 620
f 1813 1674 1892
f 4025 2932 2877
f 1892 1674 1207
f 2196 1095 2679
f 3463 3642 3753
f 852 2857 727
f 1411 1892 1207
f 1500 2592 1394
f 2253 1214 1663
f 2795 2696 2739
f 1880 1521 1814
f 99 86 45
f 3960 2510 2123
f 738 2869 788
f 2837 761 2884
f 2231 955 2362
f 1211 1406 1654
f 1226 2480 1613
f 2619 2477 927
f 1318 1473 1281
f 1516 1410 1806
f 3079 2727 737
f 378 402 225
f 983 912 2629
f 3518 3016 3581
f 1653 1719 1652
f 3603 3804 3554
f 489 488 463
f 1587 1205 2383
f 2383 1523 2476
f 1483 1771 226
f 815 590 3396
f 328 274 329
f 1803 1880 1814
f 3204 3157 3199
f 590 848 3396
f 3478 3418 3242
f 1621 2626 1236
f 3392 810 3543
f 2758 4053 2759
f 324 346 295
f 1310 1274 1517
f 1310 1215 1409
f 1352 1313 1353
f 3609 3407 3722
f 90 118 117
f 8 7 1
f 2294 2169 2293
f 1715 1909 1829
f 3187 2685 3046
f 3025 3072 3208
f 1510 1403 1603
f 1665 1731 1662
f 1210 1217 1414
f 1721 2350 2054
f 2559 264 340
f 2708 2772 2818
f 1887 1210 1414
f 616 656 4037
f 1900 1823 1547
f 1853 1050 1092
f 3411 3257 535
f 1809 1887 1590
f 1210 1592 1588
f 3341 569 825
f 764 3057 655
f 1100 1029 2186
f 1887 1210 1590
f 284 283 303
f 1218 1604 1676
f 1591 1810 1208
f 2830 2599 2462
f 2709 3066 3111
f 833 3413 2956
f 661 2956 4046
f 44 110 34
f 72 99 45
f 1893 1803 1814
f 1362 1363 1321
f 3084 3083 3037
f 223 451 398
f 375 320 369
f 2497 1951 2152
f 20 54 48
f 2099 2484 2397
f 26 50 29
f 14 66 75
f 3123 3080 2728
f 3001 2698 3102
f 3008 2954 4040
f 1160 1367 1037
f 3106 3061 3103
f 1786 897 968
f 1246 1618 1439
f 758 4035 2856
f 3005 2751 2752
f 2704 2700 3003
f 1224 1612 1232
f 1788 1867 1232
f 3087 3006 3039
f 3809 3761 3874
f 1626 1327 1370
f 1107 1066 1067
f 1416 1218 1895
f 2390 2258 2084
f 1665 1880 1415
f 2477 2493 927
f 1982 2449 2360
f 2847 2899 733
f 3806 3759 3758
f 935 489 339
f 1652 1718 1890
f 1588 1587 1205
f 3801 3291 3595
f 1600 1214 1219
f 1880 1803 1492
f 342 292 417
f 167 237 187
f 2376 2486 2487
f 3114 718 2712
f 168 141 166
f 2801 2752 2835
f 3276 3549 3089
f 3005 2801 2752
f 3286 3285 3330
f 1540 1429 1548
f 839 3417 583
f 3261 3416 583
f 1803 1411 1893
f 1665 1564 1183
f 22 124 228
f 764 2838 4042
f 364 362 387
f 377 376 250
f 1816 1743 1675
f 1891 1813 1816
f 2837 4067 4019
f 3959 3991 3990
f 1193 1710 1642
f 1083 2325 2681
f 2338 861 2334
f 2855 3078 2724
f 1880 1662 1878
f 3410 3512 3565
f 3605 3653 3806
f 3806 3403 3934
f 808 813 3855
f 2580 1488 2442
f 2089 1245 2406
f 1672 1743 1675
f 493 172 148
f 3606 3560 3654
f 827 2943 3934
f 61 29 5
f 721 2972 4057
f 1417 1818 1819
f 3821 3341 3773
f 334 255 332
f 3810 3875 3938
f 3809 3767 3815
f 2612 1414 2258
f 3870 3701 3589
f 1274 1517 1597
f 2440 1173 1929
f 3939 1941 2138
f 3939 3976 4008
f 3939 2662 2528
f 3682 3939 3437
f 1603 1217 2390
f 2391 2390 2084
f 3827 3308 3778
f 1121 2536 4015
f 3977 1471 1147
f 141 238 189
f 974 904 973
f 1685 913 1900
f 3762 3811 3763
f 449 221 220
f 2899 2710 2964
f 3175 3176 3040
f 2006 2612 981
f 3656 3607 3561
f 3508 3606 3559
f 3509 3556 3504
f 291 182 231
f 185 386 358
f 2060 2328 2417
f 1810 1885 1208
f 514 410 510
f 2561 2207 2419
f 834 3477 3945
f 3834 3781 3359
f 1646 1503 1863
f 3019 2713 968
f 1051 2150 1094
f 2834 4039 2930
f 2613 2256 2386
f 1520 1887 1414
f 3693 3446 3383
f 694 697 646
f 2889 2953 2841
f 3254 3151 3302
f 2747 3594 3290
f 1887 1520 1817
f 1887 1414 1524
f 332 501 404
f 1063 1144 1098
f 3862 3703 803
f 1735 1604 1676
f 3781 3319 3359
f 302 306 279
f 2268 1954 2980
f 2371 2483 1579
f 3510 3253 3563
f 563 3866 3923
f 1466 1277 1253
f 1521 1814 1601
f 2941 4032 776
f 3624 3669 3672
f 1023 1150 2665
f 3467 3468 3722
f 3407 3609 3563
f 2656 1324 1364
f 3914 547 3287
f 3287 3799 3751
f 1542 1322 1433
f 2457 2596 2242
f 445 145 166
f 1659 1726 1723
f 3371 3877 3682
f 3514 3510 3563
f 2518 3934 3896
f 1874 2002 1663
f 200 175 151
f 1782 1570 1859
f 1396 1502 1645
f 1198 1645 1577
f 1919 1836 1920
f 3467 3721 3720
f 3609 3660 3563
f 479 328 274
f 3628 3781 3834
f 1528 1896 1418
f 1110 1068 1067
f 3467 3720 3608
f 1664 1303 1346
f 3447 3229 3446
f 693 747 745
f 3859 3700 551
f 95 43 42
f 41 63 50
f 4068 2870 2926
f 1468 3973 4003
f 3425 3485 3532
f 3609 3612 3660
f 3939 3940 569
f 2098 2484 2099
f 320 267 369
f 3623 3524 3529
f 572 3934 3933
f 1782 1189 1570
f 1741 1674 1742
f 696 2826 3927
f 2870 4070 2985
f 3608 3607 3511
f 1297 3638 1089
f 3656 3619 588
f 3506 3720 3651
f 1897 1437 1546
f 3719 3412 3474
f 122 95 78
f 2402 2452 2266
f 1218 1604 1416
f 3923 3860 3917
f 1789 1717 1868
f 700 751 773
f 1674 1721 1207
f 1897 1766 1437
f 1396 2454 1502
f 2519 3344 2658
f 2542 1043 1168
f 659 618 3413
f 2842 2891 4046
f 2836 2885 2834
f 1825 1761 1914
f 317 364 389
f 3649 3650 3648
f 519 364 389
f 2527 1024 1075
f 1013 2521 1014
f 3472 3367 3680
f 1953 3268 3484
f 1013 2520 2521
f 1915 1762 2115
f 3655 3719 3474
f 1465 1464 1351
f 3778 3357 3328
f 2521 2520 2658
f 2658 1323 1365
f 3998 3969 3997
f 2520 2657 2658
f 2835 2884 2949
f 415 205 490
f 1531 1532 1822
f 148 171 446
f 2136 2172 1361
f 1360 1344 1319
f 1145 1109 1066
f 2297 2174 2176
f 2797 3172 3128
f 1828 1830 1922
f 1344 1302 1319
f 1021 2297 2176
f 3796 544 3911
f 1232 1612 1427
f 1118 1072 1119
f 1943 1942 2139
f 3995 1928 1339
f 3714 821 3891
f 4005 1079 1124
f 2579 1557 2440
f 1359 1316 1318
f 1724 1721 1591
f 822 821 3931
f 3638 3369 3223
f 2405 2022 1551
f 270 346 248
f 1344 2135 1937
f 1489 1380 1176
f 91 118 115
f 1672 1653 1718
f 664 4050 3011
f 388 387 353
f 1904 1903 1909
f 3939 4008 1941
f 2526 2661 2176
f 421 452 224
f 496 198 173
f 3215 3079 787
f 4005 1268 1473
f 1808 1885 1810
f 1667 1885 1415
f 453 528 225
f 328 302 272
f 1875 1874 1795
f 1569 2447 2361
f 898 2456 2595
f 2896 632 2856
f 1268 4004 1456
f 18 80 14
f 1204 1586 1506
f 2001 976 975
f 80 64 14
f 1456 3975 1281
f 1669 1737 2084
f 326 297 296
f 3737 3738 3530
f 426 175 473
f 572 2656 2518
f 3340 3295 2193
f 2586 2238 954
f 3361 3824 3838
f 1520 1413 1414
f 115 89 88
f 1307 1306 1466
f 1541 1430 1558
f 3509 3562 3561
f 2796 629 3617
f 1782 1639 1189
f 3598 3645 3644
f 3560 3406 3468
f 2396 2259 1230
f 909 979 976
f 2450 2364 2587
f 248 196 245
f 1164 1163 2320
f 271 348 345
f 1644 2370 1996
f 2453 1501 1785
f 2676 1038 1080
f 2003 2083 2088
f 272 348 271
f 2190 2016 2191
f 3654 3935 575
f 1655 1721 1978
f 3654 3760 3935
f 3806 3507 3345
f 775 722 737
f 3306 3613 3813
f 3132 2882 2737
f 1672 1718 1744
f 151 495 470
f 2192 2540 2315
f 2400 2104 2105
f 596 729 3912
f 2519 2657 3344
f 73 12 11
f 3343 3759 1012
f 3759 3805 3758
f 98 121 16
f 3759 3300 1058
f 1210 1587 1205
f 784 783 2918
f 2899 2964 2864
f 352 251 377
f 1801 1891 1816
f 2946 2944 4034
f 462 509 408
f 849 2979 3897
f 1012 3759 1058
f 1745 1682 1165
f 1142 1009 1008
f 3904 3685 3842
f 1270 1459 1266
f 1455 3558 1266
f 1402 1979 2577
f 2038 861 1960
f 3555 3247 3870
f 3558 1270 1266
f 3615 3506 3665
f 1131 2153 2507
f 2879 701 4027
f 1457 1270 3299
f 513 285 409
f 462 312 261
f 1269 1457 3299
f 3007 615 2947
f 2428 2564 2424
f 2755 3155 2774
f 3603 3554 3718
f 1308 1307 1348
f 2467 2605 2257
f 3709 3478 3242
f 3344 1269 3299
f 3201 1661 2784
f 1541 2489 2631
f 1269 2172 2657
f 2243 2076 880
f 782 2920 2983
f 3668 3621 3271
f 3555 3505 3247
f 1273 1016 1143
f 1469 1148 1077
f 1059 2136 1938
f 2392 2395 2264
f 3751 546 3798
f 299 422 521
f 1149 2664 1116
f 1856 1667 1779
f 2807 2966 2848
f 2298 2527 2665
f 175 498 470
f 1059 1028 1154
f 2261 1420 1612
f 3403 3247 3870
f 2387 2473 2601
f 625 2097 671
f 1320 2664 2306
f 2664 2145 2306
f 971 2488 920
f 3691 3398 3690
f 3943 3259 3475
f 3251 3249 3376
f 3128 2779 3170
f 2293 2133 3966
f 3345 3300 3342
f 711 2950 4038
f 708 760 2947
f 2191 2539 2192
f 3342 3345 3298
f 3658 2945 759
f 2463 2080 2415
f 3343 3297 3805
f 795 3904 3842
f 909 2469 2605
f 2250 1210 2383
f 1627 1240 2495
f 476 276 349
f 2232 2363 2032
f 259 336 333
f 3653 3507 3557
f 3571 3888 2312
f 2147 1079 1034
f 315 287 311
f 3653 3605 3604
f 4015 4014 3984
f 1866 1788 1787
f 2726 3009 2267
f 1906 2097 3203
f 2600 2463 2415
f 129 128 153
f 2713 3019 2709
f 2799 2751 3128
f 1111 1145 1065
f 1506 1586 2464
f 1522 1413 1416
f 4068 2926 2871
f 44 34 415
f 658 616 656
f 2752 3007 2884
f 761 2884 2947
f 290 489 339
f 316 315 311
f 154 129 128
f 2982 732 3082
f 2797 2703 2800
f 1511 1402 1508
f 1433 1366 1173
f 1411 1893 1521
f 3450 3233 3917
f 551 3917 3916
f 3864 3925 811
f 2102 2068 2103
f 4041 2834 4036
f 2846 2945 2897
f 313 335 259
f 1327 1367 1329
f 3875 2946 4038
f 992 2492 2633
f 2757 2807 2773
f 3875 4037 2945
f 2202 2331 288
f 3155 2707 3064
f 1945 1116 1320
f 418 217 443
f 218 446 216
f 1747 2392 2264
f 3083 2987 3037
f 488 464 461
f 3728 3471 3469
f 1279 1316 1360
f 2624 2400 2496
f 2835 2884 4051
f 345 248 197
f 3237 3934 557
f 1511 1508 1400
f 909 1774 877
f 1036 1039 2552
f 2170 2517 2516
f 2843 713 766
f 2620 2448 2484
f 3877 3939 3441
f 2360 2590 2228
f 3938 571 3758
f 486 508 407
f 2307 1100 2186
f 3192 3658 707
f 4016 1058 1099
f 312 462 511
f 338 262 337
f 337 284 310
f 489 464 487
f 2194 3268 1953
f 3875 3758 3555
f 1801 1879 1815
f 2121 1936 3989
f 3973 1936 4003
f 453 528 428
f 529 528 308
f 566 818 2912
f 3875 3658 3555
f 3657 3511 3556
f 1597 1743 1203
f 3610 3556 3555
f 3970 3997 2645
f 1533 1226 1242
f 4071 3077 686
f 1803 1802 1514
f 1733 1021 1271
f 1803 1525 1815
f 127 152 481
f 1139 572 3343
f 3983 1051 1094
f 942 1969 2042
f 1209 1592 1588
f 3520 2716 3206
f 2907 3898 789
f 1700 1633 1850
f 994 2633 2272
f 289 315 313
f 2176 2174 2299
f 2297 1600 1069
f 2871 2722 4071
f 1226 2262 2480
f 3189 3154 3050
f 344 268 267
f 2800 2704 2834
f 2464 2023 2634
f 3424 3671 3529
f 870 2427 868
f 2834 2704 4036
f 2136 1302 1937
f 1762 1838 2026
f 729 3953 545
f 3344 3804 3296
f 3173 3195 2777
f 1916 1840 1440
f 581 835 3515
f 3344 3299 3296
f 3748 542 3794
f 3557 3604 3506
f 3620 3315 3732
f 226 264 340
f 1102 1308 1348
f 1849 1771 154
f 2389 2467 2257
f 480 406 329
f 257 254 330
f 1003 3342 1049
f 1342 1454 1932
f 2110 1921 1922
f 154 430 128
f 2800 2885 2748
f 2698 656 3056
f 1598 1215 1675
f 615 3105 3056
f 656 615 3056
f 50 61 29
f 3149 3105 3056
f 3196 3055 3102
f 2942 632 2856
f 1464 1274 1351
f 2527 1149 1024
f 2750 3151 3001
f 3878 3817 3770
f 991 984 1833
f 3411 3876 825
f 4054 2760 3017
f 1242 1764 1696
f 2810 3158 3071
f 3624 2717 3669
f 503 476 254
f 719 666 623
f 2821 3024 3081
f 3390 556 803
f 3411 3659 3762
f 4044 2938 4028
f 2764 772 3211
f 2010 2096 2100
f 2806 2814 2768
f 2247 2468 2603
f 2351 1174 2441
f 2468 2607 2466
f 1270 1457 1269
f 3875 4038 4037
f 1694 1765 1250
f 1760 2019 2113
f 3124 3071 3216
f 512 460 459
f 2246 2603 2466
f 1569 958 1856
f 1503 2455 1786
f 1435 1239 1629
f 1345 4006 1458
f 3843 3437 3903
f 3156 2756 3200
f 1265 1451 1261
f 1293 1300 1926
f 977 909 976
f 1651 1725 1649
f 3106 3095 3050
f 452 373 219
f 3411 3221 3367
f 578 3476 3260
f 1717 1651 1649
f 1676 1986 2062
f 1816 1894 1743
f 16 14 75
f 1650 1717 1649
f 2000 2081 905
f 2827 2448 2620
f 1820 1529 1608
f 1523 2476 2389
f 2383 2467 2389
f 1587 2383 2476
f 1446 3974 1291
f 1205 2383 1523
f 2403 2268 2408
f 453 528 378
f 3607 3562 3271
f 572 826 3297
f 12 74 11
f 2024 994 2272
f 3033 2720 2730
f 2380 2249 2602
f 2901 718 2908
f 3299 3296 3341
f 258 309 509
f 290 2204 314
f 261 312 309
f 581 580 835
f 2630 996 927
f 1734 1669 1887
f 1606 2086 2022
f 414 488 461
f 763 711 759
f 2647 2511 2649
f 2222 2578 3965
f 1520 1524 1416
f 3517 3312 3582
f 3371 3370 792
f 795 535 3904
f 2605 978 1869
f 3109 3010 2958
f 44 415 205
f 389 363 388
f 1012 1002 1126
f 202 428 354
f 2885 2836 759
f 2310 565 817
f 579 3415 580
f 3261 582 3416
f 763 3148 707
f 2605 978 2257
f 3151 3196 3102
f 2251 1592 2381
f 1504 1505 1398
f 3735 3402 3483
f 724 602 740
f 3994 3965 1338
f 3048 654 3182
f 1901 2091 1686
f 554 3921 807
f 2307 1121 1060
f 2469 909 2607
f 3198 3152 3193
f 2611 2252 2465
f 476 502 500
f 1204 2379 1586
f 30 6 4
f 1399 1204 1506
f 2427 2563 2557
f 3005 2702 2887
f 501 329 279
f 3629 2867 3784
f 1417 1819 1526
f 1106 1065 1144
f 1215 1597 1203
f 2601 2245 2600
f 1399 1506 2464
f 1307 1466 1939
f 49 12 73
f 808 3864 3855
f 2743 2810 2789
f 4037 624 2961
f 482 457 253
f 2844 2895 715
f 3725 3877 3405
f 2464 2379 2601
f 3720 3656 3608
f 2247 2604 2245
f 1273 1016 1064
f 56 108 52
f 2995 2718 2692
f 3207 2719 2765
f 2245 2246 2600
f 1598 1675 1744
f 2826 2882 2877
f 1077 2306 2146
f 765 3047 3092
f 1212 1658 1593
f 2377 2082 906
f 2082 908 2080
f 2398 986 2622
f 1108 1352 1067
f 105 39 104
f 1419 1228 1534
f 3093 3073 3140
f 2789 2766 3186
f 1403 1210 1217
f 2812 3208 3160
f 3764 3763 3350
f 3934 557 3454
f 908 976 2001
f 2917 2864 786
f 780 778 736
f 503 478 477
f 528 354 307
f 1363 1078 1682
f 976 2081 2000
f 2443 1382 2355
f 975 2000 905
f 1725 1727 1649
f 23 84 117
f 1520 2602 2634
f 1076 1071 3768
f 3939 2528 3976
f 2222 2351 2441
f 2882 696 3927
f 3828 3830 3784
f 1798 1596 1729
f 1717 1650 1868
f 2 104 8
f 2046 2045 1959
f 1503 1786 1863
f 1198 1863 1645
f 2588 960 2446
f 1727 1800 1650
f 96 80 16
f 2072 2364 2587
f 1249 1625 1250
f 2945 2885 759
f 416 491 341
f 2461 916 2100
f 1650 1800 1868
f 3932 823 822
f 3494 3636 3378
f 1409 1518 1815
f 2835 2952 4041
f 1409 1815 1816
f 4041 2952 2834
f 2558 290 339
f 462 261 309
f 287 286 335
f 313 287 259
f 1597 1517 1743
f 1885 1810 1525
f 1122 2535 2308
f 2855 2896 2856
f 1082 1329 1550
f 2945 4067 684
f 2896 4037 2846
f 4037 624 665
f 3876 3940 825
f 300 323 296
f 1735 1809 1676
f 301 328 279
f 3120 3024 3073
f 3345 2518 3896
f 1681 1229 1752
f 3300 1343 1267
f 1118 1151 3765
f 371 243 192
f 3106 3061 657
f 2188 2310 817
f 565 1340 1295
f 1880 1885 1525
f 1621 1622 1623
f 3882 3729 3944
f 1518 1525 1815
f 424 523 419
f 1946 2666 2180
f 3980 2141 3981
f 126 124 94
f 2598 2460 2597
f 627 587 724
f 2008 1899 2089
f 1810 1525 1815
f 3604 3605 3652
f 2612 2474 2634
f 2968 2761 2394
f 3474 3565 3612
f 198 197 247
f 3023 3158 2810
f 1221 1679 910
f 1518 1815 1894
f 1743 1675 1744
f 272 346 269
f 1737 1598 2391
f 3647 3492 3545
f 1669 2084 2006
f 422 298 521
f 1667 1509 1402
f 1669 2006 981
f 3004 4039 2699
f 783 679 2868
f 1598 1668 1215
f 2730 2973 4066
f 3450 3703 3917
f 38 35 101
f 2377 908 2082
f 3199 2756 3156
f 1809 1895 1676
f 3161 2972 721
f 2428 2427 2557
f 2712 2901 2984
f 1817 1416 1895
f 1524 1604 1416
f 862 936 934
f 1885 1219 1415
f 1885 1667 1219
f 3209 3026 3161
f 1875 1730 1662
f 3485 3895 3531
f 3656 3721 3561
f 2628 2491 2225
f 576 3355 659
f 717 3113 2900
f 1217 2258 1585
f 3617 3668 3271
f 2593 2500 1983
f 1573 1643 1710
f 1573 1775 881
f 1653 1718 1744
f 2083 2005 2390
f 2257 2390 2258
f 2412 2279 2055
f 457 482 481
f 1588 1587 1522
f 1414 1523 1585
f 3296 3341 825
f 1735 1808 1888
f 2083 2257 2390
f 504 502 349
f 1142 1104 1008
f 2198 2551 2552
f 1268 1456 3996
f 911 982 2493
f 2605 2257 2005
f 2577 1402 2438
f 2255 2387 2415
f 315 287 313
f 835 3837 3360
f 1666 1809 1736
f 848 3823 3419
f 380 202 354
f 3761 3334 3543
f 3569 840 3515
f 1653 978 2005
f 706 726 683
f 1653 978 1869
f 1511 1404 1507
f 1587 1522 1413
f 3940 3876 3844
f 1653 1869 1790
f 128 429 127
f 757 705 654
f 2128 2578 1929
f 2835 4041 4036
f 290 413 511
f 412 154 128
f 1869 1791 1790
f 1593 1211 1654
f 1401 1508 1507
f 2418 264 263
f 1344 1938 2135
f 3554 3506 3615
f 1639 1518 1189
f 1593 1724 1654
f 2330 2204 1960
f 1466 1277 3973
f 3651 3718 3466
f 1724 1656 1654
f 1656 1654 1720
f 1654 1207 1720
f 3822 2825 692
f 2037 514 412
f 1207 1589 1720
f 3862 3390 803
f 2559 2419 2418
f 2855 2591 2265
f 820 3295 3340
f 1105 1464 1309
f 1827 2015 1754
f 1591 1208 1589
f 1401 1216 1602
f 514 512 410
f 1591 1207 1589
f 1686 1687 1917
f 1656 1872 1720
f 1201 1583 1491
f 2331 2330 2035
f 1162 2677 2681
f 4063 680 785
f 1208 1589 1508
f 1647 3100 3136
f 2622 917 2495
f 2099 2013 2115
f 2890 2841 4044
f 3313 3884 3885
f 1598 1737 1410
f 346 496 420
f 1511 1400 1507
f 1509 1508 1401
f 3702 3861 3919
f 1699 2039 1849
f 286 316 409
f 1509 1402 1508
f 1572 3206 3190
f 1507 1209 1588
f 2697 3201 1493
f 561 805 3858
f 561 811 3863
f 562 813 3925
f 1665 1880 1521
f 1592 1588 1205
f 2299 2660 2527
f 3774 3313 3783
f 1209 1588 1205
f 3249 3651 3466
f 3315 3620 3733
f 263 338 287
f 1590 1592 1209
f 3071 3158 3216
f 1110 1107 1067
f 2295 1110 1057
f 1210 1592 1590
f 1031 1122 1082
f 1592 1587 1205
f 1961 514 412
f 1210 1592 1587
f 4031 2940 2874
f 2250 1210 1587
f 1205 1413 1523
f 1515 1406 1513
f 636 782 2983
f 1530 1897 1821
f 352 457 253
f 1470 1279 1282
f 1240 1436 2274
f 2114 2098 2026
f 1517 1563 1188
f 346 198 248
f 3059 3153 3154
f 3058 2749 3152
f 2533 2669 2534
f 426 526 497
f 1879 1801 1816
f 2795 2993 2689
f 529 478 256
f 453 427 354
f 284 283 281
f 46 110 206
f 45 72 107
f 358 385 356
f 4042 4035 2944
f 600 3426 856
f 3723 3470 3657
f 3719 3608 3511
f 2061 888 1991
f 1668 1737 1807
f 1507 1400 1602
f 3942 3771 3820
f 1469 1278 1358
f 213 439 211
f 1400 1214 1602
f 1261 1133 1005
f 1601 1401 1216
f 2914 2860 2918
f 1401 1507 1216
f 3172 3038 3128
f 3879 3819 3880
f 1507 1216 1602
f 1507 1588 1522
f 3604 3652 3506
f 1128 3298 1003
f 380 284 307
f 4052 2806 2768
f 3006 2750 4067
f 3472 3473 3256
f 2850 3017 3018
f 1507 1588 1602
f 1602 1218 1604
f 535 3906 3904
f 2867 734 3784
f 1588 1602 1522
f 1588 1205 1522
f 403 352 177
f 280 279 305
f 1763 1916 1628
f 3843 793 3371
f 3843 3682 3437
f 1587 1413 1523
f 3516 3772 3663
f 2383 2467 2476
f 3016 2758 3629
f 2467 2476 2389
f 2383 1523 2389
f 1523 1414 1524
f 3342 3503 3502
f 428 354 307
f 2670 1019 2288
f 1602 1218 1416
f 256 333 254
f 1818 1838 1762
f 3832 3583 3833
f 3671 3623 3529
f 1522 1524 1416
f 2756 3031 2727
f 990 2017 928
f 1012 3300 1058
f 3605 3653 3270
f 2954 2890 4044
f 3480 3885 3890
f 323 297 375
f 613 3191 3054
f 613 705 654
f 2950 711 4035
f 1557 1173 2440
f 1911 1749 1689
f 1686 1917 1841
f 4042 2950 4035
f 2441 1174 2579
f 2944 2833 2883
f 2833 2883 2943
f 749 613 747
f 1724 1591 1208
f 816 3399 564
f 328 327 301
f 272 324 346
f 479 504 524
f 598 676 3836
f 3339 3753 3821
f 3509 3054 3403
f 3560 3403 3402
f 2606 2607 2468
f 908 2607 977
f 3453 3403 3697
f 3870 809 557
f 3267 3623 2718
f 1666 1884 1804
f 3508 3806 3403
f 3579 3627 3430
f 759 707 705
f 476 277 455
f 654 3146 3101
f 4038 759 705
f 3805 3758 3870
f 1962 1961 2033
f 912 1748 1749
f 3797 545 799
f 3893 3954 544
f 1174 1557 2579
f 1720 1795 1508
f 1722 878 2052
f 3939 570 569
f 572 3933 3869
f 3939 3841 3901
f 2946 4038 2942
f 2766 3120 3186
f 621 4047 662
f 1316 1359 1281
f 654 698 3048
f 2942 4034 2882
f 2578 2128 3965
f 1900 913 2090
f 654 3101 3247
f 3504 3247 3246
f 2250 2383 2467
f 2606 2468 2250
f 679 4064 2868
f 571 2882 3870
f 313 287 286
f 826 3870 3869
f 1743 1672 1203
f 2613 2386 2611
f 2613 2660 2174
f 3805 3870 3869
f 2783 2741 3175
f 1576 1643 2413
f 1210 2349 2219
f 2089 1685 1245
f 3759 3805 3933
f 1861 1499 1641
f 1195 2365 2236
f 1453 4001 1137
f 3631 3673 3534
f 2762 3156 2805
f 647 606 605
f 3392 3704 3456
f 1730 1663 1662
f 1672 1789 2088
f 1880 1878 1802
f 1803 1061 1515
f 1183 1880 1386
f 3805 3933 3869
f 1245 1698 2113
f 827 571 4033
f 31 10 27
f 4034 2944 2832
f 2833 647 4025
f 602 724 640
f 2843 2894 2851
f 1974 2050 2216
f 3868 3710 816
f 3204 2762 2455
f 764 616 4035
f 711 4038 759
f 2955 2754 3009
f 84 90 81
f 3054 3191 3146
f 3207 3159 3167
f 1029 1154 1155
f 909 978 1869
f 3452 3247 3494
f 2127 1447 1257
f 423 524 324
f 498 497 495
f 3054 3146 3101
f 3021 2764 2897
f 1747 2087 2392
f 3886 587 3945
f 707 706 757
f 3048 3001 3182
f 763 707 706
f 3509 3556 3101
f 1735 1809 1590
f 2967 4054 4063
f 3560 3508 3505
f 2673 2537 1301
f 127 483 459
f 430 128 429
f 3561 3504 3246
f 1957 2198 2325
f 1699 1849 1632
f 2042 861 937
f 1938 1344 1360
f 1910 1537 1551
f 4035 2942 2882
f 1898 3201 2962
f 1378 1487 2352
f 3097 3144 3075
f 4040 4044 2948
f 758 705 2942
f 1283 1238 1378
f 1941 4008 3981
f 2518 572 1139
f 2779 3195 3173
f 1823 2090 2009
f 3403 613 654
f 3701 3870 3237
f 3613 3762 3813
f 3122 3317 639
f 3149 2988 3086
f 4037 2945 638
f 146 143 167
f 2139 3982 2144
f 653 4032 652
f 1114 1074 1358
f 2140 2138 2141
f 2358 2462 2584
f 652 4032 4031
f 2394 2761 1420
f 654 609 646
f 1163 1041 2195
f 1041 1480 2152
f 220 452 395
f 2941 776 723
f 2940 2941 2831
f 660 3063 2706
f 390 439 361
f 72 21 57
f 2394 1420 2261
f 920 2309 2314
f 1422 1839 1840
f 3844 3876 3905
f 448 219 145
f 194 142 240
f 2881 2831 2880
f 2891 2803 2754
f 2261 1612 2617
f 493 343 418
f 2881 2880 2830
f 659 3355 3062
f 3877 2300 2177
f 3654 3472 3411
f 2617 1224 983
f 1993 2276 2234
f 3508 3560 3606
f 520 322 373
f 3004 2951 3008
f 820 3244 3320
f 3131 1848 3174
f 2462 2599 2461
f 2177 3939 2662
f 2966 4052 2976
f 852 596 3850
f 2083 1603 2390
f 983 1748 912
f 4067 2961 4019
f 756 2705 4029
f 368 195 393
f 2598 2597 2459
f 2459 2597 904
f 3134 3180 640
f 1906 3080 3123
f 3078 2855 2265
f 903 973 1648
f 3428 3526 3274
f 647 4025 2856
f 835 854 3837
f 1152 1013 1014
f 972 2078 901
f 2908 718 776
f 1022 1944 4009
f 241 191 190
f 902 1831 1832
f 901 2078 1998
f 1628 1235 1441
f 1382 1234 1490
f 3135 741 3042
f 2243 1997 2076
f 3267 2718 2995
f 2243 2376 1997
f 900 2057 2056
f 2755 2707 3155
f 2076 971 900
f 3878 3770 3941
f 143 235 186
f 2076 1997 971
f 2356 2459 1981
f 900 970 899
f 899 2517 2170
f 3562 3621 3271
f 3201 2784 2786
f 3132 3179 3747
f 2516 2517 2515
f 2631 2489 2632
f 2293 2169 2458
f 2293 3966 2507
f 2293 2458 2133
f 2686 2790 2782
f 666 3108 586
f 659 3062 3108
f 3940 3441 3537
f 3150 3104 3060
f 1680 1820 1908
f 3941 3770 3818
f 3590 3816 3493
f 2133 2458 2596
f 84 90 117
f 719 3063 666
f 2133 2596 2457
f 4004 3974 1446
f 3160 3208 3141
f 1397 1398 1867
f 1829 1902 1831
f 1825 2096 2010
f 1155 1028 2670
f 1795 1720 1814
f 3879 3880 3729
f 1354 1304 1278
f 1705 1667 1856
f 1787 1713 1647
f 3203 625 3068
f 3382 3769 3228
f 3100 3053 3099
f 3052 3099 3145
f 1091 1926 2159
f 660 4045 4046
f 2691 2994 2742
f 3052 3145 3757
f 3757 3756 3803
f 3803 3650 3649
f 2780 2691 3040
f 3602 3648 3501
f 3601 3501 3600
f 3773 3664 2543
f 3601 3600 3647
f 1720 1893 1814
f 3647 3717 3716
f 969 2292 2649
f 3553 3500 3645
f 3598 3644 3597
f 1582 2373 2455
f 3945 3477 3415
f 1504 1398 1397
f 1707 1187 1568
f 1786 2455 897
f 1786 968 1865
f 1536 1426 2594
f 1865 2594 1396
f 1502 2372 1581
f 898 1991 2232
f 1996 2453 2074
f 1581 2240 1200
f 1863 1865 1645
f 1200 2240 2371
f 1580 2371 1579
f 1389 1185 1388
f 2074 2453 1995
f 1580 1579 2370
f 2786 3184 2690
f 2697 1184 1493
f 2370 1578 2369
f 958 1780 1856
f 2369 1578 2453
f 2453 1785 896
f 585 3263 3264
f 1666 1804 1738
f 896 1785 967
f 3836 3776 3671
f 3754 3340 1952
f 967 1785 1864
f 1199 2359 4023
f 1185 1779 1494
f 1183 1386 1494
f 895 1864 1784
f 3406 3721 3468
f 1384 1391 1496
f 1395 1646 1863
f 3666 3522 1199
f 1592 2384 1204
f 623 767 768
f 1706 1859 1186
f 1200 1580 1644
f 1197 1644 2239
f 898 1759 1693
f 1307 1466 2145
f 2239 1644 1996
f 3552 1297 3638
f 1496 1188 1390
f 2929 2741 4020
f 2238 2074 1995
f 3268 3535 3675
f 2194 3421 3268
f 3873 3872 3936
f 21 17 116
f 3073 2811 3209
f 1409 1599 1886
f 2238 1995 2593
f 3557 3298 1128
f 1575 2366 2452
f 1568 1706 1567
f 1575 2452 1500
f 1752 1864 1908
f 1991 2232 2587
f 3935 3522 3666
f 1597 1310 1351
f 813 3865 806
f 1500 2452 2592
f 1862 2591 1393
f 547 3952 800
f 2388 1600 2253
f 1393 2591 2451
f 1521 1508 1601
f 1641 1195 1709
f 1393 2451 1499
f 2256 2388 2253
f 2610 2385 2253
f 3456 3923 558
f 1499 2451 2365
f 1515 1407 1513
f 1594 1726 1802
f 3455 3237 3922
f 3391 3236 556
f 2858 2269 4060
f 1574 2365 1195
f 2858 4060 2913
f 1264 4001 1453
f 1097 2168 1056
f 1137 2168 1097
f 1010 2291 2514
f 1194 1643 1573
f 593 2857 852
f 4064 2980 2868
f 544 595 3911
f 2503 3959 2638
f 1193 1642 1392
f 1500 1394 1642
f 1137 1097 1135
f 1392 1642 1861
f 3917 3860 551
f 2705 4043 762
f 1392 1861 1192
f 3096 1192 3051
f 764 3154 3057
f 3586 3533 3535
f 3790 3533 3362
f 878 2052 1976
f 809 3455 3922
f 3391 3235 555
f 2060 2328 2416
f 568 3340 3754
f 3464 3754 3643
f 2577 2439 2576
f 3117 3071 3124
f 402 225 200
f 1827 1754 1828
f 2392 2007 2260
f 3306 3349 3301
f 878 952 876
f 1852 2048 1972
f 3711 3596 3642
f 3929 3753 3339
f 2272 2403 2408
f 1215 1668 1886
f 567 3339 3294
f 2873 3610 2736
f 567 3294 819
f 3293 566 3338
f 2292 2166 2649
f 3243 3293 3497
f 3293 818 566
f 3641 566 3462
f 1875 1872 1795
f 286 409 335
f 2836 711 759
f 3403 3388 3693
f 3338 566 3641
f 3640 3462 3461
f 3498 3461 3245
f 3498 3245 3401
f 854 3787 3837
f 565 3244 817
f 817 3244 3400
f 816 3710 3399
f 3013 3112 3014
f 3067 3112 2898
f 2899 3013 2710
f 1594 1593 1724
f 2072 2364 2116
f 346 345 270
f 3403 3247 3452
f 1172 1376 2219
f 3840 3900 3907
f 597 3838 3788
f 1674 1207 1654
f 564 3399 3243
f 2964 2710 2806
f 1813 1892 1879
f 567 819 3243
f 3292 3550 3614
f 3769 3816 3614
f 3801 3292 3291
f 1949 4014 816
f 3662 3498 3551
f 831 3308 3817
f 1611 1530 1424
f 2662 2177 2303
f 1470 2663 1279
f 125 111 45
f 823 3890 591
f 1464 1310 1274
f 2555 2417 2327
f 2967 2711 2760
f 539 3322 796
f 1310 1215 1517
f 1391 1498 1770
f 1352 1110 1067
f 3016 2849 2758
f 900 971 970
f 145 168 166
f 3616 3818 3568
f 3879 3818 3819
f 1114 2178 1148
f 3982 2143 2144
f 142 240 141
f 189 391 213
f 3942 3820 3881
f 394 366 391
f 3881 3820 3309
f 576 3309 3355
f 3475 3879 3729
f 839 3309 3417
f 832 3309 576
f 1846 1769 1768
f 3806 3759 3934
f 3934 3237 3454
f 2083 1744 2391
f 2850 3018 717
f 1256 4004 3964
f 400 371 396
f 4069 2726 3273
f 3482 3527 2726
f 3713 3714 3481
f 3176 2780 3040
f 2741 2787 2929
f 2900 2808 2968
f 2027 2072 2234
f 3607 3562 3561
f 174 150 149
f 375 396 369
f 3972 2236 2979
f 2366 2237 2627
f 974 973 903
f 3187 3046 3138
f 618 3063 660
f 2842 2803 2891
f 2529 4009 2182
f 440 439 438
f 159 138 135
f 831 3878 3259
f 3944 3729 3476
f 3498 3662 3614
f 216 442 389
f 1658 1674 1721
f 2515 2541 989
f 2991 2743 2684
f 832 576 3260
f 833 3260 3413
f 619 2956 661
f 620 2957 765
f 388 231 181
f 46 108 41
f 3109 2958 621
f 516 466 437
f 621 2958 4047
f 3936 3554 539
f 1722 1792 1655
f 2393 2962 2407
f 712 2893 713
f 2993 3041 3089
f 663 3414 834
f 840 841 581
f 579 580 581
f 3515 835 3310
f 3006 2750 3001
f 380 310 307
f 3516 3310 3772
f 1140 1103 1064
f 1273 1350 1064
f 1809 1666 1887
f 3838 3826 3788
f 3787 3825 3837
f 3267 3524 3623
f 3663 3772 3311
f 582 3894 597
f 583 3262 584
f 1408 1519 1410
f 3398 3266 3397
f 584 3262 3263
f 3532 3624 3672
f 501 274 329
f 666 586 623
f 585 3264 836
f 836 3264 4049
f 836 4049 623
f 2183 1059 2669
f 3440 3683 3903
f 1459 1270 1269
f 1914 1761 1246
f 3110 2708 3065
f 3156 3200 2805
f 2805 3200 3066
f 1309 1141 1465
f 1017 1134 1005
f 1880 1803 1415
f 2805 3066 2709
f 3933 592 3896
f 3019 2762 2709
f 2709 3111 3012
f 1616 2713 3012
f 3012 1677 1220
f 1189 1518 1570
f 1793 1871 1790
f 2750 2799 3129
f 3012 3111 1677
f 3318 3780 3833
f 1426 1536 1417
f 1220 1818 1417
f 1220 1677 1818
f 1526 1527 1528
f 83 6 4
f 35 101 100
f 2249 1204 2602
f 2006 2258 981
f 1418 1678 1605
f 1605 1679 1221
f 1605 1678 1679
f 3440 3902 3436
f 2482 2483 2614
f 1221 910 2614
f 2259 1606 1607
f 649 4026 4059
f 2259 2086 1606
f 503 478 476
f 3552 3536 3593
f 1607 1222 1680
f 1820 1752 1908
f 2083 2004 2080
f 81 114 15
f 1680 1529 1820
f 4066 4058 2921
f 16 80 14
f 1680 1222 1529
f 1681 1609 1610
f 1610 1614 1229
f 425 526 497
f 327 301 271
f 1681 1608 1609
f 352 331 253
f 352 273 251
f 1156 1041 1163
f 1610 1609 1156
f 1206 1587 1523
f 478 500 474
f 275 326 325
f 1223 1156 1362
f 402 378 426
f 1142 1464 1104
f 2001 975 905
f 3938 571 3870
f 1362 1156 1030
f 1362 1078 1363
f 1611 1745 1897
f 921 2091 2107
f 1362 1030 1078
f 2271 2407 2273
f 1363 1682 1419
f 502 349 298
f 1419 1745 1611
f 758 624 684
f 2080 2616 2478
f 2880 2831 671
f 765 3356 3047
f 1611 1897 1530
f 1530 1423 1424
f 502 477 499
f 1531 1821 1532
f 1822 1683 1684
f 1822 1751 1907
f 732 678 3125
f 1784 1752 1237
f 476 478 500
f 499 424 422
f 2897 672 632
f 2715 3021 2897
f 2260 911 2477
f 1302 1361 1319
f 1380 1489 1488
f 151 470 150
f 3351 1118 3765
f 2897 4036 2960
f 1012 1126 1087
f 283 281 308
f 2972 3026 2729
f 3573 3825 3787
f 423 422 298
f 2463 2080 2616
f 905 2478 2088
f 787 670 682
f 1233 2265 1381
f 2080 2001 2478
f 1532 1546 1842
f 504 476 277
f 298 324 295
f 905 2478 2393
f 62 52 61
f 78 17 51
f 3508 3559 3605
f 2962 3202 2963
f 2898 3112 2847
f 400 197 245
f 3814 3351 3765
f 3304 3348 3350
f 2847 3112 2899
f 2385 2254 2253
f 472 272 496
f 2470 1511 1404
f 3247 3452 3698
f 3165 3215 682
f 524 272 324
f 2965 2806 4052
f 3656 588 844
f 2610 2472 2385
f 1115 1075 1116
f 323 401 296
f 326 376 296
f 2757 4052 2966
f 2472 2610 2609
f 346 198 398
f 2757 2966 2807
f 3517 3730 3946
f 3599 3713 2910
f 3965 3995 1294
f 3015 3730 3517
f 3312 3946 3883
f 1013 2172 2520
f 2665 1115 2179
f 1302 2136 1361
f 524 423 420
f 470 174 150
f 3154 3153 3106
f 3059 3194 3153
f 3259 3426 601
f 2466 2607 908
f 1404 1209 1588
f 543 3134 640
f 1884 1807 1882
f 198 223 398
f 2400 2625 2275
f 3472 3255 3410
f 3411 3221 533
f 3106 657 617
f 3348 3305 3351
f 3016 3731 2849
f 217 443 216
f 3813 3762 3763
f 1727 1650 1649
f 3766 3815 3307
f 706 672 726
f 2833 2943 3934
f 4054 3017 2850
f 2191 2192 2320
f 151 249 150
f 3027 3017 2813
f 717 3018 3113
f 297 345 400
f 2900 3113 2808
f 1112 2130 2164
f 3121 3113 3074
f 2968 2808 2761
f 2656 2518 3934
f 983 1224 1748
f 2883 2943 4033
f 1928 1257 1339
f 2089 1899 984
f 1843 1842 2276
f 522 419 450
f 1940 2255 2004
f 1901 2009 2091
f 223 198 246
f 1031 2535 1122
f 1032 2309 1475
f 219 448 395
f 1613 1421 2092
f 2094 1902 1903
f 1227 2481 1422
f 1905 2263 2096
f 1905 2096 1825
f 2998 3067 2690
f 3437 3939 3902
f 126 97 356
f 1280 1252 1000
f 2531 2303 2181
f 218 170 442
f 3114 769 718
f 2260 2477 2619
f 2712 718 2901
f 2460 2461 2100
f 3172 3171 3038
f 1684 1747 1688
f 1022 1117 1119
f 1512 1513 1596
f 3812 3303 3353
f 266 244 342
f 3568 3818 3569
f 1822 1684 1751
f 391 166 189
f 973 2623 918
f 1530 1531 1423
f 1419 1611 1228
f 1464 1310 1104
f 1661 1732 1812
f 93 82 60
f 1611 1424 1228
f 1363 1419 1534
f 1362 1321 1322
f 779 3828 734
f 275 300 325
f 1610 1223 1614
f 391 215 166
f 166 141 236
f 519 317 364
f 1681 1610 1229
f 1680 1908 1753
f 1513 1596 1387
f 1729 1596 1387
f 2450 2073 2653
f 1661 3201 1898
f 951 2048 1972
f 3202 3201 2786
f 3067 3202 2690
f 969 2595 2132
f 964 2063 957
f 1987 888 959
f 2292 2132 2167
f 2292 2167 2290
f 2588 1569 2447
f 2292 2290 2166
f 898 2027 2066
f 654 613 749
f 3457 3458 3704
f 3704 3392 810
f 1989 2064 1988
f 143 142 165
f 1989 1988 2063
f 2027 2276 2066
f 964 957 2277
f 2613 957 2277
f 200 151 249
f 1109 1066 1018
f 1676 2062 1705
f 1667 1564 1183
f 426 526 473
f 957 2256 1986
f 2613 2256 957
f 2388 1600 2062
f 1779 1183 1494
f 1600 1733 1564
f 1733 1665 1564
f 1665 1880 1183
f 1492 1515 1778
f 1803 1515 1492
f 2783 2928 4020
f 1515 1407 1778
f 1190 1492 1639
f 1778 1407 1855
f 1732 1563 1182
f 3704 3240 3456
f 1732 1812 1563
f 1661 1812 1898
f 92 120 119
f 2166 894 2510
f 110 434 205
f 1343 1267 1290
f 894 2510 1985
f 894 2064 956
f 2064 1988 889
f 1664 1182 1385
f 964 1988 2061
f 964 1987 888
f 889 1988 2061
f 964 2061 888
f 1987 959 2066
f 2696 3499 3592
f 3638 3593 3592
f 2419 2332 263
f 414 514 412
f 3315 1948 1123
f 2696 2739 3592
f 2964 2965 2864
f 1402 2577 2220
f 2795 2739 2993
f 2795 2746 2993
f 1985 2327 2199
f 2746 2688 2783
f 3000 2691 2742
f 1985 2061 2065
f 1385 1517 1188
f 1518 1385 1570
f 1494 1386 1566
f 1667 1183 1779
f 216 519 389
f 1780 1705 1856
f 1676 1705 1780
f 1986 1780 890
f 2063 957 1986
f 3172 3087 3039
f 621 662 668
f 2167 2647 2511
f 2049 948 872
f 2167 2290 2647
f 2290 2166 2510
f 1269 3299 1478
f 2290 2510 2647
f 2166 2510 2289
f 2166 2648 2289
f 2648 2064 2289
f 1985 956 2289
f 888 2060 2229
f 42 45 107
f 888 955 2362
f 1126 1087 2636
f 888 2229 2362
f 2510 2647 2649
f 2510 1985 2289
f 4031 4032 2941
f 2233 2232 2587
f 3251 3556 3378
f 956 889 886
f 1991 887 2587
f 3458 3928 3705
f 887 959 1991
f 2745 2794 2695
f 888 955 959
f 889 886 958
f 889 2061 2060
f 516 205 490
f 2061 888 2060
f 3870 557 3693
f 3549 3587 3637
f 3639 3549 3587
f 3639 2795 2993
f 2795 2747 2689
f 1297 3638 2787
f 1498 1297 2787
f 3596 3643 3626
f 570 824 2504
f 85 23 83
f 3251 3511 3556
f 1384 1498 1391
f 1600 1604 1219
f 2647 2510 3992
f 1181 2741 1391
f 228 22 227
f 2739 3549 3592
f 2739 2993 3549
f 237 138 159
f 2687 2691 2994
f 2370 1579 1578
f 2687 2992 2691
f 2688 2785 2689
f 491 387 182
f 2687 2992 3139
f 2158 1049 1090
f 3139 2992 3184
f 2687 3183 2994
f 3183 2687 3139
f 1258 1328 1447
f 2942 4025 2856
f 1181 2994 1781
f 3183 2994 1781
f 1181 1704 1391
f 3210 3644 2814
f 1704 1181 1781
f 3404 825 3322
f 2992 3097 3184
f 3097 2998 2690
f 1395 2228 2227
f 1704 1391 1496
f 1521 1601 1219
f 889 2230 2361
f 889 2361 958
f 3152 762 3193
f 448 246 370
f 3721 843 3619
f 1023 1149 1115
f 2364 2072 2027
f 958 2063 890
f 164 139 163
f 1989 2063 886
f 843 3314 738
f 28 490 465
f 24 465 265
f 886 2063 958
f 2064 1989 956
f 956 1989 886
f 1498 1384 1565
f 1565 1384 1184
f 1384 1496 1184
f 2451 2911 2979
f 1496 1390 1184
f 1497 1187 1388
f 1187 1497 1568
f 1187 1389 1388
f 1389 1569 1185
f 2588 2230 2361
f 2229 2588 2446
f 85 23 84
f 2289 956 2555
f 2362 2229 2446
f 2072 1990 2231
f 1857 3183 3139
f 1781 3183 1857
f 2697 2788 2741
f 1858 1638 1781
f 1638 1704 1781
f 1411 1893 1406
f 3097 3184 3049
f 2234 2072 1990
f 1380 2224 1176
f 1387 1186 1495
f 2784 1387 2740
f 2784 2740 2786
f 142 240 237
f 3049 3097 2690
f 3460 3706 3459
f 3707 3460 3459
f 3707 3460 3706
f 3707 3706 3459
f 2509 2646 3970
f 3970 2646 3998
f 2646 3998 3969
f 739 4068 685
f 709 710 658
f 436 207 206
f 2646 3969 2508
f 3997 2508 2645
f 608 698 747
f 124 97 383
f 3970 3998 3997
f 807 3859 3917
f 2509 3970 2645
f 2508 2509 2645
f 3969 2508 3997
f 654 613 698
f 3457 3392 810
f 609 654 748
f 698 654 749
f 1722 2052 1977
f 3412 3251 3511
f 2882 2826 696
f 2304 2182 2186
f 1722 1655 1721
f 2833 695 647
f 3859 3232 551
f 814 563 3240
f 3457 3240 3704
f 3457 3704 3927
f 3927 3747 3634
f 3704 3866 3927
f 808 3860 552
f 3867 3705 3927
f 3800 3327 3746
f 812 3926 561
f 3926 811 3863
f 2954 4044 4040
f 206 205 431
f 562 3926 811
f 609 748 811
f 811 3863 560
f 3496 3281 3543
f 385 208 432
f 3392 3456 810
f 3392 3236 556
f 3486 3275 3430
f 71 46 108
f 559 810 3239
f 3800 3132 3747
f 181 386 357
f 3458 3928 3866
f 3705 3458 3457
f 3704 3458 3238
f 3392 3704 3238
f 4025 4024 2932
f 810 558 3238
f 696 746 647
f 563 3867 3928
f 3446 3229 3383
f 3392 810 3238
f 3699 3232 3383
f 64 42 51
f 3392 810 558
f 808 3864 3921
f 3451 3232 3916
f 2500 1957 2161
f 559 3239 556
f 3862 3703 556
f 3937 3873 3872
f 2052 2053 1977
f 3922 3934 555
f 1929 1258 1447
f 3455 3922 555
f 1979 953 2577
f 2216 2346 2433
f 3237 557 3922
f 3391 3455 3922
f 909 2469 1774
f 3934 809 555
f 3934 3870 809
f 3230 3229 3446
f 3870 3934 3454
f 3701 3234 3452
f 3237 802 3385
f 3235 3391 3454
f 3701 3542 3589
f 554 808 3921
f 1979 2577 2437
f 3864 560 3921
f 807 554 3389
f 3706 3459 3692
f 3924 812 560
f 2882 2942 4025
f 812 3864 3860
f 1017 1141 1006
f 2902 768 2844
f 2506 2153 2287
f 3577 3423 3432
f 2221 2349 2219
f 2052 1976 2051
f 560 554 3921
f 811 3863 3289
f 3700 3389 3233
f 1399 1695 2634
f 909 2469 1486
f 3451 3233 3450
f 3451 551 3916
f 3453 3693 3383
f 3451 3450 3232
f 2046 2045 2339
f 3389 3700 3548
f 2217 2435 2574
f 3700 807 3389
f 2368 2238 885
f 1404 1511 2576
f 3234 3387 3698
f 3865 812 806
f 3699 3388 3234
f 876 951 950
f 3452 3234 3698
f 3403 3247 3698
f 3860 808 806
f 2343 2437 2214
f 3247 3403 3453
f 3234 3636 3495
f 3388 3230 3447
f 3234 3452 3636
f 3494 3453 3635
f 1637 1599 1180
f 1142 1104 1053
f 3864 3925 560
f 1006 1133 1450
f 1450 1262 1261
f 1740 1599 1637
f 1141 1007 1006
f 4043 2705 3003
f 1006 1450 1262
f 1006 1007 1133
f 1451 1006 1262
f 1134 1451 1261
f 2349 2219 2345
f 842 3617 589
f 1009 1146 1008
f 1146 1009 1054
f 1098 1104 1053
f 1598 1672 1744
f 1104 1098 1054
f 170 143 165
f 1017 1141 1007
f 3759 3345 3300
f 1099 3300 1301
f 1146 1739 1637
f 1146 1637 1009
f 1146 1098 1054
f 547 800 3799
f 1146 1008 1053
f 1146 1098 1053
f 1552 2624 2496
f 3751 3750 3331
f 1134 1261 1005
f 1133 1007 1132
f 1450 1133 1261
f 2046 1970 2045
f 1066 1108 1107
f 865 2040 1965
f 3937 3760 3872
f 1145 1066 1018
f 629 842 2907
f 1965 2037 1961
f 3512 3564 3565
f 1110 1068 1107
f 631 2620 2098
f 2402 2266 2444
f 52 63 50
f 1807 1519 1215
f 867 1851 941
f 2569 2432 867
f 1668 1807 1215
f 1353 1276 1454
f 1454 1276 1932
f 2172 2657 1326
f 3968 1276 3967
f 1932 3968 3967
f 1276 1353 3967
f 167 142 237
f 4002 1353 1931
f 1300 1265 1454
f 3015 2848 3730
f 4067 2887 2927
f 1265 1300 2130
f 2164 2130 2163
f 871 2428 2340
f 1112 1140 1265
f 1112 2164 2163
f 3672 3669 3166
f 3333 1093 3181
f 1019 1140 2288
f 2751 3149 3007
f 293 318 519
f 648 645 607
f 609 748 648
f 645 693 745
f 645 607 745
f 608 648 694
f 3242 815 3852
f 749 608 694
f 697 648 607
f 697 607 745
f 613 654 646
f 2904 3020 2764
f 1983 2500 882
f 609 694 646
f 126 112 356
f 606 644 605
f 647 695 606
f 606 695 744
f 3001 2698 3182
f 647 605 2933
f 3000 3067 2742
f 22 124 357
f 4025 647 2933
f 2933 4024 2932
f 644 606 2932
f 606 744 2932
f 337 178 284
f 1950 1341 1298
f 606 647 744
f 814 3393 3705
f 4025 2933 2932
f 1731 1814 1601
f 644 606 4024
f 2739 2787 3174
f 647 644 605
f 647 606 644
f 3867 814 3705
f 605 2933 4024
f 644 605 4024
f 3394 2995 2738
f 25 24 465
f 3932 822 548
f 4025 647 605
f 695 746 744
f 748 698 694
f 696 746 744
f 2905 2715 2853
f 2252 2251 2382
f 862 861 937
f 2562 2425 938
f 696 746 695
f 695 647 4025
f 126 111 42
f 2933 644 4024
f 3928 3867 3705
f 3392 3704 3239
f 3240 3928 3458
f 3867 3393 3705
f 3393 3240 3458
f 814 3393 3867
f 157 156 130
f 812 3865 561
f 561 3926 3925
f 3924 3865 560
f 21 57 107
f 561 3925 805
f 562 3926 813
f 3456 3696 3857
f 93 35 101
f 3923 3456 3857
f 488 860 464
f 3861 3702 804
f 2037 414 514
f 804 3702 3386
f 3703 3920 3449
f 3703 3236 556
f 3391 3701 3237
f 54 55 19
f 3386 3862 803
f 3237 557 3385
f 3237 3385 3695
f 558 3458 3238
f 563 3928 3923
f 3387 3697 3383
f 3700 3453 3383
f 3923 3928 558
f 3456 563 3923
f 2833 2882 746
f 2235 2069 2586
f 3240 563 3456
f 40 87 35
f 3923 3696 3857
f 3923 3456 3696
f 1849 1772 1771
f 1964 2036 2330
f 3862 3703 3390
f 3861 3449 3919
f 40 68 82
f 3920 3449 3448
f 3861 3703 3449
f 3937 3872 3570
f 1483 129 264
f 154 1771 129
f 3862 3702 3448
f 3702 3861 3448
f 3920 3702 3448
f 3862 3920 3449
f 3455 3922 3235
f 3704 3240 3702
f 809 3391 555
f 1774 1486 877
f 3235 3922 555
f 809 3391 3455
f 696 3927 3863
f 875 2047 2343
f 489 461 486
f 808 3918 552
f 3917 807 551
f 3936 829 3871
f 2435 2347 2434
f 3860 808 3918
f 696 746 3927
f 806 808 3855
f 3239 3862 556
f 554 3921 806
f 3921 806 3855
f 3915 3846 3908
f 813 3865 3864
f 3232 3450 3384
f 3863 812 3924
f 4036 2835 2960
f 3685 794 533
f 22 24 227
f 3917 3450 550
f 874 871 945
f 3388 3230 3693
f 3699 3388 3230
f 3854 801 3384
f 3699 3387 3383
f 3864 813 808
f 3052 3757 3333
f 2208 2337 2561
f 877 1852 951
f 3451 3233 3232
f 2345 1485 1484
f 801 3232 3384
f 3232 801 551
f 892 961 2059
f 801 3854 551
f 813 3865 812
f 3450 3694 3917
f 2213 2214 2342
f 1969 2210 2565
f 1969 2042 1967
f 798 3886 542
f 3447 3699 3229
f 3700 3389 3453
f 1978 2053 2052
f 1375 1171 1635
f 3388 3403 3698
f 608 645 607
f 3048 698 3182
f 705 2942 746
f 748 694 646
f 3230 3447 3229
f 813 3865 3924
f 30 33 4
f 3704 3458 3866
f 3698 3388 3693
f 3403 3698 3693
f 3403 3693 3383
f 654 609 697
f 3706 3692 3445
f 1449 2676 1131
f 813 562 560
f 4017 3986 1004
f 1004 3986 1051
f 3986 2150 1051
f 2150 1952 1094
f 557 3237 3454
f 2250 1210 1172
f 1094 1952 1296
f 1952 2193 1296
f 1296 2193 1340
f 1191 1498 1565
f 1577 1854 1777
f 2193 2319 1340
f 2310 2537 1296
f 1340 2319 1295
f 1295 1953 1093
f 883 2593 1983
f 811 3800 3289
f 2194 1953 1295
f 885 2238 2586
f 2239 1984 884
f 2238 2593 954
f 1556 2217 2345
f 954 2593 883
f 1197 2239 884
f 3920 3862 3448
f 3239 559 3861
f 2652 2512 2162
f 3562 3509 3511
f 1556 2345 1484
f 1979 2054 1974
f 2282 1047 2119
f 2652 2162 2161
f 1197 884 1854
f 545 3893 799
f 3236 3334 3496
f 1198 1577 1777
f 3467 3721 3468
f 2221 2349 2217
f 1198 1777 2059
f 4000 2652 1957
f 3775 743 604
f 696 647 606
f 1198 2059 1982
f 3860 3918 552
f 1395 1198 1982
f 2131 3971 4000
f 1395 1982 2360
f 3859 554 807
f 1199 1395 2227
f 1947 2131 4000
f 3001 3048 2873
f 263 338 337
f 316 314 285
f 1947 1957 2154
f 1947 4000 1957
f 1157 2154 1371
f 2566 2427 2423
f 1157 1947 2154
f 1592 2251 1209
f 1124 1157 1371
f 1079 1124 1330
f 1034 1033 1159
f 909 1793 2605
f 1961 1849 154
f 1033 1034 1330
f 1169 1373 2422
f 3801 3752 3335
f 316 313 286
f 1477 1365 1326
f 1553 2211 2339
f 948 872 870
f 3336 3291 3547
f 3290 3336 3547
f 2449 2590 2360
f 1323 1477 1330
f 1477 1323 1365
f 2426 2563 940
f 3521 1476 1481
f 3521 1481 1630
f 1038 1160 2548
f 3064 3109 3116
f 2342 1968 2043
f 3570 3521 1630
f 627 663 834
f 2340 2209 2208
f 2716 3154 2996
f 1199 3522 1630
f 3547 3291 3546
f 3618 3666 1199
f 1442 1543 1919
f 3618 1199 4023
f 3229 3699 3383
f 3247 3870 3452
f 3822 3618 2825
f 2414 2117 931
f 2344 2215 2212
f 3822 692 743
f 3557 3506 3452
f 3775 3822 743
f 2129 1336 2125
f 3775 643 3047
f 3316 3292 3801
f 2188 817 2311
f 2560 2419 2418
f 231 182 181
f 58 156 130
f 661 2686 2782
f 3138 765 3092
f 2797 2702 2704
f 661 2782 2875
f 619 661 2875
f 3292 3816 3546
f 501 475 276
f 302 348 271
f 2686 661 2685
f 3316 3337 3292
f 3716 3932 3380
f 2905 2906 4056
f 2209 1169 1633
f 865 939 863
f 2039 1700 1772
f 2685 661 3046
f 833 619 2875
f 833 2875 3691
f 3046 661 3138
f 661 620 3138
f 833 3691 3690
f 44 34 31
f 3732 564 3337
f 3816 3769 3493
f 183 385 384
f 3493 3769 3382
f 1114 1357 1073
f 169 194 142
f 2924 2869 3273
f 3356 765 3314
f 578 3690 3381
f 1938 4005 1028
f 442 143 235
f 2536 2313 2189
f 3314 765 738
f 1301 1333 1290
f 153 178 284
f 564 3732 2149
f 2209 2208 2336
f 83 4 91
f 578 3381 3444
f 3703 3390 803
f 1949 816 2149
f 1125 1042 1084
f 1965 2040 2039
f 2425 864 938
f 2040 1962 2037
f 2843 2903 772
f 712 713 2843
f 2894 2959 622
f 588 843 738
f 439 210 133
f 588 738 788
f 1866 1787 1636
f 3944 578 3444
f 600 856 3687
f 2583 2278 879
f 2186 2534 2288
f 2574 1374 2567
f 2340 2211 2339
f 3882 3944 3852
f 3944 3444 3852
f 2427 2426 866
f 3955 3899 3851
f 3899 3956 3851
f 2311 3868 3888
f 3882 3852 3689
f 3168 2799 3127
f 3943 3882 3689
f 3943 3689 3443
f 577 3943 3443
f 548 3956 3380
f 111 126 356
f 577 3443 3379
f 2469 2467 2605
f 1404 2576 2221
f 188 236 162
f 856 577 3379
f 3472 3725 3843
f 1735 1895 1676
f 710 658 615
f 856 3379 3688
f 3380 3789 3492
f 3457 2826 3704
f 705 654 747
f 2907 2878 2828
f 2878 2907 789
f 2878 789 739
f 72 59 70
f 600 3687 2738
f 685 600 2738
f 2783 2691 2780
f 4027 739 685
f 709 658 657
f 4027 2936 739
f 765 2957 2892
f 386 357 383
f 360 383 356
f 3520 3523 3572
f 2212 2215 2341
f 3520 3667 3523
f 512 510 459
f 482 459 481
f 3790 3362 3491
f 3649 3602 3491
f 612 2781 2991
f 612 4027 685
f 612 685 2781
f 755 612 2991
f 2884 2752 2947
f 2206 2331 2036
f 2562 940 2205
f 755 2991 2684
f 1593 1211 1674
f 1673 1741 1674
f 565 1296 1340
f 702 755 3045
f 2743 2789 2684
f 2325 2198 2552
f 2428 2564 2423
f 3362 1295 3288
f 1295 1093 3288
f 3236 3391 3234
f 807 3236 3389
f 2349 2217 2345
f 3000 2746 2783
f 3928 3866 810
f 563 812 3923
f 4016 3983 1094
f 754 702 3137
f 702 3045 3137
f 2148 1950 1051
f 1976 2049 872
f 3143 754 3091
f 1853 1092 1703
f 2332 263 315
f 754 3137 3091
f 3190 3206 3142
f 1593 1674 1721
f 3136 1050 1853
f 3143 3091 3044
f 1703 1092 1130
f 753 3044 642
f 703 753 642
f 1636 1130 1448
f 2546 2545 1260
f 3975 4005 1948
f 3619 843 588
f 1963 2038 1960
f 1703 1130 1636
f 703 642 603
f 4002 1268 3996
f 1324 3667 1452
f 1324 1452 1299
f 2638 3990 2502
f 3520 3206 1452
f 3206 1572 1452
f 3990 3958 2502
f 1325 1364 1341
f 1950 1325 1341
f 1192 1572 3190
f 531 530 790
f 1298 1131 1004
f 2858 2404 2269
f 3603 3554 540
f 1562 1448 1260
f 936 935 488
f 316 286 285
f 2939 691 2824
f 802 3856 3695
f 2882 2833 2877
f 1562 1260 1491
f 513 413 314
f 2939 2824 2874
f 1383 1260 1259
f 4030 2874 2931
f 1383 1259 2585
f 935 2558 339
f 414 488 512
f 2585 1259 2445
f 2793 4022 2358
f 2744 2793 2358
f 2830 2462 2358
f 2737 2698 3177
f 3344 3876 3299
f 509 408 507
f 2792 2744 2584
f 2462 2244 2584
f 1504 1397 1179
f 810 3392 3239
f 3924 3860 554
f 554 559 807
f 2357 1449 3966
f 3862 3922 556
f 1774 952 951
f 2792 2584 2226
f 810 559 3236
f 1449 1131 2507
f 2792 2226 2356
f 1554 1553 1701
f 2507 2153 2506
f 1392 2694 1981
f 2694 2356 1981
f 1956 2499 2644
f 1100 1293 1091
f 314 285 312
f 337 310 283
f 2153 1956 2644
f 1193 2058 1776
f 3850 596 3912
f 1573 1776 1775
f 1194 1573 881
f 2056 2635 880
f 807 3389 3548
f 2576 2221 2347
f 2635 2278 2583
f 460 483 457
f 1251 1767 1285
f 2562 864 938
f 3355 3309 838
f 2412 2055 879
f 3699 3388 3452
f 1317 1286 1331
f 1637 1740 1180
f 2278 2412 879
f 691 652 2824
f 2824 4031 2874
f 2874 2940 2931
f 1490 1234 1561
f 2931 2881 4022
f 2881 2830 4022
f 262 310 283
f 2563 2206 2333
f 4022 2830 2358
f 2584 2244 2226
f 2244 2598 2226
f 512 410 460
f 2226 2598 2356
f 2884 2947 2855
f 2598 2459 2356
f 2202 315 288
f 509 406 480
f 2459 974 1981
f 2058 903 1776
f 1276 3968 1932
f 1716 1714 1775
f 53 66 75
f 1775 1714 881
f 881 2079 1980
f 1980 972 2055
f 802 3385 3695
f 2079 972 1980
f 3453 3247 3693
f 2765 2719 2790
f 2055 901 879
f 3651 3720 3442
f 3940 3684 3440
f 901 2077 879
f 2243 880 2583
f 2077 2243 2583
f 2312 2536 2189
f 254 484 456
f 2076 2056 880
f 1539 1234 1235
f 3927 3457 3747
f 2076 900 2056
f 335 485 334
f 313 286 335
f 899 2644 2057
f 1141 1104 1465
f 2170 2287 2644
f 2516 2294 2506
f 2293 2507 2506
f 2457 2445 2357
f 2353 2491 2223
f 2457 2375 2445
f 2564 2207 2333
f 2241 2585 2445
f 2241 1383 2585
f 1201 1491 1383
f 1583 1504 1491
f 2999 3552 1263
f 1504 1562 1491
f 1866 1636 1179
f 3876 3685 794
f 2810 2766 2789
f 1787 1703 1636
f 2646 2508 2283
f 1647 3136 1853
f 2932 744 2877
f 3100 3052 3136
f 1140 1052 2284
f 860 489 464
f 3052 3181 3136
f 2516 2515 2294
f 3689 3396 3443
f 3803 3288 3333
f 3803 3491 3288
f 3803 3649 3491
f 3602 3601 3545
f 2886 2836 2927
f 2211 2209 2337
f 943 1968 2041
f 3716 3380 3492
f 3647 3716 3492
f 3932 548 3380
f 1201 1584 1583
f 3792 3637 3743
f 822 3931 3851
f 2693 2934 2875
f 3931 3465 549
f 1737 1668 1598
f 3712 3382 3228
f 3646 3493 3382
f 3712 3646 3382
f 3646 3553 3493
f 587 834 3945
f 2213 1971 1969
f 3598 3546 3590
f 3553 3598 3590
f 3187 2791 2685
f 2741 3131 3174
f 3597 3547 3546
f 3700 3233 3451
f 3700 3591 3548
f 3598 3597 3546
f 3597 3802 3547
f 2869 2892 4069
f 3546 3816 3590
f 3411 3685 794
f 3802 3290 3547
f 1508 1400 1507
f 1589 1720 1508
f 2334 2205 2330
f 2653 2165 2162
f 2165 2651 2162
f 2162 2651 2161
f 3326 3496 3281
f 2651 2650 2161
f 2650 2071 2161
f 2161 2071 882
f 963 2070 1983
f 2070 883 1983
f 2070 1994 883
f 1994 954 883
f 2235 2586 954
f 2069 885 2586
f 885 962 1984
f 3578 3577 3432
f 2349 1172 2219
f 952 877 951
f 1984 2068 884
f 884 1640 1854
f 1640 1708 1854
f 3387 3453 3697
f 1854 1708 1777
f 1777 892 2059
f 2345 2574 1484
f 2059 961 1982
f 560 3924 554
f 3700 554 3389
f 961 2449 1982
f 2228 2590 2227
f 3234 3452 3495
f 2590 2589 2227
f 810 3236 3389
f 2227 2589 2359
f 3389 3391 3234
f 2589 2448 2359
f 3234 3699 3452
f 3693 3388 3383
f 2448 2827 2359
f 873 2343 2433
f 3450 3694 3384
f 3854 3450 3917
f 2827 2935 2876
f 2876 4026 2825
f 2825 4026 692
f 3233 3450 3232
f 3232 551 3916
f 649 610 692
f 692 610 743
f 743 610 604
f 610 751 604
f 1969 942 2565
f 2042 1969 1966
f 604 751 643
f 3232 3694 3384
f 751 700 643
f 700 3188 643
f 3188 3141 3092
f 3141 3138 3092
f 3048 3289 2873
f 3141 3094 3138
f 2934 3398 3691
f 2045 2340 2339
f 1740 1599 1180
f 3094 3187 3138
f 2816 2763 2769
f 2341 2044 1968
f 2791 2686 2685
f 2791 2790 2686
f 2790 2693 2782
f 2782 2693 2875
f 2875 2934 3691
f 3398 3397 3690
f 3968 1256 3964
f 3381 3709 3444
f 3048 748 3133
f 1265 1454 1261
f 3709 3242 3444
f 1714 1715 1999
f 3852 815 3689
f 815 3396 3689
f 3396 3241 3443
f 1699 939 1965
f 1210 1172 2219
f 3241 3708 3443
f 3708 3395 3688
f 3687 3394 2738
f 3395 3394 3687
f 2738 2995 2781
f 2995 2692 2781
f 647 746 606
f 1970 2045 2211
f 2692 2743 2781
f 2781 2743 2991
f 2684 2789 3045
f 3045 3093 3137
f 1283 1378 1338
f 3093 3140 3091
f 935 488 463
f 2516 2506 2287
f 3091 3185 3044
f 3140 3185 3091
f 822 3851 548
f 3044 699 642
f 603 750 691
f 699 750 603
f 129 153 178
f 750 652 691
f 1093 1953 1050
f 1953 2151 1050
f 352 377 177
f 1050 2151 1092
f 3702 3862 3386
f 2164 1091 2159
f 2151 1954 1092
f 1960 935 489
f 1092 1954 1130
f 1954 4018 1130
f 3775 604 643
f 2422 2560 2419
f 4018 2678 1130
f 1260 2545 1259
f 2545 1449 1259
f 2545 2676 1449
f 2046 1554 1702
f 2209 1633 1373
f 1178 1234 1382
f 1430 1234 1178
f 1234 1619 1561
f 2602 1204 1399
f 18 80 16
f 1490 1561 1381
f 1307 1466 1672
f 9 33 32
f 57 69 103
f 1561 1233 1381
f 1880 1305 1803
f 1381 2265 2582
f 1142 1008 1053
f 2265 2402 2582
f 2582 2402 2444
f 2444 2266 2581
f 1938 1059 1121
f 2627 2237 2225
f 2698 3056 3177
f 2581 2627 2225
f 2011 2010 916
f 1382 1490 2355
f 2355 1490 2224
f 1797 1875 1874
f 249 151 470
f 344 199 268
f 3962 1013 1129
f 2274 2622 2495
f 1490 1381 2224
f 2224 1381 2354
f 2354 2582 1560
f 1381 2582 2354
f 2582 2444 1560
f 985 1904 918
f 1177 2444 1559
f 1559 2225 1489
f 1307 1672 1939
f 84 98 81
f 49 74 12
f 2581 2225 1559
f 108 41 63
f 2096 2263 2014
f 2013 2397 2621
f 2224 1380 2580
f 2443 1380 2580
f 2443 2355 2224
f 2224 2354 1560
f 52 63 61
f 65 78 64
f 917 987 2015
f 1559 1489 1176
f 1177 1559 1176
f 1828 2101 1830
f 2580 1380 1488
f 1379 1489 2353
f 1910 2103 1537
f 1488 1379 2223
f 1640 2068 2101
f 1379 2353 2223
f 1708 1640 1754
f 2442 2223 1175
f 1178 2580 1558
f 1178 2443 2580
f 2491 2626 2223
f 2223 2626 1175
f 1430 1178 1558
f 3914 3952 547
f 3892 3951 3952
f 594 3952 3914
f 3952 3951 546
f 546 593 3913
f 3951 593 546
f 3913 852 3850
f 596 674 729
f 546 3913 3798
f 3332 3850 3285
f 3750 3751 3330
f 2190 919 2016
f 3287 3750 3331
f 928 2017 2411
f 3285 3797 3330
f 3750 3797 3749
f 3749 3797 799
f 913 984 991
f 1202 2374 991
f 3796 3749 544
f 1986 1676 1780
f 3914 3331 3849
f 3953 3893 545
f 799 3893 544
f 3954 595 544
f 595 853 3911
f 853 3914 3911
f 2948 2873 2736
f 1378 1487 1377
f 1237 1432 1377
f 1778 1518 1639
f 1377 1432 1174
f 1542 1433 1173
f 403 481 177
f 2352 1487 2222
f 2222 1377 2351
f 2352 2222 2578
f 2222 2441 2578
f 2578 2440 1929
f 1929 2127 1928
f 749 613 608
f 3965 2128 3995
f 3042 725 641
f 2128 1928 3995
f 1966 862 934
f 2352 3965 3994
f 2826 2882 4025
f 1928 2127 1257
f 3965 1294 1338
f 3777 3827 3329
f 1173 1368 1258
f 1368 1328 1258
f 654 609 747
f 1447 1328 1257
f 3110 3011 2708
f 1369 1284 1257
f 1257 1284 1339
f 1284 1283 1339
f 1339 1283 1294
f 1294 1283 1338
f 1514 1567 1186
f 1513 1801 1729
f 3950 3886 543
f 2050 2437 2346
f 1673 1891 1801
f 3886 3949 542
f 542 3949 3329
f 3317 857 639
f 3949 3777 3329
f 3329 3827 3283
f 3283 3827 3328
f 654 697 747
f 3827 3778 3328
f 3317 601 857
f 543 798 3795
f 3559 3507 3725
f 3795 798 3748
f 798 542 3748
f 3007 3193 3147
f 2524 2664 1149
f 3329 3283 3848
f 602 641 740
f 705 2942 632
f 3910 3283 3847
f 3748 3848 3909
f 1817 1520 1895
f 3848 3910 3847
f 690 3909 742
f 3135 3042 641
f 3909 3847 742
f 1986 2256 2062
f 690 742 689
f 690 689 741
f 1520 1416 1895
f 3748 3909 690
f 2474 2523 1020
f 3180 690 3135
f 1520 2524 2475
f 690 741 3135
f 3795 3748 3180
f 3795 3180 3134
f 997 1827 1921
f 3847 3328 742
f 742 3043 3090
f 689 742 3090
f 741 689 3042
f 1665 1271 1461
f 3180 3135 602
f 1600 2253 1214
f 3180 602 640
f 543 3795 3134
f 3328 3076 3043
f 3817 3308 3827
f 3357 3076 3328
f 654 748 3863
f 255 254 455
f 3090 3162 3042
f 3162 3211 3042
f 725 777 740
f 724 3950 543
f 724 543 640
f 698 748 3133
f 715 2895 2845
f 746 2882 2737
f 3132 746 2737
f 2882 2737 3179
f 1792 1790 1890
f 2884 3007 2947
f 3105 615 2947
f 3007 3105 2947
f 3457 3927 3634
f 3236 559 3496
f 3700 3232 551
f 3236 556 3496
f 3544 3790 3491
f 2054 2350 2053
f 2053 2051 1975
f 810 3281 3543
f 2612 1414 981
f 3392 810 3281
f 3392 3281 3543
f 3452 3636 3495
f 1556 1485 1555
f 1930 1300 1293
f 3298 3557 824
f 3557 3405 824
f 3342 3298 570
f 3506 3651 3249
f 569 3341 3248
f 809 3870 3280
f 3280 3870 3793
f 3793 3870 3589
f 698 654 608
f 962 2068 1984
f 1112 2164 1091
f 3105 3007 3147
f 3518 3885 3731
f 3057 3105 3178
f 3313 3885 3518
f 3105 3057 3177
f 85 22 180
f 2752 2801 3003
f 2284 1926 1291
f 2704 2800 2700
f 439 361 133
f 439 211 158
f 2700 2800 2990
f 3371 793 3370
f 2800 2948 2990
f 2948 2800 2873
f 3928 810 558
f 3393 3458 3705
f 2800 2748 2873
f 2748 3001 2873
f 3132 2698 2737
f 570 3298 824
f 429 202 428
f 152 481 201
f 3482 3526 3575
f 3179 2737 3747
f 1236 2280 2414
f 3634 2737 3177
f 3800 3182 3132
f 3482 3574 3527
f 3281 3634 3543
f 1235 1430 1541
f 3747 3634 3281
f 3048 3800 3289
f 1428 1234 1539
f 3334 3496 3543
f 3876 3685 3683
f 3496 3548 3281
f 2965 2757 2866
f 3334 3761 3280
f 1708 892 1777
f 3542 3496 3280
f 3391 3701 3235
f 1979 2348 2220
f 3548 3282 3327
f 1484 1374 1170
f 478 256 330
f 3793 3761 3325
f 656 615 2947
f 405 482 331
f 3280 3761 3793
f 3876 1072 1944
f 71 56 108
f 3548 3496 3542
f 1428 1619 1234
f 3548 3591 3327
f 3495 3548 3542
f 3636 3495 3542
f 620 765 3138
f 3591 3548 3635
f 3289 3723 2873
f 3723 3289 3746
f 3257 3411 3367
f 3494 3723 3635
f 3405 3325 3279
f 3405 3589 3325
f 410 460 483
f 105 115 114
f 824 2643 2504
f 830 3874 571
f 571 3805 3758
f 430 510 459
f 570 2504 2285
f 255 456 332
f 570 2285 2158
f 570 1925 2126
f 3405 3636 3589
f 1052 1155 2284
f 3405 3249 3636
f 1976 2051 948
f 570 2158 1925
f 3248 2126 3963
f 3248 570 2126
f 3248 3963 3377
f 569 3377 3227
f 569 3375 3962
f 3376 3249 3588
f 3249 3466 3588
f 3466 3718 3633
f 3633 3718 3490
f 3490 3718 3541
f 3278 3718 3323
f 2307 2186 2163
f 3322 825 3277
f 483 459 481
f 3277 825 3321
f 4006 1013 3962
f 1509 1404 1402
f 2163 2186 2288
f 2534 2670 2288
f 2565 2425 864
f 2130 2307 2163
f 4006 2307 2130
f 1932 4006 2130
f 489 463 461
f 285 334 258
f 1013 4006 1932
f 1302 1013 1932
f 1302 1932 3967
f 1344 1302 3967
f 1456 1344 3996
f 2165 893 988
f 1210 1588 1205
f 668 628 3020
f 2562 2205 2334
f 299 423 422
f 3967 1353 3996
f 2962 2963 636
f 3324 830 541
f 864 2042 861
f 336 283 256
f 2884 708 2947
f 760 615 688
f 4037 2882 746
f 2249 1592 1204
f 4037 656 687
f 2835 2949 4036
f 262 337 310
f 312 285 258
f 2834 4039 4036
f 512 410 510
f 1690 1283 1035
f 2834 3002 2736
f 2885 2834 2736
f 2885 2945 2736
f 4037 2882 687
f 4037 698 746
f 3603 3374 797
f 3761 3938 571
f 2882 3457 3927
f 2882 3457 687
f 2206 1963 2035
f 2945 654 2736
f 698 748 3863
f 40 68 93
f 3699 3234 3383
f 3452 3388 3693
f 3457 3927 810
f 606 814 2932
f 3866 3704 810
f 3863 3927 810
f 2537 2310 1343
f 654 811 2736
f 3938 3457 3392
f 508 408 405
f 810 3392 3236
f 3938 3392 556
f 3863 554 3921
f 3606 3721 3468
f 55 67 53
f 809 3938 556
f 809 3236 556
f 557 809 3922
f 3862 3703 3455
f 554 810 3389
f 807 3859 551
f 809 3391 3236
f 3872 3936 3935
f 2436 2573 2344
f 3938 3870 809
f 3940 3436 3679
f 3236 3391 3389
f 571 3870 3701
f 3391 3701 3452
f 3453 3389 3234
f 3859 807 3700
f 950 1973 949
f 3610 811 2736
f 811 3610 3921
f 19 47 60
f 3610 3700 3453
f 72 45 204
f 3610 3556 3247
f 830 3557 541
f 3557 830 571
f 3557 571 3701
f 3924 3864 560
f 3861 559 3236
f 3556 3247 3452
f 3298 3342 1003
f 406 506 305
f 1049 3342 1090
f 2671 1157 1948
f 2333 2332 2202
f 483 459 482
f 1090 3342 1292
f 3502 1337 1255
f 3342 3502 1337
f 2925 3739 3274
f 3511 3506 3556
f 3006 2800 2748
f 3506 3511 3539
f 3720 3506 3539
f 2887 2702 2927
f 807 3389 3282
f 3603 3651 3442
f 3603 3442 3226
f 3936 3554 540
f 3296 539 796
f 3341 3296 2642
f 1254 3341 2642
f 129 226 178
f 1458 2520 1060
f 889 2060 2588
f 1155 2505 2284
f 1722 1673 1741
f 1029 2159 2505
f 2525 2661 2526
f 126 96 43
f 3993 3960 2326
f 1293 1926 1091
f 1100 1060 1293
f 1293 1937 1336
f 3557 3506 3405
f 501 475 329
f 3339 3821 2544
f 2159 1926 2284
f 1256 3964 1336
f 778 634 681
f 2135 1256 1336
f 2135 4004 1256
f 3412 3727 3474
f 3964 4004 1446
f 4 91 1
f 90 81 15
f 1926 2125 1291
f 2125 3964 1291
f 2626 2491 1236
f 696 746 3132
f 3389 3591 3548
f 3237 557 3388
f 3389 3233 3451
f 3387 3388 3698
f 2209 2422 2561
f 2563 2206 1964
f 2704 2835 4036
f 2697 3201 2788
f 2704 2801 2835
f 3236 3496 3326
f 1276 3968 3964
f 2083 2005 1744
f 3247 3453 3635
f 3494 3247 3635
f 3453 3495 3635
f 1555 1171 1554
f 1926 1300 2125
f 1300 1342 2125
f 1342 2129 2125
f 1930 1293 1336
f 3296 825 3404
f 3718 3554 3404
f 354 281 307
f 3651 3603 3718
f 3405 3506 3249
f 3701 3391 3542
f 3542 3280 3793
f 1112 2164 2159
f 2670 1155 1052
f 867 939 1773
f 4006 1458 2307
f 2307 1458 1060
f 1458 3962 1254
f 2560 2561 2421
f 1773 1700 1772
f 571 830 3279
f 3325 571 3279
f 2643 1128 1003
f 2504 2643 1003
f 2285 1003 1049
f 2285 2504 1003
f 1925 1090 1292
f 1907 1751 1693
f 1836 2545 1837
f 1925 2158 1090
f 2126 1925 1292
f 3963 1337 1255
f 3377 1255 3540
f 3963 2126 1337
f 3377 3963 1255
f 3227 3540 3489
f 3375 3227 3489
f 1837 2545 1760
f 3962 3375 3538
f 3761 3177 687
f 708 760 3193
f 3193 760 3147
f 3057 3178 688
f 3057 655 3177
f 708 3193 2949
f 438 136 132
f 1534 1228 1368
f 1367 1160 1435
f 3002 2948 2736
f 2990 3002 2930
f 2680 1160 2549
f 1366 1434 1368
f 4039 2700 2930
f 2700 2990 2930
f 3556 3610 3378
f 2999 2696 2912
f 3321 1129 2642
f 3322 3277 796
f 2518 1139 1128
f 3745 3322 539
f 3936 3745 539
f 789 2870 739
f 3887 844 3898
f 3323 3936 540
f 25 24 85
f 3936 3323 3745
f 748 698 648
f 2950 2946 4038
f 181 386 228
f 42 78 64
f 797 3278 540
f 3278 3323 540
f 3374 3541 797
f 2978 3599 2910
f 2649 1048 1088
f 2640 2649 3993
f 3541 3278 797
f 3490 3541 3374
f 3633 3490 3442
f 3511 3251 3539
f 1013 2520 2642
f 2664 1948 1158
f 677 599 3166
f 325 271 297
f 2520 1013 1937
f 1882 1807 1519
f 1013 1302 1937
f 1268 3974 1456
f 64 51 47
f 3974 1268 1291
f 2524 2523 1023
f 250 200 249
f 151 268 468
f 1268 1931 1291
f 1265 2284 1291
f 1454 1265 1291
f 2451 2591 2911
f 3915 3853 3908
f 2504 3225 3845
f 3845 2504 2641
f 3225 3845 3907
f 4056 2906 2862
f 3225 3907 3373
f 1925 3373 2124
f 2641 1925 2124
f 2504 1925 2641
f 2641 3907 537
f 3947 3889 3897
f 537 2641 2157
f 3066 3200 3079
f 3373 3907 537
f 2641 2124 2157
f 964 898 1693
f 1718 1672 1743
f 698 654 747
f 3701 3870 557
f 812 3864 3924
f 613 654 609
f 2521 2658 3937
f 2577 2438 2437
f 2673 4016 1094
f 3923 558 3238
f 2882 746 647
f 814 3393 3927
f 3704 3240 3866
f 3240 563 3866
f 563 814 561
f 3926 562 561
f 2801 2704 3003
f 45 111 432
f 70 103 38
f 563 810 3923
f 382 155 179
f 3966 1449 2507
f 3239 3702 556
f 3640 3498 3614
f 3337 3243 3497
f 1879 1815 1816
f 3239 3861 3702
f 3251 3719 3511
f 48 54 13
f 3694 3854 3917
f 705 654 698
f 698 696 746
f 801 3917 551
f 748 811 3863
f 698 748 696
f 609 811 560
f 609 648 697
f 3288 1093 3333
f 748 696 3863
f 1577 1197 1854
f 3927 3866 3863
f 609 748 3863
f 3924 3866 554
f 3859 3921 807
f 3356 3775 3047
f 559 3236 807
f 559 3392 3239
f 3864 811 560
f 3389 3236 3234
f 3922 809 556
f 3391 3701 3234
f 1800 1812 1898
f 748 698 608
f 491 341 465
f 748 608 648
f 1931 1353 1291
f 3860 554 3921
f 340 263 338
f 286 285 411
f 411 335 334
f 3453 3247 3383
f 3247 3452 3693
f 513 2035 413
f 3247 3693 3383
f 2239 2368 885
f 1994 2235 954
f 696 606 2932
f 947 1975 2570
f 2826 696 2932
f 943 941 863
f 2826 4025 2932
f 2420 935 2558
f 814 553 3231
f 3866 814 3927
f 563 814 3866
f 557 3870 3922
f 3870 809 3922
f 2826 3240 3704
f 657 655 614
f 386 358 357
f 3240 2826 2932
f 1771 1483 2418
f 2882 4025 2932
f 1468 3552 3536
f 3864 609 560
f 560 3859 551
f 3247 3870 3693
f 3859 3700 3916
f 6 33 91
f 747 608 632
f 3388 3699 3447
f 3864 560 551
f 561 648 3925
f 708 760 3147
f 107 103 51
f 608 648 606
f 2562 2425 864
f 2041 1966 862
f 632 647 2856
f 697 3925 3864
f 9 30 33
f 648 561 606
f 561 814 606
f 814 3393 2932
f 2198 2550 2551
f 1169 2209 2337
f 3864 808 551
f 4 7 1
f 3839 3790 3545
f 3923 812 3860
f 812 563 561
f 816 2536 2312
f 3240 3393 2932
f 3861 3923 3917
f 1722 1792 878
f 3699 3450 3232
f 3455 3703 3450
f 3389 807 3233
f 3862 3455 3922
f 3237 3701 557
f 3388 557 3693
f 1414 1524 1416
f 2171 1110 2295
f 2171 2295 1057
f 26 9 50
f 2171 1110 1057
f 2334 2204 2558
f 93 120 101
f 107 57 103
f 1884 1882 1804
f 1884 1807 1804
f 106 27 26
f 569 3227 3375
f 1807 1882 1804
f 2697 2858 2913
f 3000 2697 2913
f 2999 2912 2858
f 2912 2696 2857
f 2129 1930 1336
f 2696 3000 2857
f 1673 1652 1890
f 969 1692 1759
f 1692 969 1758
f 969 894 1758
f 654 698 748
f 3234 3453 3383
f 3388 3699 3383
f 748 648 697
f 3384 801 551
f 609 697 747
f 551 3917 550
f 749 608 648
f 749 648 694
f 698 608 648
f 355 432 204
f 608 648 607
f 609 748 646
f 648 697 694
f 1701 2209 1633
f 697 747 646
f 2427 2426 2563
f 1973 1972 2045
f 2833 2882 695
f 25 24 265
f 2882 746 695
f 2826 696 744
f 814 563 3393
f 3393 553 3231
f 3457 3393 3704
f 230 133 382
f 3458 3928 3704
f 4040 2948 2699
f 108 102 52
f 3704 3928 3866
f 3928 3867 3927
f 3863 3865 3924
f 3866 810 3923
f 3003 2700 4039
f 357 356 381
f 3240 563 3928
f 123 96 121
f 3867 3457 3927
f 3450 3233 550
f 551 550 3916
f 554 806 3855
f 609 811 3863
f 382 155 204
f 3450 807 3917
f 3924 813 560
f 561 562 3925
f 2700 4040 4039
f 106 63 50
f 562 811 560
f 3240 563 3458
f 559 3703 3861
f 3236 3390 804
f 559 804 3386
f 2512 2653 2162
f 556 3386 803
f 3703 3861 804
f 3390 3703 804
f 1483 226 264
f 2694 2792 2356
f 3861 3702 3386
f 1476 1330 1481
f 862 2040 1962
f 804 3861 3386
f 3412 3724 3363
f 842 3887 3898
f 68 54 82
f 3702 3862 803
f 3386 3702 803
f 3237 3455 3235
f 3456 3923 3238
f 3236 3390 803
f 861 860 935
f 2334 1963 2038
f 1741 1674 1721
f 1210 1172 1376
f 3236 556 803
f 2072 887 2231
f 129 337 153
f 1849 203 154
f 3237 3455 3454
f 2068 1640 884
f 3280 809 3793
f 3471 3723 3469
f 93 40 82
f 3424 3414 598
f 841 3886 579
f 809 3870 3793
f 813 560 3921
f 2215 2343 2341
f 813 3865 560
f 3389 3450 3232
f 3700 3389 3232
f 3917 3859 551
f 3233 807 550
f 3700 3389 3451
f 550 3859 3916
f 3456 3240 3702
f 3699 3453 3383
f 3699 3388 3387
f 3234 3453 3387
f 3234 3388 3452
f 3030 2770 2985
f 2437 2215 2343
f 3403 3452 3698
f 3247 3403 3697
f 2437 2050 875
f 1556 2345 1485
f 3699 3697 3383
f 3741 3742 3431
f 57 70 69
f 3453 3234 3635
f 2435 2344 2569
f 949 871 2045
f 2569 2567 867
f 3234 3495 3635
f 1978 2052 2049
f 3495 3636 3494
f 2345 1484 2434
f 1975 2218 947
f 3387 3234 3697
f 3295 820 3320
f 2602 1843 2277
f 2054 2053 1974
f 3234 3453 3697
f 3472 3685 3441
f 3472 3725 3685
f 199 294 344
f 3725 3877 3441
f 1837 1760 1698
f 3559 3654 3488
f 3876 3940 3299
f 3344 3876 3685
f 3344 3685 3488
f 1524 1218 1604
f 3654 3411 3488
f 3654 3559 3472
f 3439 3684 3905
f 3876 3439 3905
f 1411 1674 1207
f 3372 3683 794
f 3581 3785 3358
f 2807 3015 3580
f 795 3372 794
f 3152 756 704
f 3061 3197 3198
f 266 244 319
f 366 391 441
f 267 343 319
f 535 3257 3906
f 3906 3438 3224
f 3877 3939 3682
f 3843 3371 3682
f 3906 536 3904
f 536 3843 3904
f 3832 3833 3670
f 3903 3437 3902
f 2020 1763 1628
f 3372 795 3842
f 3684 3439 3683
f 3683 3372 3842
f 793 3224 3370
f 536 3224 793
f 1270 4007 3979
f 3877 3371 792
f 907 979 2081
f 3684 3940 3844
f 3940 3441 3436
f 3370 3725 792
f 1215 1409 1675
f 3472 3725 3224
f 502 476 349
f 1109 1066 1107
f 1107 1108 1067
f 1809 1887 1895
f 3257 3472 3438
f 348 346 270
f 3472 3559 3725
f 3725 3507 3537
f 502 351 476
f 126 112 111
f 3725 3441 3537
f 3939 3300 3537
f 3939 3441 3537
f 3299 3940 3537
f 2561 2207 2332
f 462 489 486
f 3507 3559 3488
f 2037 1961 1632
f 316 286 311
f 3488 3299 3537
f 2425 2042 864
f 1068 1109 1107
f 3507 3488 3537
f 3344 3299 3488
f 951 876 2048
f 2394 2261 2024
f 3685 3683 3842
f 3876 3441 3683
f 3683 3441 3903
f 2908 4057 2984
f 2404 923 2273
f 3472 3685 3904
f 3876 3940 3441
f 2820 2769 2728
f 1803 1415 1525
f 1409 1518 1816
f 1672 1597 1743
f 878 952 877
f 1376 2345 1485
f 3716 823 3932
f 1887 1669 2006
f 1598 1215 1597
f 300 325 323
f 520 420 321
f 1597 1672 1203
f 2432 1374 2567
f 1887 2006 981
f 1735 1809 1895
f 479 527 328
f 1522 1413 1523
f 3507 3345 3298
f 255 332 480
f 590 846 848
f 1520 1523 1414
f 1412 1414 1524
f 1058 1087 1047
f 429 127 459
f 3556 3504 3250
f 327 301 280
f 1412 1523 1414
f 1601 1216 1219
f 3748 3794 3848
f 1520 1522 1413
f 1520 1522 1416
f 1522 1218 1416
f 924 2020 2631
f 504 351 476
f 1543 1836 1919
f 476 277 475
f 504 423 524
f 277 504 475
f 504 479 475
f 478 529 499
f 3148 2796 763
f 475 479 501
f 528 426 425
f 328 302 327
f 475 276 274
f 479 328 501
f 529 528 425
f 402 377 250
f 350 273 251
f 378 528 426
f 331 350 253
f 276 274 349
f 273 251 377
f 377 250 200
f 502 504 351
f 426 425 526
f 502 499 474
f 251 326 376
f 175 498 473
f 425 526 473
f 1412 1522 1523
f 425 473 497
f 1412 1523 1524
f 1215 1409 1894
f 273 326 250
f 1217 2390 2258
f 424 525 422
f 426 473 497
f 498 473 497
f 424 422 523
f 1816 1894 1675
f 2257 2005 2390
f 300 326 376
f 3607 844 3887
f 2522 2296 2664
f 298 423 324
f 376 250 199
f 272 496 346
f 376 401 296
f 376 401 199
f 250 199 249
f 1892 1411 1525
f 271 345 269
f 271 347 269
f 498 495 470
f 326 376 401
f 1594 1802 1514
f 401 199 296
f 268 249 150
f 521 522 421
f 472 524 420
f 470 495 469
f 346 198 247
f 470 468 174
f 3811 3304 3763
f 346 420 295
f 420 321 295
f 2298 2527 1075
f 323 297 296
f 473 497 469
f 3974 4005 4004
f 521 421 452
f 496 346 198
f 1075 1149 1116
f 345 197 400
f 3724 3412 3470
f 3974 4004 1456
f 375 294 399
f 573 572 2656
f 346 345 247
f 980 2253 2002
f 980 1874 2610
f 323 375 399
f 175 498 151
f 400 375 399
f 1165 1164 2321
f 268 468 150
f 452 224 450
f 452 222 450
f 3758 3508 3555
f 398 223 374
f 223 451 374
f 468 493 172
f 224 450 449
f 3806 3653 3507
f 452 224 220
f 222 452 447
f 2964 2806 2965
f 3744 3792 3791
f 452 397 219
f 3940 3440 3436
f 451 373 219
f 1827 1828 1921
f 1070 1072 1118
f 451 219 448
f 4029 2705 2937
f 3658 3728 3469
f 3376 3720 3539
f 223 451 448
f 172 150 171
f 2110 2109 1921
f 223 448 246
f 3483 850 3896
f 1480 1243 2497
f 3152 3060 3107
f 222 450 447
f 246 196 245
f 3251 3376 3539
f 3196 2778 2777
f 398 451 374
f 395 374 370
f 396 320 369
f 2688 2993 2823
f 493 172 343
f 3507 3298 3557
f 148 172 171
f 221 170 146
f 149 450 171
f 2840 2879 2938
f 220 221 447
f 396 266 244
f 398 198 246
f 3089 3041 3175
f 320 396 266
f 246 445 368
f 1019 2670 1052
f 267 266 319
f 400 399 369
f 493 172 418
f 171 446 218
f 2518 1325 2672
f 171 218 170
f 3876 3940 1944
f 3876 1070 1072
f 221 171 170
f 573 2656 3897
f 170 146 169
f 493 172 217
f 3198 704 651
f 3411 3348 3876
f 3411 3762 3811
f 169 194 168
f 146 167 142
f 194 240 141
f 221 146 169
f 2993 2688 3041
f 148 218 217
f 3347 3409 3725
f 3149 3195 3056
f 3198 762 709
f 2172 1013 1117
f 172 148 217
f 3769 3955 3228
f 3276 3089 3130
f 172 148 218
f 220 219 168
f 1316 1356 1318
f 172 171 218
f 3725 1113 3877
f 3725 3812 1071
f 145 445 368
f 218 217 444
f 371 245 243
f 169 168 193
f 3940 1942 1943
f 145 368 242
f 369 244 243
f 342 492 417
f 4011 2140 2141
f 3978 2139 2140
f 168 145 242
f 1072 1944 1022
f 394 368 367
f 1944 1943 2139
f 1942 2138 2140
f 266 244 192
f 190 492 163
f 368 367 393
f 241 139 163
f 58 72 155
f 3103 3061 3147
f 244 243 192
f 244 190 342
f 1316 1279 1317
f 218 446 217
f 3348 3876 3305
f 392 394 366
f 367 394 392
f 367 392 191
f 243 367 191
f 241 190 342
f 4011 2141 3980
f 1315 1467 1355
f 2666 2528 2530
f 192 241 342
f 266 319 342
f 443 519 216
f 362 291 231
f 701 2840 611
f 3759 3343 3805
f 319 342 292
f 293 292 318
f 1116 2175 2179
f 368 393 391
f 3258 3410 3565
f 1472 1356 1317
f 391 393 365
f 244 192 190
f 319 343 293
f 519 318 317
f 1314 1354 1467
f 243 392 191
f 2252 2380 2465
f 3683 3876 794
f 418 443 519
f 197 247 245
f 244 319 342
f 392 391 365
f 191 190 239
f 125 43 95
f 391 215 390
f 2180 2155 2282
f 293 418 519
f 72 57 70
f 1357 2663 2301
f 443 216 442
f 2298 2526 2299
f 443 318 519
f 143 167 142
f 445 368 391
f 1114 1287 1286
f 1358 1086 1289
f 2254 2252 2611
f 142 141 238
f 443 442 214
f 2703 2953 3006
f 2798 2703 2839
f 141 166 238
f 1725 1871 1792
f 2750 3172 3129
f 166 238 189
f 166 236 188
f 1113 1071 1076
f 1410 1883 1806
f 392 366 391
f 1314 1467 1315
f 342 190 292
f 445 391 215
f 236 240 140
f 141 240 236
f 188 233 361
f 59 155 131
f 391 213 441
f 139 160 134
f 366 441 212
f 141 166 189
f 111 356 432
f 112 355 433
f 191 164 139
f 1116 2664 1320
f 1404 1400 1507
f 139 492 163
f 389 362 388
f 1793 909 2469
f 142 238 138
f 3411 3304 3348
f 392 365 212
f 2667 2181 1026
f 391 212 440
f 1792 1870 1655
f 213 391 440
f 1531 1822 1907
f 2988 2735 3128
f 191 241 163
f 1209 1404 1509
f 2382 2251 2381
f 241 190 163
f 191 164 163
f 163 164 137
f 518 317 364
f 364 389 363
f 237 235 187
f 237 236 140
f 1154 3315 1123
f 237 236 138
f 382 99 179
f 292 318 518
f 3149 3059 3195
f 3149 658 616
f 2177 2300 2181
f 237 235 186
f 188 213 390
f 236 183 233
f 213 188 162
f 188 236 138
f 238 189 138
f 441 213 212
f 212 213 440
f 364 389 362
f 3729 3880 3476
f 3880 3819 3771
f 237 140 161
f 140 161 183
f 236 140 183
f 3084 3038 3083
f 188 236 233
f 183 159 135
f 439 233 361
f 438 439 211
f 28 465 265
f 390 188 361
f 233 159 135
f 213 390 439
f 236 138 162
f 2667 2501 2636
f 184 237 159
f 162 213 439
f 59 71 58
f 439 438 210
f 2606 2250 2383
f 136 160 134
f 516 467 207
f 25 30 6
f 387 362 291
f 416 387 291
f 185 184 234
f 3778 3308 3357
f 184 161 183
f 388 362 387
f 110 44 109
f 3961 2647 3992
f 2902 3063 719
f 183 184 159
f 156 158 131
f 184 185 232
f 85 84 22
f 467 134 207
f 183 233 135
f 3193 2752 3003
f 183 233 159
f 3476 3942 3260
f 517 467 516
f 517 416 491
f 24 85 22
f 98 81 18
f 4045 2803 2842
f 84 22 98
f 3943 3475 3882
f 22 98 124
f 341 265 227
f 3942 3881 3260
f 578 3260 833
f 833 2956 619
f 341 182 231
f 388 181 386
f 72 57 107
f 3149 3194 3059
f 2953 3006 2750
f 2750 3151 3196
f 185 388 386
f 124 98 97
f 97 98 123
f 181 228 357
f 438 210 132
f 2981 2893 4061
f 517 134 437
f 517 466 437
f 212 440 438
f 2783 2872 2928
f 385 209 384
f 234 185 360
f 517 416 466
f 516 415 490
f 184 234 385
f 182 180 227
f 385 384 208
f 136 160 436
f 126 97 123
f 169 193 142
f 126 123 96
f 240 237 140
f 168 194 141
f 185 184 358
f 3069 2803 626
f 184 385 358
f 359 230 133
f 133 158 132
f 213 441 211
f 359 133 435
f 3109 668 3070
f 208 359 435
f 213 440 439
f 857 3426 639
f 126 112 43
f 516 437 207
f 385 386 360
f 3880 3771 3942
f 28 25 24
f 133 132 157
f 437 436 207
f 341 491 182
f 3898 3739 2925
f 24 85 83
f 85 84 83
f 359 384 382
f 639 3272 686
f 182 181 229
f 206 434 205
f 86 72 21
f 103 69 37
f 384 359 208
f 1459 1266 1445
f 4038 656 4037
f 600 3272 3426
f 415 434 205
f 44 34 205
f 437 207 415
f 3422 3736 3585
f 516 466 490
f 491 466 490
f 491 490 465
f 132 157 156
f 491 341 265
f 124 121 94
f 341 182 227
f 2387 2601 2281
f 341 465 227
f 2960 2835 4051
f 465 265 227
f 126 121 94
f 2640 3993 2326
f 126 96 121
f 2726 3527 3273
f 356 355 433
f 357 383 356
f 360 386 383
f 180 228 227
f 2722 3077 4071
f 355 382 432
f 4042 2946 4038
f 382 432 204
f 24 85 265
f 3364 3409 3217
f 96 126 42
f 156 155 130
f 436 437 205
f 156 155 131
f 762 710 709
f 110 44 205
f 58 155 130
f 23 118 90
f 71 58 156
f 46 110 44
f 46 44 109
f 1892 1411 1893
f 3362 565 1295
f 1413 1523 2476
f 3342 570 3248
f 406 306 279
f 405 507 280
f 1214 1601 1602
f 1718 1653 2005
f 978 1869 1790
f 1658 1722 1721
f 1656 1208 1402
f 1975 1974 2216
f 3566 3306 3346
f 2347 2345 2434
f 1973 876 2048
f 949 874 948
f 2437 2436 2573
f 2053 2348 2216
f 1976 950 949
f 948 947 2572
f 1484 2434 1374
f 1484 2574 2434
f 2047 2213 1971
f 719 623 768
f 1171 1635 1972
f 2213 2341 1969
f 2432 867 941
f 1374 1170 2567
f 871 945 870
f 3721 3468 3314
f 869 870 2429
f 2213 946 2568
f 871 2428 2566
f 945 2566 2427
f 2338 2042 861
f 2061 1991 2327
f 840 581 3515
f 2566 2428 2427
f 2426 940 2562
f 2426 2427 868
f 1553 1169 2209
f 1851 1773 1700
f 2427 868 2562
f 2427 2426 2562
f 2325 2552 2681
f 2042 1967 2041
f 2041 862 2040
f 2564 2563 2423
f 2566 2428 2423
f 2206 2423 2335
f 865 2041 2040
f 2209 2208 2337
f 2040 936 1962
f 2563 2562 938
f 1646 1199 1767
f 1699 1965 2039
f 863 1700 2039
f 3947 3897 2923
f 575 3935 3666
f 865 863 2039
f 1773 939 1699
f 2035 1963 1960
f 2206 2207 2335
f 2207 2419 2332
f 2206 2205 1963
f 861 2334 2038
f 1373 2422 2560
f 2422 2559 2418
f 3607 3562 3887
f 3618 2876 2825
f 2510 2649 1088
f 936 860 935
f 2204 935 2558
f 3468 3252 3356
f 1962 936 414
f 515 316 314
f 488 463 461
f 315 316 289
f 489 290 413
f 2035 1960 413
f 514 203 412
f 489 488 464
f 2332 2331 2202
f 316 513 314
f 410 430 510
f 509 508 408
f 460 483 459
f 484 409 458
f 309 258 282
f 255 254 456
f 334 485 255
f 484 458 480
f 406 332 480
f 276 476 254
f 482 331 253
f 427 529 281
f 475 476 276
f 331 352 252
f 328 501 274
f 3894 3782 3361
f 272 348 346
f 83 30 6
f 3149 3150 3194
f 1357 2301 2178
f 1279 2663 1357
f 112 356 433
f 909 1793 1871
f 2702 3005 2801
f 46 156 206
f 206 110 434
f 3128 3038 3084
f 2183 2304 2186
f 2172 2136 1121
f 45 432 204
f 364 387 416
f 3725 3441 3843
f 34 415 205
f 44 434 205
f 446 217 216
f 46 44 434
f 979 909 1793
f 46 206 434
f 23 84 83
f 1722 1978 2052
f 2435 2434 2571
f 2572 2433 2568
f 2047 873 1971
f 2212 943 1968
f 2433 2213 2568
f 2563 940 2562
f 2340 2211 2208
f 1080 1038 2324
f 1851 1634 941
f 1968 1967 2041
f 3617 3271 683
f 939 1773 863
f 2420 2334 2558
f 410 127 459
f 459 457 481
f 410 510 127
f 430 510 127
f 1587 1205 1523
f 453 528 427
f 528 427 526
f 1667 1735 1604
f 251 377 376
f 350 275 300
f 272 347 269
f 521 322 373
f 521 452 373
f 521 321 374
f 2173 2296 2664
f 1020 2523 2664
f 452 521 374
f 2750 2799 2961
f 369 267 319
f 2649 2511 3993
f 367 393 365
f 363 388 185
f 132 436 206
f 132 156 206
f 355 99 382
f 871 944 2557
f 870 944 2557
f 870 2427 2557
f 1701 2339 2209
f 10 27 26
f 56 108 102
f 1483 2559 2418
f 1402 2577 2576
f 345 348 270
f 150 149 171
f 517 491 466
f 518 364 416
f 416 491 466
f 27 30 33
f 939 865 1965
f 1699 2039 1772
f 23 91 118
f 55 53 66
f 27 30 9
f 24 22 79
f 29 73 5
f 30 6 33
f 1734 1666 1670
f 83 6 91
f 1796 1722 1792
f 126 124 97
f 3341 3502 569
f 2377 2466 908
f 104 39 8
f 23 91 117
f 4 91 118
f 3405 3324 2643
f 4 33 91
f 91 115 89
f 1463 1306 1350
f 1516 1806 1308
f 118 91 117
f 102 36 62
f 32 5 3
f 52 63 62
f 14 64 47
f 16 15 75
f 63 62 49
f 35 37 100
f 63 50 49
f 61 73 5
f 50 49 61
f 9 29 32
f 51 103 60
f 3541 3718 3278
f 26 50 61
f 26 61 29
f 7 1 115
f 56 70 102
f 89 114 88
f 3164 2755 2774
f 1 115 89
f 33 4 1
f 49 62 61
f 3487 3431 3432
f 13 68 76
f 115 89 114
f 68 40 76
f 76 47 60
f 3899 3486 3741
f 76 40 87
f 3003 4039 2949
f 92 36 101
f 1891 1813 1892
f 92 36 62
f 92 62 74
f 82 19 60
f 35 93 60
f 70 56 69
f 119 36 100
f 92 119 36
f 92 36 74
f 36 62 74
f 1206 1522 1523
f 1588 1206 1522
f 1593 1211 1724
f 1871 878 952
f 1211 1724 1654
f 1208 1207 1589
f 1872 1795 1402
f 1402 2439 2576
f 262 340 178
f 1961 203 154
f 1795 1402 1508
f 1511 1404 1400
f 488 461 512
f 461 464 487
f 1208 1402 1589
f 1402 1589 1508
f 1166 1125 1168
f 2332 2202 315
f 1658 1722 1977
f 871 2428 2557
f 2746 2993 2688
f 1722 1655 1978
f 2577 2576 2438
f 3789 3673 3631
f 1979 2577 2220
f 120 93 119
f 1376 1375 1485
f 2046 1970 1702
f 1172 2219 2345
f 3551 3401 3429
f 1774 1486 1852
f 878 950 1976
f 2606 2469 1376
f 1774 1852 951
f 3269 3422 3534
f 1852 1375 951
f 2347 2345 2201
f 1976 1975 2049
f 2217 2345 2574
f 1635 2048 1972
f 1485 1484 1555
f 1555 1484 2434
f 2594 1426 2454
f 1426 1417 1526
f 2574 2435 2434
f 873 947 869
f 2047 2343 2213
f 1485 1555 1171
f 2343 2213 2341
f 2212 2213 2342
f 830 2656 2637
f 1887 1414 981
f 1972 1973 2034
f 3939 3681 3841
f 2280 2029 2414
f 873 2572 2433
f 2572 2568 2429
f 2644 2499 2057
f 2343 2433 2213
f 3063 3108 666
f 2343 2214 2213
f 2569 2432 2567
f 2344 2214 2342
f 2567 1851 941
f 945 870 2427
f 2574 2434 2567
f 1972 2046 1970
f 869 2426 2565
f 946 869 2565
f 2045 2428 2340
f 943 865 863
f 1871 1725 1651
f 868 2429 942
f 943 941 858
f 1553 1701 2339
f 1553 1701 1169
f 948 2572 870
f 2500 932 1957
f 2593 966 2500
f 1701 1169 1633
f 864 861 2038
f 1553 2211 2209
f 2048 1972 1970
f 3070 668 3020
f 2208 2211 2337
f 1773 1699 1772
f 1633 1850 1373
f 1700 1772 1850
f 2205 2334 2038
f 2205 2206 1964
f 862 861 934
f 2542 3985 1285
f 2544 2317 1042
f 861 937 860
f 2422 2561 2560
f 1373 1483 2418
f 859 935 934
f 1849 1961 1632
f 1965 2040 2037
f 1962 2037 1961
f 1965 2039 1961
f 2206 1964 2036
f 2279 1980 2055
f 2331 316 515
f 489 935 463
f 828 575 3618
f 2331 2036 515
f 2036 515 314
f 316 513 409
f 334 484 458
f 283 308 256
f 2330 2036 314
f 1266 3888 3571
f 2204 290 339
f 460 483 482
f 2331 2035 513
f 340 262 338
f 203 154 412
f 340 226 178
f 414 412 505
f 264 263 337
f 312 258 309
f 513 314 285
f 2037 1961 514
f 1267 3558 1455
f 337 262 178
f 3345 3300 1012
f 153 337 178
f 509 407 506
f 458 509 480
f 462 461 486
f 430 128 127
f 128 429 202
f 284 310 283
f 262 338 283
f 380 202 284
f 460 508 482
f 308 307 278
f 478 500 330
f 1244 1545 1697
f 276 254 456
f 501 279 404
f 1518 1810 1815
f 1603 1744 2390
f 276 480 329
f 2704 2801 4036
f 501 276 329
f 327 275 280
f 978 1869 2005
f 499 529 425
f 478 499 474
f 281 529 308
f 528 428 354
f 402 250 200
f 378 428 201
f 1521 1731 1601
f 4057 2972 4065
f 273 377 250
f 402 377 200
f 426 225 200
f 3782 3831 855
f 271 345 297
f 423 524 298
f 325 297 323
f 421 522 224
f 2135 2136 1937
f 520 451 223
f 1797 1663 1730
f 420 223 173
f 1938 2147 1034
f 496 420 173
f 3300 3342 3503
f 1319 1361 1474
f 1436 1915 2410
f 496 346 295
f 1598 1870 1744
f 420 520 295
f 419 452 222
f 497 424 469
f 1241 2405 1552
f 419 521 452
f 401 199 344
f 468 172 148
f 174 468 148
f 1268 1456 1281
f 224 449 220
f 398 246 370
f 396 244 192
f 170 442 143
f 3217 3256 3363
f 320 267 266
f 3158 3776 3836
f 148 446 217
f 2526 2176 2299
f 394 368 391
f 192 191 241
f 3978 2140 4011
f 1467 1469 1355
f 243 191 190
f 2065 2649 1847
f 1148 1077 1027
f 215 188 390
f 2302 2303 2531
f 391 213 390
f 1404 1509 1507
f 237 142 138
f 1723 1724 1656
f 189 213 162
f 317 364 387
f 3878 3941 3259
f 363 235 185
f 363 388 387
f 1796 1873 1722
f 235 185 234
f 1434 1534 1368
f 2735 2779 3128
f 3417 3771 3519
f 187 235 234
f 364 363 379
f 364 363 387
f 235 186 185
f 186 237 184
f 186 185 232
f 1100 1059 2186
f 2752 2884 2835
f 186 184 232
f 517 516 466
f 385 184 208
f 291 341 182
f 416 387 491
f 3006 2748 3001
f 362 387 182
f 388 182 181
f 139 136 134
f 3723 3591 3635
f 132 158 156
f 207 206 434
f 207 434 205
f 207 415 205
f 1572 1641 1709
f 1674 1721 1591
f 3426 577 856
f 133 157 130
f 436 206 205
f 516 437 205
f 385 209 433
f 228 227 176
f 112 125 355
f 2304 2532 2668
f 2298 2665 2179
f 2252 2382 2380
f 86 155 179
f 1029 2534 2186
f 59 156 131
f 112 125 111
f 86 72 45
f 2061 1991 2065
f 125 99 111
f 443 519 364
f 59 72 58
f 125 95 122
f 99 125 122
f 86 99 122
f 4009 2143 2182
f 86 122 21
f 71 70 56
f 1726 1594 1657
f 125 99 45
f 72 59 57
f 59 57 69
f 43 96 42
f 788 2869 2924
f 2843 766 2894
f 98 123 121
f 2796 758 706
f 95 42 107
f 123 98 18
f 96 18 80
f 80 65 64
f 98 81 16
f 121 96 16
f 908 977 976
f 976 2000 975
f 116 103 51
f 47 51 60
f 78 17 64
f 64 17 51
f 103 38 37
f 38 102 37
f 81 18 16
f 91 1 115
f 91 118 89
f 33 4 7
f 4 1 115
f 4 91 115
f 2083 2390 2391
f 3405 3279 3324
f 118 115 89
f 14 48 47
f 48 13 47
f 13 47 60
f 13 76 60
f 116 17 76
f 976 907 2081
f 36 101 100
f 62 74 12
f 62 49 12
f 49 61 12
f 29 32 5
f 62 49 74
f 61 29 73
f 29 5 3
f 29 32 3
f 1947 2671 2513
f 1891 1879 1801
f 1879 1891 1816
f 1672 1653 1652
f 1216 1601 1602
f 1292 3342 1337
f 509 486 407
f 1891 1892 1801
f 1367 1435 1550
f 1653 978 1790
f 508 487 408
f 1211 1674 1654
f 3843 536 793
f 1591 1208 1207
f 1373 2560 2418
f 2739 3592 3223
f 1404 1401 1507
f 1872 1656 1402
f 1404 1511 1402
f 1724 1656 1208
f 1721 2350 2053
f 2203 316 289
f 1724 2054 1979
f 1792 878 2052
f 2713 2709 3012
f 1721 1591 2348
f 1484 2434 1170
f 1214 1400 1601
f 2053 1721 2348
f 1208 1402 2220
f 1979 2054 2348
f 2052 1976 2049
f 1978 1975 2049
f 2344 2343 2214
f 1972 1970 2045
f 2053 2052 1975
f 1974 2346 2216
f 2436 2347 2435
f 2050 2346 2216
f 1375 1485 1171
f 1375 1852 1635
f 1852 951 2048
f 2432 2567 941
f 947 948 2570
f 949 948 872
f 2454 1535 2372
f 947 2572 2433
f 946 873 869
f 1956 2197 929
f 2344 2212 2569
f 2435 2574 2432
f 2574 2434 1374
f 2344 2212 2342
f 2435 2574 2567
f 1484 1555 1170
f 2569 2435 2567
f 868 2562 938
f 2434 1374 2567
f 1298 1095 1955
f 2434 1374 1170
f 870 869 2430
f 874 949 871
f 2803 2706 771
f 771 2844 715
f 946 2213 1971
f 871 870 944
f 2568 946 869
f 2430 870 866
f 2426 2430 866
f 2564 2207 2335
f 869 2430 2426
f 1971 1969 2565
f 2341 1969 2044
f 2568 946 2429
f 946 869 2429
f 2212 2341 1968
f 1691 1757 2030
f 2568 2213 1969
f 1702 1553 2339
f 1969 2342 2043
f 2212 2342 1968
f 897 3019 968
f 1969 2213 2043
f 1554 1702 1553
f 1969 1968 2043
f 929 2197 2680
f 3020 628 2764
f 662 712 628
f 868 942 2565
f 3108 3062 586
f 2426 868 2565
f 1634 1701 1633
f 3771 3819 3519
f 2428 2340 2208
f 2427 868 938
f 2425 2338 864
f 2428 2563 2557
f 2428 2563 2424
f 2716 3520 3947
f 2563 2427 938
f 2042 2041 1966
f 2564 2563 2424
f 1169 1633 1373
f 1169 2209 2422
f 2337 2422 2561
f 862 936 1962
f 3760 2658 2187
f 865 2040 2039
f 2205 2334 1963
f 3309 3820 3417
f 2209 2337 2561
f 2209 1373 2560
f 2334 2330 2204
f 1965 1961 1632
f 942 2565 864
f 1965 2039 1632
f 489 462 487
f 2040 862 936
f 1849 1632 154
f 1947 2513 2131
f 2039 1961 1632
f 2331 2036 2330
f 936 935 859
f 936 488 414
f 2331 2203 316
f 936 860 488
f 3983 4016 1058
f 2331 316 288
f 310 281 308
f 1960 489 413
f 316 315 288
f 129 264 337
f 406 509 506
f 203 154 430
f 335 484 254
f 285 511 409
f 286 287 311
f 336 256 330
f 338 337 260
f 285 312 409
f 1301 1047 1333
f 312 511 409
f 410 483 459
f 153 429 202
f 178 284 310
f 337 178 310
f 128 153 202
f 336 335 257
f 1181 1391 1631
f 334 258 458
f 406 279 404
f 509 406 507
f 258 484 458
f 460 482 457
f 483 459 457
f 429 127 201
f 127 459 152
f 459 152 481
f 3557 3604 3652
f 456 332 480
f 335 485 254
f 3874 3938 571
f 405 406 506
f 251 377 177
f 256 503 333
f 328 329 279
f 476 254 455
f 504 502 423
f 406 332 404
f 2950 4042 2946
f 255 456 480
f 405 280 331
f 1508 1400 1601
f 2148 3983 1012
f 476 500 330
f 405 506 305
f 328 302 279
f 456 480 329
f 1401 1507 1602
f 528 225 526
f 425 427 526
f 378 402 377
f 504 274 349
f 422 502 298
f 349 274 324
f 1815 1816 1894
f 1411 1521 1525
f 477 499 422
f 477 502 422
f 502 423 422
f 479 328 472
f 327 275 325
f 633 728 785
f 1892 1801 1815
f 479 524 472
f 427 354 307
f 328 472 272
f 3823 846 3360
f 327 302 271
f 175 151 470
f 424 469 522
f 616 658 2961
f 424 522 419
f 422 521 421
f 497 495 469
f 3026 2811 2775
f 1311 1352 1313
f 498 151 470
f 2771 2817 4065
f 473 495 470
f 525 424 421
f 296 294 399
f 3205 2816 2774
f 323 296 399
f 401 296 294
f 401 294 344
f 1149 1075 1115
f 419 222 450
f 1668 1519 1215
f 401 199 294
f 344 343 267
f 151 249 268
f 224 522 450
f 3474 3258 3565
f 1842 1546 2027
f 246 198 195
f 3202 2742 2788
f 3592 3638 3223
f 400 245 371
f 3559 3652 3506
f 400 371 369
f 3814 3350 3351
f 198 248 196
f 197 248 245
f 3223 2929 4021
f 2705 2802 3008
f 375 400 396
f 3765 1014 3808
f 219 395 370
f 3606 3559 3270
f 1129 1013 2642
f 219 448 370
f 220 395 193
f 1470 1361 1117
f 395 370 242
f 3876 3685 3441
f 370 246 242
f 246 368 242
f 2698 2799 3055
f 193 395 242
f 747 613 646
f 3061 2793 3095
f 3061 651 2829
f 3726 3255 3258
f 795 3411 535
f 449 220 169
f 665 624 638
f 3809 830 3352
f 168 145 193
f 193 145 242
f 371 245 367
f 371 367 243
f 371 369 243
f 575 3654 828
f 448 145 445
f 2799 3128 3170
f 147 145 445
f 147 448 145
f 1799 1876 1660
f 246 147 445
f 245 367 243
f 396 371 192
f 446 217 443
f 2739 3174 3130
f 613 609 646
f 446 443 216
f 169 142 165
f 1356 1316 1317
f 193 242 189
f 368 391 189
f 146 169 142
f 1798 1796 1873
f 215 445 166
f 1213 1514 1405
f 292 417 518
f 2139 1943 3979
f 318 518 317
f 3955 3662 3486
f 44 106 10
f 3037 2987 2683
f 212 438 136
f 164 139 136
f 44 31 10
f 212 164 136
f 3882 3475 3729
f 139 163 134
f 3411 3685 3488
f 2891 2754 2955
f 417 518 416
f 163 467 134
f 163 467 517
f 3041 2688 2780
f 212 441 438
f 518 387 416
f 1409 1518 1894
f 139 136 160
f 27 31 30
f 28 24 6
f 24 83 6
f 662 2893 712
f 184 159 385
f 3941 3818 3879
f 385 159 208
f 2739 2741 2787
f 208 159 435
f 159 135 435
f 135 439 435
f 781 713 2981
f 439 133 435
f 183 384 359
f 3507 3345 3896
f 3270 3653 3896
f 34 31 10
f 233 183 359
f 361 233 230
f 233 359 230
f 31 415 490
f 361 230 133
f 439 133 158
f 31 28 27
f 160 134 207
f 25 83 6
f 231 181 228
f 231 180 228
f 358 357 381
f 182 231 180
f 358 356 381
f 356 208 432
f 386 228 357
f 385 356 433
f 133 382 179
f 2702 2797 2927
f 230 359 382
f 158 155 131
f 2950 616 656
f 4068 4071 686
f 31 28 490
f 106 26 50
f 24 265 227
f 831 3259 601
f 844 588 788
f 28 25 465
f 3877 2177 3939
f 34 31 415
f 124 228 357
f 356 126 381
f 44 41 106
f 126 94 381
f 2796 3002 2948
f 28 25 265
f 126 125 111
f 2061 1769 1846
f 956 889 2061
f 1355 1077 2146
f 126 112 125
f 59 72 71
f 869 2570 2430
f 947 2570 869
f 2426 2562 2425
f 922 992 995
f 308 529 256
f 352 481 177
f 522 149 450
f 3194 3150 3197
f 3725 3685 3441
f 3725 3901 534
f 221 220 169
f 660 2706 4045
f 317 518 291
f 133 155 204
f 1722 1673 1655
f 909 1793 877
f 56 69 102
f 1970 1702 2339
f 1950 1004 1051
f 203 514 430
f 255 485 455
f 403 377 177
f 423 299 520
f 423 520 420
f 2116 928 2411
f 1766 1165 2322
f 495 469 149
f 344 268 343
f 442 363 235
f 518 416 291
f 1997 2487 2488
f 2077 1998 2376
f 1795 1731 1814
f 825 1129 3321
f 57 70 103
f 2346 2437 2433
f 4063 2916 680
f 427 281 307
f 1117 1013 1152
f 2398 2622 2274
f 469 149 450
f 70 38 102
f 103 35 60
f 3342 3298 3502
f 103 37 35
f 37 36 100
f 78 65 48
f 2380 2382 2249
f 78 48 13
f 105 114 15
f 1804 1881 1063
f 1063 1098 1011
f 17 78 13
f 17 13 76
f 116 76 87
f 8 1 115
f 116 87 35
f 103 38 35
f 102 38 101
f 39 104 115
f 105 39 115
f 53 105 114
f 53 114 15
f 53 15 75
f 55 14 47
f 19 55 47
f 39 89 114
f 105 39 114
f 55 67 14
f 55 20 48
f 1892 1674 1411
f 1210 2606 1376
f 2469 1376 1486
f 1793 1774 952
f 1793 1871 952
f 2219 1376 2345
f 948 2216 2572
f 2577 2439 2575
f 1172 1556 2345
f 1975 2216 948
f 2323 2324 2548
f 1956 2323 2197
f 2050 1974 873
f 873 1974 947
f 2050 873 2047
f 1973 949 2045
f 949 871 944
f 1136 2654 2679
f 2572 870 2429
f 2569 943 867
f 929 2680 2549
f 1643 1194 2279
f 1973 2048 1970
f 874 945 870
f 2029 2117 2414
f 948 2570 870
f 2499 929 998
f 2057 2499 2056
f 2570 870 2430
f 1170 1554 1634
f 2212 2569 943
f 2412 2029 2279
f 1634 1554 1701
f 2045 2340 2211
f 1969 2043 1966
f 888 959 2554
f 943 867 939
f 3522 3570 1630
f 938 864 2038
f 2425 2562 2334
f 1690 1035 2550
f 2338 2425 2334
f 2041 1967 862
f 2207 2333 2332
f 3656 3606 3619
f 2333 2206 2202
f 2335 2331 2203
f 3097 2992 2785
f 2207 2332 2203
f 2335 2207 2203
f 1962 414 514
f 412 128 510
f 1771 129 226
f 414 461 512
f 414 412 510
f 284 281 307
f 414 512 510
f 615 761 2947
f 511 509 458
f 511 462 509
f 380 354 307
f 512 460 508
f 461 512 460
f 571 826 3297
f 461 460 508
f 2673 1094 1296
f 257 335 254
f 453 378 428
f 2866 2819 736
f 782 733 2920
f 403 378 402
f 403 402 377
f 3603 3718 3466
f 350 273 253
f 274 328 324
f 2826 2882 2932
f 328 272 324
f 328 301 347
f 151 470 468
f 399 267 369
f 4005 1320 2306
f 272 328 347
f 525 422 421
f 3524 3573 3530
f 520 299 322
f 1022 1470 1117
f 522 469 450
f 470 174 149
f 495 470 174
f 1345 1269 2172
f 3727 3726 3258
f 3255 3410 3258
f 1951 2190 2152
f 398 198 173
f 3472 3410 3257
f 399 344 267
f 2953 2750 3254
f 375 399 320
f 294 399 320
f 1938 3975 4005
f 294 320 267
f 268 343 267
f 1140 1112 2163
f 246 195 368
f 3192 3728 3658
f 245 367 393
f 246 196 394
f 1793 878 877
f 170 144 165
f 238 193 189
f 2890 2839 2841
f 242 368 189
f 1147 1252 1443
f 146 170 143
f 2610 1874 1511
f 443 442 363
f 2778 3173 2777
f 3038 2987 3083
f 364 443 363
f 165 142 186
f 1795 1589 1508
f 142 237 186
f 1022 4009 2529
f 442 389 363
f 167 143 235
f 888 959 1991
f 417 163 517
f 1355 1469 1077
f 417 517 416
f 831 3817 3878
f 492 163 467
f 1791 1871 1890
f 2703 3006 2800
f 492 467 517
f 417 492 517
f 136 134 437
f 136 132 436
f 1595 1212 1593
f 211 158 132
f 438 211 132
f 160 436 207
f 3154 3106 3057
f 385 360 356
f 355 209 433
f 359 384 355
f 3193 3003 2949
f 384 209 355
f 359 355 382
f 133 155 179
f 124 94 381
f 124 357 381
f 4044 2840 2796
f 22 180 228
f 110 44 41
f 110 108 41
f 110 41 106
f 3816 3292 3614
f 2378 2468 2247
f 34 106 10
f 2080 908 2001
f 42 107 51
f 64 78 51
f 95 42 64
f 2382 2381 2249
f 21 122 17
f 1882 1408 1806
f 1806 1308 1102
f 90 114 15
f 81 16 15
f 90 81 114
f 13 76 47
f 18 81 15
f 18 77 14
f 2 32 7
f 2 8 7
f 104 8 115
f 2 8 1
f 104 1 115
f 104 115 89
f 39 104 89
f 67 53 66
f 2241 1202 1201
f 55 67 66
f 3638 3637 3592
f 1211 1674 1892
f 1793 2605 978
f 125 112 43
f 3061 3198 709
f 1793 1869 1890
f 1404 1209 2221
f 1592 2349 2219
f 1210 1592 2219
f 3254 3409 3364
f 3587 3801 3595
f 2606 2250 1172
f 2606 1172 1376
f 909 1793 1774
f 3660 3514 3563
f 2348 2220 2216
f 2220 2346 2216
f 2220 2577 2437
f 2053 2348 1974
f 3839 3631 3674
f 2576 2438 2436
f 2220 2437 2346
f 3467 3655 3722
f 1979 1974 2050
f 2658 1323 1476
f 1979 2050 2437
f 2577 2437 2575
f 3115 3110 3065
f 2436 2439 2575
f 2051 1975 948
f 1974 2218 947
f 2437 875 2343
f 1171 1972 1702
f 1170 1555 1554
f 1171 1554 1702
f 543 3886 798
f 1972 2046 1702
f 949 872 944
f 1635 2046 1702
f 1635 2046 1970
f 874 948 870
f 1374 1170 1851
f 1170 1851 1634
f 1374 2567 941
f 3022 2855 2724
f 2565 2426 2425
f 3949 841 3777
f 942 2042 864
f 943 2041 865
f 2565 2425 2338
f 1969 2565 2042
f 1913 1834 999
f 2565 2338 2042
f 4055 2714 2852
f 1968 2044 1967
f 1851 867 1773
f 2564 2208 2207
f 2208 2561 2207
f 2564 2563 2333
f 2563 938 1963
f 2852 2904 2971
f 2563 2206 1963
f 2971 2905 4056
f 1963 938 2038
f 2042 1966 934
f 861 2042 934
f 772 725 3211
f 2763 2809 2969
f 2205 2563 1964
f 2563 940 2205
f 844 788 3898
f 2204 2035 1960
f 1961 203 412
f 1632 203 412
f 290 339 462
f 2037 1632 412
f 413 489 462
f 290 314 312
f 489 339 462
f 287 336 335
f 335 409 484
f 462 486 509
f 461 486 508
f 456 484 480
f 310 281 307
f 258 334 332
f 352 457 481
f 403 152 481
f 403 201 177
f 201 152 177
f 475 276 329
f 301 280 279
f 273 275 331
f 306 302 280
f 302 327 280
f 2950 4042 4038
f 350 275 331
f 1653 2257 2390
f 1665 1601 1219
f 1665 1521 1601
f 504 479 349
f 1737 1598 1744
f 1737 1603 1744
f 1880 1521 1415
f 1809 1414 1524
f 2084 2390 2006
f 2258 2612 981
f 1887 1414 1817
f 1520 1416 1817
f 1667 1604 1219
f 1216 1604 1219
f 1669 1217 1414
f 1669 1887 1414
f 1895 1416 1676
f 225 200 175
f 1667 1735 1219
f 1464 1310 1351
f 1274 1215 1517
f 1215 1310 1351
f 1517 1597 1351
f 1142 1105 1309
f 2739 2783 2741
f 1647 1713 3053
f 1498 2741 2787
f 3100 3099 3052
f 2691 2994 2741
f 2783 2691 2741
f 3005 2751 2837
f 2807 2848 3015
f 3369 2929 3223
f 2963 3202 3067
f 3638 2787 2929
f 2739 3223 4021
f 2993 4021 2823
f 2688 2823 2872
f 2783 2688 2872
f 3717 2977 3734
f 1089 3638 3744
f 3638 3593 3744
f 3593 3637 3792
f 3637 3592 3743
f 3791 3549 3276
f 1106 1065 1018
f 1144 1098 1011
f 2759 4053 2711
f 3176 3041 2780
f 4054 2916 4063
f 3175 3040 3088
f 3028 2711 2975
f 3175 3088 3131
f 2555 2327 2199
f 3131 3088 1631
f 916 2010 2100
f 3131 1631 1848
f 3174 1848 1770
f 2697 1277 2999
f 2083 1603 1744
f 3089 3175 3130
f 3791 3276 3130
f 1089 3744 3174
f 3744 3791 3174
f 3040 2691 3088
f 1631 1391 1848
f 1848 1391 1770
f 3580 3015 3582
f 1498 1297 1089
f 3638 3593 3637
f 2688 2783 2780
f 1483 1771 129
f 2741 2783 4020
f 2928 4021 4020
f 2617 1612 1224
f 4021 2929 4020
f 2741 3175 3131
f 2783 2739 3175
f 2391 2083 2084
f 3993 3961 3992
f 3993 3992 3960
f 1900 2090 1823
f 1048 1847 1088
f 1482 1847 1372
f 2649 1847 1048
f 1985 1088 1769
f 3650 3027 2813
f 3803 3756 3650
f 3993 2511 3961
f 2511 2647 3961
f 2510 2289 2123
f 2123 2289 2555
f 956 2417 2555
f 889 2060 2417
f 2417 2328 2327
f 2327 2328 2416
f 2674 2535 2541
f 2327 2416 2554
f 2327 2554 2200
f 1533 2262 1226
f 1386 1190 1566
f 2326 1958 2032
f 2527 2660 1149
f 2200 1958 2326
f 2092 1421 1824
f 3960 2123 2199
f 888 2060 2416
f 888 2416 2554
f 3553 3590 3493
f 2554 959 2553
f 933 2554 2553
f 933 2232 1958
f 2363 3999 2640
f 1122 2308 1032
f 1991 2232 2553
f 2092 1824 2093
f 959 1991 2553
f 2061 1846 1768
f 2154 2325 1083
f 2061 1991 1768
f 1991 2232 1768
f 2363 2232 1372
f 1768 1847 1482
f 1769 1847 1768
f 1985 956 2061
f 1985 2326 2199
f 1039 1162 2681
f 1985 2065 2326
f 1464 1310 1409
f 1991 2200 2326
f 1985 2061 2327
f 4025 605 2933
f 563 3928 3458
f 3700 3451 3916
f 3195 616 2961
f 3149 3195 616
f 3195 2799 2961
f 3140 3209 3185
f 2750 2961 4067
f 3196 3151 2734
f 3472 3725 3368
f 2700 3008 4040
f 2778 3196 2734
f 2989 3151 3085
f 371 396 369
f 3151 2989 2734
f 2734 2989 3129
f 1906 2011 2097
f 3087 3172 3129
f 1825 2010 1826
f 2988 3128 3084
f 3173 2778 3170
f 2799 3196 2777
f 2779 3173 3170
f 3087 2989 3085
f 3006 3087 3085
f 3006 2703 3039
f 3005 2751 3086
f 3039 2703 3171
f 162 439 135
f 2702 3171 2776
f 2146 2121 1335
f 3005 3084 2683
f 1832 1421 2485
f 3084 3037 2683
f 3980 1923 3988
f 3005 3086 3084
f 3086 2988 3084
f 2702 2797 2776
f 3005 3058 3086
f 2751 3149 3086
f 2797 2703 2776
f 2750 3006 3085
f 376 326 250
f 1217 1414 2258
f 2836 3006 4067
f 2703 2886 2836
f 2703 3006 2836
f 1618 1233 1540
f 2703 2886 2927
f 2797 2703 2927
f 3005 2887 2837
f 609 748 694
f 698 749 694
f 2751 2837 4019
f 3456 558 3238
f 2836 4067 2927
f 2797 2750 3172
f 2750 2751 2799
f 3411 3685 533
f 3725 3222 3368
f 3725 3370 3222
f 3939 3441 3681
f 3877 3939 3901
# 10629 faces, 0 coords texture

# End of File
