mtllib base_2_mesh.mtl
v 0.12074960768222809 -0.2759568393230438 0.2820224463939667
v 0.06554002314805984 -0.2767755389213562 0.27840206027030945
v 0.07932986319065094 -0.27672094106674194 0.27852797508239746
v 0.12074960768222809 -0.2759568393230438 0.2820224463939667
v 0.07932986319065094 -0.27672094106674194 0.27852797508239746
v 0.06554002314805984 -0.2780308723449707 0.27175939083099365
v 0.12074960768222809 -0.2759568393230438 0.2820224463939667
v 0.06554002314805984 -0.2780308723449707 0.27175939083099365
v 0.10668347030878067 -0.2765026390552521 0.2793150246143341
v 0.12074960768222809 -0.2759568393230438 0.2820224463939667
v 0.10668347030878067 -0.2765026390552521 0.2793150246143341
v 0.12449219822883606 -0.27715760469436646 0.27531683444976807
v 0.12074960768222809 -0.2759568393230438 0.2820224463939667
v 0.12449219822883606 -0.27715760469436646 0.27531683444976807
v 0.12449219822883606 -0.27622973918914795 0.28032243251800537
v 0.12074960768222809 -0.2759568393230438 0.2820224463939667
v 0.12449219822883606 -0.27622973918914795 0.28032243251800537
v 0.12449219822883606 -0.27590224146842957 0.28189653158187866
v 0.12449219822883606 0.2787950038909912 0.2579703629016876
v 0.12449219822883606 0.2787950038909912 0.14759521186351776
v 0.09314481914043427 0.2787950038909912 0.05790359154343605
v 0.12449219822883606 0.2787950038909912 0.2579703629016876
v 0.09314481914043427 0.2787950038909912 0.05790359154343605
v -0.12764334678649902 0.2787950038909912 0.05790359154343605
v 0.12449219822883606 0.2787950038909912 0.2579703629016876
v -0.12764334678649902 0.2787950038909912 0.05790359154343605
v -0.13211436569690704 0.2787950038909912 0.08548162877559662
v 0.12449219822883606 0.2787950038909912 0.2579703629016876
v -0.13211436569690704 0.2787950038909912 0.08548162877559662
v -0.13211436569690704 0.2787950038909912 0.12688018381595612
v 0.12449219822883606 0.2787950038909912 0.2579703629016876
v -0.13211436569690704 0.2787950038909912 0.12688018381595612
v -0.12764334678649902 0.2787950038909912 0.13377469778060913
v 0.12449219822883606 0.2787950038909912 0.2579703629016876
v -0.12764334678649902 0.2787950038909912 0.13377469778060913
v -0.12073586136102676 0.2787950038909912 0.14070069789886475
v 0.12449219822883606 0.2787950038909912 0.2579703629016876
v -0.12073586136102676 0.2787950038909912 0.14070069789886475
v -0.1138283833861351 0.2787950038909912 0.14759521186351776
v 0.12074960768222809 -0.2759568393230438 0.2820224463939667
v 0.10419677197933197 -0.2759568393230438 0.2821168899536133
v 0.06554002314805984 -0.2767755389213562 0.27840206027030945
v 0.12074960768222809 -0.2759568393230438 0.2820224463939667
v 0.10668347030878067 -0.27464690804481506 0.28485584259033203
v 0.10419677197933197 -0.2759568393230438 0.2821168899536133
v 0.12074960768222809 -0.2759568393230438 0.2820224463939667
v 0.12449219822883606 -0.27590224146842957 0.28189653158187866
v 0.12449219822883606 -0.27497440576553345 0.283942848443985
v 0.11384212970733643 -0.2742648720741272 0.2855484187602997
v 0.10668347030878067 -0.27464690804481506 0.28485584259033203
v 0.12074960768222809 -0.2759568393230438 0.2820224463939667
v 0.1000271663069725 -0.27431944012641907 0.2855798900127411
v 0.10668347030878067 -0.27464690804481506 0.28485584259033203
v 0.11384212970733643 -0.2742648720741272 0.2855484187602997
v 0.1000271663069725 -0.27431944012641907 0.2855798900127411
v 0.10419677197933197 -0.2759568393230438 0.2821168899536133
v 0.10668347030878067 -0.27464690804481506 0.28485584259033203
v 0.1000271663069725 -0.27431944012641907 0.2855798900127411
v 0.09600827842950821 -0.2759568393230438 0.2821168899536133
v 0.10419677197933197 -0.2759568393230438 0.2821168899536133
v 0.05172505974769592 -0.27431944012641907 0.2855484187602997
v 0.09600827842950821 -0.2759568393230438 0.2821168899536133
v 0.1000271663069725 -0.27431944012641907 0.2855798900127411
v 0.05172505974769592 -0.27431944012641907 0.2855484187602997
v 0.09141165763139725 -0.2759568393230438 0.2820854187011719
v 0.09600827842950821 -0.2759568393230438 0.2821168899536133
v 0.05172505974769592 -0.27431944012641907 0.2855484187602997
v 0.07932986319065094 -0.2759568393230438 0.28195950388908386
v 0.09141165763139725 -0.2759568393230438 0.2820854187011719
v 0.05172505974769592 -0.27431944012641907 0.2855484187602997
v 0.05172505974769592 -0.27590224146842957 0.28177061676979065
v 0.07932986319065094 -0.2759568393230438 0.28195950388908386
v 0.03793521970510483 -0.27421027421951294 0.2855484187602997
v 0.05172505974769592 -0.27590224146842957 0.28177061676979065
v 0.05172505974769592 -0.27431944012641907 0.2855484187602997
v 0.03793521970510483 -0.27421027421951294 0.2855484187602997
v 0.04484270140528679 -0.2758476734161377 0.28170764446258545
v 0.05172505974769592 -0.27590224146842957 0.28177061676979065
v 0.03793521970510483 -0.27421027421951294 0.2855484187602997
v 0.03793521970510483 -0.2757931053638458 0.28161320090293884
v 0.04484270140528679 -0.2758476734161377 0.28170764446258545
v 0.01723789982497692 0.2780308723449707 0.26486489176750183
v 0.01033041998744011 0.27830377221107483 0.2579703629016876
v -0.0034594200551509857 0.2780308723449707 0.2510443925857544
v -0.005694929976016283 0.27573853731155396 0.2605518698692322
v -0.01724926009774208 0.27541103959083557 0.2527129054069519
v -0.01079391036182642 0.2752473056316376 0.25812777876853943
v -0.020991859957575798 0.27606600522994995 0.2478332370519638
v -0.023629259318113327 0.2765026390552521 0.24389800429344177
v -0.05575532093644142 0.2761205732822418 0.22044408321380615
v -0.020991859957575798 0.27606600522994995 0.2478332370519638
v -0.01724926009774208 0.27639347314834595 0.2492813915014267
v -0.023629259318113327 0.2765026390552521 0.24389800429344177
v -0.020991859957575798 0.27606600522994995 0.2478332370519638
v -0.008809579536318779 0.2763389050960541 0.2559555470943451
v -0.01724926009774208 0.27639347314834595 0.2492813915014267
v -0.020991859957575798 0.27606600522994995 0.2478332370519638
v -0.01724926009774208 0.27541103959083557 0.2527129054069519
v -0.005694929976016283 0.27573853731155396 0.2605518698692322
v -0.020991859957575798 0.27606600522994995 0.2478332370519638
v -0.03314901888370514 0.2756839394569397 0.2396164834499359
v -0.01724926009774208 0.27541103959083557 0.2527129054069519
v -0.020991859957575798 0.27606600522994995 0.2478332370519638
v -0.06791248172521591 0.27573853731155396 0.21222732961177826
v -0.03314901888370514 0.2756839394569397 0.2396164834499359
v -0.020991859957575798 0.27606600522994995 0.2478332370519638
v -0.05575532093644142 0.2761205732822418 0.22044408321380615
v -0.06791248172521591 0.27573853731155396 0.21222732961177826
v 0.01033041998744011 0.2773759067058563 0.26486489176750183
v 0.0034480600152164698 0.2777034044265747 0.2579703629016876
v -0.01079391036182642 0.2769392728805542 0.25154808163642883
v 0.01033041998744011 0.2773759067058563 0.26486489176750183
v -0.0034342999570071697 0.27672094106674194 0.25812777876853943
v 0.0038248300552368164 0.2765026390552521 0.2646130323410034
v 0.01033041998744011 0.2773759067058563 0.26486489176750183
v -0.01079391036182642 0.2769392728805542 0.25154808163642883
v -0.0034342999570071697 0.27672094106674194 0.25812777876853943
v 0.01723789982497692 0.2780308723449707 0.26486489176750183
v 0.0034480600152164698 0.2777034044265747 0.2579703629016876
v 0.01033041998744011 0.2773759067058563 0.26486489176750183
v 0.01723789982497692 0.2780308723449707 0.26486489176750183
v -0.0034594200551509857 0.2780308723449707 0.2510443925857544
v 0.0034480600152164698 0.2777034044265747 0.2579703629016876
v 0.12449219822883606 0.2787950038909912 0.2579703629016876
v -0.1138283833861351 0.2787950038909912 0.14759521186351776
v -0.04482894018292427 0.2787950038909912 0.2027513086795807
v 0.0038248300552368164 0.27453774213790894 0.2712871730327606
v -0.01079391036182642 0.2752473056316376 0.25812777876853943
v -0.023629259318113327 0.2744286060333252 0.2505091726779938
v 0.0038248300552368164 0.27453774213790894 0.2712871730327606
v -0.005694929976016283 0.27573853731155396 0.2605518698692322
v -0.01079391036182642 0.2752473056316376 0.25812777876853943
v 0.0038248300552368164 0.27453774213790894 0.2712871730327606
v -0.010341780260205269 0.2728457748889923 0.26486489176750183
v -0.0034594200551509857 0.27213624119758606 0.27175939083099365
v 0.0038248300552368164 0.27453774213790894 0.2712871730327606
v -0.023629259318113327 0.2744286060333252 0.2505091726779938
v -0.010341780260205269 0.2728457748889923 0.26486489176750183
v 0.01723789982497692 0.2786312699317932 0.2579703629016876
v 0.0034480600152164698 0.2785221040248871 0.2510443925857544
v 0.01033041998744011 0.27830377221107483 0.2579703629016876
v 0.01723789982497692 0.2786312699317932 0.2579703629016876
v -0.010341780260205269 0.2786858379840851 0.23725534975528717
v 0.0034480600152164698 0.2785221040248871 0.2510443925857544
v 0.024145379662513733 0.27874040603637695 0.2579703629016876
v -0.010341780260205269 0.2786858379840851 0.23725534975528717
v 0.01723789982497692 0.2786312699317932 0.2579703629016876
v 0.024145379662513733 0.27874040603637695 0.2579703629016876
v 0.01723789982497692 0.2787950038909912 0.2510443925857544
v -0.010341780260205269 0.2786858379840851 0.23725534975528717
v 0.031027739867568016 0.2787950038909912 0.2579703629016876
v 0.01723789982497692 0.2787950038909912 0.2510443925857544
v 0.024145379662513733 0.27874040603637695 0.2579703629016876
v 0.024145379662513733 0.27841293811798096 0.26486489176750183
v 0.01033041998744011 0.27830377221107483 0.2579703629016876
v 0.01723789982497692 0.2780308723449707 0.26486489176750183
v 0.024145379662513733 0.27841293811798096 0.26486489176750183
v 0.01723789982497692 0.2786312699317932 0.2579703629016876
v 0.01033041998744011 0.27830377221107483 0.2579703629016876
v 0.12449219822883606 0.2787950038909912 0.2579703629016876
v 0.01723789982497692 0.2787950038909912 0.2510443925857544
v 0.031027739867568016 0.2787950038909912 0.2579703629016876
v 0.12449219822883606 0.2787950038909912 0.2579703629016876
v -0.04482894018292427 0.2787950038909912 0.2027513086795807
v 0.01723789982497692 0.2787950038909912 0.2510443925857544
v -0.009738950058817863 0.2700621783733368 0.2714445888996124
v -0.07906491309404373 0.27044424414634705 0.21647736430168152
v -0.07178066670894623 0.2700076103210449 0.22308854758739471
v -0.1289997100830078 -0.2606198489665985 0.19075675308704376
v -0.13211436569690704 -0.2623664140701294 0.1863492876291275
v -0.13191340863704681 -0.2626938819885254 0.18616041541099548
v -0.1289997100830078 -0.2606198489665985 0.19075675308704376
v -0.13211436569690704 -0.2593644857406616 0.1895289570093155
v -0.13211436569690704 -0.2623664140701294 0.1863492876291275
v -0.1289997100830078 -0.2606198489665985 0.19075675308704376
v -0.11689279228448868 -0.261875182390213 0.19900497794151306
v -0.10935735702514648 -0.2614385187625885 0.20539577305316925
v -0.13211436569690704 -0.2584366500377655 0.19047340750694275
v -0.13211436569690704 -0.2593644857406616 0.1895289570093155
v -0.1289997100830078 -0.2606198489665985 0.19075675308704376
v -0.10358017683029175 -0.24850305914878845 0.22009778022766113
v -0.13211436569690704 -0.24915800988674164 0.19717903435230255
v -0.13211436569690704 -0.2515595555305481 0.19573086500167847
v -0.13075797259807587 -0.24784809350967407 0.19903646409511566
v -0.13211436569690704 -0.24915800988674164 0.19717903435230255
v -0.10358017683029175 -0.24850305914878845 0.22009778022766113
v -0.13211436569690704 -0.24692024290561676 0.19840681552886963
v -0.13211436569690704 -0.24915800988674164 0.19717903435230255
v -0.13075797259807587 -0.24784809350967407 0.19903646409511566
v -0.07657822966575623 0.2694072425365448 0.22053852677345276
v -0.07178066670894623 0.2700076103210449 0.22308854758739471
v -0.111341692507267 0.26951637864112854 0.1931493580341339
v -0.009738950058817863 0.2700621783733368 0.2714445888996124
v -0.03794658184051514 0.2725182771682739 0.24414986371994019
v -0.07906491309404373 0.27044424414634705 0.21647736430168152
v -0.009738950058817863 0.2700621783733368 0.2714445888996124
v -0.010341780260205269 0.2728457748889923 0.26486489176750183
v -0.03794658184051514 0.2725182771682739 0.24414986371994019
v -0.009738950058817863 0.2700621783733368 0.2714445888996124
v -0.0034594200551509857 0.27213624119758606 0.27175939083099365
v -0.010341780260205269 0.2728457748889923 0.26486489176750183
v -0.009738950058817863 0.2700621783733368 0.2714445888996124
v -0.07657822966575623 0.2694072425365448 0.22053852677345276
v -0.014561619609594345 0.2694072425365448 0.2689260244369507
v -0.009738950058817863 0.2700621783733368 0.2714445888996124
v -0.07178066670894623 0.2700076103210449 0.22308854758739471
v -0.07657822966575623 0.2694072425365448 0.22053852677345276
v -0.1289997100830078 -0.2606198489665985 0.19075675308704376
v -0.13191340863704681 -0.2626938819885254 0.18616041541099548
v -0.12440308928489685 -0.26231181621551514 0.19258269667625427
v -0.1038062572479248 0.2692434787750244 0.1995401531457901
v -0.111341692507267 0.26951637864112854 0.1931493580341339
v -0.13103428483009338 0.26902517676353455 0.17857329547405243
v -0.1038062572479248 0.2692434787750244 0.1995401531457901
v -0.07657822966575623 0.2694072425365448 0.22053852677345276
v -0.111341692507267 0.26951637864112854 0.1931493580341339
v -0.12073586136102676 0.2634580135345459 0.19403085112571716
v -0.13211436569690704 0.2626393139362335 0.18609744310379028
v -0.12440308928489685 0.26231181621551514 0.19258269667625427
v -0.12073586136102676 0.2634580135345459 0.19403085112571716
v -0.13211436569690704 0.2656412124633789 0.18219369649887085
v -0.13211436569690704 0.2626393139362335 0.18609744310379028
v -0.13211436569690704 0.2687522768974304 0.1781325489282608
v -0.13103428483009338 0.26902517676353455 0.17857329547405243
v -0.13211436569690704 0.2705534100532532 0.1745436191558838
v -0.13211436569690704 0.2687522768974304 0.1781325489282608
v -0.1038062572479248 0.2692434787750244 0.1995401531457901
v -0.13103428483009338 0.26902517676353455 0.17857329547405243
v -0.13211436569690704 0.2687522768974304 0.1781325489282608
v -0.12073586136102676 0.2634580135345459 0.19403085112571716
v -0.07760807126760483 0.26323968172073364 0.22822007536888123
v -0.13211436569690704 0.2687522768974304 0.1781325489282608
v -0.13211436569690704 0.2656412124633789 0.18219369649887085
v -0.12073586136102676 0.2634580135345459 0.19403085112571716
v -0.037745628505945206 0.264385849237442 0.2579388916492462
v -0.13211436569690704 0.2687522768974304 0.1781325489282608
v -0.06512437015771866 0.2639492154121399 0.23706646263599396
v 0.003096410073339939 0.2710992097854614 0.2790631651878357
v -0.0034594200551509857 0.27213624119758606 0.27175939083099365
v -0.009738950058817863 0.2700621783733368 0.2714445888996124
v 0.003096410073339939 0.2710992097854614 0.2790631651878357
v -0.009738950058817863 0.2700621783733368 0.2714445888996124
v -0.0034594200551509857 0.2698438763618469 0.27667054533958435
v 0.0063868798315525055 0.27606600522994995 0.26867419481277466
v -0.008809579536318779 0.2763389050960541 0.2559555470943451
v -0.020991859957575798 0.27606600522994995 0.2478332370519638
v 0.0063868798315525055 0.27606600522994995 0.26867419481277466
v -0.0034342999570071697 0.27672094106674194 0.25812777876853943
v -0.008809579536318779 0.2763389050960541 0.2559555470943451
v -0.011622799560427666 -0.26793357729911804 0.27352237701416016
v -0.13211436569690704 -0.2687522768974304 0.1781325489282608
v -0.1038062572479248 -0.2692434787750244 0.1995401531457901
v 0.03793521970510483 -0.27421027421951294 0.2855484187602997
v 0.031027739867568016 -0.27388280630111694 0.2855484187602997
v 0.031027739867568016 -0.27562934160232544 0.2812668979167938
v 0.031027739867568016 -0.27077174186706543 0.29162439703941345
v 0.031027739867568016 -0.27388280630111694 0.2855484187602997
v 0.03793521970510483 -0.27421027421951294 0.2855484187602997
v 0.031027739867568016 -0.27077174186706543 0.29162439703941345
v 0.024145379662513733 -0.27322784066200256 0.2855484187602997
v 0.031027739867568016 -0.27388280630111694 0.2855484187602997
v 0.024145379662513733 -0.2703896462917328 0.2909317910671234
v 0.024145379662513733 -0.27322784066200256 0.2855484187602997
v 0.031027739867568016 -0.27077174186706543 0.29162439703941345
v 0.01723789982497692 -0.2719724774360657 0.2855484187602997
v 0.024145379662513733 -0.27322784066200256 0.2855484187602997
v 0.024145379662513733 -0.2703896462917328 0.2909317910671234
v 0.01723789982497692 -0.2719724774360657 0.2855484187602997
v 0.01688624918460846 -0.27497440576553345 0.27852797508239746
v 0.024145379662513733 -0.27322784066200256 0.2855484187602997
v 0.01723789982497692 -0.2719724774360657 0.2855484187602997
v 0.01033041998744011 -0.2734461724758148 0.27865391969680786
v 0.01688624918460846 -0.27497440576553345 0.27852797508239746
v 0.010958369821310043 -0.2703896462917328 0.2855484187602997
v 0.01033041998744011 -0.2734461724758148 0.27865391969680786
v 0.01723789982497692 -0.2719724774360657 0.2855484187602997
v -0.0034594200551509857 -0.2698438763618469 0.27667054533958435
v -0.009738950058817863 -0.2700621783733368 0.2714445888996124
v 0.003096410073339939 -0.27104464173316956 0.2790946364402771
v -0.0034594200551509857 -0.2698438763618469 0.27667054533958435
v -0.014561619609594345 -0.26946181058883667 0.2689260244369507
v -0.009738950058817863 -0.2700621783733368 0.2714445888996124
v -0.007026189938187599 -0.2691343128681183 0.27531683444976807
v -0.014561619609594345 -0.26946181058883667 0.2689260244369507
v -0.0034594200551509857 -0.2698438763618469 0.27667054533958435
v -0.007026189938187599 -0.2691343128681183 0.27531683444976807
v -0.1038062572479248 -0.2692434787750244 0.1995401531457901
v -0.014561619609594345 -0.26946181058883667 0.2689260244369507
v -0.011622799560427666 -0.26793357729911804 0.27352237701416016
v -0.1038062572479248 -0.2692434787750244 0.1995401531457901
v -0.007026189938187599 -0.2691343128681183 0.27531683444976807
v 0.03793521970510483 -0.27421027421951294 0.2855484187602997
v 0.031027739867568016 -0.27562934160232544 0.2812668979167938
v 0.03793521970510483 -0.2757931053638458 0.28161320090293884
v -0.011622799560427666 -0.26793357729911804 0.27352237701416016
v -0.037745628505945206 -0.264385849237442 0.2579388916492462
v -0.13211436569690704 -0.2687522768974304 0.1781325489282608
v -0.015616579912602901 -0.2633488178253174 0.27663907408714294
v -0.037745628505945206 -0.264385849237442 0.2579388916492462
v -0.011622799560427666 -0.26793357729911804 0.27352237701416016
v 0.0051560900174081326 -0.26978927850723267 0.28325024247169495
v 0.01033041998744011 -0.2734461724758148 0.27865391969680786
v 0.010958369821310043 -0.2703896462917328 0.2855484187602997
v 0.0051560900174081326 -0.26978927850723267 0.28325024247169495
v 0.003096410073339939 -0.27104464173316956 0.2790946364402771
v 0.01033041998744011 -0.2734461724758148 0.27865391969680786
v 0.0051560900174081326 -0.26978927850723267 0.28325024247169495
v -0.0034594200551509857 -0.2698438763618469 0.27667054533958435
v 0.003096410073339939 -0.27104464173316956 0.2790946364402771
v -0.06253720074892044 -0.26247555017471313 0.24106465280056
v -0.13211436569690704 -0.2687522768974304 0.1781325489282608
v -0.06512437015771866 -0.2639492154121399 0.23706646263599396
v -0.06253720074892044 -0.26247555017471313 0.24106465280056
v -0.07760807126760483 -0.26323968172073364 0.22822007536888123
v -0.13211436569690704 -0.2687522768974304 0.1781325489282608
v -0.06253720074892044 -0.26247555017471313 0.24106465280056
v -0.12073586136102676 -0.2634580135345459 0.19403085112571716
v -0.07760807126760483 -0.26323968172073364 0.22822007536888123
v -0.06253720074892044 -0.26247555017471313 0.24106465280056
v -0.037745628505945206 -0.264385849237442 0.2579388916492462
v -0.015616579912602901 -0.2633488178253174 0.27663907408714294
v -0.06253720074892044 -0.26247555017471313 0.24106465280056
v -0.06512437015771866 -0.2639492154121399 0.23706646263599396
v -0.037745628505945206 -0.264385849237442 0.2579388916492462
v -0.08971498906612396 -0.262202650308609 0.22003480792045593
v -0.12073586136102676 -0.2634580135345459 0.19403085112571716
v -0.06253720074892044 -0.26247555017471313 0.24106465280056
v -0.08971498906612396 -0.262202650308609 0.22003480792045593
v -0.12440308928489685 -0.26231181621551514 0.19258269667625427
v -0.12073586136102676 -0.2634580135345459 0.19403085112571716
v -0.1289997100830078 -0.2606198489665985 0.19075675308704376
v -0.12440308928489685 -0.26231181621551514 0.19258269667625427
v -0.11689279228448868 -0.261875182390213 0.19900497794151306
v 0.12449219822883606 0.2787950038909912 0.14759521186351776
v 0.09314481914043427 0.2786858379840851 0.037188559770584106
v 0.09314481914043427 0.27874040603637695 0.04408308118581772
v -0.023629259318113327 0.2744286060333252 0.2505091726779938
v -0.06560160964727402 0.2749198377132416 0.2164144068956375
v -0.07934121787548065 0.27339157462120056 0.2096458226442337
v 0.0034480600152164698 0.2785221040248871 0.2510443925857544
v -0.010341780260205269 0.2781946063041687 0.24414986371994019
v -0.0034594200551509857 0.2780308723449707 0.2510443925857544
v 0.0034480600152164698 0.2785221040248871 0.2510443925857544
v -0.024131620302796364 0.2784675061702728 0.23036083579063416
v -0.010341780260205269 0.2781946063041687 0.24414986371994019
v 0.0034480600152164698 0.2785221040248871 0.2510443925857544
v -0.031039100140333176 0.27857667207717896 0.22346633672714233
v -0.024131620302796364 0.2784675061702728 0.23036083579063416
v -0.010341780260205269 0.2786858379840851 0.23725534975528717
v -0.05173641815781593 0.27874040603637695 0.2027513086795807
v -0.10694600641727448 0.2786858379840851 0.1613527536392212
v -0.010341780260205269 0.2786858379840851 0.23725534975528717
v -0.024131620302796364 0.27874040603637695 0.22346633672714233
v -0.05173641815781593 0.27874040603637695 0.2027513086795807
v -0.010341780260205269 0.2786858379840851 0.23725534975528717
v -0.031039100140333176 0.27857667207717896 0.22346633672714233
v 0.0034480600152164698 0.2785221040248871 0.2510443925857544
v -0.010341780260205269 0.2786858379840851 0.23725534975528717
v -0.10694600641727448 0.2786858379840851 0.1613527536392212
v -0.031039100140333176 0.27857667207717896 0.22346633672714233
v 0.01723789982497692 0.2787950038909912 0.2510443925857544
v -0.024131620302796364 0.27874040603637695 0.22346633672714233
v -0.010341780260205269 0.2786858379840851 0.23725534975528717
v 0.01723789982497692 0.2787950038909912 0.2510443925857544
v -0.05173641815781593 0.27874040603637695 0.2027513086795807
v -0.024131620302796364 0.27874040603637695 0.22346633672714233
v 0.01723789982497692 0.2787950038909912 0.2510443925857544
v -0.04482894018292427 0.2787950038909912 0.2027513086795807
v -0.05173641815781593 0.27874040603637695 0.2027513086795807
v 0.01033041998744011 0.27830377221107483 0.2579703629016876
v 0.0034480600152164698 0.2785221040248871 0.2510443925857544
v -0.0034594200551509857 0.2780308723449707 0.2510443925857544
v 0.12449219822883606 0.2787950038909912 0.14759521186351776
v 0.09314481914043427 0.27874040603637695 0.04408308118581772
v 0.09314481914043427 0.2787950038909912 0.05790359154343605
v -0.023629259318113327 0.2744286060333252 0.2505091726779938
v -0.07934121787548065 0.27339157462120056 0.2096458226442337
v -0.07243373990058899 0.27279117703437805 0.21657182276248932
v 0.12449219822883606 0.2787950038909912 0.14759521186351776
v 0.12449219822883606 0.2786312699317932 0.14070069789886475
v 0.09314481914043427 0.2786858379840851 0.037188559770584106
v 0.12449219822883606 -0.27715760469436646 0.27531683444976807
v 0.12074960768222809 -0.27781257033348083 0.27175939083099365
v 0.12449219822883606 -0.2777579724788666 0.27175939083099365
v 0.06554002314805984 -0.2780308723449707 0.27175939083099365
v 0.11384212970733643 -0.2786312699317932 0.26486489176750183
v 0.12074960768222809 -0.27781257033348083 0.27175939083099365
v 0.06554002314805984 -0.2780308723449707 0.27175939083099365
v 0.03793521970510483 -0.2786312699317932 0.26486489176750183
v 0.11384212970733643 -0.2786312699317932 0.26486489176750183
v 0.06554002314805984 -0.2780308723449707 0.27175939083099365
v 0.03793521970510483 -0.2780308723449707 0.27175939083099365
v 0.03793521970510483 -0.2786312699317932 0.26486489176750183
v 0.06554002314805984 -0.2780308723449707 0.27175939083099365
v 0.12449219822883606 -0.27715760469436646 0.27531683444976807
v 0.10668347030878067 -0.2765026390552521 0.2793150246143341
v 0.06554002314805984 -0.2780308723449707 0.27175939083099365
v 0.12074960768222809 -0.27781257033348083 0.27175939083099365
v 0.12449219822883606 -0.27715760469436646 0.27531683444976807
v 0.06554002314805984 -0.2767755389213562 0.27840206027030945
v 0.06554002314805984 -0.2780308723449707 0.27175939083099365
v 0.07932986319065094 -0.27672094106674194 0.27852797508239746
v 0.06554002314805984 -0.2767755389213562 0.27840206027030945
v 0.03793521970510483 -0.2780308723449707 0.27175939083099365
v 0.06554002314805984 -0.2780308723449707 0.27175939083099365
v 0.06554002314805984 -0.2767755389213562 0.27840206027030945
v 0.058632541447877884 -0.2767755389213562 0.27837055921554565
v 0.03793521970510483 -0.2780308723449707 0.27175939083099365
v 0.09600827842950821 -0.2759568393230438 0.2821168899536133
v 0.06554002314805984 -0.2767755389213562 0.27840206027030945
v 0.10419677197933197 -0.2759568393230438 0.2821168899536133
v 0.09600827842950821 -0.2759568393230438 0.2821168899536133
v 0.058632541447877884 -0.2767755389213562 0.27837055921554565
v 0.06554002314805984 -0.2767755389213562 0.27840206027030945
v 0.09141165763139725 -0.2759568393230438 0.2820854187011719
v 0.058632541447877884 -0.2767755389213562 0.27837055921554565
v 0.09600827842950821 -0.2759568393230438 0.2821168899536133
v -0.05575532093644142 0.2761205732822418 0.22044408321380615
v -0.09039317816495895 0.2761751413345337 0.1929919570684433
v -0.08295822143554688 0.2760114073753357 0.1994457244873047
v -0.13211436569690704 0.27322784066200256 0.1681528240442276
v -0.1296779066324234 0.27557477355003357 0.16361944377422333
v -0.13211436569690704 0.2752473056316376 0.16251757740974426
v -0.13211436569690704 0.27322784066200256 0.1681528240442276
v -0.12746749818325043 0.27464690804481506 0.1679954081773758
v -0.1296779066324234 0.27557477355003357 0.16361944377422333
v -0.13211436569690704 0.27322784066200256 0.1681528240442276
v -0.09287986904382706 0.27464690804481506 0.19554197788238525
v -0.12746749818325043 0.27464690804481506 0.1679954081773758
v -0.13211436569690704 0.27322784066200256 0.1681528240442276
v -0.07934121787548065 0.27339157462120056 0.2096458226442337
v -0.09287986904382706 0.27464690804481506 0.19554197788238525
v -0.10694600641727448 0.27290037274360657 0.18896228075027466
v -0.07934121787548065 0.27339157462120056 0.2096458226442337
v -0.13211436569690704 0.27322784066200256 0.1681528240442276
v -0.07243373990058899 0.27279117703437805 0.21657182276248932
v -0.10694600641727448 0.27290037274360657 0.18896228075027466
v -0.10003852844238281 0.27229997515678406 0.19585679471492767
v -0.07243373990058899 0.27279117703437805 0.21657182276248932
v -0.07934121787548065 0.27339157462120056 0.2096458226442337
v -0.10694600641727448 0.27290037274360657 0.18896228075027466
v -0.023629259318113327 0.2765026390552521 0.24389800429344177
v -0.05173641815781593 0.2775396406650543 0.21657182276248932
v -0.06560160964727402 0.2767755389213562 0.20983470976352692
v -0.03314901888370514 0.2756839394569397 0.2396164834499359
v -0.06791248172521591 0.27573853731155396 0.21222732961177826
v -0.06560160964727402 0.2749198377132416 0.2164144068956375
v -0.05575532093644142 0.2761205732822418 0.22044408321380615
v -0.08564586192369461 0.2764480412006378 0.19554197788238525
v -0.09039317816495895 0.2761751413345337 0.1929919570684433
v -0.05575532093644142 0.2761205732822418 0.22044408321380615
v -0.06560160964727402 0.2767755389213562 0.20983470976352692
v -0.08564586192369461 0.2764480412006378 0.19554197788238525
v -0.05575532093644142 0.2761205732822418 0.22044408321380615
v -0.023629259318113327 0.2765026390552521 0.24389800429344177
v -0.06560160964727402 0.2767755389213562 0.20983470976352692
v -0.05575532093644142 0.2761205732822418 0.22044408321380615
v -0.08295822143554688 0.2760114073753357 0.1994457244873047
v -0.06791248172521591 0.27573853731155396 0.21222732961177826
v 0.09141165763139725 -0.2759568393230438 0.2820854187011719
v 0.04484270140528679 -0.2767755389213562 0.27827614545822144
v 0.058632541447877884 -0.2767755389213562 0.27837055921554565
v -0.01079391036182642 0.2769392728805542 0.25154808163642883
v -0.05173641815781593 0.2775396406650543 0.21657182276248932
v -0.023629259318113327 0.2765026390552521 0.24389800429344177
v -0.01079391036182642 0.2769392728805542 0.25154808163642883
v -0.01724926009774208 0.2773759067058563 0.24414986371994019
v -0.05173641815781593 0.2775396406650543 0.21657182276248932
v -0.01079391036182642 0.2769392728805542 0.25154808163642883
v -0.023629259318113327 0.2765026390552521 0.24389800429344177
v -0.01724926009774208 0.27639347314834595 0.2492813915014267
v -0.0034594200551509857 0.2780308723449707 0.2510443925857544
v -0.01079391036182642 0.2769392728805542 0.25154808163642883
v 0.0034480600152164698 0.2777034044265747 0.2579703629016876
v -0.0034594200551509857 0.2780308723449707 0.2510443925857544
v -0.01724926009774208 0.2773759067058563 0.24414986371994019
v -0.01079391036182642 0.2769392728805542 0.25154808163642883
v -0.0034594200551509857 0.2780308723449707 0.2510443925857544
v -0.05173641815781593 0.2775396406650543 0.21657182276248932
v -0.01724926009774208 0.2773759067058563 0.24414986371994019
v -0.0034594200551509857 0.2780308723449707 0.2510443925857544
v -0.031039100140333176 0.2779217064380646 0.23036083579063416
v -0.05173641815781593 0.2775396406650543 0.21657182276248932
v -0.0034594200551509857 0.2780308723449707 0.2510443925857544
v -0.07243373990058899 0.2781946063041687 0.19585679471492767
v -0.031039100140333176 0.2779217064380646 0.23036083579063416
v -0.0034594200551509857 0.2780308723449707 0.2510443925857544
v -0.010341780260205269 0.2781946063041687 0.24414986371994019
v -0.07243373990058899 0.2781946063041687 0.19585679471492767
v -0.023629259318113327 0.2744286060333252 0.2505091726779938
v -0.03314901888370514 0.2756839394569397 0.2396164834499359
v -0.06560160964727402 0.2749198377132416 0.2164144068956375
v -0.023629259318113327 0.2744286060333252 0.2505091726779938
v -0.01724926009774208 0.27541103959083557 0.2527129054069519
v -0.03314901888370514 0.2756839394569397 0.2396164834499359
v -0.023629259318113327 0.2744286060333252 0.2505091726779938
v -0.01079391036182642 0.2752473056316376 0.25812777876853943
v -0.01724926009774208 0.27541103959083557 0.2527129054069519
v -0.023629259318113327 0.2744286060333252 0.2505091726779938
v -0.07243373990058899 0.27279117703437805 0.21657182276248932
v -0.01724926009774208 0.2734461724758148 0.2579703629016876
v -0.010341780260205269 0.2728457748889923 0.26486489176750183
v -0.07243373990058899 0.27279117703437805 0.21657182276248932
v -0.03794658184051514 0.2725182771682739 0.24414986371994019
v 0.003096410073339939 -0.27104464173316956 0.2790946364402771
v -0.009738950058817863 -0.2700621783733368 0.2714445888996124
v -0.0034594200551509857 -0.27202704548835754 0.27175939083099365
v -0.13211436569690704 -0.2687522768974304 0.1781325489282608
v -0.13103428483009338 -0.26902517676353455 0.17854180932044983
v -0.1038062572479248 -0.2692434787750244 0.1995401531457901
v -0.13211436569690704 -0.2687522768974304 0.1781325489282608
v -0.13211436569690704 -0.26935264468193054 0.17709365487098694
v -0.13103428483009338 -0.26902517676353455 0.17854180932044983
v -0.06512437015771866 -0.2639492154121399 0.23706646263599396
v -0.13211436569690704 -0.2687522768974304 0.1781325489282608
v -0.037745628505945206 -0.264385849237442 0.2579388916492462
v -0.12073586136102676 -0.2634580135345459 0.19403085112571716
v -0.13211436569690704 -0.2687522768974304 0.1781325489282608
v -0.07760807126760483 -0.26323968172073364 0.22822007536888123
v -0.12073586136102676 -0.2634580135345459 0.19403085112571716
v -0.13211436569690704 -0.26793357729911804 0.17920292913913727
v -0.13211436569690704 -0.2687522768974304 0.1781325489282608
v -0.12073586136102676 -0.2634580135345459 0.19403085112571716
v -0.13211436569690704 -0.26416754722595215 0.18411408364772797
v -0.13211436569690704 -0.26793357729911804 0.17920292913913727
v -0.12073586136102676 -0.2634580135345459 0.19403085112571716
v -0.13211436569690704 -0.26280301809310913 0.18587706983089447
v -0.13211436569690704 -0.26416754722595215 0.18411408364772797
v -0.12440308928489685 -0.26231181621551514 0.19258269667625427
v -0.13211436569690704 -0.26280301809310913 0.18587706983089447
v -0.12073586136102676 -0.2634580135345459 0.19403085112571716
v -0.13191340863704681 -0.2626938819885254 0.18616041541099548
v -0.13211436569690704 -0.26280301809310913 0.18587706983089447
v -0.12440308928489685 -0.26231181621551514 0.19258269667625427
v -0.13211436569690704 -0.2623664140701294 0.1863492876291275
v -0.13211436569690704 -0.26280301809310913 0.18587706983089447
v -0.13191340863704681 -0.2626938819885254 0.18616041541099548
v -0.010341780260205269 0.2728457748889923 0.26486489176750183
v -0.01724926009774208 0.2734461724758148 0.2579703629016876
v -0.07243373990058899 0.27279117703437805 0.21657182276248932
v -0.010341780260205269 0.2728457748889923 0.26486489176750183
v -0.023629259318113327 0.2744286060333252 0.2505091726779938
v -0.01724926009774208 0.2734461724758148 0.2579703629016876
v 0.003096410073339939 -0.27104464173316956 0.2790946364402771
v -0.0034594200551509857 -0.27202704548835754 0.27175939083099365
v 0.01033041998744011 -0.2734461724758148 0.27865391969680786
v -0.07906491309404373 0.27044424414634705 0.21647736430168152
v -0.07243373990058899 0.27279117703437805 0.21657182276248932
v -0.10644364356994629 0.2701713442802429 0.19560493528842926
v -0.07906491309404373 0.27044424414634705 0.21647736430168152
v -0.03794658184051514 0.2725182771682739 0.24414986371994019
v -0.07243373990058899 0.27279117703437805 0.21657182276248932
v -0.111341692507267 0.26951637864112854 0.1931493580341339
v -0.07906491309404373 0.27044424414634705 0.21647736430168152
v -0.10644364356994629 0.2701713442802429 0.19560493528842926
v -0.111341692507267 0.26951637864112854 0.1931493580341339
v -0.07178066670894623 0.2700076103210449 0.22308854758739471
v -0.07906491309404373 0.27044424414634705 0.21647736430168152
v -0.13211436569690704 0.2705534100532532 0.1745436191558838
v -0.10694600641727448 0.27290037274360657 0.18896228075027466
v -0.13211436569690704 0.27322784066200256 0.1681528240442276
v -0.13211436569690704 0.2705534100532532 0.1745436191558838
v -0.10003852844238281 0.27229997515678406 0.19585679471492767
v -0.10694600641727448 0.27290037274360657 0.18896228075027466
v -0.13211436569690704 0.2705534100532532 0.1745436191558838
v -0.07243373990058899 0.27279117703437805 0.21657182276248932
v -0.10003852844238281 0.27229997515678406 0.19585679471492767
v -0.13211436569690704 0.2705534100532532 0.1745436191558838
v -0.10644364356994629 0.2701713442802429 0.19560493528842926
v -0.07243373990058899 0.27279117703437805 0.21657182276248932
v -0.13211436569690704 0.2705534100532532 0.1745436191558838
v -0.111341692507267 0.26951637864112854 0.1931493580341339
v -0.10644364356994629 0.2701713442802429 0.19560493528842926
v -0.13211436569690704 0.2705534100532532 0.1745436191558838
v -0.12643764913082123 0.26995304226875305 0.18030479550361633
v -0.111341692507267 0.26951637864112854 0.1931493580341339
v -0.13103428483009338 0.26902517676353455 0.17857329547405243
v -0.12643764913082123 0.26995304226875305 0.18030479550361633
v -0.13211436569690704 0.2705534100532532 0.1745436191558838
v -0.13103428483009338 0.26902517676353455 0.17857329547405243
v -0.111341692507267 0.26951637864112854 0.1931493580341339
v -0.12643764913082123 0.26995304226875305 0.18030479550361633
v -0.008809579536318779 0.2763389050960541 0.2559555470943451
v -0.01079391036182642 0.2769392728805542 0.25154808163642883
v -0.01724926009774208 0.27639347314834595 0.2492813915014267
v 0.01688624918460846 -0.27497440576553345 0.27852797508239746
v 0.014349319972097874 -0.2758476734161377 0.27478164434432983
v 0.018971050158143044 -0.2762843072414398 0.2761353552341461
v 0.07932986319065094 -0.2759568393230438 0.28195950388908386
v 0.04484270140528679 -0.2767755389213562 0.27827614545822144
v 0.09141165763139725 -0.2759568393230438 0.2820854187011719
v 0.07932986319065094 -0.2759568393230438 0.28195950388908386
v 0.03793521970510483 -0.2767755389213562 0.27818170189857483
v 0.04484270140528679 -0.2767755389213562 0.27827614545822144
v 0.05172505974769592 -0.27590224146842957 0.28177061676979065
v 0.03793521970510483 -0.2767755389213562 0.27818170189857483
v 0.07932986319065094 -0.2759568393230438 0.28195950388908386
v 0.04484270140528679 -0.2758476734161377 0.28170764446258545
v 0.03793521970510483 -0.2767755389213562 0.27818170189857483
v 0.05172505974769592 -0.27590224146842957 0.28177061676979065
v 0.03793521970510483 -0.2757931053638458 0.28161320090293884
v 0.03793521970510483 -0.2767755389213562 0.27818170189857483
v 0.04484270140528679 -0.2758476734161377 0.28170764446258545
v 0.03793521970510483 -0.2757931053638458 0.28161320090293884
v 0.031027739867568016 -0.27672094106674194 0.277803897857666
v 0.03793521970510483 -0.2767755389213562 0.27818170189857483
v 0.031027739867568016 -0.27562934160232544 0.2812668979167938
v 0.031027739867568016 -0.27672094106674194 0.277803897857666
v 0.03793521970510483 -0.2757931053638458 0.28161320090293884
v 0.031027739867568016 -0.27562934160232544 0.2812668979167938
v 0.024145379662513733 -0.27655720710754395 0.27704834938049316
v 0.031027739867568016 -0.27672094106674194 0.277803897857666
v 0.031027739867568016 -0.27562934160232544 0.2812668979167938
v 0.024145379662513733 -0.2753564417362213 0.28051134943962097
v 0.024145379662513733 -0.27655720710754395 0.27704834938049316
v 0.031027739867568016 -0.27388280630111694 0.2855484187602997
v 0.024145379662513733 -0.2753564417362213 0.28051134943962097
v 0.031027739867568016 -0.27562934160232544 0.2812668979167938
v 0.024145379662513733 -0.27322784066200256 0.2855484187602997
v 0.024145379662513733 -0.2753564417362213 0.28051134943962097
v 0.031027739867568016 -0.27388280630111694 0.2855484187602997
v 0.01688624918460846 -0.27497440576553345 0.27852797508239746
v 0.024145379662513733 -0.2753564417362213 0.28051134943962097
v 0.024145379662513733 -0.27322784066200256 0.2855484187602997
v 0.01688624918460846 -0.27497440576553345 0.27852797508239746
v 0.018971050158143044 -0.2762843072414398 0.2761353552341461
v 0.024145379662513733 -0.2753564417362213 0.28051134943962097
v -0.0034342999570071697 0.27672094106674194 0.25812777876853943
v -0.01079391036182642 0.2769392728805542 0.25154808163642883
v -0.008809579536318779 0.2763389050960541 0.2559555470943451
v -0.009738950058817863 -0.2700621783733368 0.2714445888996124
v -0.111341692507267 -0.26951637864112854 0.1931493580341339
v -0.044401928782463074 -0.2702259421348572 0.24396097660064697
v -0.009738950058817863 -0.2700621783733368 0.2714445888996124
v -0.010341780260205269 -0.2726820409297943 0.26486489176750183
v -0.0034594200551509857 -0.27202704548835754 0.27175939083099365
v -0.009738950058817863 -0.2700621783733368 0.2714445888996124
v -0.044401928782463074 -0.2702259421348572 0.24396097660064697
v -0.010341780260205269 -0.2726820409297943 0.26486489176750183
v -0.014561619609594345 -0.26946181058883667 0.2689260244369507
v -0.111341692507267 -0.26951637864112854 0.1931493580341339
v -0.009738950058817863 -0.2700621783733368 0.2714445888996124
v -0.014561619609594345 -0.26946181058883667 0.2689260244369507
v -0.07657822966575623 -0.2694072425365448 0.22053852677345276
v -0.111341692507267 -0.26951637864112854 0.1931493580341339
v -0.1038062572479248 -0.2692434787750244 0.1995401531457901
v -0.07657822966575623 -0.2694072425365448 0.22053852677345276
v -0.014561619609594345 -0.26946181058883667 0.2689260244369507
v -0.1038062572479248 -0.2692434787750244 0.1995401531457901
v -0.111341692507267 -0.26951637864112854 0.1931493580341339
v -0.07657822966575623 -0.2694072425365448 0.22053852677345276
v -0.1038062572479248 -0.2692434787750244 0.1995401531457901
v -0.13103428483009338 -0.26902517676353455 0.17854180932044983
v -0.111341692507267 -0.26951637864112854 0.1931493580341339
v 0.01033041998744011 -0.2734461724758148 0.27865391969680786
v -0.010341780260205269 -0.2726820409297943 0.26486489176750183
v 0.003950419835746288 -0.2744286060333252 0.271192729473114
v 0.01033041998744011 -0.2734461724758148 0.27865391969680786
v -0.0034594200551509857 -0.27202704548835754 0.27175939083099365
v -0.010341780260205269 -0.2726820409297943 0.26486489176750183
v 0.01033041998744011 -0.2734461724758148 0.27865391969680786
v 0.014349319972097874 -0.2758476734161377 0.27478164434432983
v 0.01688624918460846 -0.27497440576553345 0.27852797508239746
v 0.01033041998744011 -0.2734461724758148 0.27865391969680786
v 0.01033041998744011 -0.2753564417362213 0.27333348989486694
v 0.014349319972097874 -0.2758476734161377 0.27478164434432983
v 0.01033041998744011 -0.2734461724758148 0.27865391969680786
v 0.003950419835746288 -0.2744286060333252 0.271192729473114
v 0.01033041998744011 -0.2753564417362213 0.27333348989486694
v 0.06554002314805984 -0.2687522768974304 0.2954652011394501
v 0.04484270140528679 -0.26869767904281616 0.2954022288322449
v 0.03793521970510483 -0.27093544602394104 0.29190775752067566
v 0.12449219822883606 0.2772667407989502 0.27487608790397644
v 0.12449219822883606 0.27781257033348083 0.27175939083099365
v 0.06554002314805984 0.2780308723449707 0.27175939083099365
v 0.058632541447877884 0.2767755389213562 0.27837055921554565
v 0.03793521970510483 0.2780308723449707 0.27175939083099365
v 0.04484270140528679 0.2767755389213562 0.27827614545822144
v 0.12074960768222809 -0.27077174186706543 0.29197072982788086
v 0.12449219822883606 -0.27415570616722107 0.2855484187602997
v 0.12449219822883606 -0.27077174186706543 0.29171884059906006
v 0.12074960768222809 -0.27077174186706543 0.29197072982788086
v 0.12074960768222809 -0.27421027421951294 0.2855484187602997
v 0.12449219822883606 -0.27415570616722107 0.2855484187602997
v 0.12074960768222809 -0.27077174186706543 0.29197072982788086
v 0.11384212970733643 -0.2742648720741272 0.2855484187602997
v 0.12074960768222809 -0.27421027421951294 0.2855484187602997
v 0.12074960768222809 -0.27077174186706543 0.29197072982788086
v 0.10693465173244476 -0.27088087797164917 0.29197072982788086
v 0.11384212970733643 -0.2742648720741272 0.2855484187602997
v 0.11384212970733643 -0.2687522768974304 0.2954337000846863
v 0.10693465173244476 -0.27088087797164917 0.29197072982788086
v 0.12074960768222809 -0.27077174186706543 0.29197072982788086
v 0.11384212970733643 -0.2687522768974304 0.2954337000846863
v 0.0862373411655426 -0.27093544602394104 0.29200220108032227
v 0.10693465173244476 -0.27088087797164917 0.29197072982788086
v 0.07244750112295151 -0.2687522768974304 0.2954652011394501
v 0.0862373411655426 -0.27093544602394104 0.29200220108032227
v 0.11384212970733643 -0.2687522768974304 0.2954337000846863
v 0.06554002314805984 -0.2687522768974304 0.2954652011394501
v 0.0862373411655426 -0.27093544602394104 0.29200220108032227
v 0.07244750112295151 -0.2687522768974304 0.2954652011394501
v 0.06554002314805984 -0.2687522768974304 0.2954652011394501
v 0.06554002314805984 -0.27093544602394104 0.29200220108032227
v 0.0862373411655426 -0.27093544602394104 0.29200220108032227
v 0.06554002314805984 -0.2687522768974304 0.2954652011394501
v 0.04484270140528679 -0.27093544602394104 0.29193922877311707
v 0.06554002314805984 -0.27093544602394104 0.29200220108032227
v 0.06554002314805984 -0.2687522768974304 0.2954652011394501
v 0.03793521970510483 -0.27093544602394104 0.29190775752067566
v 0.04484270140528679 -0.27093544602394104 0.29193922877311707
v 0.06554002314805984 0.2780308723449707 0.27175939083099365
v 0.12449219822883606 0.27824920415878296 0.268013060092926
v 0.11384212970733643 0.2786312699317932 0.26486489176750183
v 0.04484270140528679 -0.26525914669036865 0.2991800606250763
v 0.04484270140528679 -0.26869767904281616 0.2954022288322449
v 0.06554002314805984 -0.2687522768974304 0.2954652011394501
v 0.04484270140528679 -0.26525914669036865 0.2991800606250763
v 0.03793521970510483 -0.2686431109905243 0.2953707277774811
v 0.04484270140528679 -0.26869767904281616 0.2954022288322449
v 0.03793521970510483 -0.2652045786380768 0.2991170883178711
v 0.03793521970510483 -0.2686431109905243 0.2953707277774811
v 0.04484270140528679 -0.26525914669036865 0.2991800606250763
v 0.031027739867568016 -0.2649862468242645 0.2988967001438141
v 0.03793521970510483 -0.2686431109905243 0.2953707277774811
v 0.03793521970510483 -0.2652045786380768 0.2991170883178711
v 0.031027739867568016 -0.2649862468242645 0.2988967001438141
v 0.031027739867568016 -0.26842477917671204 0.29505589604377747
v 0.03793521970510483 -0.2686431109905243 0.2953707277774811
v 0.024145379662513733 -0.26449501514434814 0.29833003878593445
v 0.031027739867568016 -0.26842477917671204 0.29505589604377747
v 0.031027739867568016 -0.2649862468242645 0.2988967001438141
v 0.024145379662513733 -0.26449501514434814 0.29833003878593445
v 0.024145379662513733 -0.26793357729911804 0.2943633198738098
v 0.031027739867568016 -0.26842477917671204 0.29505589604377747
v 0.01723789982497692 -0.2636217176914215 0.2973541021347046
v 0.024145379662513733 -0.26793357729911804 0.2943633198738098
v 0.024145379662513733 -0.26449501514434814 0.29833003878593445
v 0.01723789982497692 -0.2670602798461914 0.29326143860816956
v 0.01723789982497692 -0.26962554454803467 0.28979846835136414
v 0.024145379662513733 -0.26793357729911804 0.2943633198738098
v 0.01723789982497692 -0.2670602798461914 0.29326143860816956
v 0.013671129941940308 -0.2691343128681183 0.2890743613243103
v 0.01723789982497692 -0.26962554454803467 0.28979846835136414
v 0.01723789982497692 -0.2670602798461914 0.29326143860816956
v 0.024145379662513733 -0.26793357729911804 0.2943633198738098
v 0.01723789982497692 -0.2636217176914215 0.2973541021347046
v 0.01078255008906126 -0.2655320465564728 0.2922540307044983
v 0.013671129941940308 -0.2691343128681183 0.2890743613243103
v 0.01723789982497692 -0.2670602798461914 0.29326143860816956
v 0.01078255008906126 -0.2655320465564728 0.2922540307044983
v 0.009074520319700241 -0.26826104521751404 0.2878465950489044
v 0.013671129941940308 -0.2691343128681183 0.2890743613243103
v 0.031027739867568016 0.27672094106674194 0.277803897857666
v 0.024145379662513733 0.27764880657196045 0.27175939083099365
v 0.024145379662513733 0.27655720710754395 0.27704834938049316
v -0.06253720074892044 0.26247555017471313 0.24106465280056
v -0.13211436569690704 0.2687522768974304 0.1781325489282608
v -0.07760807126760483 0.26323968172073364 0.22822007536888123
v -0.06253720074892044 0.26247555017471313 0.24106465280056
v -0.06512437015771866 0.2639492154121399 0.23706646263599396
v -0.13211436569690704 0.2687522768974304 0.1781325489282608
v -0.06253720074892044 0.26247555017471313 0.24106465280056
v -0.037745628505945206 0.264385849237442 0.2579388916492462
v -0.06512437015771866 0.2639492154121399 0.23706646263599396
v -0.06253720074892044 0.26247555017471313 0.24106465280056
v -0.015616579912602901 0.2633488178253174 0.27663907408714294
v -0.037745628505945206 0.264385849237442 0.2579388916492462
v 0.0051560900174081326 0.26978927850723267 0.28328174352645874
v -0.0034594200551509857 0.2698438763618469 0.27667054533958435
v -0.007026189938187599 0.2691343128681183 0.27531683444976807
v 0.0051560900174081326 0.26978927850723267 0.28328174352645874
v 0.003096410073339939 0.2710992097854614 0.2790631651878357
v -0.0034594200551509857 0.2698438763618469 0.27667054533958435
v 0.0051560900174081326 0.26978927850723267 0.28328174352645874
v 0.01033041998744011 0.2735007405281067 0.27865391969680786
v 0.003096410073339939 0.2710992097854614 0.2790631651878357
v 0.010958369821310043 0.2703896462917328 0.2855798900127411
v 0.01033041998744011 0.2735007405281067 0.27865391969680786
v 0.0051560900174081326 0.26978927850723267 0.28328174352645874
v 0.018971050158143044 0.2762843072414398 0.2761353552341461
v 0.0063868798315525055 0.27606600522994995 0.26867419481277466
v 0.014349319972097874 0.2758476734161377 0.27478164434432983
v 0.018971050158143044 0.2762843072414398 0.2761353552341461
v 0.01033041998744011 0.27639347314834595 0.26996493339538574
v 0.0063868798315525055 0.27606600522994995 0.26867419481277466
v 0.018971050158143044 0.2762843072414398 0.2761353552341461
v 0.01688624918460846 0.27683010697364807 0.2722001373767853
v 0.01033041998744011 0.27639347314834595 0.26996493339538574
v 0.018971050158143044 0.2762843072414398 0.2761353552341461
v 0.024145379662513733 0.27764880657196045 0.27175939083099365
v 0.01688624918460846 0.27683010697364807 0.2722001373767853
v 0.024145379662513733 0.27655720710754395 0.27704834938049316
v 0.024145379662513733 0.27764880657196045 0.27175939083099365
v 0.018971050158143044 0.2762843072414398 0.2761353552341461
v 0.01078255008906126 -0.2655320465564728 0.2922540307044983
v 0.0034480600152164698 -0.26356714963912964 0.290648490190506
v 0.009074520319700241 -0.26826104521751404 0.2878465950489044
v 0.031027739867568016 0.27672094106674194 0.277803897857666
v 0.031027739867568016 0.2779217064380646 0.27175939083099365
v 0.024145379662513733 0.27764880657196045 0.27175939083099365
v 0.03793521970510483 0.2767755389213562 0.27818170189857483
v 0.031027739867568016 0.2779217064380646 0.27175939083099365
v 0.031027739867568016 0.27672094106674194 0.277803897857666
v 0.01688624918460846 0.2750289738178253 0.27852797508239746
v 0.014349319972097874 0.2758476734161377 0.27478164434432983
v 0.01033041998744011 0.2735007405281067 0.27865391969680786
v 0.01688624918460846 0.2750289738178253 0.27852797508239746
v 0.018971050158143044 0.2762843072414398 0.2761353552341461
v 0.014349319972097874 0.2758476734161377 0.27478164434432983
v 0.01723789982497692 0.27202704548835754 0.2855484187602997
v 0.01033041998744011 0.2735007405281067 0.27865391969680786
v 0.010958369821310043 0.2703896462917328 0.2855798900127411
v 0.01723789982497692 0.27202704548835754 0.2855484187602997
v 0.01688624918460846 0.2750289738178253 0.27852797508239746
v 0.01033041998744011 0.2735007405281067 0.27865391969680786
v 0.03793521970510483 0.2780308723449707 0.27175939083099365
v 0.031027739867568016 0.27857667207717896 0.26486489176750183
v 0.031027739867568016 0.2779217064380646 0.27175939083099365
v 0.03793521970510483 0.2780308723449707 0.27175939083099365
v 0.03793521970510483 0.2786312699317932 0.26486489176750183
v 0.031027739867568016 0.27857667207717896 0.26486489176750183
v 0.03793521970510483 0.2780308723449707 0.27175939083099365
v 0.03793521970510483 0.2767755389213562 0.27818170189857483
v 0.04484270140528679 0.2767755389213562 0.27827614545822144
v 0.03793521970510483 0.2780308723449707 0.27175939083099365
v 0.031027739867568016 0.2779217064380646 0.27175939083099365
v 0.03793521970510483 0.2767755389213562 0.27818170189857483
v 0.06554002314805984 0.2780308723449707 0.27175939083099365
v 0.12449219822883606 0.27781257033348083 0.27175939083099365
v 0.12449219822883606 0.27824920415878296 0.268013060092926
v 0.06554002314805984 0.2780308723449707 0.27175939083099365
v 0.03793521970510483 0.2786312699317932 0.26486489176750183
v 0.03793521970510483 0.2780308723449707 0.27175939083099365
v 0.06554002314805984 0.2780308723449707 0.27175939083099365
v 0.11384212970733643 0.2786312699317932 0.26486489176750183
v 0.03793521970510483 0.2786312699317932 0.26486489176750183
v -0.020765790715813637 -0.23491261899471283 0.2890743613243103
v -0.04756680876016617 -0.23802368342876434 0.2677297294139862
v -0.03967972844839096 -0.23802368342876434 0.2738686800003052
v -0.04161382094025612 -0.24866680800914764 0.26848527789115906
v -0.07647775113582611 -0.2490488588809967 0.2411276251077652
v -0.04919949173927307 -0.24948550760746002 0.26209449768066406
v -0.02646760083734989 -0.24648359417915344 0.2812354266643524
v -0.04161382094025612 -0.24866680800914764 0.26848527789115906
v -0.034028150141239166 -0.2476297914981842 0.27484461665153503
v -0.037770748138427734 -0.24517366290092468 0.2730501592159271
v -0.04161382094025612 -0.24866680800914764 0.26848527789115906
v -0.02646760083734989 -0.24648359417915344 0.2812354266643524
v -0.06891719996929169 -0.24806642532348633 0.247549906373024
v -0.13211436569690704 -0.24320879578590393 0.20016980171203613
v -0.09606987982988358 -0.247466042637825 0.22652006149291992
v -0.06891719996929169 -0.24806642532348633 0.247549906373024
v -0.04161382094025612 -0.24866680800914764 0.26848527789115906
v -0.037770748138427734 -0.24517366290092468 0.2730501592159271
v -0.06891719996929169 -0.24806642532348633 0.247549906373024
v -0.07647775113582611 -0.2490488588809967 0.2411276251077652
v -0.04161382094025612 -0.24866680800914764 0.26848527789115906
v -0.06891719996929169 -0.24806642532348633 0.247549906373024
v -0.09606987982988358 -0.247466042637825 0.22652006149291992
v -0.07647775113582611 -0.2490488588809967 0.2411276251077652
v -0.12457893043756485 -0.2421717792749405 0.20652912557125092
v -0.13211436569690704 -0.24320879578590393 0.20016980171203613
v -0.06891719996929169 -0.24806642532348633 0.247549906373024
v -0.12457893043756485 -0.2421717792749405 0.20652912557125092
v -0.13211436569690704 -0.23802368342876434 0.20158648490905762
v -0.13211436569690704 -0.24320879578590393 0.20016980171203613
v -0.11704350262880325 -0.2404252141714096 0.2129199355840683
v -0.13211436569690704 -0.23802368342876434 0.20158648490905762
v -0.12457893043756485 -0.2421717792749405 0.20652912557125092
v -0.04756680876016617 -0.23802368342876434 0.2677297294139862
v -0.11757098138332367 -0.23584048449993134 0.21332919597625732
v -0.13211436569690704 -0.23802368342876434 0.20158648490905762
v -0.04756680876016617 -0.23802368342876434 0.2677297294139862
v -0.13211436569690704 -0.23802368342876434 0.20158648490905762
v -0.11704350262880325 -0.2404252141714096 0.2129199355840683
v -0.020765790715813637 -0.23491261899471283 0.2890743613243103
v -0.03967972844839096 -0.23802368342876434 0.2738686800003052
v -0.02832634001970291 -0.23802368342876434 0.2826835811138153
v -0.04161382094025612 -0.24866680800914764 0.26848527789115906
v -0.04919949173927307 -0.24948550760746002 0.26209449768066406
v -0.012527059763669968 -0.253633588552475 0.2880040109157562
v -0.020765790715813637 -0.23491261899471283 0.2890743613243103
v -0.11757098138332367 -0.23584048449993134 0.21332919597625732
v -0.04756680876016617 -0.23802368342876434 0.2677297294139862
v -0.020765790715813637 -0.23491261899471283 0.2890743613243103
v -0.044678229838609695 -0.23114660382270813 0.2708778977394104
v -0.11757098138332367 -0.23584048449993134 0.21332919597625732
v -0.020765790715813637 -0.23491261899471283 0.2890743613243103
v -0.0323452390730381 -0.23114660382270813 0.28044837713241577
v -0.044678229838609695 -0.23114660382270813 0.2708778977394104
v -0.020765790715813637 -0.23491261899471283 0.2890743613243103
v -0.01724926009774208 -0.23114660382270813 0.2921595871448517
v -0.0323452390730381 -0.23114660382270813 0.28044837713241577
v -0.013104770332574844 -0.23114660382270813 0.2953707277774811
v -0.01724926009774208 -0.23114660382270813 0.2921595871448517
v -0.020765790715813637 -0.23491261899471283 0.2890743613243103
v -0.013330839574337006 -0.22421492636203766 0.2955596446990967
v -0.01724926009774208 -0.23114660382270813 0.2921595871448517
v -0.013104770332574844 -0.23114660382270813 0.2953707277774811
v -0.013330839574337006 -0.22421492636203766 0.2955596446990967
v -0.0323452390730381 -0.23114660382270813 0.28044837713241577
v -0.01724926009774208 -0.23114660382270813 0.2921595871448517
v -0.12432774901390076 0.25543472170829773 0.1994142383337021
v -0.10358017683029175 0.24850305914878845 0.22006629407405853
v -0.08398807048797607 0.2498129904270172 0.23473681509494781
v -0.013330839574337006 -0.22421492636203766 0.2955596446990967
v -0.044678229838609695 -0.23114660382270813 0.2708778977394104
v -0.0323452390730381 -0.23114660382270813 0.28044837713241577
v -0.013330839574337006 -0.22421492636203766 0.2955596446990967
v -0.01724926009774208 -0.22421492636203766 0.2925058901309967
v -0.044678229838609695 -0.23114660382270813 0.2708778977394104
v -0.13211436569690704 0.22421492636203766 0.2027513086795807
v -0.01724926009774208 -0.22421492636203766 0.2925058901309967
v -0.01724926009774208 -0.16903448104858398 0.2925058901309967
v -0.13211436569690704 0.22421492636203766 0.2027513086795807
v -0.13211436569690704 -0.22421492636203766 0.2027513086795807
v -0.01724926009774208 -0.22421492636203766 0.2925058901309967
v -0.10358017683029175 0.24850305914878845 0.22006629407405853
v -0.13211436569690704 0.25150495767593384 0.19557346403598785
v -0.13211436569690704 0.2467019259929657 0.19821792840957642
v -0.0005457199877128005 -0.262530118227005 0.2893891930580139
v 0.0034480600152164698 -0.26356714963912964 0.290648490190506
v 0.007893959991633892 -0.26165685057640076 0.2954022288322449
v -0.012527059763669968 -0.253633588552475 0.2880040109157562
v -0.05477571114897728 -0.2548343539237976 0.2541925609111786
v -0.027547679841518402 -0.25521641969680786 0.27519091963768005
v -0.012527059763669968 -0.253633588552475 0.2880040109157562
v -0.07228302955627441 -0.2515595555305481 0.2427331805229187
v -0.05477571114897728 -0.2548343539237976 0.2541925609111786
v -0.012527059763669968 -0.253633588552475 0.2880040109157562
v -0.07647775113582611 -0.2490488588809967 0.2411276251077652
v -0.07228302955627441 -0.2515595555305481 0.2427331805229187
v -0.012527059763669968 -0.253633588552475 0.2880040109157562
v -0.04919949173927307 -0.24948550760746002 0.26209449768066406
v -0.07647775113582611 -0.2490488588809967 0.2411276251077652
v 0.007893959991633892 -0.26165685057640076 0.2954022288322449
v 0.0034480600152164698 -0.26356714963912964 0.290648490190506
v 0.01078255008906126 -0.2655320465564728 0.2922540307044983
v -0.0005457199877128005 -0.262530118227005 0.2893891930580139
v 0.0005594799877144396 -0.2688068449497223 0.28167617321014404
v 0.003096410073339939 -0.26727861166000366 0.2855484187602997
v -0.0005457199877128005 -0.262530118227005 0.2893891930580139
v -0.003082650015130639 -0.264058381319046 0.28542250394821167
v 0.0005594799877144396 -0.2688068449497223 0.28167617321014404
v -0.0005457199877128005 -0.262530118227005 0.2893891930580139
v -0.008081150241196156 -0.2629667818546295 0.2830298840999603
v -0.003082650015130639 -0.264058381319046 0.28542250394821167
v -0.0005457199877128005 -0.262530118227005 0.2893891930580139
v -0.027773749083280563 -0.26231181621551514 0.26845380663871765
v -0.008081150241196156 -0.2629667818546295 0.2830298840999603
v -0.0005457199877128005 -0.262530118227005 0.2893891930580139
v -0.02023831009864807 -0.26182061433792114 0.27484461665153503
v -0.027773749083280563 -0.26231181621551514 0.26845380663871765
v -0.0005457199877128005 -0.262530118227005 0.2893891930580139
v -0.012677759863436222 -0.26132938265800476 0.2812354266643524
v -0.02023831009864807 -0.26182061433792114 0.27484461665153503
v -0.0005457199877128005 -0.262530118227005 0.2893891930580139
v -0.00511721009388566 -0.2607835829257965 0.2876577079296112
v -0.012677759863436222 -0.26132938265800476 0.2812354266643524
v -0.0005457199877128005 -0.262530118227005 0.2893891930580139
v 0.007893959991633892 -0.26165685057640076 0.2954022288322449
v 0.0034480600152164698 -0.260183185338974 0.2941114604473114
v -0.06253720074892044 0.26247555017471313 0.24106465280056
v -0.07760807126760483 0.26323968172073364 0.22822007536888123
v -0.12073586136102676 0.2634580135345459 0.19403085112571716
v -0.0005457199877128005 -0.262530118227005 0.2893891930580139
v 0.003096410073339939 -0.26727861166000366 0.2855484187602997
v 0.0034480600152164698 -0.26356714963912964 0.290648490190506
v -0.0027058799751102924 -0.2581637501716614 0.29190775752067566
v -0.00511721009388566 -0.2607835829257965 0.2876577079296112
v -0.0005457199877128005 -0.262530118227005 0.2893891930580139
v -0.00793043989688158 -0.25619885325431824 0.28982993960380554
v -0.012527059763669968 -0.253633588552475 0.2880040109157562
v -0.027547679841518402 -0.25521641969680786 0.27519091963768005
v -0.00793043989688158 -0.25619885325431824 0.28982993960380554
v -0.00511721009388566 -0.2607835829257965 0.2876577079296112
v -0.0027058799751102924 -0.2581637501716614 0.29190775752067566
v -0.00793043989688158 -0.25619885325431824 0.28982993960380554
v -0.012677759863436222 -0.26132938265800476 0.2812354266643524
v -0.00511721009388566 -0.2607835829257965 0.2876577079296112
v -0.00793043989688158 -0.25619885325431824 0.28982993960380554
v -0.0822046771645546 -0.2617660164833069 0.22645710408687592
v -0.012677759863436222 -0.26132938265800476 0.2812354266643524
v -0.00793043989688158 -0.25619885325431824 0.28982993960380554
v -0.13211436569690704 -0.2562534213066101 0.19261416792869568
v -0.0822046771645546 -0.2617660164833069 0.22645710408687592
v -0.00793043989688158 -0.25619885325431824 0.28982993960380554
v -0.12432774901390076 -0.25543472170829773 0.1994142383337021
v -0.13211436569690704 -0.2562534213066101 0.19261416792869568
v -0.00793043989688158 -0.25619885325431824 0.28982993960380554
v -0.05477571114897728 -0.2548343539237976 0.2541925609111786
v -0.12432774901390076 -0.25543472170829773 0.1994142383337021
v -0.00793043989688158 -0.25619885325431824 0.28982993960380554
v -0.027547679841518402 -0.25521641969680786 0.27519091963768005
v -0.05477571114897728 -0.2548343539237976 0.2541925609111786
v -0.010266429744660854 -0.2515595555305481 0.2910262644290924
v -0.012527059763669968 -0.253633588552475 0.2880040109157562
v -0.005217690020799637 -0.2518324553966522 0.2946781516075134
v -0.04161382094025612 -0.24866680800914764 0.26848527789115906
v -0.010266429744660854 -0.2515595555305481 0.2910262644290924
v -0.014285320416092873 -0.2490488588809967 0.2893891930580139
v -0.04161382094025612 -0.24866680800914764 0.26848527789115906
v -0.012527059763669968 -0.253633588552475 0.2880040109157562
v -0.010266429744660854 -0.2515595555305481 0.2910262644290924
v 0.024145379662513733 -0.26793357729911804 0.2943633198738098
v 0.01723789982497692 -0.26962554454803467 0.28979846835136414
v 0.024145379662513733 -0.2703896462917328 0.2909317910671234
v 0.0862373411655426 -0.27093544602394104 0.29200220108032227
v 0.1000271663069725 -0.27431944012641907 0.2855798900127411
v 0.10693465173244476 -0.27088087797164917 0.29197072982788086
v 0.06554002314805984 -0.27093544602394104 0.29200220108032227
v 0.1000271663069725 -0.27431944012641907 0.2855798900127411
v 0.0862373411655426 -0.27093544602394104 0.29200220108032227
v 0.06554002314805984 -0.27093544602394104 0.29200220108032227
v 0.05172505974769592 -0.27431944012641907 0.2855484187602997
v 0.1000271663069725 -0.27431944012641907 0.2855798900127411
v 0.04484270140528679 -0.27093544602394104 0.29193922877311707
v 0.05172505974769592 -0.27431944012641907 0.2855484187602997
v 0.06554002314805984 -0.27093544602394104 0.29200220108032227
v 0.03793521970510483 -0.27093544602394104 0.29190775752067566
v 0.05172505974769592 -0.27431944012641907 0.2855484187602997
v 0.04484270140528679 -0.27093544602394104 0.29193922877311707
v 0.03793521970510483 -0.27093544602394104 0.29190775752067566
v 0.03793521970510483 -0.27421027421951294 0.2855484187602997
v 0.05172505974769592 -0.27431944012641907 0.2855484187602997
v 0.03793521970510483 -0.27093544602394104 0.29190775752067566
v 0.031027739867568016 -0.27077174186706543 0.29162439703941345
v 0.03793521970510483 -0.27421027421951294 0.2855484187602997
v 0.03793521970510483 -0.2686431109905243 0.2953707277774811
v 0.03793521970510483 -0.27093544602394104 0.29190775752067566
v 0.04484270140528679 -0.26869767904281616 0.2954022288322449
v 0.03793521970510483 -0.2686431109905243 0.2953707277774811
v 0.031027739867568016 -0.27077174186706543 0.29162439703941345
v 0.03793521970510483 -0.27093544602394104 0.29190775752067566
v 0.031027739867568016 -0.26842477917671204 0.29505589604377747
v 0.031027739867568016 -0.27077174186706543 0.29162439703941345
v 0.03793521970510483 -0.2686431109905243 0.2953707277774811
v 0.031027739867568016 -0.26842477917671204 0.29505589604377747
v 0.024145379662513733 -0.2703896462917328 0.2909317910671234
v 0.031027739867568016 -0.27077174186706543 0.29162439703941345
v 0.01723789982497692 -0.26962554454803467 0.28979846835136414
v 0.01723789982497692 -0.2719724774360657 0.2855484187602997
v 0.024145379662513733 -0.2703896462917328 0.2909317910671234
v 0.024145379662513733 -0.26793357729911804 0.2943633198738098
v 0.024145379662513733 -0.2703896462917328 0.2909317910671234
v 0.031027739867568016 -0.26842477917671204 0.29505589604377747
v 0.10693465173244476 -0.27088087797164917 0.29197072982788086
v 0.1000271663069725 -0.27431944012641907 0.2855798900127411
v 0.11384212970733643 -0.2742648720741272 0.2855484187602997
v 0.013671129941940308 -0.2691343128681183 0.2890743613243103
v 0.01723789982497692 -0.2719724774360657 0.2855484187602997
v 0.01723789982497692 -0.26962554454803467 0.28979846835136414
v 0.013671129941940308 -0.2691343128681183 0.2890743613243103
v 0.010958369821310043 -0.2703896462917328 0.2855484187602997
v 0.01723789982497692 -0.2719724774360657 0.2855484187602997
v 0.013671129941940308 -0.2691343128681183 0.2890743613243103
v 0.0051560900174081326 -0.26978927850723267 0.28325024247169495
v 0.010958369821310043 -0.2703896462917328 0.2855484187602997
v 0.009074520319700241 -0.26826104521751404 0.2878465950489044
v 0.0051560900174081326 -0.26978927850723267 0.28325024247169495
v 0.013671129941940308 -0.2691343128681183 0.2890743613243103
v 0.0005594799877144396 -0.2688068449497223 0.28167617321014404
v -0.011622799560427666 -0.26793357729911804 0.27352237701416016
v -0.007026189938187599 -0.2691343128681183 0.27531683444976807
v 0.0005594799877144396 -0.2688068449497223 0.28167617321014404
v -0.0034594200551509857 -0.2677152454853058 0.28013354539871216
v -0.011622799560427666 -0.26793357729911804 0.27352237701416016
v 0.0005594799877144396 -0.2688068449497223 0.28167617321014404
v -0.0034594200551509857 -0.2698438763618469 0.27667054533958435
v 0.0051560900174081326 -0.26978927850723267 0.28325024247169495
v 0.0005594799877144396 -0.2688068449497223 0.28167617321014404
v -0.007026189938187599 -0.2691343128681183 0.27531683444976807
v -0.0034594200551509857 -0.2698438763618469 0.27667054533958435
v -0.003082650015130639 -0.264058381319046 0.28542250394821167
v -0.0034594200551509857 -0.2677152454853058 0.28013354539871216
v 0.0005594799877144396 -0.2688068449497223 0.28167617321014404
v -0.003082650015130639 -0.264058381319046 0.28542250394821167
v -0.011622799560427666 -0.26793357729911804 0.27352237701416016
v -0.0034594200551509857 -0.2677152454853058 0.28013354539871216
v -0.008081150241196156 -0.2629667818546295 0.2830298840999603
v -0.011622799560427666 -0.26793357729911804 0.27352237701416016
v -0.003082650015130639 -0.264058381319046 0.28542250394821167
v -0.008081150241196156 -0.2629667818546295 0.2830298840999603
v -0.015616579912602901 -0.2633488178253174 0.27663907408714294
v -0.011622799560427666 -0.26793357729911804 0.27352237701416016
v -0.008081150241196156 -0.2629667818546295 0.2830298840999603
v -0.06253720074892044 -0.26247555017471313 0.24106465280056
v -0.015616579912602901 -0.2633488178253174 0.27663907408714294
v 0.01033041998744011 0.2735007405281067 0.27865391969680786
v 0.014349319972097874 0.2758476734161377 0.27478164434432983
v 0.01033041998744011 0.2753564417362213 0.27342793345451355
v 0.0063868798315525055 0.27606600522994995 0.26867419481277466
v 0.0038248300552368164 0.27453774213790894 0.2712871730327606
v 0.01033041998744011 0.2753564417362213 0.27342793345451355
v 0.0063868798315525055 0.27606600522994995 0.26867419481277466
v -0.005694929976016283 0.27573853731155396 0.2605518698692322
v 0.0038248300552368164 0.27453774213790894 0.2712871730327606
v 0.0063868798315525055 0.27606600522994995 0.26867419481277466
v -0.020991859957575798 0.27606600522994995 0.2478332370519638
v -0.005694929976016283 0.27573853731155396 0.2605518698692322
v 0.01033041998744011 0.27639347314834595 0.26996493339538574
v 0.0038248300552368164 0.2765026390552521 0.2646130323410034
v 0.0063868798315525055 0.27606600522994995 0.26867419481277466
v 0.01033041998744011 0.27639347314834595 0.26996493339538574
v 0.01033041998744011 0.2773759067058563 0.26486489176750183
v 0.0038248300552368164 0.2765026390552521 0.2646130323410034
v 0.01688624918460846 0.27683010697364807 0.2722001373767853
v 0.01033041998744011 0.2773759067058563 0.26486489176750183
v 0.01033041998744011 0.27639347314834595 0.26996493339538574
v 0.024145379662513733 0.27764880657196045 0.27175939083099365
v 0.01033041998744011 0.2773759067058563 0.26486489176750183
v 0.01688624918460846 0.27683010697364807 0.2722001373767853
v 0.024145379662513733 0.27764880657196045 0.27175939083099365
v 0.01723789982497692 0.2780308723449707 0.26486489176750183
v 0.01033041998744011 0.2773759067058563 0.26486489176750183
v 0.024145379662513733 0.27764880657196045 0.27175939083099365
v 0.024145379662513733 0.27841293811798096 0.26486489176750183
v 0.01723789982497692 0.2780308723449707 0.26486489176750183
v 0.014349319972097874 0.2758476734161377 0.27478164434432983
v 0.0063868798315525055 0.27606600522994995 0.26867419481277466
v 0.01033041998744011 0.2753564417362213 0.27342793345451355
v 0.01033041998744011 0.2735007405281067 0.27865391969680786
v -0.0034594200551509857 0.27213624119758606 0.27175939083099365
v 0.003096410073339939 0.2710992097854614 0.2790631651878357
v 0.01033041998744011 0.2735007405281067 0.27865391969680786
v 0.0038248300552368164 0.27453774213790894 0.2712871730327606
v -0.0034594200551509857 0.27213624119758606 0.27175939083099365
v 0.01033041998744011 0.2735007405281067 0.27865391969680786
v 0.01033041998744011 0.2753564417362213 0.27342793345451355
v 0.0038248300552368164 0.27453774213790894 0.2712871730327606
v -0.027773749083280563 -0.26231181621551514 0.26845380663871765
v -0.06253720074892044 -0.26247555017471313 0.24106465280056
v -0.008081150241196156 -0.2629667818546295 0.2830298840999603
v 0.031027739867568016 0.27857667207717896 0.26486489176750183
v 0.01723789982497692 0.2786312699317932 0.2579703629016876
v 0.024145379662513733 0.27841293811798096 0.26486489176750183
v 0.031027739867568016 0.27857667207717896 0.26486489176750183
v 0.024145379662513733 0.27874040603637695 0.2579703629016876
v 0.01723789982497692 0.2786312699317932 0.2579703629016876
v 0.031027739867568016 0.27857667207717896 0.26486489176750183
v 0.031027739867568016 0.2787950038909912 0.2579703629016876
v 0.024145379662513733 0.27874040603637695 0.2579703629016876
v 0.03793521970510483 0.2786312699317932 0.26486489176750183
v 0.031027739867568016 0.2787950038909912 0.2579703629016876
v 0.031027739867568016 0.27857667207717896 0.26486489176750183
v 0.031027739867568016 0.2779217064380646 0.27175939083099365
v 0.024145379662513733 0.27841293811798096 0.26486489176750183
v 0.024145379662513733 0.27764880657196045 0.27175939083099365
v 0.031027739867568016 0.2779217064380646 0.27175939083099365
v 0.031027739867568016 0.27857667207717896 0.26486489176750183
v 0.024145379662513733 0.27841293811798096 0.26486489176750183
v 0.11384212970733643 0.2786312699317932 0.26486489176750183
v 0.031027739867568016 0.2787950038909912 0.2579703629016876
v 0.03793521970510483 0.2786312699317932 0.26486489176750183
v 0.11384212970733643 0.2786312699317932 0.26486489176750183
v 0.12449219822883606 0.2787950038909912 0.2579703629016876
v 0.031027739867568016 0.2787950038909912 0.2579703629016876
v 0.11384212970733643 0.2786312699317932 0.26486489176750183
v 0.12449219822883606 0.27857667207717896 0.26486489176750183
v 0.12449219822883606 0.2787950038909912 0.2579703629016876
v 0.12449219822883606 0.27824920415878296 0.268013060092926
v 0.12449219822883606 0.27857667207717896 0.26486489176750183
v 0.11384212970733643 0.2786312699317932 0.26486489176750183
v 0.12074960768222809 -0.27421027421951294 0.2855484187602997
v 0.12449219822883606 -0.27497440576553345 0.283942848443985
v 0.12449219822883606 -0.27415570616722107 0.2855484187602997
v 0.12074960768222809 -0.27421027421951294 0.2855484187602997
v 0.12074960768222809 -0.2759568393230438 0.2820224463939667
v 0.12449219822883606 -0.27497440576553345 0.283942848443985
v 0.12074960768222809 -0.27421027421951294 0.2855484187602997
v 0.11384212970733643 -0.2742648720741272 0.2855484187602997
v 0.12074960768222809 -0.2759568393230438 0.2820224463939667
v -0.1289997100830078 0.2606198489665985 0.19075675308704376
v -0.13211436569690704 0.2626393139362335 0.18609744310379028
v -0.13211436569690704 0.2593644857406616 0.1895289570093155
v -0.07647775113582611 -0.2490488588809967 0.2411276251077652
v -0.13211436569690704 -0.2515595555305481 0.19573086500167847
v -0.12922577559947968 -0.2518324553966522 0.19784015417099
v -0.07647775113582611 -0.2490488588809967 0.2411276251077652
v -0.10358017683029175 -0.24850305914878845 0.22009778022766113
v -0.13211436569690704 -0.2515595555305481 0.19573086500167847
v -0.09606987982988358 -0.247466042637825 0.22652006149291992
v -0.10358017683029175 -0.24850305914878845 0.22009778022766113
v -0.07647775113582611 -0.2490488588809967 0.2411276251077652
v -0.09606987982988358 -0.247466042637825 0.22652006149291992
v -0.13075797259807587 -0.24784809350967407 0.19903646409511566
v -0.10358017683029175 -0.24850305914878845 0.22009778022766113
v -0.13211436569690704 -0.24320879578590393 0.20016980171203613
v -0.13075797259807587 -0.24784809350967407 0.19903646409511566
v -0.09606987982988358 -0.247466042637825 0.22652006149291992
v -0.13211436569690704 -0.24320879578590393 0.20016980171203613
v -0.13211436569690704 -0.24692024290561676 0.19840681552886963
v -0.13075797259807587 -0.24784809350967407 0.19903646409511566
v -0.11757098138332367 -0.23584048449993134 0.21332919597625732
v -0.13211436569690704 -0.23114660382270813 0.20246796309947968
v -0.13211436569690704 -0.23633171617984772 0.20180684328079224
v -0.11757098138332367 -0.23584048449993134 0.21332919597625732
v -0.12575946748256683 -0.23114660382270813 0.20744210481643677
v -0.13211436569690704 -0.23114660382270813 0.20246796309947968
v -0.11757098138332367 -0.23584048449993134 0.21332919597625732
v -0.13211436569690704 -0.23633171617984772 0.20180684328079224
v -0.13211436569690704 -0.23802368342876434 0.20158648490905762
v -0.044678229838609695 -0.23114660382270813 0.2708778977394104
v -0.12575946748256683 -0.23114660382270813 0.20744210481643677
v -0.11757098138332367 -0.23584048449993134 0.21332919597625732
v -0.13211436569690704 -0.22421492636203766 0.2027513086795807
v -0.044678229838609695 -0.23114660382270813 0.2708778977394104
v -0.01724926009774208 -0.22421492636203766 0.2925058901309967
v -0.13211436569690704 -0.22421492636203766 0.2027513086795807
v -0.12575946748256683 -0.23114660382270813 0.20744210481643677
v -0.044678229838609695 -0.23114660382270813 0.2708778977394104
v -0.13211436569690704 -0.22421492636203766 0.2027513086795807
v -0.13211436569690704 -0.23114660382270813 0.20246796309947968
v -0.12575946748256683 -0.23114660382270813 0.20744210481643677
v -0.07647775113582611 -0.2490488588809967 0.2411276251077652
v -0.12922577559947968 -0.2518324553966522 0.19784015417099
v -0.08398807048797607 -0.2498129904270172 0.23473681509494781
v -0.1289997100830078 0.2606198489665985 0.19075675308704376
v -0.12440308928489685 0.26231181621551514 0.19258269667625427
v -0.13211436569690704 0.2626393139362335 0.18609744310379028
v -0.11689279228448868 0.261875182390213 0.19900497794151306
v -0.1289997100830078 0.2606198489665985 0.19075675308704376
v -0.10935735702514648 0.2614385187625885 0.20539577305316925
v -0.11689279228448868 0.261875182390213 0.19900497794151306
v -0.12440308928489685 0.26231181621551514 0.19258269667625427
v -0.1289997100830078 0.2606198489665985 0.19075675308704376
v -0.08971498906612396 0.262202650308609 0.22003480792045593
v -0.12073586136102676 0.2634580135345459 0.19403085112571716
v -0.12440308928489685 0.26231181621551514 0.19258269667625427
v -0.007026189938187599 0.2691343128681183 0.27531683444976807
v -0.07657822966575623 0.2694072425365448 0.22053852677345276
v -0.1038062572479248 0.2692434787750244 0.1995401531457901
v -0.007026189938187599 0.2691343128681183 0.27531683444976807
v -0.014561619609594345 0.2694072425365448 0.2689260244369507
v -0.07657822966575623 0.2694072425365448 0.22053852677345276
v -0.007026189938187599 0.2691343128681183 0.27531683444976807
v -0.009738950058817863 0.2700621783733368 0.2714445888996124
v -0.014561619609594345 0.2694072425365448 0.2689260244369507
v -0.007026189938187599 0.2691343128681183 0.27531683444976807
v -0.0034594200551509857 0.2698438763618469 0.27667054533958435
v -0.009738950058817863 0.2700621783733368 0.2714445888996124
v -0.011622799560427666 0.26793357729911804 0.27352237701416016
v -0.1038062572479248 0.2692434787750244 0.1995401531457901
v -0.13211436569690704 0.2687522768974304 0.1781325489282608
v -0.011622799560427666 0.26793357729911804 0.27352237701416016
v -0.007026189938187599 0.2691343128681183 0.27531683444976807
v -0.1038062572479248 0.2692434787750244 0.1995401531457901
v -0.011622799560427666 0.26793357729911804 0.27352237701416016
v -0.037745628505945206 0.264385849237442 0.2579388916492462
v -0.015616579912602901 0.2633488178253174 0.27663907408714294
v -0.011622799560427666 0.26793357729911804 0.27352237701416016
v -0.13211436569690704 0.2687522768974304 0.1781325489282608
v -0.037745628505945206 0.264385849237442 0.2579388916492462
v -0.06253720074892044 0.26247555017471313 0.24106465280056
v -0.12073586136102676 0.2634580135345459 0.19403085112571716
v -0.08971498906612396 0.262202650308609 0.22003480792045593
v -0.0822046771645546 -0.2617660164833069 0.22645710408687592
v -0.13211436569690704 -0.2584366500377655 0.19047340750694275
v -0.1289997100830078 -0.2606198489665985 0.19075675308704376
v -0.027773749083280563 -0.26231181621551514 0.26845380663871765
v -0.055001769214868546 -0.262038916349411 0.24745546281337738
v -0.06253720074892044 -0.26247555017471313 0.24106465280056
v -0.02023831009864807 -0.26182061433792114 0.27484461665153503
v -0.055001769214868546 -0.262038916349411 0.24745546281337738
v -0.027773749083280563 -0.26231181621551514 0.26845380663871765
v 0.003096410073339939 -0.26727861166000366 0.2855484187602997
v 0.009074520319700241 -0.26826104521751404 0.2878465950489044
v 0.0034480600152164698 -0.26356714963912964 0.290648490190506
v 0.003096410073339939 -0.26727861166000366 0.2855484187602997
v 0.0051560900174081326 -0.26978927850723267 0.28325024247169495
v 0.009074520319700241 -0.26826104521751404 0.2878465950489044
v 0.003096410073339939 -0.26727861166000366 0.2855484187602997
v 0.0005594799877144396 -0.2688068449497223 0.28167617321014404
v 0.0051560900174081326 -0.26978927850723267 0.28325024247169495
v -0.0822046771645546 -0.2617660164833069 0.22645710408687592
v -0.02023831009864807 -0.26182061433792114 0.27484461665153503
v -0.012677759863436222 -0.26132938265800476 0.2812354266643524
v -0.0822046771645546 -0.2617660164833069 0.22645710408687592
v -0.055001769214868546 -0.262038916349411 0.24745546281337738
v -0.02023831009864807 -0.26182061433792114 0.27484461665153503
v -0.0822046771645546 -0.2617660164833069 0.22645710408687592
v -0.06253720074892044 -0.26247555017471313 0.24106465280056
v -0.055001769214868546 -0.262038916349411 0.24745546281337738
v -0.0822046771645546 -0.2617660164833069 0.22645710408687592
v -0.08971498906612396 -0.262202650308609 0.22003480792045593
v -0.06253720074892044 -0.26247555017471313 0.24106465280056
v -0.0822046771645546 -0.2617660164833069 0.22645710408687592
v -0.12440308928489685 -0.26231181621551514 0.19258269667625427
v -0.08971498906612396 -0.262202650308609 0.22003480792045593
v -0.0822046771645546 -0.2617660164833069 0.22645710408687592
v -0.11689279228448868 -0.261875182390213 0.19900497794151306
v -0.12440308928489685 -0.26231181621551514 0.19258269667625427
v -0.0822046771645546 -0.2617660164833069 0.22645710408687592
v -0.10935735702514648 -0.2614385187625885 0.20539577305316925
v -0.11689279228448868 -0.261875182390213 0.19900497794151306
v -0.0822046771645546 -0.2617660164833069 0.22645710408687592
v -0.1289997100830078 -0.2606198489665985 0.19075675308704376
v -0.10935735702514648 -0.2614385187625885 0.20539577305316925
v 0.0063868798315525055 0.27606600522994995 0.26867419481277466
v 0.0038248300552368164 0.2765026390552521 0.2646130323410034
v -0.0034342999570071697 0.27672094106674194 0.25812777876853943
v -0.13211436569690704 -0.2562534213066101 0.19261416792869568
v -0.13211436569690704 -0.2584366500377655 0.19047340750694275
v -0.0822046771645546 -0.2617660164833069 0.22645710408687592
v -0.13211436569690704 -0.2562534213066101 0.19261416792869568
v -0.13186317682266235 -0.255980521440506 0.1930234432220459
v -0.13211436569690704 -0.2555984556674957 0.1931178867816925
v -0.12432774901390076 -0.25543472170829773 0.1994142383337021
v -0.13211436569690704 -0.2515595555305481 0.19573086500167847
v -0.13211436569690704 -0.2555984556674957 0.1931178867816925
v -0.12432774901390076 -0.25543472170829773 0.1994142383337021
v -0.12922577559947968 -0.2518324553966522 0.19784015417099
v -0.13211436569690704 -0.2515595555305481 0.19573086500167847
v -0.12432774901390076 -0.25543472170829773 0.1994142383337021
v -0.08398807048797607 -0.2498129904270172 0.23473681509494781
v -0.12922577559947968 -0.2518324553966522 0.19784015417099
v -0.12432774901390076 -0.25543472170829773 0.1994142383337021
v -0.07446829974651337 -0.25368818640708923 0.2395850121974945
v -0.07228302955627441 -0.2515595555305481 0.2427331805229187
v -0.12432774901390076 -0.25543472170829773 0.1994142383337021
v -0.13186317682266235 -0.255980521440506 0.1930234432220459
v -0.13211436569690704 -0.2562534213066101 0.19261416792869568
v -0.12432774901390076 -0.25543472170829773 0.1994142383337021
v -0.13211436569690704 -0.2555984556674957 0.1931178867816925
v -0.13186317682266235 -0.255980521440506 0.1930234432220459
v -0.05477571114897728 -0.2548343539237976 0.2541925609111786
v -0.07446829974651337 -0.25368818640708923 0.2395850121974945
v -0.12432774901390076 -0.25543472170829773 0.1994142383337021
v -0.05477571114897728 -0.2548343539237976 0.2541925609111786
v -0.07228302955627441 -0.2515595555305481 0.2427331805229187
v -0.07446829974651337 -0.25368818640708923 0.2395850121974945
v -0.07647775113582611 -0.2490488588809967 0.2411276251077652
v -0.12432774901390076 -0.25543472170829773 0.1994142383337021
v -0.07228302955627441 -0.2515595555305481 0.2427331805229187
v -0.07647775113582611 -0.2490488588809967 0.2411276251077652
v -0.08398807048797607 -0.2498129904270172 0.23473681509494781
v -0.12432774901390076 -0.25543472170829773 0.1994142383337021
v 0.09671158343553543 0.26918891072273254 0.0060530598275363445
v 0.07244750112295151 0.2608381509780884 -5.438999869511463e-05
v 0.07932986319065094 0.26558661460876465 0.0033771200105547905
v 0.05172505974769592 0.2764480412006378 0.018551349639892578
v 0.01033041998744011 0.2751927375793457 0.015182790346443653
v -0.0034594200551509857 0.2751927375793457 0.015214269980788231
v 0.06554002314805984 0.2764480412006378 0.018519869074225426
v 0.01033041998744011 0.2751927375793457 0.015182790346443653
v 0.05172505974769592 0.2764480412006378 0.018551349639892578
v 0.06554002314805984 0.2764480412006378 0.018519869074225426
v 0.024145379662513733 0.2751927375793457 0.0151513097807765
v 0.01033041998744011 0.2751927375793457 0.015182790346443653
v 0.06554002314805984 0.2764480412006378 0.018519869074225426
v 0.07244750112295151 0.2751927375793457 0.015056859701871872
v 0.024145379662513733 0.2751927375793457 0.0151513097807765
v 0.09314481914043427 0.2751927375793457 0.015025369822978973
v 0.06554002314805984 0.2764480412006378 0.018519869074225426
v 0.0862373411655426 0.2764480412006378 0.018488390371203423
v 0.09314481914043427 0.2751927375793457 0.015025369822978973
v 0.07244750112295151 0.2751927375793457 0.015056859701871872
v 0.06554002314805984 0.2764480412006378 0.018519869074225426
v 0.09314481914043427 0.2751927375793457 0.015025369822978973
v -0.13211436569690704 0.2719724774360657 0.009579040110111237
v 0.07244750112295151 0.2751927375793457 0.015056859701871872
v 0.09314481914043427 0.2751927375793457 0.015025369822978973
v -0.1138283833861351 0.2719724774360657 0.009579040110111237
v -0.13211436569690704 0.2719724774360657 0.009579040110111237
v 0.09314481914043427 0.2751927375793457 0.015025369822978973
v -0.0034594200551509857 0.27186334133148193 0.009579040110111237
v -0.1138283833861351 0.2719724774360657 0.009579040110111237
v 0.09314481914043427 0.2751927375793457 0.015025369822978973
v 0.03793521970510483 0.27180877327919006 0.009579040110111237
v -0.0034594200551509857 0.27186334133148193 0.009579040110111237
v 0.09314481914043427 0.2751927375793457 0.015025369822978973
v 0.0862373411655426 0.2717541456222534 0.009641990065574646
v 0.03793521970510483 0.27180877327919006 0.009579040110111237
v 0.09314481914043427 0.2751927375793457 0.015025369822978973
v 0.09284339845180511 0.2712629735469818 0.008917920291423798
v 0.0862373411655426 0.2717541456222534 0.009641990065574646
v 0.09671158343553543 0.26918891072273254 0.0060530598275363445
v 0.07932986319065094 0.26558661460876465 0.0033771200105547905
v -0.12073586136102676 0.26935264468193054 0.0058327000588178635
v 0.05172505974769592 0.2764480412006378 0.018551349639892578
v -0.0034594200551509857 0.2751927375793457 0.015214269980788231
v 0.03793521970510483 0.2764480412006378 0.018582839518785477
v 0.09671158343553543 0.26918891072273254 0.0060530598275363445
v 0.07932986319065094 0.2606198489665985 -5.438999869511463e-05
v 0.07244750112295151 0.2608381509780884 -5.438999869511463e-05
v 0.09671158343553543 0.26918891072273254 0.0060530598275363445
v 0.0862373411655426 0.2603469491004944 8.580000212532468e-06
v 0.07932986319065094 0.2606198489665985 -5.438999869511463e-05
v 0.09671158343553543 0.26918891072273254 0.0060530598275363445
v 0.09078370779752731 0.2562534213066101 -0.0011562500149011612
v 0.0862373411655426 0.2603469491004944 8.580000212532468e-06
v 0.09671158343553543 0.26918891072273254 0.0060530598275363445
v 0.09284339845180511 0.2712629735469818 0.008917920291423798
v 0.09314481914043427 0.2751927375793457 0.015025369822978973
v 0.09671158343553543 0.26918891072273254 0.0060530598275363445
v -0.12073586136102676 0.26935264468193054 0.0058327000588178635
v 0.09284339845180511 0.2712629735469818 0.008917920291423798
v 0.09746512770652771 0.2656412124633789 0.005108620040118694
v 0.09078370779752731 0.2562534213066101 -0.0011562500149011612
v 0.09671158343553543 0.26918891072273254 0.0060530598275363445
v 0.12449219822883606 0.15140512585639954 -0.0021951599046587944
v 0.09078370779752731 0.2562534213066101 -0.0011562500149011612
v 0.09746512770652771 0.2656412124633789 0.005108620040118694
v 0.12449219822883606 0.15140512585639954 -0.0021951599046587944
v 0.12449219822883606 0.14840321242809296 -0.0028248000890016556
v 0.09078370779752731 0.2562534213066101 -0.0011562500149011612
v 0.12449219822883606 -0.2780308723449707 0.13704881072044373
v 0.10331766307353973 -0.2753564417362213 0.027901440858840942
v 0.12449219822883606 -0.27732133865356445 0.13430988788604736
v 0.10356882214546204 -0.27606600522994995 0.032497771084308624
v 0.10331766307353973 -0.2753564417362213 0.027901440858840942
v 0.12449219822883606 -0.2780308723449707 0.13704881072044373
v -0.01724926009774208 -0.2784675061702728 0.03029404953122139
v -0.024131620302796364 -0.2775396406650543 0.023399529978632927
v 0.04484270140528679 -0.2775942385196686 0.023399529978632927
v -0.01724926009774208 -0.2784675061702728 0.03029404953122139
v -0.07934121787548065 -0.27841293811798096 0.03029404953122139
v -0.024131620302796364 -0.2775396406650543 0.023399529978632927
v 0.09879638254642487 -0.2767755389213562 0.023399529978632927
v 0.10356882214546204 -0.27606600522994995 0.032497771084308624
v 0.1006300076842308 -0.27699384093284607 0.030231090262532234
v -0.12764334678649902 -0.2783583700656891 0.03029404953122139
v -0.13211436569690704 -0.2777034044265747 0.025823630392551422
v -0.13211436569690704 -0.2773759067058563 0.023399529978632927
v 0.10331766307353973 -0.2753564417362213 0.027901440858840942
v 0.10223756730556488 -0.2739373743534088 0.023399529978632927
v 0.1035437136888504 -0.26929807662963867 0.01959024928510189
v 0.10331766307353973 -0.2753564417362213 0.027901440858840942
v 0.09809307754039764 -0.2704988420009613 0.009579040110111237
v 0.10223756730556488 -0.2739373743534088 0.023399529978632927
v 0.09738977253437042 -0.2762843072414398 0.019023580476641655
v 0.09809307754039764 -0.2704988420009613 0.009579040110111237
v 0.10331766307353973 -0.2753564417362213 0.027901440858840942
v 0.09738977253437042 -0.2762843072414398 0.019023580476641655
v 0.09671158343553543 -0.26918891072273254 0.0060530598275363445
v 0.09809307754039764 -0.2704988420009613 0.009579040110111237
v 0.09738977253437042 -0.2762843072414398 0.019023580476641655
v 0.09314481914043427 -0.2751927375793457 0.015119819901883602
v 0.09671158343553543 -0.26918891072273254 0.0060530598275363445
v 0.09314481914043427 -0.2764480412006378 0.018582839518785477
v -0.12764334678649902 -0.2751927375793457 0.015403170138597488
v 0.09314481914043427 -0.2751927375793457 0.015119819901883602
v 0.09314481914043427 -0.2764480412006378 0.018582839518785477
v -0.01724926009774208 -0.27639347314834595 0.01870875060558319
v -0.12764334678649902 -0.2751927375793457 0.015403170138597488
v 0.09314481914043427 -0.2764480412006378 0.018582839518785477
v 0.09314481914043427 -0.2751927375793457 0.015119819901883602
v 0.09738977253437042 -0.2762843072414398 0.019023580476641655
v 0.04484270140528679 -0.2775942385196686 0.023399529978632927
v -0.01724926009774208 -0.27639347314834595 0.01870875060558319
v 0.09314481914043427 -0.2764480412006378 0.018582839518785477
v 0.04484270140528679 -0.2775942385196686 0.023399529978632927
v -0.024131620302796364 -0.2775396406650543 0.023399529978632927
v -0.01724926009774208 -0.27639347314834595 0.01870875060558319
v -0.12764334678649902 -0.2783583700656891 0.03029404953122139
v -0.024131620302796364 -0.2775396406650543 0.023399529978632927
v -0.07934121787548065 -0.27841293811798096 0.03029404953122139
v -0.12764334678649902 -0.2783583700656891 0.03029404953122139
v -0.10003852844238281 -0.2774305045604706 0.023399529978632927
v -0.024131620302796364 -0.2775396406650543 0.023399529978632927
v -0.12764334678649902 -0.2783583700656891 0.03029404953122139
v -0.13211436569690704 -0.2773759067058563 0.023399529978632927
v -0.10003852844238281 -0.2774305045604706 0.023399529978632927
v 0.09879638254642487 -0.2767755389213562 0.023399529978632927
v 0.10331766307353973 -0.2753564417362213 0.027901440858840942
v 0.10356882214546204 -0.27606600522994995 0.032497771084308624
v -0.12764334678649902 -0.2783583700656891 0.03029404953122139
v -0.13211436569690704 -0.27824920415878296 0.03029404953122139
v -0.13211436569690704 -0.2777034044265747 0.025823630392551422
v -0.12764334678649902 -0.2783583700656891 0.03029404953122139
v -0.13211436569690704 -0.27857667207717896 0.037188559770584106
v -0.13211436569690704 -0.27824920415878296 0.03029404953122139
v -0.12764334678649902 -0.2786312699317932 0.037188559770584106
v -0.13211436569690704 -0.27857667207717896 0.037188559770584106
v -0.12764334678649902 -0.2783583700656891 0.03029404953122139
v -0.13211436569690704 -0.2786312699317932 0.03961265832185745
v -0.13211436569690704 -0.27857667207717896 0.037188559770584106
v -0.12764334678649902 -0.2786312699317932 0.037188559770584106
v -0.12764334678649902 -0.27874040603637695 0.14070069789886475
v -0.12073586136102676 -0.2787950038909912 0.14070069789886475
v -0.1138283833861351 -0.2787950038909912 0.14759521186351776
v -0.12764334678649902 -0.27874040603637695 0.14070069789886475
v -0.13211436569690704 -0.2787950038909912 0.12933577597141266
v -0.12073586136102676 -0.2787950038909912 0.14070069789886475
v -0.13211436569690704 -0.27874040603637695 0.13623027503490448
v -0.13211436569690704 -0.2787950038909912 0.12933577597141266
v -0.12764334678649902 -0.27874040603637695 0.14070069789886475
v -0.09313105791807175 0.2763389050960541 0.018897639587521553
v -0.13211436569690704 0.2762843072414398 0.01892912946641445
v -0.13211436569690704 0.27699384093284607 0.021825449541211128
v -0.09313105791807175 0.2763389050960541 0.018897639587521553
v -0.13211436569690704 0.27590224146842957 0.017701340839266777
v -0.13211436569690704 0.2762843072414398 0.01892912946641445
v 0.03793521970510483 0.2764480412006378 0.018582839518785477
v -0.13211436569690704 0.27590224146842957 0.017701340839266777
v -0.09313105791807175 0.2763389050960541 0.018897639587521553
v 0.03793521970510483 0.2764480412006378 0.018582839518785477
v -0.13211436569690704 0.27513813972473145 0.015466130338609219
v -0.13211436569690704 0.27590224146842957 0.017701340839266777
v 0.03793521970510483 0.2764480412006378 0.018582839518785477
v -0.03794658184051514 0.2751927375793457 0.01530872005969286
v -0.13211436569690704 0.27513813972473145 0.015466130338609219
v 0.03793521970510483 0.2764480412006378 0.018582839518785477
v -0.0034594200551509857 0.2751927375793457 0.015214269980788231
v -0.03794658184051514 0.2751927375793457 0.01530872005969286
v 0.12449219822883606 -0.2786312699317932 0.14070069789886475
v 0.1006300076842308 -0.27699384093284607 0.030231090262532234
v 0.10356882214546204 -0.27606600522994995 0.032497771084308624
v 0.05172505974769592 0.2775942385196686 0.023399529978632927
v 0.06554002314805984 0.2764480412006378 0.018519869074225426
v 0.05172505974769592 0.2764480412006378 0.018551349639892578
v 0.05172505974769592 0.2775942385196686 0.023399529978632927
v 0.0862373411655426 0.2764480412006378 0.018488390371203423
v 0.06554002314805984 0.2764480412006378 0.018519869074225426
v 0.09314481914043427 0.2764480412006378 0.018488390371203423
v 0.09314481914043427 0.2751927375793457 0.015025369822978973
v 0.0862373411655426 0.2764480412006378 0.018488390371203423
v 0.09749024361371994 0.2762843072414398 0.018960610032081604
v 0.09314481914043427 0.2751927375793457 0.015025369822978973
v 0.09314481914043427 0.2764480412006378 0.018488390371203423
v 0.09749024361371994 0.2762843072414398 0.018960610032081604
v 0.09671158343553543 0.26918891072273254 0.0060530598275363445
v 0.09314481914043427 0.2751927375793457 0.015025369822978973
v 0.10030346363782883 0.2724091410636902 0.016945770010352135
v 0.09749024361371994 0.2762843072414398 0.018960610032081604
v 0.10226268321275711 0.27388280630111694 0.023399529978632927
v 0.09811819344758987 0.2704988420009613 0.009579040110111237
v 0.09749024361371994 0.2762843072414398 0.018960610032081604
v 0.10030346363782883 0.2724091410636902 0.016945770010352135
v 0.09811819344758987 0.2704988420009613 0.009579040110111237
v 0.09671158343553543 0.26918891072273254 0.0060530598275363445
v 0.09749024361371994 0.2762843072414398 0.018960610032081604
v 0.09992670267820358 0.2656412124633789 0.009579040110111237
v 0.09671158343553543 0.26918891072273254 0.0060530598275363445
v 0.09811819344758987 0.2704988420009613 0.009579040110111237
v 0.09992670267820358 0.2656412124633789 0.009579040110111237
v 0.09746512770652771 0.2656412124633789 0.005108620040118694
v 0.09671158343553543 0.26918891072273254 0.0060530598275363445
v 0.12449219822883606 0.15309709310531616 -0.0015025599859654903
v 0.09746512770652771 0.2656412124633789 0.005108620040118694
v 0.09992670267820358 0.2656412124633789 0.009579040110111237
v 0.12449219822883606 0.15309709310531616 -0.0015025599859654903
v 0.12449219822883606 0.15140512585639954 -0.0021951599046587944
v 0.09746512770652771 0.2656412124633789 0.005108620040118694
v 0.12449219822883606 -0.2786312699317932 0.14070069789886475
v 0.10356882214546204 -0.27606600522994995 0.032497771084308624
v 0.12449219822883606 -0.2780308723449707 0.13704881072044373
v 0.05172505974769592 0.2775942385196686 0.023399529978632927
v 0.05172505974769592 0.2764480412006378 0.018551349639892578
v 0.03793521970510483 0.2764480412006378 0.018582839518785477
v 0.09314481914043427 -0.2784675061702728 0.03029404953122139
v 0.04484270140528679 -0.2775942385196686 0.023399529978632927
v 0.09314481914043427 -0.2775942385196686 0.023399529978632927
v 0.09314481914043427 -0.2784675061702728 0.03029404953122139
v -0.01724926009774208 -0.2784675061702728 0.03029404953122139
v 0.04484270140528679 -0.2775942385196686 0.023399529978632927
v 0.09314481914043427 -0.2784675061702728 0.03029404953122139
v 0.1006300076842308 -0.27699384093284607 0.030231090262532234
v 0.12449219822883606 -0.2786312699317932 0.14070069789886475
v 0.09314481914043427 -0.2784675061702728 0.03029404953122139
v 0.09879638254642487 -0.2767755389213562 0.023399529978632927
v 0.1006300076842308 -0.27699384093284607 0.030231090262532234
v 0.09314481914043427 -0.2784675061702728 0.03029404953122139
v 0.09314481914043427 -0.2775942385196686 0.023399529978632927
v 0.09879638254642487 -0.2767755389213562 0.023399529978632927
v 0.09314481914043427 -0.2786858379840851 0.037188559770584106
v -0.01724926009774208 -0.2784675061702728 0.03029404953122139
v 0.09314481914043427 -0.2784675061702728 0.03029404953122139
v 0.09314481914043427 -0.2786858379840851 0.037188559770584106
v -0.1138283833861351 -0.2786858379840851 0.037188559770584106
v -0.01724926009774208 -0.2784675061702728 0.03029404953122139
v 0.09314481914043427 -0.27874040603637695 0.04408308118581772
v -0.1138283833861351 -0.2786858379840851 0.037188559770584106
v 0.09314481914043427 -0.2786858379840851 0.037188559770584106
v 0.09314481914043427 -0.27874040603637695 0.04408308118581772
v -0.12764334678649902 -0.27874040603637695 0.04408308118581772
v -0.1138283833861351 -0.2786858379840851 0.037188559770584106
v 0.09314481914043427 -0.2787950038909912 0.05790359154343605
v -0.12764334678649902 -0.27874040603637695 0.04408308118581772
v 0.09314481914043427 -0.27874040603637695 0.04408308118581772
v 0.09314481914043427 -0.2787950038909912 0.05790359154343605
v -0.12764334678649902 -0.2787950038909912 0.05790359154343605
v -0.12764334678649902 -0.27874040603637695 0.04408308118581772
v -0.031039100140333176 -0.27874040603637695 0.21657182276248932
v -0.1138283833861351 -0.2786858379840851 0.15445823967456818
v -0.09313105791807175 -0.27874040603637695 0.1682472676038742
v -0.031039100140333176 -0.27874040603637695 0.21657182276248932
v -0.04482894018292427 -0.2787950038909912 0.2027513086795807
v 0.01723789982497692 -0.2787950038909912 0.2510443925857544
v -0.09313105791807175 -0.27874040603637695 0.1682472676038742
v -0.12764334678649902 -0.27874040603637695 0.14070069789886475
v -0.04482894018292427 -0.2787950038909912 0.2027513086795807
v 0.09879638254642487 -0.2767755389213562 0.023399529978632927
v 0.09738977253437042 -0.2762843072414398 0.019023580476641655
v 0.10331766307353973 -0.2753564417362213 0.027901440858840942
v 0.09314481914043427 -0.2775942385196686 0.023399529978632927
v 0.09738977253437042 -0.2762843072414398 0.019023580476641655
v 0.09879638254642487 -0.2767755389213562 0.023399529978632927
v 0.09314481914043427 -0.2775942385196686 0.023399529978632927
v 0.09314481914043427 -0.2764480412006378 0.018582839518785477
v 0.09738977253437042 -0.2762843072414398 0.019023580476641655
v 0.09314481914043427 -0.2775942385196686 0.023399529978632927
v 0.04484270140528679 -0.2775942385196686 0.023399529978632927
v 0.09314481914043427 -0.2764480412006378 0.018582839518785477
v -0.1138283833861351 -0.2786858379840851 0.037188559770584106
v -0.07934121787548065 -0.27841293811798096 0.03029404953122139
v -0.01724926009774208 -0.2784675061702728 0.03029404953122139
v -0.1138283833861351 -0.2786858379840851 0.037188559770584106
v -0.12764334678649902 -0.2783583700656891 0.03029404953122139
v -0.07934121787548065 -0.27841293811798096 0.03029404953122139
v -0.1138283833861351 -0.2786858379840851 0.037188559770584106
v -0.12764334678649902 -0.2786312699317932 0.037188559770584106
v -0.12764334678649902 -0.2783583700656891 0.03029404953122139
v -0.12764334678649902 -0.27874040603637695 0.04408308118581772
v -0.12764334678649902 -0.2786312699317932 0.037188559770584106
v -0.1138283833861351 -0.2786858379840851 0.037188559770584106
v -0.12764334678649902 -0.27874040603637695 0.04408308118581772
v -0.13211436569690704 -0.2786312699317932 0.03961265832185745
v -0.12764334678649902 -0.2786312699317932 0.037188559770584106
v -0.12764334678649902 -0.27874040603637695 0.04408308118581772
v -0.13211436569690704 -0.2786858379840851 0.04408308118581772
v -0.13211436569690704 -0.2786312699317932 0.03961265832185745
v -0.12764334678649902 -0.2787950038909912 0.05790359154343605
v -0.13211436569690704 -0.2786858379840851 0.04408308118581772
v -0.12764334678649902 -0.27874040603637695 0.04408308118581772
v -0.12764334678649902 -0.2787950038909912 0.05790359154343605
v -0.13211436569690704 -0.2787950038909912 0.08548162877559662
v -0.13211436569690704 -0.2786858379840851 0.04408308118581772
v -0.04482894018292427 -0.2787950038909912 0.2027513086795807
v -0.12764334678649902 -0.27874040603637695 0.14070069789886475
v -0.1138283833861351 -0.2787950038909912 0.14759521186351776
v 0.10331766307353973 -0.2753564417362213 0.027901440858840942
v 0.1035437136888504 -0.26929807662963867 0.01959024928510189
v 0.12449219822883606 -0.27732133865356445 0.13430988788604736
v -0.1138283833861351 -0.2786858379840851 0.15445823967456818
v -0.12764334678649902 -0.27874040603637695 0.14070069789886475
v -0.09313105791807175 -0.27874040603637695 0.1682472676038742
v -0.13211436569690704 -0.2786312699317932 0.14070069789886475
v -0.12764334678649902 -0.27874040603637695 0.14070069789886475
v -0.1138283833861351 -0.2786858379840851 0.15445823967456818
v -0.13211436569690704 -0.2786312699317932 0.14070069789886475
v -0.13211436569690704 -0.27874040603637695 0.13623027503490448
v -0.12764334678649902 -0.27874040603637695 0.14070069789886475
v -0.12764334678649902 -0.2784675061702728 0.14759521186351776
v -0.13211436569690704 -0.2781946063041687 0.14759521186351776
v -0.13211436569690704 -0.2785221040248871 0.1431247889995575
v -0.1138283833861351 -0.27824920415878296 0.1613527536392212
v -0.12764334678649902 -0.2784675061702728 0.14759521186351776
v -0.08624870330095291 -0.27830377221107483 0.18206776678562164
v -0.1138283833861351 -0.27824920415878296 0.1613527536392212
v -0.13211436569690704 -0.2781946063041687 0.14759521186351776
v -0.12764334678649902 -0.2784675061702728 0.14759521186351776
v -0.10694600641727448 -0.27808547019958496 0.1682472676038742
v -0.13211436569690704 -0.2781946063041687 0.14759521186351776
v -0.1138283833861351 -0.27824920415878296 0.1613527536392212
v -0.13211436569690704 -0.2779217064380646 0.1500193029642105
v -0.13211436569690704 -0.2781946063041687 0.14759521186351776
v -0.10694600641727448 -0.27808547019958496 0.1682472676038742
v -0.10003852844238281 0.2774305045604706 0.023399529978632927
v -0.13211436569690704 0.27699384093284607 0.021825449541211128
v -0.13211436569690704 0.2773759067058563 0.023399529978632927
v -0.10003852844238281 0.2774305045604706 0.023399529978632927
v -0.09313105791807175 0.2763389050960541 0.018897639587521553
v -0.13211436569690704 0.27699384093284607 0.021825449541211128
v -0.10003852844238281 0.2774305045604706 0.023399529978632927
v 0.03793521970510483 0.2764480412006378 0.018582839518785477
v -0.09313105791807175 0.2763389050960541 0.018897639587521553
v -0.01724926009774208 0.2775396406650543 0.023399529978632927
v 0.03793521970510483 0.2764480412006378 0.018582839518785477
v -0.10003852844238281 0.2774305045604706 0.023399529978632927
v 0.05172505974769592 0.2775942385196686 0.023399529978632927
v 0.03793521970510483 0.2764480412006378 0.018582839518785477
v -0.01724926009774208 0.2775396406650543 0.023399529978632927
v 0.06554002314805984 -0.25729045271873474 -0.0020377500914037228
v 0.06554002314805984 -0.2518324553966522 -0.005217410158365965
v 0.07244750112295151 -0.2518324553966522 -0.0051859300583601
v 0.12449219822883606 0.10692235827445984 -0.005972960032522678
v 0.12449219822883606 -0.10692235827445984 -0.005972960032522678
v 0.07932986319065094 -0.10692235827445984 -0.006822980009019375
v 0.12449219822883606 0.10692235827445984 -0.005972960032522678
v 0.07932986319065094 -0.10692235827445984 -0.006822980009019375
v 0.07932986319065094 0.10692235827445984 -0.006822980009019375
v 0.07244750112295151 0.24490076303482056 -0.0066026002168655396
v -0.13211436569690704 0.24490076303482056 -0.005847049877047539
v -0.13211436569690704 0.2518324553966522 -0.005217410158365965
v 0.07244750112295151 0.24490076303482056 -0.0066026002168655396
v -0.13211436569690704 0.2518324553966522 -0.005217410158365965
v 0.06554002314805984 0.2518324553966522 -0.0052489000372588634
v 0.06554002314805984 0.26089274883270264 -5.438999869511463e-05
v 0.058632541447877884 0.25739961862564087 -0.002069229958578944
v -0.13211436569690704 0.2518324553966522 -0.005217410158365965
v 0.06554002314805984 0.2518324553966522 -0.0052489000372588634
v -0.13211436569690704 0.2518324553966522 -0.005217410158365965
v 0.058632541447877884 0.25739961862564087 -0.002069229958578944
v -0.12764334678649902 -0.2656412124633789 0.0032511900644749403
v -0.13211436569690704 -0.2656412124633789 0.0032826699316501617
v -0.13211436569690704 -0.2623664140701294 0.0012363699497655034
v -0.12764334678649902 -0.2656412124633789 0.0032511900644749403
v -0.13211436569690704 -0.2623664140701294 0.0012363699497655034
v -0.12764334678649902 -0.26056525111198425 0.00010301000293111429
v -0.12764334678649902 -0.2656412124633789 0.0032511900644749403
v -0.12764334678649902 -0.26056525111198425 0.00010301000293111429
v 0.058632541447877884 -0.26072898507118225 8.580000212532468e-06
v -0.12764334678649902 -0.2656412124633789 0.0032511900644749403
v 0.058632541447877884 -0.26072898507118225 8.580000212532468e-06
v 0.06554002314805984 -0.26072898507118225 8.580000212532468e-06
v 0.06554002314805984 -0.26072898507118225 8.580000212532468e-06
v 0.058632541447877884 -0.26072898507118225 8.580000212532468e-06
v 0.058632541447877884 -0.25729045271873474 -0.0020377500914037228
v 0.06554002314805984 -0.26072898507118225 8.580000212532468e-06
v 0.058632541447877884 -0.25729045271873474 -0.0020377500914037228
v 0.06554002314805984 -0.25729045271873474 -0.0020377500914037228
v 0.06554002314805984 -0.26072898507118225 8.580000212532468e-06
v 0.06554002314805984 -0.25729045271873474 -0.0020377500914037228
v 0.07244750112295151 -0.2606744170188904 8.580000212532468e-06
v 0.12449219822883606 0.10692235827445984 -0.005972960032522678
v 0.07932986319065094 0.10692235827445984 -0.006822980009019375
v 0.07244750112295151 0.24490076303482056 -0.0066026002168655396
v 0.06554002314805984 -0.25729045271873474 -0.0020377500914037228
v 0.058632541447877884 -0.25729045271873474 -0.0020377500914037228
v 0.06554002314805984 -0.2518324553966522 -0.005217410158365965
v 0.07244750112295151 -0.2518324553966522 -0.0051859300583601
v 0.06554002314805984 -0.2518324553966522 -0.005217410158365965
v 0.07244750112295151 -0.24490076303482056 -0.0066026002168655396
v 0.07244750112295151 -0.2518324553966522 -0.0051859300583601
v 0.07244750112295151 -0.24490076303482056 -0.0066026002168655396
v 0.07932986319065094 -0.24490076303482056 -0.005563709884881973
v 0.07244750112295151 -0.2518324553966522 -0.0051859300583601
v 0.07932986319065094 -0.24490076303482056 -0.005563709884881973
v 0.07932986319065094 -0.2518324553966522 -0.004052590113133192
v 0.07932986319065094 -0.24490076303482056 -0.005563709884881973
v 0.07244750112295151 -0.24490076303482056 -0.0066026002168655396
v 0.12449219822883606 -0.10692235827445984 -0.005972960032522678
v 0.07932986319065094 -0.24490076303482056 -0.005563709884881973
v 0.12449219822883606 -0.10692235827445984 -0.005972960032522678
v 0.12449219822883606 -0.14141696691513062 -0.0037377600092440844
v 0.07932986319065094 -0.24490076303482056 -0.005563709884881973
v 0.12449219822883606 -0.14141696691513062 -0.0037377600092440844
v 0.0914618968963623 -0.2518324553966522 -0.0016599700320512056
v 0.0914618968963623 -0.2518324553966522 -0.0016599700320512056
v 0.12449219822883606 -0.14141696691513062 -0.0037377600092440844
v 0.12449219822883606 -0.14840321242809296 -0.0028248000890016556
v 0.07932986319065094 0.10692235827445984 -0.006822980009019375
v -0.13211436569690704 0.10692235827445984 -0.005972960032522678
v -0.13211436569690704 0.24490076303482056 -0.005847049877047539
v 0.07932986319065094 0.10692235827445984 -0.006822980009019375
v 0.07932986319065094 -0.10692235827445984 -0.006822980009019375
v -0.13211436569690704 -0.10692235827445984 -0.005972960032522678
v 0.06554002314805984 0.26089274883270264 -5.438999869511463e-05
v 0.06554002314805984 0.25739961862564087 -0.002069229958578944
v 0.058632541447877884 0.25739961862564087 -0.002069229958578944
v 0.07244750112295151 0.2518324553966522 -0.005217410158365965
v 0.06554002314805984 0.2518324553966522 -0.0052489000372588634
v 0.06554002314805984 0.25739961862564087 -0.002069229958578944
v 0.07244750112295151 0.2518324553966522 -0.005217410158365965
v 0.07244750112295151 0.24490076303482056 -0.0066026002168655396
v 0.06554002314805984 0.2518324553966522 -0.0052489000372588634
v 0.0862373411655426 -0.2655320465564728 0.003440089989453554
v 0.07244750112295151 -0.2606744170188904 8.580000212532468e-06
v 0.07932986319065094 -0.26056525111198425 -2.291000055265613e-05
v 0.06554002314805984 0.26089274883270264 -5.438999869511463e-05
v -0.13211436569690704 0.2518324553966522 -0.005217410158365965
v -0.13211436569690704 0.2571812868118286 -0.0020062599796801805
v 0.06554002314805984 0.26089274883270264 -5.438999869511463e-05
v -0.13211436569690704 0.2571812868118286 -0.0020062599796801805
v -0.13211436569690704 0.2594190835952759 -0.0006525400094687939
v 0.06554002314805984 0.26089274883270264 -5.438999869511463e-05
v -0.13211436569690704 0.2594190835952759 -0.0006525400094687939
v -0.13211436569690704 0.2656412124633789 0.0032511900644749403
v 0.06554002314805984 0.26089274883270264 -5.438999869511463e-05
v -0.13211436569690704 0.2656412124633789 0.0032511900644749403
v -0.13211436569690704 0.2680427134037018 0.004919719882309437
v 0.06554002314805984 0.25739961862564087 -0.002069229958578944
v 0.06554002314805984 0.2518324553966522 -0.0052489000372588634
v 0.058632541447877884 0.25739961862564087 -0.002069229958578944
v -0.12764334678649902 -0.27202704548835754 0.009579040110111237
v -0.12764334678649902 -0.26935264468193054 0.0058327000588178635
v 0.09294386953115463 -0.2712629735469818 0.008917920291423798
v -0.12764334678649902 -0.27202704548835754 0.009579040110111237
v -0.13211436569690704 -0.2719724774360657 0.009579040110111237
v -0.13211436569690704 -0.26935264468193054 0.005864189937710762
v -0.12764334678649902 -0.27202704548835754 0.009579040110111237
v -0.13211436569690704 -0.26935264468193054 0.005864189937710762
v -0.12764334678649902 -0.26935264468193054 0.0058327000588178635
v -0.12764334678649902 -0.26935264468193054 0.0058327000588178635
v -0.12764334678649902 -0.2656412124633789 0.0032511900644749403
v 0.06554002314805984 -0.26072898507118225 8.580000212532468e-06
v -0.12764334678649902 -0.26935264468193054 0.0058327000588178635
v 0.06554002314805984 -0.26072898507118225 8.580000212532468e-06
v 0.0862373411655426 -0.2655320465564728 0.003440089989453554
v -0.12764334678649902 -0.26935264468193054 0.0058327000588178635
v -0.13211436569690704 -0.26935264468193054 0.005864189937710762
v -0.13211436569690704 -0.2656412124633789 0.0032826699316501617
v -0.12764334678649902 -0.26935264468193054 0.0058327000588178635
v -0.13211436569690704 -0.2656412124633789 0.0032826699316501617
v -0.12764334678649902 -0.2656412124633789 0.0032511900644749403
v 0.0862373411655426 -0.2655320465564728 0.003440089989453554
v 0.06554002314805984 -0.26072898507118225 8.580000212532468e-06
v 0.07244750112295151 -0.2606744170188904 8.580000212532468e-06
v 0.07932986319065094 0.24490076303482056 -0.005595189984887838
v 0.12449219822883606 0.10692235827445984 -0.005972960032522678
v 0.07244750112295151 0.24490076303482056 -0.0066026002168655396
v 0.07932986319065094 -0.26056525111198425 -2.291000055265613e-05
v 0.07244750112295151 -0.2606744170188904 8.580000212532468e-06
v 0.06554002314805984 -0.25729045271873474 -0.0020377500914037228
v 0.07932986319065094 -0.26056525111198425 -2.291000055265613e-05
v 0.06554002314805984 -0.25729045271873474 -0.0020377500914037228
v 0.07244750112295151 -0.2518324553966522 -0.0051859300583601
v 0.07932986319065094 -0.26056525111198425 -2.291000055265613e-05
v 0.07244750112295151 -0.2518324553966522 -0.0051859300583601
v 0.0862373411655426 -0.2603469491004944 8.580000212532468e-06
v 0.0862373411655426 -0.2603469491004944 8.580000212532468e-06
v 0.07244750112295151 -0.2518324553966522 -0.0051859300583601
v 0.09078370779752731 -0.2562534213066101 -0.0011562500149011612
v 0.09078370779752731 -0.2562534213066101 -0.0011562500149011612
v 0.07244750112295151 -0.2518324553966522 -0.0051859300583601
v 0.07932986319065094 -0.2518324553966522 -0.004052590113133192
v 0.09078370779752731 -0.2562534213066101 -0.0011562500149011612
v 0.12449219822883606 -0.14840321242809296 -0.0028248000890016556
v 0.09746512770652771 -0.2656412124633789 0.005108620040118694
v 0.07244750112295151 0.24490076303482056 -0.0066026002168655396
v 0.07932986319065094 0.10692235827445984 -0.006822980009019375
v -0.13211436569690704 0.24490076303482056 -0.005847049877047539
v 0.09078370779752731 -0.2562534213066101 -0.0011562500149011612
v 0.07932986319065094 -0.2518324553966522 -0.004052590113133192
v 0.07932986319065094 -0.24490076303482056 -0.005563709884881973
v 0.09078370779752731 -0.2562534213066101 -0.0011562500149011612
v 0.07932986319065094 -0.24490076303482056 -0.005563709884881973
v 0.0914618968963623 -0.2518324553966522 -0.0016599700320512056
v 0.09078370779752731 -0.2562534213066101 -0.0011562500149011612
v 0.0914618968963623 -0.2518324553966522 -0.0016599700320512056
v 0.12449219822883606 -0.14840321242809296 -0.0028248000890016556
v 0.058632541447877884 -0.26072898507118225 8.580000212532468e-06
v -0.13211436569690704 -0.25712671875953674 -0.0020062599796801805
v -0.13211436569690704 -0.25368818640708923 -0.004084070213139057
v 0.09746512770652771 -0.2656412124633789 0.005108620040118694
v 0.12449219822883606 -0.14840321242809296 -0.0028248000890016556
v 0.12449219822883606 -0.15309709310531616 -0.0015025599859654903
v 0.09746512770652771 -0.2656412124633789 0.005108620040118694
v 0.12449219822883606 -0.15309709310531616 -0.0015025599859654903
v 0.09992670267820358 -0.2656412124633789 0.009579040110111237
v -0.12073586136102676 0.26935264468193054 0.0058327000588178635
v 0.03793521970510483 0.27180877327919006 0.009579040110111237
v 0.09284339845180511 0.2712629735469818 0.008917920291423798
v -0.13211436569690704 0.2719724774360657 0.009579040110111237
v 0.01033041998744011 0.2751927375793457 0.015182790346443653
v 0.024145379662513733 0.2751927375793457 0.0151513097807765
v -0.13211436569690704 0.2719724774360657 0.009579040110111237
v -0.0034594200551509857 0.2751927375793457 0.015214269980788231
v 0.01033041998744011 0.2751927375793457 0.015182790346443653
v -0.13211436569690704 0.2719724774360657 0.009579040110111237
v -0.03794658184051514 0.2751927375793457 0.01530872005969286
v -0.0034594200551509857 0.2751927375793457 0.015214269980788231
v -0.13211436569690704 0.2719724774360657 0.009579040110111237
v -0.13211436569690704 0.27513813972473145 0.015466130338609219
v -0.03794658184051514 0.2751927375793457 0.01530872005969286
v 0.07244750112295151 0.2608381509780884 -5.438999869511463e-05
v 0.06554002314805984 0.26089274883270264 -5.438999869511463e-05
v 0.07932986319065094 0.26558661460876465 0.0033771200105547905
v 0.07244750112295151 0.2608381509780884 -5.438999869511463e-05
v 0.06554002314805984 0.25739961862564087 -0.002069229958578944
v 0.06554002314805984 0.26089274883270264 -5.438999869511463e-05
v 0.07244750112295151 0.2608381509780884 -5.438999869511463e-05
v 0.07244750112295151 0.2518324553966522 -0.005217410158365965
v 0.06554002314805984 0.25739961862564087 -0.002069229958578944
v 0.07932986319065094 0.2606198489665985 -5.438999869511463e-05
v 0.07244750112295151 0.2518324553966522 -0.005217410158365965
v 0.07244750112295151 0.2608381509780884 -5.438999869511463e-05
v 0.0862373411655426 0.2603469491004944 8.580000212532468e-06
v 0.07244750112295151 0.2518324553966522 -0.005217410158365965
v 0.07932986319065094 0.2606198489665985 -5.438999869511463e-05
v 0.09284339845180511 0.2712629735469818 0.008917920291423798
v 0.03793521970510483 0.27180877327919006 0.009579040110111237
v 0.0862373411655426 0.2717541456222534 0.009641990065574646
v -0.12073586136102676 0.26935264468193054 0.0058327000588178635
v -0.13211436569690704 0.2680427134037018 0.004919719882309437
v -0.13211436569690704 0.26935264468193054 0.0058327000588178635
v -0.12073586136102676 0.26935264468193054 0.0058327000588178635
v 0.06554002314805984 0.26089274883270264 -5.438999869511463e-05
v -0.13211436569690704 0.2680427134037018 0.004919719882309437
v -0.12073586136102676 0.26935264468193054 0.0058327000588178635
v 0.07932986319065094 0.26558661460876465 0.0033771200105547905
v 0.06554002314805984 0.26089274883270264 -5.438999869511463e-05
v -0.13211436569690704 0.2719724774360657 0.009579040110111237
v 0.024145379662513733 0.2751927375793457 0.0151513097807765
v 0.07244750112295151 0.2751927375793457 0.015056859701871872
v -0.12073586136102676 0.26935264468193054 0.0058327000588178635
v -0.0034594200551509857 0.27186334133148193 0.009579040110111237
v 0.03793521970510483 0.27180877327919006 0.009579040110111237
v -0.12073586136102676 0.26935264468193054 0.0058327000588178635
v -0.1138283833861351 0.2719724774360657 0.009579040110111237
v -0.0034594200551509857 0.27186334133148193 0.009579040110111237
v -0.12073586136102676 0.26935264468193054 0.0058327000588178635
v -0.13211436569690704 0.2719724774360657 0.009579040110111237
v -0.1138283833861351 0.2719724774360657 0.009579040110111237
v -0.12073586136102676 0.26935264468193054 0.0058327000588178635
v -0.13211436569690704 0.26935264468193054 0.0058327000588178635
v -0.13211436569690704 0.2719724774360657 0.009579040110111237
v 0.09078370779752731 0.2562534213066101 -0.0011562500149011612
v 0.07244750112295151 0.2518324553966522 -0.005217410158365965
v 0.0862373411655426 0.2603469491004944 8.580000212532468e-06
v 0.09078370779752731 0.2562534213066101 -0.0011562500149011612
v 0.07932986319065094 0.24490076303482056 -0.005595189984887838
v 0.07244750112295151 0.2518324553966522 -0.005217410158365965
v 0.09078370779752731 0.2562534213066101 -0.0011562500149011612
v 0.0914618968963623 0.2518324553966522 -0.0016599700320512056
v 0.07932986319065094 0.24490076303482056 -0.005595189984887838
v 0.12449219822883606 0.14840321242809296 -0.0028248000890016556
v 0.0914618968963623 0.2518324553966522 -0.0016599700320512056
v 0.09078370779752731 0.2562534213066101 -0.0011562500149011612
v 0.12449219822883606 0.14840321242809296 -0.0028248000890016556
v 0.12449219822883606 0.1445826143026352 -0.003611830063164234
v 0.0914618968963623 0.2518324553966522 -0.0016599700320512056
v 0.12449219822883606 -0.27732133865356445 0.13430988788604736
v 0.1035437136888504 -0.26929807662963867 0.01959024928510189
v 0.12449219822883606 -0.2753564417362213 0.131445050239563
v -0.024131620302796364 -0.2775396406650543 0.023399529978632927
v -0.031039100140333176 -0.27639347314834595 0.018771709874272346
v -0.01724926009774208 -0.27639347314834595 0.01870875060558319
v -0.024131620302796364 -0.2775396406650543 0.023399529978632927
v -0.12764334678649902 -0.2762843072414398 0.018834680318832397
v -0.031039100140333176 -0.27639347314834595 0.018771709874272346
v -0.024131620302796364 -0.2775396406650543 0.023399529978632927
v -0.10003852844238281 -0.2774305045604706 0.023399529978632927
v -0.12764334678649902 -0.2762843072414398 0.018834680318832397
v 0.09671158343553543 -0.26918891072273254 0.0060530598275363445
v -0.12764334678649902 -0.26935264468193054 0.0058327000588178635
v 0.0862373411655426 -0.2655320465564728 0.003440089989453554
v 0.07932986319065094 0.24490076303482056 -0.005595189984887838
v 0.07244750112295151 0.24490076303482056 -0.0066026002168655396
v 0.07244750112295151 0.2518324553966522 -0.005217410158365965
v 0.12449219822883606 0.1445826143026352 -0.003611830063164234
v 0.07932986319065094 0.24490076303482056 -0.005595189984887838
v 0.0914618968963623 0.2518324553966522 -0.0016599700320512056
v 0.12449219822883606 0.1445826143026352 -0.003611830063164234
v 0.12449219822883606 0.10692235827445984 -0.005972960032522678
v 0.07932986319065094 0.24490076303482056 -0.005595189984887838
v 0.1035437136888504 -0.26929807662963867 0.01959024928510189
v 0.12449219822883606 -0.15309709310531616 -0.0015025599859654903
v 0.12449219822883606 -0.2753564417362213 0.131445050239563
v 0.1035437136888504 -0.26929807662963867 0.01959024928510189
v 0.09992670267820358 -0.2656412124633789 0.009579040110111237
v 0.12449219822883606 -0.15309709310531616 -0.0015025599859654903
v 0.09809307754039764 -0.2704988420009613 0.009579040110111237
v 0.1035437136888504 -0.26929807662963867 0.01959024928510189
v 0.10223756730556488 -0.2739373743534088 0.023399529978632927
v 0.09809307754039764 -0.2704988420009613 0.009579040110111237
v 0.09992670267820358 -0.2656412124633789 0.009579040110111237
v 0.1035437136888504 -0.26929807662963867 0.01959024928510189
v 0.09671158343553543 -0.26918891072273254 0.0060530598275363445
v 0.09992670267820358 -0.2656412124633789 0.009579040110111237
v 0.09809307754039764 -0.2704988420009613 0.009579040110111237
v 0.09671158343553543 -0.26918891072273254 0.0060530598275363445
v 0.09746512770652771 -0.2656412124633789 0.005108620040118694
v 0.09992670267820358 -0.2656412124633789 0.009579040110111237
v 0.09671158343553543 -0.26918891072273254 0.0060530598275363445
v 0.09078370779752731 -0.2562534213066101 -0.0011562500149011612
v 0.09746512770652771 -0.2656412124633789 0.005108620040118694
v 0.09671158343553543 -0.26918891072273254 0.0060530598275363445
v 0.0862373411655426 -0.2603469491004944 8.580000212532468e-06
v 0.09078370779752731 -0.2562534213066101 -0.0011562500149011612
v 0.09671158343553543 -0.26918891072273254 0.0060530598275363445
v 0.07932986319065094 -0.26056525111198425 -2.291000055265613e-05
v 0.0862373411655426 -0.2603469491004944 8.580000212532468e-06
v 0.09671158343553543 -0.26918891072273254 0.0060530598275363445
v 0.0862373411655426 -0.2655320465564728 0.003440089989453554
v 0.07932986319065094 -0.26056525111198425 -2.291000055265613e-05
v -0.031039100140333176 -0.27874040603637695 0.21657182276248932
v -0.09313105791807175 -0.27874040603637695 0.1682472676038742
v -0.04482894018292427 -0.2787950038909912 0.2027513086795807
v 0.09671158343553543 -0.26918891072273254 0.0060530598275363445
v 0.09294386953115463 -0.2712629735469818 0.008917920291423798
v -0.12764334678649902 -0.26935264468193054 0.0058327000588178635
v -0.12764334678649902 -0.2751927375793457 0.015403170138597488
v -0.13211436569690704 -0.2762843072414398 0.01886616088449955
v -0.13211436569690704 -0.27513813972473145 0.015434649772942066
v -0.12764334678649902 -0.2751927375793457 0.015403170138597488
v -0.12764334678649902 -0.2762843072414398 0.018834680318832397
v -0.13211436569690704 -0.2762843072414398 0.01886616088449955
v -0.12764334678649902 -0.2751927375793457 0.015403170138597488
v -0.13211436569690704 -0.2719724774360657 0.009579040110111237
v -0.12764334678649902 -0.27202704548835754 0.009579040110111237
v -0.12764334678649902 -0.2751927375793457 0.015403170138597488
v -0.13211436569690704 -0.27513813972473145 0.015434649772942066
v -0.13211436569690704 -0.2719724774360657 0.009579040110111237
v 0.09314481914043427 -0.2751927375793457 0.015119819901883602
v 0.09294386953115463 -0.2712629735469818 0.008917920291423798
v 0.09671158343553543 -0.26918891072273254 0.0060530598275363445
v 0.09314481914043427 -0.2751927375793457 0.015119819901883602
v -0.12764334678649902 -0.27202704548835754 0.009579040110111237
v 0.09294386953115463 -0.2712629735469818 0.008917920291423798
v 0.09314481914043427 -0.2751927375793457 0.015119819901883602
v -0.12764334678649902 -0.2751927375793457 0.015403170138597488
v -0.12764334678649902 -0.27202704548835754 0.009579040110111237
v -0.01724926009774208 -0.27639347314834595 0.01870875060558319
v -0.12764334678649902 -0.2762843072414398 0.018834680318832397
v -0.12764334678649902 -0.2751927375793457 0.015403170138597488
v -0.01724926009774208 -0.27639347314834595 0.01870875060558319
v -0.031039100140333176 -0.27639347314834595 0.018771709874272346
v -0.12764334678649902 -0.2762843072414398 0.018834680318832397
v -0.10003852844238281 -0.2774305045604706 0.023399529978632927
v -0.13211436569690704 -0.2762843072414398 0.01886616088449955
v -0.12764334678649902 -0.2762843072414398 0.018834680318832397
v -0.13211436569690704 -0.2773759067058563 0.023399529978632927
v -0.13211436569690704 -0.2762843072414398 0.01886616088449955
v -0.10003852844238281 -0.2774305045604706 0.023399529978632927
v -0.09039317816495895 0.2761751413345337 0.1929919570684433
v -0.08564586192369461 0.2764480412006378 0.19554197788238525
v -0.1250561773777008 0.27622973918914795 0.16550834476947784
v -0.1296779066324234 0.27557477355003357 0.16361944377422333
v -0.1250561773777008 0.27622973918914795 0.16550834476947784
v -0.13211436569690704 0.2763389050960541 0.15921199321746826
v -0.12746749818325043 0.27464690804481506 0.1679954081773758
v -0.1250561773777008 0.27622973918914795 0.16550834476947784
v -0.1296779066324234 0.27557477355003357 0.16361944377422333
v -0.12746749818325043 0.27464690804481506 0.1679954081773758
v -0.12216757982969284 0.27541103959083557 0.17010469734668732
v -0.1250561773777008 0.27622973918914795 0.16550834476947784
v -0.09287986904382706 0.27464690804481506 0.19554197788238525
v -0.12216757982969284 0.27541103959083557 0.17010469734668732
v -0.12746749818325043 0.27464690804481506 0.1679954081773758
v -0.09287986904382706 0.27464690804481506 0.19554197788238525
v -0.11757098138332367 0.27606600522994995 0.17193062603473663
v -0.12216757982969284 0.27541103959083557 0.17010469734668732
v -0.09287986904382706 0.27464690804481506 0.19554197788238525
v -0.08755482733249664 0.27541103959083557 0.19761978089809418
v -0.11757098138332367 0.27606600522994995 0.17193062603473663
v -0.08564586192369461 0.2764480412006378 0.19554197788238525
v -0.09287986904382706 0.2766663730144501 0.18886783719062805
v -0.1250561773777008 0.27622973918914795 0.16550834476947784
v -0.06560160964727402 0.2767755389213562 0.20983470976352692
v -0.09287986904382706 0.2766663730144501 0.18886783719062805
v -0.08564586192369461 0.2764480412006378 0.19554197788238525
v -0.06560160964727402 0.2767755389213562 0.20983470976352692
v -0.12746749818325043 0.27672094106674194 0.1613212674856186
v -0.09287986904382706 0.2766663730144501 0.18886783719062805
v -0.06560160964727402 0.2767755389213562 0.20983470976352692
v -0.07934121787548065 0.2773759067058563 0.19585679471492767
v -0.12746749818325043 0.27672094106674194 0.1613212674856186
v -0.06791248172521591 0.27573853731155396 0.21222732961177826
v -0.11757098138332367 0.27606600522994995 0.17193062603473663
v -0.08755482733249664 0.27541103959083557 0.19761978089809418
v -0.06791248172521591 0.27573853731155396 0.21222732961177826
v -0.1250561773777008 0.27622973918914795 0.16550834476947784
v -0.11757098138332367 0.27606600522994995 0.17193062603473663
v -0.08295822143554688 0.2760114073753357 0.1994457244873047
v -0.1250561773777008 0.27622973918914795 0.16550834476947784
v -0.06791248172521591 0.27573853731155396 0.21222732961177826
v -0.1296779066324234 0.27557477355003357 0.16361944377422333
v -0.13211436569690704 0.2763389050960541 0.15921199321746826
v -0.13211436569690704 0.2752473056316376 0.16251757740974426
v -0.09039317816495895 0.2761751413345337 0.1929919570684433
v -0.1250561773777008 0.27622973918914795 0.16550834476947784
v -0.08295822143554688 0.2760114073753357 0.1994457244873047
v -0.05173641815781593 0.2775396406650543 0.21657182276248932
v -0.07934121787548065 0.2773759067058563 0.19585679471492767
v -0.06560160964727402 0.2767755389213562 0.20983470976352692
v -0.05173641815781593 0.2775396406650543 0.21657182276248932
v -0.08624870330095291 0.27764880657196045 0.18896228075027466
v -0.07934121787548065 0.2773759067058563 0.19585679471492767
v -0.05173641815781593 0.2775396406650543 0.21657182276248932
v -0.058643899857997894 0.27781257033348083 0.2096458226442337
v -0.08624870330095291 0.27764880657196045 0.18896228075027466
v -0.031039100140333176 0.2779217064380646 0.23036083579063416
v -0.058643899857997894 0.27781257033348083 0.2096458226442337
v -0.05173641815781593 0.2775396406650543 0.21657182276248932
v -0.07243373990058899 0.2781946063041687 0.19585679471492767
v -0.05173641815781593 0.27841293811798096 0.2096458226442337
v -0.10694600641727448 0.27824920415878296 0.1682472676038742
v -0.07243373990058899 0.2781946063041687 0.19585679471492767
v -0.058643899857997894 0.27781257033348083 0.2096458226442337
v -0.031039100140333176 0.2779217064380646 0.23036083579063416
v -0.07243373990058899 0.2781946063041687 0.19585679471492767
v -0.12764334678649902 0.2779217064380646 0.15445823967456818
v -0.058643899857997894 0.27781257033348083 0.2096458226442337
v -0.07243373990058899 0.2781946063041687 0.19585679471492767
v -0.10694600641727448 0.27824920415878296 0.1682472676038742
v -0.12764334678649902 0.2779217064380646 0.15445823967456818
v -0.06560160964727402 0.2749198377132416 0.2164144068956375
v -0.08755482733249664 0.27541103959083557 0.19761978089809418
v -0.09287986904382706 0.27464690804481506 0.19554197788238525
v -0.06560160964727402 0.2749198377132416 0.2164144068956375
v -0.06791248172521591 0.27573853731155396 0.21222732961177826
v -0.08755482733249664 0.27541103959083557 0.19761978089809418
v -0.06560160964727402 0.2749198377132416 0.2164144068956375
v -0.09287986904382706 0.27464690804481506 0.19554197788238525
v -0.07934121787548065 0.27339157462120056 0.2096458226442337
v -0.010341780260205269 0.2781946063041687 0.24414986371994019
v -0.05173641815781593 0.27841293811798096 0.2096458226442337
v -0.07243373990058899 0.2781946063041687 0.19585679471492767
v -0.07243373990058899 -0.27246370911598206 0.21657182276248932
v -0.10694600641727448 -0.27262747287750244 0.18896228075027466
v -0.12005767226219177 -0.27421027421951294 0.17448066174983978
v 0.031027739867568016 -0.27857667207717896 0.26486489176750183
v 0.024145379662513733 -0.27874040603637695 0.2579703629016876
v 0.031027739867568016 -0.2787950038909912 0.2579703629016876
v 0.031027739867568016 -0.27857667207717896 0.26486489176750183
v 0.01723789982497692 -0.27857667207717896 0.2579703629016876
v 0.024145379662513733 -0.27874040603637695 0.2579703629016876
v 0.031027739867568016 -0.27857667207717896 0.26486489176750183
v 0.024145379662513733 -0.27841293811798096 0.26486489176750183
v 0.01723789982497692 -0.27857667207717896 0.2579703629016876
v 0.031027739867568016 -0.2779217064380646 0.27175939083099365
v 0.024145379662513733 -0.27841293811798096 0.26486489176750183
v 0.031027739867568016 -0.27857667207717896 0.26486489176750183
v 0.024145379662513733 -0.27764880657196045 0.27175939083099365
v 0.01033041998744011 -0.27732133865356445 0.26486489176750183
v 0.01723789982497692 -0.2780308723449707 0.26486489176750183
v 0.024145379662513733 -0.27764880657196045 0.27175939083099365
v 0.024145379662513733 -0.27841293811798096 0.26486489176750183
v 0.031027739867568016 -0.2779217064380646 0.27175939083099365
v 0.024145379662513733 -0.27764880657196045 0.27175939083099365
v 0.01723789982497692 -0.2780308723449707 0.26486489176750183
v 0.024145379662513733 -0.27841293811798096 0.26486489176750183
v 0.01688624918460846 -0.27683010697364807 0.2722001373767853
v 0.01033041998744011 -0.27732133865356445 0.26486489176750183
v 0.024145379662513733 -0.27764880657196045 0.27175939083099365
v -0.12945185601711273 -0.2755202054977417 0.16352500021457672
v -0.13211436569690704 -0.2747015058994293 0.16355648636817932
v -0.13211436569690704 -0.27622973918914795 0.15936939418315887
v -0.12945185601711273 -0.2755202054977417 0.16352500021457672
v -0.13211436569690704 -0.2730095088481903 0.168121337890625
v -0.13211436569690704 -0.2747015058994293 0.16355648636817932
v -0.12005767226219177 -0.27421027421951294 0.17448066174983978
v -0.13211436569690704 -0.2730095088481903 0.168121337890625
v -0.12945185601711273 -0.2755202054977417 0.16352500021457672
v -0.12005767226219177 -0.27421027421951294 0.17448066174983978
v -0.10694600641727448 -0.27262747287750244 0.18896228075027466
v -0.13211436569690704 -0.2730095088481903 0.168121337890625
v -0.07243373990058899 -0.27246370911598206 0.21657182276248932
v -0.11372791230678558 -0.2704988420009613 0.18899376690387726
v -0.13211436569690704 -0.27180877327919006 0.1712065488100052
v -0.024131620302796364 0.2784675061702728 0.23036083579063416
v -0.05173641815781593 0.27841293811798096 0.2096458226442337
v -0.010341780260205269 0.2781946063041687 0.24414986371994019
v -0.07243373990058899 -0.27246370911598206 0.21657182276248932
v -0.13211436569690704 -0.27180877327919006 0.1712065488100052
v -0.10694600641727448 -0.27262747287750244 0.18896228075027466
v 0.01033041998744011 -0.27639347314834595 0.26987048983573914
v 0.01033041998744011 -0.27732133865356445 0.26486489176750183
v 0.01688624918460846 -0.27683010697364807 0.2722001373767853
v 0.01033041998744011 -0.27639347314834595 0.26987048983573914
v -0.003308709943667054 -0.2766663730144501 0.2580018639564514
v 0.01033041998744011 -0.27732133865356445 0.26486489176750183
v 0.01033041998744011 -0.27639347314834595 0.26987048983573914
v -0.00840768963098526 -0.2763389050960541 0.2557036876678467
v -0.003308709943667054 -0.2766663730144501 0.2580018639564514
v 0.006612940225750208 -0.27606600522994995 0.26851677894592285
v -0.00840768963098526 -0.2763389050960541 0.2557036876678467
v 0.01033041998744011 -0.27639347314834595 0.26987048983573914
v 0.006612940225750208 -0.27606600522994995 0.26851677894592285
v -0.03558548167347908 -0.2762843072414398 0.23470532894134521
v -0.00840768963098526 -0.2763389050960541 0.2557036876678467
v 0.006612940225750208 -0.27606600522994995 0.26851677894592285
v -0.13211436569690704 -0.2763389050960541 0.15905457735061646
v -0.03558548167347908 -0.2762843072414398 0.23470532894134521
v -0.12485522031784058 -0.2761751413345337 0.16531945765018463
v -0.13211436569690704 -0.2763389050960541 0.15905457735061646
v 0.006612940225750208 -0.27606600522994995 0.26851677894592285
v -0.12485522031784058 -0.2761751413345337 0.16531945765018463
v -0.13211436569690704 -0.27622973918914795 0.15936939418315887
v -0.13211436569690704 -0.2763389050960541 0.15905457735061646
v -0.12485522031784058 -0.2761751413345337 0.16531945765018463
v -0.12945185601711273 -0.2755202054977417 0.16352500021457672
v -0.13211436569690704 -0.27622973918914795 0.15936939418315887
v -0.12485522031784058 -0.2761751413345337 0.16531945765018463
v 0.006612940225750208 -0.27606600522994995 0.26851677894592285
v -0.003308709943667054 -0.2747560739517212 0.2645815312862396
v -0.13211436569690704 -0.27044424414634705 0.1745436191558838
v -0.13211436569690704 -0.27180877327919006 0.1712065488100052
v -0.11372791230678558 -0.2704988420009613 0.18899376690387726
v -0.13211436569690704 -0.27044424414634705 0.1745436191558838
v -0.11372791230678558 -0.2704988420009613 0.18899376690387726
v -0.11885198950767517 -0.2697347104549408 0.18672707676887512
v -0.010341780260205269 -0.2726820409297943 0.26486489176750183
v -0.11372791230678558 -0.2704988420009613 0.18899376690387726
v -0.07243373990058899 -0.27246370911598206 0.21657182276248932
v 0.03793521970510483 -0.2780308723449707 0.27175939083099365
v 0.031027739867568016 -0.2779217064380646 0.27175939083099365
v 0.031027739867568016 -0.27857667207717896 0.26486489176750183
v 0.04484270140528679 -0.2767755389213562 0.27827614545822144
v 0.03793521970510483 -0.2780308723449707 0.27175939083099365
v 0.058632541447877884 -0.2767755389213562 0.27837055921554565
v 0.03793521970510483 -0.2767755389213562 0.27818170189857483
v 0.03793521970510483 -0.2780308723449707 0.27175939083099365
v 0.04484270140528679 -0.2767755389213562 0.27827614545822144
v 0.03793521970510483 -0.2767755389213562 0.27818170189857483
v 0.031027739867568016 -0.2779217064380646 0.27175939083099365
v 0.03793521970510483 -0.2780308723449707 0.27175939083099365
v 0.031027739867568016 -0.27672094106674194 0.277803897857666
v 0.031027739867568016 -0.2779217064380646 0.27175939083099365
v 0.03793521970510483 -0.2767755389213562 0.27818170189857483
v 0.031027739867568016 -0.27672094106674194 0.277803897857666
v 0.024145379662513733 -0.27764880657196045 0.27175939083099365
v 0.031027739867568016 -0.2779217064380646 0.27175939083099365
v 0.024145379662513733 -0.27655720710754395 0.27704834938049316
v 0.024145379662513733 -0.27764880657196045 0.27175939083099365
v 0.031027739867568016 -0.27672094106674194 0.277803897857666
v 0.018971050158143044 -0.2762843072414398 0.2761353552341461
v 0.024145379662513733 -0.27655720710754395 0.27704834938049316
v 0.024145379662513733 -0.2753564417362213 0.28051134943962097
v 0.018971050158143044 -0.2762843072414398 0.2761353552341461
v 0.024145379662513733 -0.27764880657196045 0.27175939083099365
v 0.024145379662513733 -0.27655720710754395 0.27704834938049316
v 0.018971050158143044 -0.2762843072414398 0.2761353552341461
v 0.01688624918460846 -0.27683010697364807 0.2722001373767853
v 0.024145379662513733 -0.27764880657196045 0.27175939083099365
v 0.018971050158143044 -0.2762843072414398 0.2761353552341461
v 0.01033041998744011 -0.27639347314834595 0.26987048983573914
v 0.01688624918460846 -0.27683010697364807 0.2722001373767853
v -0.111341692507267 -0.26951637864112854 0.1931493580341339
v -0.11372791230678558 -0.2704988420009613 0.18899376690387726
v -0.044401928782463074 -0.2702259421348572 0.24396097660064697
v -0.111341692507267 -0.26951637864112854 0.1931493580341339
v -0.11885198950767517 -0.2697347104549408 0.18672707676887512
v -0.11372791230678558 -0.2704988420009613 0.18899376690387726
v 0.03793521970510483 -0.2780308723449707 0.27175939083099365
v 0.031027739867568016 -0.27857667207717896 0.26486489176750183
v 0.03793521970510483 -0.2786312699317932 0.26486489176750183
v -0.010341780260205269 -0.2726820409297943 0.26486489176750183
v -0.044401928782463074 -0.2702259421348572 0.24396097660064697
v -0.11372791230678558 -0.2704988420009613 0.18899376690387726
v -0.010341780260205269 -0.2726820409297943 0.26486489176750183
v -0.12945185601711273 -0.2755202054977417 0.16352500021457672
v -0.12485522031784058 -0.2761751413345337 0.16531945765018463
v -0.010341780260205269 -0.2726820409297943 0.26486489176750183
v -0.12005767226219177 -0.27421027421951294 0.17448066174983978
v -0.12945185601711273 -0.2755202054977417 0.16352500021457672
v -0.010341780260205269 -0.2726820409297943 0.26486489176750183
v -0.07243373990058899 -0.27246370911598206 0.21657182276248932
v -0.12005767226219177 -0.27421027421951294 0.17448066174983978
v 0.014349319972097874 -0.2758476734161377 0.27478164434432983
v 0.01033041998744011 -0.27639347314834595 0.26987048983573914
v 0.018971050158143044 -0.2762843072414398 0.2761353552341461
v 0.014349319972097874 -0.2758476734161377 0.27478164434432983
v 0.006612940225750208 -0.27606600522994995 0.26851677894592285
v 0.01033041998744011 -0.27639347314834595 0.26987048983573914
v 0.01033041998744011 -0.2753564417362213 0.27333348989486694
v 0.006612940225750208 -0.27606600522994995 0.26851677894592285
v 0.014349319972097874 -0.2758476734161377 0.27478164434432983
v 0.003950419835746288 -0.2744286060333252 0.271192729473114
v 0.006612940225750208 -0.27606600522994995 0.26851677894592285
v 0.01033041998744011 -0.2753564417362213 0.27333348989486694
v 0.003950419835746288 -0.2744286060333252 0.271192729473114
v -0.003308709943667054 -0.2747560739517212 0.2645815312862396
v 0.006612940225750208 -0.27606600522994995 0.26851677894592285
v 0.003950419835746288 -0.2744286060333252 0.271192729473114
v -0.12485522031784058 -0.2761751413345337 0.16531945765018463
v -0.003308709943667054 -0.2747560739517212 0.2645815312862396
v 0.003950419835746288 -0.2744286060333252 0.271192729473114
v -0.010341780260205269 -0.2726820409297943 0.26486489176750183
v -0.12485522031784058 -0.2761751413345337 0.16531945765018463
v -0.13211436569690704 -0.26935264468193054 0.17709365487098694
v -0.111341692507267 -0.26951637864112854 0.1931493580341339
v -0.13103428483009338 -0.26902517676353455 0.17854180932044983
v -0.13211436569690704 -0.26935264468193054 0.17709365487098694
v -0.11885198950767517 -0.2697347104549408 0.18672707676887512
v -0.111341692507267 -0.26951637864112854 0.1931493580341339
v 0.09314481914043427 0.2786858379840851 0.037188559770584106
v 0.09314481914043427 0.27841293811798096 0.03029404953122139
v 0.058632541447877884 0.2784675061702728 0.03029404953122139
v -0.031039100140333176 0.27857667207717896 0.22346633672714233
v -0.05173641815781593 0.27841293811798096 0.2096458226442337
v -0.024131620302796364 0.2784675061702728 0.23036083579063416
v -0.031039100140333176 0.27857667207717896 0.22346633672714233
v -0.058643899857997894 0.2785221040248871 0.2027513086795807
v -0.05173641815781593 0.27841293811798096 0.2096458226442337
v -0.10694600641727448 0.2786858379840851 0.1613527536392212
v -0.12073586136102676 0.27874040603637695 0.14759521186351776
v -0.13211436569690704 0.2786858379840851 0.14070069789886475
v -0.10694600641727448 0.2786858379840851 0.1613527536392212
v -0.058643899857997894 0.2785221040248871 0.2027513086795807
v -0.031039100140333176 0.27857667207717896 0.22346633672714233
v -0.10694600641727448 0.2786858379840851 0.1613527536392212
v -0.12764334678649902 0.2785221040248871 0.14759521186351776
v -0.058643899857997894 0.2785221040248871 0.2027513086795807
v -0.10694600641727448 0.2786858379840851 0.1613527536392212
v -0.13211436569690704 0.2786858379840851 0.14070069789886475
v -0.12764334678649902 0.2785221040248871 0.14759521186351776
v -0.05173641815781593 0.27874040603637695 0.2027513086795807
v -0.12073586136102676 0.27874040603637695 0.14759521186351776
v -0.10694600641727448 0.2786858379840851 0.1613527536392212
v -0.04482894018292427 0.2787950038909912 0.2027513086795807
v -0.12073586136102676 0.27874040603637695 0.14759521186351776
v -0.05173641815781593 0.27874040603637695 0.2027513086795807
v -0.04482894018292427 0.2787950038909912 0.2027513086795807
v -0.1138283833861351 0.2787950038909912 0.14759521186351776
v -0.12073586136102676 0.27874040603637695 0.14759521186351776
v 0.09314481914043427 0.2786858379840851 0.037188559770584106
v -0.13211436569690704 0.27874040603637695 0.04408308118581772
v 0.09314481914043427 0.27874040603637695 0.04408308118581772
v 0.09314481914043427 0.2786858379840851 0.037188559770584106
v -0.1138283833861351 0.2786858379840851 0.037188559770584106
v -0.13211436569690704 0.27874040603637695 0.04408308118581772
v 0.09314481914043427 0.2786858379840851 0.037188559770584106
v -0.03794658184051514 0.2784675061702728 0.03029404953122139
v -0.1138283833861351 0.2786858379840851 0.037188559770584106
v 0.09314481914043427 0.2786858379840851 0.037188559770584106
v 0.058632541447877884 0.2784675061702728 0.03029404953122139
v -0.03794658184051514 0.2784675061702728 0.03029404953122139
v 0.031027739867568016 -0.27857667207717896 0.26486489176750183
v 0.031027739867568016 -0.2787950038909912 0.2579703629016876
v 0.03793521970510483 -0.2786312699317932 0.26486489176750183
v 0.12449219822883606 0.2786312699317932 0.14070069789886475
v 0.09314481914043427 0.27841293811798096 0.03029404953122139
v 0.09314481914043427 0.2786858379840851 0.037188559770584106
v 0.12449219822883606 0.2786312699317932 0.14070069789886475
v 0.1000271663069725 0.2775396406650543 0.037188559770584106
v 0.09314481914043427 0.27841293811798096 0.03029404953122139
v 0.12449219822883606 0.2786312699317932 0.14070069789886475
v 0.10057978332042694 0.27699384093284607 0.03032553941011429
v 0.1000271663069725 0.2775396406650543 0.037188559770584106
v 0.12449219822883606 0.2786312699317932 0.14070069789886475
v 0.10356882214546204 0.27606600522994995 0.03265519067645073
v 0.10057978332042694 0.27699384093284607 0.03032553941011429
v 0.12449219822883606 0.2786312699317932 0.14070069789886475
v 0.12449219822883606 0.2773759067058563 0.13415248692035675
v 0.10356882214546204 0.27606600522994995 0.03265519067645073
v 0.09314481914043427 0.2787950038909912 0.05790359154343605
v -0.13211436569690704 0.27874040603637695 0.04408308118581772
v -0.12764334678649902 0.2787950038909912 0.05790359154343605
v 0.09314481914043427 0.2787950038909912 0.05790359154343605
v 0.09314481914043427 0.27874040603637695 0.04408308118581772
v -0.13211436569690704 0.27874040603637695 0.04408308118581772
v 0.11384212970733643 -0.2786312699317932 0.26486489176750183
v 0.12449219822883606 -0.2787950038909912 0.2579703629016876
v 0.12449219822883606 -0.27857667207717896 0.26486489176750183
v 0.11384212970733643 -0.2786312699317932 0.26486489176750183
v 0.031027739867568016 -0.2787950038909912 0.2579703629016876
v 0.12449219822883606 -0.2787950038909912 0.2579703629016876
v 0.11384212970733643 -0.2786312699317932 0.26486489176750183
v 0.03793521970510483 -0.2786312699317932 0.26486489176750183
v 0.031027739867568016 -0.2787950038909912 0.2579703629016876
v 0.12074960768222809 -0.27781257033348083 0.27175939083099365
v 0.12449219822883606 -0.27814003825187683 0.26861122250556946
v 0.12449219822883606 -0.2777579724788666 0.27175939083099365
v 0.12074960768222809 -0.27781257033348083 0.27175939083099365
v 0.12449219822883606 -0.27857667207717896 0.26486489176750183
v 0.12449219822883606 -0.27814003825187683 0.26861122250556946
v 0.12074960768222809 -0.27781257033348083 0.27175939083099365
v 0.11384212970733643 -0.2786312699317932 0.26486489176750183
v 0.12449219822883606 -0.27857667207717896 0.26486489176750183
v 0.12449219822883606 -0.2787950038909912 0.14441555738449097
v 0.09314481914043427 -0.27874040603637695 0.04408308118581772
v 0.09314481914043427 -0.2786858379840851 0.037188559770584106
v 0.09314481914043427 0.2775942385196686 0.023399529978632927
v 0.09314481914043427 0.2764480412006378 0.018488390371203423
v 0.0862373411655426 0.2764480412006378 0.018488390371203423
v 0.09314481914043427 0.2775942385196686 0.023399529978632927
v 0.09749024361371994 0.2762843072414398 0.018960610032081604
v 0.09314481914043427 0.2764480412006378 0.018488390371203423
v 0.09882151335477829 0.2767755389213562 0.023399529978632927
v 0.09749024361371994 0.2762843072414398 0.018960610032081604
v 0.09314481914043427 0.2775942385196686 0.023399529978632927
v 0.10326741635799408 0.2751927375793457 0.028058849275112152
v 0.09749024361371994 0.2762843072414398 0.018960610032081604
v 0.09882151335477829 0.2767755389213562 0.023399529978632927
v 0.10326741635799408 0.2751927375793457 0.028058849275112152
v 0.10226268321275711 0.27388280630111694 0.023399529978632927
v 0.09749024361371994 0.2762843072414398 0.018960610032081604
v 0.1035437136888504 0.26935264468193054 0.019558759406208992
v 0.12449219822883606 0.15309709310531616 -0.0015025599859654903
v 0.09992670267820358 0.2656412124633789 0.009579040110111237
v 0.1035437136888504 0.26935264468193054 0.019558759406208992
v 0.10226268321275711 0.27388280630111694 0.023399529978632927
v 0.10326741635799408 0.2751927375793457 0.028058849275112152
v 0.1035437136888504 0.26935264468193054 0.019558759406208992
v 0.10030346363782883 0.2724091410636902 0.016945770010352135
v 0.10226268321275711 0.27388280630111694 0.023399529978632927
v 0.1035437136888504 0.26935264468193054 0.019558759406208992
v 0.09811819344758987 0.2704988420009613 0.009579040110111237
v 0.10030346363782883 0.2724091410636902 0.016945770010352135
v 0.1035437136888504 0.26935264468193054 0.019558759406208992
v 0.09992670267820358 0.2656412124633789 0.009579040110111237
v 0.09811819344758987 0.2704988420009613 0.009579040110111237
v 0.12449219822883606 0.2750289738178253 0.13075244426727295
v 0.12449219822883606 0.15309709310531616 -0.0015025599859654903
v 0.1035437136888504 0.26935264468193054 0.019558759406208992
v 0.12449219822883606 -0.2787950038909912 0.14441555738449097
v 0.09314481914043427 -0.2784675061702728 0.03029404953122139
v 0.12449219822883606 -0.2786312699317932 0.14070069789886475
v 0.12449219822883606 -0.2787950038909912 0.14441555738449097
v 0.09314481914043427 -0.2786858379840851 0.037188559770584106
v 0.09314481914043427 -0.2784675061702728 0.03029404953122139
v 0.09314481914043427 0.2775942385196686 0.023399529978632927
v 0.0862373411655426 0.2764480412006378 0.018488390371203423
v 0.05172505974769592 0.2775942385196686 0.023399529978632927
v 0.12449219822883606 -0.2787950038909912 0.14441555738449097
v 0.09314481914043427 -0.2787950038909912 0.05790359154343605
v 0.09314481914043427 -0.27874040603637695 0.04408308118581772
v 0.024145379662513733 -0.27874040603637695 0.2579703629016876
v 0.01723789982497692 -0.2787950038909912 0.2510443925857544
v 0.031027739867568016 -0.2787950038909912 0.2579703629016876
v 0.024145379662513733 -0.27874040603637695 0.2579703629016876
v -0.031039100140333176 -0.27874040603637695 0.21657182276248932
v 0.01723789982497692 -0.2787950038909912 0.2510443925857544
v 0.01723789982497692 -0.27857667207717896 0.2579703629016876
v 0.01033041998744011 -0.2781946063041687 0.2579703629016876
v -0.06552626192569733 -0.2784675061702728 0.19585679471492767
v 0.01723789982497692 -0.27857667207717896 0.2579703629016876
v -0.031039100140333176 -0.27874040603637695 0.21657182276248932
v 0.024145379662513733 -0.27874040603637695 0.2579703629016876
v 0.01723789982497692 -0.27857667207717896 0.2579703629016876
v -0.01724926009774208 -0.2786312699317932 0.23036083579063416
v -0.031039100140333176 -0.27874040603637695 0.21657182276248932
v 0.01723789982497692 -0.27857667207717896 0.2579703629016876
v -0.10694600641727448 -0.2786312699317932 0.1613527536392212
v -0.01724926009774208 -0.2786312699317932 0.23036083579063416
v 0.01723789982497692 -0.27857667207717896 0.2579703629016876
v -0.06552626192569733 -0.2784675061702728 0.19585679471492767
v -0.10694600641727448 -0.2786312699317932 0.1613527536392212
v 0.01723789982497692 -0.2780308723449707 0.26486489176750183
v 0.01723789982497692 -0.27857667207717896 0.2579703629016876
v 0.024145379662513733 -0.27841293811798096 0.26486489176750183
v 0.01723789982497692 -0.2780308723449707 0.26486489176750183
v 0.01033041998744011 -0.2781946063041687 0.2579703629016876
v 0.01723789982497692 -0.27857667207717896 0.2579703629016876
v 0.01723789982497692 -0.2780308723449707 0.26486489176750183
v -0.010341780260205269 -0.27797630429267883 0.24414986371994019
v 0.01033041998744011 -0.2781946063041687 0.2579703629016876
v 0.01723789982497692 -0.2780308723449707 0.26486489176750183
v 0.0034480600152164698 -0.2775396406650543 0.2579703629016876
v -0.010341780260205269 -0.27797630429267883 0.24414986371994019
v 0.01033041998744011 -0.27732133865356445 0.26486489176750183
v 0.0034480600152164698 -0.2775396406650543 0.2579703629016876
v 0.01723789982497692 -0.2780308723449707 0.26486489176750183
v -0.12764334678649902 -0.27781257033348083 0.15445823967456818
v -0.13211436569690704 -0.2779217064380646 0.1500193029642105
v -0.10694600641727448 -0.27808547019958496 0.1682472676038742
v -0.10694600641727448 -0.2786312699317932 0.1613527536392212
v -0.031039100140333176 -0.27874040603637695 0.21657182276248932
v -0.01724926009774208 -0.2786312699317932 0.23036083579063416
v -0.10694600641727448 -0.2786312699317932 0.1613527536392212
v -0.1138283833861351 -0.2786858379840851 0.15445823967456818
v -0.031039100140333176 -0.27874040603637695 0.21657182276248932
v -0.10694600641727448 -0.2786312699317932 0.1613527536392212
v -0.13211436569690704 -0.2786312699317932 0.14070069789886475
v -0.1138283833861351 -0.2786858379840851 0.15445823967456818
v -0.10694600641727448 -0.2786312699317932 0.1613527536392212
v -0.13211436569690704 -0.2785221040248871 0.1431247889995575
v -0.13211436569690704 -0.2786312699317932 0.14070069789886475
v -0.10694600641727448 -0.2786312699317932 0.1613527536392212
v -0.12764334678649902 -0.2784675061702728 0.14759521186351776
v -0.13211436569690704 -0.2785221040248871 0.1431247889995575
v -0.06552626192569733 -0.2784675061702728 0.19585679471492767
v -0.08624870330095291 -0.27830377221107483 0.18206776678562164
v -0.12764334678649902 -0.2784675061702728 0.14759521186351776
v -0.06552626192569733 -0.2784675061702728 0.19585679471492767
v -0.12764334678649902 -0.2784675061702728 0.14759521186351776
v -0.10694600641727448 -0.2786312699317932 0.1613527536392212
v 0.01033041998744011 -0.2781946063041687 0.2579703629016876
v -0.08624870330095291 -0.27830377221107483 0.18206776678562164
v -0.06552626192569733 -0.2784675061702728 0.19585679471492767
v 0.01033041998744011 -0.2781946063041687 0.2579703629016876
v -0.1138283833861351 -0.27824920415878296 0.1613527536392212
v -0.08624870330095291 -0.27830377221107483 0.18206776678562164
v -0.010341780260205269 -0.27797630429267883 0.24414986371994019
v -0.1138283833861351 -0.27824920415878296 0.1613527536392212
v 0.01033041998744011 -0.2781946063041687 0.2579703629016876
v -0.010341780260205269 -0.27797630429267883 0.24414986371994019
v -0.10694600641727448 -0.27808547019958496 0.1682472676038742
v -0.1138283833861351 -0.27824920415878296 0.1613527536392212
v -0.12764334678649902 -0.27781257033348083 0.15445823967456818
v -0.010341780260205269 -0.27797630429267883 0.24414986371994019
v 0.0034480600152164698 -0.2775396406650543 0.2579703629016876
v -0.12764334678649902 -0.27781257033348083 0.15445823967456818
v -0.10694600641727448 -0.27808547019958496 0.1682472676038742
v -0.010341780260205269 -0.27797630429267883 0.24414986371994019
v 0.01033041998744011 -0.27732133865356445 0.26486489176750183
v -0.12764334678649902 -0.27781257033348083 0.15445823967456818
v 0.0034480600152164698 -0.2775396406650543 0.2579703629016876
v -0.13211436569690704 -0.2767755389213562 0.15691381692886353
v -0.12764334678649902 -0.27781257033348083 0.15445823967456818
v -0.03792145848274231 -0.2767755389213562 0.23045529425144196
v -0.13211436569690704 -0.2767755389213562 0.15691381692886353
v -0.13211436569690704 -0.2779217064380646 0.1500193029642105
v -0.12764334678649902 -0.27781257033348083 0.15445823967456818
v -0.12764334678649902 0.27874040603637695 0.14070069789886475
v -0.12764334678649902 0.2787950038909912 0.13377469778060913
v -0.13211436569690704 0.2787950038909912 0.12688018381595612
v -0.12073586136102676 0.2787950038909912 0.14070069789886475
v -0.12764334678649902 0.2787950038909912 0.13377469778060913
v -0.12764334678649902 0.27874040603637695 0.14070069789886475
v -0.12764334678649902 0.2783583700656891 0.03029404953122139
v -0.13211436569690704 0.27830377221107483 0.03029404953122139
v -0.13211436569690704 0.2785221040248871 0.03476446121931076
v -0.12764334678649902 0.2783583700656891 0.03029404953122139
v -0.13211436569690704 0.27797630429267883 0.02783847041428089
v -0.13211436569690704 0.27830377221107483 0.03029404953122139
v -0.12764334678649902 0.2783583700656891 0.03029404953122139
v -0.13211436569690704 0.2773759067058563 0.023399529978632927
v -0.13211436569690704 0.27797630429267883 0.02783847041428089
v -0.12764334678649902 0.2783583700656891 0.03029404953122139
v -0.10003852844238281 0.2774305045604706 0.023399529978632927
v -0.13211436569690704 0.2773759067058563 0.023399529978632927
v -0.08624870330095291 0.27841293811798096 0.03029404953122139
v -0.10003852844238281 0.2774305045604706 0.023399529978632927
v -0.12764334678649902 0.2783583700656891 0.03029404953122139
v -0.08624870330095291 0.27841293811798096 0.03029404953122139
v -0.01724926009774208 0.2775396406650543 0.023399529978632927
v -0.10003852844238281 0.2774305045604706 0.023399529978632927
v -0.13211436569690704 0.2786312699317932 0.037188559770584106
v -0.12764334678649902 0.2783583700656891 0.03029404953122139
v -0.13211436569690704 0.2785221040248871 0.03476446121931076
v -0.03794658184051514 0.2784675061702728 0.03029404953122139
v -0.01724926009774208 0.2775396406650543 0.023399529978632927
v -0.08624870330095291 0.27841293811798096 0.03029404953122139
v -0.03794658184051514 0.2784675061702728 0.03029404953122139
v 0.05172505974769592 0.2775942385196686 0.023399529978632927
v -0.01724926009774208 0.2775396406650543 0.023399529978632927
v 0.10356882214546204 0.27606600522994995 0.03265519067645073
v 0.10326741635799408 0.2751927375793457 0.028058849275112152
v 0.09882151335477829 0.2767755389213562 0.023399529978632927
v -0.1138283833861351 0.2787950038909912 0.14759521186351776
v -0.12764334678649902 0.27874040603637695 0.14070069789886475
v -0.12073586136102676 0.27874040603637695 0.14759521186351776
v -0.1138283833861351 0.2787950038909912 0.14759521186351776
v -0.12073586136102676 0.2787950038909912 0.14070069789886475
v -0.12764334678649902 0.27874040603637695 0.14070069789886475
v -0.1138283833861351 0.2786858379840851 0.037188559770584106
v -0.12764334678649902 0.2783583700656891 0.03029404953122139
v -0.13211436569690704 0.2786312699317932 0.037188559770584106
v -0.1138283833861351 0.2786858379840851 0.037188559770584106
v -0.08624870330095291 0.27841293811798096 0.03029404953122139
v -0.12764334678649902 0.2783583700656891 0.03029404953122139
v -0.1138283833861351 0.2786858379840851 0.037188559770584106
v -0.03794658184051514 0.2784675061702728 0.03029404953122139
v -0.08624870330095291 0.27841293811798096 0.03029404953122139
v -0.1138283833861351 0.2786858379840851 0.037188559770584106
v -0.13211436569690704 0.2786312699317932 0.037188559770584106
v -0.13211436569690704 0.27874040603637695 0.04408308118581772
v 0.058632541447877884 0.2784675061702728 0.03029404953122139
v 0.05172505974769592 0.2775942385196686 0.023399529978632927
v -0.03794658184051514 0.2784675061702728 0.03029404953122139
v 0.058632541447877884 0.2784675061702728 0.03029404953122139
v 0.09314481914043427 0.2775942385196686 0.023399529978632927
v 0.05172505974769592 0.2775942385196686 0.023399529978632927
v 0.09314481914043427 0.27841293811798096 0.03029404953122139
v 0.09314481914043427 0.2775942385196686 0.023399529978632927
v 0.058632541447877884 0.2784675061702728 0.03029404953122139
v 0.09314481914043427 0.27841293811798096 0.03029404953122139
v 0.09882151335477829 0.2767755389213562 0.023399529978632927
v 0.09314481914043427 0.2775942385196686 0.023399529978632927
v 0.10057978332042694 0.27699384093284607 0.03032553941011429
v 0.09314481914043427 0.27841293811798096 0.03029404953122139
v 0.1000271663069725 0.2775396406650543 0.037188559770584106
v 0.10057978332042694 0.27699384093284607 0.03032553941011429
v 0.09882151335477829 0.2767755389213562 0.023399529978632927
v 0.09314481914043427 0.27841293811798096 0.03029404953122139
v 0.10356882214546204 0.27606600522994995 0.03265519067645073
v 0.09882151335477829 0.2767755389213562 0.023399529978632927
v 0.10057978332042694 0.27699384093284607 0.03032553941011429
v -0.12073586136102676 0.27874040603637695 0.14759521186351776
v -0.12764334678649902 0.27874040603637695 0.14070069789886475
v -0.13211436569690704 0.2786858379840851 0.14070069789886475
v 0.12449219822883606 0.2773759067058563 0.13415248692035675
v 0.10326741635799408 0.2751927375793457 0.028058849275112152
v 0.10356882214546204 0.27606600522994995 0.03265519067645073
v 0.12449219822883606 0.2773759067058563 0.13415248692035675
v 0.1035437136888504 0.26935264468193054 0.019558759406208992
v 0.10326741635799408 0.2751927375793457 0.028058849275112152
v 0.12449219822883606 0.2773759067058563 0.13415248692035675
v 0.12449219822883606 0.2750289738178253 0.13075244426727295
v 0.1035437136888504 0.26935264468193054 0.019558759406208992
v -0.12764334678649902 0.2787950038909912 0.05790359154343605
v -0.13211436569690704 0.27874040603637695 0.04408308118581772
v -0.13211436569690704 0.2787950038909912 0.08548162877559662
v 0.12449219822883606 -0.2787950038909912 0.2579703629016876
v 0.09314481914043427 -0.2787950038909912 0.05790359154343605
v 0.12449219822883606 -0.2787950038909912 0.14441555738449097
v 0.12449219822883606 -0.2787950038909912 0.2579703629016876
v -0.12764334678649902 -0.2787950038909912 0.05790359154343605
v 0.09314481914043427 -0.2787950038909912 0.05790359154343605
v 0.12449219822883606 -0.2787950038909912 0.2579703629016876
v -0.13211436569690704 -0.2787950038909912 0.08548162877559662
v -0.12764334678649902 -0.2787950038909912 0.05790359154343605
v 0.12449219822883606 -0.2787950038909912 0.2579703629016876
v -0.13211436569690704 -0.2787950038909912 0.12933577597141266
v -0.13211436569690704 -0.2787950038909912 0.08548162877559662
v 0.12449219822883606 -0.2787950038909912 0.2579703629016876
v -0.12073586136102676 -0.2787950038909912 0.14070069789886475
v -0.13211436569690704 -0.2787950038909912 0.12933577597141266
v 0.12449219822883606 -0.2787950038909912 0.2579703629016876
v -0.1138283833861351 -0.2787950038909912 0.14759521186351776
v -0.12073586136102676 -0.2787950038909912 0.14070069789886475
v 0.12449219822883606 -0.2787950038909912 0.2579703629016876
v -0.04482894018292427 -0.2787950038909912 0.2027513086795807
v -0.1138283833861351 -0.2787950038909912 0.14759521186351776
v 0.12449219822883606 -0.2787950038909912 0.2579703629016876
v 0.01723789982497692 -0.2787950038909912 0.2510443925857544
v -0.04482894018292427 -0.2787950038909912 0.2027513086795807
v 0.12449219822883606 -0.2787950038909912 0.2579703629016876
v 0.031027739867568016 -0.2787950038909912 0.2579703629016876
v 0.01723789982497692 -0.2787950038909912 0.2510443925857544
v -0.08624870330095291 0.27764880657196045 0.18896228075027466
v -0.12073586136102676 0.2777034044265747 0.1613527536392212
v -0.12746749818325043 0.27672094106674194 0.1613212674856186
v 0.01033041998744011 -0.27732133865356445 0.26486489176750183
v -0.03792145848274231 -0.2767755389213562 0.23045529425144196
v -0.12764334678649902 -0.27781257033348083 0.15445823967456818
v -0.003308709943667054 -0.2766663730144501 0.2580018639564514
v -0.03792145848274231 -0.2767755389213562 0.23045529425144196
v 0.01033041998744011 -0.27732133865356445 0.26486489176750183
v -0.00840768963098526 -0.2763389050960541 0.2557036876678467
v -0.03792145848274231 -0.2767755389213562 0.23045529425144196
v -0.003308709943667054 -0.2766663730144501 0.2580018639564514
v -0.00840768963098526 -0.2763389050960541 0.2557036876678467
v -0.13211436569690704 -0.2767755389213562 0.15691381692886353
v -0.03792145848274231 -0.2767755389213562 0.23045529425144196
v -0.13211436569690704 -0.2763389050960541 0.15905457735061646
v -0.00840768963098526 -0.2763389050960541 0.2557036876678467
v -0.03558548167347908 -0.2762843072414398 0.23470532894134521
v -0.13211436569690704 -0.2763389050960541 0.15905457735061646
v -0.13211436569690704 -0.2767755389213562 0.15691381692886353
v -0.00840768963098526 -0.2763389050960541 0.2557036876678467
v -0.13211436569690704 -0.27180877327919006 0.1712065488100052
v -0.13211436569690704 -0.2730095088481903 0.168121337890625
v -0.10694600641727448 -0.27262747287750244 0.18896228075027466
v -0.12746749818325043 0.27672094106674194 0.1613212674856186
v -0.13211436569690704 0.2772667407989502 0.15461565554141998
v -0.13211436569690704 0.2763389050960541 0.15921199321746826
v -0.12746749818325043 0.27672094106674194 0.1613212674856186
v -0.12073586136102676 0.2777034044265747 0.1613527536392212
v -0.13211436569690704 0.2772667407989502 0.15461565554141998
v -0.1250561773777008 0.27622973918914795 0.16550834476947784
v -0.12746749818325043 0.27672094106674194 0.1613212674856186
v -0.13211436569690704 0.2763389050960541 0.15921199321746826
v -0.1250561773777008 0.27622973918914795 0.16550834476947784
v -0.09287986904382706 0.2766663730144501 0.18886783719062805
v -0.12746749818325043 0.27672094106674194 0.1613212674856186
v -0.1250561773777008 0.27622973918914795 0.16550834476947784
v -0.12216757982969284 0.27541103959083557 0.17010469734668732
v -0.11757098138332367 0.27606600522994995 0.17193062603473663
v -0.08624870330095291 0.27764880657196045 0.18896228075027466
v -0.12746749818325043 0.27672094106674194 0.1613212674856186
v -0.07934121787548065 0.2773759067058563 0.19585679471492767
v -0.13211436569690704 -0.26935264468193054 0.17709365487098694
v -0.13211436569690704 -0.27044424414634705 0.1745436191558838
v -0.11885198950767517 -0.2697347104549408 0.18672707676887512
v -0.12764334678649902 0.2779217064380646 0.15445823967456818
v -0.13211436569690704 0.2772667407989502 0.15461565554141998
v -0.12073586136102676 0.2777034044265747 0.1613527536392212
v -0.12764334678649902 0.2779217064380646 0.15445823967456818
v -0.13211436569690704 0.27824920415878296 0.14759521186351776
v -0.13211436569690704 0.2772667407989502 0.15461565554141998
v -0.12764334678649902 0.2779217064380646 0.15445823967456818
v -0.08624870330095291 0.27764880657196045 0.18896228075027466
v -0.058643899857997894 0.27781257033348083 0.2096458226442337
v -0.12764334678649902 0.2779217064380646 0.15445823967456818
v -0.12073586136102676 0.2777034044265747 0.1613527536392212
v -0.08624870330095291 0.27764880657196045 0.18896228075027466
v -0.10694600641727448 0.27824920415878296 0.1682472676038742
v -0.13211436569690704 0.27824920415878296 0.14759521186351776
v -0.12764334678649902 0.2779217064380646 0.15445823967456818
v -0.10694600641727448 0.27824920415878296 0.1682472676038742
v -0.1138283833861351 0.2783583700656891 0.1613527536392212
v -0.13211436569690704 0.27824920415878296 0.14759521186351776
v -0.058643899857997894 0.2785221040248871 0.2027513086795807
v -0.10694600641727448 0.27824920415878296 0.1682472676038742
v -0.05173641815781593 0.27841293811798096 0.2096458226442337
v -0.058643899857997894 0.2785221040248871 0.2027513086795807
v -0.1138283833861351 0.2783583700656891 0.1613527536392212
v -0.10694600641727448 0.27824920415878296 0.1682472676038742
v -0.12764334678649902 0.2785221040248871 0.14759521186351776
v -0.1138283833861351 0.2783583700656891 0.1613527536392212
v -0.058643899857997894 0.2785221040248871 0.2027513086795807
v -0.12764334678649902 0.2785221040248871 0.14759521186351776
v -0.13211436569690704 0.27824920415878296 0.14759521186351776
v -0.1138283833861351 0.2783583700656891 0.1613527536392212
v -0.13211436569690704 0.2786858379840851 0.14070069789886475
v -0.12764334678649902 0.27874040603637695 0.14070069789886475
v -0.13211436569690704 0.2787950038909912 0.12688018381595612
v -0.13211436569690704 0.2786858379840851 0.14070069789886475
v -0.13211436569690704 0.27824920415878296 0.14759521186351776
v -0.12764334678649902 0.2785221040248871 0.14759521186351776
v 0.11384212970733643 -0.23802368342876434 0.31328389048576355
v 0.1142440214753151 -0.24533742666244507 0.311048686504364
v 0.11680606007575989 -0.24784809350967407 0.3094745874404907
v 0.11384212970733643 0.2652045786380768 0.2992430031299591
v 0.05172505974769592 0.26869767904281616 0.2954022288322449
v 0.04484270140528679 0.26869767904281616 0.2954022288322449
v 0.11384212970733643 0.2652045786380768 0.2992430031299591
v 0.11384212970733643 0.26869767904281616 0.2953707277774811
v 0.05172505974769592 0.26869767904281616 0.2954022288322449
v 0.05172505974769592 0.2584912180900574 0.30516159534454346
v 0.04484270140528679 0.2619297504425049 0.3026115596294403
v 0.04484270140528679 0.2584912180900574 0.30513009428977966
v 0.1000271663069725 0.262038916349411 0.3027060031890869
v 0.04484270140528679 0.26525914669036865 0.2991485595703125
v 0.04484270140528679 0.2619297504425049 0.3026115596294403
v 0.1000271663069725 0.262038916349411 0.3027060031890869
v 0.04484270140528679 0.26869767904281616 0.2954022288322449
v 0.04484270140528679 0.26525914669036865 0.2991485595703125
v 0.1000271663069725 0.262038916349411 0.3027060031890869
v 0.09314481914043427 0.2652045786380768 0.2992430031299591
v 0.04484270140528679 0.26869767904281616 0.2954022288322449
v 0.1000271663069725 0.262038916349411 0.3027060031890869
v 0.04484270140528679 0.2619297504425049 0.3026115596294403
v 0.05172505974769592 0.2584912180900574 0.30516159534454346
v 0.12074960768222809 0.26853394508361816 0.2953707277774811
v 0.12074960768222809 0.2708263099193573 0.29190775752067566
v 0.11384212970733643 0.26869767904281616 0.2953707277774811
v 0.12074960768222809 0.26853394508361816 0.2953707277774811
v 0.11384212970733643 0.26869767904281616 0.2953707277774811
v 0.11384212970733643 0.2652045786380768 0.2992430031299591
v 0.12449219822883606 0.26978927850723267 0.29326143860816956
v 0.12074960768222809 0.2708263099193573 0.29190775752067566
v 0.12074960768222809 0.26853394508361816 0.2953707277774811
v 0.12449219822883606 0.26978927850723267 0.29326143860816956
v 0.12449219822883606 0.2708263099193573 0.29168736934661865
v 0.12074960768222809 0.2708263099193573 0.29190775752067566
v 0.12449219822883606 -0.23114660382270813 0.31133198738098145
v 0.11680606007575989 -0.24784809350967407 0.3094745874404907
v 0.12449219822883606 -0.2590370178222656 0.30018746852874756
v 0.11384212970733643 -0.23802368342876434 0.31328389048576355
v 0.11680606007575989 -0.24784809350967407 0.3094745874404907
v 0.12449219822883606 -0.23114660382270813 0.31133198738098145
v 0.11384212970733643 0.2652045786380768 0.2992430031299591
v 0.04484270140528679 0.26869767904281616 0.2954022288322449
v 0.09314481914043427 0.2652045786380768 0.2992430031299591
v 0.11384212970733643 -0.23802368342876434 0.31328389048576355
v 0.11220946162939072 -0.24932175874710083 0.31016719341278076
v 0.1142440214753151 -0.24533742666244507 0.311048686504364
v 0.11384212970733643 -0.23802368342876434 0.31328389048576355
v 0.10693465173244476 -0.24490076303482056 0.3122135102748871
v 0.11220946162939072 -0.24932175874710083 0.31016719341278076
v 0.09314481914043427 -0.24490076303482056 0.3122449815273285
v 0.10693465173244476 -0.24975840747356415 0.3103875517845154
v 0.10693465173244476 -0.24490076303482056 0.3122135102748871
v 0.09314481914043427 -0.24490076303482056 0.3122449815273285
v 0.0862373411655426 -0.24970382452011108 0.3104190528392792
v 0.10693465173244476 -0.24975840747356415 0.3103875517845154
v 0.09314481914043427 -0.24490076303482056 0.3122449815273285
v 0.05172505974769592 -0.24975840747356415 0.3103875517845154
v 0.0862373411655426 -0.24970382452011108 0.3104190528392792
v 0.09314481914043427 -0.24490076303482056 0.3122449815273285
v 0.04484270140528679 -0.24970382452011108 0.3103875517845154
v 0.05172505974769592 -0.24975840747356415 0.3103875517845154
v 0.0862373411655426 -0.24490076303482056 0.3122135102748871
v 0.04484270140528679 -0.24970382452011108 0.3103875517845154
v 0.09314481914043427 -0.24490076303482056 0.3122449815273285
v 0.03793521970510483 -0.24490076303482056 0.31196165084838867
v 0.04484270140528679 -0.24970382452011108 0.3103875517845154
v 0.0862373411655426 -0.24490076303482056 0.3122135102748871
v 0.03793521970510483 -0.24490076303482056 0.31196165084838867
v 0.03793521970510483 -0.24959465861320496 0.3102931082248688
v 0.04484270140528679 -0.24970382452011108 0.3103875517845154
v 0.031027739867568016 -0.24490076303482056 0.31167832016944885
v 0.03793521970510483 -0.24959465861320496 0.3102931082248688
v 0.03793521970510483 -0.24490076303482056 0.31196165084838867
v 0.031027739867568016 -0.24490076303482056 0.31167832016944885
v 0.031027739867568016 -0.24915800988674164 0.31004124879837036
v 0.03793521970510483 -0.24959465861320496 0.3102931082248688
v 0.031027739867568016 -0.24490076303482056 0.31167832016944885
v 0.026958610862493515 -0.24866680800914764 0.30985236167907715
v 0.031027739867568016 -0.24915800988674164 0.31004124879837036
v 0.031027739867568016 -0.24490076303482056 0.31167832016944885
v 0.024446800351142883 -0.24506452679634094 0.310702383518219
v 0.026958610862493515 -0.24866680800914764 0.30985236167907715
v 0.008572150021791458 -0.16903448104858398 0.3090968132019043
v 0.0034480600152164698 0.21733784675598145 0.30667269229888916
v 0.0034480600152164698 0.21040616929531097 0.30667269229888916
v -0.0034594200551509857 0.24495534598827362 0.2993689179420471
v -0.006674540229141712 0.24806642532348633 0.2957485318183899
v -0.008081150241196156 0.24348169565200806 0.29678744077682495
v -0.0034594200551509857 0.24495534598827362 0.2993689179420471
v -0.001776510034687817 0.2518324553966522 0.2971022427082062
v -0.006674540229141712 0.24806642532348633 0.2957485318183899
v 0.0016144399996846914 0.2463744431734085 0.30191895365715027
v -0.001776510034687817 0.2518324553966522 0.2971022427082062
v -0.0034594200551509857 0.24495534598827362 0.2993689179420471
v 0.0016144399996846914 0.2463744431734085 0.30191895365715027
v 0.003724359907209873 0.2515595555305481 0.3005022704601288
v -0.001776510034687817 0.2518324553966522 0.2971022427082062
v 0.006211049854755402 0.24910344183444977 0.30314674973487854
v 0.003724359907209873 0.2515595555305481 0.3005022704601288
v 0.0016144399996846914 0.2463744431734085 0.30191895365715027
v 0.006211049854755402 0.24910344183444977 0.30314674973487854
v 0.008747979998588562 0.25368818640708923 0.30195045471191406
v 0.003724359907209873 0.2515595555305481 0.3005022704601288
v 0.010757430456578732 0.2515595555305481 0.3039022982120514
v 0.008747979998588562 0.25368818640708923 0.30195045471191406
v 0.006211049854755402 0.24910344183444977 0.30314674973487854
v 0.010757430456578732 0.2515595555305481 0.3039022982120514
v 0.013344589620828629 0.25554388761520386 0.30298933386802673
v 0.008747979998588562 0.25368818640708923 0.30195045471191406
v 0.01723789982497692 0.2562534213066101 0.30355599522590637
v 0.01723789982497692 0.2597465515136719 0.3007856011390686
v 0.013344589620828629 0.25554388761520386 0.30298933386802673
v 0.01723789982497692 0.2562534213066101 0.30355599522590637
v 0.024145379662513733 0.26089274883270264 0.30176153779029846
v 0.01723789982497692 0.2597465515136719 0.3007856011390686
v 0.01723789982497692 0.2518324553966522 0.3060115873813629
v 0.01723789982497692 0.2562534213066101 0.30355599522590637
v 0.013344589620828629 0.25554388761520386 0.30298933386802673
v 0.01723789982497692 0.2518324553966522 0.3060115873813629
v 0.013344589620828629 0.25554388761520386 0.30298933386802673
v 0.010757430456578732 0.2515595555305481 0.3039022982120514
v 0.008572150021791458 -0.16903448104858398 0.3090968132019043
v 0.0034480600152164698 0.21040616929531097 0.30667269229888916
v 0.0034480600152164698 -0.21040616929531097 0.30664122104644775
v 0.10693465173244476 -0.23802368342876434 0.3139135241508484
v 0.10693465173244476 -0.24490076303482056 0.3122135102748871
v 0.11384212970733643 -0.23802368342876434 0.31328389048576355
v 0.008572150021791458 -0.16903448104858398 0.3090968132019043
v 0.0034480600152164698 -0.21040616929531097 0.30664122104644775
v 0.008798220194876194 -0.21733784675598145 0.3090338408946991
v 0.008521920070052147 0.22421492636203766 0.3090653121471405
v 0.0034480600152164698 0.21733784675598145 0.30667269229888916
v 0.008572150021791458 -0.16903448104858398 0.3090968132019043
v 0.008521920070052147 0.22421492636203766 0.3090653121471405
v 0.0034480600152164698 0.22421492636203766 0.30664122104644775
v 0.0034480600152164698 0.21733784675598145 0.30667269229888916
v 0.008521920070052147 0.22421492636203766 0.3090653121471405
v 0.0034480600152164698 0.23114660382270813 0.30632641911506653
v 0.0034480600152164698 0.22421492636203766 0.30664122104644775
v 0.008923809975385666 0.23114660382270813 0.3088764250278473
v 0.0034480600152164698 0.23114660382270813 0.30632641911506653
v 0.008521920070052147 0.22421492636203766 0.3090653121471405
v 0.008923809975385666 0.23114660382270813 0.3088764250278473
v 0.0034480600152164698 0.23802368342876434 0.3054448962211609
v 0.0034480600152164698 0.23114660382270813 0.30632641911506653
v 0.024145379662513733 0.25745418667793274 0.3044374883174896
v 0.024145379662513733 0.26089274883270264 0.30176153779029846
v 0.01723789982497692 0.2562534213066101 0.30355599522590637
v 0.024145379662513733 0.25745418667793274 0.3044374883174896
v 0.031027739867568016 0.2616022825241089 0.3023597002029419
v 0.024145379662513733 0.26089274883270264 0.30176153779029846
v 0.031027739867568016 0.2581637501716614 0.30500417947769165
v 0.031027739867568016 0.2616022825241089 0.3023597002029419
v 0.024145379662513733 0.25745418667793274 0.3044374883174896
v 0.031027739867568016 0.2581637501716614 0.30500417947769165
v 0.03793521970510483 0.261875182390213 0.3025800585746765
v 0.031027739867568016 0.2616022825241089 0.3023597002029419
v 0.03793521970510483 0.2584366500377655 0.30513009428977966
v 0.03793521970510483 0.261875182390213 0.3025800585746765
v 0.031027739867568016 0.2581637501716614 0.30500417947769165
v 0.03793521970510483 0.2584366500377655 0.30513009428977966
v 0.04484270140528679 0.2619297504425049 0.3026115596294403
v 0.03793521970510483 0.261875182390213 0.3025800585746765
v 0.04484270140528679 0.2584912180900574 0.30513009428977966
v 0.04484270140528679 0.2619297504425049 0.3026115596294403
v 0.03793521970510483 0.2584366500377655 0.30513009428977966
v 0.031027739867568016 0.25259658694267273 0.30843567848205566
v 0.031027739867568016 0.2581637501716614 0.30500417947769165
v 0.024145379662513733 0.25745418667793274 0.3044374883174896
v 0.016685299575328827 0.24506452679634094 0.3088764250278473
v 0.01723789982497692 0.2518324553966522 0.3060115873813629
v 0.010757430456578732 0.2515595555305481 0.3039022982120514
v 0.024446800351142883 0.25134122371673584 0.30802643299102783
v 0.01723789982497692 0.2562534213066101 0.30355599522590637
v 0.01723789982497692 0.2518324553966522 0.3060115873813629
v 0.024446800351142883 0.25134122371673584 0.30802643299102783
v 0.024145379662513733 0.25745418667793274 0.3044374883174896
v 0.01723789982497692 0.2562534213066101 0.30355599522590637
v 0.022361990064382553 0.247466042637825 0.3093486726284027
v 0.01723789982497692 0.2518324553966522 0.3060115873813629
v 0.016685299575328827 0.24506452679634094 0.3088764250278473
v 0.022361990064382553 0.247466042637825 0.3093486726284027
v 0.024446800351142883 0.25134122371673584 0.30802643299102783
v 0.01723789982497692 0.2518324553966522 0.3060115873813629
v 0.011988219805061817 -0.1483486294746399 0.3104190528392792
v 0.008521920070052147 0.22421492636203766 0.3090653121471405
v 0.008572150021791458 -0.16903448104858398 0.3090968132019043
v 0.011988219805061817 -0.1483486294746399 0.3104190528392792
v 0.008572150021791458 -0.16903448104858398 0.3090968132019043
v 0.012113809585571289 -0.22421492636203766 0.3103875517845154
v 0.011963100172579288 0.22421492636203766 0.3103875517845154
v 0.008521920070052147 0.22421492636203766 0.3090653121471405
v 0.011988219805061817 -0.1483486294746399 0.3104190528392792
v 0.01239010039716959 0.23114660382270813 0.3102301359176636
v 0.008521920070052147 0.22421492636203766 0.3090653121471405
v 0.011963100172579288 0.22421492636203766 0.3103875517845154
v 0.01239010039716959 0.23114660382270813 0.3102301359176636
v 0.008923809975385666 0.23114660382270813 0.3088764250278473
v 0.008521920070052147 0.22421492636203766 0.3090653121471405
v 0.013118529692292213 0.23644086718559265 0.30994680523872375
v 0.010631839744746685 0.23846033215522766 0.30865606665611267
v 0.008923809975385666 0.23114660382270813 0.3088764250278473
v 0.013118529692292213 0.23644086718559265 0.30994680523872375
v 0.008923809975385666 0.23114660382270813 0.3088764250278473
v 0.01239010039716959 0.23114660382270813 0.3102301359176636
v 0.031027739867568016 0.25259658694267273 0.30843567848205566
v 0.024145379662513733 0.25745418667793274 0.3044374883174896
v 0.024446800351142883 0.25134122371673584 0.30802643299102783
v 0.016685299575328827 0.24506452679634094 0.3088764250278473
v 0.010757430456578732 0.2515595555305481 0.3039022982120514
v 0.01033041998744011 0.24490076303482056 0.30667269229888916
v 0.03793521970510483 0.25303319096565247 0.30859309434890747
v 0.031027739867568016 0.2581637501716614 0.30500417947769165
v 0.031027739867568016 0.25259658694267273 0.30843567848205566
v 0.03793521970510483 0.25303319096565247 0.30859309434890747
v 0.03793521970510483 0.2584366500377655 0.30513009428977966
v 0.031027739867568016 0.2581637501716614 0.30500417947769165
v 0.04484270140528679 0.253142386674881 0.30859309434890747
v 0.03793521970510483 0.2584366500377655 0.30513009428977966
v 0.03793521970510483 0.25303319096565247 0.30859309434890747
v 0.058632541447877884 0.2532515227794647 0.3086245656013489
v 0.03793521970510483 0.2584366500377655 0.30513009428977966
v 0.04484270140528679 0.253142386674881 0.30859309434890747
v 0.058632541447877884 0.2532515227794647 0.3086245656013489
v 0.04484270140528679 0.2584912180900574 0.30513009428977966
v 0.03793521970510483 0.2584366500377655 0.30513009428977966
v 0.058632541447877884 0.2532515227794647 0.3086245656013489
v 0.05172505974769592 0.2584912180900574 0.30516159534454346
v 0.04484270140528679 0.2584912180900574 0.30513009428977966
v 0.11384212970733643 0.262038916349411 0.3027060031890869
v 0.09314481914043427 0.2652045786380768 0.2992430031299591
v 0.1000271663069725 0.262038916349411 0.3027060031890869
v 0.11384212970733643 0.262038916349411 0.3027060031890869
v 0.11384212970733643 0.2652045786380768 0.2992430031299591
v 0.09314481914043427 0.2652045786380768 0.2992430031299591
v 0.11384212970733643 0.262038916349411 0.3027060031890869
v 0.12074960768222809 0.26853394508361816 0.2953707277774811
v 0.11384212970733643 0.2652045786380768 0.2992430031299591
v 0.10693465173244476 0.2586003839969635 0.30522453784942627
v 0.058632541447877884 0.2532515227794647 0.3086245656013489
v 0.1000271663069725 0.2533060908317566 0.30865606665611267
v 0.10693465173244476 0.2586003839969635 0.30522453784942627
v 0.05172505974769592 0.2584912180900574 0.30516159534454346
v 0.058632541447877884 0.2532515227794647 0.3086245656013489
v 0.10693465173244476 0.2586003839969635 0.30522453784942627
v 0.1000271663069725 0.262038916349411 0.3027060031890869
v 0.05172505974769592 0.2584912180900574 0.30516159534454346
v 0.10693465173244476 0.2586003839969635 0.30522453784942627
v 0.11384212970733643 0.262038916349411 0.3027060031890869
v 0.1000271663069725 0.262038916349411 0.3027060031890869
v 0.012113809585571289 -0.22421492636203766 0.3103875517845154
v 0.008572150021791458 -0.16903448104858398 0.3090968132019043
v 0.008798220194876194 -0.21733784675598145 0.3090338408946991
v 0.1000271663069725 -0.23802368342876434 0.3139449954032898
v 0.10693465173244476 -0.24490076303482056 0.3122135102748871
v 0.10693465173244476 -0.23802368342876434 0.3139135241508484
v 0.1000271663069725 -0.23802368342876434 0.3139449954032898
v 0.09314481914043427 -0.24490076303482056 0.3122449815273285
v 0.10693465173244476 -0.24490076303482056 0.3122135102748871
v 0.024145379662513733 -0.23802368342876434 0.3124968409538269
v 0.024446800351142883 -0.24506452679634094 0.310702383518219
v 0.031027739867568016 -0.24490076303482056 0.31167832016944885
v 0.024145379662513733 -0.23802368342876434 0.3124968409538269
v 0.018594279885292053 -0.24288131296634674 0.3102301359176636
v 0.024446800351142883 -0.24506452679634094 0.310702383518219
v 0.024145379662513733 -0.23802368342876434 0.3124968409538269
v 0.013997660018503666 -0.241080179810524 0.30966347455978394
v 0.018594279885292053 -0.24288131296634674 0.3102301359176636
v 0.024145379662513733 -0.23802368342876434 0.3124968409538269
v 0.016685299575328827 -0.23846033215522766 0.310702383518219
v 0.013997660018503666 -0.241080179810524 0.30966347455978394
v 0.01723789982497692 -0.23114660382270813 0.31174129247665405
v 0.016685299575328827 -0.23846033215522766 0.310702383518219
v 0.024145379662513733 -0.23802368342876434 0.3124968409538269
v 0.01723789982497692 -0.23114660382270813 0.31174129247665405
v 0.013997660018503666 -0.241080179810524 0.30966347455978394
v 0.016685299575328827 -0.23846033215522766 0.310702383518219
v 0.01723789982497692 -0.23114660382270813 0.31174129247665405
v 0.013143650256097317 -0.23649543523788452 0.30997830629348755
v 0.013997660018503666 -0.241080179810524 0.30966347455978394
v 0.01723789982497692 -0.23114660382270813 0.31174129247665405
v 0.01249057985842228 -0.23114660382270813 0.31026163697242737
v 0.013143650256097317 -0.23649543523788452 0.30997830629348755
v 0.012113809585571289 -0.22421492636203766 0.3103875517845154
v 0.01249057985842228 -0.23114660382270813 0.31026163697242737
v 0.01723789982497692 -0.23114660382270813 0.31174129247665405
v 0.012113809585571289 -0.22421492636203766 0.3103875517845154
v 0.008647509850561619 -0.22421492636203766 0.3089393973350525
v 0.01249057985842228 -0.23114660382270813 0.31026163697242737
v 0.012113809585571289 -0.22421492636203766 0.3103875517845154
v 0.008798220194876194 -0.21733784675598145 0.3090338408946991
v 0.008647509850561619 -0.22421492636203766 0.3089393973350525
v -0.008081150241196156 0.24348169565200806 0.29678744077682495
v -0.024156739935278893 0.24446414411067963 0.283942848443985
v -0.027798859402537346 0.2418442964553833 0.2822743058204651
v 0.01033041998744011 0.24490076303482056 0.30667269229888916
v 0.006211049854755402 0.24910344183444977 0.30314674973487854
v 0.003724359907209873 0.24440954625606537 0.3038393557071686
v 0.01033041998744011 0.24490076303482056 0.30667269229888916
v 0.010757430456578732 0.2515595555305481 0.3039022982120514
v 0.006211049854755402 0.24910344183444977 0.30314674973487854
v 0.010631839744746685 0.23846033215522766 0.30865606665611267
v 0.0034480600152164698 0.23802368342876434 0.3054448962211609
v 0.008923809975385666 0.23114660382270813 0.3088764250278473
v -0.00021918000129517168 0.24178971350193024 0.30292636156082153
v 0.0034480600152164698 0.23802368342876434 0.3054448962211609
v 0.010631839744746685 0.23846033215522766 0.30865606665611267
v -0.00021918000129517168 0.24178971350193024 0.30292636156082153
v -0.0007215500227175653 0.23802368342876434 0.30327269434928894
v 0.0034480600152164698 0.23802368342876434 0.3054448962211609
v -0.00021918000129517168 0.24178971350193024 0.30292636156082153
v -0.004137610085308552 0.23802368342876434 0.3009745180606842
v -0.0007215500227175653 0.23802368342876434 0.30327269434928894
v -0.00021918000129517168 0.24178971350193024 0.30292636156082153
v -0.009060760028660297 0.23802368342876434 0.297511488199234
v -0.004137610085308552 0.23802368342876434 0.3009745180606842
v -0.00021918000129517168 0.24178971350193024 0.30292636156082153
v -0.008081150241196156 0.24348169565200806 0.29678744077682495
v -0.009060760028660297 0.23802368342876434 0.297511488199234
v -0.00021918000129517168 0.24178971350193024 0.30292636156082153
v -0.0034594200551509857 0.24495534598827362 0.2993689179420471
v -0.008081150241196156 0.24348169565200806 0.29678744077682495
v -0.00021918000129517168 0.24178971350193024 0.30292636156082153
v 0.0016144399996846914 0.2463744431734085 0.30191895365715027
v -0.0034594200551509857 0.24495534598827362 0.2993689179420471
v -0.00021918000129517168 0.24178971350193024 0.30292636156082153
v 0.006211049854755402 0.24910344183444977 0.30314674973487854
v 0.0016144399996846914 0.2463744431734085 0.30191895365715027
v -0.00021918000129517168 0.24178971350193024 0.30292636156082153
v 0.003724359907209873 0.24440954625606537 0.3038393557071686
v 0.006211049854755402 0.24910344183444977 0.30314674973487854
v -0.00021918000129517168 0.24178971350193024 0.30292636156082153
v 0.01033041998744011 0.24490076303482056 0.30667269229888916
v 0.003724359907209873 0.24440954625606537 0.3038393557071686
v 0.03793521970510483 0.261875182390213 0.3025800585746765
v 0.031027739867568016 0.26493164896965027 0.2988967001438141
v 0.031027739867568016 0.2616022825241089 0.3023597002029419
v 0.013344589620828629 0.25554388761520386 0.30298933386802673
v 0.01249057985842228 0.26274845004081726 0.29647260904312134
v 0.010606720112264156 0.2586003839969635 0.2992115318775177
v 0.013344589620828629 0.25554388761520386 0.30298933386802673
v 0.01723789982497692 0.2597465515136719 0.3007856011390686
v 0.01249057985842228 0.26274845004081726 0.29647260904312134
v 0.0034480600152164698 -0.21040616929531097 0.30664122104644775
v -0.0016509200213477015 0.22421492636203766 0.30387082695961
v -0.0016258000396192074 -0.22421492636203766 0.3038393557071686
v 0.0034480600152164698 -0.21040616929531097 0.30664122104644775
v 0.0034480600152164698 0.21040616929531097 0.30667269229888916
v -0.0016509200213477015 0.22421492636203766 0.30387082695961
v 0.0034480600152164698 -0.21040616929531097 0.30664122104644775
v -0.0016258000396192074 -0.22421492636203766 0.3038393557071686
v 0.0034480600152164698 -0.21733784675598145 0.30657824873924255
v 0.0034480600152164698 0.21733784675598145 0.30667269229888916
v -0.0016509200213477015 0.22421492636203766 0.30387082695961
v 0.0034480600152164698 0.21040616929531097 0.30667269229888916
v 0.0034480600152164698 0.22421492636203766 0.30664122104644775
v -0.0016509200213477015 0.22421492636203766 0.30387082695961
v 0.0034480600152164698 0.21733784675598145 0.30667269229888916
v 0.0034480600152164698 0.23114660382270813 0.30632641911506653
v -0.0016509200213477015 0.22421492636203766 0.30387082695961
v 0.0034480600152164698 0.22421492636203766 0.30664122104644775
v 0.0034480600152164698 0.23114660382270813 0.30632641911506653
v -0.0013746200129389763 0.23114660382270813 0.3036819398403168
v -0.0016509200213477015 0.22421492636203766 0.30387082695961
v 0.024145379662513733 0.26089274883270264 0.30176153779029846
v 0.01723789982497692 0.2636217176914215 0.2973541021347046
v 0.01723789982497692 0.2597465515136719 0.3007856011390686
v 0.024145379662513733 0.26089274883270264 0.30176153779029846
v 0.024145379662513733 0.26449501514434814 0.29833003878593445
v 0.01723789982497692 0.2636217176914215 0.2973541021347046
v 0.031027739867568016 0.2616022825241089 0.3023597002029419
v 0.024145379662513733 0.26449501514434814 0.29833003878593445
v 0.024145379662513733 0.26089274883270264 0.30176153779029846
v 0.031027739867568016 0.2616022825241089 0.3023597002029419
v 0.031027739867568016 0.26493164896965027 0.2988967001438141
v 0.024145379662513733 0.26449501514434814 0.29833003878593445
v 0.013344589620828629 0.25554388761520386 0.30298933386802673
v 0.010606720112264156 0.2586003839969635 0.2992115318775177
v 0.0034480600152164698 0.2567446529865265 0.2971337139606476
v 0.03793521970510483 0.261875182390213 0.3025800585746765
v 0.03793521970510483 0.2651499807834625 0.2991170883178711
v 0.031027739867568016 0.26493164896965027 0.2988967001438141
v 0.04484270140528679 0.26525914669036865 0.2991485595703125
v 0.03793521970510483 0.2651499807834625 0.2991170883178711
v 0.03793521970510483 0.261875182390213 0.3025800585746765
v 0.04484270140528679 0.26869767904281616 0.2954022288322449
v 0.03793521970510483 0.27093544602394104 0.29187625646591187
v 0.03793521970510483 0.2686431109905243 0.29530778527259827
v 0.04484270140528679 0.26869767904281616 0.2954022288322449
v 0.04484270140528679 0.27093544602394104 0.29193922877311707
v 0.03793521970510483 0.27093544602394104 0.29187625646591187
v 0.04484270140528679 0.26869767904281616 0.2954022288322449
v 0.07932986319065094 0.27093544602394104 0.29193922877311707
v 0.04484270140528679 0.27093544602394104 0.29193922877311707
v 0.04484270140528679 0.26869767904281616 0.2954022288322449
v 0.05172505974769592 0.26869767904281616 0.2954022288322449
v 0.07932986319065094 0.27093544602394104 0.29193922877311707
v 0.04484270140528679 0.26869767904281616 0.2954022288322449
v 0.03793521970510483 0.2651499807834625 0.2991170883178711
v 0.04484270140528679 0.26525914669036865 0.2991485595703125
v 0.04484270140528679 0.26869767904281616 0.2954022288322449
v 0.03793521970510483 0.2686431109905243 0.29530778527259827
v 0.03793521970510483 0.2651499807834625 0.2991170883178711
v 0.04484270140528679 0.2619297504425049 0.3026115596294403
v 0.04484270140528679 0.26525914669036865 0.2991485595703125
v 0.03793521970510483 0.261875182390213 0.3025800585746765
v 0.11384212970733643 0.26869767904281616 0.2953707277774811
v 0.07932986319065094 0.27093544602394104 0.29193922877311707
v 0.05172505974769592 0.26869767904281616 0.2954022288322449
v 0.11384212970733643 0.26869767904281616 0.2953707277774811
v 0.10693465173244476 0.27088087797164917 0.29190775752067566
v 0.07932986319065094 0.27093544602394104 0.29193922877311707
v 0.12074960768222809 0.2708263099193573 0.29190775752067566
v 0.10693465173244476 0.27088087797164917 0.29190775752067566
v 0.11384212970733643 0.26869767904281616 0.2953707277774811
v 0.12074960768222809 0.2708263099193573 0.29190775752067566
v 0.12074960768222809 0.2742648720741272 0.2855484187602997
v 0.10693465173244476 0.27088087797164917 0.29190775752067566
v -0.024156739935278893 0.24446414411067963 0.283942848443985
v -0.034028150141239166 0.2476297914981842 0.27484461665153503
v -0.04161382094025612 0.24866680800914764 0.26848527789115906
v -0.020765790715813637 0.23491261899471283 0.2890743613243103
v -0.11764632165431976 0.23594963550567627 0.21339215338230133
v -0.10224893689155579 0.23114660382270813 0.22592191398143768
v -0.010366899892687798 0.2454465627670288 0.2941429615020752
v -0.034028150141239166 0.2476297914981842 0.27484461665153503
v -0.019007530063390732 0.24490076303482056 0.2877206802368164
v -0.0202634297311306 0.2394973635673523 0.28866511583328247
v -0.020765790715813637 0.23491261899471283 0.2890743613243103
v -0.012501940131187439 0.23802368342876434 0.29489850997924805
v -0.0202634297311306 0.2394973635673523 0.28866511583328247
v -0.02830122970044613 0.23802368342876434 0.2826835811138153
v -0.020765790715813637 0.23491261899471283 0.2890743613243103
v -0.0202634297311306 0.2394973635673523 0.28866511583328247
v -0.10167119652032852 0.23802368342876434 0.22548116743564606
v -0.02830122970044613 0.23802368342876434 0.2826835811138153
v -0.027798859402537346 0.2418442964553833 0.2822743058204651
v -0.06891719996929169 0.24806642532348633 0.247549906373024
v -0.09735088795423508 0.24288131296634674 0.22749599814414978
v -0.027798859402537346 0.2418442964553833 0.2822743058204651
v -0.037770748138427734 0.24517366290092468 0.2730501592159271
v -0.06891719996929169 0.24806642532348633 0.247549906373024
v -0.027798859402537346 0.2418442964553833 0.2822743058204651
v -0.10167119652032852 0.23802368342876434 0.22548116743564606
v -0.0202634297311306 0.2394973635673523 0.28866511583328247
v -0.027798859402537346 0.2418442964553833 0.2822743058204651
v -0.11704350262880325 0.24053438007831573 0.2129199355840683
v -0.10167119652032852 0.23802368342876434 0.22548116743564606
v -0.027798859402537346 0.2418442964553833 0.2822743058204651
v -0.12457893043756485 0.24211719632148743 0.20652912557125092
v -0.11704350262880325 0.24053438007831573 0.2129199355840683
v -0.027798859402537346 0.2418442964553833 0.2822743058204651
v -0.09735088795423508 0.24288131296634674 0.22749599814414978
v -0.12457893043756485 0.24211719632148743 0.20652912557125092
v -0.024156739935278893 0.24446414411067963 0.283942848443985
v -0.037770748138427734 0.24517366290092468 0.2730501592159271
v -0.027798859402537346 0.2418442964553833 0.2822743058204651
v -0.024156739935278893 0.24446414411067963 0.283942848443985
v -0.04161382094025612 0.24866680800914764 0.26848527789115906
v -0.037770748138427734 0.24517366290092468 0.2730501592159271
v 0.12074960768222809 0.2708263099193573 0.29190775752067566
v 0.12449219822883606 0.27262747287750244 0.28847622871398926
v 0.12074960768222809 0.2742648720741272 0.2855484187602997
v -0.024156739935278893 0.24446414411067963 0.283942848443985
v -0.019007530063390732 0.24490076303482056 0.2877206802368164
v -0.034028150141239166 0.2476297914981842 0.27484461665153503
v -0.006674540229141712 0.24806642532348633 0.2957485318183899
v -0.005217690020799637 0.2518324553966522 0.2946781516075134
v -0.010266429744660854 0.2515595555305481 0.2910262644290924
v -0.006674540229141712 0.24806642532348633 0.2957485318183899
v -0.034028150141239166 0.2476297914981842 0.27484461665153503
v -0.010366899892687798 0.2454465627670288 0.2941429615020752
v -0.006674540229141712 0.24806642532348633 0.2957485318183899
v -0.04161382094025612 0.24866680800914764 0.26848527789115906
v -0.034028150141239166 0.2476297914981842 0.27484461665153503
v -0.006674540229141712 0.24806642532348633 0.2957485318183899
v -0.014285320416092873 0.2490488588809967 0.2893891930580139
v -0.04161382094025612 0.24866680800914764 0.26848527789115906
v -0.006674540229141712 0.24806642532348633 0.2957485318183899
v -0.010266429744660854 0.2515595555305481 0.2910262644290924
v -0.014285320416092873 0.2490488588809967 0.2893891930580139
v -0.001776510034687817 0.2518324553966522 0.2971022427082062
v -0.005217690020799637 0.2518324553966522 0.2946781516075134
v -0.006674540229141712 0.24806642532348633 0.2957485318183899
v -0.001776510034687817 0.2518324553966522 0.2971022427082062
v -0.0002694200084079057 0.255489319562912 0.2960948348045349
v -0.005217690020799637 0.2518324553966522 0.2946781516075134
v 0.003724359907209873 0.2515595555305481 0.3005022704601288
v -0.0002694200084079057 0.255489319562912 0.2960948348045349
v -0.001776510034687817 0.2518324553966522 0.2971022427082062
v 0.008747979998588562 0.25368818640708923 0.30195045471191406
v -0.0002694200084079057 0.255489319562912 0.2960948348045349
v 0.003724359907209873 0.2515595555305481 0.3005022704601288
v 0.008747979998588562 0.25368818640708923 0.30195045471191406
v 0.0034480600152164698 0.2567446529865265 0.2971337139606476
v -0.0002694200084079057 0.255489319562912 0.2960948348045349
v 0.01723789982497692 0.2597465515136719 0.3007856011390686
v 0.01723789982497692 0.2636217176914215 0.2973541021347046
v 0.01249057985842228 0.26274845004081726 0.29647260904312134
v 0.013344589620828629 0.25554388761520386 0.30298933386802673
v 0.0034480600152164698 0.2567446529865265 0.2971337139606476
v 0.008747979998588562 0.25368818640708923 0.30195045471191406
v -0.0007215500227175653 0.23802368342876434 0.30327269434928894
v -0.0013746200129389763 0.23114660382270813 0.3036819398403168
v 0.0034480600152164698 0.23114660382270813 0.30632641911506653
v 0.013997660018503666 -0.241080179810524 0.30966347455978394
v -0.00021918000129517168 -0.24178971350193024 0.30292636156082153
v 0.003724359907209873 -0.24440954625606537 0.3038393557071686
v 0.013997660018503666 -0.241080179810524 0.30966347455978394
v 0.0034480600152164698 -0.23802368342876434 0.3053819537162781
v -0.00021918000129517168 -0.24178971350193024 0.30292636156082153
v 0.013997660018503666 -0.241080179810524 0.30966347455978394
v 0.010656950064003468 -0.23846033215522766 0.3086245656013489
v 0.0034480600152164698 -0.23802368342876434 0.3053819537162781
v 0.013143650256097317 -0.23649543523788452 0.30997830629348755
v 0.010656950064003468 -0.23846033215522766 0.3086245656013489
v 0.013997660018503666 -0.241080179810524 0.30966347455978394
v 0.013143650256097317 -0.23649543523788452 0.30997830629348755
v 0.009024280123412609 -0.23114660382270813 0.3087819814682007
v 0.010656950064003468 -0.23846033215522766 0.3086245656013489
v 0.01249057985842228 -0.23114660382270813 0.31026163697242737
v 0.009024280123412609 -0.23114660382270813 0.3087819814682007
v 0.013143650256097317 -0.23649543523788452 0.30997830629348755
v 0.008647509850561619 -0.22421492636203766 0.3089393973350525
v 0.0034480600152164698 -0.21733784675598145 0.30657824873924255
v 0.0034480600152164698 -0.22421492636203766 0.30651527643203735
v 0.008647509850561619 -0.22421492636203766 0.3089393973350525
v 0.0034480600152164698 -0.21040616929531097 0.30664122104644775
v 0.0034480600152164698 -0.21733784675598145 0.30657824873924255
v 0.008647509850561619 -0.22421492636203766 0.3089393973350525
v 0.009024280123412609 -0.23114660382270813 0.3087819814682007
v 0.01249057985842228 -0.23114660382270813 0.31026163697242737
v 0.008647509850561619 -0.22421492636203766 0.3089393973350525
v 0.0034480600152164698 -0.23114660382270813 0.30620047450065613
v 0.009024280123412609 -0.23114660382270813 0.3087819814682007
v 0.008647509850561619 -0.22421492636203766 0.3089393973350525
v 0.0034480600152164698 -0.22421492636203766 0.30651527643203735
v 0.0034480600152164698 -0.23114660382270813 0.30620047450065613
v 0.008798220194876194 -0.21733784675598145 0.3090338408946991
v 0.0034480600152164698 -0.21040616929531097 0.30664122104644775
v 0.008647509850561619 -0.22421492636203766 0.3089393973350525
v -0.0007215500227175653 0.23802368342876434 0.30327269434928894
v 0.0034480600152164698 0.23114660382270813 0.30632641911506653
v 0.0034480600152164698 0.23802368342876434 0.3054448962211609
v 0.013997660018503666 -0.241080179810524 0.30966347455978394
v 0.003724359907209873 -0.24440954625606537 0.3038393557071686
v 0.01033041998744011 -0.24490076303482056 0.30667269229888916
v -0.0007215500227175653 0.23802368342876434 0.30327269434928894
v -0.004815800115466118 0.23114660382270813 0.30141526460647583
v -0.0013746200129389763 0.23114660382270813 0.3036819398403168
v -0.004137610085308552 0.23802368342876434 0.3009745180606842
v -0.004815800115466118 0.23114660382270813 0.30141526460647583
v -0.0007215500227175653 0.23802368342876434 0.30327269434928894
v -0.009060760028660297 0.23802368342876434 0.297511488199234
v -0.004815800115466118 0.23114660382270813 0.30141526460647583
v -0.004137610085308552 0.23802368342876434 0.3009745180606842
v -0.009060760028660297 0.23802368342876434 0.297511488199234
v -0.0096384696662426 0.23114660382270813 0.297952264547348
v -0.004815800115466118 0.23114660382270813 0.30141526460647583
v -0.009060760028660297 0.23802368342876434 0.297511488199234
v -0.013104770332574844 0.23114660382270813 0.2953707277774811
v -0.0096384696662426 0.23114660382270813 0.297952264547348
v -0.009060760028660297 0.23802368342876434 0.297511488199234
v -0.020765790715813637 0.23491261899471283 0.2890743613243103
v -0.013104770332574844 0.23114660382270813 0.2953707277774811
v -0.009060760028660297 0.23802368342876434 0.297511488199234
v -0.012501940131187439 0.23802368342876434 0.29489850997924805
v -0.020765790715813637 0.23491261899471283 0.2890743613243103
v -0.009060760028660297 0.23802368342876434 0.297511488199234
v -0.0202634297311306 0.2394973635673523 0.28866511583328247
v -0.012501940131187439 0.23802368342876434 0.29489850997924805
v -0.008081150241196156 0.24348169565200806 0.29678744077682495
v -0.019007530063390732 0.24490076303482056 0.2877206802368164
v -0.024156739935278893 0.24446414411067963 0.283942848443985
v -0.008081150241196156 0.24348169565200806 0.29678744077682495
v -0.010366899892687798 0.2454465627670288 0.2941429615020752
v -0.019007530063390732 0.24490076303482056 0.2877206802368164
v -0.008081150241196156 0.24348169565200806 0.29678744077682495
v -0.006674540229141712 0.24806642532348633 0.2957485318183899
v -0.010366899892687798 0.2454465627670288 0.2941429615020752
v -0.008081150241196156 0.24348169565200806 0.29678744077682495
v -0.0202634297311306 0.2394973635673523 0.28866511583328247
v -0.009060760028660297 0.23802368342876434 0.297511488199234
v -0.008081150241196156 0.24348169565200806 0.29678744077682495
v -0.027798859402537346 0.2418442964553833 0.2822743058204651
v -0.0202634297311306 0.2394973635673523 0.28866511583328247
v 0.04484270140528679 -0.24970382452011108 0.3103875517845154
v 0.03793521970510483 -0.25303319096565247 0.30859309434890747
v 0.04484270140528679 -0.25319695472717285 0.30859309434890747
v 0.12449219822883606 0.2708263099193573 0.29168736934661865
v 0.12449219822883606 0.27262747287750244 0.28847622871398926
v 0.12074960768222809 0.2708263099193573 0.29190775752067566
v 0.12449219822883606 -0.2590370178222656 0.30018746852874756
v 0.11841361969709396 -0.25745418667793274 0.3040597140789032
v 0.12449219822883606 -0.2617660164833069 0.2988652288913727
v 0.11680606007575989 -0.24784809350967407 0.3094745874404907
v 0.11841361969709396 -0.25745418667793274 0.3040597140789032
v 0.12449219822883606 -0.2590370178222656 0.30018746852874756
v 0.11680606007575989 -0.24784809350967407 0.3094745874404907
v 0.1142440214753151 -0.2517232894897461 0.30849865078926086
v 0.11841361969709396 -0.25745418667793274 0.3040597140789032
v 0.11220946162939072 -0.24932175874710083 0.31016719341278076
v 0.1142440214753151 -0.2517232894897461 0.30849865078926086
v 0.11680606007575989 -0.24784809350967407 0.3094745874404907
v 0.11220946162939072 -0.24932175874710083 0.31016719341278076
v 0.11384212970733643 -0.2586003839969635 0.30490970611572266
v 0.1142440214753151 -0.2517232894897461 0.30849865078926086
v 0.11220946162939072 -0.24932175874710083 0.31016719341278076
v 0.10693465173244476 -0.25319695472717285 0.30859309434890747
v 0.11384212970733643 -0.2586003839969635 0.30490970611572266
v 0.11220946162939072 -0.24932175874710083 0.31016719341278076
v 0.11680606007575989 -0.24784809350967407 0.3094745874404907
v 0.1142440214753151 -0.24533742666244507 0.311048686504364
v 0.10693465173244476 -0.24975840747356415 0.3103875517845154
v 0.10693465173244476 -0.25319695472717285 0.30859309434890747
v 0.11220946162939072 -0.24932175874710083 0.31016719341278076
v 0.0862373411655426 -0.24970382452011108 0.3104190528392792
v 0.10693465173244476 -0.25319695472717285 0.30859309434890747
v 0.10693465173244476 -0.24975840747356415 0.3103875517845154
v 0.0862373411655426 -0.24970382452011108 0.3104190528392792
v 0.04484270140528679 -0.25319695472717285 0.30859309434890747
v 0.10693465173244476 -0.25319695472717285 0.30859309434890747
v 0.05172505974769592 -0.24975840747356415 0.3103875517845154
v 0.04484270140528679 -0.25319695472717285 0.30859309434890747
v 0.0862373411655426 -0.24970382452011108 0.3104190528392792
v 0.04484270140528679 -0.24970382452011108 0.3103875517845154
v 0.04484270140528679 -0.25319695472717285 0.30859309434890747
v 0.05172505974769592 -0.24975840747356415 0.3103875517845154
v 0.12074960768222809 0.26509541273117065 0.29842448234558105
v 0.12449219822883606 0.26978927850723267 0.29326143860816956
v 0.12074960768222809 0.26853394508361816 0.2953707277774811
v 0.03793521970510483 -0.24959465861320496 0.3102931082248688
v 0.03793521970510483 -0.25303319096565247 0.30859309434890747
v 0.04484270140528679 -0.24970382452011108 0.3103875517845154
v 0.03793521970510483 -0.24959465861320496 0.3102931082248688
v 0.031027739867568016 -0.25259658694267273 0.30843567848205566
v 0.03793521970510483 -0.25303319096565247 0.30859309434890747
v 0.031027739867568016 -0.24915800988674164 0.31004124879837036
v 0.031027739867568016 -0.25259658694267273 0.30843567848205566
v 0.03793521970510483 -0.24959465861320496 0.3102931082248688
v 0.026958610862493515 -0.24866680800914764 0.30985236167907715
v 0.031027739867568016 -0.25259658694267273 0.30843567848205566
v 0.031027739867568016 -0.24915800988674164 0.31004124879837036
v 0.026958610862493515 -0.24866680800914764 0.30985236167907715
v 0.024446800351142883 -0.25134122371673584 0.30802643299102783
v 0.031027739867568016 -0.25259658694267273 0.30843567848205566
v 0.026958610862493515 -0.24866680800914764 0.30985236167907715
v 0.022361990064382553 -0.247466042637825 0.3093486726284027
v 0.024446800351142883 -0.25134122371673584 0.30802643299102783
v 0.10693465173244476 -0.24490076303482056 0.3122135102748871
v 0.10693465173244476 -0.24975840747356415 0.3103875517845154
v 0.11220946162939072 -0.24932175874710083 0.31016719341278076
v 0.024446800351142883 -0.24506452679634094 0.310702383518219
v 0.022361990064382553 -0.247466042637825 0.3093486726284027
v 0.026958610862493515 -0.24866680800914764 0.30985236167907715
v 0.018594279885292053 -0.24288131296634674 0.3102301359176636
v 0.022361990064382553 -0.247466042637825 0.3093486726284027
v 0.024446800351142883 -0.24506452679634094 0.310702383518219
v 0.018594279885292053 -0.24288131296634674 0.3102301359176636
v 0.016685299575328827 -0.24506452679634094 0.3088764250278473
v 0.022361990064382553 -0.247466042637825 0.3093486726284027
v 0.013997660018503666 -0.241080179810524 0.30966347455978394
v 0.016685299575328827 -0.24506452679634094 0.3088764250278473
v 0.018594279885292053 -0.24288131296634674 0.3102301359176636
v 0.013997660018503666 -0.241080179810524 0.30966347455978394
v 0.010757430456578732 -0.2515595555305481 0.3039022982120514
v 0.016685299575328827 -0.24506452679634094 0.3088764250278473
v 0.013997660018503666 -0.241080179810524 0.30966347455978394
v 0.01033041998744011 -0.24490076303482056 0.30667269229888916
v 0.010757430456578732 -0.2515595555305481 0.3039022982120514
v 0.12449219822883606 0.21733784675598145 0.3146061301231384
v 0.12449219822883606 0.2787950038909912 0.14759521186351776
v 0.12449219822883606 0.2787950038909912 0.2579703629016876
v 0.12449219822883606 0.21733784675598145 0.3146061301231384
v 0.12449219822883606 0.2590370178222656 0.30018746852874756
v 0.12449219822883606 0.23109203577041626 0.31126904487609863
v 0.12449219822883606 0.21733784675598145 0.3146061301231384
v 0.12449219822883606 0.2642767131328583 0.2973226308822632
v 0.12449219822883606 0.2590370178222656 0.30018746852874756
v 0.12449219822883606 0.21733784675598145 0.3146061301231384
v 0.12449219822883606 0.26978927850723267 0.29326143860816956
v 0.12449219822883606 0.2642767131328583 0.2973226308822632
v 0.12449219822883606 0.21733784675598145 0.3146061301231384
v 0.12449219822883606 0.2708263099193573 0.29168736934661865
v 0.12449219822883606 0.26978927850723267 0.29326143860816956
v 0.12449219822883606 0.21733784675598145 0.3146061301231384
v 0.12449219822883606 0.27262747287750244 0.28847622871398926
v 0.12449219822883606 0.2708263099193573 0.29168736934661865
v 0.12449219822883606 0.21733784675598145 0.3146061301231384
v 0.12449219822883606 0.27421027421951294 0.2855484187602997
v 0.12449219822883606 0.27262747287750244 0.28847622871398926
v 0.12449219822883606 0.21733784675598145 0.3146061301231384
v 0.12449219822883606 0.27590224146842957 0.28186506032943726
v 0.12449219822883606 0.27421027421951294 0.2855484187602997
v 0.12449219822883606 0.21733784675598145 0.3146061301231384
v 0.12449219822883606 0.2766118049621582 0.27843353152275085
v 0.12449219822883606 0.27590224146842957 0.28186506032943726
v 0.12449219822883606 0.21733784675598145 0.3146061301231384
v 0.12449219822883606 0.2772667407989502 0.27487608790397644
v 0.12449219822883606 0.2766118049621582 0.27843353152275085
v 0.12449219822883606 0.21733784675598145 0.3146061301231384
v 0.12449219822883606 0.27781257033348083 0.27175939083099365
v 0.12449219822883606 0.2772667407989502 0.27487608790397644
v 0.12449219822883606 0.21733784675598145 0.3146061301231384
v 0.12449219822883606 0.27824920415878296 0.268013060092926
v 0.12449219822883606 0.27781257033348083 0.27175939083099365
v 0.12449219822883606 0.21733784675598145 0.3146061301231384
v 0.12449219822883606 0.27857667207717896 0.26486489176750183
v 0.12449219822883606 0.27824920415878296 0.268013060092926
v 0.12449219822883606 0.21733784675598145 0.3146061301231384
v 0.12449219822883606 0.2787950038909912 0.2579703629016876
v 0.12449219822883606 0.27857667207717896 0.26486489176750183
v 0.12449219822883606 0.21733784675598145 0.3146061301231384
v 0.12449219822883606 0.23109203577041626 0.31126904487609863
v 0.12449219822883606 0.22798095643520355 0.3121820092201233
v 0.12449219822883606 0.21733784675598145 0.3146061301231384
v 0.12449219822883606 0.2786312699317932 0.14070069789886475
v 0.12449219822883606 0.2787950038909912 0.14759521186351776
v 0.12449219822883606 0.21733784675598145 0.3146061301231384
v 0.12449219822883606 0.2773759067058563 0.13415248692035675
v 0.12449219822883606 0.2786312699317932 0.14070069789886475
v 0.12449219822883606 0.21733784675598145 0.3146061301231384
v 0.12449219822883606 0.2750289738178253 0.13075244426727295
v 0.12449219822883606 0.2773759067058563 0.13415248692035675
v 0.12449219822883606 0.21733784675598145 0.3146061301231384
v 0.12449219822883606 0.15309709310531616 -0.0015025599859654903
v 0.12449219822883606 0.2750289738178253 0.13075244426727295
v 0.12449219822883606 0.21733784675598145 0.3146061301231384
v 0.12449219822883606 0.15140512585639954 -0.0021951599046587944
v 0.12449219822883606 0.15309709310531616 -0.0015025599859654903
v 0.12449219822883606 0.21733784675598145 0.3146061301231384
v 0.12449219822883606 0.14840321242809296 -0.0028248000890016556
v 0.12449219822883606 0.15140512585639954 -0.0021951599046587944
v 0.12449219822883606 0.21733784675598145 0.3146061301231384
v 0.12449219822883606 0.1445826143026352 -0.003611830063164234
v 0.12449219822883606 0.14840321242809296 -0.0028248000890016556
v 0.12449219822883606 0.21733784675598145 0.3146061301231384
v 0.12449219822883606 0.10692235827445984 -0.005972960032522678
v 0.12449219822883606 0.1445826143026352 -0.003611830063164234
v 0.12449219822883606 0.21733784675598145 0.3146061301231384
v 0.12449219822883606 -0.10692235827445984 -0.005972960032522678
v 0.12449219822883606 0.10692235827445984 -0.005972960032522678
v 0.12449219822883606 0.21733784675598145 0.3146061301231384
v 0.12449219822883606 -0.14141696691513062 -0.0037377600092440844
v 0.12449219822883606 -0.10692235827445984 -0.005972960032522678
v 0.12449219822883606 0.21733784675598145 0.3146061301231384
v 0.12449219822883606 -0.14840321242809296 -0.0028248000890016556
v 0.12449219822883606 -0.14141696691513062 -0.0037377600092440844
v 0.12449219822883606 0.21733784675598145 0.3146061301231384
v 0.12449219822883606 -0.15309709310531616 -0.0015025599859654903
v 0.12449219822883606 -0.14840321242809296 -0.0028248000890016556
v 0.12449219822883606 0.21733784675598145 0.3146061301231384
v 0.12449219822883606 -0.2753564417362213 0.131445050239563
v 0.12449219822883606 -0.15309709310531616 -0.0015025599859654903
v 0.031027739867568016 0.22421492636203766 0.3141339123249054
v 0.024145379662513733 0.23114660382270813 0.31318941712379456
v 0.024145379662513733 0.22421492636203766 0.31325238943099976
v 0.12449219822883606 -0.21040616929531097 0.31479501724243164
v 0.11384212970733643 -0.22421492636203766 0.31479501724243164
v 0.12449219822883606 -0.21357181668281555 0.31476351618766785
v 0.12449219822883606 0.22798095643520355 0.3121820092201233
v 0.12449219822883606 0.23109203577041626 0.31126904487609863
v 0.11680606007575989 0.24784809350967407 0.3094745874404907
v 0.058632541447877884 -0.1965974122285843 0.31479501724243164
v 0.1000271663069725 -0.23114660382270813 0.31463760137557983
v 0.11384212970733643 -0.22421492636203766 0.31479501724243164
v 0.058632541447877884 -0.1965974122285843 0.31479501724243164
v 0.031027739867568016 -0.22421492636203766 0.3141653835773468
v 0.1000271663069725 -0.23114660382270813 0.31463760137557983
v 0.058632541447877884 -0.1965974122285843 0.31479501724243164
v 0.031027739867568016 -0.1621028035879135 0.3141968548297882
v 0.031027739867568016 -0.22421492636203766 0.3141653835773468
v 0.031027739867568016 0.1621028035879135 0.3142283260822296
v 0.031027739867568016 -0.1621028035879135 0.3141968548297882
v 0.058632541447877884 -0.1965974122285843 0.31479501724243164
v 0.031027739867568016 0.1621028035879135 0.3142283260822296
v 0.024145379662513733 -0.1621028035879135 0.31356722116470337
v 0.031027739867568016 -0.1621028035879135 0.3141968548297882
v 0.031027739867568016 0.1621028035879135 0.3142283260822296
v 0.024145379662513733 0.1621028035879135 0.31356722116470337
v 0.024145379662513733 -0.1621028035879135 0.31356722116470337
v 0.031027739867568016 0.23802368342876434 0.31337833404541016
v 0.024145379662513733 0.23802368342876434 0.3124653398990631
v 0.024145379662513733 0.23114660382270813 0.31318941712379456
v 0.031027739867568016 0.23802368342876434 0.31337833404541016
v 0.031027739867568016 0.24490076303482056 0.31167832016944885
v 0.024145379662513733 0.23802368342876434 0.3124653398990631
v 0.031027739867568016 0.23802368342876434 0.31337833404541016
v 0.03793521970510483 0.24490076303482056 0.31196165084838867
v 0.031027739867568016 0.24490076303482056 0.31167832016944885
v 0.031027739867568016 0.22421492636203766 0.3141339123249054
v 0.024145379662513733 0.1621028035879135 0.31356722116470337
v 0.031027739867568016 0.1621028035879135 0.3142283260822296
v 0.031027739867568016 0.22421492636203766 0.3141339123249054
v 0.024145379662513733 0.22421492636203766 0.31325238943099976
v 0.024145379662513733 0.1621028035879135 0.31356722116470337
v 0.12449219822883606 0.21733784675598145 0.3146061301231384
v 0.12449219822883606 -0.27732133865356445 0.13430988788604736
v 0.12449219822883606 -0.2753564417362213 0.131445050239563
v 0.031027739867568016 0.23114660382270813 0.3139449954032898
v 0.031027739867568016 0.23802368342876434 0.31337833404541016
v 0.024145379662513733 0.23114660382270813 0.31318941712379456
v 0.031027739867568016 0.23114660382270813 0.3139449954032898
v 0.024145379662513733 0.23114660382270813 0.31318941712379456
v 0.031027739867568016 0.22421492636203766 0.3141339123249054
v 0.09314481914043427 0.23802368342876434 0.3138505518436432
v 0.03793521970510483 0.24490076303482056 0.31196165084838867
v 0.031027739867568016 0.23802368342876434 0.31337833404541016
v 0.09314481914043427 0.23802368342876434 0.3138505518436432
v 0.0862373411655426 0.24490076303482056 0.3122135102748871
v 0.03793521970510483 0.24490076303482056 0.31196165084838867
v 0.09314481914043427 0.23802368342876434 0.3138505518436432
v 0.09314481914043427 0.24490076303482056 0.3122449815273285
v 0.0862373411655426 0.24490076303482056 0.3122135102748871
v 0.10693465173244476 0.23802368342876434 0.3138820230960846
v 0.09314481914043427 0.24490076303482056 0.3122449815273285
v 0.09314481914043427 0.23802368342876434 0.3138505518436432
v 0.10693465173244476 0.23802368342876434 0.3138820230960846
v 0.10693465173244476 0.24490076303482056 0.3122449815273285
v 0.09314481914043427 0.24490076303482056 0.3122449815273285
v 0.11384212970733643 0.23802368342876434 0.31328389048576355
v 0.12449219822883606 0.22798095643520355 0.3121820092201233
v 0.11680606007575989 0.24784809350967407 0.3094745874404907
v 0.11384212970733643 0.23802368342876434 0.31328389048576355
v 0.10693465173244476 0.24490076303482056 0.3122449815273285
v 0.10693465173244476 0.23802368342876434 0.3138820230960846
v 0.11384212970733643 0.23802368342876434 0.31328389048576355
v 0.11220946162939072 0.2493763417005539 0.31019866466522217
v 0.10693465173244476 0.24490076303482056 0.3122449815273285
v 0.11384212970733643 0.23802368342876434 0.31328389048576355
v 0.1142440214753151 0.245282843708992 0.311048686504364
v 0.11220946162939072 0.2493763417005539 0.31019866466522217
v 0.11384212970733643 0.23802368342876434 0.31328389048576355
v 0.11680606007575989 0.24784809350967407 0.3094745874404907
v 0.1142440214753151 0.245282843708992 0.311048686504364
v 0.12449219822883606 0.21733784675598145 0.3146061301231384
v 0.12449219822883606 0.22798095643520355 0.3121820092201233
v 0.11384212970733643 0.23802368342876434 0.31328389048576355
v 0.11384212970733643 0.22421492636203766 0.31479501724243164
v 0.10693465173244476 0.23114660382270813 0.3146061301231384
v 0.1000271663069725 0.23114660382270813 0.31457462906837463
v 0.10693465173244476 0.23114660382270813 0.3146061301231384
v 0.09314481914043427 0.23802368342876434 0.3138505518436432
v 0.1000271663069725 0.23114660382270813 0.31457462906837463
v 0.10693465173244476 0.23114660382270813 0.3146061301231384
v 0.10693465173244476 0.23802368342876434 0.3138820230960846
v 0.09314481914043427 0.23802368342876434 0.3138505518436432
v 0.11384212970733643 0.23114660382270813 0.314480185508728
v 0.10693465173244476 0.23802368342876434 0.3138820230960846
v 0.10693465173244476 0.23114660382270813 0.3146061301231384
v 0.11384212970733643 0.23114660382270813 0.314480185508728
v 0.11384212970733643 0.23802368342876434 0.31328389048576355
v 0.10693465173244476 0.23802368342876434 0.3138820230960846
v 0.11384212970733643 0.23114660382270813 0.314480185508728
v 0.12449219822883606 0.21733784675598145 0.3146061301231384
v 0.11384212970733643 0.23802368342876434 0.31328389048576355
v 0.12074960768222809 0.21733784675598145 0.31479501724243164
v 0.12449219822883606 0.21040616929531097 0.31479501724243164
v 0.12449219822883606 0.21733784675598145 0.3146061301231384
v 0.12074960768222809 0.21733784675598145 0.31479501724243164
v 0.12449219822883606 0.21733784675598145 0.3146061301231384
v 0.11384212970733643 0.23114660382270813 0.314480185508728
v 0.11384212970733643 0.22421492636203766 0.31479501724243164
v 0.12449219822883606 0.21040616929531097 0.31479501724243164
v 0.12074960768222809 0.21733784675598145 0.31479501724243164
v 0.11384212970733643 0.22421492636203766 0.31479501724243164
v 0.12449219822883606 -0.21040616929531097 0.31479501724243164
v 0.12449219822883606 0.21040616929531097 0.31479501724243164
v 0.11384212970733643 0.22421492636203766 0.31479501724243164
v 0.11384212970733643 -0.22421492636203766 0.31479501724243164
v 0.12449219822883606 -0.21040616929531097 0.31479501724243164
v 0.11384212970733643 0.22421492636203766 0.31479501724243164
v 0.058632541447877884 -0.1965974122285843 0.31479501724243164
v 0.11384212970733643 -0.22421492636203766 0.31479501724243164
v 0.11384212970733643 0.22421492636203766 0.31479501724243164
v 0.058632541447877884 0.1965974122285843 0.31479501724243164
v 0.058632541447877884 -0.1965974122285843 0.31479501724243164
v 0.11384212970733643 0.22421492636203766 0.31479501724243164
v 0.1000271663069725 0.23114660382270813 0.31457462906837463
v 0.058632541447877884 0.1965974122285843 0.31479501724243164
v 0.1000271663069725 0.23114660382270813 0.31457462906837463
v 0.031027739867568016 0.23114660382270813 0.3139449954032898
v 0.031027739867568016 0.22421492636203766 0.3141339123249054
v 0.11384212970733643 0.22421492636203766 0.31479501724243164
v 0.11384212970733643 0.23114660382270813 0.314480185508728
v 0.10693465173244476 0.23114660382270813 0.3146061301231384
v 0.11384212970733643 0.22421492636203766 0.31479501724243164
v 0.12074960768222809 0.21733784675598145 0.31479501724243164
v 0.11384212970733643 0.23114660382270813 0.314480185508728
v 0.07932986319065094 0.10692235827445984 -0.006822980009019375
v -0.13211436569690704 -0.10692235827445984 -0.005972960032522678
v -0.13211436569690704 0.10692235827445984 -0.005972960032522678
v 0.12449219822883606 -0.10692235827445984 -0.005972960032522678
v 0.07244750112295151 -0.24490076303482056 -0.0066026002168655396
v 0.07932986319065094 -0.10692235827445984 -0.006822980009019375
v -0.13211436569690704 -0.2623664140701294 0.0012363699497655034
v -0.13211436569690704 -0.25712671875953674 -0.0020062599796801805
v -0.12764334678649902 -0.26056525111198425 0.00010301000293111429
v -0.12764334678649902 -0.26056525111198425 0.00010301000293111429
v -0.13211436569690704 -0.25712671875953674 -0.0020062599796801805
v 0.058632541447877884 -0.26072898507118225 8.580000212532468e-06
v 0.058632541447877884 -0.26072898507118225 8.580000212532468e-06
v -0.13211436569690704 -0.25368818640708923 -0.004084070213139057
v 0.058632541447877884 -0.25729045271873474 -0.0020377500914037228
v 0.06554002314805984 -0.2518324553966522 -0.005217410158365965
v -0.13211436569690704 -0.2518324553966522 -0.0051859300583601
v 0.07244750112295151 -0.24490076303482056 -0.0066026002168655396
v 0.06554002314805984 -0.2518324553966522 -0.005217410158365965
v 0.058632541447877884 -0.25729045271873474 -0.0020377500914037228
v -0.13211436569690704 -0.2518324553966522 -0.0051859300583601
v 0.058632541447877884 -0.25729045271873474 -0.0020377500914037228
v -0.13211436569690704 -0.25368818640708923 -0.004084070213139057
v -0.13211436569690704 -0.2518324553966522 -0.0051859300583601
v 0.07244750112295151 -0.24490076303482056 -0.0066026002168655396
v -0.13211436569690704 -0.2518324553966522 -0.0051859300583601
v -0.13211436569690704 -0.24735689163208008 -0.005847049877047539
v 0.07244750112295151 -0.24490076303482056 -0.0066026002168655396
v -0.13211436569690704 -0.24735689163208008 -0.005847049877047539
v 0.07932986319065094 -0.10692235827445984 -0.006822980009019375
v 0.07932986319065094 -0.10692235827445984 -0.006822980009019375
v -0.13211436569690704 -0.24735689163208008 -0.005847049877047539
v -0.13211436569690704 -0.10692235827445984 -0.005972960032522678
v 0.12449219822883606 0.21733784675598145 0.3146061301231384
v 0.12449219822883606 -0.26727861166000366 0.29493001103401184
v 0.12449219822883606 -0.27077174186706543 0.29171884059906006
v 0.12449219822883606 0.21733784675598145 0.3146061301231384
v 0.12449219822883606 -0.2780308723449707 0.13704881072044373
v 0.12449219822883606 -0.27732133865356445 0.13430988788604736
v 0.12449219822883606 0.21733784675598145 0.3146061301231384
v 0.12449219822883606 -0.2786312699317932 0.14070069789886475
v 0.12449219822883606 -0.2780308723449707 0.13704881072044373
v 0.12449219822883606 0.21733784675598145 0.3146061301231384
v 0.12449219822883606 -0.2787950038909912 0.14441555738449097
v 0.12449219822883606 -0.2786312699317932 0.14070069789886475
v 0.12449219822883606 0.21733784675598145 0.3146061301231384
v 0.12449219822883606 -0.2787950038909912 0.2579703629016876
v 0.12449219822883606 -0.2787950038909912 0.14441555738449097
v 0.12449219822883606 0.21733784675598145 0.3146061301231384
v 0.12449219822883606 -0.27857667207717896 0.26486489176750183
v 0.12449219822883606 -0.2787950038909912 0.2579703629016876
v 0.12449219822883606 0.21733784675598145 0.3146061301231384
v 0.12449219822883606 -0.27814003825187683 0.26861122250556946
v 0.12449219822883606 -0.27857667207717896 0.26486489176750183
v 0.12449219822883606 0.21733784675598145 0.3146061301231384
v 0.12449219822883606 -0.2777579724788666 0.27175939083099365
v 0.12449219822883606 -0.27814003825187683 0.26861122250556946
v 0.12449219822883606 0.21733784675598145 0.3146061301231384
v 0.12449219822883606 -0.27715760469436646 0.27531683444976807
v 0.12449219822883606 -0.2777579724788666 0.27175939083099365
v 0.12449219822883606 0.21733784675598145 0.3146061301231384
v 0.12449219822883606 -0.27622973918914795 0.28032243251800537
v 0.12449219822883606 -0.27715760469436646 0.27531683444976807
v 0.12449219822883606 0.21733784675598145 0.3146061301231384
v 0.12449219822883606 -0.27590224146842957 0.28189653158187866
v 0.12449219822883606 -0.27622973918914795 0.28032243251800537
v 0.12449219822883606 0.21733784675598145 0.3146061301231384
v 0.12449219822883606 -0.27497440576553345 0.283942848443985
v 0.12449219822883606 -0.27590224146842957 0.28189653158187866
v 0.12449219822883606 0.21733784675598145 0.3146061301231384
v 0.12449219822883606 -0.27415570616722107 0.2855484187602997
v 0.12449219822883606 -0.27497440576553345 0.283942848443985
v 0.12449219822883606 0.21733784675598145 0.3146061301231384
v 0.12449219822883606 -0.27077174186706543 0.29171884059906006
v 0.12449219822883606 -0.27415570616722107 0.2855484187602997
v 0.11680606007575989 0.24784809350967407 0.3094745874404907
v 0.12449219822883606 0.2590370178222656 0.30018746852874756
v 0.11841361969709396 0.25745418667793274 0.3040597140789032
v 0.12449219822883606 0.21733784675598145 0.3146061301231384
v 0.12449219822883606 -0.26433128118515015 0.2973226308822632
v 0.12449219822883606 -0.26727861166000366 0.29493001103401184
v 0.12449219822883606 0.21733784675598145 0.3146061301231384
v 0.12449219822883606 -0.2617660164833069 0.2988652288913727
v 0.12449219822883606 -0.26433128118515015 0.2973226308822632
v 0.12449219822883606 0.21733784675598145 0.3146061301231384
v 0.12449219822883606 -0.2590370178222656 0.30018746852874756
v 0.12449219822883606 -0.2617660164833069 0.2988652288913727
v 0.12449219822883606 0.21733784675598145 0.3146061301231384
v 0.12449219822883606 -0.23114660382270813 0.31133198738098145
v 0.12449219822883606 -0.2590370178222656 0.30018746852874756
v 0.12449219822883606 0.21733784675598145 0.3146061301231384
v 0.12449219822883606 -0.22050347924232483 0.3141968548297882
v 0.12449219822883606 -0.23114660382270813 0.31133198738098145
v 0.12449219822883606 0.21733784675598145 0.3146061301231384
v 0.12449219822883606 -0.21357181668281555 0.31476351618766785
v 0.12449219822883606 -0.22050347924232483 0.3141968548297882
v 0.12449219822883606 0.21733784675598145 0.3146061301231384
v 0.12449219822883606 -0.21040616929531097 0.31479501724243164
v 0.12449219822883606 -0.21357181668281555 0.31476351618766785
v 0.12449219822883606 0.21733784675598145 0.3146061301231384
v 0.12449219822883606 0.21040616929531097 0.31479501724243164
v 0.12449219822883606 -0.21040616929531097 0.31479501724243164
v 0.058632541447877884 0.1965974122285843 0.31479501724243164
v 0.031027739867568016 0.1621028035879135 0.3142283260822296
v 0.058632541447877884 -0.1965974122285843 0.31479501724243164
v 0.058632541447877884 0.1965974122285843 0.31479501724243164
v 0.031027739867568016 0.22421492636203766 0.3141339123249054
v 0.031027739867568016 0.1621028035879135 0.3142283260822296
v 0.1000271663069725 0.23114660382270813 0.31457462906837463
v 0.031027739867568016 0.23802368342876434 0.31337833404541016
v 0.031027739867568016 0.23114660382270813 0.3139449954032898
v 0.1000271663069725 0.23114660382270813 0.31457462906837463
v 0.09314481914043427 0.23802368342876434 0.3138505518436432
v 0.031027739867568016 0.23802368342876434 0.31337833404541016
v 0.1000271663069725 0.23114660382270813 0.31457462906837463
v 0.031027739867568016 0.22421492636203766 0.3141339123249054
v 0.058632541447877884 0.1965974122285843 0.31479501724243164
v 0.01723789982497692 0.23114660382270813 0.31164681911468506
v 0.016685299575328827 0.23846033215522766 0.3106394112110138
v 0.013118529692292213 0.23644086718559265 0.30994680523872375
v 0.018619390204548836 0.24282673001289368 0.31019866466522217
v 0.022361990064382553 0.247466042637825 0.3093486726284027
v 0.016685299575328827 0.24506452679634094 0.3088764250278473
v 0.024446800351142883 0.24506452679634094 0.310702383518219
v 0.022361990064382553 0.247466042637825 0.3093486726284027
v 0.018619390204548836 0.24282673001289368 0.31019866466522217
v 0.02698371931910515 0.24866680800914764 0.30982089042663574
v 0.024446800351142883 0.25134122371673584 0.30802643299102783
v 0.022361990064382553 0.247466042637825 0.3093486726284027
v 0.02698371931910515 0.24866680800914764 0.30982089042663574
v 0.031027739867568016 0.25259658694267273 0.30843567848205566
v 0.024446800351142883 0.25134122371673584 0.30802643299102783
v 0.02698371931910515 0.24866680800914764 0.30982089042663574
v 0.022361990064382553 0.247466042637825 0.3093486726284027
v 0.024446800351142883 0.24506452679634094 0.310702383518219
v 0.031027739867568016 0.24915800988674164 0.31004124879837036
v 0.031027739867568016 0.25259658694267273 0.30843567848205566
v 0.02698371931910515 0.24866680800914764 0.30982089042663574
v 0.01723789982497692 -0.1483486294746399 0.3120560944080353
v 0.011963100172579288 0.22421492636203766 0.3103875517845154
v 0.011988219805061817 -0.1483486294746399 0.3104190528392792
v 0.01723789982497692 -0.1483486294746399 0.3120560944080353
v 0.011988219805061817 -0.1483486294746399 0.3104190528392792
v 0.01723789982497692 -0.1552257239818573 0.3120560944080353
v 0.01723789982497692 0.1621028035879135 0.31202462315559387
v 0.011963100172579288 0.22421492636203766 0.3103875517845154
v 0.01723789982497692 -0.1483486294746399 0.3120560944080353
v 0.01723789982497692 0.22421492636203766 0.3118671774864197
v 0.011963100172579288 0.22421492636203766 0.3103875517845154
v 0.01723789982497692 0.1621028035879135 0.31202462315559387
v 0.01723789982497692 0.23114660382270813 0.31164681911468506
v 0.011963100172579288 0.22421492636203766 0.3103875517845154
v 0.01723789982497692 0.22421492636203766 0.3118671774864197
v 0.01723789982497692 0.23114660382270813 0.31164681911468506
v 0.01239010039716959 0.23114660382270813 0.3102301359176636
v 0.011963100172579288 0.22421492636203766 0.3103875517845154
v 0.01723789982497692 0.23114660382270813 0.31164681911468506
v 0.013118529692292213 0.23644086718559265 0.30994680523872375
v 0.01239010039716959 0.23114660382270813 0.3102301359176636
v 0.018619390204548836 0.24282673001289368 0.31019866466522217
v 0.016685299575328827 0.24506452679634094 0.3088764250278473
v 0.014022779650986195 0.24102558195590973 0.30963200330734253
v 0.03793521970510483 0.24959465861320496 0.31026163697242737
v 0.031027739867568016 0.25259658694267273 0.30843567848205566
v 0.031027739867568016 0.24915800988674164 0.31004124879837036
v 0.03793521970510483 0.24959465861320496 0.31026163697242737
v 0.03793521970510483 0.25303319096565247 0.30859309434890747
v 0.031027739867568016 0.25259658694267273 0.30843567848205566
v 0.04484270140528679 0.24970382452011108 0.3103875517845154
v 0.03793521970510483 0.25303319096565247 0.30859309434890747
v 0.03793521970510483 0.24959465861320496 0.31026163697242737
v 0.04484270140528679 0.24970382452011108 0.3103875517845154
v 0.04484270140528679 0.253142386674881 0.30859309434890747
v 0.03793521970510483 0.25303319096565247 0.30859309434890747
v 0.04484270140528679 0.24970382452011108 0.3103875517845154
v 0.058632541447877884 0.2532515227794647 0.3086245656013489
v 0.04484270140528679 0.253142386674881 0.30859309434890747
v 0.05172505974769592 0.24975840747356415 0.3103875517845154
v 0.058632541447877884 0.2532515227794647 0.3086245656013489
v 0.04484270140528679 0.24970382452011108 0.3103875517845154
v 0.07244750112295151 0.2498129904270172 0.3104190528392792
v 0.058632541447877884 0.2532515227794647 0.3086245656013489
v 0.05172505974769592 0.24975840747356415 0.3103875517845154
v 0.0862373411655426 0.24986755847930908 0.3104190528392792
v 0.058632541447877884 0.2532515227794647 0.3086245656013489
v 0.07244750112295151 0.2498129904270172 0.3104190528392792
v 0.0862373411655426 0.24986755847930908 0.3104190528392792
v 0.1000271663069725 0.2533060908317566 0.30865606665611267
v 0.058632541447877884 0.2532515227794647 0.3086245656013489
v 0.10693465173244476 0.2533060908317566 0.30865606665611267
v 0.10693465173244476 0.2586003839969635 0.30522453784942627
v 0.1000271663069725 0.2533060908317566 0.30865606665611267
v 0.10693465173244476 0.2533060908317566 0.30865606665611267
v 0.0862373411655426 0.24986755847930908 0.3104190528392792
v 0.10693465173244476 0.24986755847930908 0.3104190528392792
v 0.10693465173244476 0.2533060908317566 0.30865606665611267
v 0.1000271663069725 0.2533060908317566 0.30865606665611267
v 0.0862373411655426 0.24986755847930908 0.3104190528392792
v 0.11384212970733643 0.2586003839969635 0.30494120717048645
v 0.11384212970733643 0.262038916349411 0.3027060031890869
v 0.10693465173244476 0.2586003839969635 0.30522453784942627
v 0.031027739867568016 -0.23114660382270813 0.3139764666557312
v 0.031027739867568016 -0.23802368342876434 0.31337833404541016
v 0.09314481914043427 -0.23114660382270813 0.31457462906837463
v 0.12074960768222809 0.26509541273117065 0.29842448234558105
v 0.12074960768222809 0.26853394508361816 0.2953707277774811
v 0.11384212970733643 0.262038916349411 0.3027060031890869
v 0.12449219822883606 0.2642767131328583 0.2973226308822632
v 0.12449219822883606 0.26978927850723267 0.29326143860816956
v 0.12074960768222809 0.26509541273117065 0.29842448234558105
v 0.12449219822883606 -0.22050347924232483 0.3141968548297882
v 0.11384212970733643 -0.23802368342876434 0.31328389048576355
v 0.12449219822883606 -0.23114660382270813 0.31133198738098145
v 0.11384212970733643 -0.23114660382270813 0.31451165676116943
v 0.11384212970733643 -0.23802368342876434 0.31328389048576355
v 0.12449219822883606 -0.22050347924232483 0.3141968548297882
v 0.11384212970733643 -0.23114660382270813 0.31451165676116943
v 0.10693465173244476 -0.23802368342876434 0.3139135241508484
v 0.11384212970733643 -0.23802368342876434 0.31328389048576355
v 0.09314481914043427 -0.23802368342876434 0.3139449954032898
v 0.09314481914043427 -0.24490076303482056 0.3122449815273285
v 0.1000271663069725 -0.23802368342876434 0.3139449954032898
v 0.09314481914043427 -0.23802368342876434 0.3139449954032898
v 0.0862373411655426 -0.24490076303482056 0.3122135102748871
v 0.09314481914043427 -0.24490076303482056 0.3122449815273285
v 0.09314481914043427 -0.23802368342876434 0.3139449954032898
v 0.03793521970510483 -0.24490076303482056 0.31196165084838867
v 0.0862373411655426 -0.24490076303482056 0.3122135102748871
v 0.031027739867568016 -0.23802368342876434 0.31337833404541016
v 0.03793521970510483 -0.24490076303482056 0.31196165084838867
v 0.09314481914043427 -0.23802368342876434 0.3139449954032898
v 0.031027739867568016 -0.23802368342876434 0.31337833404541016
v 0.031027739867568016 -0.24490076303482056 0.31167832016944885
v 0.03793521970510483 -0.24490076303482056 0.31196165084838867
v 0.031027739867568016 -0.23802368342876434 0.31337833404541016
v 0.024145379662513733 -0.23802368342876434 0.3124968409538269
v 0.031027739867568016 -0.24490076303482056 0.31167832016944885
v 0.10693465173244476 -0.23114660382270813 0.31463760137557983
v 0.10693465173244476 -0.23802368342876434 0.3139135241508484
v 0.11384212970733643 -0.23114660382270813 0.31451165676116943
v 0.10693465173244476 -0.23114660382270813 0.31463760137557983
v 0.1000271663069725 -0.23802368342876434 0.3139449954032898
v 0.10693465173244476 -0.23802368342876434 0.3139135241508484
v 0.11384212970733643 0.2586003839969635 0.30494120717048645
v 0.12074960768222809 0.26509541273117065 0.29842448234558105
v 0.11384212970733643 0.262038916349411 0.3027060031890869
v 0.024145379662513733 -0.23114660382270813 0.31328389048576355
v 0.031027739867568016 -0.23802368342876434 0.31337833404541016
v 0.031027739867568016 -0.23114660382270813 0.3139764666557312
v 0.024145379662513733 -0.23114660382270813 0.31328389048576355
v 0.024145379662513733 -0.23802368342876434 0.3124968409538269
v 0.031027739867568016 -0.23802368342876434 0.31337833404541016
v 0.024145379662513733 -0.23114660382270813 0.31328389048576355
v 0.01723789982497692 -0.23114660382270813 0.31174129247665405
v 0.024145379662513733 -0.23802368342876434 0.3124968409538269
v 0.01723789982497692 -0.22421492636203766 0.3119301497936249
v 0.024145379662513733 -0.23114660382270813 0.31328389048576355
v 0.024145379662513733 -0.22421492636203766 0.31334686279296875
v 0.01723789982497692 -0.22421492636203766 0.3119301497936249
v 0.01723789982497692 -0.23114660382270813 0.31174129247665405
v 0.024145379662513733 -0.23114660382270813 0.31328389048576355
v 0.01723789982497692 -0.22421492636203766 0.3119301497936249
v 0.012113809585571289 -0.22421492636203766 0.3103875517845154
v 0.01723789982497692 -0.23114660382270813 0.31174129247665405
v 0.01723789982497692 -0.1552257239818573 0.3120560944080353
v 0.012113809585571289 -0.22421492636203766 0.3103875517845154
v 0.01723789982497692 -0.22421492636203766 0.3119301497936249
v 0.01723789982497692 -0.1552257239818573 0.3120560944080353
v 0.011988219805061817 -0.1483486294746399 0.3104190528392792
v 0.012113809585571289 -0.22421492636203766 0.3103875517845154
v 0.014022779650986195 0.24102558195590973 0.30963200330734253
v 0.01033041998744011 0.24490076303482056 0.30667269229888916
v -0.00021918000129517168 0.24178971350193024 0.30292636156082153
v 0.014022779650986195 0.24102558195590973 0.30963200330734253
v 0.016685299575328827 0.24506452679634094 0.3088764250278473
v 0.01033041998744011 0.24490076303482056 0.30667269229888916
v 0.014022779650986195 0.24102558195590973 0.30963200330734253
v 0.013118529692292213 0.23644086718559265 0.30994680523872375
v 0.016685299575328827 0.23846033215522766 0.3106394112110138
v 0.014022779650986195 0.24102558195590973 0.30963200330734253
v 0.010631839744746685 0.23846033215522766 0.30865606665611267
v 0.013118529692292213 0.23644086718559265 0.30994680523872375
v 0.014022779650986195 0.24102558195590973 0.30963200330734253
v -0.00021918000129517168 0.24178971350193024 0.30292636156082153
v 0.010631839744746685 0.23846033215522766 0.30865606665611267
v 0.09314481914043427 0.24490076303482056 0.3122449815273285
v 0.04484270140528679 0.24970382452011108 0.3103875517845154
v 0.0862373411655426 0.24490076303482056 0.3122135102748871
v 0.031027739867568016 0.24490076303482056 0.31167832016944885
v 0.031027739867568016 0.24915800988674164 0.31004124879837036
v 0.02698371931910515 0.24866680800914764 0.30982089042663574
v 0.031027739867568016 0.24490076303482056 0.31167832016944885
v 0.03793521970510483 0.24959465861320496 0.31026163697242737
v 0.031027739867568016 0.24915800988674164 0.31004124879837036
v 0.024145379662513733 0.1621028035879135 0.31356722116470337
v 0.01723789982497692 -0.1552257239818573 0.3120560944080353
v 0.024145379662513733 -0.1621028035879135 0.31356722116470337
v 0.024145379662513733 0.1621028035879135 0.31356722116470337
v 0.01723789982497692 -0.1483486294746399 0.3120560944080353
v 0.01723789982497692 -0.1552257239818573 0.3120560944080353
v 0.024145379662513733 0.1621028035879135 0.31356722116470337
v 0.01723789982497692 0.1621028035879135 0.31202462315559387
v 0.01723789982497692 -0.1483486294746399 0.3120560944080353
v 0.024145379662513733 0.1621028035879135 0.31356722116470337
v 0.01723789982497692 0.22421492636203766 0.3118671774864197
v 0.01723789982497692 0.1621028035879135 0.31202462315559387
v 0.024145379662513733 0.22421492636203766 0.31325238943099976
v 0.01723789982497692 0.22421492636203766 0.3118671774864197
v 0.024145379662513733 0.1621028035879135 0.31356722116470337
v 0.024145379662513733 0.23114660382270813 0.31318941712379456
v 0.024145379662513733 0.23802368342876434 0.3124653398990631
v 0.01723789982497692 0.23114660382270813 0.31164681911468506
v 0.024145379662513733 0.23114660382270813 0.31318941712379456
v 0.01723789982497692 0.22421492636203766 0.3118671774864197
v 0.024145379662513733 0.22421492636203766 0.31325238943099976
v 0.024145379662513733 0.23114660382270813 0.31318941712379456
v 0.01723789982497692 0.23114660382270813 0.31164681911468506
v 0.01723789982497692 0.22421492636203766 0.3118671774864197
v 0.03793521970510483 0.24490076303482056 0.31196165084838867
v 0.03793521970510483 0.24959465861320496 0.31026163697242737
v 0.031027739867568016 0.24490076303482056 0.31167832016944885
v 0.03793521970510483 0.24490076303482056 0.31196165084838867
v 0.04484270140528679 0.24970382452011108 0.3103875517845154
v 0.03793521970510483 0.24959465861320496 0.31026163697242737
v 0.0862373411655426 0.24490076303482056 0.3122135102748871
v 0.04484270140528679 0.24970382452011108 0.3103875517845154
v 0.03793521970510483 0.24490076303482056 0.31196165084838867
v 0.031027739867568016 0.24490076303482056 0.31167832016944885
v 0.02698371931910515 0.24866680800914764 0.30982089042663574
v 0.024446800351142883 0.24506452679634094 0.310702383518219
v 0.09314481914043427 0.24490076303482056 0.3122449815273285
v 0.05172505974769592 0.24975840747356415 0.3103875517845154
v 0.04484270140528679 0.24970382452011108 0.3103875517845154
v 0.09314481914043427 0.24490076303482056 0.3122449815273285
v 0.07244750112295151 0.2498129904270172 0.3104190528392792
v 0.05172505974769592 0.24975840747356415 0.3103875517845154
v 0.09314481914043427 0.24490076303482056 0.3122449815273285
v 0.0862373411655426 0.24986755847930908 0.3104190528392792
v 0.07244750112295151 0.2498129904270172 0.3104190528392792
v 0.10693465173244476 0.24490076303482056 0.3122449815273285
v 0.0862373411655426 0.24986755847930908 0.3104190528392792
v 0.09314481914043427 0.24490076303482056 0.3122449815273285
v 0.10693465173244476 0.24490076303482056 0.3122449815273285
v 0.10693465173244476 0.24986755847930908 0.3104190528392792
v 0.0862373411655426 0.24986755847930908 0.3104190528392792
v 0.11220946162939072 0.2493763417005539 0.31019866466522217
v 0.10693465173244476 0.24986755847930908 0.3104190528392792
v 0.10693465173244476 0.24490076303482056 0.3122449815273285
v 0.11220946162939072 0.2493763417005539 0.31019866466522217
v 0.10693465173244476 0.2533060908317566 0.30865606665611267
v 0.10693465173244476 0.24986755847930908 0.3104190528392792
v 0.11220946162939072 0.2493763417005539 0.31019866466522217
v 0.11384212970733643 0.2586003839969635 0.30494120717048645
v 0.10693465173244476 0.2533060908317566 0.30865606665611267
v 0.11220946162939072 0.2493763417005539 0.31019866466522217
v 0.1142440214753151 0.2517232894897461 0.30853012204170227
v 0.11384212970733643 0.2586003839969635 0.30494120717048645
v 0.11680606007575989 0.24784809350967407 0.3094745874404907
v 0.12449219822883606 0.23109203577041626 0.31126904487609863
v 0.12449219822883606 0.2590370178222656 0.30018746852874756
v 0.11680606007575989 0.24784809350967407 0.3094745874404907
v 0.11220946162939072 0.2493763417005539 0.31019866466522217
v 0.1142440214753151 0.245282843708992 0.311048686504364
v 0.11680606007575989 0.24784809350967407 0.3094745874404907
v 0.1142440214753151 0.2517232894897461 0.30853012204170227
v 0.11220946162939072 0.2493763417005539 0.31019866466522217
v 0.11680606007575989 0.24784809350967407 0.3094745874404907
v 0.11841361969709396 0.25745418667793274 0.3040597140789032
v 0.1142440214753151 0.2517232894897461 0.30853012204170227
v 0.031027739867568016 -0.22421492636203766 0.3141653835773468
v 0.09314481914043427 -0.23114660382270813 0.31457462906837463
v 0.1000271663069725 -0.23114660382270813 0.31463760137557983
v 0.11384212970733643 0.2586003839969635 0.30494120717048645
v 0.10693465173244476 0.2586003839969635 0.30522453784942627
v 0.10693465173244476 0.2533060908317566 0.30865606665611267
v 0.11841361969709396 0.25745418667793274 0.3040597140789032
v 0.11384212970733643 0.2586003839969635 0.30494120717048645
v 0.1142440214753151 0.2517232894897461 0.30853012204170227
v 0.11841361969709396 0.25745418667793274 0.3040597140789032
v 0.12074960768222809 0.26509541273117065 0.29842448234558105
v 0.11384212970733643 0.2586003839969635 0.30494120717048645
v 0.11841361969709396 0.25745418667793274 0.3040597140789032
v 0.12449219822883606 0.2642767131328583 0.2973226308822632
v 0.12074960768222809 0.26509541273117065 0.29842448234558105
v 0.12449219822883606 0.2590370178222656 0.30018746852874756
v 0.12449219822883606 0.2642767131328583 0.2973226308822632
v 0.11841361969709396 0.25745418667793274 0.3040597140789032
v 0.12449219822883606 -0.21357181668281555 0.31476351618766785
v 0.11384212970733643 -0.23114660382270813 0.31451165676116943
v 0.12449219822883606 -0.22050347924232483 0.3141968548297882
v 0.11384212970733643 -0.22421492636203766 0.31479501724243164
v 0.11384212970733643 -0.23114660382270813 0.31451165676116943
v 0.12449219822883606 -0.21357181668281555 0.31476351618766785
v 0.11384212970733643 -0.22421492636203766 0.31479501724243164
v 0.10693465173244476 -0.23114660382270813 0.31463760137557983
v 0.11384212970733643 -0.23114660382270813 0.31451165676116943
v 0.1000271663069725 -0.23114660382270813 0.31463760137557983
v 0.1000271663069725 -0.23802368342876434 0.3139449954032898
v 0.10693465173244476 -0.23114660382270813 0.31463760137557983
v 0.1000271663069725 -0.23114660382270813 0.31463760137557983
v 0.09314481914043427 -0.23802368342876434 0.3139449954032898
v 0.1000271663069725 -0.23802368342876434 0.3139449954032898
v 0.1000271663069725 -0.23114660382270813 0.31463760137557983
v 0.031027739867568016 -0.23802368342876434 0.31337833404541016
v 0.09314481914043427 -0.23802368342876434 0.3139449954032898
v 0.1000271663069725 -0.23114660382270813 0.31463760137557983
v 0.09314481914043427 -0.23114660382270813 0.31457462906837463
v 0.031027739867568016 -0.23802368342876434 0.31337833404541016
v 0.1000271663069725 -0.23114660382270813 0.31463760137557983
v 0.10693465173244476 -0.23114660382270813 0.31463760137557983
v 0.11384212970733643 -0.22421492636203766 0.31479501724243164
v -0.020765790715813637 0.23491261899471283 0.2890743613243103
v -0.10224893689155579 0.23114660382270813 0.22592191398143768
v -0.028878940269351006 0.23114660382270813 0.28312432765960693
v 0.031027739867568016 -0.22421492636203766 0.3141653835773468
v 0.031027739867568016 -0.23114660382270813 0.3139764666557312
v 0.09314481914043427 -0.23114660382270813 0.31457462906837463
v 0.031027739867568016 -0.22421492636203766 0.3141653835773468
v 0.024145379662513733 -0.23114660382270813 0.31328389048576355
v 0.031027739867568016 -0.23114660382270813 0.3139764666557312
v 0.031027739867568016 -0.22421492636203766 0.3141653835773468
v 0.024145379662513733 -0.22421492636203766 0.31334686279296875
v 0.024145379662513733 -0.23114660382270813 0.31328389048576355
v 0.024145379662513733 -0.1621028035879135 0.31356722116470337
v 0.031027739867568016 -0.22421492636203766 0.3141653835773468
v 0.031027739867568016 -0.1621028035879135 0.3141968548297882
v 0.024145379662513733 -0.1621028035879135 0.31356722116470337
v 0.024145379662513733 -0.22421492636203766 0.31334686279296875
v 0.031027739867568016 -0.22421492636203766 0.3141653835773468
v 0.024145379662513733 -0.1621028035879135 0.31356722116470337
v 0.01723789982497692 -0.22421492636203766 0.3119301497936249
v 0.024145379662513733 -0.22421492636203766 0.31334686279296875
v 0.024145379662513733 -0.1621028035879135 0.31356722116470337
v 0.01723789982497692 -0.1552257239818573 0.3120560944080353
v 0.01723789982497692 -0.22421492636203766 0.3119301497936249
v 0.024145379662513733 0.23802368342876434 0.3124653398990631
v 0.016685299575328827 0.23846033215522766 0.3106394112110138
v 0.01723789982497692 0.23114660382270813 0.31164681911468506
v 0.024145379662513733 0.23802368342876434 0.3124653398990631
v 0.014022779650986195 0.24102558195590973 0.30963200330734253
v 0.016685299575328827 0.23846033215522766 0.3106394112110138
v 0.024145379662513733 0.23802368342876434 0.3124653398990631
v 0.018619390204548836 0.24282673001289368 0.31019866466522217
v 0.014022779650986195 0.24102558195590973 0.30963200330734253
v 0.024145379662513733 0.23802368342876434 0.3124653398990631
v 0.024446800351142883 0.24506452679634094 0.310702383518219
v 0.018619390204548836 0.24282673001289368 0.31019866466522217
v 0.031027739867568016 0.24490076303482056 0.31167832016944885
v 0.024446800351142883 0.24506452679634094 0.310702383518219
v 0.024145379662513733 0.23802368342876434 0.3124653398990631
v -0.13211436569690704 0.24315421283245087 0.20010684430599213
v -0.13211436569690704 -0.2785221040248871 0.1431247889995575
v -0.13211436569690704 -0.2781946063041687 0.14759521186351776
v -0.13211436569690704 0.24315421283245087 0.20010684430599213
v -0.13211436569690704 -0.26416754722595215 0.18411408364772797
v -0.13211436569690704 -0.26280301809310913 0.18587706983089447
v -0.13211436569690704 0.24315421283245087 0.20010684430599213
v -0.13211436569690704 -0.26793357729911804 0.17920292913913727
v -0.13211436569690704 -0.26416754722595215 0.18411408364772797
v -0.13211436569690704 0.24315421283245087 0.20010684430599213
v -0.13211436569690704 -0.2687522768974304 0.1781325489282608
v -0.13211436569690704 -0.26793357729911804 0.17920292913913727
v -0.13211436569690704 0.24315421283245087 0.20010684430599213
v -0.13211436569690704 -0.26935264468193054 0.17709365487098694
v -0.13211436569690704 -0.2687522768974304 0.1781325489282608
v -0.13211436569690704 0.24315421283245087 0.20010684430599213
v -0.13211436569690704 -0.27044424414634705 0.1745436191558838
v -0.13211436569690704 -0.26935264468193054 0.17709365487098694
v -0.13211436569690704 0.24315421283245087 0.20010684430599213
v -0.13211436569690704 -0.27180877327919006 0.1712065488100052
v -0.13211436569690704 -0.27044424414634705 0.1745436191558838
v -0.13211436569690704 0.24315421283245087 0.20010684430599213
v -0.13211436569690704 -0.2730095088481903 0.168121337890625
v -0.13211436569690704 -0.27180877327919006 0.1712065488100052
v -0.13211436569690704 0.24315421283245087 0.20010684430599213
v -0.13211436569690704 -0.2747015058994293 0.16355648636817932
v -0.13211436569690704 -0.2730095088481903 0.168121337890625
v -0.13211436569690704 0.24315421283245087 0.20010684430599213
v -0.13211436569690704 -0.27622973918914795 0.15936939418315887
v -0.13211436569690704 -0.2747015058994293 0.16355648636817932
v -0.13211436569690704 0.24315421283245087 0.20010684430599213
v -0.13211436569690704 -0.2763389050960541 0.15905457735061646
v -0.13211436569690704 -0.27622973918914795 0.15936939418315887
v -0.13211436569690704 0.24315421283245087 0.20010684430599213
v -0.13211436569690704 -0.2767755389213562 0.15691381692886353
v -0.13211436569690704 -0.2763389050960541 0.15905457735061646
v -0.13211436569690704 0.24315421283245087 0.20010684430599213
v -0.13211436569690704 -0.2779217064380646 0.1500193029642105
v -0.13211436569690704 -0.2767755389213562 0.15691381692886353
v -0.13211436569690704 0.24315421283245087 0.20010684430599213
v -0.13211436569690704 -0.2781946063041687 0.14759521186351776
v -0.13211436569690704 -0.2779217064380646 0.1500193029642105
v -0.13211436569690704 0.24315421283245087 0.20010684430599213
v -0.13211436569690704 -0.26280301809310913 0.18587706983089447
v -0.13211436569690704 -0.2623664140701294 0.1863492876291275
v -0.13211436569690704 0.24315421283245087 0.20010684430599213
v -0.13211436569690704 -0.2786312699317932 0.14070069789886475
v -0.13211436569690704 -0.2785221040248871 0.1431247889995575
v -0.13211436569690704 0.24315421283245087 0.20010684430599213
v -0.13211436569690704 -0.27874040603637695 0.13623027503490448
v -0.13211436569690704 -0.2786312699317932 0.14070069789886475
v -0.13211436569690704 0.24315421283245087 0.20010684430599213
v -0.13211436569690704 -0.2787950038909912 0.12933577597141266
v -0.13211436569690704 -0.27874040603637695 0.13623027503490448
v -0.13211436569690704 0.24315421283245087 0.20010684430599213
v -0.13211436569690704 -0.2787950038909912 0.08548162877559662
v -0.13211436569690704 -0.2787950038909912 0.12933577597141266
v -0.13211436569690704 0.24315421283245087 0.20010684430599213
v -0.13211436569690704 -0.2786858379840851 0.04408308118581772
v -0.13211436569690704 -0.2787950038909912 0.08548162877559662
v -0.13211436569690704 0.24315421283245087 0.20010684430599213
v -0.13211436569690704 -0.2786312699317932 0.03961265832185745
v -0.13211436569690704 -0.2786858379840851 0.04408308118581772
v -0.13211436569690704 0.24315421283245087 0.20010684430599213
v -0.13211436569690704 -0.27857667207717896 0.037188559770584106
v -0.13211436569690704 -0.2786312699317932 0.03961265832185745
v -0.13211436569690704 0.24315421283245087 0.20010684430599213
v -0.13211436569690704 -0.27824920415878296 0.03029404953122139
v -0.13211436569690704 -0.27857667207717896 0.037188559770584106
v -0.13211436569690704 0.24315421283245087 0.20010684430599213
v -0.13211436569690704 -0.2777034044265747 0.025823630392551422
v -0.13211436569690704 -0.27824920415878296 0.03029404953122139
v -0.13211436569690704 0.24315421283245087 0.20010684430599213
v -0.13211436569690704 -0.2773759067058563 0.023399529978632927
v -0.13211436569690704 -0.2777034044265747 0.025823630392551422
v -0.13211436569690704 0.24315421283245087 0.20010684430599213
v -0.13211436569690704 -0.2762843072414398 0.01886616088449955
v -0.13211436569690704 -0.2773759067058563 0.023399529978632927
v -0.13211436569690704 0.24315421283245087 0.20010684430599213
v -0.13211436569690704 -0.27513813972473145 0.015434649772942066
v -0.13211436569690704 -0.2762843072414398 0.01886616088449955
v -0.13211436569690704 0.24315421283245087 0.20010684430599213
v -0.13211436569690704 -0.2719724774360657 0.009579040110111237
v -0.13211436569690704 -0.27513813972473145 0.015434649772942066
v -0.13211436569690704 0.24315421283245087 0.20010684430599213
v -0.13211436569690704 0.22421492636203766 0.2027513086795807
v -0.13211436569690704 0.23114660382270813 0.20253093540668488
v -0.0202634297311306 -0.23955193161964417 0.28866511583328247
v -0.02832634001970291 -0.23802368342876434 0.2826835811138153
v -0.03967972844839096 -0.23802368342876434 0.2738686800003052
v -0.0202634297311306 -0.23955193161964417 0.28866511583328247
v -0.020765790715813637 -0.23491261899471283 0.2890743613243103
v -0.02832634001970291 -0.23802368342876434 0.2826835811138153
v -0.012501940131187439 -0.23802368342876434 0.29493001103401184
v -0.020765790715813637 -0.23491261899471283 0.2890743613243103
v -0.0202634297311306 -0.23955193161964417 0.28866511583328247
v -0.012501940131187439 -0.23802368342876434 0.29493001103401184
v -0.013104770332574844 -0.23114660382270813 0.2953707277774811
v -0.020765790715813637 -0.23491261899471283 0.2890743613243103
v -0.009864539839327335 -0.1552257239818573 0.29814112186431885
v -0.013330839574337006 -0.22421492636203766 0.2955596446990967
v -0.009864539839327335 -0.22421492636203766 0.29810965061187744
v -0.013330839574337006 0.1483486294746399 0.2955596446990967
v -0.01724926009774208 -0.22421492636203766 0.2925058901309967
v -0.013330839574337006 -0.22421492636203766 0.2955596446990967
v -0.013330839574337006 0.1483486294746399 0.2955596446990967
v -0.01724926009774208 -0.16903448104858398 0.2925058901309967
v -0.01724926009774208 -0.22421492636203766 0.2925058901309967
v -0.013330839574337006 0.1483486294746399 0.2955596446990967
v -0.13211436569690704 0.22421492636203766 0.2027513086795807
v -0.01724926009774208 -0.16903448104858398 0.2925058901309967
v -0.02463397942483425 0.22421492636203766 0.28671324253082275
v -0.013330839574337006 0.1483486294746399 0.2955596446990967
v -0.01724926009774208 0.22421492636203766 0.2924744188785553
v -0.02463397942483425 0.22421492636203766 0.28671324253082275
v -0.13211436569690704 0.22421492636203766 0.2027513086795807
v -0.013330839574337006 0.1483486294746399 0.2955596446990967
v -0.10664459317922592 0.23114660382270813 0.22249038517475128
v -0.13211436569690704 0.22421492636203766 0.2027513086795807
v -0.02463397942483425 0.22421492636203766 0.28671324253082275
v -0.13211436569690704 0.23114660382270813 0.20253093540668488
v -0.13211436569690704 0.22421492636203766 0.2027513086795807
v -0.10664459317922592 0.23114660382270813 0.22249038517475128
v -0.13211436569690704 0.24315421283245087 0.20010684430599213
v -0.13211436569690704 0.23114660382270813 0.20253093540668488
v -0.13211436569690704 0.23802368342876434 0.20161797106266022
v -0.13211436569690704 0.24315421283245087 0.20010684430599213
v -0.13211436569690704 -0.26935264468193054 0.005864189937710762
v -0.13211436569690704 -0.2719724774360657 0.009579040110111237
v -0.13211436569690704 0.24315421283245087 0.20010684430599213
v -0.13211436569690704 -0.22421492636203766 0.2027513086795807
v -0.13211436569690704 0.22421492636203766 0.2027513086795807
v -0.13211436569690704 0.24315421283245087 0.20010684430599213
v -0.13211436569690704 -0.23114660382270813 0.20246796309947968
v -0.13211436569690704 -0.22421492636203766 0.2027513086795807
v -0.13211436569690704 0.24315421283245087 0.20010684430599213
v -0.13211436569690704 -0.23633171617984772 0.20180684328079224
v -0.13211436569690704 -0.23114660382270813 0.20246796309947968
v -0.13211436569690704 0.24315421283245087 0.20010684430599213
v -0.13211436569690704 -0.23802368342876434 0.20158648490905762
v -0.13211436569690704 -0.23633171617984772 0.20180684328079224
v -0.13211436569690704 0.24315421283245087 0.20010684430599213
v -0.13211436569690704 -0.24320879578590393 0.20016980171203613
v -0.13211436569690704 -0.23802368342876434 0.20158648490905762
v -0.13211436569690704 0.24315421283245087 0.20010684430599213
v -0.13211436569690704 -0.24692024290561676 0.19840681552886963
v -0.13211436569690704 -0.24320879578590393 0.20016980171203613
v -0.13211436569690704 0.24315421283245087 0.20010684430599213
v -0.13211436569690704 -0.24915800988674164 0.19717903435230255
v -0.13211436569690704 -0.24692024290561676 0.19840681552886963
v -0.13211436569690704 0.24315421283245087 0.20010684430599213
v -0.13211436569690704 -0.2515595555305481 0.19573086500167847
v -0.13211436569690704 -0.24915800988674164 0.19717903435230255
v -0.13211436569690704 0.24315421283245087 0.20010684430599213
v -0.13211436569690704 -0.2555984556674957 0.1931178867816925
v -0.13211436569690704 -0.2515595555305481 0.19573086500167847
v -0.13211436569690704 0.24315421283245087 0.20010684430599213
v -0.13211436569690704 -0.2562534213066101 0.19261416792869568
v -0.13211436569690704 -0.2555984556674957 0.1931178867816925
v -0.13211436569690704 0.24315421283245087 0.20010684430599213
v -0.13211436569690704 -0.2584366500377655 0.19047340750694275
v -0.13211436569690704 -0.2562534213066101 0.19261416792869568
v -0.13211436569690704 0.24315421283245087 0.20010684430599213
v -0.13211436569690704 -0.2593644857406616 0.1895289570093155
v -0.13211436569690704 -0.2584366500377655 0.19047340750694275
v -0.13211436569690704 0.24315421283245087 0.20010684430599213
v -0.13211436569690704 -0.2623664140701294 0.1863492876291275
v -0.13211436569690704 -0.2593644857406616 0.1895289570093155
v -0.13211436569690704 0.24315421283245087 0.20010684430599213
v -0.13211436569690704 0.25150495767593384 0.19557346403598785
v -0.13211436569690704 0.25587135553359985 0.1929289847612381
v -0.13211436569690704 0.24315421283245087 0.20010684430599213
v -0.13211436569690704 0.2786858379840851 0.14070069789886475
v -0.13211436569690704 0.2787950038909912 0.12688018381595612
v -0.13211436569690704 0.24315421283245087 0.20010684430599213
v -0.13211436569690704 0.27824920415878296 0.14759521186351776
v -0.13211436569690704 0.2786858379840851 0.14070069789886475
v -0.13211436569690704 0.24315421283245087 0.20010684430599213
v -0.13211436569690704 0.2772667407989502 0.15461565554141998
v -0.13211436569690704 0.27824920415878296 0.14759521186351776
v -0.13211436569690704 0.24315421283245087 0.20010684430599213
v -0.13211436569690704 0.2763389050960541 0.15921199321746826
v -0.13211436569690704 0.2772667407989502 0.15461565554141998
v -0.13211436569690704 0.24315421283245087 0.20010684430599213
v -0.13211436569690704 0.2752473056316376 0.16251757740974426
v -0.13211436569690704 0.2763389050960541 0.15921199321746826
v -0.13211436569690704 0.24315421283245087 0.20010684430599213
v -0.13211436569690704 0.27322784066200256 0.1681528240442276
v -0.13211436569690704 0.2752473056316376 0.16251757740974426
v -0.13211436569690704 0.24315421283245087 0.20010684430599213
v -0.13211436569690704 0.2705534100532532 0.1745436191558838
v -0.13211436569690704 0.27322784066200256 0.1681528240442276
v -0.13211436569690704 0.24315421283245087 0.20010684430599213
v -0.13211436569690704 0.2687522768974304 0.1781325489282608
v -0.13211436569690704 0.2705534100532532 0.1745436191558838
v -0.13211436569690704 0.24315421283245087 0.20010684430599213
v -0.13211436569690704 0.2656412124633789 0.18219369649887085
v -0.13211436569690704 0.2687522768974304 0.1781325489282608
v -0.13211436569690704 0.24315421283245087 0.20010684430599213
v -0.13211436569690704 0.2626393139362335 0.18609744310379028
v -0.13211436569690704 0.2656412124633789 0.18219369649887085
v -0.13211436569690704 0.24315421283245087 0.20010684430599213
v -0.13211436569690704 0.2593644857406616 0.1895289570093155
v -0.13211436569690704 0.2626393139362335 0.18609744310379028
v -0.13211436569690704 0.24315421283245087 0.20010684430599213
v -0.13211436569690704 0.2562534213066101 0.19261416792869568
v -0.13211436569690704 0.2593644857406616 0.1895289570093155
v -0.13211436569690704 0.24315421283245087 0.20010684430599213
v -0.13211436569690704 0.25587135553359985 0.1929289847612381
v -0.13211436569690704 0.2562534213066101 0.19261416792869568
v -0.13211436569690704 0.24315421283245087 0.20010684430599213
v -0.13211436569690704 0.2787950038909912 0.12688018381595612
v -0.13211436569690704 0.2787950038909912 0.08548162877559662
v -0.13211436569690704 0.24315421283245087 0.20010684430599213
v -0.13211436569690704 0.2467019259929657 0.19821792840957642
v -0.13211436569690704 0.25150495767593384 0.19557346403598785
v -0.13211436569690704 0.24315421283245087 0.20010684430599213
v -0.10358017683029175 0.24850305914878845 0.22006629407405853
v -0.13211436569690704 0.2467019259929657 0.19821792840957642
v -0.13211436569690704 0.24315421283245087 0.20010684430599213
v -0.09609498828649521 0.247466042637825 0.22652006149291992
v -0.10358017683029175 0.24850305914878845 0.22006629407405853
v -0.07647775113582611 0.2490488588809967 0.2411276251077652
v -0.10358017683029175 0.24850305914878845 0.22006629407405853
v -0.09609498828649521 0.247466042637825 0.22652006149291992
v -0.07647775113582611 0.2490488588809967 0.2411276251077652
v -0.08398807048797607 0.2498129904270172 0.23473681509494781
v -0.10358017683029175 0.24850305914878845 0.22006629407405853
v -0.07647775113582611 0.2490488588809967 0.2411276251077652
v -0.12432774901390076 0.25543472170829773 0.1994142383337021
v -0.08398807048797607 0.2498129904270172 0.23473681509494781
v -0.07647775113582611 0.2490488588809967 0.2411276251077652
v -0.07228302955627441 0.2515595555305481 0.2427331805229187
v -0.12432774901390076 0.25543472170829773 0.1994142383337021
v -0.00793043989688158 0.25619885325431824 0.28982993960380554
v -0.05477571114897728 0.2548343539237976 0.2541925609111786
v -0.027547679841518402 0.25521641969680786 0.27519091963768005
v -0.00793043989688158 0.25619885325431824 0.28982993960380554
v -0.12432774901390076 0.25543472170829773 0.1994142383337021
v -0.05477571114897728 0.2548343539237976 0.2541925609111786
v -0.00793043989688158 0.25619885325431824 0.28982993960380554
v -0.13211436569690704 0.2562534213066101 0.19261416792869568
v -0.12432774901390076 0.25543472170829773 0.1994142383337021
v -0.00793043989688158 0.25619885325431824 0.28982993960380554
v -0.0822046771645546 0.2617660164833069 0.22645710408687592
v -0.13211436569690704 0.2562534213066101 0.19261416792869568
v -0.00793043989688158 0.25619885325431824 0.28982993960380554
v -0.012677759863436222 0.26132938265800476 0.2812354266643524
v -0.0822046771645546 0.2617660164833069 0.22645710408687592
v -0.00793043989688158 0.25619885325431824 0.28982993960380554
v -0.00511721009388566 0.2607835829257965 0.2876577079296112
v -0.012677759863436222 0.26132938265800476 0.2812354266643524
v -0.13211436569690704 0.24315421283245087 0.20010684430599213
v -0.13211436569690704 0.2680427134037018 0.004919719882309437
v -0.13211436569690704 0.2656412124633789 0.0032511900644749403
v -0.13211436569690704 0.24315421283245087 0.20010684430599213
v -0.13211436569690704 -0.2656412124633789 0.0032826699316501617
v -0.13211436569690704 -0.26935264468193054 0.005864189937710762
v -0.13211436569690704 0.24315421283245087 0.20010684430599213
v -0.13211436569690704 -0.2623664140701294 0.0012363699497655034
v -0.13211436569690704 -0.2656412124633789 0.0032826699316501617
v -0.13211436569690704 0.24315421283245087 0.20010684430599213
v -0.13211436569690704 -0.25712671875953674 -0.0020062599796801805
v -0.13211436569690704 -0.2623664140701294 0.0012363699497655034
v -0.13211436569690704 0.24315421283245087 0.20010684430599213
v -0.13211436569690704 -0.25368818640708923 -0.004084070213139057
v -0.13211436569690704 -0.25712671875953674 -0.0020062599796801805
v -0.13211436569690704 0.24315421283245087 0.20010684430599213
v -0.13211436569690704 -0.2518324553966522 -0.0051859300583601
v -0.13211436569690704 -0.25368818640708923 -0.004084070213139057
v -0.13211436569690704 0.24315421283245087 0.20010684430599213
v -0.13211436569690704 -0.24735689163208008 -0.005847049877047539
v -0.13211436569690704 -0.2518324553966522 -0.0051859300583601
v -0.13211436569690704 0.24315421283245087 0.20010684430599213
v -0.13211436569690704 -0.10692235827445984 -0.005972960032522678
v -0.13211436569690704 -0.24735689163208008 -0.005847049877047539
v -0.13211436569690704 0.24315421283245087 0.20010684430599213
v -0.13211436569690704 0.10692235827445984 -0.005972960032522678
v -0.13211436569690704 -0.10692235827445984 -0.005972960032522678
v -0.13211436569690704 0.24315421283245087 0.20010684430599213
v -0.13211436569690704 0.24490076303482056 -0.005847049877047539
v -0.13211436569690704 0.10692235827445984 -0.005972960032522678
v -0.13211436569690704 0.24315421283245087 0.20010684430599213
v -0.13211436569690704 0.2518324553966522 -0.005217410158365965
v -0.13211436569690704 0.24490076303482056 -0.005847049877047539
v -0.13211436569690704 0.24315421283245087 0.20010684430599213
v -0.13211436569690704 0.2571812868118286 -0.0020062599796801805
v -0.13211436569690704 0.2518324553966522 -0.005217410158365965
v -0.13211436569690704 0.24315421283245087 0.20010684430599213
v -0.13211436569690704 0.2594190835952759 -0.0006525400094687939
v -0.13211436569690704 0.2571812868118286 -0.0020062599796801805
v -0.13211436569690704 0.24315421283245087 0.20010684430599213
v -0.13211436569690704 0.2656412124633789 0.0032511900644749403
v -0.13211436569690704 0.2594190835952759 -0.0006525400094687939
v -0.0202634297311306 -0.23955193161964417 0.28866511583328247
v -0.03967972844839096 -0.23802368342876434 0.2738686800003052
v -0.04756680876016617 -0.23802368342876434 0.2677297294139862
v -0.13211436569690704 0.24315421283245087 0.20010684430599213
v -0.13211436569690704 0.26935264468193054 0.0058327000588178635
v -0.13211436569690704 0.2680427134037018 0.004919719882309437
v -0.13211436569690704 0.24315421283245087 0.20010684430599213
v -0.13211436569690704 0.2719724774360657 0.009579040110111237
v -0.13211436569690704 0.26935264468193054 0.0058327000588178635
v -0.13211436569690704 0.24315421283245087 0.20010684430599213
v -0.13211436569690704 0.27513813972473145 0.015466130338609219
v -0.13211436569690704 0.2719724774360657 0.009579040110111237
v -0.13211436569690704 0.24315421283245087 0.20010684430599213
v -0.13211436569690704 0.27590224146842957 0.017701340839266777
v -0.13211436569690704 0.27513813972473145 0.015466130338609219
v -0.13211436569690704 0.24315421283245087 0.20010684430599213
v -0.13211436569690704 0.2762843072414398 0.01892912946641445
v -0.13211436569690704 0.27590224146842957 0.017701340839266777
v -0.13211436569690704 0.24315421283245087 0.20010684430599213
v -0.13211436569690704 0.27699384093284607 0.021825449541211128
v -0.13211436569690704 0.2762843072414398 0.01892912946641445
v -0.13211436569690704 0.24315421283245087 0.20010684430599213
v -0.13211436569690704 0.2773759067058563 0.023399529978632927
v -0.13211436569690704 0.27699384093284607 0.021825449541211128
v -0.13211436569690704 0.24315421283245087 0.20010684430599213
v -0.13211436569690704 0.27797630429267883 0.02783847041428089
v -0.13211436569690704 0.2773759067058563 0.023399529978632927
v -0.13211436569690704 0.24315421283245087 0.20010684430599213
v -0.13211436569690704 0.27830377221107483 0.03029404953122139
v -0.13211436569690704 0.27797630429267883 0.02783847041428089
v -0.13211436569690704 0.24315421283245087 0.20010684430599213
v -0.13211436569690704 0.2785221040248871 0.03476446121931076
v -0.13211436569690704 0.27830377221107483 0.03029404953122139
v -0.13211436569690704 0.24315421283245087 0.20010684430599213
v -0.13211436569690704 0.2786312699317932 0.037188559770584106
v -0.13211436569690704 0.2785221040248871 0.03476446121931076
v -0.13211436569690704 0.24315421283245087 0.20010684430599213
v -0.13211436569690704 0.27874040603637695 0.04408308118581772
v -0.13211436569690704 0.2786312699317932 0.037188559770584106
v -0.13211436569690704 0.24315421283245087 0.20010684430599213
v -0.13211436569690704 0.2787950038909912 0.08548162877559662
v -0.13211436569690704 0.27874040603637695 0.04408308118581772
v 0.0862373411655426 0.2759568393230438 0.2820224463939667
v 0.03793521970510483 0.2767755389213562 0.27818170189857483
v 0.058632541447877884 0.27590224146842957 0.28180208802223206
v 0.009074520319700241 0.2683156132698059 0.2878780663013458
v 0.010958369821310043 0.2703896462917328 0.2855798900127411
v 0.0051560900174081326 0.26978927850723267 0.28328174352645874
v 0.0034480600152164698 0.2636217176914215 0.290648490190506
v 0.009074520319700241 0.2683156132698059 0.2878780663013458
v 0.003096410073339939 0.26727861166000366 0.2855798900127411
v 0.013671129941940308 0.2691343128681183 0.2890743613243103
v 0.010958369821310043 0.2703896462917328 0.2855798900127411
v 0.009074520319700241 0.2683156132698059 0.2878780663013458
v 0.013671129941940308 0.2691343128681183 0.2890743613243103
v 0.01723789982497692 0.27202704548835754 0.2855484187602997
v 0.010958369821310043 0.2703896462917328 0.2855798900127411
v 0.01723789982497692 0.26962554454803467 0.28979846835136414
v 0.01723789982497692 0.27202704548835754 0.2855484187602997
v 0.013671129941940308 0.2691343128681183 0.2890743613243103
v 0.024145379662513733 0.2753564417362213 0.28051134943962097
v 0.018971050158143044 0.2762843072414398 0.2761353552341461
v 0.01688624918460846 0.2750289738178253 0.27852797508239746
v 0.024145379662513733 0.2753564417362213 0.28051134943962097
v 0.024145379662513733 0.27655720710754395 0.27704834938049316
v 0.018971050158143044 0.2762843072414398 0.2761353552341461
v 0.031027739867568016 0.2756839394569397 0.2812668979167938
v 0.024145379662513733 0.27655720710754395 0.27704834938049316
v 0.024145379662513733 0.2753564417362213 0.28051134943962097
v 0.031027739867568016 0.2756839394569397 0.2812668979167938
v 0.031027739867568016 0.27672094106674194 0.277803897857666
v 0.024145379662513733 0.27655720710754395 0.27704834938049316
v 0.03793521970510483 0.2757931053638458 0.28161320090293884
v 0.031027739867568016 0.27672094106674194 0.277803897857666
v 0.031027739867568016 0.2756839394569397 0.2812668979167938
v 0.03793521970510483 0.2757931053638458 0.28161320090293884
v 0.03793521970510483 0.2767755389213562 0.27818170189857483
v 0.031027739867568016 0.27672094106674194 0.277803897857666
v 0.04484270140528679 0.2758476734161377 0.28170764446258545
v 0.03793521970510483 0.2767755389213562 0.27818170189857483
v 0.03793521970510483 0.2757931053638458 0.28161320090293884
v 0.058632541447877884 0.27590224146842957 0.28180208802223206
v 0.03793521970510483 0.2767755389213562 0.27818170189857483
v 0.04484270140528679 0.2758476734161377 0.28170764446258545
v 0.009074520319700241 0.2683156132698059 0.2878780663013458
v 0.0051560900174081326 0.26978927850723267 0.28328174352645874
v 0.003096410073339939 0.26727861166000366 0.2855798900127411
v 0.0862373411655426 0.2759568393230438 0.2820224463939667
v 0.04484270140528679 0.2767755389213562 0.27827614545822144
v 0.03793521970510483 0.2767755389213562 0.27818170189857483
v 0.09141165763139725 0.2759568393230438 0.2820854187011719
v 0.04484270140528679 0.2767755389213562 0.27827614545822144
v 0.0862373411655426 0.2759568393230438 0.2820224463939667
v 0.024145379662513733 0.27328240871429443 0.2855484187602997
v 0.01688624918460846 0.2750289738178253 0.27852797508239746
v 0.01723789982497692 0.27202704548835754 0.2855484187602997
v 0.024145379662513733 0.27328240871429443 0.2855484187602997
v 0.024145379662513733 0.2753564417362213 0.28051134943962097
v 0.01688624918460846 0.2750289738178253 0.27852797508239746
v 0.024145379662513733 0.2703896462917328 0.2909317910671234
v 0.01723789982497692 0.27202704548835754 0.2855484187602997
v 0.01723789982497692 0.26962554454803467 0.28979846835136414
v 0.024145379662513733 0.2703896462917328 0.2909317910671234
v 0.024145379662513733 0.27328240871429443 0.2855484187602997
v 0.01723789982497692 0.27202704548835754 0.2855484187602997
v 0.06554002314805984 0.2767755389213562 0.27840206027030945
v 0.03793521970510483 0.2780308723449707 0.27175939083099365
v 0.058632541447877884 0.2767755389213562 0.27837055921554565
v 0.06554002314805984 0.2767755389213562 0.27840206027030945
v 0.06554002314805984 0.2780308723449707 0.27175939083099365
v 0.03793521970510483 0.2780308723449707 0.27175939083099365
v 0.07932986319065094 0.27672094106674194 0.27852797508239746
v 0.06554002314805984 0.2780308723449707 0.27175939083099365
v 0.06554002314805984 0.2767755389213562 0.27840206027030945
v 0.1067085936665535 0.2765026390552521 0.2793150246143341
v 0.06554002314805984 0.2780308723449707 0.27175939083099365
v 0.07932986319065094 0.27672094106674194 0.27852797508239746
v 0.12449219822883606 0.2766118049621582 0.27843353152275085
v 0.06554002314805984 0.2780308723449707 0.27175939083099365
v 0.1067085936665535 0.2765026390552521 0.2793150246143341
v 0.12449219822883606 0.2766118049621582 0.27843353152275085
v 0.12449219822883606 0.2772667407989502 0.27487608790397644
v 0.06554002314805984 0.2780308723449707 0.27175939083099365
v 0.09600827842950821 0.2759568393230438 0.2821168899536133
v 0.04484270140528679 0.2767755389213562 0.27827614545822144
v 0.09141165763139725 0.2759568393230438 0.2820854187011719
v 0.0005594799877144396 0.2688068449497223 0.28164467215538025
v -0.007026189938187599 0.2691343128681183 0.27531683444976807
v -0.011622799560427666 0.26793357729911804 0.27352237701416016
v -0.12432774901390076 0.25543472170829773 0.1994142383337021
v -0.13211436569690704 0.25587135553359985 0.1929289847612381
v -0.13211436569690704 0.25150495767593384 0.19557346403598785
v -0.13211436569690704 0.2562534213066101 0.19261416792869568
v -0.13211436569690704 0.25587135553359985 0.1929289847612381
v -0.12432774901390076 0.25543472170829773 0.1994142383337021
v -0.13211436569690704 0.2562534213066101 0.19261416792869568
v -0.1289997100830078 0.2606198489665985 0.19075675308704376
v -0.13211436569690704 0.2593644857406616 0.1895289570093155
v -0.0822046771645546 0.2617660164833069 0.22645710408687592
v -0.1289997100830078 0.2606198489665985 0.19075675308704376
v -0.13211436569690704 0.2562534213066101 0.19261416792869568
v -0.0822046771645546 0.2617660164833069 0.22645710408687592
v -0.10935735702514648 0.2614385187625885 0.20539577305316925
v -0.1289997100830078 0.2606198489665985 0.19075675308704376
v -0.0822046771645546 0.2617660164833069 0.22645710408687592
v -0.11689279228448868 0.261875182390213 0.19900497794151306
v -0.10935735702514648 0.2614385187625885 0.20539577305316925
v -0.0822046771645546 0.2617660164833069 0.22645710408687592
v -0.12440308928489685 0.26231181621551514 0.19258269667625427
v -0.11689279228448868 0.261875182390213 0.19900497794151306
v -0.0822046771645546 0.2617660164833069 0.22645710408687592
v -0.08971498906612396 0.262202650308609 0.22003480792045593
v -0.12440308928489685 0.26231181621551514 0.19258269667625427
v -0.0822046771645546 0.2617660164833069 0.22645710408687592
v -0.06253720074892044 0.26247555017471313 0.24106465280056
v -0.08971498906612396 0.262202650308609 0.22003480792045593
v -0.0822046771645546 0.2617660164833069 0.22645710408687592
v -0.055001769214868546 0.262038916349411 0.24745546281337738
v -0.06253720074892044 0.26247555017471313 0.24106465280056
v -0.003082650015130639 0.264058381319046 0.28542250394821167
v -0.0034594200551509857 0.2677152454853058 0.28013354539871216
v -0.011622799560427666 0.26793357729911804 0.27352237701416016
v 0.0005594799877144396 0.2688068449497223 0.28164467215538025
v -0.0034594200551509857 0.2677152454853058 0.28013354539871216
v -0.003082650015130639 0.264058381319046 0.28542250394821167
v 0.0005594799877144396 0.2688068449497223 0.28164467215538025
v -0.011622799560427666 0.26793357729911804 0.27352237701416016
v -0.0034594200551509857 0.2677152454853058 0.28013354539871216
v 0.09600827842950821 0.2759568393230438 0.2821168899536133
v 0.058632541447877884 0.2767755389213562 0.27837055921554565
v 0.04484270140528679 0.2767755389213562 0.27827614545822144
v 0.0005594799877144396 0.2688068449497223 0.28164467215538025
v 0.0051560900174081326 0.26978927850723267 0.28328174352645874
v -0.007026189938187599 0.2691343128681183 0.27531683444976807
v 0.003096410073339939 0.26727861166000366 0.2855798900127411
v 0.0051560900174081326 0.26978927850723267 0.28328174352645874
v 0.0005594799877144396 0.2688068449497223 0.28164467215538025
v -0.02023831009864807 0.26182061433792114 0.27484461665153503
v -0.0822046771645546 0.2617660164833069 0.22645710408687592
v -0.012677759863436222 0.26132938265800476 0.2812354266643524
v -0.02023831009864807 0.26182061433792114 0.27484461665153503
v -0.055001769214868546 0.262038916349411 0.24745546281337738
v -0.0822046771645546 0.2617660164833069 0.22645710408687592
v -0.027773749083280563 0.26231181621551514 0.26845380663871765
v -0.06253720074892044 0.26247555017471313 0.24106465280056
v -0.055001769214868546 0.262038916349411 0.24745546281337738
v -0.027773749083280563 0.26231181621551514 0.26845380663871765
v -0.055001769214868546 0.262038916349411 0.24745546281337738
v -0.02023831009864807 0.26182061433792114 0.27484461665153503
v -0.008081150241196156 0.2629667818546295 0.2830298840999603
v -0.015616579912602901 0.2633488178253174 0.27663907408714294
v -0.06253720074892044 0.26247555017471313 0.24106465280056
v -0.008081150241196156 0.2629667818546295 0.2830298840999603
v -0.011622799560427666 0.26793357729911804 0.27352237701416016
v -0.015616579912602901 0.2633488178253174 0.27663907408714294
v -0.008081150241196156 0.2629667818546295 0.2830298840999603
v -0.003082650015130639 0.264058381319046 0.28542250394821167
v -0.011622799560427666 0.26793357729911804 0.27352237701416016
v -0.008081150241196156 0.2629667818546295 0.2830298840999603
v -0.06253720074892044 0.26247555017471313 0.24106465280056
v -0.027773749083280563 0.26231181621551514 0.26845380663871765
v -0.07228302955627441 0.2515595555305481 0.2427331805229187
v -0.07446829974651337 0.25368818640708923 0.2395850121974945
v -0.12432774901390076 0.25543472170829773 0.1994142383337021
v -0.05477571114897728 0.2548343539237976 0.2541925609111786
v -0.07446829974651337 0.25368818640708923 0.2395850121974945
v -0.07228302955627441 0.2515595555305481 0.2427331805229187
v -0.05477571114897728 0.2548343539237976 0.2541925609111786
v -0.12432774901390076 0.25543472170829773 0.1994142383337021
v -0.07446829974651337 0.25368818640708923 0.2395850121974945
v -0.006674540229141712 -0.24806642532348633 0.2957485318183899
v -0.014285320416092873 -0.2490488588809967 0.2893891930580139
v -0.010266429744660854 -0.2515595555305481 0.2910262644290924
v -0.0002694200084079057 -0.255489319562912 0.2960948348045349
v -0.012527059763669968 -0.253633588552475 0.2880040109157562
v -0.00793043989688158 -0.25619885325431824 0.28982993960380554
v -0.0002694200084079057 -0.255489319562912 0.2960948348045349
v -0.005217690020799637 -0.2518324553966522 0.2946781516075134
v -0.012527059763669968 -0.253633588552475 0.2880040109157562
v -0.0002694200084079057 -0.255489319562912 0.2960948348045349
v 0.007893959991633892 -0.26165685057640076 0.2954022288322449
v 0.0034480600152164698 -0.2567446529865265 0.2971337139606476
v -0.0002694200084079057 -0.255489319562912 0.2960948348045349
v 0.0034480600152164698 -0.260183185338974 0.2941114604473114
v 0.007893959991633892 -0.26165685057640076 0.2954022288322449
v -0.0002694200084079057 -0.255489319562912 0.2960948348045349
v -0.0005457199877128005 -0.262530118227005 0.2893891930580139
v 0.0034480600152164698 -0.260183185338974 0.2941114604473114
v -0.0002694200084079057 -0.255489319562912 0.2960948348045349
v -0.0027058799751102924 -0.2581637501716614 0.29190775752067566
v -0.0005457199877128005 -0.262530118227005 0.2893891930580139
v -0.0002694200084079057 -0.255489319562912 0.2960948348045349
v -0.00793043989688158 -0.25619885325431824 0.28982993960380554
v -0.0027058799751102924 -0.2581637501716614 0.29190775752067566
v -0.009663590230047703 -0.23114660382270813 0.297952264547348
v -0.013330839574337006 -0.22421492636203766 0.2955596446990967
v -0.013104770332574844 -0.23114660382270813 0.2953707277774811
v -0.009663590230047703 -0.23114660382270813 0.297952264547348
v -0.009864539839327335 -0.22421492636203766 0.29810965061187744
v -0.013330839574337006 -0.22421492636203766 0.2955596446990967
v -0.001776510034687817 -0.2518324553966522 0.2971022427082062
v -0.0002694200084079057 -0.255489319562912 0.2960948348045349
v 0.003724359907209873 -0.2515595555305481 0.3005022704601288
v -0.001776510034687817 -0.2518324553966522 0.2971022427082062
v -0.005217690020799637 -0.2518324553966522 0.2946781516075134
v -0.0002694200084079057 -0.255489319562912 0.2960948348045349
v -0.006674540229141712 -0.24806642532348633 0.2957485318183899
v -0.005217690020799637 -0.2518324553966522 0.2946781516075134
v -0.001776510034687817 -0.2518324553966522 0.2971022427082062
v -0.006674540229141712 -0.24806642532348633 0.2957485318183899
v -0.010266429744660854 -0.2515595555305481 0.2910262644290924
v -0.005217690020799637 -0.2518324553966522 0.2946781516075134
v 0.0034480600152164698 -0.2567446529865265 0.2971337139606476
v 0.007893959991633892 -0.26165685057640076 0.2954022288322449
v 0.010606720112264156 -0.2586003839969635 0.2992115318775177
v -0.006674540229141712 -0.24806642532348633 0.2957485318183899
v -0.04161382094025612 -0.24866680800914764 0.26848527789115906
v -0.014285320416092873 -0.2490488588809967 0.2893891930580139
v -0.006674540229141712 -0.24806642532348633 0.2957485318183899
v -0.034028150141239166 -0.2476297914981842 0.27484461665153503
v -0.04161382094025612 -0.24866680800914764 0.26848527789115906
v -0.006674540229141712 -0.24806642532348633 0.2957485318183899
v -0.02646760083734989 -0.24648359417915344 0.2812354266643524
v -0.034028150141239166 -0.2476297914981842 0.27484461665153503
v -0.010366899892687798 -0.2454465627670288 0.2941429615020752
v -0.02646760083734989 -0.24648359417915344 0.2812354266643524
v -0.006674540229141712 -0.24806642532348633 0.2957485318183899
v -0.019007530063390732 -0.24490076303482056 0.2877206802368164
v -0.02646760083734989 -0.24648359417915344 0.2812354266643524
v -0.010366899892687798 -0.2454465627670288 0.2941429615020752
v -0.024156739935278893 -0.24446414411067963 0.283942848443985
v -0.02646760083734989 -0.24648359417915344 0.2812354266643524
v -0.019007530063390732 -0.24490076303482056 0.2877206802368164
v -0.024156739935278893 -0.24446414411067963 0.283942848443985
v -0.037770748138427734 -0.24517366290092468 0.2730501592159271
v -0.02646760083734989 -0.24648359417915344 0.2812354266643524
v -0.027798859402537346 -0.2418442964553833 0.2822743058204651
v -0.037770748138427734 -0.24517366290092468 0.2730501592159271
v -0.024156739935278893 -0.24446414411067963 0.283942848443985
v -0.027798859402537346 -0.2418442964553833 0.2822743058204651
v -0.06891719996929169 -0.24806642532348633 0.247549906373024
v -0.037770748138427734 -0.24517366290092468 0.2730501592159271
v -0.027798859402537346 -0.2418442964553833 0.2822743058204651
v -0.12457893043756485 -0.2421717792749405 0.20652912557125092
v -0.06891719996929169 -0.24806642532348633 0.247549906373024
v -0.027798859402537346 -0.2418442964553833 0.2822743058204651
v -0.11704350262880325 -0.2404252141714096 0.2129199355840683
v -0.12457893043756485 -0.2421717792749405 0.20652912557125092
v -0.027798859402537346 -0.2418442964553833 0.2822743058204651
v -0.04756680876016617 -0.23802368342876434 0.2677297294139862
v -0.11704350262880325 -0.2404252141714096 0.2129199355840683
v -0.0202634297311306 -0.23955193161964417 0.28866511583328247
v -0.04756680876016617 -0.23802368342876434 0.2677297294139862
v -0.027798859402537346 -0.2418442964553833 0.2822743058204651
v 0.04484270140528679 -0.26198431849479675 0.3026115596294403
v 0.04484270140528679 -0.26525914669036865 0.2991800606250763
v 0.09314481914043427 -0.262038916349411 0.3026745319366455
v 0.09600827842950821 0.2759568393230438 0.2821168899536133
v 0.06554002314805984 0.2767755389213562 0.27840206027030945
v 0.058632541447877884 0.2767755389213562 0.27837055921554565
v 0.10427214205265045 0.2759568393230438 0.2821168899536133
v 0.06554002314805984 0.2767755389213562 0.27840206027030945
v 0.09600827842950821 0.2759568393230438 0.2821168899536133
v 0.12074960768222809 -0.2686431109905243 0.2954022288322449
v 0.12449219822883606 -0.27077174186706543 0.29171884059906006
v 0.12449219822883606 -0.26727861166000366 0.29493001103401184
v 0.12074960768222809 -0.2686431109905243 0.2954022288322449
v 0.12074960768222809 -0.27077174186706543 0.29197072982788086
v 0.12449219822883606 -0.27077174186706543 0.29171884059906006
v 0.12074960768222809 -0.2686431109905243 0.2954022288322449
v 0.11384212970733643 -0.2687522768974304 0.2954337000846863
v 0.12074960768222809 -0.27077174186706543 0.29197072982788086
v 0.11384212970733643 -0.2653137445449829 0.2992744743824005
v 0.11384212970733643 -0.2687522768974304 0.2954337000846863
v 0.12074960768222809 -0.2686431109905243 0.2954022288322449
v 0.11384212970733643 -0.2653137445449829 0.2992744743824005
v 0.07244750112295151 -0.2687522768974304 0.2954652011394501
v 0.11384212970733643 -0.2687522768974304 0.2954337000846863
v 0.11384212970733643 -0.2653137445449829 0.2992744743824005
v 0.06554002314805984 -0.2687522768974304 0.2954652011394501
v 0.07244750112295151 -0.2687522768974304 0.2954652011394501
v 0.11384212970733643 -0.2653137445449829 0.2992744743824005
v 0.04484270140528679 -0.26525914669036865 0.2991800606250763
v 0.06554002314805984 -0.2687522768974304 0.2954652011394501
v 0.10693465173244476 -0.262038916349411 0.3027060031890869
v 0.04484270140528679 -0.26525914669036865 0.2991800606250763
v 0.11384212970733643 -0.2653137445449829 0.2992744743824005
v 0.10693465173244476 -0.262038916349411 0.3027060031890869
v 0.09314481914043427 -0.262038916349411 0.3026745319366455
v 0.04484270140528679 -0.26525914669036865 0.2991800606250763
v 0.04484270140528679 -0.26198431849479675 0.3026115596294403
v 0.10693465173244476 -0.262038916349411 0.3027060031890869
v 0.058632541447877884 -0.26198431849479675 0.3026430308818817
v 0.04484270140528679 -0.26198431849479675 0.3026115596294403
v 0.09314481914043427 -0.262038916349411 0.3026745319366455
v 0.10693465173244476 -0.262038916349411 0.3027060031890869
v -0.0027058799751102924 0.2581637501716614 0.29190775752067566
v -0.00511721009388566 0.2607835829257965 0.2876577079296112
v -0.00793043989688158 0.25619885325431824 0.28982993960380554
v 0.03793521970510483 -0.2619297504425049 0.3025800585746765
v 0.04484270140528679 -0.26525914669036865 0.2991800606250763
v 0.04484270140528679 -0.26198431849479675 0.3026115596294403
v 0.03793521970510483 -0.2619297504425049 0.3025800585746765
v 0.03793521970510483 -0.2652045786380768 0.2991170883178711
v 0.04484270140528679 -0.26525914669036865 0.2991800606250763
v 0.03793521970510483 -0.2619297504425049 0.3025800585746765
v 0.031027739867568016 -0.2649862468242645 0.2988967001438141
v 0.03793521970510483 -0.2652045786380768 0.2991170883178711
v 0.031027739867568016 -0.2616022825241089 0.3023597002029419
v 0.031027739867568016 -0.2649862468242645 0.2988967001438141
v 0.03793521970510483 -0.2619297504425049 0.3025800585746765
v 0.031027739867568016 -0.2616022825241089 0.3023597002029419
v 0.024145379662513733 -0.26449501514434814 0.29833003878593445
v 0.031027739867568016 -0.2649862468242645 0.2988967001438141
v 0.024145379662513733 -0.26089274883270264 0.30176153779029846
v 0.024145379662513733 -0.26449501514434814 0.29833003878593445
v 0.031027739867568016 -0.2616022825241089 0.3023597002029419
v 0.024145379662513733 -0.26089274883270264 0.30176153779029846
v 0.01723789982497692 -0.2636217176914215 0.2973541021347046
v 0.024145379662513733 -0.26449501514434814 0.29833003878593445
v 0.01723789982497692 -0.2597465515136719 0.3007856011390686
v 0.01723789982497692 -0.2636217176914215 0.2973541021347046
v 0.024145379662513733 -0.26089274883270264 0.30176153779029846
v 0.01249057985842228 -0.26274845004081726 0.29647260904312134
v 0.007893959991633892 -0.26165685057640076 0.2954022288322449
v 0.01078255008906126 -0.2655320465564728 0.2922540307044983
v 0.01249057985842228 -0.26274845004081726 0.29647260904312134
v 0.01723789982497692 -0.2636217176914215 0.2973541021347046
v 0.01723789982497692 -0.2597465515136719 0.3007856011390686
v 0.01249057985842228 -0.26274845004081726 0.29647260904312134
v 0.01723789982497692 -0.2670602798461914 0.29326143860816956
v 0.01723789982497692 -0.2636217176914215 0.2973541021347046
v 0.01249057985842228 -0.26274845004081726 0.29647260904312134
v 0.01078255008906126 -0.2655320465564728 0.2922540307044983
v 0.01723789982497692 -0.2670602798461914 0.29326143860816956
v 0.010606720112264156 -0.2586003839969635 0.2992115318775177
v 0.007893959991633892 -0.26165685057640076 0.2954022288322449
v 0.01249057985842228 -0.26274845004081726 0.29647260904312134
v 0.03793521970510483 0.27093544602394104 0.29187625646591187
v 0.031027739867568016 0.2739373743534088 0.2855484187602997
v 0.031027739867568016 0.27077174186706543 0.29156145453453064
v 0.01249057985842228 0.26274845004081726 0.29647260904312134
v 0.01078255008906126 0.2655320465564728 0.2922540307044983
v 0.007893959991633892 0.26165685057640076 0.2954022288322449
v 0.01249057985842228 0.26274845004081726 0.29647260904312134
v 0.01723789982497692 0.2670602798461914 0.29326143860816956
v 0.01078255008906126 0.2655320465564728 0.2922540307044983
v 0.01249057985842228 0.26274845004081726 0.29647260904312134
v 0.007893959991633892 0.26165685057640076 0.2954022288322449
v 0.010606720112264156 0.2586003839969635 0.2992115318775177
v -0.0016258000396192074 -0.22421492636203766 0.3038393557071686
v -0.004790680017322302 -0.23114660382270813 0.30141526460647583
v -0.0013746200129389763 -0.23114660382270813 0.3036819398403168
v -0.0016258000396192074 -0.22421492636203766 0.3038393557071686
v -0.005041860044002533 -0.22421492636203766 0.30157265067100525
v -0.004790680017322302 -0.23114660382270813 0.30141526460647583
v -0.0016509200213477015 0.22421492636203766 0.30387082695961
v -0.005041860044002533 -0.22421492636203766 0.30157265067100525
v -0.0016258000396192074 -0.22421492636203766 0.3038393557071686
v -0.0016509200213477015 0.22421492636203766 0.30387082695961
v -0.005066980142146349 0.21733784675598145 0.30157265067100525
v -0.005041860044002533 -0.22421492636203766 0.30157265067100525
v -0.0016509200213477015 0.22421492636203766 0.30387082695961
v -0.005066980142146349 0.22421492636203766 0.30157265067100525
v -0.005066980142146349 0.21733784675598145 0.30157265067100525
v 0.01723789982497692 0.2636217176914215 0.2973541021347046
v 0.01723789982497692 0.2670602798461914 0.29326143860816956
v 0.01249057985842228 0.26274845004081726 0.29647260904312134
v 0.01723789982497692 0.2636217176914215 0.2973541021347046
v 0.024145379662513733 0.26793357729911804 0.2943633198738098
v 0.01723789982497692 0.2670602798461914 0.29326143860816956
v 0.024145379662513733 0.26449501514434814 0.29833003878593445
v 0.024145379662513733 0.26793357729911804 0.2943633198738098
v 0.01723789982497692 0.2636217176914215 0.2973541021347046
v 0.024145379662513733 0.26449501514434814 0.29833003878593445
v 0.031027739867568016 0.26842477917671204 0.29502445459365845
v 0.024145379662513733 0.26793357729911804 0.2943633198738098
v 0.031027739867568016 0.26493164896965027 0.2988967001438141
v 0.031027739867568016 0.26842477917671204 0.29502445459365845
v 0.024145379662513733 0.26449501514434814 0.29833003878593445
v 0.010606720112264156 0.2586003839969635 0.2992115318775177
v 0.007893959991633892 0.26165685057640076 0.2954022288322449
v 0.0034480600152164698 0.2567446529865265 0.2971337139606476
v 0.03793521970510483 0.27093544602394104 0.29187625646591187
v 0.03793521970510483 0.27421027421951294 0.2855484187602997
v 0.031027739867568016 0.2739373743534088 0.2855484187602997
v 0.03793521970510483 0.27093544602394104 0.29187625646591187
v 0.04484270140528679 0.2742648720741272 0.2855484187602997
v 0.03793521970510483 0.27421027421951294 0.2855484187602997
v 0.04484270140528679 0.27093544602394104 0.29193922877311707
v 0.04484270140528679 0.2742648720741272 0.2855484187602997
v 0.03793521970510483 0.27093544602394104 0.29187625646591187
v 0.04484270140528679 0.27093544602394104 0.29193922877311707
v 0.058632541447877884 0.27431944012641907 0.2855484187602997
v 0.04484270140528679 0.2742648720741272 0.2855484187602997
v 0.04484270140528679 0.27093544602394104 0.29193922877311707
v 0.1000271663069725 0.27431944012641907 0.2855798900127411
v 0.058632541447877884 0.27431944012641907 0.2855484187602997
v 0.03793521970510483 0.2686431109905243 0.29530778527259827
v 0.031027739867568016 0.27077174186706543 0.29156145453453064
v 0.031027739867568016 0.26842477917671204 0.29502445459365845
v 0.03793521970510483 0.2686431109905243 0.29530778527259827
v 0.03793521970510483 0.27093544602394104 0.29187625646591187
v 0.031027739867568016 0.27077174186706543 0.29156145453453064
v 0.03793521970510483 0.2686431109905243 0.29530778527259827
v 0.031027739867568016 0.26493164896965027 0.2988967001438141
v 0.03793521970510483 0.2651499807834625 0.2991170883178711
v 0.03793521970510483 0.2686431109905243 0.29530778527259827
v 0.031027739867568016 0.26842477917671204 0.29502445459365845
v 0.031027739867568016 0.26493164896965027 0.2988967001438141
v 0.07932986319065094 0.27093544602394104 0.29193922877311707
v 0.1000271663069725 0.27431944012641907 0.2855798900127411
v 0.04484270140528679 0.27093544602394104 0.29193922877311707
v 0.07932986319065094 0.27093544602394104 0.29193922877311707
v 0.0862373411655426 0.27093544602394104 0.29190775752067566
v 0.1000271663069725 0.27431944012641907 0.2855798900127411
v 0.10693465173244476 0.27088087797164917 0.29190775752067566
v 0.0862373411655426 0.27093544602394104 0.29190775752067566
v 0.07932986319065094 0.27093544602394104 0.29193922877311707
v 0.10693465173244476 0.27088087797164917 0.29190775752067566
v 0.1000271663069725 0.27431944012641907 0.2855798900127411
v 0.0862373411655426 0.27093544602394104 0.29190775752067566
v -0.04161382094025612 0.24866680800914764 0.26848527789115906
v -0.07647775113582611 0.2490488588809967 0.2411276251077652
v -0.06891719996929169 0.24806642532348633 0.247549906373024
v -0.11764632165431976 0.23594963550567627 0.21339215338230133
v -0.10664459317922592 0.23114660382270813 0.22249038517475128
v -0.10224893689155579 0.23114660382270813 0.22592191398143768
v -0.11764632165431976 0.23594963550567627 0.21339215338230133
v -0.13211436569690704 0.23114660382270813 0.20253093540668488
v -0.10664459317922592 0.23114660382270813 0.22249038517475128
v -0.06891719996929169 0.24806642532348633 0.247549906373024
v -0.07647775113582611 0.2490488588809967 0.2411276251077652
v -0.09609498828649521 0.247466042637825 0.22652006149291992
v -0.10167119652032852 0.23802368342876434 0.22548116743564606
v -0.11764632165431976 0.23594963550567627 0.21339215338230133
v -0.02830122970044613 0.23802368342876434 0.2826835811138153
v -0.10167119652032852 0.23802368342876434 0.22548116743564606
v -0.10953318327665329 0.23802368342876434 0.2193422168493271
v -0.11764632165431976 0.23594963550567627 0.21339215338230133
v -0.11704350262880325 0.24053438007831573 0.2129199355840683
v -0.10953318327665329 0.23802368342876434 0.2193422168493271
v -0.10167119652032852 0.23802368342876434 0.22548116743564606
v -0.11704350262880325 0.24053438007831573 0.2129199355840683
v -0.12523199617862701 0.23802368342876434 0.20703282952308655
v -0.10953318327665329 0.23802368342876434 0.2193422168493271
v -0.11704350262880325 0.24053438007831573 0.2129199355840683
v -0.13211436569690704 0.23802368342876434 0.20161797106266022
v -0.12523199617862701 0.23802368342876434 0.20703282952308655
v -0.12457893043756485 0.24211719632148743 0.20652912557125092
v -0.09609498828649521 0.247466042637825 0.22652006149291992
v -0.13211436569690704 0.24315421283245087 0.20010684430599213
v -0.12457893043756485 0.24211719632148743 0.20652912557125092
v -0.06891719996929169 0.24806642532348633 0.247549906373024
v -0.09609498828649521 0.247466042637825 0.22652006149291992
v -0.12457893043756485 0.24211719632148743 0.20652912557125092
v -0.13211436569690704 0.23802368342876434 0.20161797106266022
v -0.11704350262880325 0.24053438007831573 0.2129199355840683
v -0.12457893043756485 0.24211719632148743 0.20652912557125092
v -0.13211436569690704 0.24315421283245087 0.20010684430599213
v -0.13211436569690704 0.23802368342876434 0.20161797106266022
v -0.09735088795423508 0.24288131296634674 0.22749599814414978
v -0.06891719996929169 0.24806642532348633 0.247549906373024
v -0.12457893043756485 0.24211719632148743 0.20652912557125092
v 0.12074960768222809 0.2742648720741272 0.2855484187602997
v 0.1067085936665535 0.27464690804481506 0.28485584259033203
v 0.1000271663069725 0.27431944012641907 0.2855798900127411
v -0.04161382094025612 0.24866680800914764 0.26848527789115906
v -0.049174368381500244 0.24948550760746002 0.26209449768066406
v -0.07647775113582611 0.2490488588809967 0.2411276251077652
v -0.04161382094025612 0.24866680800914764 0.26848527789115906
v -0.012527059763669968 0.253633588552475 0.2880040109157562
v -0.049174368381500244 0.24948550760746002 0.26209449768066406
v -0.04161382094025612 0.24866680800914764 0.26848527789115906
v -0.06891719996929169 0.24806642532348633 0.247549906373024
v -0.037770748138427734 0.24517366290092468 0.2730501592159271
v -0.010266429744660854 0.2515595555305481 0.2910262644290924
v -0.012527059763669968 0.253633588552475 0.2880040109157562
v -0.04161382094025612 0.24866680800914764 0.26848527789115906
v -0.010266429744660854 0.2515595555305481 0.2910262644290924
v -0.04161382094025612 0.24866680800914764 0.26848527789115906
v -0.014285320416092873 0.2490488588809967 0.2893891930580139
v -0.005217690020799637 0.2518324553966522 0.2946781516075134
v -0.012527059763669968 0.253633588552475 0.2880040109157562
v -0.010266429744660854 0.2515595555305481 0.2910262644290924
v -0.0002694200084079057 0.255489319562912 0.2960948348045349
v -0.00793043989688158 0.25619885325431824 0.28982993960380554
v -0.012527059763669968 0.253633588552475 0.2880040109157562
v -0.0002694200084079057 0.255489319562912 0.2960948348045349
v -0.0027058799751102924 0.2581637501716614 0.29190775752067566
v -0.00793043989688158 0.25619885325431824 0.28982993960380554
v -0.0002694200084079057 0.255489319562912 0.2960948348045349
v -0.0005457199877128005 0.262530118227005 0.2893891930580139
v -0.0027058799751102924 0.2581637501716614 0.29190775752067566
v -0.0002694200084079057 0.255489319562912 0.2960948348045349
v 0.0034480600152164698 0.260183185338974 0.2941114604473114
v -0.0005457199877128005 0.262530118227005 0.2893891930580139
v -0.0002694200084079057 0.255489319562912 0.2960948348045349
v 0.007893959991633892 0.26165685057640076 0.2954022288322449
v 0.0034480600152164698 0.260183185338974 0.2941114604473114
v -0.0002694200084079057 0.255489319562912 0.2960948348045349
v -0.012527059763669968 0.253633588552475 0.2880040109157562
v -0.005217690020799637 0.2518324553966522 0.2946781516075134
v 0.0034480600152164698 0.2567446529865265 0.2971337139606476
v 0.007893959991633892 0.26165685057640076 0.2954022288322449
v -0.0002694200084079057 0.255489319562912 0.2960948348045349
v 0.0034480600152164698 -0.23114660382270813 0.30620047450065613
v -0.0013746200129389763 -0.23114660382270813 0.3036819398403168
v -0.0007215500227175653 -0.23802368342876434 0.30324119329452515
v 0.01033041998744011 -0.24490076303482056 0.30667269229888916
v 0.006211049854755402 -0.24910344183444977 0.30314674973487854
v 0.010757430456578732 -0.2515595555305481 0.3039022982120514
v 0.003724359907209873 -0.24440954625606537 0.3038393557071686
v 0.006211049854755402 -0.24910344183444977 0.30314674973487854
v 0.01033041998744011 -0.24490076303482056 0.30667269229888916
v -0.00021918000129517168 -0.24178971350193024 0.30292636156082153
v -0.009060760028660297 -0.23802368342876434 0.297511488199234
v -0.008081150241196156 -0.24348169565200806 0.29678744077682495
v -0.00021918000129517168 -0.24178971350193024 0.30292636156082153
v -0.004137610085308552 -0.23802368342876434 0.3009745180606842
v -0.009060760028660297 -0.23802368342876434 0.297511488199234
v -0.00021918000129517168 -0.24178971350193024 0.30292636156082153
v -0.0007215500227175653 -0.23802368342876434 0.30324119329452515
v -0.004137610085308552 -0.23802368342876434 0.3009745180606842
v -0.00021918000129517168 -0.24178971350193024 0.30292636156082153
v 0.006211049854755402 -0.24910344183444977 0.30314674973487854
v 0.003724359907209873 -0.24440954625606537 0.3038393557071686
v -0.00021918000129517168 -0.24178971350193024 0.30292636156082153
v 0.0016144399996846914 -0.2463744431734085 0.30191895365715027
v 0.006211049854755402 -0.24910344183444977 0.30314674973487854
v -0.00021918000129517168 -0.24178971350193024 0.30292636156082153
v -0.0034594200551509857 -0.24495534598827362 0.2993689179420471
v 0.0016144399996846914 -0.2463744431734085 0.30191895365715027
v -0.00021918000129517168 -0.24178971350193024 0.30292636156082153
v -0.008081150241196156 -0.24348169565200806 0.29678744077682495
v -0.0034594200551509857 -0.24495534598827362 0.2993689179420471
v 0.0034480600152164698 -0.23802368342876434 0.3053819537162781
v -0.0007215500227175653 -0.23802368342876434 0.30324119329452515
v -0.00021918000129517168 -0.24178971350193024 0.30292636156082153
v 0.009024280123412609 -0.23114660382270813 0.3087819814682007
v 0.0034480600152164698 -0.23802368342876434 0.3053819537162781
v 0.010656950064003468 -0.23846033215522766 0.3086245656013489
v 0.0034480600152164698 -0.23114660382270813 0.30620047450065613
v 0.0034480600152164698 -0.23802368342876434 0.3053819537162781
v 0.009024280123412609 -0.23114660382270813 0.3087819814682007
v 0.0034480600152164698 -0.23114660382270813 0.30620047450065613
v -0.0007215500227175653 -0.23802368342876434 0.30324119329452515
v 0.0034480600152164698 -0.23802368342876434 0.3053819537162781
v 0.010757430456578732 -0.2515595555305481 0.3039022982120514
v 0.008747979998588562 -0.25368818640708923 0.30195045471191406
v 0.013344589620828629 -0.25554388761520386 0.30298933386802673
v 0.0034480600152164698 -0.22421492636203766 0.30651527643203735
v 0.0034480600152164698 -0.21733784675598145 0.30657824873924255
v -0.0016258000396192074 -0.22421492636203766 0.3038393557071686
v 0.0034480600152164698 -0.22421492636203766 0.30651527643203735
v -0.0013746200129389763 -0.23114660382270813 0.3036819398403168
v 0.0034480600152164698 -0.23114660382270813 0.30620047450065613
v 0.0034480600152164698 -0.22421492636203766 0.30651527643203735
v -0.0016258000396192074 -0.22421492636203766 0.3038393557071686
v -0.0013746200129389763 -0.23114660382270813 0.3036819398403168
v -0.004815800115466118 0.23114660382270813 0.30141526460647583
v -0.0016509200213477015 0.22421492636203766 0.30387082695961
v -0.0013746200129389763 0.23114660382270813 0.3036819398403168
v -0.004815800115466118 0.23114660382270813 0.30141526460647583
v -0.005066980142146349 0.22421492636203766 0.30157265067100525
v -0.0016509200213477015 0.22421492636203766 0.30387082695961
v -0.004815800115466118 0.23114660382270813 0.30141526460647583
v -0.009864539839327335 0.22421492636203766 0.29814112186431885
v -0.005066980142146349 0.22421492636203766 0.30157265067100525
v -0.0096384696662426 0.23114660382270813 0.297952264547348
v -0.009864539839327335 0.22421492636203766 0.29814112186431885
v -0.004815800115466118 0.23114660382270813 0.30141526460647583
v -0.013104770332574844 0.23114660382270813 0.2953707277774811
v -0.009864539839327335 0.22421492636203766 0.29814112186431885
v -0.0096384696662426 0.23114660382270813 0.297952264547348
v -0.013104770332574844 0.23114660382270813 0.2953707277774811
v -0.013330839574337006 0.22421492636203766 0.2955281734466553
v -0.009864539839327335 0.22421492636203766 0.29814112186431885
v -0.013104770332574844 0.23114660382270813 0.2953707277774811
v -0.01724926009774208 0.23114660382270813 0.2921595871448517
v -0.013330839574337006 0.22421492636203766 0.2955281734466553
v -0.020765790715813637 0.23491261899471283 0.2890743613243103
v -0.02830122970044613 0.23802368342876434 0.2826835811138153
v -0.11764632165431976 0.23594963550567627 0.21339215338230133
v -0.020765790715813637 0.23491261899471283 0.2890743613243103
v -0.01724926009774208 0.23114660382270813 0.2921595871448517
v -0.013104770332574844 0.23114660382270813 0.2953707277774811
v -0.020765790715813637 0.23491261899471283 0.2890743613243103
v -0.028878940269351006 0.23114660382270813 0.28312432765960693
v -0.01724926009774208 0.23114660382270813 0.2921595871448517
v 0.04484270140528679 -0.25319695472717285 0.30859309434890747
v 0.04484270140528679 -0.2584912180900574 0.30513009428977966
v 0.058632541447877884 -0.25854578614234924 0.30513009428977966
v 0.12074960768222809 0.2742648720741272 0.2855484187602997
v 0.12074960768222809 0.2759568393230438 0.2820224463939667
v 0.1067085936665535 0.27464690804481506 0.28485584259033203
v 0.12074960768222809 0.2742648720741272 0.2855484187602997
v 0.12449219822883606 0.27421027421951294 0.2855484187602997
v 0.12074960768222809 0.2759568393230438 0.2820224463939667
v 0.12074960768222809 0.2742648720741272 0.2855484187602997
v 0.1000271663069725 0.27431944012641907 0.2855798900127411
v 0.10693465173244476 0.27088087797164917 0.29190775752067566
v 0.12449219822883606 0.27262747287750244 0.28847622871398926
v 0.12449219822883606 0.27421027421951294 0.2855484187602997
v 0.12074960768222809 0.2742648720741272 0.2855484187602997
v 0.12449219822883606 -0.2617660164833069 0.2988652288913727
v 0.12074960768222809 -0.2651499807834625 0.29845595359802246
v 0.12449219822883606 -0.26433128118515015 0.2973226308822632
v 0.11841361969709396 -0.25745418667793274 0.3040597140789032
v 0.12074960768222809 -0.2651499807834625 0.29845595359802246
v 0.12449219822883606 -0.2617660164833069 0.2988652288913727
v 0.11384212970733643 -0.2586003839969635 0.30490970611572266
v 0.11841361969709396 -0.25745418667793274 0.3040597140789032
v 0.1142440214753151 -0.2517232894897461 0.30849865078926086
v 0.11384212970733643 -0.2586003839969635 0.30490970611572266
v 0.12074960768222809 -0.2651499807834625 0.29845595359802246
v 0.11841361969709396 -0.25745418667793274 0.3040597140789032
v 0.11384212970733643 -0.2586003839969635 0.30490970611572266
v 0.11384212970733643 -0.262038916349411 0.3027060031890869
v 0.12074960768222809 -0.2651499807834625 0.29845595359802246
v 0.10693465173244476 -0.25319695472717285 0.30859309434890747
v 0.11384212970733643 -0.262038916349411 0.3027060031890869
v 0.11384212970733643 -0.2586003839969635 0.30490970611572266
v 0.10693465173244476 -0.25319695472717285 0.30859309434890747
v 0.10693465173244476 -0.2586003839969635 0.30513009428977966
v 0.11384212970733643 -0.262038916349411 0.3027060031890869
v 0.04484270140528679 -0.25319695472717285 0.30859309434890747
v 0.10693465173244476 -0.2586003839969635 0.30513009428977966
v 0.10693465173244476 -0.25319695472717285 0.30859309434890747
v 0.04484270140528679 -0.25319695472717285 0.30859309434890747
v 0.058632541447877884 -0.25854578614234924 0.30513009428977966
v 0.10693465173244476 -0.2586003839969635 0.30513009428977966
v -0.11764632165431976 0.23594963550567627 0.21339215338230133
v -0.10953318327665329 0.23802368342876434 0.2193422168493271
v -0.12523199617862701 0.23802368342876434 0.20703282952308655
v 0.04484270140528679 -0.25319695472717285 0.30859309434890747
v 0.03793521970510483 -0.2584366500377655 0.30513009428977966
v 0.04484270140528679 -0.2584912180900574 0.30513009428977966
v 0.03793521970510483 -0.25303319096565247 0.30859309434890747
v 0.03793521970510483 -0.2584366500377655 0.30513009428977966
v 0.04484270140528679 -0.25319695472717285 0.30859309434890747
v 0.03793521970510483 -0.25303319096565247 0.30859309434890747
v 0.031027739867568016 -0.2581637501716614 0.30500417947769165
v 0.03793521970510483 -0.2584366500377655 0.30513009428977966
v 0.031027739867568016 -0.25259658694267273 0.30843567848205566
v 0.031027739867568016 -0.2581637501716614 0.30500417947769165
v 0.03793521970510483 -0.25303319096565247 0.30859309434890747
v 0.031027739867568016 -0.25259658694267273 0.30843567848205566
v 0.024145379662513733 -0.25745418667793274 0.3044374883174896
v 0.031027739867568016 -0.2581637501716614 0.30500417947769165
v 0.024446800351142883 -0.25134122371673584 0.30802643299102783
v 0.024145379662513733 -0.25745418667793274 0.3044374883174896
v 0.031027739867568016 -0.25259658694267273 0.30843567848205566
v 0.024446800351142883 -0.25134122371673584 0.30802643299102783
v 0.01723789982497692 -0.2562534213066101 0.30355599522590637
v 0.024145379662513733 -0.25745418667793274 0.3044374883174896
v 0.024446800351142883 -0.25134122371673584 0.30802643299102783
v 0.01723789982497692 -0.2518324553966522 0.3060115873813629
v 0.01723789982497692 -0.2562534213066101 0.30355599522590637
v 0.022361990064382553 -0.247466042637825 0.3093486726284027
v 0.01723789982497692 -0.2518324553966522 0.3060115873813629
v 0.024446800351142883 -0.25134122371673584 0.30802643299102783
v 0.016685299575328827 -0.24506452679634094 0.3088764250278473
v 0.01723789982497692 -0.2518324553966522 0.3060115873813629
v 0.022361990064382553 -0.247466042637825 0.3093486726284027
v 0.010757430456578732 -0.2515595555305481 0.3039022982120514
v 0.006211049854755402 -0.24910344183444977 0.30314674973487854
v 0.008747979998588562 -0.25368818640708923 0.30195045471191406
v 0.010757430456578732 -0.2515595555305481 0.3039022982120514
v 0.01723789982497692 -0.2518324553966522 0.3060115873813629
v 0.016685299575328827 -0.24506452679634094 0.3088764250278473
v 0.010757430456578732 -0.2515595555305481 0.3039022982120514
v 0.013344589620828629 -0.25554388761520386 0.30298933386802673
v 0.01723789982497692 -0.2518324553966522 0.3060115873813629
v 0.031027739867568016 0.26842477917671204 0.29502445459365845
v 0.031027739867568016 0.27077174186706543 0.29156145453453064
v 0.024145379662513733 0.2703896462917328 0.2909317910671234
v 0.031027739867568016 0.2739373743534088 0.2855484187602997
v 0.031027739867568016 0.2756839394569397 0.2812668979167938
v 0.024145379662513733 0.2753564417362213 0.28051134943962097
v 0.03793521970510483 0.27421027421951294 0.2855484187602997
v 0.031027739867568016 0.2756839394569397 0.2812668979167938
v 0.031027739867568016 0.2739373743534088 0.2855484187602997
v 0.03793521970510483 0.27421027421951294 0.2855484187602997
v 0.03793521970510483 0.2757931053638458 0.28161320090293884
v 0.031027739867568016 0.2756839394569397 0.2812668979167938
v 0.03793521970510483 0.27421027421951294 0.2855484187602997
v 0.04484270140528679 0.2758476734161377 0.28170764446258545
v 0.03793521970510483 0.2757931053638458 0.28161320090293884
v 0.04484270140528679 0.2742648720741272 0.2855484187602997
v 0.04484270140528679 0.2758476734161377 0.28170764446258545
v 0.03793521970510483 0.27421027421951294 0.2855484187602997
v 0.04484270140528679 0.2742648720741272 0.2855484187602997
v 0.058632541447877884 0.27590224146842957 0.28180208802223206
v 0.04484270140528679 0.2758476734161377 0.28170764446258545
v 0.04484270140528679 0.2742648720741272 0.2855484187602997
v 0.0862373411655426 0.2759568393230438 0.2820224463939667
v 0.058632541447877884 0.27590224146842957 0.28180208802223206
v 0.04484270140528679 0.2742648720741272 0.2855484187602997
v 0.09141165763139725 0.2759568393230438 0.2820854187011719
v 0.0862373411655426 0.2759568393230438 0.2820224463939667
v 0.058632541447877884 0.27431944012641907 0.2855484187602997
v 0.09141165763139725 0.2759568393230438 0.2820854187011719
v 0.04484270140528679 0.2742648720741272 0.2855484187602997
v 0.058632541447877884 0.27431944012641907 0.2855484187602997
v 0.09600827842950821 0.2759568393230438 0.2821168899536133
v 0.09141165763139725 0.2759568393230438 0.2820854187011719
v 0.031027739867568016 0.27077174186706543 0.29156145453453064
v 0.024145379662513733 0.27328240871429443 0.2855484187602997
v 0.024145379662513733 0.2703896462917328 0.2909317910671234
v 0.031027739867568016 0.27077174186706543 0.29156145453453064
v 0.031027739867568016 0.2739373743534088 0.2855484187602997
v 0.024145379662513733 0.27328240871429443 0.2855484187602997
v 0.031027739867568016 0.26842477917671204 0.29502445459365845
v 0.024145379662513733 0.2703896462917328 0.2909317910671234
v 0.024145379662513733 0.26793357729911804 0.2943633198738098
v 0.031027739867568016 0.2739373743534088 0.2855484187602997
v 0.024145379662513733 0.2753564417362213 0.28051134943962097
v 0.024145379662513733 0.27328240871429443 0.2855484187602997
v 0.12074960768222809 0.2759568393230438 0.2820224463939667
v 0.06554002314805984 0.2767755389213562 0.27840206027030945
v 0.10427214205265045 0.2759568393230438 0.2821168899536133
v 0.12074960768222809 0.2759568393230438 0.2820224463939667
v 0.07932986319065094 0.27672094106674194 0.27852797508239746
v 0.06554002314805984 0.2767755389213562 0.27840206027030945
v 0.12074960768222809 0.2759568393230438 0.2820224463939667
v 0.1067085936665535 0.2765026390552521 0.2793150246143341
v 0.07932986319065094 0.27672094106674194 0.27852797508239746
v 0.12074960768222809 0.2759568393230438 0.2820224463939667
v 0.12449219822883606 0.2766118049621582 0.27843353152275085
v 0.1067085936665535 0.2765026390552521 0.2793150246143341
v 0.12074960768222809 0.2759568393230438 0.2820224463939667
v 0.12449219822883606 0.27590224146842957 0.28186506032943726
v 0.12449219822883606 0.2766118049621582 0.27843353152275085
v 0.12074960768222809 0.2759568393230438 0.2820224463939667
v 0.10427214205265045 0.2759568393230438 0.2821168899536133
v 0.1067085936665535 0.27464690804481506 0.28485584259033203
v 0.1000271663069725 0.27431944012641907 0.2855798900127411
v 0.09600827842950821 0.2759568393230438 0.2821168899536133
v 0.058632541447877884 0.27431944012641907 0.2855484187602997
v 0.1000271663069725 0.27431944012641907 0.2855798900127411
v 0.10427214205265045 0.2759568393230438 0.2821168899536133
v 0.09600827842950821 0.2759568393230438 0.2821168899536133
v 0.1000271663069725 0.27431944012641907 0.2855798900127411
v 0.1067085936665535 0.27464690804481506 0.28485584259033203
v 0.10427214205265045 0.2759568393230438 0.2821168899536133
v 0.12449219822883606 0.27421027421951294 0.2855484187602997
v 0.12449219822883606 0.27590224146842957 0.28186506032943726
v 0.12074960768222809 0.2759568393230438 0.2820224463939667
v 0.12074960768222809 -0.2651499807834625 0.29845595359802246
v 0.12074960768222809 -0.2686431109905243 0.2954022288322449
v 0.12449219822883606 -0.26727861166000366 0.29493001103401184
v 0.12074960768222809 -0.2651499807834625 0.29845595359802246
v 0.12449219822883606 -0.26727861166000366 0.29493001103401184
v 0.12449219822883606 -0.26433128118515015 0.2973226308822632
v 0.11384212970733643 -0.262038916349411 0.3027060031890869
v 0.12074960768222809 -0.2686431109905243 0.2954022288322449
v 0.12074960768222809 -0.2651499807834625 0.29845595359802246
v -0.012527059763669968 0.253633588552475 0.2880040109157562
v -0.00793043989688158 0.25619885325431824 0.28982993960380554
v -0.027547679841518402 0.25521641969680786 0.27519091963768005
v -0.0005457199877128005 0.262530118227005 0.2893891930580139
v -0.003082650015130639 0.264058381319046 0.28542250394821167
v -0.008081150241196156 0.2629667818546295 0.2830298840999603
v -0.0005457199877128005 0.262530118227005 0.2893891930580139
v 0.0005594799877144396 0.2688068449497223 0.28164467215538025
v -0.003082650015130639 0.264058381319046 0.28542250394821167
v -0.0005457199877128005 0.262530118227005 0.2893891930580139
v 0.003096410073339939 0.26727861166000366 0.2855798900127411
v 0.0005594799877144396 0.2688068449497223 0.28164467215538025
v -0.0005457199877128005 0.262530118227005 0.2893891930580139
v 0.0034480600152164698 0.2636217176914215 0.290648490190506
v 0.003096410073339939 0.26727861166000366 0.2855798900127411
v -0.0005457199877128005 0.262530118227005 0.2893891930580139
v -0.00511721009388566 0.2607835829257965 0.2876577079296112
v -0.0027058799751102924 0.2581637501716614 0.29190775752067566
v -0.0005457199877128005 0.262530118227005 0.2893891930580139
v -0.012677759863436222 0.26132938265800476 0.2812354266643524
v -0.00511721009388566 0.2607835829257965 0.2876577079296112
v -0.0005457199877128005 0.262530118227005 0.2893891930580139
v -0.02023831009864807 0.26182061433792114 0.27484461665153503
v -0.012677759863436222 0.26132938265800476 0.2812354266643524
v -0.0005457199877128005 0.262530118227005 0.2893891930580139
v -0.027773749083280563 0.26231181621551514 0.26845380663871765
v -0.02023831009864807 0.26182061433792114 0.27484461665153503
v -0.0005457199877128005 0.262530118227005 0.2893891930580139
v -0.008081150241196156 0.2629667818546295 0.2830298840999603
v -0.027773749083280563 0.26231181621551514 0.26845380663871765
v -0.012527059763669968 0.253633588552475 0.2880040109157562
v -0.07647775113582611 0.2490488588809967 0.2411276251077652
v -0.049174368381500244 0.24948550760746002 0.26209449768066406
v -0.012527059763669968 0.253633588552475 0.2880040109157562
v -0.07228302955627441 0.2515595555305481 0.2427331805229187
v -0.07647775113582611 0.2490488588809967 0.2411276251077652
v -0.012527059763669968 0.253633588552475 0.2880040109157562
v -0.05477571114897728 0.2548343539237976 0.2541925609111786
v -0.07228302955627441 0.2515595555305481 0.2427331805229187
v -0.012527059763669968 0.253633588552475 0.2880040109157562
v -0.027547679841518402 0.25521641969680786 0.27519091963768005
v -0.05477571114897728 0.2548343539237976 0.2541925609111786
v 0.11384212970733643 -0.262038916349411 0.3027060031890869
v 0.11384212970733643 -0.2653137445449829 0.2992744743824005
v 0.12074960768222809 -0.2686431109905243 0.2954022288322449
v 0.01078255008906126 0.2655320465564728 0.2922540307044983
v 0.009074520319700241 0.2683156132698059 0.2878780663013458
v 0.0034480600152164698 0.2636217176914215 0.290648490190506
v 0.01078255008906126 0.2655320465564728 0.2922540307044983
v 0.013671129941940308 0.2691343128681183 0.2890743613243103
v 0.009074520319700241 0.2683156132698059 0.2878780663013458
v 0.007893959991633892 0.26165685057640076 0.2954022288322449
v -0.0005457199877128005 0.262530118227005 0.2893891930580139
v 0.0034480600152164698 0.260183185338974 0.2941114604473114
v 0.007893959991633892 0.26165685057640076 0.2954022288322449
v 0.0034480600152164698 0.2636217176914215 0.290648490190506
v -0.0005457199877128005 0.262530118227005 0.2893891930580139
v 0.007893959991633892 0.26165685057640076 0.2954022288322449
v 0.01078255008906126 0.2655320465564728 0.2922540307044983
v 0.0034480600152164698 0.2636217176914215 0.290648490190506
v -0.005041860044002533 -0.22421492636203766 0.30157265067100525
v -0.009663590230047703 -0.23114660382270813 0.297952264547348
v -0.004790680017322302 -0.23114660382270813 0.30141526460647583
v -0.005041860044002533 -0.22421492636203766 0.30157265067100525
v -0.009864539839327335 -0.22421492636203766 0.29810965061187744
v -0.009663590230047703 -0.23114660382270813 0.297952264547348
v -0.005041860044002533 -0.22421492636203766 0.30157265067100525
v -0.009864539839327335 -0.1552257239818573 0.29814112186431885
v -0.009864539839327335 -0.22421492636203766 0.29810965061187744
v -0.005066980142146349 0.21733784675598145 0.30157265067100525
v -0.009864539839327335 -0.1552257239818573 0.29814112186431885
v -0.005041860044002533 -0.22421492636203766 0.30157265067100525
v 0.01723789982497692 0.2670602798461914 0.29326143860816956
v 0.013671129941940308 0.2691343128681183 0.2890743613243103
v 0.01078255008906126 0.2655320465564728 0.2922540307044983
v 0.01723789982497692 0.2670602798461914 0.29326143860816956
v 0.01723789982497692 0.26962554454803467 0.28979846835136414
v 0.013671129941940308 0.2691343128681183 0.2890743613243103
v 0.024145379662513733 0.26793357729911804 0.2943633198738098
v 0.01723789982497692 0.26962554454803467 0.28979846835136414
v 0.01723789982497692 0.2670602798461914 0.29326143860816956
v 0.024145379662513733 0.26793357729911804 0.2943633198738098
v 0.024145379662513733 0.2703896462917328 0.2909317910671234
v 0.01723789982497692 0.26962554454803467 0.28979846835136414
v -0.0013746200129389763 -0.23114660382270813 0.3036819398403168
v -0.004790680017322302 -0.23114660382270813 0.30141526460647583
v -0.004137610085308552 -0.23802368342876434 0.3009745180606842
v 0.0016144399996846914 -0.2463744431734085 0.30191895365715027
v 0.003724359907209873 -0.2515595555305481 0.3005022704601288
v 0.006211049854755402 -0.24910344183444977 0.30314674973487854
v 0.0016144399996846914 -0.2463744431734085 0.30191895365715027
v -0.001776510034687817 -0.2518324553966522 0.2971022427082062
v 0.003724359907209873 -0.2515595555305481 0.3005022704601288
v -0.0034594200551509857 -0.24495534598827362 0.2993689179420471
v -0.001776510034687817 -0.2518324553966522 0.2971022427082062
v 0.0016144399996846914 -0.2463744431734085 0.30191895365715027
v -0.0034594200551509857 -0.24495534598827362 0.2993689179420471
v -0.006674540229141712 -0.24806642532348633 0.2957485318183899
v -0.001776510034687817 -0.2518324553966522 0.2971022427082062
v -0.008081150241196156 -0.24348169565200806 0.29678744077682495
v -0.006674540229141712 -0.24806642532348633 0.2957485318183899
v -0.0034594200551509857 -0.24495534598827362 0.2993689179420471
v -0.008081150241196156 -0.24348169565200806 0.29678744077682495
v -0.010366899892687798 -0.2454465627670288 0.2941429615020752
v -0.006674540229141712 -0.24806642532348633 0.2957485318183899
v -0.008081150241196156 -0.24348169565200806 0.29678744077682495
v -0.019007530063390732 -0.24490076303482056 0.2877206802368164
v -0.010366899892687798 -0.2454465627670288 0.2941429615020752
v -0.008081150241196156 -0.24348169565200806 0.29678744077682495
v -0.024156739935278893 -0.24446414411067963 0.283942848443985
v -0.019007530063390732 -0.24490076303482056 0.2877206802368164
v -0.008081150241196156 -0.24348169565200806 0.29678744077682495
v -0.027798859402537346 -0.2418442964553833 0.2822743058204651
v -0.024156739935278893 -0.24446414411067963 0.283942848443985
v -0.008081150241196156 -0.24348169565200806 0.29678744077682495
v -0.0202634297311306 -0.23955193161964417 0.28866511583328247
v -0.027798859402537346 -0.2418442964553833 0.2822743058204651
v -0.008081150241196156 -0.24348169565200806 0.29678744077682495
v -0.012501940131187439 -0.23802368342876434 0.29493001103401184
v -0.0202634297311306 -0.23955193161964417 0.28866511583328247
v -0.008081150241196156 -0.24348169565200806 0.29678744077682495
v -0.009060760028660297 -0.23802368342876434 0.297511488199234
v -0.012501940131187439 -0.23802368342876434 0.29493001103401184
v -0.0013746200129389763 -0.23114660382270813 0.3036819398403168
v -0.004137610085308552 -0.23802368342876434 0.3009745180606842
v -0.0007215500227175653 -0.23802368342876434 0.30324119329452515
v 0.006211049854755402 -0.24910344183444977 0.30314674973487854
v 0.003724359907209873 -0.2515595555305481 0.3005022704601288
v 0.008747979998588562 -0.25368818640708923 0.30195045471191406
v -0.009864539839327335 0.22421492636203766 0.29814112186431885
v -0.005066980142146349 0.21733784675598145 0.30157265067100525
v -0.005066980142146349 0.22421492636203766 0.30157265067100525
v -0.009864539839327335 0.22421492636203766 0.29814112186431885
v -0.009864539839327335 -0.1552257239818573 0.29814112186431885
v -0.005066980142146349 0.21733784675598145 0.30157265067100525
v -0.009864539839327335 0.22421492636203766 0.29814112186431885
v -0.013330839574337006 -0.22421492636203766 0.2955596446990967
v -0.009864539839327335 -0.1552257239818573 0.29814112186431885
v -0.009864539839327335 0.22421492636203766 0.29814112186431885
v -0.013330839574337006 0.1483486294746399 0.2955596446990967
v -0.013330839574337006 -0.22421492636203766 0.2955596446990967
v -0.013330839574337006 0.22421492636203766 0.2955281734466553
v -0.013330839574337006 0.1483486294746399 0.2955596446990967
v -0.009864539839327335 0.22421492636203766 0.29814112186431885
v -0.013330839574337006 0.22421492636203766 0.2955281734466553
v -0.01724926009774208 0.22421492636203766 0.2924744188785553
v -0.013330839574337006 0.1483486294746399 0.2955596446990967
v -0.028878940269351006 0.23114660382270813 0.28312432765960693
v -0.013330839574337006 0.22421492636203766 0.2955281734466553
v -0.01724926009774208 0.23114660382270813 0.2921595871448517
v -0.028878940269351006 0.23114660382270813 0.28312432765960693
v -0.01724926009774208 0.22421492636203766 0.2924744188785553
v -0.013330839574337006 0.22421492636203766 0.2955281734466553
v -0.10224893689155579 0.23114660382270813 0.22592191398143768
v -0.01724926009774208 0.22421492636203766 0.2924744188785553
v -0.028878940269351006 0.23114660382270813 0.28312432765960693
v -0.10224893689155579 0.23114660382270813 0.22592191398143768
v -0.02463397942483425 0.22421492636203766 0.28671324253082275
v -0.01724926009774208 0.22421492636203766 0.2924744188785553
v -0.10224893689155579 0.23114660382270813 0.22592191398143768
v -0.10664459317922592 0.23114660382270813 0.22249038517475128
v -0.02463397942483425 0.22421492636203766 0.28671324253082275
v -0.11764632165431976 0.23594963550567627 0.21339215338230133
v -0.13211436569690704 0.23802368342876434 0.20161797106266022
v -0.13211436569690704 0.23114660382270813 0.20253093540668488
v -0.11764632165431976 0.23594963550567627 0.21339215338230133
v -0.12523199617862701 0.23802368342876434 0.20703282952308655
v -0.13211436569690704 0.23802368342876434 0.20161797106266022
v 0.01723789982497692 -0.2562534213066101 0.30355599522590637
v 0.01723789982497692 -0.2597465515136719 0.3007856011390686
v 0.024145379662513733 -0.26089274883270264 0.30176153779029846
v 0.11384212970733643 -0.262038916349411 0.3027060031890869
v 0.10693465173244476 -0.262038916349411 0.3027060031890869
v 0.11384212970733643 -0.2653137445449829 0.2992744743824005
v 0.10693465173244476 -0.2586003839969635 0.30513009428977966
v 0.10693465173244476 -0.262038916349411 0.3027060031890869
v 0.11384212970733643 -0.262038916349411 0.3027060031890869
v 0.058632541447877884 -0.25854578614234924 0.30513009428977966
v 0.10693465173244476 -0.262038916349411 0.3027060031890869
v 0.10693465173244476 -0.2586003839969635 0.30513009428977966
v 0.058632541447877884 -0.25854578614234924 0.30513009428977966
v 0.058632541447877884 -0.26198431849479675 0.3026430308818817
v 0.10693465173244476 -0.262038916349411 0.3027060031890869
v 0.058632541447877884 -0.25854578614234924 0.30513009428977966
v 0.04484270140528679 -0.26198431849479675 0.3026115596294403
v 0.058632541447877884 -0.26198431849479675 0.3026430308818817
v 0.04484270140528679 -0.2584912180900574 0.30513009428977966
v 0.04484270140528679 -0.26198431849479675 0.3026115596294403
v 0.058632541447877884 -0.25854578614234924 0.30513009428977966
v 0.03793521970510483 -0.2584366500377655 0.30513009428977966
v 0.04484270140528679 -0.26198431849479675 0.3026115596294403
v 0.04484270140528679 -0.2584912180900574 0.30513009428977966
v 0.03793521970510483 -0.2584366500377655 0.30513009428977966
v 0.03793521970510483 -0.2619297504425049 0.3025800585746765
v 0.04484270140528679 -0.26198431849479675 0.3026115596294403
v 0.031027739867568016 -0.2581637501716614 0.30500417947769165
v 0.03793521970510483 -0.2619297504425049 0.3025800585746765
v 0.03793521970510483 -0.2584366500377655 0.30513009428977966
v 0.031027739867568016 -0.2581637501716614 0.30500417947769165
v 0.031027739867568016 -0.2616022825241089 0.3023597002029419
v 0.03793521970510483 -0.2619297504425049 0.3025800585746765
v 0.024145379662513733 -0.25745418667793274 0.3044374883174896
v 0.031027739867568016 -0.2616022825241089 0.3023597002029419
v 0.031027739867568016 -0.2581637501716614 0.30500417947769165
v 0.024145379662513733 -0.25745418667793274 0.3044374883174896
v 0.024145379662513733 -0.26089274883270264 0.30176153779029846
v 0.031027739867568016 -0.2616022825241089 0.3023597002029419
v 0.01723789982497692 -0.2562534213066101 0.30355599522590637
v 0.024145379662513733 -0.26089274883270264 0.30176153779029846
v 0.024145379662513733 -0.25745418667793274 0.3044374883174896
v -0.12432774901390076 0.25543472170829773 0.1994142383337021
v -0.13211436569690704 0.25150495767593384 0.19557346403598785
v -0.10358017683029175 0.24850305914878845 0.22006629407405853
v 0.013344589620828629 -0.25554388761520386 0.30298933386802673
v 0.01723789982497692 -0.2562534213066101 0.30355599522590637
v 0.01723789982497692 -0.2518324553966522 0.3060115873813629
v 0.013344589620828629 -0.25554388761520386 0.30298933386802673
v 0.01723789982497692 -0.2597465515136719 0.3007856011390686
v 0.01723789982497692 -0.2562534213066101 0.30355599522590637
v 0.013344589620828629 -0.25554388761520386 0.30298933386802673
v 0.01249057985842228 -0.26274845004081726 0.29647260904312134
v 0.01723789982497692 -0.2597465515136719 0.3007856011390686
v 0.013344589620828629 -0.25554388761520386 0.30298933386802673
v 0.010606720112264156 -0.2586003839969635 0.2992115318775177
v 0.01249057985842228 -0.26274845004081726 0.29647260904312134
v 0.013344589620828629 -0.25554388761520386 0.30298933386802673
v 0.0034480600152164698 -0.2567446529865265 0.2971337139606476
v 0.010606720112264156 -0.2586003839969635 0.2992115318775177
v 0.008747979998588562 -0.25368818640708923 0.30195045471191406
v 0.0034480600152164698 -0.2567446529865265 0.2971337139606476
v 0.013344589620828629 -0.25554388761520386 0.30298933386802673
v 0.008747979998588562 -0.25368818640708923 0.30195045471191406
v -0.0002694200084079057 -0.255489319562912 0.2960948348045349
v 0.0034480600152164698 -0.2567446529865265 0.2971337139606476
v 0.008747979998588562 -0.25368818640708923 0.30195045471191406
v 0.003724359907209873 -0.2515595555305481 0.3005022704601288
v -0.0002694200084079057 -0.255489319562912 0.2960948348045349
v -0.009060760028660297 -0.23802368342876434 0.297511488199234
v -0.013104770332574844 -0.23114660382270813 0.2953707277774811
v -0.012501940131187439 -0.23802368342876434 0.29493001103401184
v -0.009060760028660297 -0.23802368342876434 0.297511488199234
v -0.009663590230047703 -0.23114660382270813 0.297952264547348
v -0.013104770332574844 -0.23114660382270813 0.2953707277774811
v -0.009060760028660297 -0.23802368342876434 0.297511488199234
v -0.004790680017322302 -0.23114660382270813 0.30141526460647583
v -0.009663590230047703 -0.23114660382270813 0.297952264547348
v -0.004137610085308552 -0.23802368342876434 0.3009745180606842
v -0.004790680017322302 -0.23114660382270813 0.30141526460647583
v -0.009060760028660297 -0.23802368342876434 0.297511488199234
usemtl DefaultMaterial
f 1 2 3
f 4 5 6
f 7 8 9
f 10 11 12
f 13 14 15
f 16 17 18
f 19 20 21
f 22 23 24
f 25 26 27
f 28 29 30
f 31 32 33
f 34 35 36
f 37 38 39
f 40 41 42
f 43 44 45
f 46 47 48
f 49 50 51
f 52 53 54
f 55 56 57
f 58 59 60
f 61 62 63
f 64 65 66
f 67 68 69
f 70 71 72
f 73 74 75
f 76 77 78
f 79 80 81
f 82 83 84
f 85 86 87
f 88 89 90
f 91 92 93
f 94 95 96
f 97 98 99
f 100 101 102
f 103 104 105
f 106 107 108
f 109 110 111
f 112 113 114
f 115 116 117
f 118 119 120
f 121 122 123
f 124 125 126
f 127 128 129
f 130 131 132
f 133 134 135
f 136 137 138
f 139 140 141
f 142 143 144
f 145 146 147
f 148 149 150
f 151 152 153
f 154 155 156
f 157 158 159
f 160 161 162
f 163 164 165
f 166 167 168
f 169 170 171
f 172 173 174
f 175 176 177
f 178 179 180
f 181 182 183
f 184 185 186
f 187 188 189
f 190 191 192
f 193 194 195
f 196 197 198
f 199 200 201
f 202 203 204
f 205 206 207
f 208 209 210
f 211 212 213
f 214 215 216
f 217 218 219
f 220 221 222
f 223 224 225
f 226 227 228
f 229 230 231
f 232 233 234
f 235 236 237
f 238 239 240
f 241 242 243
f 244 245 246
f 247 248 249
f 250 251 252
f 253 254 255
f 256 257 258
f 259 260 261
f 262 263 264
f 265 266 267
f 268 269 270
f 271 272 273
f 274 275 276
f 277 278 279
f 280 281 282
f 283 284 285
f 286 287 288
f 289 290 291
f 292 293 294
f 295 296 297
f 298 299 300
f 301 302 303
f 304 305 306
f 307 308 309
f 310 311 312
f 313 314 315
f 316 317 318
f 319 320 321
f 322 323 324
f 325 326 327
f 328 329 330
f 331 332 333
f 334 335 336
f 337 338 339
f 340 341 342
f 343 344 345
f 346 347 348
f 349 350 351
f 352 353 354
f 355 356 357
f 358 359 360
f 361 362 363
f 364 365 366
f 367 368 369
f 370 371 372
f 373 374 375
f 376 377 378
f 379 380 381
f 382 383 384
f 385 386 387
f 388 389 390
f 391 392 393
f 394 395 396
f 397 398 399
f 400 401 402
f 403 404 405
f 406 407 408
f 409 410 411
f 412 413 414
f 415 416 417
f 418 419 420
f 421 422 423
f 424 425 426
f 427 428 429
f 430 431 432
f 433 434 435
f 436 437 438
f 439 440 441
f 442 443 444
f 445 446 447
f 448 449 450
f 451 452 453
f 454 455 456
f 457 458 459
f 460 461 462
f 463 464 465
f 466 467 468
f 469 470 471
f 472 473 474
f 475 476 477
f 478 479 480
f 481 482 483
f 484 485 486
f 487 488 489
f 490 491 492
f 493 494 495
f 496 497 498
f 499 500 501
f 502 503 504
f 505 506 507
f 508 509 510
f 511 512 513
f 514 515 516
f 517 518 519
f 520 521 522
f 523 524 525
f 526 527 528
f 529 530 531
f 532 533 534
f 535 536 537
f 538 539 540
f 541 542 543
f 544 545 546
f 547 548 549
f 550 551 552
f 553 554 555
f 556 557 558
f 559 560 561
f 562 563 564
f 565 566 567
f 568 569 570
f 571 572 573
f 574 575 576
f 577 578 579
f 580 581 582
f 583 584 585
f 586 587 588
f 589 590 591
f 592 593 594
f 595 596 597
f 598 599 600
f 601 602 603
f 604 605 606
f 607 608 609
f 610 611 612
f 613 614 615
f 616 617 618
f 619 620 621
f 622 623 624
f 625 626 627
f 628 629 630
f 631 632 633
f 634 635 636
f 637 638 639
f 640 641 642
f 643 644 645
f 646 647 648
f 649 650 651
f 652 653 654
f 655 656 657
f 658 659 660
f 661 662 663
f 664 665 666
f 667 668 669
f 670 671 672
f 673 674 675
f 676 677 678
f 679 680 681
f 682 683 684
f 685 686 687
f 688 689 690
f 691 692 693
f 694 695 696
f 697 698 699
f 700 701 702
f 703 704 705
f 706 707 708
f 709 710 711
f 712 713 714
f 715 716 717
f 718 719 720
f 721 722 723
f 724 725 726
f 727 728 729
f 730 731 732
f 733 734 735
f 736 737 738
f 739 740 741
f 742 743 744
f 745 746 747
f 748 749 750
f 751 752 753
f 754 755 756
f 757 758 759
f 760 761 762
f 763 764 765
f 766 767 768
f 769 770 771
f 772 773 774
f 775 776 777
f 778 779 780
f 781 782 783
f 784 785 786
f 787 788 789
f 790 791 792
f 793 794 795
f 796 797 798
f 799 800 801
f 802 803 804
f 805 806 807
f 808 809 810
f 811 812 813
f 814 815 816
f 817 818 819
f 820 821 822
f 823 824 825
f 826 827 828
f 829 830 831
f 832 833 834
f 835 836 837
f 838 839 840
f 841 842 843
f 844 845 846
f 847 848 849
f 850 851 852
f 853 854 855
f 856 857 858
f 859 860 861
f 862 863 864
f 865 866 867
f 868 869 870
f 871 872 873
f 874 875 876
f 877 878 879
f 880 881 882
f 883 884 885
f 886 887 888
f 889 890 891
f 892 893 894
f 895 896 897
f 898 899 900
f 901 902 903
f 904 905 906
f 907 908 909
f 910 911 912
f 913 914 915
f 916 917 918
f 919 920 921
f 922 923 924
f 925 926 927
f 928 929 930
f 931 932 933
f 934 935 936
f 937 938 939
f 940 941 942
f 943 944 945
f 946 947 948
f 949 950 951
f 952 953 954
f 955 956 957
f 958 959 960
f 961 962 963
f 964 965 966
f 967 968 969
f 970 971 972
f 973 974 975
f 976 977 978
f 979 980 981
f 982 983 984
f 985 986 987
f 988 989 990
f 991 992 993
f 994 995 996
f 997 998 999
f 1000 1001 1002
f 1003 1004 1005
f 1006 1007 1008
f 1009 1010 1011
f 1012 1013 1014
f 1015 1016 1017
f 1018 1019 1020
f 1021 1022 1023
f 1024 1025 1026
f 1027 1028 1029
f 1030 1031 1032
f 1033 1034 1035
f 1036 1037 1038
f 1039 1040 1041
f 1042 1043 1044
f 1045 1046 1047
f 1048 1049 1050
f 1051 1052 1053
f 1054 1055 1056
f 1057 1058 1059
f 1060 1061 1062
f 1063 1064 1065
f 1066 1067 1068
f 1069 1070 1071
f 1072 1073 1074
f 1075 1076 1077
f 1078 1079 1080
f 1081 1082 1083
f 1084 1085 1086
f 1087 1088 1089
f 1090 1091 1092
f 1093 1094 1095
f 1096 1097 1098
f 1099 1100 1101
f 1102 1103 1104
f 1105 1106 1107
f 1108 1109 1110
f 1111 1112 1113
f 1114 1115 1116
f 1117 1118 1119
f 1120 1121 1122
f 1123 1124 1125
f 1126 1127 1128
f 1129 1130 1131
f 1132 1133 1134
f 1135 1136 1137
f 1138 1139 1140
f 1141 1142 1143
f 1144 1145 1146
f 1147 1148 1149
f 1150 1151 1152
f 1153 1154 1155
f 1156 1157 1158
f 1159 1160 1161
f 1162 1163 1164
f 1165 1166 1167
f 1168 1169 1170
f 1171 1172 1173
f 1174 1175 1176
f 1177 1178 1179
f 1180 1181 1182
f 1183 1184 1185
f 1186 1187 1188
f 1189 1190 1191
f 1192 1193 1194
f 1195 1196 1197
f 1198 1199 1200
f 1201 1202 1203
f 1204 1205 1206
f 1207 1208 1209
f 1210 1211 1212
f 1213 1214 1215
f 1216 1217 1218
f 1219 1220 1221
f 1222 1223 1224
f 1225 1226 1227
f 1228 1229 1230
f 1231 1232 1233
f 1234 1235 1236
f 1237 1238 1239
f 1240 1241 1242
f 1243 1244 1245
f 1246 1247 1248
f 1249 1250 1251
f 1252 1253 1254
f 1255 1256 1257
f 1258 1259 1260
f 1261 1262 1263
f 1264 1265 1266
f 1267 1268 1269
f 1270 1271 1272
f 1273 1274 1275
f 1276 1277 1278
f 1279 1280 1281
f 1282 1283 1284
f 1285 1286 1287
f 1288 1289 1290
f 1291 1292 1293
f 1294 1295 1296
f 1297 1298 1299
f 1300 1301 1302
f 1303 1304 1305
f 1306 1307 1308
f 1309 1310 1311
f 1312 1313 1314
f 1315 1316 1317
f 1318 1319 1320
f 1321 1322 1323
f 1324 1325 1326
f 1327 1328 1329
f 1330 1331 1332
f 1333 1334 1335
f 1336 1337 1338
f 1339 1340 1341
f 1342 1343 1344
f 1345 1346 1347
f 1348 1349 1350
f 1351 1352 1353
f 1354 1355 1356
f 1357 1358 1359
f 1360 1361 1362
f 1363 1364 1365
f 1366 1367 1368
f 1369 1370 1371
f 1372 1373 1374
f 1375 1376 1377
f 1378 1379 1380
f 1381 1382 1383
f 1384 1385 1386
f 1387 1388 1389
f 1390 1391 1392
f 1393 1394 1395
f 1396 1397 1398
f 1399 1400 1401
f 1402 1403 1404
f 1405 1406 1407
f 1408 1409 1410
f 1411 1412 1413
f 1414 1415 1416
f 1417 1418 1419
f 1420 1421 1422
f 1423 1424 1425
f 1426 1427 1428
f 1429 1430 1431
f 1432 1433 1434
f 1435 1436 1437
f 1438 1439 1440
f 1441 1442 1443
f 1444 1445 1446
f 1447 1448 1449
f 1450 1451 1452
f 1453 1454 1455
f 1456 1457 1458
f 1459 1460 1461
f 1462 1463 1464
f 1465 1466 1467
f 1468 1469 1470
f 1471 1472 1473
f 1474 1475 1476
f 1477 1478 1479
f 1480 1481 1482
f 1483 1484 1485
f 1486 1487 1488
f 1489 1490 1491
f 1492 1493 1494
f 1495 1496 1497
f 1498 1499 1500
f 1501 1502 1503
f 1504 1505 1506
f 1507 1508 1509
f 1510 1511 1512
f 1513 1514 1515
f 1516 1517 1518
f 1519 1520 1521
f 1522 1523 1524
f 1525 1526 1527
f 1528 1529 1530
f 1531 1532 1533
f 1534 1535 1536
f 1537 1538 1539
f 1540 1541 1542
f 1543 1544 1545
f 1546 1547 1548
f 1549 1550 1551
f 1552 1553 1554
f 1555 1556 1557
f 1558 1559 1560
f 1561 1562 1563
f 1564 1565 1566
f 1567 1568 1569
f 1570 1571 1572
f 1573 1574 1575
f 1576 1577 1578
f 1579 1580 1581
f 1582 1583 1584
f 1585 1586 1587
f 1588 1589 1590
f 1591 1592 1593
f 1594 1595 1596
f 1597 1598 1599
f 1600 1601 1602
f 1603 1604 1605
f 1606 1607 1608
f 1609 1610 1611
f 1612 1613 1614
f 1615 1616 1617
f 1618 1619 1620
f 1621 1622 1623
f 1624 1625 1626
f 1627 1628 1629
f 1630 1631 1632
f 1633 1634 1635
f 1636 1637 1638
f 1639 1640 1641
f 1642 1643 1644
f 1645 1646 1647
f 1648 1649 1650
f 1651 1652 1653
f 1654 1655 1656
f 1657 1658 1659
f 1660 1661 1662
f 1663 1664 1665
f 1666 1667 1668
f 1669 1670 1671
f 1672 1673 1674
f 1675 1676 1677
f 1678 1679 1680
f 1681 1682 1683
f 1684 1685 1686
f 1687 1688 1689
f 1690 1691 1692
f 1693 1694 1695
f 1696 1697 1698
f 1699 1700 1701
f 1702 1703 1704
f 1705 1706 1707
f 1708 1709 1710
f 1711 1712 1713
f 1714 1715 1716
f 1717 1718 1719
f 1720 1721 1722
f 1723 1724 1725
f 1726 1727 1728
f 1729 1730 1731
f 1732 1733 1734
f 1735 1736 1737
f 1738 1739 1740
f 1741 1742 1743
f 1744 1745 1746
f 1747 1748 1749
f 1750 1751 1752
f 1753 1754 1755
f 1756 1757 1758
f 1759 1760 1761
f 1762 1763 1764
f 1765 1766 1767
f 1768 1769 1770
f 1771 1772 1773
f 1774 1775 1776
f 1777 1778 1779
f 1780 1781 1782
f 1783 1784 1785
f 1786 1787 1788
f 1789 1790 1791
f 1792 1793 1794
f 1795 1796 1797
f 1798 1799 1800
f 1801 1802 1803
f 1804 1805 1806
f 1807 1808 1809
f 1810 1811 1812
f 1813 1814 1815
f 1816 1817 1818
f 1819 1820 1821
f 1822 1823 1824
f 1825 1826 1827
f 1828 1829 1830
f 1831 1832 1833
f 1834 1835 1836
f 1837 1838 1839
f 1840 1841 1842
f 1843 1844 1845
f 1846 1847 1848
f 1849 1850 1851
f 1852 1853 1854
f 1855 1856 1857
f 1858 1859 1860
f 1861 1862 1863
f 1864 1865 1866
f 1867 1868 1869
f 1870 1871 1872
f 1873 1874 1875
f 1876 1877 1878
f 1879 1880 1881
f 1882 1883 1884
f 1885 1886 1887
f 1888 1889 1890
f 1891 1892 1893
f 1894 1895 1896
f 1897 1898 1899
f 1900 1901 1902
f 1903 1904 1905
f 1906 1907 1908
f 1909 1910 1911
f 1912 1913 1914
f 1915 1916 1917
f 1918 1919 1920
f 1921 1922 1923
f 1924 1925 1926
f 1927 1928 1929
f 1930 1931 1932
f 1933 1934 1935
f 1936 1937 1938
f 1939 1940 1941
f 1942 1943 1944
f 1945 1946 1947
f 1948 1949 1950
f 1951 1952 1953
f 1954 1955 1956
f 1957 1958 1959
f 1960 1961 1962
f 1963 1964 1965
f 1966 1967 1968
f 1969 1970 1971
f 1972 1973 1974
f 1975 1976 1977
f 1978 1979 1980
f 1981 1982 1983
f 1984 1985 1986
f 1987 1988 1989
f 1990 1991 1992
f 1993 1994 1995
f 1996 1997 1998
f 1999 2000 2001
f 2002 2003 2004
f 2005 2006 2007
f 2008 2009 2010
f 2011 2012 2013
f 2014 2015 2016
f 2017 2018 2019
f 2020 2021 2022
f 2023 2024 2025
f 2026 2027 2028
f 2029 2030 2031
f 2032 2033 2034
f 2035 2036 2037
f 2038 2039 2040
f 2041 2042 2043
f 2044 2045 2046
f 2047 2048 2049
f 2050 2051 2052
f 2053 2054 2055
f 2056 2057 2058
f 2059 2060 2061
f 2062 2063 2064
f 2065 2066 2067
f 2068 2069 2070
f 2071 2072 2073
f 2074 2075 2076
f 2077 2078 2079
f 2080 2081 2082
f 2083 2084 2085
f 2086 2087 2088
f 2089 2090 2091
f 2092 2093 2094
f 2095 2096 2097
f 2098 2099 2100
f 2101 2102 2103
f 2104 2105 2106
f 2107 2108 2109
f 2110 2111 2112
f 2113 2114 2115
f 2116 2117 2118
f 2119 2120 2121
f 2122 2123 2124
f 2125 2126 2127
f 2128 2129 2130
f 2131 2132 2133
f 2134 2135 2136
f 2137 2138 2139
f 2140 2141 2142
f 2143 2144 2145
f 2146 2147 2148
f 2149 2150 2151
f 2152 2153 2154
f 2155 2156 2157
f 2158 2159 2160
f 2161 2162 2163
f 2164 2165 2166
f 2167 2168 2169
f 2170 2171 2172
f 2173 2174 2175
f 2176 2177 2178
f 2179 2180 2181
f 2182 2183 2184
f 2185 2186 2187
f 2188 2189 2190
f 2191 2192 2193
f 2194 2195 2196
f 2197 2198 2199
f 2200 2201 2202
f 2203 2204 2205
f 2206 2207 2208
f 2209 2210 2211
f 2212 2213 2214
f 2215 2216 2217
f 2218 2219 2220
f 2221 2222 2223
f 2224 2225 2226
f 2227 2228 2229
f 2230 2231 2232
f 2233 2234 2235
f 2236 2237 2238
f 2239 2240 2241
f 2242 2243 2244
f 2245 2246 2247
f 2248 2249 2250
f 2251 2252 2253
f 2254 2255 2256
f 2257 2258 2259
f 2260 2261 2262
f 2263 2264 2265
f 2266 2267 2268
f 2269 2270 2271
f 2272 2273 2274
f 2275 2276 2277
f 2278 2279 2280
f 2281 2282 2283
f 2284 2285 2286
f 2287 2288 2289
f 2290 2291 2292
f 2293 2294 2295
f 2296 2297 2298
f 2299 2300 2301
f 2302 2303 2304
f 2305 2306 2307
f 2308 2309 2310
f 2311 2312 2313
f 2314 2315 2316
f 2317 2318 2319
f 2320 2321 2322
f 2323 2324 2325
f 2326 2327 2328
f 2329 2330 2331
f 2332 2333 2334
f 2335 2336 2337
f 2338 2339 2340
f 2341 2342 2343
f 2344 2345 2346
f 2347 2348 2349
f 2350 2351 2352
f 2353 2354 2355
f 2356 2357 2358
f 2359 2360 2361
f 2362 2363 2364
f 2365 2366 2367
f 2368 2369 2370
f 2371 2372 2373
f 2374 2375 2376
f 2377 2378 2379
f 2380 2381 2382
f 2383 2384 2385
f 2386 2387 2388
f 2389 2390 2391
f 2392 2393 2394
f 2395 2396 2397
f 2398 2399 2400
f 2401 2402 2403
f 2404 2405 2406
f 2407 2408 2409
f 2410 2411 2412
f 2413 2414 2415
f 2416 2417 2418
f 2419 2420 2421
f 2422 2423 2424
f 2425 2426 2427
f 2428 2429 2430
f 2431 2432 2433
f 2434 2435 2436
f 2437 2438 2439
f 2440 2441 2442
f 2443 2444 2445
f 2446 2447 2448
f 2449 2450 2451
f 2452 2453 2454
f 2455 2456 2457
f 2458 2459 2460
f 2461 2462 2463
f 2464 2465 2466
f 2467 2468 2469
f 2470 2471 2472
f 2473 2474 2475
f 2476 2477 2478
f 2479 2480 2481
f 2482 2483 2484
f 2485 2486 2487
f 2488 2489 2490
f 2491 2492 2493
f 2494 2495 2496
f 2497 2498 2499
f 2500 2501 2502
f 2503 2504 2505
f 2506 2507 2508
f 2509 2510 2511
f 2512 2513 2514
f 2515 2516 2517
f 2518 2519 2520
f 2521 2522 2523
f 2524 2525 2526
f 2527 2528 2529
f 2530 2531 2532
f 2533 2534 2535
f 2536 2537 2538
f 2539 2540 2541
f 2542 2543 2544
f 2545 2546 2547
f 2548 2549 2550
f 2551 2552 2553
f 2554 2555 2556
f 2557 2558 2559
f 2560 2561 2562
f 2563 2564 2565
f 2566 2567 2568
f 2569 2570 2571
f 2572 2573 2574
f 2575 2576 2577
f 2578 2579 2580
f 2581 2582 2583
f 2584 2585 2586
f 2587 2588 2589
f 2590 2591 2592
f 2593 2594 2595
f 2596 2597 2598
f 2599 2600 2601
f 2602 2603 2604
f 2605 2606 2607
f 2608 2609 2610
f 2611 2612 2613
f 2614 2615 2616
f 2617 2618 2619
f 2620 2621 2622
f 2623 2624 2625
f 2626 2627 2628
f 2629 2630 2631
f 2632 2633 2634
f 2635 2636 2637
f 2638 2639 2640
f 2641 2642 2643
f 2644 2645 2646
f 2647 2648 2649
f 2650 2651 2652
f 2653 2654 2655
f 2656 2657 2658
f 2659 2660 2661
f 2662 2663 2664
f 2665 2666 2667
f 2668 2669 2670
f 2671 2672 2673
f 2674 2675 2676
f 2677 2678 2679
f 2680 2681 2682
f 2683 2684 2685
f 2686 2687 2688
f 2689 2690 2691
f 2692 2693 2694
f 2695 2696 2697
f 2698 2699 2700
f 2701 2702 2703
f 2704 2705 2706
f 2707 2708 2709
f 2710 2711 2712
f 2713 2714 2715
f 2716 2717 2718
f 2719 2720 2721
f 2722 2723 2724
f 2725 2726 2727
f 2728 2729 2730
f 2731 2732 2733
f 2734 2735 2736
f 2737 2738 2739
f 2740 2741 2742
f 2743 2744 2745
f 2746 2747 2748
f 2749 2750 2751
f 2752 2753 2754
f 2755 2756 2757
f 2758 2759 2760
f 2761 2762 2763
f 2764 2765 2766
f 2767 2768 2769
f 2770 2771 2772
f 2773 2774 2775
f 2776 2777 2778
f 2779 2780 2781
f 2782 2783 2784
f 2785 2786 2787
f 2788 2789 2790
f 2791 2792 2793
f 2794 2795 2796
f 2797 2798 2799
f 2800 2801 2802
f 2803 2804 2805
f 2806 2807 2808
f 2809 2810 2811
f 2812 2813 2814
f 2815 2816 2817
f 2818 2819 2820
f 2821 2822 2823
f 2824 2825 2826
f 2827 2828 2829
f 2830 2831 2832
f 2833 2834 2835
f 2836 2837 2838
f 2839 2840 2841
f 2842 2843 2844
f 2845 2846 2847
f 2848 2849 2850
f 2851 2852 2853
f 2854 2855 2856
f 2857 2858 2859
f 2860 2861 2862
f 2863 2864 2865
f 2866 2867 2868
f 2869 2870 2871
f 2872 2873 2874
f 2875 2876 2877
f 2878 2879 2880
f 2881 2882 2883
f 2884 2885 2886
f 2887 2888 2889
f 2890 2891 2892
f 2893 2894 2895
f 2896 2897 2898
f 2899 2900 2901
f 2902 2903 2904
f 2905 2906 2907
f 2908 2909 2910
f 2911 2912 2913
f 2914 2915 2916
f 2917 2918 2919
f 2920 2921 2922
f 2923 2924 2925
f 2926 2927 2928
f 2929 2930 2931
f 2932 2933 2934
f 2935 2936 2937
f 2938 2939 2940
f 2941 2942 2943
f 2944 2945 2946
f 2947 2948 2949
f 2950 2951 2952
f 2953 2954 2955
f 2956 2957 2958
f 2959 2960 2961
f 2962 2963 2964
f 2965 2966 2967
f 2968 2969 2970
f 2971 2972 2973
f 2974 2975 2976
f 2977 2978 2979
f 2980 2981 2982
f 2983 2984 2985
f 2986 2987 2988
f 2989 2990 2991
f 2992 2993 2994
f 2995 2996 2997
f 2998 2999 3000
f 3001 3002 3003
f 3004 3005 3006
f 3007 3008 3009
f 3010 3011 3012
f 3013 3014 3015
f 3016 3017 3018
f 3019 3020 3021
f 3022 3023 3024
f 3025 3026 3027
f 3028 3029 3030
f 3031 3032 3033
f 3034 3035 3036
f 3037 3038 3039
f 3040 3041 3042
f 3043 3044 3045
f 3046 3047 3048
f 3049 3050 3051
f 3052 3053 3054
f 3055 3056 3057
f 3058 3059 3060
f 3061 3062 3063
f 3064 3065 3066
f 3067 3068 3069
f 3070 3071 3072
f 3073 3074 3075
f 3076 3077 3078
f 3079 3080 3081
f 3082 3083 3084
f 3085 3086 3087
f 3088 3089 3090
f 3091 3092 3093
f 3094 3095 3096
f 3097 3098 3099
f 3100 3101 3102
f 3103 3104 3105
f 3106 3107 3108
f 3109 3110 3111
f 3112 3113 3114
f 3115 3116 3117
f 3118 3119 3120
f 3121 3122 3123
f 3124 3125 3126
f 3127 3128 3129
f 3130 3131 3132
f 3133 3134 3135
f 3136 3137 3138
f 3139 3140 3141
f 3142 3143 3144
f 3145 3146 3147
f 3148 3149 3150
f 3151 3152 3153
f 3154 3155 3156
f 3157 3158 3159
f 3160 3161 3162
f 3163 3164 3165
f 3166 3167 3168
f 3169 3170 3171
f 3172 3173 3174
f 3175 3176 3177
f 3178 3179 3180
f 3181 3182 3183
f 3184 3185 3186
f 3187 3188 3189
f 3190 3191 3192
f 3193 3194 3195
f 3196 3197 3198
f 3199 3200 3201
f 3202 3203 3204
f 3205 3206 3207
f 3208 3209 3210
f 3211 3212 3213
f 3214 3215 3216
f 3217 3218 3219
f 3220 3221 3222
f 3223 3224 3225
f 3226 3227 3228
f 3229 3230 3231
f 3232 3233 3234
f 3235 3236 3237
f 3238 3239 3240
f 3241 3242 3243
f 3244 3245 3246
f 3247 3248 3249
f 3250 3251 3252
f 3253 3254 3255
f 3256 3257 3258
f 3259 3260 3261
f 3262 3263 3264
f 3265 3266 3267
f 3268 3269 3270
f 3271 3272 3273
f 3274 3275 3276
f 3277 3278 3279
f 3280 3281 3282
f 3283 3284 3285
f 3286 3287 3288
f 3289 3290 3291
f 3292 3293 3294
f 3295 3296 3297
f 3298 3299 3300
f 3301 3302 3303
f 3304 3305 3306
f 3307 3308 3309
f 3310 3311 3312
f 3313 3314 3315
f 3316 3317 3318
f 3319 3320 3321
f 3322 3323 3324
f 3325 3326 3327
f 3328 3329 3330
f 3331 3332 3333
f 3334 3335 3336
f 3337 3338 3339
f 3340 3341 3342
f 3343 3344 3345
f 3346 3347 3348
f 3349 3350 3351
f 3352 3353 3354
f 3355 3356 3357
f 3358 3359 3360
f 3361 3362 3363
f 3364 3365 3366
f 3367 3368 3369
f 3370 3371 3372
f 3373 3374 3375
f 3376 3377 3378
f 3379 3380 3381
f 3382 3383 3384
f 3385 3386 3387
f 3388 3389 3390
f 3391 3392 3393
f 3394 3395 3396
f 3397 3398 3399
f 3400 3401 3402
f 3403 3404 3405
f 3406 3407 3408
f 3409 3410 3411
f 3412 3413 3414
f 3415 3416 3417
f 3418 3419 3420
f 3421 3422 3423
f 3424 3425 3426
f 3427 3428 3429
f 3430 3431 3432
f 3433 3434 3435
f 3436 3437 3438
f 3439 3440 3441
f 3442 3443 3444
f 3445 3446 3447
f 3448 3449 3450
f 3451 3452 3453
f 3454 3455 3456
f 3457 3458 3459
f 3460 3461 3462
f 3463 3464 3465
f 3466 3467 3468
f 3469 3470 3471
f 3472 3473 3474
f 3475 3476 3477
f 3478 3479 3480
f 3481 3482 3483
f 3484 3485 3486
f 3487 3488 3489
f 3490 3491 3492
f 3493 3494 3495
f 3496 3497 3498
f 3499 3500 3501
f 3502 3503 3504
f 3505 3506 3507
f 3508 3509 3510
f 3511 3512 3513
f 3514 3515 3516
f 3517 3518 3519
f 3520 3521 3522
f 3523 3524 3525
f 3526 3527 3528
f 3529 3530 3531
f 3532 3533 3534
f 3535 3536 3537
f 3538 3539 3540
f 3541 3542 3543
f 3544 3545 3546
f 3547 3548 3549
f 3550 3551 3552
f 3553 3554 3555
f 3556 3557 3558
f 3559 3560 3561
f 3562 3563 3564
f 3565 3566 3567
f 3568 3569 3570
f 3571 3572 3573
f 3574 3575 3576
f 3577 3578 3579
f 3580 3581 3582
f 3583 3584 3585
f 3586 3587 3588
f 3589 3590 3591
f 3592 3593 3594
f 3595 3596 3597
f 3598 3599 3600
f 3601 3602 3603
f 3604 3605 3606
f 3607 3608 3609
f 3610 3611 3612
f 3613 3614 3615
f 3616 3617 3618
f 3619 3620 3621
f 3622 3623 3624
f 3625 3626 3627
f 3628 3629 3630
f 3631 3632 3633
f 3634 3635 3636
f 3637 3638 3639
f 3640 3641 3642
f 3643 3644 3645
f 3646 3647 3648
f 3649 3650 3651
f 3652 3653 3654
f 3655 3656 3657
f 3658 3659 3660
f 3661 3662 3663
f 3664 3665 3666
f 3667 3668 3669
f 3670 3671 3672
f 3673 3674 3675
f 3676 3677 3678
f 3679 3680 3681
f 3682 3683 3684
f 3685 3686 3687
f 3688 3689 3690
f 3691 3692 3693
f 3694 3695 3696
f 3697 3698 3699
f 3700 3701 3702
f 3703 3704 3705
f 3706 3707 3708
f 3709 3710 3711
f 3712 3713 3714
f 3715 3716 3717
f 3718 3719 3720
f 3721 3722 3723
f 3724 3725 3726
f 3727 3728 3729
f 3730 3731 3732
f 3733 3734 3735
f 3736 3737 3738
f 3739 3740 3741
f 3742 3743 3744
f 3745 3746 3747
f 3748 3749 3750
f 3751 3752 3753
f 3754 3755 3756
f 3757 3758 3759
f 3760 3761 3762
f 3763 3764 3765
f 3766 3767 3768
f 3769 3770 3771
f 3772 3773 3774
f 3775 3776 3777
f 3778 3779 3780
f 3781 3782 3783
f 3784 3785 3786
f 3787 3788 3789
f 3790 3791 3792
f 3793 3794 3795
f 3796 3797 3798
f 3799 3800 3801
f 3802 3803 3804
f 3805 3806 3807
f 3808 3809 3810
f 3811 3812 3813
f 3814 3815 3816
f 3817 3818 3819
f 3820 3821 3822
f 3823 3824 3825
f 3826 3827 3828
f 3829 3830 3831
f 3832 3833 3834
f 3835 3836 3837
f 3838 3839 3840
f 3841 3842 3843
f 3844 3845 3846
f 3847 3848 3849
f 3850 3851 3852
f 3853 3854 3855
f 3856 3857 3858
f 3859 3860 3861
f 3862 3863 3864
f 3865 3866 3867
f 3868 3869 3870
f 3871 3872 3873
f 3874 3875 3876
f 3877 3878 3879
f 3880 3881 3882
f 3883 3884 3885
f 3886 3887 3888
f 3889 3890 3891
f 3892 3893 3894
f 3895 3896 3897
f 3898 3899 3900
f 3901 3902 3903
f 3904 3905 3906
f 3907 3908 3909
f 3910 3911 3912
f 3913 3914 3915
f 3916 3917 3918
f 3919 3920 3921
f 3922 3923 3924
f 3925 3926 3927
f 3928 3929 3930
f 3931 3932 3933
f 3934 3935 3936
f 3937 3938 3939
f 3940 3941 3942
f 3943 3944 3945
f 3946 3947 3948
f 3949 3950 3951
f 3952 3953 3954
f 3955 3956 3957
f 3958 3959 3960
f 3961 3962 3963
f 3964 3965 3966
f 3967 3968 3969
f 3970 3971 3972
f 3973 3974 3975
f 3976 3977 3978
f 3979 3980 3981
f 3982 3983 3984
f 3985 3986 3987
f 3988 3989 3990
f 3991 3992 3993
f 3994 3995 3996
f 3997 3998 3999
f 4000 4001 4002
f 4003 4004 4005
f 4006 4007 4008
f 4009 4010 4011
f 4012 4013 4014
f 4015 4016 4017
f 4018 4019 4020
f 4021 4022 4023
f 4024 4025 4026
f 4027 4028 4029
f 4030 4031 4032
f 4033 4034 4035
f 4036 4037 4038
f 4039 4040 4041
f 4042 4043 4044
f 4045 4046 4047
f 4048 4049 4050
f 4051 4052 4053
f 4054 4055 4056
f 4057 4058 4059
f 4060 4061 4062
f 4063 4064 4065
f 4066 4067 4068
f 4069 4070 4071
f 4072 4073 4074
f 4075 4076 4077
f 4078 4079 4080
f 4081 4082 4083
f 4084 4085 4086
f 4087 4088 4089
f 4090 4091 4092
f 4093 4094 4095
f 4096 4097 4098
f 4099 4100 4101
f 4102 4103 4104
f 4105 4106 4107
f 4108 4109 4110
f 4111 4112 4113
f 4114 4115 4116
f 4117 4118 4119
f 4120 4121 4122
f 4123 4124 4125
f 4126 4127 4128
f 4129 4130 4131
f 4132 4133 4134
f 4135 4136 4137
f 4138 4139 4140
f 4141 4142 4143
f 4144 4145 4146
f 4147 4148 4149
f 4150 4151 4152
f 4153 4154 4155
f 4156 4157 4158
f 4159 4160 4161
f 4162 4163 4164
f 4165 4166 4167
f 4168 4169 4170
f 4171 4172 4173
f 4174 4175 4176
f 4177 4178 4179
f 4180 4181 4182
f 4183 4184 4185
f 4186 4187 4188
f 4189 4190 4191
f 4192 4193 4194
f 4195 4196 4197
f 4198 4199 4200
f 4201 4202 4203
f 4204 4205 4206
f 4207 4208 4209
f 4210 4211 4212
f 4213 4214 4215
f 4216 4217 4218
f 4219 4220 4221
f 4222 4223 4224
f 4225 4226 4227
f 4228 4229 4230
f 4231 4232 4233
f 4234 4235 4236
f 4237 4238 4239
f 4240 4241 4242
f 4243 4244 4245
f 4246 4247 4248
f 4249 4250 4251
f 4252 4253 4254
f 4255 4256 4257
f 4258 4259 4260
f 4261 4262 4263
f 4264 4265 4266
f 4267 4268 4269
f 4270 4271 4272
f 4273 4274 4275
f 4276 4277 4278
f 4279 4280 4281
f 4282 4283 4284
f 4285 4286 4287
f 4288 4289 4290
f 4291 4292 4293
f 4294 4295 4296
f 4297 4298 4299
f 4300 4301 4302
f 4303 4304 4305
f 4306 4307 4308
f 4309 4310 4311
f 4312 4313 4314
f 4315 4316 4317
f 4318 4319 4320
f 4321 4322 4323
f 4324 4325 4326
f 4327 4328 4329
f 4330 4331 4332
f 4333 4334 4335
f 4336 4337 4338
f 4339 4340 4341
f 4342 4343 4344
f 4345 4346 4347
f 4348 4349 4350
f 4351 4352 4353
f 4354 4355 4356
f 4357 4358 4359
f 4360 4361 4362
f 4363 4364 4365
f 4366 4367 4368
f 4369 4370 4371
f 4372 4373 4374
f 4375 4376 4377
f 4378 4379 4380
f 4381 4382 4383
f 4384 4385 4386
f 4387 4388 4389
f 4390 4391 4392
f 4393 4394 4395
f 4396 4397 4398
f 4399 4400 4401
f 4402 4403 4404
f 4405 4406 4407
f 4408 4409 4410
f 4411 4412 4413
f 4414 4415 4416
f 4417 4418 4419
f 4420 4421 4422
f 4423 4424 4425
f 4426 4427 4428
f 4429 4430 4431
f 4432 4433 4434
f 4435 4436 4437
f 4438 4439 4440
f 4441 4442 4443
f 4444 4445 4446
f 4447 4448 4449
f 4450 4451 4452
f 4453 4454 4455
f 4456 4457 4458
f 4459 4460 4461
f 4462 4463 4464
f 4465 4466 4467
f 4468 4469 4470
f 4471 4472 4473
f 4474 4475 4476
f 4477 4478 4479
f 4480 4481 4482
f 4483 4484 4485
f 4486 4487 4488
f 4489 4490 4491
f 4492 4493 4494
f 4495 4496 4497
f 4498 4499 4500
f 4501 4502 4503
f 4504 4505 4506
f 4507 4508 4509
f 4510 4511 4512
f 4513 4514 4515
f 4516 4517 4518
f 4519 4520 4521
f 4522 4523 4524
f 4525 4526 4527
f 4528 4529 4530
f 4531 4532 4533
f 4534 4535 4536
f 4537 4538 4539
f 4540 4541 4542
f 4543 4544 4545
f 4546 4547 4548
f 4549 4550 4551
f 4552 4553 4554
f 4555 4556 4557
f 4558 4559 4560
f 4561 4562 4563
f 4564 4565 4566
f 4567 4568 4569
f 4570 4571 4572
f 4573 4574 4575
f 4576 4577 4578
f 4579 4580 4581
f 4582 4583 4584
f 4585 4586 4587
f 4588 4589 4590
f 4591 4592 4593
f 4594 4595 4596
f 4597 4598 4599
f 4600 4601 4602
f 4603 4604 4605
f 4606 4607 4608
f 4609 4610 4611
f 4612 4613 4614
f 4615 4616 4617
f 4618 4619 4620
f 4621 4622 4623
f 4624 4625 4626
f 4627 4628 4629
f 4630 4631 4632
f 4633 4634 4635
f 4636 4637 4638
f 4639 4640 4641
f 4642 4643 4644
f 4645 4646 4647
f 4648 4649 4650
f 4651 4652 4653
f 4654 4655 4656
f 4657 4658 4659
f 4660 4661 4662
f 4663 4664 4665
f 4666 4667 4668
f 4669 4670 4671
f 4672 4673 4674
f 4675 4676 4677
f 4678 4679 4680
f 4681 4682 4683
f 4684 4685 4686
f 4687 4688 4689
f 4690 4691 4692
f 4693 4694 4695
f 4696 4697 4698
f 4699 4700 4701
f 4702 4703 4704
f 4705 4706 4707
f 4708 4709 4710
f 4711 4712 4713
f 4714 4715 4716
f 4717 4718 4719
f 4720 4721 4722
f 4723 4724 4725
f 4726 4727 4728
f 4729 4730 4731
f 4732 4733 4734
f 4735 4736 4737
f 4738 4739 4740
f 4741 4742 4743
f 4744 4745 4746
f 4747 4748 4749
f 4750 4751 4752
f 4753 4754 4755
f 4756 4757 4758
f 4759 4760 4761
f 4762 4763 4764
f 4765 4766 4767
f 4768 4769 4770
f 4771 4772 4773
f 4774 4775 4776
f 4777 4778 4779
f 4780 4781 4782
f 4783 4784 4785
f 4786 4787 4788
f 4789 4790 4791
f 4792 4793 4794
f 4795 4796 4797
f 4798 4799 4800
f 4801 4802 4803
f 4804 4805 4806
f 4807 4808 4809
f 4810 4811 4812
f 4813 4814 4815
f 4816 4817 4818
f 4819 4820 4821
f 4822 4823 4824
f 4825 4826 4827
f 4828 4829 4830
f 4831 4832 4833
f 4834 4835 4836
f 4837 4838 4839
f 4840 4841 4842
f 4843 4844 4845
f 4846 4847 4848
f 4849 4850 4851
f 4852 4853 4854
f 4855 4856 4857
f 4858 4859 4860
f 4861 4862 4863
f 4864 4865 4866
f 4867 4868 4869
f 4870 4871 4872
f 4873 4874 4875
f 4876 4877 4878
f 4879 4880 4881
f 4882 4883 4884
f 4885 4886 4887
f 4888 4889 4890
f 4891 4892 4893
f 4894 4895 4896
f 4897 4898 4899
f 4900 4901 4902
f 4903 4904 4905
f 4906 4907 4908
f 4909 4910 4911
f 4912 4913 4914
f 4915 4916 4917
f 4918 4919 4920
f 4921 4922 4923
f 4924 4925 4926
f 4927 4928 4929
f 4930 4931 4932
f 4933 4934 4935
f 4936 4937 4938
f 4939 4940 4941
f 4942 4943 4944
f 4945 4946 4947
f 4948 4949 4950
f 4951 4952 4953
f 4954 4955 4956
f 4957 4958 4959
f 4960 4961 4962
f 4963 4964 4965
f 4966 4967 4968
f 4969 4970 4971
f 4972 4973 4974
f 4975 4976 4977
f 4978 4979 4980
f 4981 4982 4983
f 4984 4985 4986
f 4987 4988 4989
f 4990 4991 4992
f 4993 4994 4995
f 4996 4997 4998
f 4999 5000 5001
f 5002 5003 5004
f 5005 5006 5007
f 5008 5009 5010
f 5011 5012 5013
f 5014 5015 5016
f 5017 5018 5019
f 5020 5021 5022
f 5023 5024 5025
f 5026 5027 5028
f 5029 5030 5031
f 5032 5033 5034
f 5035 5036 5037
f 5038 5039 5040
f 5041 5042 5043
f 5044 5045 5046
f 5047 5048 5049
f 5050 5051 5052
f 5053 5054 5055
f 5056 5057 5058
f 5059 5060 5061
f 5062 5063 5064
f 5065 5066 5067
f 5068 5069 5070
f 5071 5072 5073
f 5074 5075 5076
f 5077 5078 5079
f 5080 5081 5082
f 5083 5084 5085
f 5086 5087 5088
f 5089 5090 5091
f 5092 5093 5094
f 5095 5096 5097
f 5098 5099 5100
f 5101 5102 5103
f 5104 5105 5106
f 5107 5108 5109
f 5110 5111 5112
f 5113 5114 5115
f 5116 5117 5118
f 5119 5120 5121
f 5122 5123 5124
f 5125 5126 5127
f 5128 5129 5130
f 5131 5132 5133
f 5134 5135 5136
f 5137 5138 5139
f 5140 5141 5142
f 5143 5144 5145
f 5146 5147 5148
f 5149 5150 5151
f 5152 5153 5154
f 5155 5156 5157
f 5158 5159 5160
f 5161 5162 5163
f 5164 5165 5166
f 5167 5168 5169
f 5170 5171 5172
f 5173 5174 5175
f 5176 5177 5178
f 5179 5180 5181
f 5182 5183 5184
f 5185 5186 5187
f 5188 5189 5190
f 5191 5192 5193
f 5194 5195 5196
f 5197 5198 5199
f 5200 5201 5202
f 5203 5204 5205
f 5206 5207 5208
f 5209 5210 5211
f 5212 5213 5214
f 5215 5216 5217
f 5218 5219 5220
f 5221 5222 5223
f 5224 5225 5226
f 5227 5228 5229
f 5230 5231 5232
f 5233 5234 5235
f 5236 5237 5238
f 5239 5240 5241
f 5242 5243 5244
f 5245 5246 5247
f 5248 5249 5250
f 5251 5252 5253
f 5254 5255 5256
f 5257 5258 5259
f 5260 5261 5262
f 5263 5264 5265
f 5266 5267 5268
f 5269 5270 5271
f 5272 5273 5274
f 5275 5276 5277
f 5278 5279 5280
f 5281 5282 5283
f 5284 5285 5286
f 5287 5288 5289
f 5290 5291 5292
f 5293 5294 5295
f 5296 5297 5298
f 5299 5300 5301
f 5302 5303 5304
f 5305 5306 5307
f 5308 5309 5310
f 5311 5312 5313
f 5314 5315 5316
f 5317 5318 5319
f 5320 5321 5322
f 5323 5324 5325
f 5326 5327 5328
f 5329 5330 5331
f 5332 5333 5334
f 5335 5336 5337
f 5338 5339 5340
f 5341 5342 5343
f 5344 5345 5346
f 5347 5348 5349
f 5350 5351 5352
f 5353 5354 5355
f 5356 5357 5358
