mtllib torso_l3_0_mesh.mtl
v 0.07839356362819672 -0.17237402498722076 -0.011220360174775124
v 0.07749757170677185 -0.17237402498722076 -0.01694156974554062
v 0.07912050187587738 -0.1666535884141922 -0.011220360174775124
v 0.07912050187587738 -0.1666535884141922 -0.011220360174775124
v 0.07749757170677185 -0.17237402498722076 -0.01694156974554062
v 0.07805544883012772 -0.1666535884141922 -0.01694156974554062
v 0.07912050187587738 -0.1666535884141922 -0.011220360174775124
v 0.07805544883012772 -0.1666535884141922 -0.01694156974554062
v 0.07908669114112854 -0.155217245221138 -0.011220360174775124
v 0.07908669114112854 -0.155217245221138 -0.011220360174775124
v 0.07805544883012772 -0.1666535884141922 -0.01694156974554062
v 0.07797092199325562 -0.155217245221138 -0.01694156974554062
v 0.07908669114112854 -0.155217245221138 -0.011220360174775124
v 0.07797092199325562 -0.155217245221138 -0.01694156974554062
v 0.07766663283109665 -0.14949679374694824 -0.01694156974554062
v 0.07908669114112854 -0.155217245221138 -0.011220360174775124
v 0.07766663283109665 -0.14949679374694824 -0.01694156974554062
v 0.07859642803668976 -0.14949679374694824 -0.011220360174775124
v 0.07859642803668976 -0.14949679374694824 -0.011220360174775124
v 0.07766663283109665 -0.14949679374694824 -0.01694156974554062
v 0.07609441131353378 -0.14625118672847748 -0.021559569984674454
v 0.07859642803668976 -0.14949679374694824 -0.011220360174775124
v 0.07609441131353378 -0.14625118672847748 -0.021559569984674454
v 0.07653395086526871 -0.14590857923030853 -0.01694156974554062
v 0.0788838192820549 -0.17237402498722076 0.005943220108747482
v 0.07665230333805084 -0.17593520879745483 0.011664420366287231
v 0.07692278176546097 -0.17607495188713074 0.005943220108747482
v 0.07692278176546097 -0.17607495188713074 0.005943220108747482
v 0.07665230333805084 -0.17593520879745483 0.011664420366287231
v 0.07284855842590332 -0.17789612710475922 0.011664420366287231
v 0.07692278176546097 -0.17607495188713074 0.005943220108747482
v 0.07284855842590332 -0.17789612710475922 0.011664420366287231
v 0.07284855842590332 -0.178162083029747 0.005943220108747482
v 0.07668610662221909 -0.17594873905181885 -0.011220360174775124
v 0.07284855842590332 -0.17793668806552887 -0.011220360174775124
v 0.0762803703546524 -0.17570079863071442 -0.01694156974554062
v 0.0762803703546524 -0.17570079863071442 -0.01694156974554062
v 0.07284855842590332 -0.17744983732700348 -0.01694156974554062
v 0.0759422704577446 -0.1754438579082489 -0.020764250308275223
v 0.0762803703546524 -0.17570079863071442 -0.01694156974554062
v 0.0759422704577446 -0.1754438579082489 -0.020764250308275223
v 0.07839356362819672 -0.17237402498722076 -0.011220360174775124
v 0.0762803703546524 -0.17570079863071442 -0.01694156974554062
v 0.07284855842590332 -0.17793668806552887 -0.011220360174775124
v 0.07284855842590332 -0.17744983732700348 -0.01694156974554062
v 0.07839356362819672 -0.17237402498722076 -0.011220360174775124
v 0.0759422704577446 -0.1754438579082489 -0.020764250308275223
v 0.07749757170677185 -0.17237402498722076 -0.01694156974554062
v 0.07284855842590332 -0.17744983732700348 -0.01694156974554062
v 0.06762474775314331 -0.18008241057395935 -0.011220360174775124
v 0.06666114181280136 -0.18000127375125885 -0.016813280060887337
v 0.0759422704577446 -0.1754438579082489 -0.020764250308275223
v 0.07318665832281113 -0.1764896810054779 -0.022662749513983727
v 0.0716482624411583 -0.1762101948261261 -0.02835828997194767
v 0.0759422704577446 -0.1754438579082489 -0.020764250308275223
v 0.0716482624411583 -0.1762101948261261 -0.02835828997194767
v 0.07051560282707214 -0.17561064660549164 -0.034079499542713165
v 0.0759422704577446 -0.1754438579082489 -0.020764250308275223
v 0.07051560282707214 -0.17561064660549164 -0.034079499542713165
v 0.07000842690467834 -0.17525002360343933 -0.03700422868132591
v 0.07988125085830688 -0.1666535884141922 0.00022202999389264733
v 0.0791374072432518 -0.17237402498722076 0.00022202999389264733
v 0.07893452793359756 -0.17237402498722076 -0.005499179940670729
v 0.07988125085830688 -0.1666535884141922 0.00022202999389264733
v 0.07984743267297745 -0.155217245221138 0.00022202999389264733
v 0.07966147363185883 -0.155217245221138 0.005943220108747482
v 0.07988125085830688 -0.1666535884141922 0.00022202999389264733
v 0.07966147363185883 -0.155217245221138 0.005943220108747482
v 0.07966147363185883 -0.1666535884141922 0.005943220108747482
v 0.0788838192820549 -0.17237402498722076 0.005943220108747482
v 0.07626347243785858 -0.17569629848003387 0.017385609447956085
v 0.07665230333805084 -0.17593520879745483 0.011664420366287231
v 0.07626347243785858 -0.17569629848003387 0.017385609447956085
v 0.07284855842590332 -0.17741377651691437 0.017385609447956085
v 0.07284855842590332 -0.17789612710475922 0.011664420366287231
v 0.07626347243785858 -0.17569629848003387 0.017385609447956085
v 0.07284855842590332 -0.17789612710475922 0.011664420366287231
v 0.07665230333805084 -0.17593520879745483 0.011664420366287231
v 0.07284855842590332 -0.17789612710475922 0.011664420366287231
v 0.07284855842590332 -0.17741377651691437 0.017385609447956085
v 0.06713449954986572 -0.17965416610240936 0.017385609447956085
v 0.07284855842590332 -0.17789612710475922 0.011664420366287231
v 0.06713449954986572 -0.17965416610240936 0.017385609447956085
v 0.06676256656646729 -0.18022215366363525 0.012151859700679779
v 0.07966147363185883 -0.155217245221138 0.005943220108747482
v 0.078461192548275 -0.14949679374694824 0.011664420366287231
v 0.07891763001680374 -0.155217245221138 0.011664420366287231
v 0.07284855842590332 -0.17744983732700348 -0.01694156974554062
v 0.06666114181280136 -0.18000127375125885 -0.016813280060887337
v 0.06713449954986572 -0.17920789122581482 -0.022662749513983727
v 0.07284855842590332 -0.17744983732700348 -0.01694156974554062
v 0.06713449954986572 -0.17920789122581482 -0.022662749513983727
v 0.07318665832281113 -0.1764896810054779 -0.022662749513983727
v 0.07284855842590332 -0.17744983732700348 -0.01694156974554062
v 0.07318665832281113 -0.1764896810054779 -0.022662749513983727
v 0.0759422704577446 -0.1754438579082489 -0.020764250308275223
v 0.07859642803668976 -0.14949679374694824 -0.011220360174775124
v 0.07690587639808655 -0.14575080573558807 -0.011220360174775124
v 0.07901906222105026 -0.14949679374694824 -0.005499179940670729
v 0.07966147363185883 -0.155217245221138 0.005943220108747482
v 0.07891763001680374 -0.155217245221138 0.011664420366287231
v 0.07901906222105026 -0.1666535884141922 0.011664420366287231
v 0.07966147363185883 -0.155217245221138 0.005943220108747482
v 0.07901906222105026 -0.1666535884141922 0.011664420366287231
v 0.07966147363185883 -0.1666535884141922 0.005943220108747482
v 0.07966147363185883 -0.1666535884141922 0.005943220108747482
v 0.07901906222105026 -0.1666535884141922 0.011664420366287231
v 0.07834284752607346 -0.17237402498722076 0.011664420366287231
v 0.07966147363185883 -0.1666535884141922 0.005943220108747482
v 0.07834284752607346 -0.17237402498722076 0.011664420366287231
v 0.0788838192820549 -0.17237402498722076 0.005943220108747482
v 0.07704111933708191 -0.1761290431022644 0.00022202999389264733
v 0.07284855842590332 -0.17827476561069489 0.00022202999389264733
v 0.07284855842590332 -0.17821165919303894 -0.005499179940670729
v 0.07704111933708191 -0.1761290431022644 0.00022202999389264733
v 0.07284855842590332 -0.17821165919303894 -0.005499179940670729
v 0.07695659250020981 -0.17608848214149475 -0.005499179940670729
v 0.07704111933708191 -0.1761290431022644 0.00022202999389264733
v 0.07692278176546097 -0.17607495188713074 0.005943220108747482
v 0.07284855842590332 -0.178162083029747 0.005943220108747482
v 0.07962766289710999 -0.155217245221138 -0.005499179940670729
v 0.07912050187587738 -0.1666535884141922 -0.011220360174775124
v 0.07908669114112854 -0.155217245221138 -0.011220360174775124
v 0.07962766289710999 -0.155217245221138 -0.005499179940670729
v 0.07908669114112854 -0.155217245221138 -0.011220360174775124
v 0.07859642803668976 -0.14949679374694824 -0.011220360174775124
v 0.07962766289710999 -0.155217245221138 -0.005499179940670729
v 0.07859642803668976 -0.14949679374694824 -0.011220360174775124
v 0.07901906222105026 -0.14949679374694824 -0.005499179940670729
v 0.07962766289710999 -0.155217245221138 -0.005499179940670729
v 0.07901906222105026 -0.14949679374694824 -0.005499179940670729
v 0.07984743267297745 -0.155217245221138 0.00022202999389264733
v 0.07984743267297745 -0.155217245221138 0.00022202999389264733
v 0.07901906222105026 -0.14949679374694824 -0.005499179940670729
v 0.0792219266295433 -0.14949679374694824 0.00022202999389264733
v 0.07984743267297745 -0.155217245221138 0.00022202999389264733
v 0.0792219266295433 -0.14949679374694824 0.00022202999389264733
v 0.07906977832317352 -0.14949679374694824 0.005943220108747482
v 0.07984743267297745 -0.155217245221138 0.00022202999389264733
v 0.07906977832317352 -0.14949679374694824 0.005943220108747482
v 0.07966147363185883 -0.155217245221138 0.005943220108747482
v 0.07966147363185883 -0.155217245221138 0.005943220108747482
v 0.07906977832317352 -0.14949679374694824 0.005943220108747482
v 0.078461192548275 -0.14949679374694824 0.011664420366287231
v 0.0791374072432518 -0.17237402498722076 0.00022202999389264733
v 0.0788838192820549 -0.17237402498722076 0.005943220108747482
v 0.07692278176546097 -0.17607495188713074 0.005943220108747482
v 0.0791374072432518 -0.17237402498722076 0.00022202999389264733
v 0.07692278176546097 -0.17607495188713074 0.005943220108747482
v 0.07704111933708191 -0.1761290431022644 0.00022202999389264733
v 0.07893452793359756 -0.17237402498722076 -0.005499179940670729
v 0.07695659250020981 -0.17608848214149475 -0.005499179940670729
v 0.07668610662221909 -0.17594873905181885 -0.011220360174775124
v 0.07893452793359756 -0.17237402498722076 -0.005499179940670729
v 0.07668610662221909 -0.17594873905181885 -0.011220360174775124
v 0.0762803703546524 -0.17570079863071442 -0.01694156974554062
v 0.07893452793359756 -0.17237402498722076 -0.005499179940670729
v 0.0762803703546524 -0.17570079863071442 -0.01694156974554062
v 0.07839356362819672 -0.17237402498722076 -0.011220360174775124
v 0.07893452793359756 -0.17237402498722076 -0.005499179940670729
v 0.07839356362819672 -0.17237402498722076 -0.011220360174775124
v 0.07912050187587738 -0.1666535884141922 -0.011220360174775124
v 0.07893452793359756 -0.17237402498722076 -0.005499179940670729
v 0.07912050187587738 -0.1666535884141922 -0.011220360174775124
v 0.0796445682644844 -0.1666535884141922 -0.005499179940670729
v 0.0796445682644844 -0.1666535884141922 -0.005499179940670729
v 0.07912050187587738 -0.1666535884141922 -0.011220360174775124
v 0.07962766289710999 -0.155217245221138 -0.005499179940670729
v 0.07859642803668976 -0.14949679374694824 -0.011220360174775124
v 0.07653395086526871 -0.14590857923030853 -0.01694156974554062
v 0.07690587639808655 -0.14575080573558807 -0.011220360174775124
v 0.078461192548275 -0.14949679374694824 0.011664420366287231
v 0.07655086368322372 -0.14589053392410278 0.017385609447956085
v 0.07614512741565704 -0.1462196260690689 0.021567460149526596
v 0.078461192548275 -0.14949679374694824 0.011664420366287231
v 0.07614512741565704 -0.1462196260690689 0.021567460149526596
v 0.07768353074789047 -0.14949679374694824 0.017385609447956085
v 0.078461192548275 -0.14949679374694824 0.011664420366287231
v 0.07768353074789047 -0.14949679374694824 0.017385609447956085
v 0.07891763001680374 -0.155217245221138 0.011664420366287231
v 0.07988125085830688 -0.1666535884141922 0.00022202999389264733
v 0.07966147363185883 -0.1666535884141922 0.005943220108747482
v 0.0791374072432518 -0.17237402498722076 0.00022202999389264733
v 0.0791374072432518 -0.17237402498722076 0.00022202999389264733
v 0.07704111933708191 -0.1761290431022644 0.00022202999389264733
v 0.07695659250020981 -0.17608848214149475 -0.005499179940670729
v 0.0791374072432518 -0.17237402498722076 0.00022202999389264733
v 0.07695659250020981 -0.17608848214149475 -0.005499179940670729
v 0.07893452793359756 -0.17237402498722076 -0.005499179940670729
v 0.0791374072432518 -0.17237402498722076 0.00022202999389264733
v 0.07966147363185883 -0.1666535884141922 0.005943220108747482
v 0.0788838192820549 -0.17237402498722076 0.005943220108747482
v 0.06762474775314331 -0.18008241057395935 -0.011220360174775124
v 0.06444653123617172 -0.18101553618907928 -0.014812150038778782
v 0.06666114181280136 -0.18000127375125885 -0.016813280060887337
v 0.06776001304388046 -0.1801815927028656 0.005943220108747482
v 0.06676256656646729 -0.18022215366363525 0.012151859700679779
v 0.06459867209196091 -0.1810651272535324 0.010561220347881317
v 0.06776001304388046 -0.1801815927028656 0.005943220108747482
v 0.06459867209196091 -0.1810651272535324 0.010561220347881317
v 0.06490296870470047 -0.181168794631958 0.005943220108747482
v 0.06776001304388046 -0.1801815927028656 0.005943220108747482
v 0.06490296870470047 -0.181168794631958 0.005943220108747482
v 0.06508892774581909 -0.18123191595077515 0.00022202999389264733
v 0.07284855842590332 -0.17741377651691437 0.017385609447956085
v 0.0731697604060173 -0.17644910514354706 0.02308114990592003
v 0.06713449954986572 -0.17822518944740295 0.028828000649809837
v 0.07284855842590332 -0.17741377651691437 0.017385609447956085
v 0.06713449954986572 -0.17822518944740295 0.028828000649809837
v 0.06713449954986572 -0.1790095567703247 0.023106800392270088
v 0.07284855842590332 -0.17741377651691437 0.017385609447956085
v 0.06713449954986572 -0.1790095567703247 0.023106800392270088
v 0.06713449954986572 -0.17965416610240936 0.017385609447956085
v 0.06713449954986572 -0.17965416610240936 0.017385609447956085
v 0.06380411982536316 -0.18079915642738342 0.017385609447956085
v 0.06422674655914307 -0.18093889951705933 0.01435824017971754
v 0.0759422704577446 -0.17543934285640717 0.021182630211114883
v 0.07159754633903503 -0.17616510391235352 0.028828000649809837
v 0.0731697604060173 -0.17644910514354706 0.02308114990592003
v 0.0759422704577446 -0.17543934285640717 0.021182630211114883
v 0.0731697604060173 -0.17644910514354706 0.02308114990592003
v 0.07284855842590332 -0.17741377651691437 0.017385609447956085
v 0.06794595718383789 -0.1802401840686798 0.00022202999389264733
v 0.06508892774581909 -0.18123191595077515 0.00022202999389264733
v 0.06505511701107025 -0.1812274008989334 -0.005499179940670729
v 0.06794595718383789 -0.1802401840686798 0.00022202999389264733
v 0.06505511701107025 -0.1812274008989334 -0.005499179940670729
v 0.06791214644908905 -0.1802176535129547 -0.005499179940670729
v 0.06794595718383789 -0.1802401840686798 0.00022202999389264733
v 0.06776001304388046 -0.1801815927028656 0.005943220108747482
v 0.06508892774581909 -0.18123191595077515 0.00022202999389264733
v 0.06791214644908905 -0.1802176535129547 -0.005499179940670729
v 0.06505511701107025 -0.1812274008989334 -0.005499179940670729
v 0.0647677332162857 -0.18112823367118835 -0.011220360174775124
v 0.06791214644908905 -0.1802176535129547 -0.005499179940670729
v 0.0647677332162857 -0.18112823367118835 -0.011220360174775124
v 0.06762474775314331 -0.18008241057395935 -0.011220360174775124
v 0.06762474775314331 -0.18008241057395935 -0.011220360174775124
v 0.0647677332162857 -0.18112823367118835 -0.011220360174775124
v 0.06444653123617172 -0.18101553618907928 -0.014812150038778782
v 0.07802163809537888 -0.1666535884141922 0.017385609447956085
v 0.07658466696739197 -0.155217245221138 0.02274760976433754
v 0.07655086368322372 -0.1666535884141922 0.022927209734916687
v 0.07802163809537888 -0.1666535884141922 0.017385609447956085
v 0.07655086368322372 -0.1666535884141922 0.022927209734916687
v 0.0762803703546524 -0.17237402498722076 0.022362779825925827
v 0.07802163809537888 -0.1666535884141922 0.017385609447956085
v 0.0762803703546524 -0.17237402498722076 0.022362779825925827
v 0.077446848154068 -0.17237402498722076 0.017385609447956085
v 0.077446848154068 -0.17237402498722076 0.017385609447956085
v 0.0762803703546524 -0.17237402498722076 0.022362779825925827
v 0.0759422704577446 -0.17543934285640717 0.021182630211114883
v 0.0759422704577446 -0.17543934285640717 0.021182630211114883
v 0.0762803703546524 -0.17237402498722076 0.022362779825925827
v 0.07538437843322754 -0.17237402498722076 0.025236209854483604
v 0.0759422704577446 -0.17543934285640717 0.021182630211114883
v 0.07538437843322754 -0.17237402498722076 0.025236209854483604
v 0.06990700215101242 -0.17490291595458984 0.03724301978945732
v 0.0759422704577446 -0.17543934285640717 0.021182630211114883
v 0.06990700215101242 -0.17490291595458984 0.03724301978945732
v 0.07065083831548691 -0.17569629848003387 0.03344599902629852
v 0.0759422704577446 -0.17543934285640717 0.021182630211114883
v 0.07065083831548691 -0.17569629848003387 0.03344599902629852
v 0.07159754633903503 -0.17616510391235352 0.028828000649809837
v 0.07655086368322372 -0.14589053392410278 0.017385609447956085
v 0.07171589136123657 -0.14574629068374634 0.028828000649809837
v 0.07614512741565704 -0.1462196260690689 0.021567460149526596
v 0.07614512741565704 -0.1462196260690689 0.021567460149526596
v 0.07648324221372604 -0.14949679374694824 0.02249106951057911
v 0.07768353074789047 -0.14949679374694824 0.017385609447956085
v 0.07614512741565704 -0.1462196260690689 0.021567460149526596
v 0.07171589136123657 -0.14574629068374634 0.028828000649809837
v 0.07066775113344193 -0.14613397419452667 0.03454919159412384
v 0.07614512741565704 -0.1462196260690689 0.021567460149526596
v 0.07066775113344193 -0.14613397419452667 0.03454919159412384
v 0.0700591504573822 -0.14655770361423492 0.0375252291560173
v 0.07614512741565704 -0.1462196260690689 0.021567460149526596
v 0.0700591504573822 -0.14655770361423492 0.0375252291560173
v 0.07648324221372604 -0.14949679374694824 0.02249106951057911
v 0.07768353074789047 -0.14949679374694824 0.017385609447956085
v 0.07648324221372604 -0.14949679374694824 0.02249106951057911
v 0.07798782736063004 -0.155217245221138 0.017385609447956085
v 0.07798782736063004 -0.155217245221138 0.017385609447956085
v 0.07648324221372604 -0.14949679374694824 0.02249106951057911
v 0.07658466696739197 -0.155217245221138 0.02274760976433754
v 0.07798782736063004 -0.155217245221138 0.017385609447956085
v 0.07658466696739197 -0.155217245221138 0.02274760976433754
v 0.07802163809537888 -0.1666535884141922 0.017385609447956085
v 0.07533366978168488 -0.1735731065273285 -0.024561269208788872
v 0.07573939114809036 -0.16975949704647064 -0.025587480515241623
v 0.0761958509683609 -0.17194578051567078 -0.022662749513983727
v 0.07573939114809036 -0.16975949704647064 -0.025587480515241623
v 0.07579010725021362 -0.1666535884141922 -0.025715770199894905
v 0.07660157978534698 -0.1666535884141922 -0.022662749513983727
v 0.07573939114809036 -0.16975949704647064 -0.025587480515241623
v 0.07019440084695816 -0.17237402498722076 -0.03736339882016182
v 0.07213853299617767 -0.1666535884141922 -0.034079499542713165
v 0.07573939114809036 -0.16975949704647064 -0.025587480515241623
v 0.07213853299617767 -0.1666535884141922 -0.034079499542713165
v 0.0745898187160492 -0.1666535884141922 -0.028563540428876877
v 0.07573939114809036 -0.16975949704647064 -0.025587480515241623
v 0.0745898187160492 -0.1666535884141922 -0.028563540428876877
v 0.07579010725021362 -0.1666535884141922 -0.025715770199894905
v 0.07660157978534698 -0.1666535884141922 -0.022662749513983727
v 0.07579010725021362 -0.1666535884141922 -0.025715770199894905
v 0.07582393288612366 -0.16093766689300537 -0.025792749598622322
v 0.07582393288612366 -0.16093766689300537 -0.025792749598622322
v 0.07582393288612366 -0.155217245221138 -0.025792749598622322
v 0.07661847770214081 -0.155217245221138 -0.022662749513983727
v 0.07582393288612366 -0.16093766689300537 -0.025792749598622322
v 0.07661847770214081 -0.155217245221138 -0.022662749513983727
v 0.07661847770214081 -0.16093766689300537 -0.022662749513983727
v 0.07000842690467834 -0.17525002360343933 -0.03700422868132591
v 0.06691472977399826 -0.17599831521511078 -0.039261918514966965
v 0.06486915796995163 -0.17562417685985565 -0.04367467015981674
v 0.07000842690467834 -0.17525002360343933 -0.03700422868132591
v 0.06486915796995163 -0.17562417685985565 -0.04367467015981674
v 0.058208391070365906 -0.1743168979883194 -0.053731661289930344
v 0.07000842690467834 -0.17525002360343933 -0.03700422868132591
v 0.058208391070365906 -0.1743168979883194 -0.053731661289930344
v 0.06355053186416626 -0.17237402498722076 -0.04749736934900284
v 0.07000842690467834 -0.17525002360343933 -0.03700422868132591
v 0.06355053186416626 -0.17237402498722076 -0.04749736934900284
v 0.06559610366821289 -0.17237402498722076 -0.04462394118309021
v 0.07000842690467834 -0.17525002360343933 -0.03700422868132591
v 0.06559610366821289 -0.17237402498722076 -0.04462394118309021
v 0.0684531182050705 -0.17237402498722076 -0.04021117091178894
v 0.07000842690467834 -0.17525002360343933 -0.03700422868132591
v 0.0684531182050705 -0.17237402498722076 -0.04021117091178894
v 0.07019440084695816 -0.17237402498722076 -0.03736339882016182
v 0.07000842690467834 -0.17525002360343933 -0.03700422868132591
v 0.07019440084695816 -0.17237402498722076 -0.03736339882016182
v 0.07573939114809036 -0.16975949704647064 -0.025587480515241623
v 0.07000842690467834 -0.17525002360343933 -0.03700422868132591
v 0.07573939114809036 -0.16975949704647064 -0.025587480515241623
v 0.07533366978168488 -0.1735731065273285 -0.024561269208788872
v 0.06713449954986572 -0.17920789122581482 -0.022662749513983727
v 0.06233334168791771 -0.18026722967624664 -0.02835828997194767
v 0.06713449954986572 -0.1783829629421234 -0.02835828997194767
v 0.06713449954986572 -0.17920789122581482 -0.022662749513983727
v 0.06713449954986572 -0.1783829629421234 -0.02835828997194767
v 0.07318665832281113 -0.1764896810054779 -0.022662749513983727
v 0.07318665832281113 -0.1764896810054779 -0.022662749513983727
v 0.06713449954986572 -0.1783829629421234 -0.02835828997194767
v 0.0716482624411583 -0.1762101948261261 -0.02835828997194767
v 0.0716482624411583 -0.1762101948261261 -0.02835828997194767
v 0.06713449954986572 -0.1783829629421234 -0.02835828997194767
v 0.07051560282707214 -0.17561064660549164 -0.034079499542713165
v 0.07051560282707214 -0.17561064660549164 -0.034079499542713165
v 0.06713449954986572 -0.17722445726394653 -0.034079499542713165
v 0.07000842690467834 -0.17525002360343933 -0.03700422868132591
v 0.07051560282707214 -0.17561064660549164 -0.034079499542713165
v 0.06713449954986572 -0.1783829629421234 -0.02835828997194767
v 0.06713449954986572 -0.17722445726394653 -0.034079499542713165
v 0.07000842690467834 -0.17525002360343933 -0.03700422868132591
v 0.06713449954986572 -0.17722445726394653 -0.034079499542713165
v 0.061403539031744 -0.17822067439556122 -0.03980066999793053
v 0.07000842690467834 -0.17525002360343933 -0.03700422868132591
v 0.061403539031744 -0.17822067439556122 -0.03980066999793053
v 0.06691472977399826 -0.17599831521511078 -0.039261918514966965
v 0.06713449954986572 -0.17965416610240936 0.017385609447956085
v 0.06422674655914307 -0.18093889951705933 0.01435824017971754
v 0.06676256656646729 -0.18022215366363525 0.012151859700679779
v 0.06713449954986572 -0.17965416610240936 0.017385609447956085
v 0.06713449954986572 -0.1790095567703247 0.023106800392270088
v 0.06287430971860886 -0.18050163984298706 0.023106800392270088
v 0.06713449954986572 -0.17965416610240936 0.017385609447956085
v 0.06287430971860886 -0.18050163984298706 0.023106800392270088
v 0.06380411982536316 -0.18079915642738342 0.017385609447956085
v 0.06676256656646729 -0.18022215366363525 0.012151859700679779
v 0.06422674655914307 -0.18093889951705933 0.01435824017971754
v 0.06459867209196091 -0.1810651272535324 0.010561220347881317
v 0.06666114181280136 -0.18000127375125885 -0.016813280060887337
v 0.06444653123617172 -0.18101553618907928 -0.014812150038778782
v 0.06399007886648178 -0.18084874749183655 -0.018634840846061707
v 0.06666114181280136 -0.18000127375125885 -0.016813280060887337
v 0.06399007886648178 -0.18084874749183655 -0.018634840846061707
v 0.06343218684196472 -0.18065039813518524 -0.022662749513983727
v 0.06666114181280136 -0.18000127375125885 -0.016813280060887337
v 0.06343218684196472 -0.18065039813518524 -0.022662749513983727
v 0.06713449954986572 -0.17920789122581482 -0.022662749513983727
v 0.06713449954986572 -0.17920789122581482 -0.022662749513983727
v 0.06343218684196472 -0.18065039813518524 -0.022662749513983727
v 0.06233334168791771 -0.18026722967624664 -0.02835828997194767
v 0.07284855842590332 -0.14486275613307953 -0.011220360174775124
v 0.00039159000152722 -0.14307765662670135 0.11356837302446365
v 0.0005944499862380326 -0.14307765662670135 0.11913564056158066
v 0.07284855842590332 -0.14486275613307953 -0.011220360174775124
v 0.0005944499862380326 -0.14307765662670135 0.11913564056158066
v 0.07284855842590332 -0.144858255982399 -0.005499179940670729
v 0.07284855842590332 -0.144858255982399 -0.005499179940670729
v 0.0005944499862380326 -0.14307765662670135 0.11913564056158066
v 0.07284855842590332 -0.144858255982399 0.005943220108747482
v 0.07284855842590332 -0.144858255982399 0.005943220108747482
v 0.0005944499862380326 -0.14307765662670135 0.11913564056158066
v 0.0003239699872210622 -0.14307765662670135 0.1251390427350998
v 0.07284855842590332 -0.144858255982399 0.005943220108747482
v 0.0003239699872210622 -0.14307765662670135 0.1251390427350998
v 0.07284855842590332 -0.14486727118492126 0.011664420366287231
v 0.07284855842590332 -0.14486727118492126 0.011664420366287231
v 0.0003239699872210622 -0.14307765662670135 0.1251390427350998
v -0.000757989997509867 -0.14307765662670135 0.13186079263687134
v 0.07284855842590332 -0.14486727118492126 0.011664420366287231
v -0.000757989997509867 -0.14307765662670135 0.13186079263687134
v -0.007672340143471956 -0.14307765662670135 0.1546429544687271
v 0.07284855842590332 -0.14486727118492126 0.011664420366287231
v -0.007672340143471956 -0.14307765662670135 0.1546429544687271
v 0.06713449954986572 -0.144858255982399 0.028828000649809837
v 0.0701436772942543 -0.14647656679153442 -0.03726077079772949
v 0.06706687808036804 -0.14584095776081085 -0.03941585123538971
v 0.0707353726029396 -0.14607085287570953 -0.034079499542713165
v 0.0707353726029396 -0.14607085287570953 -0.034079499542713165
v 0.06706687808036804 -0.14584095776081085 -0.03941585123538971
v 0.06713449954986572 -0.14517830312252045 -0.034079499542713165
v 0.0707353726029396 -0.14607085287570953 -0.034079499542713165
v 0.06713449954986572 -0.14517830312252045 -0.034079499542713165
v 0.0719863772392273 -0.14574629068374634 -0.02835828997194767
v 0.0719863772392273 -0.14574629068374634 -0.02835828997194767
v 0.06713449954986572 -0.14517830312252045 -0.034079499542713165
v 0.07284855842590332 -0.14502054452896118 -0.01694156974554062
v 0.07284855842590332 -0.14502054452896118 -0.01694156974554062
v 0.06713449954986572 -0.14517830312252045 -0.034079499542713165
v 0.06713449954986572 -0.144858255982399 -0.02835828997194767
v 0.07284855842590332 -0.14502054452896118 -0.01694156974554062
v 0.06713449954986572 -0.144858255982399 -0.02835828997194767
v 0.07284855842590332 -0.14486275613307953 -0.011220360174775124
v 0.07284855842590332 -0.14486275613307953 -0.011220360174775124
v 0.06713449954986572 -0.144858255982399 -0.02835828997194767
v -0.0004367800138425082 -0.14307765662670135 0.10166419297456741
v 0.07284855842590332 -0.14486275613307953 -0.011220360174775124
v -0.0004367800138425082 -0.14307765662670135 0.10166419297456741
v 0.00039159000152722 -0.14307765662670135 0.11356837302446365
v 0.07579010725021362 -0.15097086131572723 -0.0256901104003191
v 0.07213853299617767 -0.155217245221138 -0.034079499542713165
v 0.0703127384185791 -0.14949679374694824 -0.037568651139736176
v 0.07579010725021362 -0.15097086131572723 -0.0256901104003191
v 0.0703127384185791 -0.14949679374694824 -0.037568651139736176
v 0.07562106102705002 -0.14715725183486938 -0.025382250547409058
v 0.07562106102705002 -0.14715725183486938 -0.025382250547409058
v 0.0703127384185791 -0.14949679374694824 -0.037568651139736176
v 0.0701436772942543 -0.14647656679153442 -0.03726077079772949
v 0.0701436772942543 -0.14647656679153442 -0.03726077079772949
v 0.0703127384185791 -0.14949679374694824 -0.037568651139736176
v 0.06857147067785263 -0.14949679374694824 -0.040442079305648804
v 0.0701436772942543 -0.14647656679153442 -0.03726077079772949
v 0.06857147067785263 -0.14949679374694824 -0.040442079305648804
v 0.06571444123983383 -0.14949679374694824 -0.04475221037864685
v 0.0701436772942543 -0.14647656679153442 -0.03726077079772949
v 0.06571444123983383 -0.14949679374694824 -0.04475221037864685
v 0.05847888067364693 -0.14710314571857452 -0.05403954163193703
v 0.0701436772942543 -0.14647656679153442 -0.03726077079772949
v 0.05847888067364693 -0.14710314571857452 -0.05403954163193703
v 0.06510584056377411 -0.146066352725029 -0.043931230902671814
v 0.0701436772942543 -0.14647656679153442 -0.03726077079772949
v 0.06510584056377411 -0.146066352725029 -0.043931230902671814
v 0.06706687808036804 -0.14584095776081085 -0.03941585123538971
v 0.07582393288612366 -0.16093766689300537 -0.025792749598622322
v 0.07579010725021362 -0.1666535884141922 -0.025715770199894905
v 0.0745898187160492 -0.1666535884141922 -0.028563540428876877
v 0.07582393288612366 -0.16093766689300537 -0.025792749598622322
v 0.0745898187160492 -0.1666535884141922 -0.028563540428876877
v 0.07457292079925537 -0.16093766689300537 -0.028640499338507652
v 0.07582393288612366 -0.16093766689300537 -0.025792749598622322
v 0.07457292079925537 -0.16093766689300537 -0.028640499338507652
v 0.07457292079925537 -0.155217245221138 -0.028640499338507652
v 0.07582393288612366 -0.16093766689300537 -0.025792749598622322
v 0.07457292079925537 -0.155217245221138 -0.028640499338507652
v 0.07582393288612366 -0.155217245221138 -0.025792749598622322
v 0.07661847770214081 -0.155217245221138 -0.022662749513983727
v 0.07582393288612366 -0.155217245221138 -0.025792749598622322
v 0.07579010725021362 -0.15097086131572723 -0.0256901104003191
v 0.07579010725021362 -0.15097086131572723 -0.0256901104003191
v 0.07562106102705002 -0.14715725183486938 -0.025382250547409058
v 0.07629728317260742 -0.14923985302448273 -0.023150209337472916
v 0.07579010725021362 -0.15097086131572723 -0.0256901104003191
v 0.07582393288612366 -0.155217245221138 -0.025792749598622322
v 0.07457292079925537 -0.155217245221138 -0.028640499338507652
v 0.07579010725021362 -0.15097086131572723 -0.0256901104003191
v 0.07457292079925537 -0.155217245221138 -0.028640499338507652
v 0.07213853299617767 -0.155217245221138 -0.034079499542713165
v 0.06990700215101242 -0.17490291595458984 0.03724301978945732
v 0.07389669865369797 -0.17237402498722076 0.028828000649809837
v 0.07119181752204895 -0.17274817824363708 0.03503664955496788
v 0.06990700215101242 -0.17490291595458984 0.03724301978945732
v 0.07119181752204895 -0.17274817824363708 0.03503664955496788
v 0.07017748802900314 -0.171089306473732 0.037781789898872375
v 0.06990700215101242 -0.17490291595458984 0.03724301978945732
v 0.07017748802900314 -0.171089306473732 0.037781789898872375
v 0.06862218677997589 -0.17274817824363708 0.03991121053695679
v 0.06990700215101242 -0.17490291595458984 0.03724301978945732
v 0.06862218677997589 -0.17274817824363708 0.03991121053695679
v 0.06549467146396637 -0.17237402498722076 0.04499100148677826
v 0.06990700215101242 -0.17490291595458984 0.03724301978945732
v 0.06549467146396637 -0.17237402498722076 0.04499100148677826
v 0.05842816084623337 -0.17486685514450073 0.05438094958662987
v 0.06990700215101242 -0.17490291595458984 0.03724301978945732
v 0.05842816084623337 -0.17486685514450073 0.05438094958662987
v 0.06481844186782837 -0.17561064660549164 0.044041749089956284
v 0.07065083831548691 -0.17569629848003387 0.03344599902629852
v 0.06605254858732224 -0.1761515885591507 0.040270380675792694
v 0.06764166057109833 -0.1767691671848297 0.03503664955496788
v 0.07065083831548691 -0.17569629848003387 0.03344599902629852
v 0.06764166057109833 -0.1767691671848297 0.03503664955496788
v 0.06713449954986572 -0.17822518944740295 0.028828000649809837
v 0.07658466696739197 -0.155217245221138 0.02274760976433754
v 0.07563795894384384 -0.1666535884141922 0.02577497996389866
v 0.07655086368322372 -0.1666535884141922 0.022927209734916687
v 0.07655086368322372 -0.1666535884141922 0.022927209734916687
v 0.07563795894384384 -0.1666535884141922 0.02577497996389866
v 0.07538437843322754 -0.17237402498722076 0.025236209854483604
v 0.07655086368322372 -0.1666535884141922 0.022927209734916687
v 0.07538437843322754 -0.17237402498722076 0.025236209854483604
v 0.0762803703546524 -0.17237402498722076 0.022362779825925827
v 0.07538437843322754 -0.17237402498722076 0.025236209854483604
v 0.07563795894384384 -0.1666535884141922 0.02577497996389866
v 0.07448838651180267 -0.1666535884141922 0.028828000649809837
v 0.07538437843322754 -0.17237402498722076 0.025236209854483604
v 0.07448838651180267 -0.1666535884141922 0.028828000649809837
v 0.07389669865369797 -0.17237402498722076 0.028828000649809837
v 0.07538437843322754 -0.17237402498722076 0.025236209854483604
v 0.07389669865369797 -0.17237402498722076 0.028828000649809837
v 0.06990700215101242 -0.17490291595458984 0.03724301978945732
v 0.06990700215101242 -0.17490291595458984 0.03724301978945732
v 0.06481844186782837 -0.17561064660549164 0.044041749089956284
v 0.06605254858732224 -0.1761515885591507 0.040270380675792694
v 0.06990700215101242 -0.17490291595458984 0.03724301978945732
v 0.06605254858732224 -0.1761515885591507 0.040270380675792694
v 0.07065083831548691 -0.17569629848003387 0.03344599902629852
v 0.07066775113344193 -0.14613397419452667 0.03454919159412384
v 0.06699925661087036 -0.14589956402778625 0.039782918989658356
v 0.06500440835952759 -0.1460798680782318 0.044400930404663086
v 0.07066775113344193 -0.14613397419452667 0.03454919159412384
v 0.06500440835952759 -0.1460798680782318 0.044400930404663086
v 0.0700591504573822 -0.14655770361423492 0.0375252291560173
v 0.0700591504573822 -0.14655770361423492 0.0375252291560173
v 0.06554538011550903 -0.14949679374694824 0.04524755850434303
v 0.07019440084695816 -0.14949679374694824 0.03775613009929657
v 0.0700591504573822 -0.14655770361423492 0.0375252291560173
v 0.07019440084695816 -0.14949679374694824 0.03775613009929657
v 0.07166516780853271 -0.14949679374694824 0.03454919159412384
v 0.0700591504573822 -0.14655770361423492 0.0375252291560173
v 0.06500440835952759 -0.1460798680782318 0.044400930404663086
v -0.009312169626355171 -0.14307765662670135 0.15903006494045258
v 0.0700591504573822 -0.14655770361423492 0.0375252291560173
v -0.009312169626355171 -0.14307765662670135 0.15903006494045258
v -0.011154869571328163 -0.14307765662670135 0.1619291454553604
v 0.0700591504573822 -0.14655770361423492 0.0375252291560173
v -0.011154869571328163 -0.14307765662670135 0.1619291454553604
v 0.06554538011550903 -0.14949679374694824 0.04524755850434303
v 0.07658466696739197 -0.155217245221138 0.02274760976433754
v 0.07442077249288559 -0.155217245221138 0.028828000649809837
v 0.07563795894384384 -0.1666535884141922 0.02577497996389866
v 0.07284855842590332 -0.14486727118492126 0.011664420366287231
v 0.06713449954986572 -0.144858255982399 0.028828000649809837
v 0.07284855842590332 -0.1449979990720749 0.017385609447956085
v 0.07284855842590332 -0.1449979990720749 0.017385609447956085
v 0.06713449954986572 -0.144858255982399 0.028828000649809837
v 0.06713449954986572 -0.14524142444133759 0.03454919159412384
v 0.07284855842590332 -0.1449979990720749 0.017385609447956085
v 0.06713449954986572 -0.14524142444133759 0.03454919159412384
v 0.07171589136123657 -0.14574629068374634 0.028828000649809837
v 0.07171589136123657 -0.14574629068374634 0.028828000649809837
v 0.06713449954986572 -0.14524142444133759 0.03454919159412384
v 0.07066775113344193 -0.14613397419452667 0.03454919159412384
v 0.07648324221372604 -0.14949679374694824 0.02249106951057911
v 0.0700591504573822 -0.14655770361423492 0.0375252291560173
v 0.07166516780853271 -0.14949679374694824 0.03454919159412384
v 0.07648324221372604 -0.14949679374694824 0.02249106951057911
v 0.07166516780853271 -0.14949679374694824 0.03454919159412384
v 0.07442077249288559 -0.155217245221138 0.028828000649809837
v 0.07648324221372604 -0.14949679374694824 0.02249106951057911
v 0.07442077249288559 -0.155217245221138 0.028828000649809837
v 0.07658466696739197 -0.155217245221138 0.02274760976433754
v 0.07066775113344193 -0.14613397419452667 0.03454919159412384
v 0.06713449954986572 -0.14524142444133759 0.03454919159412384
v 0.06699925661087036 -0.14589956402778625 0.039782918989658356
v 0.06399007886648178 -0.18084874749183655 -0.018634840846061707
v 0.0605582594871521 -0.18166014552116394 -0.022662749513983727
v 0.06343218684196472 -0.18065039813518524 -0.022662749513983727
v 0.06399007886648178 -0.18084874749183655 -0.018634840846061707
v 0.06180926039814949 -0.18178637325763702 -0.016813280060887337
v 0.0605582594871521 -0.18166014552116394 -0.022662749513983727
v 0.06343218684196472 -0.18065039813518524 -0.022662749513983727
v 0.0605582594871521 -0.18166014552116394 -0.022662749513983727
v 0.06233334168791771 -0.18026722967624664 -0.02835828997194767
v 0.06233334168791771 -0.18026722967624664 -0.02835828997194767
v 0.05947630852460861 -0.18126797676086426 -0.02835828997194767
v 0.05873246118426323 -0.18101102113723755 -0.03156523033976555
v 0.06233334168791771 -0.18026722967624664 -0.02835828997194767
v 0.05873246118426323 -0.18101102113723755 -0.03156523033976555
v 0.060947079211473465 -0.17977136373519897 -0.033720310777425766
v 0.06233334168791771 -0.18026722967624664 -0.02835828997194767
v 0.060947079211473465 -0.17977136373519897 -0.033720310777425766
v 0.06713449954986572 -0.1783829629421234 -0.02835828997194767
v 0.06233334168791771 -0.18026722967624664 -0.02835828997194767
v 0.0605582594871521 -0.18166014552116394 -0.022662749513983727
v 0.05947630852460861 -0.18126797676086426 -0.02835828997194767
v 0.06713449954986572 -0.1783829629421234 -0.02835828997194767
v 0.060947079211473465 -0.17977136373519897 -0.033720310777425766
v 0.06713449954986572 -0.17722445726394653 -0.034079499542713165
v 0.06713449954986572 -0.17822518944740295 0.028828000649809837
v 0.06121757999062538 -0.18026722967624664 0.02911021001636982
v 0.06713449954986572 -0.1790095567703247 0.023106800392270088
v 0.06713449954986572 -0.1790095567703247 0.023106800392270088
v 0.06121757999062538 -0.18026722967624664 0.02911021001636982
v 0.06287430971860886 -0.18050163984298706 0.023106800392270088
v 0.06380411982536316 -0.18079915642738342 0.017385609447956085
v 0.060947079211473465 -0.18169622123241425 0.017385609447956085
v 0.06422674655914307 -0.18093889951705933 0.01435824017971754
v 0.06380411982536316 -0.18079915642738342 0.017385609447956085
v 0.06287430971860886 -0.18050163984298706 0.023106800392270088
v 0.06001728028059006 -0.1814122200012207 0.023106800392270088
v 0.06380411982536316 -0.18079915642738342 0.017385609447956085
v 0.06001728028059006 -0.1814122200012207 0.023106800392270088
v 0.060947079211473465 -0.18169622123241425 0.017385609447956085
v 0.06422674655914307 -0.18093889951705933 0.01435824017971754
v 0.060947079211473465 -0.18169622123241425 0.017385609447956085
v 0.06196140870451927 -0.1817818582057953 0.012151859700679779
v 0.06287430971860886 -0.18050163984298706 0.023106800392270088
v 0.05917200818657875 -0.1811462640762329 0.02739129029214382
v 0.06001728028059006 -0.1814122200012207 0.023106800392270088
v 0.06287430971860886 -0.18050163984298706 0.023106800392270088
v 0.06121757999062538 -0.18026722967624664 0.02911021001636982
v 0.05917200818657875 -0.1811462640762329 0.02739129029214382
v 0.06444653123617172 -0.18101553618907928 -0.014812150038778782
v 0.06180926039814949 -0.18178637325763702 -0.016813280060887337
v 0.06399007886648178 -0.18084874749183655 -0.018634840846061707
v 0.06444653123617172 -0.18101553618907928 -0.014812150038778782
v 0.061403539031744 -0.18230025470256805 -0.011220360174775124
v 0.06180926039814949 -0.18178637325763702 -0.016813280060887337
v 0.06459867209196091 -0.1810651272535324 0.010561220347881317
v 0.061403539031744 -0.18227322399616241 0.005943220108747482
v 0.06490296870470047 -0.181168794631958 0.005943220108747482
v 0.06459867209196091 -0.1810651272535324 0.010561220347881317
v 0.06422674655914307 -0.18093889951705933 0.01435824017971754
v 0.06196140870451927 -0.1817818582057953 0.012151859700679779
v 0.06459867209196091 -0.1810651272535324 0.010561220347881317
v 0.06196140870451927 -0.1817818582057953 0.012151859700679779
v 0.061403539031744 -0.18227322399616241 0.005943220108747482
v 0.06490296870470047 -0.181168794631958 0.005943220108747482
v 0.061403539031744 -0.18227322399616241 0.005943220108747482
v 0.061403539031744 -0.1824219822883606 0.00022202999389264733
v 0.06713449954986572 -0.17822518944740295 0.028828000649809837
v 0.06764166057109833 -0.1767691671848297 0.03503664955496788
v 0.061403539031744 -0.1793341189622879 0.03454919159412384
v 0.06713449954986572 -0.17822518944740295 0.028828000649809837
v 0.061403539031744 -0.1793341189622879 0.03454919159412384
v 0.06121757999062538 -0.18026722967624664 0.02911021001636982
v 0.07065083831548691 -0.17569629848003387 0.03344599902629852
v 0.06713449954986572 -0.17822518944740295 0.028828000649809837
v 0.07159754633903503 -0.17616510391235352 0.028828000649809837
v 0.07159754633903503 -0.17616510391235352 0.028828000649809837
v 0.06713449954986572 -0.17822518944740295 0.028828000649809837
v 0.0731697604060173 -0.17644910514354706 0.02308114990592003
v 0.06508892774581909 -0.18123191595077515 0.00022202999389264733
v 0.061403539031744 -0.1824219822883606 0.00022202999389264733
v 0.061403539031744 -0.18245352804660797 -0.005499179940670729
v 0.06508892774581909 -0.18123191595077515 0.00022202999389264733
v 0.061403539031744 -0.18245352804660797 -0.005499179940670729
v 0.06505511701107025 -0.1812274008989334 -0.005499179940670729
v 0.06508892774581909 -0.18123191595077515 0.00022202999389264733
v 0.06490296870470047 -0.181168794631958 0.005943220108747482
v 0.061403539031744 -0.1824219822883606 0.00022202999389264733
v 0.06505511701107025 -0.1812274008989334 -0.005499179940670729
v 0.061403539031744 -0.18245352804660797 -0.005499179940670729
v 0.061403539031744 -0.18230025470256805 -0.011220360174775124
v 0.06505511701107025 -0.1812274008989334 -0.005499179940670729
v 0.061403539031744 -0.18230025470256805 -0.011220360174775124
v 0.0647677332162857 -0.18112823367118835 -0.011220360174775124
v 0.0647677332162857 -0.18112823367118835 -0.011220360174775124
v 0.061403539031744 -0.18230025470256805 -0.011220360174775124
v 0.06444653123617172 -0.18101553618907928 -0.014812150038778782
v 0.07213853299617767 -0.1666535884141922 -0.034079499542713165
v 0.07213853299617767 -0.155217245221138 -0.034079499542713165
v 0.07457292079925537 -0.155217245221138 -0.028640499338507652
v 0.07213853299617767 -0.1666535884141922 -0.034079499542713165
v 0.07457292079925537 -0.155217245221138 -0.028640499338507652
v 0.07457292079925537 -0.16093766689300537 -0.028640499338507652
v 0.07213853299617767 -0.1666535884141922 -0.034079499542713165
v 0.07457292079925537 -0.16093766689300537 -0.028640499338507652
v 0.0745898187160492 -0.1666535884141922 -0.028563540428876877
v 0.07213853299617767 -0.1666535884141922 -0.034079499542713165
v 0.07038035988807678 -0.1666535884141922 -0.03772258013486862
v 0.07041417062282562 -0.16093766689300537 -0.03774825111031532
v 0.07213853299617767 -0.1666535884141922 -0.034079499542713165
v 0.07041417062282562 -0.16093766689300537 -0.03774825111031532
v 0.07041417062282562 -0.155217245221138 -0.03774825111031532
v 0.07213853299617767 -0.1666535884141922 -0.034079499542713165
v 0.07041417062282562 -0.155217245221138 -0.03774825111031532
v 0.07213853299617767 -0.155217245221138 -0.034079499542713165
v 0.07213853299617767 -0.155217245221138 -0.034079499542713165
v 0.07041417062282562 -0.155217245221138 -0.03774825111031532
v 0.0703127384185791 -0.14949679374694824 -0.037568651139736176
v 0.0703127384185791 -0.14949679374694824 -0.037568651139736176
v 0.07041417062282562 -0.155217245221138 -0.03774825111031532
v 0.06877432763576508 -0.155217245221138 -0.040621671825647354
v 0.06355053186416626 -0.17237402498722076 -0.04749736934900284
v 0.05871555954217911 -0.17050327360630035 -0.05429608002305031
v 0.06390555202960968 -0.1666535884141922 -0.047882191836833954
v 0.06355053186416626 -0.17237402498722076 -0.04749736934900284
v 0.06390555202960968 -0.1666535884141922 -0.047882191836833954
v 0.06596802175045013 -0.1666535884141922 -0.04503441974520683
v 0.06355053186416626 -0.17237402498722076 -0.04749736934900284
v 0.06596802175045013 -0.1666535884141922 -0.04503441974520683
v 0.06559610366821289 -0.17237402498722076 -0.04462394118309021
v 0.06559610366821289 -0.17237402498722076 -0.04462394118309021
v 0.06596802175045013 -0.1666535884141922 -0.04503441974520683
v 0.0684531182050705 -0.17237402498722076 -0.04021117091178894
v 0.0684531182050705 -0.17237402498722076 -0.04021117091178894
v 0.06596802175045013 -0.1666535884141922 -0.04503441974520683
v 0.06882505118846893 -0.1666535884141922 -0.04059600085020065
v 0.0684531182050705 -0.17237402498722076 -0.04021117091178894
v 0.06882505118846893 -0.1666535884141922 -0.04059600085020065
v 0.07019440084695816 -0.17237402498722076 -0.03736339882016182
v 0.07019440084695816 -0.17237402498722076 -0.03736339882016182
v 0.06882505118846893 -0.1666535884141922 -0.04059600085020065
v 0.07038035988807678 -0.1666535884141922 -0.03772258013486862
v 0.07019440084695816 -0.17237402498722076 -0.03736339882016182
v 0.07038035988807678 -0.1666535884141922 -0.03772258013486862
v 0.07213853299617767 -0.1666535884141922 -0.034079499542713165
v 0.06486915796995163 -0.17562417685985565 -0.04367467015981674
v 0.059729889035224915 -0.17580899596214294 -0.049934640526771545
v 0.058208391070365906 -0.1743168979883194 -0.053731661289930344
v 0.058208391070365906 -0.1743168979883194 -0.053731661289930344
v 0.05438774824142456 -0.1758630871772766 -0.05560452118515968
v 0.04855535924434662 -0.17577743530273438 -0.06088956072926521
v 0.058208391070365906 -0.1743168979883194 -0.053731661289930344
v 0.04855535924434662 -0.17577743530273438 -0.06088956072926521
v 0.052375998347997665 -0.17341983318328857 -0.05942720174789429
v 0.058208391070365906 -0.1743168979883194 -0.053731661289930344
v 0.052375998347997665 -0.17341983318328857 -0.05942720174789429
v 0.05871555954217911 -0.17050327360630035 -0.05429608002305031
v 0.058208391070365906 -0.1743168979883194 -0.053731661289930344
v 0.05871555954217911 -0.17050327360630035 -0.05429608002305031
v 0.06037230044603348 -0.17239657044410706 -0.05160225182771683
v 0.058208391070365906 -0.1743168979883194 -0.053731661289930344
v 0.06037230044603348 -0.17239657044410706 -0.05160225182771683
v 0.06355053186416626 -0.17237402498722076 -0.04749736934900284
v 0.058208391070365906 -0.1743168979883194 -0.053731661289930344
v 0.059729889035224915 -0.17580899596214294 -0.049934640526771545
v 0.05438774824142456 -0.1758630871772766 -0.05560452118515968
v 0.06355053186416626 -0.17237402498722076 -0.04749736934900284
v 0.06037230044603348 -0.17239657044410706 -0.05160225182771683
v 0.05871555954217911 -0.17050327360630035 -0.05429608002305031
v 0.06713449954986572 -0.17722445726394653 -0.034079499542713165
v 0.060947079211473465 -0.17977136373519897 -0.033720310777425766
v 0.061403539031744 -0.17822067439556122 -0.03980066999793053
v 0.061403539031744 -0.17822067439556122 -0.03980066999793053
v 0.05570638179779053 -0.18023116886615753 -0.040082890540361404
v 0.055689480155706406 -0.17880219221115112 -0.04552188888192177
v 0.061403539031744 -0.17822067439556122 -0.03980066999793053
v 0.055689480155706406 -0.17880219221115112 -0.04552188888192177
v 0.061538778245449066 -0.17649418115615845 -0.045547518879175186
v 0.061403539031744 -0.17822067439556122 -0.03980066999793053
v 0.061538778245449066 -0.17649418115615845 -0.045547518879175186
v 0.06486915796995163 -0.17562417685985565 -0.04367467015981674
v 0.061403539031744 -0.17822067439556122 -0.03980066999793053
v 0.06486915796995163 -0.17562417685985565 -0.04367467015981674
v 0.06691472977399826 -0.17599831521511078 -0.039261918514966965
v 0.061403539031744 -0.17822067439556122 -0.03980066999793053
v 0.060947079211473465 -0.17977136373519897 -0.033720310777425766
v 0.0576166994869709 -0.1806458830833435 -0.03536226972937584
v 0.061403539031744 -0.17822067439556122 -0.03980066999793053
v 0.0576166994869709 -0.1806458830833435 -0.03536226972937584
v 0.05570638179779053 -0.18023116886615753 -0.040082890540361404
v 0.06486915796995163 -0.17562417685985565 -0.04367467015981674
v 0.061538778245449066 -0.17649418115615845 -0.045547518879175186
v 0.059729889035224915 -0.17580899596214294 -0.049934640526771545
v -0.0004367800138425082 -0.14307765662670135 0.10166419297456741
v -0.01081676036119461 -0.14307765662670135 0.08383356034755707
v -0.01683511957526207 -0.14307765662670135 0.07862547039985657
v -0.0004367800138425082 -0.14307765662670135 0.10166419297456741
v -0.01683511957526207 -0.14307765662670135 0.07862547039985657
v -0.02425662986934185 -0.14307765662670135 0.07452058792114258
v -0.0004367800138425082 -0.14307765662670135 0.10166419297456741
v -0.02425662986934185 -0.14307765662670135 0.07452058792114258
v -0.02902398072183132 -0.14307765662670135 0.07277601212263107
v -0.0004367800138425082 -0.14307765662670135 0.10166419297456741
v -0.02902398072183132 -0.14307765662670135 0.07277601212263107
v -0.038491059094667435 -0.14307765662670135 0.07051832228899002
v -0.0004367800138425082 -0.14307765662670135 0.10166419297456741
v -0.038491059094667435 -0.14307765662670135 0.07051832228899002
v -0.041534051299095154 -0.14307765662670135 0.06995388865470886
v -0.0004367800138425082 -0.14307765662670135 0.10166419297456741
v -0.041534051299095154 -0.14307765662670135 0.06995388865470886
v -0.043258409947156906 -0.14307765662670135 0.06990257650613785
v -0.0004367800138425082 -0.14307765662670135 0.10166419297456741
v -0.043258409947156906 -0.14307765662670135 0.06990257650613785
v -0.04724811017513275 -0.14307765662670135 0.06982561200857162
v -0.0004367800138425082 -0.14307765662670135 0.10166419297456741
v -0.04724811017513275 -0.14307765662670135 0.06982561200857162
v -0.05296216905117035 -0.14307765662670135 0.0707748681306839
v 0.06706687808036804 -0.14584095776081085 -0.03941585123538971
v 0.06160639971494675 -0.1455795168876648 -0.04570145905017853
v 0.06713449954986572 -0.14517830312252045 -0.034079499542713165
v 0.06713449954986572 -0.14517830312252045 -0.034079499542713165
v 0.06160639971494675 -0.1455795168876648 -0.04570145905017853
v 0.061403539031744 -0.144871786236763 -0.03980066999793053
v 0.06713449954986572 -0.14517830312252045 -0.034079499542713165
v 0.061403539031744 -0.144871786236763 -0.03980066999793053
v 0.06713449954986572 -0.144858255982399 -0.02835828997194767
v 0.06713449954986572 -0.144858255982399 -0.02835828997194767
v 0.061403539031744 -0.144871786236763 -0.03980066999793053
v -0.006117030046880245 -0.14307765662670135 0.09042704105377197
v 0.06713449954986572 -0.144858255982399 -0.02835828997194767
v -0.006117030046880245 -0.14307765662670135 0.09042704105377197
v -0.003631920088082552 -0.14307765662670135 0.09489110857248306
v 0.06713449954986572 -0.144858255982399 -0.02835828997194767
v -0.003631920088082552 -0.14307765662670135 0.09489110857248306
v -0.0004367800138425082 -0.14307765662670135 0.10166419297456741
v -0.0004367800138425082 -0.14307765662670135 0.10166419297456741
v -0.003631920088082552 -0.14307765662670135 0.09489110857248306
v -0.006117030046880245 -0.14307765662670135 0.09042704105377197
v -0.0004367800138425082 -0.14307765662670135 0.10166419297456741
v -0.006117030046880245 -0.14307765662670135 0.09042704105377197
v -0.01081676036119461 -0.14307765662670135 0.08383356034755707
v 0.05847888067364693 -0.14710314571857452 -0.05403954163193703
v 0.06360124796628952 -0.14949679374694824 -0.04762563854455948
v 0.05864793062210083 -0.15091677010059357 -0.054219119250774384
v 0.05847888067364693 -0.14710314571857452 -0.05403954163193703
v 0.05864793062210083 -0.15091677010059357 -0.054219119250774384
v 0.05283243954181671 -0.15232321619987488 -0.0598376989364624
v 0.05847888067364693 -0.14710314571857452 -0.05403954163193703
v 0.05283243954181671 -0.15232321619987488 -0.0598376989364624
v 0.052578870207071304 -0.14850959181785583 -0.05958113819360733
v 0.05847888067364693 -0.14710314571857452 -0.05403954163193703
v 0.052578870207071304 -0.14850959181785583 -0.05958113819360733
v 0.04252009093761444 -0.14611594378948212 -0.06622593104839325
v 0.05847888067364693 -0.14710314571857452 -0.05403954163193703
v 0.04252009093761444 -0.14611594378948212 -0.06622593104839325
v 0.04875821992754936 -0.1460438072681427 -0.06104350835084915
v 0.05847888067364693 -0.14710314571857452 -0.05403954163193703
v 0.04875821992754936 -0.1460438072681427 -0.06104350835084915
v 0.05465824156999588 -0.1460438072681427 -0.05575845018029213
v 0.06510584056377411 -0.146066352725029 -0.043931230902671814
v 0.059814419597387314 -0.1460438072681427 -0.05021684989333153
v 0.06160639971494675 -0.1455795168876648 -0.04570145905017853
v 0.06510584056377411 -0.146066352725029 -0.043931230902671814
v 0.06160639971494675 -0.1455795168876648 -0.04570145905017853
v 0.06706687808036804 -0.14584095776081085 -0.03941585123538971
v 0.0703127384185791 -0.14949679374694824 -0.037568651139736176
v 0.06877432763576508 -0.155217245221138 -0.040621671825647354
v 0.06857147067785263 -0.14949679374694824 -0.040442079305648804
v 0.06857147067785263 -0.14949679374694824 -0.040442079305648804
v 0.06877432763576508 -0.155217245221138 -0.040621671825647354
v 0.06591729819774628 -0.155217245221138 -0.04498310014605522
v 0.06857147067785263 -0.14949679374694824 -0.040442079305648804
v 0.06591729819774628 -0.155217245221138 -0.04498310014605522
v 0.06571444123983383 -0.14949679374694824 -0.04475221037864685
v 0.06571444123983383 -0.14949679374694824 -0.04475221037864685
v 0.06591729819774628 -0.155217245221138 -0.04498310014605522
v 0.06387174129486084 -0.155217245221138 -0.047830890864133835
v 0.06571444123983383 -0.14949679374694824 -0.04475221037864685
v 0.06387174129486084 -0.155217245221138 -0.047830890864133835
v 0.06360124796628952 -0.14949679374694824 -0.04762563854455948
v 0.06571444123983383 -0.14949679374694824 -0.04475221037864685
v 0.06360124796628952 -0.14949679374694824 -0.04762563854455948
v 0.05847888067364693 -0.14710314571857452 -0.05403954163193703
v 0.05847888067364693 -0.14710314571857452 -0.05403954163193703
v 0.05465824156999588 -0.1460438072681427 -0.05575845018029213
v 0.059814419597387314 -0.1460438072681427 -0.05021684989333153
v 0.05847888067364693 -0.14710314571857452 -0.05403954163193703
v 0.059814419597387314 -0.1460438072681427 -0.05021684989333153
v 0.06510584056377411 -0.146066352725029 -0.043931230902671814
v -0.0004367800138425082 -0.14307765662670135 0.10166419297456741
v -0.08557288348674774 -0.14307765662670135 0.15554089844226837
v -0.08173532783985138 -0.14307765662670135 0.1615186631679535
v -0.0004367800138425082 -0.14307765662670135 0.10166419297456741
v -0.08173532783985138 -0.14307765662670135 0.1615186631679535
v -0.07657915353775024 -0.14307765662670135 0.1678042709827423
v -0.0004367800138425082 -0.14307765662670135 0.10166419297456741
v -0.07657915353775024 -0.14307765662670135 0.1678042709827423
v -0.07559864223003387 -0.14307765662670135 0.16872787475585938
v -0.0004367800138425082 -0.14307765662670135 0.10166419297456741
v -0.07559864223003387 -0.14307765662670135 0.16872787475585938
v -0.06991838663816452 -0.14307765662670135 0.1736793965101242
v -0.0004367800138425082 -0.14307765662670135 0.10166419297456741
v -0.06991838663816452 -0.14307765662670135 0.1736793965101242
v -0.06643585860729218 -0.14307765662670135 0.17583447694778442
v -0.0004367800138425082 -0.14307765662670135 0.10166419297456741
v -0.06643585860729218 -0.14307765662670135 0.17583447694778442
v -0.06476221233606339 -0.14307765662670135 0.17686069011688232
v -0.0004367800138425082 -0.14307765662670135 0.10166419297456741
v -0.06476221233606339 -0.14307765662670135 0.17686069011688232
v -0.05869312956929207 -0.14307765662670135 0.18011894822120667
v -0.0004367800138425082 -0.14307765662670135 0.10166419297456741
v -0.05869312956929207 -0.14307765662670135 0.18011894822120667
v -0.05297907814383507 -0.14307765662670135 0.18176090717315674
v -0.0004367800138425082 -0.14307765662670135 0.10166419297456741
v -0.09235198050737381 -0.14307765662670135 0.12672969698905945
v -0.09206458926200867 -0.14307765662670135 0.1317581832408905
v -0.0004367800138425082 -0.14307765662670135 0.10166419297456741
v -0.09206458926200867 -0.14307765662670135 0.1317581832408905
v -0.092013880610466 -0.14307765662670135 0.1324508786201477
v -0.0004367800138425082 -0.14307765662670135 0.10166419297456741
v -0.092013880610466 -0.14307765662670135 0.1324508786201477
v -0.09143909066915512 -0.14307765662670135 0.13817207515239716
v -0.0004367800138425082 -0.14307765662670135 0.10166419297456741
v -0.09143909066915512 -0.14307765662670135 0.13817207515239716
v -0.09059380739927292 -0.14307765662670135 0.14327754080295563
v -0.0004367800138425082 -0.14307765662670135 0.10166419297456741
v -0.09059380739927292 -0.14307765662670135 0.14327754080295563
v -0.09052619338035583 -0.14307765662670135 0.1435340940952301
v -0.0004367800138425082 -0.14307765662670135 0.10166419297456741
v -0.09052619338035583 -0.14307765662670135 0.1435340940952301
v -0.08854825049638748 -0.14307765662670135 0.1490757018327713
v -0.0004367800138425082 -0.14307765662670135 0.10166419297456741
v -0.08854825049638748 -0.14307765662670135 0.1490757018327713
v -0.0858771800994873 -0.14307765662670135 0.154976487159729
v -0.0004367800138425082 -0.14307765662670135 0.10166419297456741
v -0.0858771800994873 -0.14307765662670135 0.154976487159729
v -0.08557288348674774 -0.14307765662670135 0.15554089844226837
v -0.0004367800138425082 -0.14307765662670135 0.10166419297456741
v -0.08761844784021378 -0.14307765662670135 0.096096932888031
v -0.09101644903421402 -0.14307765662670135 0.10317786037921906
v -0.0004367800138425082 -0.14307765662670135 0.10166419297456741
v -0.09101644903421402 -0.14307765662670135 0.10317786037921906
v -0.0911685973405838 -0.14307765662670135 0.10376793891191483
v -0.0004367800138425082 -0.14307765662670135 0.10166419297456741
v -0.0911685973405838 -0.14307765662670135 0.10376793891191483
v -0.09225054830312729 -0.14307765662670135 0.1088733971118927
v -0.0004367800138425082 -0.14307765662670135 0.10166419297456741
v -0.09225054830312729 -0.14307765662670135 0.1088733971118927
v -0.09269010275602341 -0.14307765662670135 0.11459460109472275
v -0.0004367800138425082 -0.14307765662670135 0.10166419297456741
v -0.09269010275602341 -0.14307765662670135 0.11459460109472275
v -0.09269010275602341 -0.14307765662670135 0.11528729647397995
v -0.0004367800138425082 -0.14307765662670135 0.10166419297456741
v -0.09269010275602341 -0.14307765662670135 0.11528729647397995
v -0.09267318993806839 -0.14307765662670135 0.1203157901763916
v -0.0004367800138425082 -0.14307765662670135 0.10166419297456741
v -0.09267318993806839 -0.14307765662670135 0.1203157901763916
v -0.09263937920331955 -0.14307765662670135 0.12100850045681
v -0.0004367800138425082 -0.14307765662670135 0.10166419297456741
v -0.09263937920331955 -0.14307765662670135 0.12100850045681
v -0.09235198050737381 -0.14307765662670135 0.12672969698905945
v -0.0004367800138425082 -0.14307765662670135 0.10166419297456741
v -0.05296216905117035 -0.14307765662670135 0.0707748681306839
v -0.05869312956929207 -0.14307765662670135 0.07210896164178848
v -0.0004367800138425082 -0.14307765662670135 0.10166419297456741
v -0.05869312956929207 -0.14307765662670135 0.07210896164178848
v -0.06433957070112228 -0.14307765662670135 0.07393050938844681
v -0.0004367800138425082 -0.14307765662670135 0.10166419297456741
v -0.06433957070112228 -0.14307765662670135 0.07393050938844681
v -0.07012125849723816 -0.14307765662670135 0.07726573199033737
v -0.0004367800138425082 -0.14307765662670135 0.10166419297456741
v -0.07012125849723816 -0.14307765662670135 0.07726573199033737
v -0.07529433816671371 -0.14307765662670135 0.0808318629860878
v -0.0004367800138425082 -0.14307765662670135 0.10166419297456741
v -0.07529433816671371 -0.14307765662670135 0.0808318629860878
v -0.08100838959217072 -0.14307765662670135 0.08655305206775665
v -0.0004367800138425082 -0.14307765662670135 0.10166419297456741
v -0.08100838959217072 -0.14307765662670135 0.08655305206775665
v -0.08105911314487457 -0.14307765662670135 0.08660435676574707
v -0.0004367800138425082 -0.14307765662670135 0.10166419297456741
v -0.08105911314487457 -0.14307765662670135 0.08660435676574707
v -0.08467689156532288 -0.14307765662670135 0.09170982241630554
v -0.0004367800138425082 -0.14307765662670135 0.10166419297456741
v -0.08467689156532288 -0.14307765662670135 0.09170982241630554
v -0.08761844784021378 -0.14307765662670135 0.096096932888031
v 0.06699925661087036 -0.14589956402778625 0.039782918989658356
v -0.009312169626355171 -0.14307765662670135 0.15903006494045258
v 0.06500440835952759 -0.1460798680782318 0.044400930404663086
v 0.06554538011550903 -0.14949679374694824 0.04524755850434303
v 0.0639224573969841 -0.155217245221138 0.04832623153924942
v 0.06571444123983383 -0.155217245221138 0.04545281082391739
v 0.06554538011550903 -0.14949679374694824 0.04524755850434303
v 0.06571444123983383 -0.155217245221138 0.04545281082391739
v 0.07019440084695816 -0.14949679374694824 0.03775613009929657
v 0.06554538011550903 -0.14949679374694824 0.04524755850434303
v -0.011154869571328163 -0.14307765662670135 0.1619291454553604
v 0.0639224573969841 -0.155217245221138 0.04832623153924942
v 0.07019440084695816 -0.14949679374694824 0.03775613009929657
v 0.06571444123983383 -0.155217245221138 0.04545281082391739
v 0.06858838349580765 -0.155217245221138 0.04078349843621254
v 0.07019440084695816 -0.14949679374694824 0.03775613009929657
v 0.06858838349580765 -0.155217245221138 0.04078349843621254
v 0.07029583305120468 -0.155217245221138 0.03791008144617081
v 0.07019440084695816 -0.14949679374694824 0.03775613009929657
v 0.07029583305120468 -0.155217245221138 0.03791008144617081
v 0.0719863772392273 -0.155217245221138 0.03454919159412384
v -0.011154869571328163 -0.14307765662670135 0.1619291454553604
v -0.014552880078554153 -0.14307765662670135 0.16618797183036804
v -0.010123640298843384 -0.17513282597064972 0.1459970325231552
v -0.0004367800138425082 -0.14307765662670135 0.10166419297456741
v 0.0005944499862380326 -0.14307765662670135 0.11913564056158066
v 0.00039159000152722 -0.14307765662670135 0.11356837302446365
v -0.007672340143471956 -0.14307765662670135 0.1546429544687271
v -0.009312169626355171 -0.14307765662670135 0.15903006494045258
v 0.06713449954986572 -0.144858255982399 0.028828000649809837
v 0.06713449954986572 -0.144858255982399 0.028828000649809837
v -0.009312169626355171 -0.14307765662670135 0.15903006494045258
v 0.06713449954986572 -0.14524142444133759 0.03454919159412384
v 0.06713449954986572 -0.14524142444133759 0.03454919159412384
v -0.009312169626355171 -0.14307765662670135 0.15903006494045258
v 0.06699925661087036 -0.14589956402778625 0.039782918989658356
v 0.07166516780853271 -0.14949679374694824 0.03454919159412384
v 0.07019440084695816 -0.14949679374694824 0.03775613009929657
v 0.0719863772392273 -0.155217245221138 0.03454919159412384
v 0.07166516780853271 -0.14949679374694824 0.03454919159412384
v 0.0719863772392273 -0.155217245221138 0.03454919159412384
v 0.07442077249288559 -0.155217245221138 0.028828000649809837
v 0.07442077249288559 -0.155217245221138 0.028828000649809837
v 0.0719863772392273 -0.155217245221138 0.03454919159412384
v 0.07448838651180267 -0.1666535884141922 0.028828000649809837
v 0.07442077249288559 -0.155217245221138 0.028828000649809837
v 0.07448838651180267 -0.1666535884141922 0.028828000649809837
v 0.07563795894384384 -0.1666535884141922 0.02577497996389866
v -0.0004367800138425082 -0.14307765662670135 0.10166419297456741
v -0.01891450025141239 -0.14307765662670135 0.17039547860622406
v -0.01691965013742447 -0.14307765662670135 0.16852262616157532
v -0.0004367800138425082 -0.14307765662670135 0.10166419297456741
v -0.01691965013742447 -0.14307765662670135 0.16852262616157532
v -0.014552880078554153 -0.14307765662670135 0.16618797183036804
v -0.0004367800138425082 -0.14307765662670135 0.10166419297456741
v -0.014552880078554153 -0.14307765662670135 0.16618797183036804
v -0.011154869571328163 -0.14307765662670135 0.1619291454553604
v -0.0004367800138425082 -0.14307765662670135 0.10166419297456741
v -0.011154869571328163 -0.14307765662670135 0.1619291454553604
v -0.009312169626355171 -0.14307765662670135 0.15903006494045258
v -0.0004367800138425082 -0.14307765662670135 0.10166419297456741
v -0.009312169626355171 -0.14307765662670135 0.15903006494045258
v -0.007672340143471956 -0.14307765662670135 0.1546429544687271
v -0.0004367800138425082 -0.14307765662670135 0.10166419297456741
v -0.007672340143471956 -0.14307765662670135 0.1546429544687271
v -0.000757989997509867 -0.14307765662670135 0.13186079263687134
v -0.0004367800138425082 -0.14307765662670135 0.10166419297456741
v -0.000757989997509867 -0.14307765662670135 0.13186079263687134
v 0.0003239699872210622 -0.14307765662670135 0.1251390427350998
v -0.0004367800138425082 -0.14307765662670135 0.10166419297456741
v 0.0003239699872210622 -0.14307765662670135 0.1251390427350998
v 0.0005944499862380326 -0.14307765662670135 0.11913564056158066
v -0.0004367800138425082 -0.14307765662670135 0.10166419297456741
v -0.05297907814383507 -0.14307765662670135 0.18176090717315674
v -0.04724811017513275 -0.14307765662670135 0.18219704926013947
v -0.0004367800138425082 -0.14307765662670135 0.10166419297456741
v -0.04724811017513275 -0.14307765662670135 0.18219704926013947
v -0.041534051299095154 -0.14307765662670135 0.18178656697273254
v -0.0004367800138425082 -0.14307765662670135 0.10166419297456741
v -0.041534051299095154 -0.14307765662670135 0.18178656697273254
v -0.035887621343135834 -0.14307765662670135 0.18065771460533142
v -0.0004367800138425082 -0.14307765662670135 0.10166419297456741
v -0.035887621343135834 -0.14307765662670135 0.18065771460533142
v -0.029767829924821854 -0.14307765662670135 0.17755338549613953
v -0.0004367800138425082 -0.14307765662670135 0.10166419297456741
v -0.029767829924821854 -0.14307765662670135 0.17755338549613953
v -0.02422281913459301 -0.14307765662670135 0.17455169558525085
v -0.0004367800138425082 -0.14307765662670135 0.10166419297456741
v -0.02422281913459301 -0.14307765662670135 0.17455169558525085
v -0.022599900141358376 -0.14307765662670135 0.17339718341827393
v -0.0004367800138425082 -0.14307765662670135 0.10166419297456741
v -0.022599900141358376 -0.14307765662670135 0.17339718341827393
v -0.019573809579014778 -0.14307765662670135 0.17093424499034882
v -0.0004367800138425082 -0.14307765662670135 0.10166419297456741
v -0.019573809579014778 -0.14307765662670135 0.17093424499034882
v -0.01891450025141239 -0.14307765662670135 0.17039547860622406
v 0.06549467146396637 -0.17237402498722076 0.04499100148677826
v 0.06579896062612534 -0.1666535884141922 0.0454784594476223
v 0.0639224573969841 -0.1666535884141922 0.04832623153924942
v 0.06549467146396637 -0.17237402498722076 0.04499100148677826
v 0.06351672112941742 -0.17237402498722076 0.04783876985311508
v 0.05842816084623337 -0.17486685514450073 0.05438094958662987
v 0.05842816084623337 -0.17486685514450073 0.05438094958662987
v 0.041353609412908554 -0.17512379586696625 0.0773683562874794
v 0.05313675105571747 -0.17546188831329346 0.06069222092628479
v 0.05842816084623337 -0.17486685514450073 0.05438094958662987
v 0.06351672112941742 -0.17237402498722076 0.04783876985311508
v 0.058816999197006226 -0.17105324566364288 0.054894059896469116
v 0.06764166057109833 -0.1767691671848297 0.03503664955496788
v 0.061403539031744 -0.178162083029747 0.040270380675792694
v 0.061403539031744 -0.1793341189622879 0.03454919159412384
v 0.061403539031744 -0.1824219822883606 0.00022202999389264733
v 0.055689480155706406 -0.1840583086013794 0.00022202999389264733
v 0.055689480155706406 -0.1841529756784439 -0.005499179940670729
v 0.061403539031744 -0.1824219822883606 0.00022202999389264733
v 0.055689480155706406 -0.1841529756784439 -0.005499179940670729
v 0.061403539031744 -0.18245352804660797 -0.005499179940670729
v 0.061403539031744 -0.1824219822883606 0.00022202999389264733
v 0.061403539031744 -0.18227322399616241 0.005943220108747482
v 0.055689480155706406 -0.1840583086013794 0.00022202999389264733
v 0.06481844186782837 -0.17561064660549164 0.044041749089956284
v 0.05313675105571747 -0.17546188831329346 0.06069222092628479
v 0.05967918038368225 -0.17584505677223206 0.05058392882347107
v 0.06605254858732224 -0.1761515885591507 0.040270380675792694
v 0.06152186915278435 -0.176512211561203 0.04596592113375664
v 0.061403539031744 -0.178162083029747 0.040270380675792694
v 0.06605254858732224 -0.1761515885591507 0.040270380675792694
v 0.061403539031744 -0.178162083029747 0.040270380675792694
v 0.06764166057109833 -0.1767691671848297 0.03503664955496788
v 0.07017748802900314 -0.171089306473732 0.037781789898872375
v 0.07027892023324966 -0.1666535884141922 0.03793573006987572
v 0.06865599751472473 -0.1666535884141922 0.04080915078520775
v 0.07017748802900314 -0.171089306473732 0.037781789898872375
v 0.06865599751472473 -0.1666535884141922 0.04080915078520775
v 0.06579896062612534 -0.1666535884141922 0.0454784594476223
v 0.07017748802900314 -0.171089306473732 0.037781789898872375
v 0.06579896062612534 -0.1666535884141922 0.0454784594476223
v 0.06549467146396637 -0.17237402498722076 0.04499100148677826
v 0.07017748802900314 -0.171089306473732 0.037781789898872375
v 0.06549467146396637 -0.17237402498722076 0.04499100148677826
v 0.06862218677997589 -0.17274817824363708 0.03991121053695679
v 0.07017748802900314 -0.171089306473732 0.037781789898872375
v 0.07200328260660172 -0.1666535884141922 0.03454919159412384
v 0.07027892023324966 -0.1666535884141922 0.03793573006987572
v -0.011154869571328163 -0.14307765662670135 0.1619291454553604
v 0.0639224573969841 -0.1666535884141922 0.04832623153924942
v 0.0639224573969841 -0.155217245221138 0.04832623153924942
v 0.07448838651180267 -0.1666535884141922 0.028828000649809837
v 0.0719863772392273 -0.155217245221138 0.03454919159412384
v 0.07200328260660172 -0.1666535884141922 0.03454919159412384
v 0.07448838651180267 -0.1666535884141922 0.028828000649809837
v 0.07200328260660172 -0.1666535884141922 0.03454919159412384
v 0.07017748802900314 -0.171089306473732 0.037781789898872375
v 0.07448838651180267 -0.1666535884141922 0.028828000649809837
v 0.07017748802900314 -0.171089306473732 0.037781789898872375
v 0.07119181752204895 -0.17274817824363708 0.03503664955496788
v 0.07448838651180267 -0.1666535884141922 0.028828000649809837
v 0.07119181752204895 -0.17274817824363708 0.03503664955496788
v 0.07389669865369797 -0.17237402498722076 0.028828000649809837
v 0.06481844186782837 -0.17561064660549164 0.044041749089956284
v 0.05967918038368225 -0.17584505677223206 0.05058392882347107
v 0.06152186915278435 -0.176512211561203 0.04596592113375664
v 0.06481844186782837 -0.17561064660549164 0.044041749089956284
v 0.06152186915278435 -0.176512211561203 0.04596592113375664
v 0.06605254858732224 -0.1761515885591507 0.040270380675792694
v 0.06481844186782837 -0.17561064660549164 0.044041749089956284
v 0.05842816084623337 -0.17486685514450073 0.05438094958662987
v 0.05313675105571747 -0.17546188831329346 0.06069222092628479
v -0.011154869571328163 -0.14307765662670135 0.1619291454553604
v -0.010123640298843384 -0.17513282597064972 0.1459970325231552
v -0.004832210019230843 -0.17391571402549744 0.1396857649087906
v -0.011154869571328163 -0.14307765662670135 0.1619291454553604
v -0.004832210019230843 -0.17391571402549744 0.1396857649087906
v 0.02422834001481533 -0.17523649334907532 0.10030443966388702
v -0.011154869571328163 -0.14307765662670135 0.1619291454553604
v 0.02422834001481533 -0.17523649334907532 0.10030443966388702
v 0.041353609412908554 -0.17512379586696625 0.0773683562874794
v -0.011154869571328163 -0.14307765662670135 0.1619291454553604
v 0.041353609412908554 -0.17512379586696625 0.0773683562874794
v 0.05842816084623337 -0.17486685514450073 0.05438094958662987
v -0.011154869571328163 -0.14307765662670135 0.1619291454553604
v 0.05842816084623337 -0.17486685514450073 0.05438094958662987
v 0.058816999197006226 -0.17105324566364288 0.054894059896469116
v -0.011154869571328163 -0.14307765662670135 0.1619291454553604
v 0.058816999197006226 -0.17105324566364288 0.054894059896469116
v 0.06351672112941742 -0.17237402498722076 0.04783876985311508
v -0.011154869571328163 -0.14307765662670135 0.1619291454553604
v 0.06351672112941742 -0.17237402498722076 0.04783876985311508
v 0.06549467146396637 -0.17237402498722076 0.04499100148677826
v -0.011154869571328163 -0.14307765662670135 0.1619291454553604
v 0.06549467146396637 -0.17237402498722076 0.04499100148677826
v 0.0639224573969841 -0.1666535884141922 0.04832623153924942
v 0.05873246118426323 -0.18101102113723755 -0.03156523033976555
v 0.05570638179779053 -0.18158802390098572 -0.033720310777425766
v 0.0576166994869709 -0.1806458830833435 -0.03536226972937584
v 0.05873246118426323 -0.18101102113723755 -0.03156523033976555
v 0.0576166994869709 -0.1806458830833435 -0.03536226972937584
v 0.060947079211473465 -0.17977136373519897 -0.033720310777425766
v 0.05873246118426323 -0.18101102113723755 -0.03156523033976555
v 0.055689480155706406 -0.1825256645679474 -0.02835828997194767
v 0.05570638179779053 -0.18158802390098572 -0.033720310777425766
v 0.05570638179779053 -0.18023116886615753 -0.040082890540361404
v 0.052426718175411224 -0.180830717086792 -0.0421609990298748
v 0.055689480155706406 -0.17880219221115112 -0.04552188888192177
v 0.05570638179779053 -0.18023116886615753 -0.040082890540361404
v 0.0576166994869709 -0.1806458830833435 -0.03536226972937584
v 0.05381295830011368 -0.18126797676086426 -0.0383383110165596
v 0.05570638179779053 -0.18023116886615753 -0.040082890540361404
v 0.05381295830011368 -0.18126797676086426 -0.0383383110165596
v 0.052426718175411224 -0.180830717086792 -0.0421609990298748
v 0.055689480155706406 -0.17880219221115112 -0.04552188888192177
v 0.052426718175411224 -0.180830717086792 -0.0421609990298748
v 0.05029661953449249 -0.1804610639810562 -0.045983679592609406
v 0.055689480155706406 -0.17880219221115112 -0.04552188888192177
v 0.05029661953449249 -0.1804610639810562 -0.045983679592609406
v 0.04997542127966881 -0.17898249626159668 -0.05124305933713913
v 0.060947079211473465 -0.18169622123241425 0.017385609447956085
v 0.06001728028059006 -0.1814122200012207 0.023106800392270088
v 0.055689480155706406 -0.18311166763305664 0.017385609447956085
v 0.06001728028059006 -0.1814122200012207 0.023106800392270088
v 0.055689480155706406 -0.1825617253780365 0.023106800392270088
v 0.055689480155706406 -0.18311166763305664 0.017385609447956085
v 0.06001728028059006 -0.1814122200012207 0.023106800392270088
v 0.05917200818657875 -0.1811462640762329 0.02739129029214382
v 0.055689480155706406 -0.1825617253780365 0.023106800392270088
v 0.05917200818657875 -0.1811462640762329 0.02739129029214382
v 0.058309830725193024 -0.18088480830192566 0.03121395967900753
v 0.05611211061477661 -0.18175481259822845 0.02911021001636982
v 0.05917200818657875 -0.1811462640762329 0.02739129029214382
v 0.05611211061477661 -0.18175481259822845 0.02911021001636982
v 0.055689480155706406 -0.1825617253780365 0.023106800392270088
v 0.0605582594871521 -0.18166014552116394 -0.022662749513983727
v 0.055689480155706406 -0.1832829713821411 -0.022662749513983727
v 0.05947630852460861 -0.18126797676086426 -0.02835828997194767
v 0.05947630852460861 -0.18126797676086426 -0.02835828997194767
v 0.055689480155706406 -0.1825256645679474 -0.02835828997194767
v 0.05873246118426323 -0.18101102113723755 -0.03156523033976555
v 0.05947630852460861 -0.18126797676086426 -0.02835828997194767
v 0.055689480155706406 -0.1832829713821411 -0.022662749513983727
v 0.055689480155706406 -0.1825256645679474 -0.02835828997194767
v 0.06196140870451927 -0.1817818582057953 0.012151859700679779
v 0.060947079211473465 -0.18169622123241425 0.017385609447956085
v 0.055689480155706406 -0.18353991210460663 0.011664420366287231
v 0.06196140870451927 -0.1817818582057953 0.012151859700679779
v 0.055689480155706406 -0.18353991210460663 0.011664420366287231
v 0.055689480155706406 -0.18385997414588928 0.005943220108747482
v 0.061403539031744 -0.1793341189622879 0.03454919159412384
v 0.05743074044585228 -0.18061885237693787 0.03454919159412384
v 0.058309830725193024 -0.18088480830192566 0.03121395967900753
v 0.061403539031744 -0.1793341189622879 0.03454919159412384
v 0.058309830725193024 -0.18088480830192566 0.03121395967900753
v 0.06121757999062538 -0.18026722967624664 0.02911021001636982
v 0.061403539031744 -0.1793341189622879 0.03454919159412384
v 0.061403539031744 -0.178162083029747 0.040270380675792694
v 0.055503521114587784 -0.18018609285354614 0.040347348898649216
v 0.061403539031744 -0.1793341189622879 0.03454919159412384
v 0.055503521114587784 -0.18018609285354614 0.040347348898649216
v 0.05743074044585228 -0.18061885237693787 0.03454919159412384
v 0.06121757999062538 -0.18026722967624664 0.02911021001636982
v 0.058309830725193024 -0.18088480830192566 0.03121395967900753
v 0.05917200818657875 -0.1811462640762329 0.02739129029214382
v 0.060947079211473465 -0.18169622123241425 0.017385609447956085
v 0.055689480155706406 -0.18311166763305664 0.017385609447956085
v 0.055689480155706406 -0.18353991210460663 0.011664420366287231
v 0.061403539031744 -0.18245352804660797 -0.005499179940670729
v 0.055689480155706406 -0.1841529756784439 -0.005499179940670729
v 0.055689480155706406 -0.18408986926078796 -0.011220360174775124
v 0.061403539031744 -0.18245352804660797 -0.005499179940670729
v 0.055689480155706406 -0.18408986926078796 -0.011220360174775124
v 0.061403539031744 -0.18230025470256805 -0.011220360174775124
v 0.061403539031744 -0.18230025470256805 -0.011220360174775124
v 0.055689480155706406 -0.18408986926078796 -0.011220360174775124
v 0.055689480155706406 -0.1837923526763916 -0.01694156974554062
v 0.061403539031744 -0.18230025470256805 -0.011220360174775124
v 0.055689480155706406 -0.1837923526763916 -0.01694156974554062
v 0.06180926039814949 -0.18178637325763702 -0.016813280060887337
v 0.06180926039814949 -0.18178637325763702 -0.016813280060887337
v 0.055689480155706406 -0.1837923526763916 -0.01694156974554062
v 0.055689480155706406 -0.1832829713821411 -0.022662749513983727
v 0.06180926039814949 -0.18178637325763702 -0.016813280060887337
v 0.055689480155706406 -0.1832829713821411 -0.022662749513983727
v 0.0605582594871521 -0.18166014552116394 -0.022662749513983727
v 0.061403539031744 -0.18227322399616241 0.005943220108747482
v 0.055689480155706406 -0.18385997414588928 0.005943220108747482
v 0.055689480155706406 -0.1840583086013794 0.00022202999389264733
v 0.061403539031744 -0.18227322399616241 0.005943220108747482
v 0.06196140870451927 -0.1817818582057953 0.012151859700679779
v 0.055689480155706406 -0.18385997414588928 0.005943220108747482
v 0.06882505118846893 -0.1666535884141922 -0.04059600085020065
v 0.06877432763576508 -0.155217245221138 -0.040621671825647354
v 0.07041417062282562 -0.155217245221138 -0.03774825111031532
v 0.06882505118846893 -0.1666535884141922 -0.04059600085020065
v 0.07041417062282562 -0.155217245221138 -0.03774825111031532
v 0.07041417062282562 -0.16093766689300537 -0.03774825111031532
v 0.06882505118846893 -0.1666535884141922 -0.04059600085020065
v 0.07041417062282562 -0.16093766689300537 -0.03774825111031532
v 0.07038035988807678 -0.1666535884141922 -0.03772258013486862
v 0.06387174129486084 -0.155217245221138 -0.047830890864133835
v 0.06125139072537422 -0.1666535884141922 -0.05124305933713913
v 0.06116686016321182 -0.155217245221138 -0.05124305933713913
v 0.06387174129486084 -0.155217245221138 -0.047830890864133835
v 0.06116686016321182 -0.155217245221138 -0.05124305933713913
v 0.05864793062210083 -0.15091677010059357 -0.054219119250774384
v 0.06387174129486084 -0.155217245221138 -0.047830890864133835
v 0.05864793062210083 -0.15091677010059357 -0.054219119250774384
v 0.06360124796628952 -0.14949679374694824 -0.04762563854455948
v 0.05465824156999588 -0.1460438072681427 -0.05575845018029213
v 0.050381138920784 -0.14557048678398132 -0.0573747493326664
v 0.056213539093732834 -0.14557048678398132 -0.051781851798295975
v 0.05465824156999588 -0.1460438072681427 -0.05575845018029213
v 0.056213539093732834 -0.14557048678398132 -0.051781851798295975
v 0.059814419597387314 -0.1460438072681427 -0.05021684989333153
v 0.05871555954217911 -0.17050327360630035 -0.05429608002305031
v 0.06125139072537422 -0.1666535884141922 -0.05124305933713913
v 0.06390555202960968 -0.1666535884141922 -0.047882191836833954
v 0.05871555954217911 -0.17050327360630035 -0.05429608002305031
v 0.05283243954181671 -0.16960622370243073 -0.0598376989364624
v 0.05570638179779053 -0.1666535884141922 -0.05719517916440964
v 0.05871555954217911 -0.17050327360630035 -0.05429608002305031
v 0.05570638179779053 -0.1666535884141922 -0.05719517916440964
v 0.05874937027692795 -0.1666535884141922 -0.05432175099849701
v 0.06390555202960968 -0.1666535884141922 -0.047882191836833954
v 0.06125139072537422 -0.1666535884141922 -0.05124305933713913
v 0.06387174129486084 -0.155217245221138 -0.047830890864133835
v 0.06390555202960968 -0.1666535884141922 -0.047882191836833954
v 0.06387174129486084 -0.155217245221138 -0.047830890864133835
v 0.06596802175045013 -0.1666535884141922 -0.04503441974520683
v 0.06596802175045013 -0.1666535884141922 -0.04503441974520683
v 0.06591729819774628 -0.155217245221138 -0.04498310014605522
v 0.06877432763576508 -0.155217245221138 -0.040621671825647354
v 0.06596802175045013 -0.1666535884141922 -0.04503441974520683
v 0.06877432763576508 -0.155217245221138 -0.040621671825647354
v 0.06882505118846893 -0.1666535884141922 -0.04059600085020065
v 0.06596802175045013 -0.1666535884141922 -0.04503441974520683
v 0.06387174129486084 -0.155217245221138 -0.047830890864133835
v 0.06591729819774628 -0.155217245221138 -0.04498310014605522
v 0.04855535924434662 -0.17577743530273438 -0.06088956072926521
v 0.04415993019938469 -0.1764175444841385 -0.06276243180036545
v 0.04219888150691986 -0.1755610555410385 -0.06602068245410919
v 0.04855535924434662 -0.17577743530273438 -0.06088956072926521
v 0.04219888150691986 -0.1755610555410385 -0.06602068245410919
v 0.052375998347997665 -0.17341983318328857 -0.05942720174789429
v 0.04855535924434662 -0.17577743530273438 -0.06088956072926521
v 0.05026280879974365 -0.17669253051280975 -0.05729778856039047
v 0.04415993019938469 -0.1764175444841385 -0.06276243180036545
v 0.052375998347997665 -0.17341983318328857 -0.05942720174789429
v 0.04219888150691986 -0.1755610555410385 -0.06602068245410919
v 0.04598572105169296 -0.17237402498722076 -0.06471224129199982
v 0.052375998347997665 -0.17341983318328857 -0.05942720174789429
v 0.04598572105169296 -0.17237402498722076 -0.06471224129199982
v 0.05026280879974365 -0.171855628490448 -0.06145399063825607
v 0.052375998347997665 -0.17341983318328857 -0.05942720174789429
v 0.05026280879974365 -0.171855628490448 -0.06145399063825607
v 0.05283243954181671 -0.16960622370243073 -0.0598376989364624
v 0.052375998347997665 -0.17341983318328857 -0.05942720174789429
v 0.05283243954181671 -0.16960622370243073 -0.0598376989364624
v 0.05871555954217911 -0.17050327360630035 -0.05429608002305031
v 0.05871555954217911 -0.17050327360630035 -0.05429608002305031
v 0.05874937027692795 -0.1666535884141922 -0.05432175099849701
v 0.06125139072537422 -0.1666535884141922 -0.05124305933713913
v 0.055689480155706406 -0.17880219221115112 -0.04552188888192177
v 0.04997542127966881 -0.17898249626159668 -0.05124305933713913
v 0.05606139078736305 -0.17671507596969604 -0.05160225182771683
v 0.055689480155706406 -0.17880219221115112 -0.04552188888192177
v 0.05606139078736305 -0.17671507596969604 -0.05160225182771683
v 0.059729889035224915 -0.17580899596214294 -0.049934640526771545
v 0.055689480155706406 -0.17880219221115112 -0.04552188888192177
v 0.059729889035224915 -0.17580899596214294 -0.049934640526771545
v 0.061538778245449066 -0.17649418115615845 -0.045547518879175186
v 0.0576166994869709 -0.1806458830833435 -0.03536226972937584
v 0.05570638179779053 -0.18158802390098572 -0.033720310777425766
v 0.05381295830011368 -0.18126797676086426 -0.0383383110165596
v 0.059729889035224915 -0.17580899596214294 -0.049934640526771545
v 0.05606139078736305 -0.17671507596969604 -0.05160225182771683
v 0.05438774824142456 -0.1758630871772766 -0.05560452118515968
v 0.05438774824142456 -0.1758630871772766 -0.05560452118515968
v 0.05606139078736305 -0.17671507596969604 -0.05160225182771683
v 0.04997542127966881 -0.17898249626159668 -0.05124305933713913
v 0.05438774824142456 -0.1758630871772766 -0.05560452118515968
v 0.04997542127966881 -0.17898249626159668 -0.05124305933713913
v 0.05026280879974365 -0.17669253051280975 -0.05729778856039047
v 0.05438774824142456 -0.1758630871772766 -0.05560452118515968
v 0.05026280879974365 -0.17669253051280975 -0.05729778856039047
v 0.04855535924434662 -0.17577743530273438 -0.06088956072926521
v 0.0639224573969841 -0.155217245221138 0.04832623153924942
v 0.06579896062612534 -0.1666535884141922 0.0454784594476223
v 0.06571444123983383 -0.155217245221138 0.04545281082391739
v 0.06571444123983383 -0.155217245221138 0.04545281082391739
v 0.06579896062612534 -0.1666535884141922 0.0454784594476223
v 0.06858838349580765 -0.155217245221138 0.04078349843621254
v 0.06858838349580765 -0.155217245221138 0.04078349843621254
v 0.06865599751472473 -0.1666535884141922 0.04080915078520775
v 0.07029583305120468 -0.155217245221138 0.03791008144617081
v 0.06858838349580765 -0.155217245221138 0.04078349843621254
v 0.06579896062612534 -0.1666535884141922 0.0454784594476223
v 0.06865599751472473 -0.1666535884141922 0.04080915078520775
v 0.07029583305120468 -0.155217245221138 0.03791008144617081
v 0.07029583305120468 -0.16093766689300537 0.03791008144617081
v 0.07200328260660172 -0.1666535884141922 0.03454919159412384
v 0.07029583305120468 -0.155217245221138 0.03791008144617081
v 0.06865599751472473 -0.1666535884141922 0.04080915078520775
v 0.07029583305120468 -0.16093766689300537 0.03791008144617081
v -0.014552880078554153 -0.14307765662670135 0.16618797183036804
v -0.01691965013742447 -0.14307765662670135 0.16852262616157532
v -0.015854600816965103 -0.17512379586696625 0.15171821415424347
v -0.014552880078554153 -0.14307765662670135 0.16618797183036804
v -0.015854600816965103 -0.17512379586696625 0.15171821415424347
v -0.010123640298843384 -0.17513282597064972 0.1459970325231552
v 0.04252009093761444 -0.14611594378948212 -0.06622593104839325
v 0.03574097901582718 -0.14659827947616577 -0.07130573689937592
v 0.03798941895365715 -0.14594464004039764 -0.06825271993875504
v 0.04875821992754936 -0.1460438072681427 -0.06104350835084915
v 0.04436279088258743 -0.14561106264591217 -0.06283938884735107
v 0.050381138920784 -0.14557048678398132 -0.0573747493326664
v 0.06160639971494675 -0.1455795168876648 -0.04570145905017853
v 0.056213539093732834 -0.14557048678398132 -0.051781851798295975
v 0.061403539031744 -0.144871786236763 -0.03980066999793053
v 0.061403539031744 -0.144871786236763 -0.03980066999793053
v 0.055689480155706406 -0.144858255982399 -0.04552188888192177
v -0.01081676036119461 -0.14307765662670135 0.08383356034755707
v 0.061403539031744 -0.144871786236763 -0.03980066999793053
v -0.01081676036119461 -0.14307765662670135 0.08383356034755707
v -0.006117030046880245 -0.14307765662670135 0.09042704105377197
v 0.061403539031744 -0.144871786236763 -0.03980066999793053
v 0.056213539093732834 -0.14557048678398132 -0.051781851798295975
v 0.055689480155706406 -0.144858255982399 -0.04552188888192177
v 0.0719863772392273 -0.155217245221138 0.03454919159412384
v 0.07029583305120468 -0.155217245221138 0.03791008144617081
v 0.07200328260660172 -0.1666535884141922 0.03454919159412384
v 0.0639224573969841 -0.155217245221138 0.04832623153924942
v 0.0639224573969841 -0.1666535884141922 0.04832623153924942
v 0.06579896062612534 -0.1666535884141922 0.0454784594476223
v 0.05283243954181671 -0.15232321619987488 -0.0598376989364624
v 0.04997542127966881 -0.1666535884141922 -0.062249310314655304
v 0.04997542127966881 -0.155217245221138 -0.062198009341955185
v 0.05283243954181671 -0.15232321619987488 -0.0598376989364624
v 0.04997542127966881 -0.155217245221138 -0.062198009341955185
v 0.04635763168334961 -0.155217245221138 -0.06507142633199692
v 0.05283243954181671 -0.15232321619987488 -0.0598376989364624
v 0.04635763168334961 -0.155217245221138 -0.06507142633199692
v 0.046154771000146866 -0.14949679374694824 -0.06478922069072723
v 0.05283243954181671 -0.15232321619987488 -0.0598376989364624
v 0.046154771000146866 -0.14949679374694824 -0.06478922069072723
v 0.052578870207071304 -0.14850959181785583 -0.05958113819360733
v 0.052578870207071304 -0.14850959181785583 -0.05958113819360733
v 0.046154771000146866 -0.14949679374694824 -0.06478922069072723
v 0.04252009093761444 -0.14611594378948212 -0.06622593104839325
v 0.04252009093761444 -0.14611594378948212 -0.06622593104839325
v 0.03798941895365715 -0.14594464004039764 -0.06825271993875504
v 0.04436279088258743 -0.14561106264591217 -0.06283938884735107
v 0.04252009093761444 -0.14611594378948212 -0.06622593104839325
v 0.04436279088258743 -0.14561106264591217 -0.06283938884735107
v 0.04875821992754936 -0.1460438072681427 -0.06104350835084915
v 0.04252009093761444 -0.14611594378948212 -0.06622593104839325
v 0.046154771000146866 -0.14949679374694824 -0.06478922069072723
v 0.03574097901582718 -0.14659827947616577 -0.07130573689937592
v 0.05465824156999588 -0.1460438072681427 -0.05575845018029213
v 0.04875821992754936 -0.1460438072681427 -0.06104350835084915
v 0.050381138920784 -0.14557048678398132 -0.0573747493326664
v 0.059814419597387314 -0.1460438072681427 -0.05021684989333153
v 0.056213539093732834 -0.14557048678398132 -0.051781851798295975
v 0.06160639971494675 -0.1455795168876648 -0.04570145905017853
v 0.05864793062210083 -0.15091677010059357 -0.054219119250774384
v 0.06116686016321182 -0.155217245221138 -0.05124305933713913
v 0.05869865044951439 -0.155217245221138 -0.0542704313993454
v 0.05864793062210083 -0.15091677010059357 -0.054219119250774384
v 0.05869865044951439 -0.155217245221138 -0.0542704313993454
v 0.05283243954181671 -0.15232321619987488 -0.0598376989364624
v 0.05283243954181671 -0.15232321619987488 -0.0598376989364624
v 0.05869865044951439 -0.155217245221138 -0.0542704313993454
v 0.05874937027692795 -0.1666535884141922 -0.05432175099849701
v 0.05283243954181671 -0.15232321619987488 -0.0598376989364624
v 0.05874937027692795 -0.1666535884141922 -0.05432175099849701
v 0.05570638179779053 -0.1666535884141922 -0.05719517916440964
v 0.05283243954181671 -0.15232321619987488 -0.0598376989364624
v 0.05570638179779053 -0.1666535884141922 -0.05719517916440964
v 0.05283243954181671 -0.16960622370243073 -0.0598376989364624
v 0.05283243954181671 -0.15232321619987488 -0.0598376989364624
v 0.05283243954181671 -0.16960622370243073 -0.0598376989364624
v 0.04997542127966881 -0.1666535884141922 -0.062249310314655304
v 0.055689480155706406 -0.1841529756784439 -0.005499179940670729
v 0.04997542127966881 -0.1854422241449356 -0.011220360174775124
v 0.055689480155706406 -0.18408986926078796 -0.011220360174775124
v 0.055689480155706406 -0.18408986926078796 -0.011220360174775124
v 0.04997542127966881 -0.1854422241449356 -0.011220360174775124
v 0.04997542127966881 -0.18521682918071747 -0.01694156974554062
v 0.055689480155706406 -0.18408986926078796 -0.011220360174775124
v 0.04997542127966881 -0.18521682918071747 -0.01694156974554062
v 0.055689480155706406 -0.1837923526763916 -0.01694156974554062
v 0.055689480155706406 -0.1837923526763916 -0.01694156974554062
v 0.04997542127966881 -0.18521682918071747 -0.01694156974554062
v 0.04997542127966881 -0.18484267592430115 -0.022662749513983727
v 0.055689480155706406 -0.1837923526763916 -0.01694156974554062
v 0.04997542127966881 -0.18484267592430115 -0.022662749513983727
v 0.055689480155706406 -0.1832829713821411 -0.022662749513983727
v 0.055689480155706406 -0.1832829713821411 -0.022662749513983727
v 0.04997542127966881 -0.18484267592430115 -0.022662749513983727
v 0.04997542127966881 -0.18425214290618896 -0.02835828997194767
v 0.055689480155706406 -0.1832829713821411 -0.022662749513983727
v 0.04997542127966881 -0.18425214290618896 -0.02835828997194767
v 0.055689480155706406 -0.1825256645679474 -0.02835828997194767
v 0.055689480155706406 -0.18385997414588928 0.005943220108747482
v 0.04997542127966881 -0.1850680708885193 0.005943220108747482
v 0.04997542127966881 -0.18529346585273743 0.00022202999389264733
v 0.06152186915278435 -0.176512211561203 0.04596592113375664
v 0.055689480155706406 -0.17888332903385162 0.04599158093333244
v 0.061403539031744 -0.178162083029747 0.040270380675792694
v 0.05313675105571747 -0.17546188831329346 0.06069222092628479
v -0.015550299547612667 -0.1810651272535324 0.14063501358032227
v 0.05440464988350868 -0.1760253757238388 0.05740831047296524
v 0.061403539031744 -0.178162083029747 0.040270380675792694
v 0.055689480155706406 -0.17888332903385162 0.04599158093333244
v 0.055503521114587784 -0.18018609285354614 0.040347348898649216
v 0.07027892023324966 -0.1666535884141922 0.03793573006987572
v 0.07029583305120468 -0.16093766689300537 0.03791008144617081
v 0.06865599751472473 -0.1666535884141922 0.04080915078520775
v 0.055689480155706406 -0.1840583086013794 0.00022202999389264733
v 0.04997542127966881 -0.18529346585273743 0.00022202999389264733
v 0.04997542127966881 -0.18543770909309387 -0.005499179940670729
v 0.055689480155706406 -0.1840583086013794 0.00022202999389264733
v 0.04997542127966881 -0.18543770909309387 -0.005499179940670729
v 0.055689480155706406 -0.1841529756784439 -0.005499179940670729
v 0.055689480155706406 -0.1840583086013794 0.00022202999389264733
v 0.055689480155706406 -0.18385997414588928 0.005943220108747482
v 0.04997542127966881 -0.18529346585273743 0.00022202999389264733
v 0.055689480155706406 -0.1841529756784439 -0.005499179940670729
v 0.04997542127966881 -0.18543770909309387 -0.005499179940670729
v 0.04997542127966881 -0.1854422241449356 -0.011220360174775124
v 0.02422834001481533 -0.17523649334907532 0.10030443966388702
v -0.006911590229719877 -0.17722445726394653 0.1376589685678482
v -0.015550299547612667 -0.1810651272535324 0.14063501358032227
v 0.02422834001481533 -0.17523649334907532 0.10030443966388702
v -0.015550299547612667 -0.1810651272535324 0.14063501358032227
v 0.05313675105571747 -0.17546188831329346 0.06069222092628479
v 0.02422834001481533 -0.17523649334907532 0.10030443966388702
v 0.05313675105571747 -0.17546188831329346 0.06069222092628479
v 0.041353609412908554 -0.17512379586696625 0.0773683562874794
v 0.07200328260660172 -0.1666535884141922 0.03454919159412384
v 0.07029583305120468 -0.16093766689300537 0.03791008144617081
v 0.07027892023324966 -0.1666535884141922 0.03793573006987572
v 0.05967918038368225 -0.17584505677223206 0.05058392882347107
v 0.05313675105571747 -0.17546188831329346 0.06069222092628479
v 0.05440464988350868 -0.1760253757238388 0.05740831047296524
v 0.05967918038368225 -0.17584505677223206 0.05058392882347107
v 0.05440464988350868 -0.1760253757238388 0.05740831047296524
v -0.015550299547612667 -0.1810651272535324 0.14063501358032227
v 0.05967918038368225 -0.17584505677223206 0.05058392882347107
v -0.015550299547612667 -0.1810651272535324 0.14063501358032227
v 0.06152186915278435 -0.176512211561203 0.04596592113375664
v 0.06152186915278435 -0.176512211561203 0.04596592113375664
v -0.015550299547612667 -0.1810651272535324 0.14063501358032227
v 0.055689480155706406 -0.17888332903385162 0.04599158093333244
v -0.010123640298843384 -0.17513282597064972 0.1459970325231552
v -0.015854600816965103 -0.17512379586696625 0.15171821415424347
v -0.013927370309829712 -0.1764085292816162 0.14789554476737976
v -0.010123640298843384 -0.17513282597064972 0.1459970325231552
v -0.013927370309829712 -0.1764085292816162 0.14789554476737976
v -0.012845420278608799 -0.17821617424488068 0.14330318570137024
v -0.010123640298843384 -0.17513282597064972 0.1459970325231552
v -0.012845420278608799 -0.17821617424488068 0.14330318570137024
v -0.008635950274765491 -0.17621469497680664 0.1421743482351303
v -0.010123640298843384 -0.17513282597064972 0.1459970325231552
v -0.008635950274765491 -0.17621469497680664 0.1421743482351303
v 0.007069259881973267 -0.17522747814655304 0.12316355854272842
v -0.010123640298843384 -0.17513282597064972 0.1459970325231552
v 0.007069259881973267 -0.17522747814655304 0.12316355854272842
v -0.004832210019230843 -0.17391571402549744 0.1396857649087906
v -0.004832210019230843 -0.17391571402549744 0.1396857649087906
v 0.007069259881973267 -0.17522747814655304 0.12316355854272842
v 0.02422834001481533 -0.17523649334907532 0.10030443966388702
v 0.02422834001481533 -0.17523649334907532 0.10030443966388702
v 0.007069259881973267 -0.17522747814655304 0.12316355854272842
v -0.008635950274765491 -0.17621469497680664 0.1421743482351303
v 0.02422834001481533 -0.17523649334907532 0.10030443966388702
v -0.008635950274765491 -0.17621469497680664 0.1421743482351303
v -0.006911590229719877 -0.17722445726394653 0.1376589685678482
v 0.05029661953449249 -0.1804610639810562 -0.045983679592609406
v 0.04689861834049225 -0.18089382350444794 -0.04816440865397453
v 0.04997542127966881 -0.17898249626159668 -0.05124305933713913
v 0.05029661953449249 -0.1804610639810562 -0.045983679592609406
v 0.0486229807138443 -0.18140320479869843 -0.04436736926436424
v 0.04689861834049225 -0.18089382350444794 -0.04816440865397453
v 0.04997542127966881 -0.17898249626159668 -0.05124305933713913
v 0.044700898230075836 -0.18045204877853394 -0.051576580852270126
v 0.04424446076154709 -0.17874358594417572 -0.056964270770549774
v 0.04997542127966881 -0.17898249626159668 -0.05124305933713913
v 0.04424446076154709 -0.17874358594417572 -0.056964270770549774
v 0.05026280879974365 -0.17669253051280975 -0.05729778856039047
v 0.04997542127966881 -0.17898249626159668 -0.05124305933713913
v 0.04689861834049225 -0.18089382350444794 -0.04816440865397453
v 0.044700898230075836 -0.18045204877853394 -0.051576580852270126
v 0.05026280879974365 -0.17669253051280975 -0.05729778856039047
v 0.04424446076154709 -0.17874358594417572 -0.056964270770549774
v 0.04415993019938469 -0.1764175444841385 -0.06276243180036545
v 0.04415993019938469 -0.1764175444841385 -0.06276243180036545
v 0.04424446076154709 -0.17874358594417572 -0.056964270770549774
v 0.038530390709638596 -0.1780899465084076 -0.06268545240163803
v 0.04415993019938469 -0.1764175444841385 -0.06276243180036545
v 0.038530390709638596 -0.1780899465084076 -0.06268545240163803
v 0.04219888150691986 -0.1755610555410385 -0.06602068245410919
v 0.05611211061477661 -0.18175481259822845 0.02911021001636982
v 0.04997542127966881 -0.18258875608444214 0.03454919159412384
v 0.04997542127966881 -0.1832919865846634 0.028828000649809837
v 0.055689480155706406 -0.1825256645679474 -0.02835828997194767
v 0.04997542127966881 -0.18425214290618896 -0.02835828997194767
v 0.04997542127966881 -0.18331903219223022 -0.034079499542713165
v 0.055689480155706406 -0.1825256645679474 -0.02835828997194767
v 0.04997542127966881 -0.18331903219223022 -0.034079499542713165
v 0.05570638179779053 -0.18158802390098572 -0.033720310777425766
v 0.05570638179779053 -0.18158802390098572 -0.033720310777425766
v 0.04997542127966881 -0.18331903219223022 -0.034079499542713165
v 0.05381295830011368 -0.18126797676086426 -0.0383383110165596
v 0.052426718175411224 -0.180830717086792 -0.0421609990298748
v 0.0486229807138443 -0.18140320479869843 -0.04436736926436424
v 0.05029661953449249 -0.1804610639810562 -0.045983679592609406
v 0.052426718175411224 -0.180830717086792 -0.0421609990298748
v 0.05381295830011368 -0.18126797676086426 -0.0383383110165596
v 0.05029661953449249 -0.18195316195487976 -0.040082890540361404
v 0.052426718175411224 -0.180830717086792 -0.0421609990298748
v 0.05029661953449249 -0.18195316195487976 -0.040082890540361404
v 0.0486229807138443 -0.18140320479869843 -0.04436736926436424
v 0.05381295830011368 -0.18126797676086426 -0.0383383110165596
v 0.04997542127966881 -0.18331903219223022 -0.034079499542713165
v 0.05029661953449249 -0.18195316195487976 -0.040082890540361404
v 0.055503521114587784 -0.18018609285354614 0.040347348898649216
v 0.055689480155706406 -0.17888332903385162 0.04599158093333244
v 0.05109117925167084 -0.1804250031709671 0.04599158093333244
v 0.055503521114587784 -0.18018609285354614 0.040347348898649216
v 0.05109117925167084 -0.1804250031709671 0.04599158093333244
v 0.05230838060379028 -0.18081268668174744 0.042322829365730286
v 0.055503521114587784 -0.18018609285354614 0.040347348898649216
v 0.05230838060379028 -0.18081268668174744 0.042322829365730286
v 0.053474850952625275 -0.18114176392555237 0.03850014880299568
v 0.055689480155706406 -0.18311166763305664 0.017385609447956085
v 0.055689480155706406 -0.1825617253780365 0.023106800392270088
v 0.04997542127966881 -0.18389153480529785 0.023106800392270088
v 0.055689480155706406 -0.18311166763305664 0.017385609447956085
v 0.04997542127966881 -0.18389153480529785 0.023106800392270088
v 0.04997542127966881 -0.1843964010477066 0.017385609447956085
v 0.055689480155706406 -0.1825617253780365 0.023106800392270088
v 0.05611211061477661 -0.18175481259822845 0.02911021001636982
v 0.04997542127966881 -0.1832919865846634 0.028828000649809837
v 0.055689480155706406 -0.1825617253780365 0.023106800392270088
v 0.04997542127966881 -0.1832919865846634 0.028828000649809837
v 0.04997542127966881 -0.18389153480529785 0.023106800392270088
v 0.05611211061477661 -0.18175481259822845 0.02911021001636982
v 0.05457371100783348 -0.18144376575946808 0.03454919159412384
v 0.04997542127966881 -0.18258875608444214 0.03454919159412384
v 0.055689480155706406 -0.18385997414588928 0.005943220108747482
v 0.055689480155706406 -0.18353991210460663 0.011664420366287231
v 0.04997542127966881 -0.18477505445480347 0.011664420366287231
v 0.055689480155706406 -0.18385997414588928 0.005943220108747482
v 0.04997542127966881 -0.18477505445480347 0.011664420366287231
v 0.04997542127966881 -0.1850680708885193 0.005943220108747482
v 0.055689480155706406 -0.18353991210460663 0.011664420366287231
v 0.055689480155706406 -0.18311166763305664 0.017385609447956085
v 0.04997542127966881 -0.1843964010477066 0.017385609447956085
v 0.055689480155706406 -0.18353991210460663 0.011664420366287231
v 0.04997542127966881 -0.1843964010477066 0.017385609447956085
v 0.04997542127966881 -0.18477505445480347 0.011664420366287231
v 0.05743074044585228 -0.18061885237693787 0.03454919159412384
v 0.05457371100783348 -0.18144376575946808 0.03454919159412384
v 0.058309830725193024 -0.18088480830192566 0.03121395967900753
v 0.05743074044585228 -0.18061885237693787 0.03454919159412384
v 0.055503521114587784 -0.18018609285354614 0.040347348898649216
v 0.053474850952625275 -0.18114176392555237 0.03850014880299568
v 0.05743074044585228 -0.18061885237693787 0.03454919159412384
v 0.053474850952625275 -0.18114176392555237 0.03850014880299568
v 0.05457371100783348 -0.18144376575946808 0.03454919159412384
v 0.058309830725193024 -0.18088480830192566 0.03121395967900753
v 0.05457371100783348 -0.18144376575946808 0.03454919159412384
v 0.05611211061477661 -0.18175481259822845 0.02911021001636982
v 0.03798941895365715 -0.14594464004039764 -0.06825271993875504
v 0.032816339284181595 -0.1453000158071518 -0.06840665638446808
v 0.04436279088258743 -0.14561106264591217 -0.06283938884735107
v 0.03798941895365715 -0.14594464004039764 -0.06825271993875504
v 0.03574097901582718 -0.14659827947616577 -0.07130573689937592
v 0.032816339284181595 -0.14619256556034088 -0.07179319858551025
v 0.03798941895365715 -0.14594464004039764 -0.06825271993875504
v 0.032816339284181595 -0.14619256556034088 -0.07179319858551025
v 0.032816339284181595 -0.1453000158071518 -0.06840665638446808
v 0.04436279088258743 -0.14561106264591217 -0.06283938884735107
v 0.032816339284181595 -0.1453000158071518 -0.06840665638446808
v 0.038530390709638596 -0.1449078470468521 -0.06268545240163803
v 0.03574097901582718 -0.14659827947616577 -0.07130573689937592
v 0.038783978670835495 -0.14949679374694824 -0.06958681344985962
v 0.03591004014015198 -0.14949679374694824 -0.07140834629535675
v 0.03574097901582718 -0.14659827947616577 -0.07130573689937592
v 0.03591004014015198 -0.14949679374694824 -0.07140834629535675
v 0.032816339284181595 -0.14949679374694824 -0.07258853316307068
v 0.03574097901582718 -0.14659827947616577 -0.07130573689937592
v 0.032816339284181595 -0.14949679374694824 -0.07258853316307068
v 0.02245325967669487 -0.14949679374694824 -0.07628291100263596
v 0.03574097901582718 -0.14659827947616577 -0.07130573689937592
v 0.02245325967669487 -0.14949679374694824 -0.07628291100263596
v 0.019021449610590935 -0.14649009704589844 -0.0771295502781868
v 0.04997542127966881 -0.1666535884141922 -0.062249310314655304
v 0.04642526060342789 -0.1666535884141922 -0.06509707868099213
v 0.04997542127966881 -0.155217245221138 -0.062198009341955185
v 0.04997542127966881 -0.155217245221138 -0.062198009341955185
v 0.04642526060342789 -0.1666535884141922 -0.06509707868099213
v 0.04635763168334961 -0.155217245221138 -0.06507142633199692
v 0.04635763168334961 -0.155217245221138 -0.06507142633199692
v 0.043280839920043945 -0.14949679374694824 -0.06671339273452759
v 0.046154771000146866 -0.14949679374694824 -0.06478922069072723
v 0.04635763168334961 -0.155217245221138 -0.06507142633199692
v 0.04642526060342789 -0.1666535884141922 -0.06509707868099213
v 0.038936130702495575 -0.155217245221138 -0.06974074244499207
v 0.04635763168334961 -0.155217245221138 -0.06507142633199692
v 0.038936130702495575 -0.155217245221138 -0.06974074244499207
v 0.03591004014015198 -0.14949679374694824 -0.07140834629535675
v 0.04635763168334961 -0.155217245221138 -0.06507142633199692
v 0.03591004014015198 -0.14949679374694824 -0.07140834629535675
v 0.038783978670835495 -0.14949679374694824 -0.06958681344985962
v 0.04635763168334961 -0.155217245221138 -0.06507142633199692
v 0.038783978670835495 -0.14949679374694824 -0.06958681344985962
v 0.043280839920043945 -0.14949679374694824 -0.06671339273452759
v 0.046154771000146866 -0.14949679374694824 -0.06478922069072723
v 0.043280839920043945 -0.14949679374694824 -0.06671339273452759
v 0.03574097901582718 -0.14659827947616577 -0.07130573689937592
v 0.05283243954181671 -0.16960622370243073 -0.0598376989364624
v 0.04642526060342789 -0.1666535884141922 -0.06509707868099213
v 0.04997542127966881 -0.1666535884141922 -0.062249310314655304
v 0.05874937027692795 -0.1666535884141922 -0.05432175099849701
v 0.05869865044951439 -0.155217245221138 -0.0542704313993454
v 0.06116686016321182 -0.155217245221138 -0.05124305933713913
v 0.05874937027692795 -0.1666535884141922 -0.05432175099849701
v 0.06116686016321182 -0.155217245221138 -0.05124305933713913
v 0.06125139072537422 -0.1666535884141922 -0.05124305933713913
v 0.050381138920784 -0.14557048678398132 -0.0573747493326664
v 0.04424446076154709 -0.144858255982399 -0.056964270770549774
v 0.056213539093732834 -0.14557048678398132 -0.051781851798295975
v 0.050381138920784 -0.14557048678398132 -0.0573747493326664
v 0.04436279088258743 -0.14561106264591217 -0.06283938884735107
v 0.038530390709638596 -0.1449078470468521 -0.06268545240163803
v 0.050381138920784 -0.14557048678398132 -0.0573747493326664
v 0.038530390709638596 -0.1449078470468521 -0.06268545240163803
v 0.04424446076154709 -0.144858255982399 -0.056964270770549774
v 0.056213539093732834 -0.14557048678398132 -0.051781851798295975
v 0.04997542127966881 -0.144858255982399 -0.05124305933713913
v 0.055689480155706406 -0.144858255982399 -0.04552188888192177
v 0.056213539093732834 -0.14557048678398132 -0.051781851798295975
v 0.04424446076154709 -0.144858255982399 -0.056964270770549774
v 0.04997542127966881 -0.144858255982399 -0.05124305933713913
v 0.04219888150691986 -0.1755610555410385 -0.06602068245410919
v 0.038530390709638596 -0.17607946693897247 -0.06712386757135391
v 0.031345561146736145 -0.17560163140296936 -0.07176753133535385
v 0.04219888150691986 -0.1755610555410385 -0.06602068245410919
v 0.031345561146736145 -0.17560163140296936 -0.07176753133535385
v 0.03516620025038719 -0.1743529587984085 -0.07099787145853043
v 0.04219888150691986 -0.1755610555410385 -0.06602068245410919
v 0.03516620025038719 -0.1743529587984085 -0.07099787145853043
v 0.04312868043780327 -0.17237402498722076 -0.06658510118722916
v 0.04219888150691986 -0.1755610555410385 -0.06602068245410919
v 0.04312868043780327 -0.17237402498722076 -0.06658510118722916
v 0.04598572105169296 -0.17237402498722076 -0.06471224129199982
v 0.04219888150691986 -0.1755610555410385 -0.06602068245410919
v 0.038530390709638596 -0.1780899465084076 -0.06268545240163803
v 0.038530390709638596 -0.17607946693897247 -0.06712386757135391
v 0.04598572105169296 -0.17237402498722076 -0.06471224129199982
v 0.04312868043780327 -0.17237402498722076 -0.06658510118722916
v 0.04642526060342789 -0.1666535884141922 -0.06509707868099213
v 0.04598572105169296 -0.17237402498722076 -0.06471224129199982
v 0.04642526060342789 -0.1666535884141922 -0.06509707868099213
v 0.05283243954181671 -0.16960622370243073 -0.0598376989364624
v 0.04598572105169296 -0.17237402498722076 -0.06471224129199982
v 0.05283243954181671 -0.16960622370243073 -0.0598376989364624
v 0.05026280879974365 -0.171855628490448 -0.06145399063825607
v 0.055689480155706406 -0.17888332903385162 0.04599158093333244
v -0.014485250227153301 -0.18151140213012695 0.13747937977313995
v -0.01864401064813137 -0.18307560682296753 0.13747937977313995
v 0.055689480155706406 -0.17888332903385162 0.04599158093333244
v -0.01864401064813137 -0.18307560682296753 0.13747937977313995
v 0.05109117925167084 -0.1804250031709671 0.04599158093333244
v 0.04997542127966881 -0.18529346585273743 0.00022202999389264733
v 0.04238485172390938 -0.18683062493801117 0.00022202999389264733
v 0.042942728847265244 -0.18693430721759796 -0.005499179940670729
v 0.04997542127966881 -0.18529346585273743 0.00022202999389264733
v 0.042942728847265244 -0.18693430721759796 -0.005499179940670729
v 0.04997542127966881 -0.18543770909309387 -0.005499179940670729
v 0.04997542127966881 -0.18529346585273743 0.00022202999389264733
v 0.04997542127966881 -0.1850680708885193 0.005943220108747482
v 0.04238485172390938 -0.18683062493801117 0.00022202999389264733
v 0.04997542127966881 -0.18543770909309387 -0.005499179940670729
v 0.042942728847265244 -0.18693430721759796 -0.005499179940670729
v 0.043044161051511765 -0.1869613528251648 -0.011220360174775124
v 0.04997542127966881 -0.18543770909309387 -0.005499179940670729
v 0.043044161051511765 -0.1869613528251648 -0.011220360174775124
v 0.04997542127966881 -0.1854422241449356 -0.011220360174775124
v 0.04997542127966881 -0.1854422241449356 -0.011220360174775124
v 0.043044161051511765 -0.1869613528251648 -0.011220360174775124
v 0.04267225041985512 -0.18691177666187286 -0.01694156974554062
v -0.012845420278608799 -0.17821617424488068 0.14330318570137024
v -0.015550299547612667 -0.1810651272535324 0.14063501358032227
v -0.008635950274765491 -0.17621469497680664 0.1421743482351303
v -0.008635950274765491 -0.17621469497680664 0.1421743482351303
v -0.015550299547612667 -0.1810651272535324 0.14063501358032227
v -0.006911590229719877 -0.17722445726394653 0.1376589685678482
v -0.015550299547612667 -0.1810651272535324 0.14063501358032227
v -0.017325380817055702 -0.18022215366363525 0.14443203806877136
v -0.02114601992070675 -0.1811101883649826 0.14638185501098633
v -0.015550299547612667 -0.1810651272535324 0.14063501358032227
v -0.02114601992070675 -0.1811101883649826 0.14638185501098633
v -0.018999019637703896 -0.18162408471107483 0.1427900791168213
v -0.015550299547612667 -0.1810651272535324 0.14063501358032227
v -0.018999019637703896 -0.18162408471107483 0.1427900791168213
v -0.02437496930360794 -0.18341369926929474 0.1432005763053894
v -0.015550299547612667 -0.1810651272535324 0.14063501358032227
v -0.02437496930360794 -0.18341369926929474 0.1432005763053894
v -0.01864401064813137 -0.18307560682296753 0.13747937977313995
v -0.015550299547612667 -0.1810651272535324 0.14063501358032227
v -0.01864401064813137 -0.18307560682296753 0.13747937977313995
v -0.014485250227153301 -0.18151140213012695 0.13747937977313995
v -0.015550299547612667 -0.1810651272535324 0.14063501358032227
v -0.014485250227153301 -0.18151140213012695 0.13747937977313995
v 0.055689480155706406 -0.17888332903385162 0.04599158093333244
v -0.015854600816965103 -0.17512379586696625 0.15171821415424347
v -0.01849186047911644 -0.1782432198524475 0.1490500569343567
v -0.013927370309829712 -0.1764085292816162 0.14789554476737976
v -0.015854600816965103 -0.17512379586696625 0.15171821415424347
v -0.01891450025141239 -0.14307765662670135 0.17039547860622406
v -0.019573809579014778 -0.14307765662670135 0.17093424499034882
v -0.015854600816965103 -0.17512379586696625 0.15171821415424347
v -0.019573809579014778 -0.14307765662670135 0.17093424499034882
v -0.022599900141358376 -0.14307765662670135 0.17339718341827393
v -0.015854600816965103 -0.17512379586696625 0.15171821415424347
v -0.022599900141358376 -0.14307765662670135 0.17339718341827393
v -0.02422281913459301 -0.14307765662670135 0.17455169558525085
v -0.015854600816965103 -0.17512379586696625 0.15171821415424347
v -0.02422281913459301 -0.14307765662670135 0.17455169558525085
v -0.026454349979758263 -0.17559261620044708 0.15782424807548523
v -0.013927370309829712 -0.1764085292816162 0.14789554476737976
v -0.01849186047911644 -0.1782432198524475 0.1490500569343567
v -0.017325380817055702 -0.18022215366363525 0.14443203806877136
v -0.013927370309829712 -0.1764085292816162 0.14789554476737976
v -0.017325380817055702 -0.18022215366363525 0.14443203806877136
v -0.012845420278608799 -0.17821617424488068 0.14330318570137024
v -0.012845420278608799 -0.17821617424488068 0.14330318570137024
v -0.017325380817055702 -0.18022215366363525 0.14443203806877136
v -0.015550299547612667 -0.1810651272535324 0.14063501358032227
v 0.03574097901582718 -0.14659827947616577 -0.07130573689937592
v 0.019021449610590935 -0.14649009704589844 -0.0771295502781868
v 0.032816339284181595 -0.14619256556034088 -0.07179319858551025
v 0.03574097901582718 -0.14659827947616577 -0.07130573689937592
v 0.043280839920043945 -0.14949679374694824 -0.06671339273452759
v 0.038783978670835495 -0.14949679374694824 -0.06958681344985962
v 0.055689480155706406 -0.144858255982399 -0.04552188888192177
v 0.04997542127966881 -0.144858255982399 -0.05124305933713913
v -0.01081676036119461 -0.14307765662670135 0.08383356034755707
v -0.01081676036119461 -0.14307765662670135 0.08383356034755707
v 0.04997542127966881 -0.144858255982399 -0.05124305933713913
v 0.04424446076154709 -0.144858255982399 -0.056964270770549774
v -0.01081676036119461 -0.14307765662670135 0.08383356034755707
v 0.04424446076154709 -0.144858255982399 -0.056964270770549774
v -0.01683511957526207 -0.14307765662670135 0.07862547039985657
v -0.01691965013742447 -0.14307765662670135 0.16852262616157532
v -0.01891450025141239 -0.14307765662670135 0.17039547860622406
v -0.015854600816965103 -0.17512379586696625 0.15171821415424347
v -0.015854600816965103 -0.17512379586696625 0.15171821415424347
v -0.026454349979758263 -0.17559261620044708 0.15782424807548523
v -0.019658340141177177 -0.1762687861919403 0.15307797491550446
v -0.015854600816965103 -0.17512379586696625 0.15171821415424347
v -0.019658340141177177 -0.1762687861919403 0.15307797491550446
v -0.01849186047911644 -0.1782432198524475 0.1490500569343567
v 0.04997542127966881 -0.18389153480529785 0.023106800392270088
v 0.04424446076154709 -0.184455007314682 0.028828000649809837
v 0.04424446076154709 -0.1849643886089325 0.023106800392270088
v 0.04997542127966881 -0.1832919865846634 0.028828000649809837
v 0.04997542127966881 -0.18258875608444214 0.03454919159412384
v 0.04424446076154709 -0.18383291363716125 0.03454919159412384
v 0.04997542127966881 -0.1832919865846634 0.028828000649809837
v 0.04424446076154709 -0.18383291363716125 0.03454919159412384
v 0.04424446076154709 -0.184455007314682 0.028828000649809837
v 0.04997542127966881 -0.18258875608444214 0.03454919159412384
v 0.05022900179028511 -0.18166466057300568 0.040347348898649216
v -0.026826269924640656 -0.1867630034685135 0.12960310280323029
v 0.04997542127966881 -0.18258875608444214 0.03454919159412384
v -0.026826269924640656 -0.1867630034685135 0.12960310280323029
v 0.04424446076154709 -0.18308913707733154 0.040270380675792694
v 0.04997542127966881 -0.18258875608444214 0.03454919159412384
v 0.04424446076154709 -0.18308913707733154 0.040270380675792694
v 0.04424446076154709 -0.18383291363716125 0.03454919159412384
v 0.04997542127966881 -0.18331903219223022 -0.034079499542713165
v 0.04424446076154709 -0.1848246455192566 -0.034079499542713165
v 0.04424446076154709 -0.1837562918663025 -0.03980066999793053
v 0.04997542127966881 -0.18331903219223022 -0.034079499542713165
v 0.04424446076154709 -0.1837562918663025 -0.03980066999793053
v 0.05029661953449249 -0.18195316195487976 -0.040082890540361404
v 0.053474850952625275 -0.18114176392555237 0.03850014880299568
v -0.02469618059694767 -0.18590201437473297 0.13160425424575806
v -0.026826269924640656 -0.1867630034685135 0.12960310280323029
v 0.053474850952625275 -0.18114176392555237 0.03850014880299568
v -0.026826269924640656 -0.1867630034685135 0.12960310280323029
v 0.05022900179028511 -0.18166466057300568 0.040347348898649216
v 0.053474850952625275 -0.18114176392555237 0.03850014880299568
v 0.05022900179028511 -0.18166466057300568 0.040347348898649216
v 0.04997542127966881 -0.18258875608444214 0.03454919159412384
v 0.05109117925167084 -0.1804250031709671 0.04599158093333244
v -0.01864401064813137 -0.18307560682296753 0.13747937977313995
v 0.05230838060379028 -0.18081268668174744 0.042322829365730286
v 0.05230838060379028 -0.18081268668174744 0.042322829365730286
v -0.01864401064813137 -0.18307560682296753 0.13747937977313995
v -0.01864401064813137 -0.18426567316055298 0.1317581832408905
v 0.05230838060379028 -0.18081268668174744 0.042322829365730286
v -0.01864401064813137 -0.18426567316055298 0.1317581832408905
v -0.02437496930360794 -0.1848381757736206 0.13747937977313995
v 0.05230838060379028 -0.18081268668174744 0.042322829365730286
v -0.02437496930360794 -0.1848381757736206 0.13747937977313995
v -0.02469618059694767 -0.18590201437473297 0.13160425424575806
v 0.04997542127966881 -0.18389153480529785 0.023106800392270088
v 0.04997542127966881 -0.1832919865846634 0.028828000649809837
v 0.04424446076154709 -0.184455007314682 0.028828000649809837
v 0.04997542127966881 -0.1850680708885193 0.005943220108747482
v 0.04997542127966881 -0.18477505445480347 0.011664420366287231
v 0.04181006923317909 -0.18673597276210785 0.0043012602254748344
v 0.04997542127966881 -0.1850680708885193 0.005943220108747482
v 0.04181006923317909 -0.18673597276210785 0.0043012602254748344
v 0.04238485172390938 -0.18683062493801117 0.00022202999389264733
v 0.04997542127966881 -0.18477505445480347 0.011664420366287231
v 0.04997542127966881 -0.1843964010477066 0.017385609447956085
v 0.04181006923317909 -0.18673597276210785 0.0043012602254748344
v 0.04997542127966881 -0.1843964010477066 0.017385609447956085
v 0.04108313098549843 -0.1866007298231125 0.008123939856886864
v 0.04181006923317909 -0.18673597276210785 0.0043012602254748344
v 0.04997542127966881 -0.1843964010477066 0.017385609447956085
v 0.04997542127966881 -0.18389153480529785 0.023106800392270088
v 0.04424446076154709 -0.1849643886089325 0.023106800392270088
v 0.04997542127966881 -0.1843964010477066 0.017385609447956085
v 0.04424446076154709 -0.1849643886089325 0.023106800392270088
v 0.04108313098549843 -0.1866007298231125 0.008123939856886864
v 0.05457371100783348 -0.18144376575946808 0.03454919159412384
v 0.053474850952625275 -0.18114176392555237 0.03850014880299568
v 0.04997542127966881 -0.18258875608444214 0.03454919159412384
v 0.053474850952625275 -0.18114176392555237 0.03850014880299568
v 0.05230838060379028 -0.18081268668174744 0.042322829365730286
v -0.02469618059694767 -0.18590201437473297 0.13160425424575806
v 0.04997542127966881 -0.1854422241449356 -0.011220360174775124
v 0.04267225041985512 -0.18691177666187286 -0.01694156974554062
v 0.04997542127966881 -0.18521682918071747 -0.01694156974554062
v 0.04997542127966881 -0.18521682918071747 -0.01694156974554062
v 0.04267225041985512 -0.18691177666187286 -0.01694156974554062
v 0.04192839935421944 -0.18678103387355804 -0.022662749513983727
v 0.04997542127966881 -0.18521682918071747 -0.01694156974554062
v 0.04192839935421944 -0.18678103387355804 -0.022662749513983727
v 0.04997542127966881 -0.18484267592430115 -0.022662749513983727
v 0.04997542127966881 -0.18484267592430115 -0.022662749513983727
v 0.04192839935421944 -0.18678103387355804 -0.022662749513983727
v 0.04143813997507095 -0.186681866645813 -0.025613149628043175
v 0.04997542127966881 -0.18484267592430115 -0.022662749513983727
v 0.04143813997507095 -0.186681866645813 -0.025613149628043175
v 0.04997542127966881 -0.18425214290618896 -0.02835828997194767
v 0.04997542127966881 -0.18425214290618896 -0.02835828997194767
v 0.04143813997507095 -0.186681866645813 -0.025613149628043175
v 0.04370347037911415 -0.18584342300891876 -0.027845170348882675
v 0.04997542127966881 -0.18425214290618896 -0.02835828997194767
v 0.04370347037911415 -0.18584342300891876 -0.027845170348882675
v 0.04424446076154709 -0.1848246455192566 -0.034079499542713165
v 0.04997542127966881 -0.18425214290618896 -0.02835828997194767
v 0.04424446076154709 -0.1848246455192566 -0.034079499542713165
v 0.04997542127966881 -0.18331903219223022 -0.034079499542713165
v 0.04424446076154709 -0.144858255982399 -0.056964270770549774
v 0.038530390709638596 -0.1449078470468521 -0.06268545240163803
v 0.02708536945283413 -0.14488530158996582 -0.06840665638446808
v 0.04424446076154709 -0.144858255982399 -0.056964270770549774
v 0.02708536945283413 -0.14488530158996582 -0.06840665638446808
v -0.02425662986934185 -0.14307765662670135 0.07452058792114258
v 0.04424446076154709 -0.144858255982399 -0.056964270770549774
v -0.02425662986934185 -0.14307765662670135 0.07452058792114258
v -0.01683511957526207 -0.14307765662670135 0.07862547039985657
v 0.038530390709638596 -0.1449078470468521 -0.06268545240163803
v 0.032816339284181595 -0.1453000158071518 -0.06840665638446808
v 0.02708536945283413 -0.14488530158996582 -0.06840665638446808
v 0.038936130702495575 -0.155217245221138 -0.06974074244499207
v 0.038936130702495575 -0.1666535884141922 -0.06976640969514847
v 0.036062199622392654 -0.155217245221138 -0.07148531824350357
v 0.038936130702495575 -0.155217245221138 -0.06974074244499207
v 0.036062199622392654 -0.155217245221138 -0.07148531824350357
v 0.03591004014015198 -0.14949679374694824 -0.07140834629535675
v 0.038936130702495575 -0.155217245221138 -0.06974074244499207
v 0.04356823116540909 -0.1666535884141922 -0.06689298897981644
v 0.038936130702495575 -0.1666535884141922 -0.06976640969514847
v 0.03591004014015198 -0.14949679374694824 -0.07140834629535675
v 0.036062199622392654 -0.155217245221138 -0.07148531824350357
v 0.032816339284181595 -0.155217245221138 -0.07281941175460815
v 0.031345561146736145 -0.17560163140296936 -0.07176753133535385
v 0.033069908618927 -0.17665645480155945 -0.068817138671875
v 0.02708536945283413 -0.17809897661209106 -0.06840665638446808
v 0.031345561146736145 -0.17560163140296936 -0.07176753133535385
v 0.02708536945283413 -0.17809897661209106 -0.06840665638446808
v 0.02708536945283413 -0.17602987587451935 -0.07251154631376266
v 0.03516620025038719 -0.1743529587984085 -0.07099787145853043
v 0.018548090010881424 -0.17524100840091705 -0.07700130343437195
v 0.033069908618927 -0.1724146008491516 -0.07222934067249298
v 0.03516620025038719 -0.1743529587984085 -0.07099787145853043
v 0.033069908618927 -0.1724146008491516 -0.07222934067249298
v 0.03594385087490082 -0.17053934931755066 -0.07143401354551315
v 0.03516620025038719 -0.1743529587984085 -0.07099787145853043
v 0.03594385087490082 -0.17053934931755066 -0.07143401354551315
v 0.04312868043780327 -0.17237402498722076 -0.06658510118722916
v 0.04312868043780327 -0.17237402498722076 -0.06658510118722916
v 0.03594385087490082 -0.17053934931755066 -0.07143401354551315
v 0.04642526060342789 -0.1666535884141922 -0.06509707868099213
v 0.04642526060342789 -0.1666535884141922 -0.06509707868099213
v 0.03594385087490082 -0.17053934931755066 -0.07143401354551315
v 0.04356823116540909 -0.1666535884141922 -0.06689298897981644
v 0.04642526060342789 -0.1666535884141922 -0.06509707868099213
v 0.04356823116540909 -0.1666535884141922 -0.06689298897981644
v 0.038936130702495575 -0.155217245221138 -0.06974074244499207
v 0.04424446076154709 -0.17874358594417572 -0.056964270770549774
v 0.038783978670835495 -0.18019960820674896 -0.056964270770549774
v 0.038530390709638596 -0.1780899465084076 -0.06268545240163803
v 0.038530390709638596 -0.1780899465084076 -0.06268545240163803
v 0.03239370137453079 -0.17967219650745392 -0.062198009341955185
v 0.033069908618927 -0.17665645480155945 -0.068817138671875
v 0.038530390709638596 -0.1780899465084076 -0.06268545240163803
v 0.033069908618927 -0.17665645480155945 -0.068817138671875
v 0.038530390709638596 -0.17607946693897247 -0.06712386757135391
v 0.038530390709638596 -0.1780899465084076 -0.06268545240163803
v 0.038783978670835495 -0.18019960820674896 -0.056964270770549774
v 0.034033529460430145 -0.18062785267829895 -0.058888450264930725
v 0.038530390709638596 -0.1780899465084076 -0.06268545240163803
v 0.034033529460430145 -0.18062785267829895 -0.058888450264930725
v 0.03239370137453079 -0.17967219650745392 -0.062198009341955185
v 0.038530390709638596 -0.17607946693897247 -0.06712386757135391
v 0.033069908618927 -0.17665645480155945 -0.068817138671875
v 0.031345561146736145 -0.17560163140296936 -0.07176753133535385
v 0.031345561146736145 -0.17560163140296936 -0.07176753133535385
v 0.02708536945283413 -0.17602987587451935 -0.07251154631376266
v 0.018548090010881424 -0.17524100840091705 -0.07700130343437195
v 0.031345561146736145 -0.17560163140296936 -0.07176753133535385
v 0.018548090010881424 -0.17524100840091705 -0.07700130343437195
v 0.03516620025038719 -0.1743529587984085 -0.07099787145853043
v 0.0486229807138443 -0.18140320479869843 -0.04436736926436424
v 0.05029661953449249 -0.18195316195487976 -0.040082890540361404
v 0.04424446076154709 -0.1837562918663025 -0.03980066999793053
v 0.0486229807138443 -0.18140320479869843 -0.04436736926436424
v 0.04424446076154709 -0.1837562918663025 -0.03980066999793053
v 0.044700898230075836 -0.18208840489387512 -0.045983679592609406
v 0.0486229807138443 -0.18140320479869843 -0.04436736926436424
v 0.044700898230075836 -0.18208840489387512 -0.045983679592609406
v 0.04689861834049225 -0.18089382350444794 -0.04816440865397453
v 0.04689861834049225 -0.18089382350444794 -0.04816440865397453
v 0.044700898230075836 -0.18208840489387512 -0.045983679592609406
v 0.043077971786260605 -0.18140320479869843 -0.04988332837820053
v 0.04689861834049225 -0.18089382350444794 -0.04816440865397453
v 0.043077971786260605 -0.18140320479869843 -0.04988332837820053
v 0.044700898230075836 -0.18045204877853394 -0.051576580852270126
v 0.044700898230075836 -0.18045204877853394 -0.051576580852270126
v 0.043077971786260605 -0.18140320479869843 -0.04988332837820053
v 0.04086335003376007 -0.180830717086792 -0.05370600149035454
v 0.044700898230075836 -0.18045204877853394 -0.051576580852270126
v 0.04086335003376007 -0.180830717086792 -0.05370600149035454
v 0.04424446076154709 -0.17874358594417572 -0.056964270770549774
v 0.04424446076154709 -0.17874358594417572 -0.056964270770549774
v 0.04086335003376007 -0.180830717086792 -0.05370600149035454
v 0.038783978670835495 -0.18019960820674896 -0.056964270770549774
v -0.02114601992070675 -0.1811101883649826 0.14638185501098633
v -0.02437496930360794 -0.18021313846111298 0.1504610925912857
v -0.02755321003496647 -0.18083973228931427 0.15158994495868683
v -0.02114601992070675 -0.1811101883649826 0.14638185501098633
v -0.02755321003496647 -0.18083973228931427 0.15158994495868683
v -0.02437496930360794 -0.1817142367362976 0.14758767187595367
v -0.02114601992070675 -0.1811101883649826 0.14638185501098633
v -0.02437496930360794 -0.1817142367362976 0.14758767187595367
v -0.02437496930360794 -0.18341369926929474 0.1432005763053894
v -0.02114601992070675 -0.1811101883649826 0.14638185501098633
v -0.02437496930360794 -0.18341369926929474 0.1432005763053894
v -0.018999019637703896 -0.18162408471107483 0.1427900791168213
v -0.02437496930360794 -0.18341369926929474 0.1432005763053894
v -0.030089030042290688 -0.185045525431633 0.1432005763053894
v -0.02437496930360794 -0.1848381757736206 0.13747937977313995
v -0.02437496930360794 -0.18341369926929474 0.1432005763053894
v -0.02437496930360794 -0.1848381757736206 0.13747937977313995
v -0.01864401064813137 -0.18307560682296753 0.13747937977313995
v -0.02437496930360794 -0.18341369926929474 0.1432005763053894
v -0.02437496930360794 -0.1817142367362976 0.14758767187595367
v -0.029717110097408295 -0.18257975578308105 0.1493835747241974
v -0.02437496930360794 -0.18341369926929474 0.1432005763053894
v -0.029717110097408295 -0.18257975578308105 0.1493835747241974
v -0.030089030042290688 -0.185045525431633 0.1432005763053894
v -0.026454349979758263 -0.17559261620044708 0.15782424807548523
v -0.02422281913459301 -0.14307765662670135 0.17455169558525085
v -0.029767829924821854 -0.14307765662670135 0.17755338549613953
v -0.026454349979758263 -0.17559261620044708 0.15782424807548523
v -0.029767829924821854 -0.14307765662670135 0.17755338549613953
v -0.035887621343135834 -0.14307765662670135 0.18065771460533142
v -0.026454349979758263 -0.17559261620044708 0.15782424807548523
v -0.035887621343135834 -0.14307765662670135 0.18065771460533142
v -0.030089030042290688 -0.1762687861919403 0.15851694345474243
v -0.019658340141177177 -0.1762687861919403 0.15307797491550446
v -0.024476399645209312 -0.17714782059192657 0.15484820306301117
v -0.02755321003496647 -0.18083973228931427 0.15158994495868683
v -0.019658340141177177 -0.1762687861919403 0.15307797491550446
v -0.02755321003496647 -0.18083973228931427 0.15158994495868683
v -0.02437496930360794 -0.18021313846111298 0.1504610925912857
v -0.019658340141177177 -0.1762687861919403 0.15307797491550446
v -0.02437496930360794 -0.18021313846111298 0.1504610925912857
v -0.01849186047911644 -0.1782432198524475 0.1490500569343567
v -0.01849186047911644 -0.1782432198524475 0.1490500569343567
v -0.02437496930360794 -0.18021313846111298 0.1504610925912857
v -0.02114601992070675 -0.1811101883649826 0.14638185501098633
v -0.01849186047911644 -0.1782432198524475 0.1490500569343567
v -0.02114601992070675 -0.1811101883649826 0.14638185501098633
v -0.017325380817055702 -0.18022215366363525 0.14443203806877136
v 0.02245325967669487 -0.14949679374694824 -0.07628291100263596
v 0.02708536945283413 -0.155217245221138 -0.075051449239254
v 0.02275756001472473 -0.155217245221138 -0.07659079879522324
v 0.019021449610590935 -0.14649009704589844 -0.0771295502781868
v 0.01959623023867607 -0.14949679374694824 -0.07725784182548523
v 0.015657249838113785 -0.14949679374694824 -0.07802748680114746
v 0.019021449610590935 -0.14649009704589844 -0.0771295502781868
v 0.015657249838113785 -0.14949679374694824 -0.07802748680114746
v 0.00992628000676632 -0.14949679374694824 -0.07897674292325974
v 0.019021449610590935 -0.14649009704589844 -0.0771295502781868
v 0.00992628000676632 -0.14949679374694824 -0.07897674292325974
v 0.015657249838113785 -0.1462060958147049 -0.07741176337003708
v 0.019021449610590935 -0.14649009704589844 -0.0771295502781868
v 0.015657249838113785 -0.1462060958147049 -0.07741176337003708
v 0.02708536945283413 -0.14577333629131317 -0.07269114255905151
v -0.026454349979758263 -0.17559261620044708 0.15782424807548523
v -0.030089030042290688 -0.1762687861919403 0.15851694345474243
v -0.029717110097408295 -0.17942878603935242 0.15451468527317047
v -0.026454349979758263 -0.17559261620044708 0.15782424807548523
v -0.029717110097408295 -0.17942878603935242 0.15451468527317047
v -0.024476399645209312 -0.17714782059192657 0.15484820306301117
v -0.026454349979758263 -0.17559261620044708 0.15782424807548523
v -0.024476399645209312 -0.17714782059192657 0.15484820306301117
v -0.019658340141177177 -0.1762687861919403 0.15307797491550446
v 0.03591004014015198 -0.14949679374694824 -0.07140834629535675
v 0.032816339284181595 -0.155217245221138 -0.07281941175460815
v 0.02708536945283413 -0.155217245221138 -0.075051449239254
v 0.03591004014015198 -0.14949679374694824 -0.07140834629535675
v 0.02708536945283413 -0.155217245221138 -0.075051449239254
v 0.032816339284181595 -0.14949679374694824 -0.07258853316307068
v 0.032816339284181595 -0.1453000158071518 -0.06840665638446808
v 0.032816339284181595 -0.14619256556034088 -0.07179319858551025
v 0.02708536945283413 -0.14577333629131317 -0.07269114255905151
v 0.032816339284181595 -0.1453000158071518 -0.06840665638446808
v 0.02708536945283413 -0.14577333629131317 -0.07269114255905151
v 0.02708536945283413 -0.14488530158996582 -0.06840665638446808
v 0.032816339284181595 -0.14619256556034088 -0.07179319858551025
v 0.019021449610590935 -0.14649009704589844 -0.0771295502781868
v 0.02708536945283413 -0.14577333629131317 -0.07269114255905151
v 0.032816339284181595 -0.14949679374694824 -0.07258853316307068
v 0.02708536945283413 -0.155217245221138 -0.075051449239254
v 0.02245325967669487 -0.14949679374694824 -0.07628291100263596
v 0.02245325967669487 -0.14949679374694824 -0.07628291100263596
v 0.02275756001472473 -0.155217245221138 -0.07659079879522324
v 0.01959623023867607 -0.14949679374694824 -0.07725784182548523
v 0.02245325967669487 -0.14949679374694824 -0.07628291100263596
v 0.01959623023867607 -0.14949679374694824 -0.07725784182548523
v 0.019021449610590935 -0.14649009704589844 -0.0771295502781868
v 0.04424446076154709 -0.1849643886089325 0.023106800392270088
v 0.04424446076154709 -0.184455007314682 0.028828000649809837
v 0.038530390709638596 -0.18485620617866516 0.03454919159412384
v 0.04424446076154709 -0.1849643886089325 0.023106800392270088
v 0.038530390709638596 -0.18485620617866516 0.03454919159412384
v -0.030089030042290688 -0.18761500716209412 0.12603698670864105
v 0.04424446076154709 -0.1849643886089325 0.023106800392270088
v -0.030089030042290688 -0.18761500716209412 0.12603698670864105
v 0.03531834855675697 -0.18659621477127075 0.019643299281597137
v -0.02469618059694767 -0.18590201437473297 0.13160425424575806
v -0.02437496930360794 -0.1848381757736206 0.13747937977313995
v -0.027975840494036674 -0.18643394112586975 0.13340014219284058
v -0.02469618059694767 -0.18590201437473297 0.13160425424575806
v -0.027975840494036674 -0.18643394112586975 0.13340014219284058
v -0.026826269924640656 -0.1867630034685135 0.12960310280323029
v -0.026826269924640656 -0.1867630034685135 0.12960310280323029
v -0.027975840494036674 -0.18643394112586975 0.13340014219284058
v -0.03177957981824875 -0.1869162768125534 0.136222243309021
v -0.026826269924640656 -0.1867630034685135 0.12960310280323029
v -0.03177957981824875 -0.1869162768125534 0.136222243309021
v -0.029953790828585625 -0.1871010959148407 0.13160425424575806
v -0.026826269924640656 -0.1867630034685135 0.12960310280323029
v -0.029953790828585625 -0.1871010959148407 0.13160425424575806
v 0.04424446076154709 -0.184455007314682 0.028828000649809837
v 0.04424446076154709 -0.1848246455192566 -0.034079499542713165
v 0.03650173172354698 -0.18682612478733063 -0.032360561192035675
v 0.038530390709638596 -0.18509060144424438 -0.03980066999793053
v 0.04424446076154709 -0.1848246455192566 -0.034079499542713165
v 0.038530390709638596 -0.18509060144424438 -0.03980066999793053
v 0.04424446076154709 -0.1837562918663025 -0.03980066999793053
v 0.04181006923317909 -0.18673597276210785 0.0043012602254748344
v 0.04108313098549843 -0.1866007298231125 0.008123939856886864
v 0.03736390918493271 -0.18687571585178375 0.011664420366287231
v 0.04181006923317909 -0.18673597276210785 0.0043012602254748344
v 0.03736390918493271 -0.18687571585178375 0.011664420366287231
v 0.038919221609830856 -0.18699291348457336 0.006097150035202503
v 0.04181006923317909 -0.18673597276210785 0.0043012602254748344
v 0.038919221609830856 -0.18699291348457336 0.006097150035202503
v 0.038530390709638596 -0.18731747567653656 0.00022202999389264733
v 0.04108313098549843 -0.1866007298231125 0.008123939856886864
v 0.03633268177509308 -0.1867539882659912 0.015820609405636787
v 0.03736390918493271 -0.18687571585178375 0.011664420366287231
v 0.04108313098549843 -0.1866007298231125 0.008123939856886864
v 0.04424446076154709 -0.1849643886089325 0.023106800392270088
v 0.03633268177509308 -0.1867539882659912 0.015820609405636787
v 0.04424446076154709 -0.1849643886089325 0.023106800392270088
v 0.03531834855675697 -0.18659621477127075 0.019643299281597137
v 0.03633268177509308 -0.1867539882659912 0.015820609405636787
v 0.04267225041985512 -0.18691177666187286 -0.01694156974554062
v 0.038530390709638596 -0.18757441639900208 -0.01694156974554062
v 0.038530390709638596 -0.18735353648662567 -0.022662749513983727
v 0.04267225041985512 -0.18691177666187286 -0.01694156974554062
v 0.038530390709638596 -0.18735353648662567 -0.022662749513983727
v 0.04192839935421944 -0.18678103387355804 -0.022662749513983727
v 0.04192839935421944 -0.18678103387355804 -0.022662749513983727
v 0.038530390709638596 -0.18735353648662567 -0.022662749513983727
v 0.04143813997507095 -0.186681866645813 -0.025613149628043175
v 0.04143813997507095 -0.186681866645813 -0.025613149628043175
v 0.038530390709638596 -0.18735353648662567 -0.022662749513983727
v 0.032816339284181595 -0.1877862960100174 -0.02835828997194767
v 0.04143813997507095 -0.186681866645813 -0.025613149628043175
v 0.032816339284181595 -0.1877862960100174 -0.02835828997194767
v 0.03844587132334709 -0.18696585297584534 -0.027845170348882675
v 0.04143813997507095 -0.186681866645813 -0.025613149628043175
v 0.03844587132334709 -0.18696585297584534 -0.027845170348882675
v 0.03650173172354698 -0.18682612478733063 -0.032360561192035675
v 0.04143813997507095 -0.186681866645813 -0.025613149628043175
v 0.03650173172354698 -0.18682612478733063 -0.032360561192035675
v 0.04424446076154709 -0.1848246455192566 -0.034079499542713165
v 0.04143813997507095 -0.186681866645813 -0.025613149628043175
v 0.04424446076154709 -0.1848246455192566 -0.034079499542713165
v 0.04370347037911415 -0.18584342300891876 -0.027845170348882675
v -0.01864401064813137 -0.18307560682296753 0.13747937977313995
v -0.02437496930360794 -0.1848381757736206 0.13747937977313995
v -0.01864401064813137 -0.18426567316055298 0.1317581832408905
v 0.04238485172390938 -0.18683062493801117 0.00022202999389264733
v 0.04181006923317909 -0.18673597276210785 0.0043012602254748344
v 0.038530390709638596 -0.18731747567653656 0.00022202999389264733
v 0.04238485172390938 -0.18683062493801117 0.00022202999389264733
v 0.038530390709638596 -0.18731747567653656 0.00022202999389264733
v 0.038530390709638596 -0.18751582503318787 -0.005499179940670729
v 0.04238485172390938 -0.18683062493801117 0.00022202999389264733
v 0.038530390709638596 -0.18751582503318787 -0.005499179940670729
v 0.042942728847265244 -0.18693430721759796 -0.005499179940670729
v 0.042942728847265244 -0.18693430721759796 -0.005499179940670729
v 0.038530390709638596 -0.18751582503318787 -0.005499179940670729
v 0.038530390709638596 -0.18760597705841064 -0.011220360174775124
v 0.042942728847265244 -0.18693430721759796 -0.005499179940670729
v 0.038530390709638596 -0.18760597705841064 -0.011220360174775124
v 0.043044161051511765 -0.1869613528251648 -0.011220360174775124
v 0.043044161051511765 -0.1869613528251648 -0.011220360174775124
v 0.038530390709638596 -0.18760597705841064 -0.011220360174775124
v 0.038530390709638596 -0.18757441639900208 -0.01694156974554062
v 0.043044161051511765 -0.1869613528251648 -0.011220360174775124
v 0.038530390709638596 -0.18757441639900208 -0.01694156974554062
v 0.04267225041985512 -0.18691177666187286 -0.01694156974554062
v 0.018548090010881424 -0.17524100840091705 -0.07700130343437195
v 0.019325749948620796 -0.17237402498722076 -0.07720652967691422
v 0.022182779386639595 -0.17237402498722076 -0.07623160630464554
v 0.018548090010881424 -0.17524100840091705 -0.07700130343437195
v 0.022182779386639595 -0.17237402498722076 -0.07623160630464554
v 0.02708536945283413 -0.17237402498722076 -0.07446137070655823
v 0.018548090010881424 -0.17524100840091705 -0.07700130343437195
v 0.02708536945283413 -0.17237402498722076 -0.07446137070655823
v 0.033069908618927 -0.1724146008491516 -0.07222934067249298
v 0.018548090010881424 -0.17524100840091705 -0.07700130343437195
v 0.02708536945283413 -0.17809897661209106 -0.06840665638446808
v 0.020813429728150368 -0.1762327253818512 -0.07425612211227417
v 0.018548090010881424 -0.17524100840091705 -0.07700130343437195
v 0.020813429728150368 -0.1762327253818512 -0.07425612211227417
v 0.02137131057679653 -0.17899152636528015 -0.06840665638446808
v 0.018548090010881424 -0.17524100840091705 -0.07700130343437195
v 0.02137131057679653 -0.17899152636528015 -0.06840665638446808
v 0.015657249838113785 -0.17700357735157013 -0.07412783801555634
v 0.018548090010881424 -0.17524100840091705 -0.07700130343437195
v 0.015657249838113785 -0.17700357735157013 -0.07412783801555634
v 0.015657249838113785 -0.17542582750320435 -0.07720652967691422
v 0.02708536945283413 -0.17809897661209106 -0.06840665638446808
v 0.02137131057679653 -0.1806098371744156 -0.0646609291434288
v 0.02137131057679653 -0.17899152636528015 -0.06840665638446808
v 0.03239370137453079 -0.17967219650745392 -0.062198009341955185
v 0.034033529460430145 -0.18062785267829895 -0.058888450264930725
v 0.030212879180908203 -0.18100200593471527 -0.05996597185730934
v 0.03239370137453079 -0.17967219650745392 -0.062198009341955185
v 0.030212879180908203 -0.18100200593471527 -0.05996597185730934
v 0.02708536945283413 -0.1801590472459793 -0.06353207677602768
v 0.034033529460430145 -0.18062785267829895 -0.058888450264930725
v 0.037042710930109024 -0.18126797676086426 -0.05506575107574463
v 0.03239370137453079 -0.18160155415534973 -0.056964270770549774
v 0.034033529460430145 -0.18062785267829895 -0.058888450264930725
v 0.03239370137453079 -0.18160155415534973 -0.056964270770549774
v 0.030212879180908203 -0.18100200593471527 -0.05996597185730934
v 0.02708536945283413 -0.17602987587451935 -0.07251154631376266
v 0.02708536945283413 -0.17809897661209106 -0.06840665638446808
v 0.018548090010881424 -0.17524100840091705 -0.07700130343437195
v 0.018548090010881424 -0.17524100840091705 -0.07700130343437195
v 0.015657249838113785 -0.17542582750320435 -0.07720652967691422
v 0.00992628000676632 -0.17237402498722076 -0.07866889238357544
v 0.018548090010881424 -0.17524100840091705 -0.07700130343437195
v 0.00992628000676632 -0.17237402498722076 -0.07866889238357544
v 0.015657249838113785 -0.17237402498722076 -0.07787357270717621
v 0.018548090010881424 -0.17524100840091705 -0.07700130343437195
v 0.015657249838113785 -0.17237402498722076 -0.07787357270717621
v 0.019325749948620796 -0.17237402498722076 -0.07720652967691422
v 0.044700898230075836 -0.18208840489387512 -0.045983679592609406
v 0.038530390709638596 -0.18378333747386932 -0.04552188888192177
v 0.043077971786260605 -0.18140320479869843 -0.04988332837820053
v 0.043077971786260605 -0.18140320479869843 -0.04988332837820053
v 0.038783978670835495 -0.18196667730808258 -0.051576580852270126
v 0.04086335003376007 -0.180830717086792 -0.05370600149035454
v 0.043077971786260605 -0.18140320479869843 -0.04988332837820053
v 0.038530390709638596 -0.18378333747386932 -0.04552188888192177
v 0.038783978670835495 -0.18196667730808258 -0.051576580852270126
v 0.04086335003376007 -0.180830717086792 -0.05370600149035454
v 0.037042710930109024 -0.18126797676086426 -0.05506575107574463
v 0.038783978670835495 -0.18019960820674896 -0.056964270770549774
v 0.04086335003376007 -0.180830717086792 -0.05370600149035454
v 0.038783978670835495 -0.18196667730808258 -0.051576580852270126
v 0.037042710930109024 -0.18126797676086426 -0.05506575107574463
v 0.038783978670835495 -0.18019960820674896 -0.056964270770549774
v 0.037042710930109024 -0.18126797676086426 -0.05506575107574463
v 0.034033529460430145 -0.18062785267829895 -0.058888450264930725
v 0.03239370137453079 -0.17967219650745392 -0.062198009341955185
v 0.02708536945283413 -0.1801590472459793 -0.06353207677602768
v 0.02708536945283413 -0.17809897661209106 -0.06840665638446808
v 0.03239370137453079 -0.17967219650745392 -0.062198009341955185
v 0.02708536945283413 -0.17809897661209106 -0.06840665638446808
v 0.033069908618927 -0.17665645480155945 -0.068817138671875
v -0.026826269924640656 -0.1867630034685135 0.12960310280323029
v 0.04424446076154709 -0.184455007314682 0.028828000649809837
v 0.04424446076154709 -0.18383291363716125 0.03454919159412384
v -0.026826269924640656 -0.1867630034685135 0.12960310280323029
v 0.04424446076154709 -0.18383291363716125 0.03454919159412384
v 0.04424446076154709 -0.18308913707733154 0.040270380675792694
v -0.02437496930360794 -0.1848381757736206 0.13747937977313995
v -0.030089030042290688 -0.185045525431633 0.1432005763053894
v -0.03321655094623566 -0.18658721446990967 0.1400192826986313
v -0.02437496930360794 -0.1848381757736206 0.13747937977313995
v -0.03321655094623566 -0.18658721446990967 0.1400192826986313
v -0.029953790828585625 -0.1861860156059265 0.13786421716213226
v -0.02437496930360794 -0.1848381757736206 0.13747937977313995
v -0.029953790828585625 -0.1861860156059265 0.13786421716213226
v -0.027975840494036674 -0.18643394112586975 0.13340014219284058
v 0.04424446076154709 -0.184455007314682 0.028828000649809837
v -0.029953790828585625 -0.1871010959148407 0.13160425424575806
v 0.038530390709638596 -0.18485620617866516 0.03454919159412384
v 0.04424446076154709 -0.1837562918663025 -0.03980066999793053
v 0.038530390709638596 -0.18509060144424438 -0.03980066999793053
v 0.038530390709638596 -0.18378333747386932 -0.04552188888192177
v 0.04424446076154709 -0.1837562918663025 -0.03980066999793053
v 0.038530390709638596 -0.18378333747386932 -0.04552188888192177
v 0.044700898230075836 -0.18208840489387512 -0.045983679592609406
v 0.02275756001472473 -0.155217245221138 -0.07659079879522324
v 0.02000197023153305 -0.1666535884141922 -0.07738611847162247
v 0.019900530576705933 -0.155217245221138 -0.07736045122146606
v 0.02275756001472473 -0.155217245221138 -0.07659079879522324
v 0.019900530576705933 -0.155217245221138 -0.07736045122146606
v 0.01959623023867607 -0.14949679374694824 -0.07725784182548523
v 0.01959623023867607 -0.14949679374694824 -0.07725784182548523
v 0.019900530576705933 -0.155217245221138 -0.07736045122146606
v 0.015657249838113785 -0.155217245221138 -0.07823275774717331
v 0.01959623023867607 -0.14949679374694824 -0.07725784182548523
v 0.015657249838113785 -0.155217245221138 -0.07823275774717331
v 0.015657249838113785 -0.14949679374694824 -0.07802748680114746
v 0.015657249838113785 -0.14949679374694824 -0.07802748680114746
v 0.015657249838113785 -0.155217245221138 -0.07823275774717331
v 0.00992628000676632 -0.155217245221138 -0.07925894856452942
v 0.015657249838113785 -0.14949679374694824 -0.07802748680114746
v 0.00992628000676632 -0.155217245221138 -0.07925894856452942
v 0.00992628000676632 -0.14949679374694824 -0.07897674292325974
v 0.00992628000676632 -0.14949679374694824 -0.07897674292325974
v 0.00992628000676632 -0.1458815336227417 -0.0778222605586052
v 0.015657249838113785 -0.1462060958147049 -0.07741176337003708
v 0.00992628000676632 -0.14949679374694824 -0.07897674292325974
v 0.00992628000676632 -0.155217245221138 -0.07925894856452942
v 0.0042122299782931805 -0.155217245221138 -0.07979773730039597
v 0.036062199622392654 -0.155217245221138 -0.07148531824350357
v 0.032816339284181595 -0.1666535884141922 -0.07287073880434036
v 0.032816339284181595 -0.155217245221138 -0.07281941175460815
v 0.032816339284181595 -0.155217245221138 -0.07281941175460815
v 0.032816339284181595 -0.1666535884141922 -0.07287073880434036
v 0.02708536945283413 -0.1666535884141922 -0.07510276138782501
v 0.032816339284181595 -0.155217245221138 -0.07281941175460815
v 0.02708536945283413 -0.1666535884141922 -0.07510276138782501
v 0.02708536945283413 -0.155217245221138 -0.075051449239254
v 0.02708536945283413 -0.155217245221138 -0.075051449239254
v 0.02708536945283413 -0.1666535884141922 -0.07510276138782501
v 0.02275756001472473 -0.155217245221138 -0.07659079879522324
v 0.02708536945283413 -0.14577333629131317 -0.07269114255905151
v 0.015657249838113785 -0.1462060958147049 -0.07741176337003708
v 0.00992628000676632 -0.1458815336227417 -0.0778222605586052
v 0.02708536945283413 -0.14577333629131317 -0.07269114255905151
v 0.00992628000676632 -0.1458815336227417 -0.0778222605586052
v 0.015657249838113785 -0.1453135460615158 -0.07412783801555634
v 0.02275756001472473 -0.155217245221138 -0.07659079879522324
v 0.02708536945283413 -0.1666535884141922 -0.07510276138782501
v 0.022858990356326103 -0.1666535884141922 -0.07659079879522324
v 0.02275756001472473 -0.155217245221138 -0.07659079879522324
v 0.022858990356326103 -0.1666535884141922 -0.07659079879522324
v 0.02000197023153305 -0.1666535884141922 -0.07738611847162247
v 0.02708536945283413 -0.14488530158996582 -0.06840665638446808
v 0.02708536945283413 -0.14577333629131317 -0.07269114255905151
v 0.015657249838113785 -0.1453135460615158 -0.07412783801555634
v 0.02708536945283413 -0.14488530158996582 -0.06840665638446808
v 0.015657249838113785 -0.1453135460615158 -0.07412783801555634
v 0.00992628000676632 -0.1449889838695526 -0.07412783801555634
v 0.02708536945283413 -0.14488530158996582 -0.06840665638446808
v 0.00992628000676632 -0.1449889838695526 -0.07412783801555634
v 0.0042122299782931805 -0.14487628638744354 -0.07412783801555634
v 0.02708536945283413 -0.14488530158996582 -0.06840665638446808
v 0.0042122299782931805 -0.14487628638744354 -0.07412783801555634
v 0.02137131057679653 -0.144858255982399 -0.06840665638446808
v 0.02708536945283413 -0.14488530158996582 -0.06840665638446808
v 0.02137131057679653 -0.144858255982399 -0.06840665638446808
v -0.02425662986934185 -0.14307765662670135 0.07452058792114258
v -0.02425662986934185 -0.14307765662670135 0.07452058792114258
v 0.02137131057679653 -0.144858255982399 -0.06840665638446808
v -0.02902398072183132 -0.14307765662670135 0.07277601212263107
v 0.038936130702495575 -0.1666535884141922 -0.06976640969514847
v 0.036079101264476776 -0.1666535884141922 -0.07148531824350357
v 0.036062199622392654 -0.155217245221138 -0.07148531824350357
v 0.036062199622392654 -0.155217245221138 -0.07148531824350357
v 0.036079101264476776 -0.1666535884141922 -0.07148531824350357
v 0.032816339284181595 -0.1666535884141922 -0.07287073880434036
v 0.02708536945283413 -0.17809897661209106 -0.06840665638446808
v 0.02137131057679653 -0.17899152636528015 -0.06840665638446808
v 0.020813429728150368 -0.1762327253818512 -0.07425612211227417
v 0.02708536945283413 -0.17809897661209106 -0.06840665638446808
v 0.02708536945283413 -0.1801590472459793 -0.06353207677602768
v 0.02137131057679653 -0.1806098371744156 -0.0646609291434288
v 0.033069908618927 -0.1724146008491516 -0.07222934067249298
v 0.02708536945283413 -0.17237402498722076 -0.07446137070655823
v 0.03594385087490082 -0.17053934931755066 -0.07143401354551315
v 0.03594385087490082 -0.17053934931755066 -0.07143401354551315
v 0.02708536945283413 -0.17237402498722076 -0.07446137070655823
v 0.02708536945283413 -0.1666535884141922 -0.07510276138782501
v 0.03594385087490082 -0.17053934931755066 -0.07143401354551315
v 0.02708536945283413 -0.1666535884141922 -0.07510276138782501
v 0.032816339284181595 -0.1666535884141922 -0.07287073880434036
v 0.03594385087490082 -0.17053934931755066 -0.07143401354551315
v 0.032816339284181595 -0.1666535884141922 -0.07287073880434036
v 0.036079101264476776 -0.1666535884141922 -0.07148531824350357
v 0.03594385087490082 -0.17053934931755066 -0.07143401354551315
v 0.036079101264476776 -0.1666535884141922 -0.07148531824350357
v 0.038936130702495575 -0.1666535884141922 -0.06976640969514847
v 0.03594385087490082 -0.17053934931755066 -0.07143401354551315
v 0.038936130702495575 -0.1666535884141922 -0.06976640969514847
v 0.04356823116540909 -0.1666535884141922 -0.06689298897981644
v 0.038530390709638596 -0.18757441639900208 -0.01694156974554062
v 0.032816339284181595 -0.18824608623981476 -0.01694156974554062
v 0.032816339284181595 -0.18813340365886688 -0.022662749513983727
v 0.038530390709638596 -0.18757441639900208 -0.01694156974554062
v 0.032816339284181595 -0.18813340365886688 -0.022662749513983727
v 0.038530390709638596 -0.18735353648662567 -0.022662749513983727
v 0.038530390709638596 -0.18735353648662567 -0.022662749513983727
v 0.032816339284181595 -0.18813340365886688 -0.022662749513983727
v 0.032816339284181595 -0.1877862960100174 -0.02835828997194767
v 0.032816339284181595 -0.1877862960100174 -0.02835828997194767
v 0.032816339284181595 -0.18813340365886688 -0.022662749513983727
v 0.02708536945283413 -0.18843090534210205 -0.02835828997194767
v 0.032816339284181595 -0.1877862960100174 -0.02835828997194767
v 0.02708536945283413 -0.18843090534210205 -0.02835828997194767
v 0.02708536945283413 -0.18793053925037384 -0.034079499542713165
v 0.032816339284181595 -0.1877862960100174 -0.02835828997194767
v 0.02708536945283413 -0.18793053925037384 -0.034079499542713165
v 0.032968491315841675 -0.187137171626091 -0.034182108938694
v 0.032816339284181595 -0.1877862960100174 -0.02835828997194767
v 0.032968491315841675 -0.187137171626091 -0.034182108938694
v 0.03650173172354698 -0.18682612478733063 -0.032360561192035675
v 0.032816339284181595 -0.1877862960100174 -0.02835828997194767
v 0.03650173172354698 -0.18682612478733063 -0.032360561192035675
v 0.03844587132334709 -0.18696585297584534 -0.027845170348882675
v 0.038530390709638596 -0.18731747567653656 0.00022202999389264733
v 0.032816339284181595 -0.1873445212841034 0.011664420366287231
v 0.032816339284181595 -0.1876104772090912 0.005943220108747482
v 0.038530390709638596 -0.18731747567653656 0.00022202999389264733
v 0.032816339284181595 -0.1876104772090912 0.005943220108747482
v 0.032816339284181595 -0.18785390257835388 0.00022202999389264733
v 0.038530390709638596 -0.18731747567653656 0.00022202999389264733
v 0.032816339284181595 -0.18785390257835388 0.00022202999389264733
v 0.032816339284181595 -0.1880522519350052 -0.005499179940670729
v 0.038530390709638596 -0.18731747567653656 0.00022202999389264733
v 0.032816339284181595 -0.1880522519350052 -0.005499179940670729
v 0.038530390709638596 -0.18751582503318787 -0.005499179940670729
v 0.038530390709638596 -0.18751582503318787 -0.005499179940670729
v 0.032816339284181595 -0.1880522519350052 -0.005499179940670729
v 0.032816339284181595 -0.1881919950246811 -0.011220360174775124
v 0.038530390709638596 -0.18751582503318787 -0.005499179940670729
v 0.032816339284181595 -0.1881919950246811 -0.011220360174775124
v 0.038530390709638596 -0.18760597705841064 -0.011220360174775124
v 0.038530390709638596 -0.18760597705841064 -0.011220360174775124
v 0.032816339284181595 -0.1881919950246811 -0.011220360174775124
v 0.032816339284181595 -0.18824608623981476 -0.01694156974554062
v 0.038530390709638596 -0.18760597705841064 -0.011220360174775124
v 0.032816339284181595 -0.18824608623981476 -0.01694156974554062
v 0.038530390709638596 -0.18757441639900208 -0.01694156974554062
v -0.035887621343135834 -0.14307765662670135 0.18065771460533142
v -0.041534051299095154 -0.14307765662670135 0.18178656697273254
v -0.035803090780973434 -0.17706666886806488 0.15933792293071747
v -0.02755321003496647 -0.18083973228931427 0.15158994495868683
v -0.029717110097408295 -0.18257975578308105 0.1493835747241974
v -0.02437496930360794 -0.1817142367362976 0.14758767187595367
v -0.02755321003496647 -0.18083973228931427 0.15158994495868683
v -0.03135693818330765 -0.18144828081130981 0.1525391936302185
v -0.029717110097408295 -0.18257975578308105 0.1493835747241974
v -0.030089030042290688 -0.185045525431633 0.1432005763053894
v -0.03539735823869705 -0.18615445494651794 0.14335450530052185
v -0.03321655094623566 -0.18658721446990967 0.1400192826986313
v -0.030089030042290688 -0.185045525431633 0.1432005763053894
v -0.029717110097408295 -0.18257975578308105 0.1493835747241974
v -0.035803090780973434 -0.18426567316055298 0.14892177283763885
v -0.030089030042290688 -0.185045525431633 0.1432005763053894
v -0.035803090780973434 -0.18426567316055298 0.14892177283763885
v -0.03539735823869705 -0.18615445494651794 0.14335450530052185
v -0.029717110097408295 -0.18257975578308105 0.1493835747241974
v -0.03135693818330765 -0.18144828081130981 0.1525391936302185
v -0.035803090780973434 -0.18426567316055298 0.14892177283763885
v 0.038530390709638596 -0.18731747567653656 0.00022202999389264733
v 0.038919221609830856 -0.18699291348457336 0.006097150035202503
v 0.032816339284181595 -0.1873445212841034 0.011664420366287231
v 0.00992628000676632 -0.14949679374694824 -0.07897674292325974
v 0.0042122299782931805 -0.155217245221138 -0.07979773730039597
v 0.0042122299782931805 -0.14949679374694824 -0.07943855226039886
v 0.00992628000676632 -0.14949679374694824 -0.07897674292325974
v 0.0042122299782931805 -0.14949679374694824 -0.07943855226039886
v 0.00992628000676632 -0.1458815336227417 -0.0778222605586052
v -0.030089030042290688 -0.1762687861919403 0.15851694345474243
v -0.035803090780973434 -0.17706666886806488 0.15933792293071747
v -0.035803090780973434 -0.1799246370792389 0.15618230402469635
v -0.030089030042290688 -0.1762687861919403 0.15851694345474243
v -0.035803090780973434 -0.1799246370792389 0.15618230402469635
v -0.029717110097408295 -0.17942878603935242 0.15451468527317047
v -0.030089030042290688 -0.1762687861919403 0.15851694345474243
v -0.035887621343135834 -0.14307765662670135 0.18065771460533142
v -0.035803090780973434 -0.17706666886806488 0.15933792293071747
v -0.029717110097408295 -0.17942878603935242 0.15451468527317047
v -0.035803090780973434 -0.1799246370792389 0.15618230402469635
v -0.03135693818330765 -0.18144828081130981 0.1525391936302185
v -0.029717110097408295 -0.17942878603935242 0.15451468527317047
v -0.03135693818330765 -0.18144828081130981 0.1525391936302185
v -0.02755321003496647 -0.18083973228931427 0.15158994495868683
v -0.029717110097408295 -0.17942878603935242 0.15451468527317047
v -0.02755321003496647 -0.18083973228931427 0.15158994495868683
v -0.024476399645209312 -0.17714782059192657 0.15484820306301117
v 0.038783978670835495 -0.18196667730808258 -0.051576580852270126
v 0.032816339284181595 -0.18340016901493073 -0.05124305933713913
v 0.037042710930109024 -0.18126797676086426 -0.05506575107574463
v 0.037042710930109024 -0.18126797676086426 -0.05506575107574463
v 0.032816339284181595 -0.18340016901493073 -0.05124305933713913
v 0.03239370137453079 -0.18160155415534973 -0.056964270770549774
v 0.02708536945283413 -0.1801590472459793 -0.06353207677602768
v 0.030212879180908203 -0.18100200593471527 -0.05996597185730934
v 0.02708536945283413 -0.18126346170902252 -0.06065865978598595
v 0.02708536945283413 -0.1801590472459793 -0.06353207677602768
v 0.02708536945283413 -0.18126346170902252 -0.06065865978598595
v 0.02137131057679653 -0.1806098371744156 -0.0646609291434288
v 0.030212879180908203 -0.18100200593471527 -0.05996597185730934
v 0.03239370137453079 -0.18160155415534973 -0.056964270770549774
v 0.02708536945283413 -0.1825842559337616 -0.056964270770549774
v 0.030212879180908203 -0.18100200593471527 -0.05996597185730934
v 0.02708536945283413 -0.1825842559337616 -0.056964270770549774
v 0.02708536945283413 -0.18126346170902252 -0.06065865978598595
v 0.03239370137453079 -0.18160155415534973 -0.056964270770549774
v 0.032816339284181595 -0.18340016901493073 -0.05124305933713913
v 0.02708536945283413 -0.1825842559337616 -0.056964270770549774
v 0.015657249838113785 -0.17542582750320435 -0.07720652967691422
v 0.00992628000676632 -0.1756872832775116 -0.07751438021659851
v 0.0042122299782931805 -0.17237402498722076 -0.07918200641870499
v -0.03177957981824875 -0.1869162768125534 0.136222243309021
v -0.029953790828585625 -0.1861860156059265 0.13786421716213226
v -0.03321655094623566 -0.18658721446990967 0.1400192826986313
v -0.03177957981824875 -0.1869162768125534 0.136222243309021
v -0.03321655094623566 -0.18658721446990967 0.1400192826986313
v -0.03539735823869705 -0.18730394542217255 0.13786421716213226
v -0.03177957981824875 -0.1869162768125534 0.136222243309021
v -0.03539735823869705 -0.18730394542217255 0.13786421716213226
v -0.035803090780973434 -0.18798914551734924 0.1317581832408905
v -0.03177957981824875 -0.1869162768125534 0.136222243309021
v -0.035803090780973434 -0.18798914551734924 0.1317581832408905
v -0.029953790828585625 -0.1871010959148407 0.13160425424575806
v -0.03321655094623566 -0.18658721446990967 0.1400192826986313
v -0.03539735823869705 -0.18615445494651794 0.14335450530052185
v -0.03702028840780258 -0.18697036802768707 0.14158427715301514
v -0.03321655094623566 -0.18658721446990967 0.1400192826986313
v -0.03702028840780258 -0.18697036802768707 0.14158427715301514
v -0.03539735823869705 -0.18730394542217255 0.13786421716213226
v 0.038530390709638596 -0.18378333747386932 -0.04552188888192177
v 0.032816339284181595 -0.18495987355709076 -0.04552188888192177
v 0.032816339284181595 -0.18340016901493073 -0.05124305933713913
v 0.038530390709638596 -0.18378333747386932 -0.04552188888192177
v 0.032816339284181595 -0.18340016901493073 -0.05124305933713913
v 0.038783978670835495 -0.18196667730808258 -0.051576580852270126
v 0.03736390918493271 -0.18687571585178375 0.011664420366287231
v 0.03633268177509308 -0.1867539882659912 0.015820609405636787
v -0.035803090780973434 -0.1883317232131958 0.12603698670864105
v 0.03736390918493271 -0.18687571585178375 0.011664420366287231
v -0.035803090780973434 -0.1883317232131958 0.12603698670864105
v 0.032816339284181595 -0.1873445212841034 0.011664420366287231
v 0.03633268177509308 -0.1867539882659912 0.015820609405636787
v 0.03531834855675697 -0.18659621477127075 0.019643299281597137
v -0.030089030042290688 -0.18761500716209412 0.12603698670864105
v 0.03633268177509308 -0.1867539882659912 0.015820609405636787
v -0.030089030042290688 -0.18761500716209412 0.12603698670864105
v -0.035803090780973434 -0.18798914551734924 0.1317581832408905
v 0.03633268177509308 -0.1867539882659912 0.015820609405636787
v -0.035803090780973434 -0.18798914551734924 0.1317581832408905
v -0.035803090780973434 -0.1883317232131958 0.12603698670864105
v 0.038530390709638596 -0.18485620617866516 0.03454919159412384
v -0.029953790828585625 -0.1871010959148407 0.13160425424575806
v -0.030089030042290688 -0.18761500716209412 0.12603698670864105
v -0.030089030042290688 -0.18761500716209412 0.12603698670864105
v -0.029953790828585625 -0.1871010959148407 0.13160425424575806
v -0.035803090780973434 -0.18798914551734924 0.1317581832408905
v -0.027975840494036674 -0.18643394112586975 0.13340014219284058
v -0.029953790828585625 -0.1861860156059265 0.13786421716213226
v -0.03177957981824875 -0.1869162768125534 0.136222243309021
v 0.03650173172354698 -0.18682612478733063 -0.032360561192035675
v 0.032968491315841675 -0.187137171626091 -0.034182108938694
v 0.031159600242972374 -0.18686218559741974 -0.03808176890015602
v 0.03650173172354698 -0.18682612478733063 -0.032360561192035675
v 0.031159600242972374 -0.18686218559741974 -0.03808176890015602
v 0.03498024120926857 -0.18649254739284515 -0.03615758940577507
v 0.03650173172354698 -0.18682612478733063 -0.032360561192035675
v 0.03498024120926857 -0.18649254739284515 -0.03615758940577507
v 0.038530390709638596 -0.18509060144424438 -0.03980066999793053
v 0.038530390709638596 -0.18509060144424438 -0.03980066999793053
v 0.032968491315841675 -0.18614543974399567 -0.03992896154522896
v 0.032816339284181595 -0.18495987355709076 -0.04552188888192177
v 0.038530390709638596 -0.18509060144424438 -0.03980066999793053
v 0.032816339284181595 -0.18495987355709076 -0.04552188888192177
v 0.038530390709638596 -0.18378333747386932 -0.04552188888192177
v 0.038530390709638596 -0.18509060144424438 -0.03980066999793053
v 0.03498024120926857 -0.18649254739284515 -0.03615758940577507
v 0.031159600242972374 -0.18686218559741974 -0.03808176890015602
v 0.038530390709638596 -0.18509060144424438 -0.03980066999793053
v 0.031159600242972374 -0.18686218559741974 -0.03808176890015602
v 0.032968491315841675 -0.18614543974399567 -0.03992896154522896
v 0.03736390918493271 -0.18687571585178375 0.011664420366287231
v 0.032816339284181595 -0.1873445212841034 0.011664420366287231
v 0.038919221609830856 -0.18699291348457336 0.006097150035202503
v 0.0042122299782931805 -0.14487628638744354 -0.07412783801555634
v -0.04724811017513275 -0.14307765662670135 0.06982561200857162
v -0.043258409947156906 -0.14307765662670135 0.06990257650613785
v 0.0042122299782931805 -0.14487628638744354 -0.07412783801555634
v -0.043258409947156906 -0.14307765662670135 0.06990257650613785
v -0.041534051299095154 -0.14307765662670135 0.06995388865470886
v 0.0042122299782931805 -0.14487628638744354 -0.07412783801555634
v -0.041534051299095154 -0.14307765662670135 0.06995388865470886
v -0.038491059094667435 -0.14307765662670135 0.07051832228899002
v 0.0042122299782931805 -0.14487628638744354 -0.07412783801555634
v -0.038491059094667435 -0.14307765662670135 0.07051832228899002
v -0.02902398072183132 -0.14307765662670135 0.07277601212263107
v 0.0042122299782931805 -0.14487628638744354 -0.07412783801555634
v -0.02902398072183132 -0.14307765662670135 0.07277601212263107
v 0.02137131057679653 -0.144858255982399 -0.06840665638446808
v 0.00992628000676632 -0.1458815336227417 -0.0778222605586052
v 0.0042122299782931805 -0.14949679374694824 -0.07943855226039886
v 0.0042122299782931805 -0.1457643359899521 -0.07802748680114746
v 0.02000197023153305 -0.1666535884141922 -0.07738611847162247
v 0.015657249838113785 -0.1666535884141922 -0.07828406989574432
v 0.019900530576705933 -0.155217245221138 -0.07736045122146606
v 0.019900530576705933 -0.155217245221138 -0.07736045122146606
v 0.015657249838113785 -0.1666535884141922 -0.07828406989574432
v 0.015657249838113785 -0.155217245221138 -0.07823275774717331
v 0.015657249838113785 -0.17700357735157013 -0.07412783801555634
v 0.015505099669098854 -0.1798660308122635 -0.06791920214891434
v 0.00992628000676632 -0.1774994283914566 -0.07412783801555634
v 0.02137131057679653 -0.1806098371744156 -0.0646609291434288
v 0.02708536945283413 -0.18126346170902252 -0.06065865978598595
v 0.02137131057679653 -0.18168269097805023 -0.06178750842809677
v 0.02137131057679653 -0.1806098371744156 -0.0646609291434288
v 0.02137131057679653 -0.18168269097805023 -0.06178750842809677
v 0.017330899834632874 -0.180844247341156 -0.06527666002511978
v 0.015657249838113785 -0.1453135460615158 -0.07412783801555634
v 0.00992628000676632 -0.1458815336227417 -0.0778222605586052
v 0.00992628000676632 -0.1449889838695526 -0.07412783801555634
v 0.00992628000676632 -0.1449889838695526 -0.07412783801555634
v 0.00992628000676632 -0.1458815336227417 -0.0778222605586052
v 0.0042122299782931805 -0.1457643359899521 -0.07802748680114746
v 0.00992628000676632 -0.1449889838695526 -0.07412783801555634
v 0.0042122299782931805 -0.1457643359899521 -0.07802748680114746
v 0.0042122299782931805 -0.14487628638744354 -0.07412783801555634
v 0.0042122299782931805 -0.14487628638744354 -0.07412783801555634
v 0.0042122299782931805 -0.1457643359899521 -0.07802748680114746
v -0.0015018299454823136 -0.14487628638744354 -0.07412783801555634
v 0.0042122299782931805 -0.14487628638744354 -0.07412783801555634
v -0.0015018299454823136 -0.14487628638744354 -0.07412783801555634
v -0.04724811017513275 -0.14307765662670135 0.06982561200857162
v 0.019325749948620796 -0.17237402498722076 -0.07720652967691422
v 0.02000197023153305 -0.1666535884141922 -0.07738611847162247
v 0.022858990356326103 -0.1666535884141922 -0.07659079879522324
v 0.019325749948620796 -0.17237402498722076 -0.07720652967691422
v 0.022858990356326103 -0.1666535884141922 -0.07659079879522324
v 0.022182779386639595 -0.17237402498722076 -0.07623160630464554
v 0.019325749948620796 -0.17237402498722076 -0.07720652967691422
v 0.015657249838113785 -0.1666535884141922 -0.07828406989574432
v 0.02000197023153305 -0.1666535884141922 -0.07738611847162247
v 0.022182779386639595 -0.17237402498722076 -0.07623160630464554
v 0.022858990356326103 -0.1666535884141922 -0.07659079879522324
v 0.02708536945283413 -0.1666535884141922 -0.07510276138782501
v 0.022182779386639595 -0.17237402498722076 -0.07623160630464554
v 0.02708536945283413 -0.1666535884141922 -0.07510276138782501
v 0.02708536945283413 -0.17237402498722076 -0.07446137070655823
v 0.02137131057679653 -0.17899152636528015 -0.06840665638446808
v 0.02137131057679653 -0.1806098371744156 -0.0646609291434288
v 0.017330899834632874 -0.180844247341156 -0.06527666002511978
v 0.02137131057679653 -0.17899152636528015 -0.06840665638446808
v 0.017330899834632874 -0.180844247341156 -0.06527666002511978
v 0.015505099669098854 -0.1798660308122635 -0.06791920214891434
v 0.02137131057679653 -0.17899152636528015 -0.06840665638446808
v 0.015505099669098854 -0.1798660308122635 -0.06791920214891434
v 0.015657249838113785 -0.17700357735157013 -0.07412783801555634
v 0.015657249838113785 -0.17542582750320435 -0.07720652967691422
v 0.0042122299782931805 -0.17237402498722076 -0.07918200641870499
v 0.00992628000676632 -0.17237402498722076 -0.07866889238357544
v 0.015657249838113785 -0.17542582750320435 -0.07720652967691422
v 0.015657249838113785 -0.17700357735157013 -0.07412783801555634
v 0.00992628000676632 -0.1774994283914566 -0.07412783801555634
v 0.015657249838113785 -0.17542582750320435 -0.07720652967691422
v 0.00992628000676632 -0.1774994283914566 -0.07412783801555634
v 0.00992628000676632 -0.1756872832775116 -0.07751438021659851
v 0.00992628000676632 -0.17237402498722076 -0.07866889238357544
v 0.0042122299782931805 -0.17237402498722076 -0.07918200641870499
v 0.0042122299782931805 -0.1666535884141922 -0.0798746794462204
v 0.00992628000676632 -0.17237402498722076 -0.07866889238357544
v 0.0042122299782931805 -0.1666535884141922 -0.0798746794462204
v 0.00992628000676632 -0.1666535884141922 -0.07928462326526642
v 0.00992628000676632 -0.17237402498722076 -0.07866889238357544
v 0.00992628000676632 -0.1666535884141922 -0.07928462326526642
v 0.015657249838113785 -0.17237402498722076 -0.07787357270717621
v 0.015657249838113785 -0.17237402498722076 -0.07787357270717621
v 0.00992628000676632 -0.1666535884141922 -0.07928462326526642
v 0.015657249838113785 -0.1666535884141922 -0.07828406989574432
v 0.015657249838113785 -0.17237402498722076 -0.07787357270717621
v 0.015657249838113785 -0.1666535884141922 -0.07828406989574432
v 0.019325749948620796 -0.17237402498722076 -0.07720652967691422
v 0.032816339284181595 -0.18785390257835388 0.00022202999389264733
v -0.041534051299095154 -0.18860220909118652 0.1317581832408905
v -0.041534051299095154 -0.1888185739517212 0.12603698670864105
v 0.032816339284181595 -0.18785390257835388 0.00022202999389264733
v -0.041534051299095154 -0.1888185739517212 0.12603698670864105
v 0.032816339284181595 -0.1880522519350052 -0.005499179940670729
v 0.032816339284181595 -0.1880522519350052 -0.005499179940670729
v -0.041534051299095154 -0.1888185739517212 0.12603698670864105
v 0.02708536945283413 -0.18825961649417877 0.00022202999389264733
v 0.032816339284181595 -0.1880522519350052 -0.005499179940670729
v 0.02708536945283413 -0.18825961649417877 0.00022202999389264733
v 0.02708536945283413 -0.18842190504074097 -0.005499179940670729
v 0.032816339284181595 -0.1880522519350052 -0.005499179940670729
v 0.02708536945283413 -0.18842190504074097 -0.005499179940670729
v 0.02708536945283413 -0.18856613337993622 -0.011220360174775124
v 0.032816339284181595 -0.1880522519350052 -0.005499179940670729
v 0.02708536945283413 -0.18856613337993622 -0.011220360174775124
v 0.032816339284181595 -0.1881919950246811 -0.011220360174775124
v 0.032816339284181595 -0.1881919950246811 -0.011220360174775124
v 0.02708536945283413 -0.18856613337993622 -0.011220360174775124
v 0.02708536945283413 -0.18865178525447845 -0.01694156974554062
v 0.032816339284181595 -0.1881919950246811 -0.011220360174775124
v 0.02708536945283413 -0.18865178525447845 -0.01694156974554062
v 0.032816339284181595 -0.18824608623981476 -0.01694156974554062
v -0.041534051299095154 -0.14307765662670135 0.18178656697273254
v -0.04724811017513275 -0.14307765662670135 0.18219704926013947
v -0.041534051299095154 -0.1774994283914566 0.15974842011928558
v -0.03539735823869705 -0.18615445494651794 0.14335450530052185
v -0.035803090780973434 -0.18426567316055298 0.14892177283763885
v -0.041534051299095154 -0.18649254739284515 0.14553523063659668
v -0.03539735823869705 -0.18615445494651794 0.14335450530052185
v -0.041534051299095154 -0.18649254739284515 0.14553523063659668
v -0.03702028840780258 -0.18697036802768707 0.14158427715301514
v -0.035803090780973434 -0.18426567316055298 0.14892177283763885
v -0.035803090780973434 -0.18198472261428833 0.15330886840820312
v -0.041534051299095154 -0.18507258594036102 0.14892177283763885
v -0.035803090780973434 -0.18426567316055298 0.14892177283763885
v -0.041534051299095154 -0.18507258594036102 0.14892177283763885
v -0.041534051299095154 -0.18649254739284515 0.14553523063659668
v 0.032816339284181595 -0.1873445212841034 0.011664420366287231
v -0.035803090780973434 -0.1883317232131958 0.12603698670864105
v -0.041534051299095154 -0.18860220909118652 0.1317581832408905
v 0.032816339284181595 -0.1873445212841034 0.011664420366287231
v -0.041534051299095154 -0.18860220909118652 0.1317581832408905
v 0.032816339284181595 -0.1876104772090912 0.005943220108747482
v 0.032816339284181595 -0.1876104772090912 0.005943220108747482
v -0.041534051299095154 -0.18860220909118652 0.1317581832408905
v 0.032816339284181595 -0.18785390257835388 0.00022202999389264733
v 0.0042122299782931805 -0.14949679374694824 -0.07943855226039886
v -0.0015018299454823136 -0.14949679374694824 -0.07938724011182785
v -0.0015018299454823136 -0.1457643359899521 -0.07800184935331345
v 0.0042122299782931805 -0.14949679374694824 -0.07943855226039886
v -0.0015018299454823136 -0.1457643359899521 -0.07800184935331345
v 0.0042122299782931805 -0.1457643359899521 -0.07802748680114746
v -0.035803090780973434 -0.17706666886806488 0.15933792293071747
v -0.041534051299095154 -0.1774994283914566 0.15974842011928558
v -0.041534051299095154 -0.18035739660263062 0.15674671530723572
v -0.035803090780973434 -0.17706666886806488 0.15933792293071747
v -0.041534051299095154 -0.18035739660263062 0.15674671530723572
v -0.035803090780973434 -0.1799246370792389 0.15618230402469635
v -0.035803090780973434 -0.17706666886806488 0.15933792293071747
v -0.041534051299095154 -0.14307765662670135 0.18178656697273254
v -0.041534051299095154 -0.1774994283914566 0.15974842011928558
v -0.035803090780973434 -0.1799246370792389 0.15618230402469635
v -0.035803090780973434 -0.18198472261428833 0.15330886840820312
v -0.03135693818330765 -0.18144828081130981 0.1525391936302185
v -0.035803090780973434 -0.1799246370792389 0.15618230402469635
v -0.041534051299095154 -0.18035739660263062 0.15674671530723572
v -0.035803090780973434 -0.18198472261428833 0.15330886840820312
v -0.03135693818330765 -0.18144828081130981 0.1525391936302185
v -0.035803090780973434 -0.18198472261428833 0.15330886840820312
v -0.035803090780973434 -0.18426567316055298 0.14892177283763885
v 0.015657249838113785 -0.155217245221138 -0.07823275774717331
v 0.015657249838113785 -0.1666535884141922 -0.07828406989574432
v 0.00992628000676632 -0.155217245221138 -0.07925894856452942
v 0.00992628000676632 -0.155217245221138 -0.07925894856452942
v 0.00992628000676632 -0.1666535884141922 -0.07928462326526642
v 0.0042122299782931805 -0.1666535884141922 -0.0798746794462204
v 0.00992628000676632 -0.155217245221138 -0.07925894856452942
v 0.0042122299782931805 -0.1666535884141922 -0.0798746794462204
v 0.0042122299782931805 -0.155217245221138 -0.07979773730039597
v 0.00992628000676632 -0.155217245221138 -0.07925894856452942
v 0.015657249838113785 -0.1666535884141922 -0.07828406989574432
v 0.00992628000676632 -0.1666535884141922 -0.07928462326526642
v 0.0042122299782931805 -0.155217245221138 -0.07979773730039597
v 0.0042122299782931805 -0.1666535884141922 -0.0798746794462204
v -0.0015018299454823136 -0.1666535884141922 -0.079900361597538
v 0.0042122299782931805 -0.155217245221138 -0.07979773730039597
v -0.0015018299454823136 -0.1666535884141922 -0.079900361597538
v -0.0015018299454823136 -0.155217245221138 -0.07977207005023956
v 0.0042122299782931805 -0.155217245221138 -0.07979773730039597
v -0.0015018299454823136 -0.155217245221138 -0.07977207005023956
v 0.0042122299782931805 -0.14949679374694824 -0.07943855226039886
v 0.0042122299782931805 -0.14949679374694824 -0.07943855226039886
v -0.0015018299454823136 -0.155217245221138 -0.07977207005023956
v -0.0015018299454823136 -0.14949679374694824 -0.07938724011182785
v 0.02708536945283413 -0.18126346170902252 -0.06065865978598595
v 0.02137131057679653 -0.1834317147731781 -0.056964270770549774
v 0.02137131057679653 -0.18168269097805023 -0.06178750842809677
v 0.02708536945283413 -0.1825842559337616 -0.056964270770549774
v 0.02708536945283413 -0.18440091609954834 -0.05124305933713913
v 0.02137131057679653 -0.1834317147731781 -0.056964270770549774
v 0.00992628000676632 -0.1756872832775116 -0.07751438021659851
v 0.0042122299782931805 -0.17582252621650696 -0.07769396901130676
v 0.0042122299782931805 -0.17237402498722076 -0.07918200641870499
v 0.00992628000676632 -0.1756872832775116 -0.07751438021659851
v 0.00992628000676632 -0.1774994283914566 -0.07412783801555634
v 0.0042122299782931805 -0.1777789145708084 -0.07412783801555634
v 0.00992628000676632 -0.1756872832775116 -0.07751438021659851
v 0.0042122299782931805 -0.1777789145708084 -0.07412783801555634
v 0.0042122299782931805 -0.17582252621650696 -0.07769396901130676
v 0.0042122299782931805 -0.17237402498722076 -0.07918200641870499
v -0.0015018299454823136 -0.17237402498722076 -0.07925894856452942
v 0.0042122299782931805 -0.1666535884141922 -0.0798746794462204
v 0.0042122299782931805 -0.17237402498722076 -0.07918200641870499
v 0.0042122299782931805 -0.17582252621650696 -0.07769396901130676
v -0.0015018299454823136 -0.17237402498722076 -0.07925894856452942
v 0.00992628000676632 -0.1774994283914566 -0.07412783801555634
v 0.015505099669098854 -0.1798660308122635 -0.06791920214891434
v 0.00992628000676632 -0.1799021065235138 -0.0688427984714508
v -0.035803090780973434 -0.1883317232131958 0.12603698670864105
v -0.035803090780973434 -0.18798914551734924 0.1317581832408905
v -0.041534051299095154 -0.18860220909118652 0.1317581832408905
v -0.035803090780973434 -0.18798914551734924 0.1317581832408905
v -0.03539735823869705 -0.18730394542217255 0.13786421716213226
v -0.041534051299095154 -0.18816043436527252 0.13747937977313995
v -0.035803090780973434 -0.18798914551734924 0.1317581832408905
v -0.041534051299095154 -0.18816043436527252 0.13747937977313995
v -0.041534051299095154 -0.18860220909118652 0.1317581832408905
v -0.03539735823869705 -0.18730394542217255 0.13786421716213226
v -0.03702028840780258 -0.18697036802768707 0.14158427715301514
v -0.041534051299095154 -0.18816043436527252 0.13747937977313995
v -0.03702028840780258 -0.18697036802768707 0.14158427715301514
v -0.041534051299095154 -0.18726788461208344 0.14266179502010345
v -0.041534051299095154 -0.18816043436527252 0.13747937977313995
v -0.03702028840780258 -0.18697036802768707 0.14158427715301514
v -0.041534051299095154 -0.18649254739284515 0.14553523063659668
v -0.041534051299095154 -0.18726788461208344 0.14266179502010345
v 0.032816339284181595 -0.18340016901493073 -0.05124305933713913
v 0.02708536945283413 -0.18440091609954834 -0.05124305933713913
v 0.02708536945283413 -0.1825842559337616 -0.056964270770549774
v 0.02708536945283413 -0.18126346170902252 -0.06065865978598595
v 0.02708536945283413 -0.1825842559337616 -0.056964270770549774
v 0.02137131057679653 -0.1834317147731781 -0.056964270770549774
v 0.02708536945283413 -0.18793053925037384 -0.034079499542713165
v 0.027051560580730438 -0.18711011111736298 -0.03992896154522896
v 0.031159600242972374 -0.18686218559741974 -0.03808176890015602
v 0.02708536945283413 -0.18793053925037384 -0.034079499542713165
v 0.031159600242972374 -0.18686218559741974 -0.03808176890015602
v 0.032968491315841675 -0.187137171626091 -0.034182108938694
v 0.031159600242972374 -0.18686218559741974 -0.03808176890015602
v 0.027051560580730438 -0.18711011111736298 -0.03992896154522896
v 0.02892806939780712 -0.18647001683712006 -0.04190443828701973
v 0.031159600242972374 -0.18686218559741974 -0.03808176890015602
v 0.02892806939780712 -0.18647001683712006 -0.04190443828701973
v 0.032968491315841675 -0.18614543974399567 -0.03992896154522896
v 0.032968491315841675 -0.18614543974399567 -0.03992896154522896
v 0.02892806939780712 -0.18647001683712006 -0.04190443828701973
v 0.032816339284181595 -0.18495987355709076 -0.04552188888192177
v 0.032816339284181595 -0.18495987355709076 -0.04552188888192177
v 0.02892806939780712 -0.18647001683712006 -0.04190443828701973
v 0.027051560580730438 -0.1859651356935501 -0.045265309512615204
v 0.032816339284181595 -0.18495987355709076 -0.04552188888192177
v 0.027051560580730438 -0.1859651356935501 -0.045265309512615204
v 0.02708536945283413 -0.18440091609954834 -0.05124305933713913
v 0.032816339284181595 -0.18495987355709076 -0.04552188888192177
v 0.02708536945283413 -0.18440091609954834 -0.05124305933713913
v 0.032816339284181595 -0.18340016901493073 -0.05124305933713913
v 0.032816339284181595 -0.18824608623981476 -0.01694156974554062
v 0.02708536945283413 -0.18865178525447845 -0.01694156974554062
v 0.02708536945283413 -0.18863826990127563 -0.022662749513983727
v 0.032816339284181595 -0.18824608623981476 -0.01694156974554062
v 0.02708536945283413 -0.18863826990127563 -0.022662749513983727
v 0.032816339284181595 -0.18813340365886688 -0.022662749513983727
v 0.032816339284181595 -0.18813340365886688 -0.022662749513983727
v 0.02708536945283413 -0.18863826990127563 -0.022662749513983727
v 0.02708536945283413 -0.18843090534210205 -0.02835828997194767
v 0.02708536945283413 -0.18843090534210205 -0.02835828997194767
v 0.02137131057679653 -0.18882308900356293 -0.02835828997194767
v 0.02137131057679653 -0.18844443559646606 -0.034079499542713165
v 0.02708536945283413 -0.18843090534210205 -0.02835828997194767
v 0.02137131057679653 -0.18844443559646606 -0.034079499542713165
v 0.02708536945283413 -0.18793053925037384 -0.034079499542713165
v 0.02708536945283413 -0.18843090534210205 -0.02835828997194767
v 0.02708536945283413 -0.18863826990127563 -0.022662749513983727
v 0.02137131057679653 -0.18882308900356293 -0.02835828997194767
v 0.02708536945283413 -0.18793053925037384 -0.034079499542713165
v 0.02137131057679653 -0.18844443559646606 -0.034079499542713165
v 0.02137131057679653 -0.18773670494556427 -0.03980066999793053
v 0.02708536945283413 -0.18793053925037384 -0.034079499542713165
v 0.02137131057679653 -0.18773670494556427 -0.03980066999793053
v 0.027051560580730438 -0.18711011111736298 -0.03992896154522896
v -0.041534051299095154 -0.1774994283914566 0.15974842011928558
v -0.04724811017513275 -0.17758958041667938 0.159799724817276
v -0.04724811017513275 -0.18045204877853394 0.15687498450279236
v -0.041534051299095154 -0.18035739660263062 0.15674671530723572
v -0.04724811017513275 -0.18045204877853394 0.15687498450279236
v -0.04724811017513275 -0.18248507380485535 0.15402722358703613
v -0.041534051299095154 -0.18035739660263062 0.15674671530723572
v -0.04724811017513275 -0.18248507380485535 0.15402722358703613
v -0.041534051299095154 -0.18239042162895203 0.1538989543914795
v -0.041534051299095154 -0.18035739660263062 0.15674671530723572
v -0.041534051299095154 -0.18239042162895203 0.1538989543914795
v -0.035803090780973434 -0.18198472261428833 0.15330886840820312
v -0.035803090780973434 -0.18198472261428833 0.15330886840820312
v -0.041534051299095154 -0.18239042162895203 0.1538989543914795
v -0.041534051299095154 -0.18507258594036102 0.14892177283763885
v -0.04724811017513275 -0.14307765662670135 0.18219704926013947
v -0.05297907814383507 -0.14307765662670135 0.18176090717315674
v -0.05296216905117035 -0.1773236244916916 0.15954317152500153
v -0.04724811017513275 -0.14307765662670135 0.18219704926013947
v -0.05296216905117035 -0.1773236244916916 0.15954317152500153
v -0.04724811017513275 -0.17758958041667938 0.159799724817276
v -0.041534051299095154 -0.18649254739284515 0.14553523063659668
v -0.041534051299095154 -0.18507258594036102 0.14892177283763885
v -0.04724811017513275 -0.1866367906332016 0.1459713727235794
v -0.0015018299454823136 -0.1666535884141922 -0.079900361597538
v -0.007215890102088451 -0.17237402498722076 -0.07897674292325974
v -0.007215890102088451 -0.1666535884141922 -0.07961814105510712
v -0.0015018299454823136 -0.155217245221138 -0.07977207005023956
v -0.007215890102088451 -0.155217245221138 -0.0795668363571167
v -0.007215890102088451 -0.14949679374694824 -0.079233318567276
v -0.0015018299454823136 -0.155217245221138 -0.07977207005023956
v -0.007215890102088451 -0.14949679374694824 -0.079233318567276
v -0.0015018299454823136 -0.14949679374694824 -0.07938724011182785
v -0.0015018299454823136 -0.14949679374694824 -0.07938724011182785
v -0.007215890102088451 -0.14949679374694824 -0.079233318567276
v -0.007215890102088451 -0.1458003968000412 -0.07795055210590363
v -0.0015018299454823136 -0.14949679374694824 -0.07938724011182785
v -0.007215890102088451 -0.1458003968000412 -0.07795055210590363
v -0.0015018299454823136 -0.1457643359899521 -0.07800184935331345
v -0.0015018299454823136 -0.1457643359899521 -0.07800184935331345
v -0.007215890102088451 -0.1458003968000412 -0.07795055210590363
v -0.007215890102088451 -0.1449078470468521 -0.07412783801555634
v -0.041534051299095154 -0.1774994283914566 0.15974842011928558
v -0.04724811017513275 -0.18045204877853394 0.15687498450279236
v -0.041534051299095154 -0.18035739660263062 0.15674671530723572
v -0.041534051299095154 -0.1774994283914566 0.15974842011928558
v -0.04724811017513275 -0.14307765662670135 0.18219704926013947
v -0.04724811017513275 -0.17758958041667938 0.159799724817276
v 0.0042122299782931805 -0.1457643359899521 -0.07802748680114746
v -0.0015018299454823136 -0.1457643359899521 -0.07800184935331345
v -0.0015018299454823136 -0.14487628638744354 -0.07412783801555634
v -0.0015018299454823136 -0.14487628638744354 -0.07412783801555634
v -0.0015018299454823136 -0.1457643359899521 -0.07800184935331345
v -0.007215890102088451 -0.1449078470468521 -0.07412783801555634
v -0.0015018299454823136 -0.14487628638744354 -0.07412783801555634
v -0.007215890102088451 -0.1449078470468521 -0.07412783801555634
v -0.02437496930360794 -0.144858255982399 -0.06840665638446808
v -0.0015018299454823136 -0.14487628638744354 -0.07412783801555634
v -0.02437496930360794 -0.144858255982399 -0.06840665638446808
v -0.05296216905117035 -0.14307765662670135 0.0707748681306839
v -0.0015018299454823136 -0.14487628638744354 -0.07412783801555634
v -0.05296216905117035 -0.14307765662670135 0.0707748681306839
v -0.04724811017513275 -0.14307765662670135 0.06982561200857162
v -0.0015018299454823136 -0.1666535884141922 -0.079900361597538
v -0.007215890102088451 -0.1666535884141922 -0.07961814105510712
v -0.007215890102088451 -0.155217245221138 -0.0795668363571167
v -0.0015018299454823136 -0.1666535884141922 -0.079900361597538
v -0.007215890102088451 -0.155217245221138 -0.0795668363571167
v -0.0015018299454823136 -0.155217245221138 -0.07977207005023956
v -0.0015018299454823136 -0.1666535884141922 -0.079900361597538
v -0.0015018299454823136 -0.17237402498722076 -0.07925894856452942
v -0.007215890102088451 -0.17237402498722076 -0.07897674292325974
v 0.00992628000676632 -0.1774994283914566 -0.07412783801555634
v 0.00992628000676632 -0.1799021065235138 -0.0688427984714508
v 0.0042122299782931805 -0.1777789145708084 -0.07412783801555634
v 0.0042122299782931805 -0.1666535884141922 -0.0798746794462204
v -0.0015018299454823136 -0.17237402498722076 -0.07925894856452942
v -0.0015018299454823136 -0.1666535884141922 -0.079900361597538
v 0.017330899834632874 -0.180844247341156 -0.06527666002511978
v 0.02137131057679653 -0.18168269097805023 -0.06178750842809677
v 0.015657249838113785 -0.1840583086013794 -0.056964270770549774
v 0.017330899834632874 -0.180844247341156 -0.06527666002511978
v 0.015657249838113785 -0.1840583086013794 -0.056964270770549774
v 0.015505099669098854 -0.18183596432209015 -0.06309594959020615
v 0.017330899834632874 -0.180844247341156 -0.06527666002511978
v 0.015505099669098854 -0.18183596432209015 -0.06309594959020615
v 0.013510249555110931 -0.18101553618907928 -0.0656871572136879
v 0.017330899834632874 -0.180844247341156 -0.06527666002511978
v 0.013510249555110931 -0.18101553618907928 -0.0656871572136879
v 0.015505099669098854 -0.1798660308122635 -0.06791920214891434
v 0.015505099669098854 -0.1798660308122635 -0.06791920214891434
v 0.013510249555110931 -0.18101553618907928 -0.0656871572136879
v 0.00992628000676632 -0.1799021065235138 -0.0688427984714508
v 0.02137131057679653 -0.18168269097805023 -0.06178750842809677
v 0.02137131057679653 -0.1834317147731781 -0.056964270770549774
v 0.015657249838113785 -0.1840583086013794 -0.056964270770549774
v 0.02137131057679653 -0.18773670494556427 -0.03980066999793053
v 0.015488199889659882 -0.187137171626091 -0.045881059020757675
v 0.02137131057679653 -0.1869838982820511 -0.044187791645526886
v 0.02137131057679653 -0.18773670494556427 -0.03980066999793053
v 0.02137131057679653 -0.1869838982820511 -0.044187791645526886
v 0.02510741911828518 -0.18678103387355804 -0.043187208473682404
v 0.02137131057679653 -0.18773670494556427 -0.03980066999793053
v 0.02510741911828518 -0.18678103387355804 -0.043187208473682404
v 0.027051560580730438 -0.18711011111736298 -0.03992896154522896
v 0.027051560580730438 -0.18711011111736298 -0.03992896154522896
v 0.02510741911828518 -0.18678103387355804 -0.043187208473682404
v 0.02892806939780712 -0.18647001683712006 -0.04190443828701973
v 0.02892806939780712 -0.18647001683712006 -0.04190443828701973
v 0.02510741911828518 -0.18678103387355804 -0.043187208473682404
v 0.027051560580730438 -0.1859651356935501 -0.045265309512615204
v 0.027051560580730438 -0.1859651356935501 -0.045265309512615204
v 0.02510741911828518 -0.18678103387355804 -0.043187208473682404
v 0.02708536945283413 -0.18440091609954834 -0.05124305933713913
v 0.02708536945283413 -0.18440091609954834 -0.05124305933713913
v 0.02510741911828518 -0.18678103387355804 -0.043187208473682404
v 0.02137131057679653 -0.18629419803619385 -0.04706120863556862
v 0.02708536945283413 -0.18440091609954834 -0.05124305933713913
v 0.02137131057679653 -0.18629419803619385 -0.04706120863556862
v 0.02137131057679653 -0.1851852834224701 -0.05124305933713913
v 0.02708536945283413 -0.18865178525447845 -0.01694156974554062
v 0.02137131057679653 -0.18893128633499146 -0.022662749513983727
v 0.02708536945283413 -0.18863826990127563 -0.022662749513983727
v 0.02708536945283413 -0.18863826990127563 -0.022662749513983727
v 0.02137131057679653 -0.18893128633499146 -0.022662749513983727
v 0.02137131057679653 -0.18882308900356293 -0.02835828997194767
v 0.02137131057679653 -0.18882308900356293 -0.02835828997194767
v 0.015657249838113785 -0.18902142345905304 -0.02835828997194767
v 0.015657249838113785 -0.18875546753406525 -0.034079499542713165
v 0.02137131057679653 -0.18882308900356293 -0.02835828997194767
v 0.015657249838113785 -0.18875546753406525 -0.034079499542713165
v 0.02137131057679653 -0.18844443559646606 -0.034079499542713165
v 0.02137131057679653 -0.18882308900356293 -0.02835828997194767
v 0.02137131057679653 -0.18893128633499146 -0.022662749513983727
v 0.015657249838113785 -0.18902142345905304 -0.02835828997194767
v 0.02137131057679653 -0.18844443559646606 -0.034079499542713165
v 0.015657249838113785 -0.18875546753406525 -0.034079499542713165
v 0.015657249838113785 -0.18816494941711426 -0.03980066999793053
v 0.02137131057679653 -0.18844443559646606 -0.034079499542713165
v 0.015657249838113785 -0.18816494941711426 -0.03980066999793053
v 0.02137131057679653 -0.18773670494556427 -0.03980066999793053
v 0.02137131057679653 -0.18773670494556427 -0.03980066999793053
v 0.015657249838113785 -0.18816494941711426 -0.03980066999793053
v 0.015488199889659882 -0.187137171626091 -0.045881059020757675
v -0.041534051299095154 -0.1888185739517212 0.12603698670864105
v -0.041534051299095154 -0.1889583170413971 0.1203157901763916
v 0.02708536945283413 -0.18856613337993622 -0.011220360174775124
v -0.041534051299095154 -0.1888185739517212 0.12603698670864105
v 0.02708536945283413 -0.18856613337993622 -0.011220360174775124
v 0.02708536945283413 -0.18842190504074097 -0.005499179940670729
v -0.041534051299095154 -0.1888185739517212 0.12603698670864105
v 0.02708536945283413 -0.18842190504074097 -0.005499179940670729
v 0.02708536945283413 -0.18825961649417877 0.00022202999389264733
v 0.02708536945283413 -0.18856613337993622 -0.011220360174775124
v 0.02137131057679653 -0.18870587646961212 -0.005499179940670729
v 0.02137131057679653 -0.18881407380104065 -0.011220360174775124
v 0.02708536945283413 -0.18856613337993622 -0.011220360174775124
v 0.02137131057679653 -0.18881407380104065 -0.011220360174775124
v 0.02137131057679653 -0.18889972567558289 -0.01694156974554062
v 0.02708536945283413 -0.18856613337993622 -0.011220360174775124
v 0.02137131057679653 -0.18889972567558289 -0.01694156974554062
v 0.02708536945283413 -0.18865178525447845 -0.01694156974554062
v 0.02708536945283413 -0.18856613337993622 -0.011220360174775124
v -0.041534051299095154 -0.1889583170413971 0.1203157901763916
v 0.02137131057679653 -0.18870587646961212 -0.005499179940670729
v 0.02708536945283413 -0.18865178525447845 -0.01694156974554062
v 0.02137131057679653 -0.18889972567558289 -0.01694156974554062
v 0.02137131057679653 -0.18893128633499146 -0.022662749513983727
v -0.041534051299095154 -0.18649254739284515 0.14553523063659668
v -0.04724811017513275 -0.1866367906332016 0.1459713727235794
v -0.04724811017513275 -0.18742114305496216 0.143123596906662
v -0.041534051299095154 -0.18649254739284515 0.14553523063659668
v -0.04724811017513275 -0.18742114305496216 0.143123596906662
v -0.041534051299095154 -0.18726788461208344 0.14266179502010345
v -0.041534051299095154 -0.18507258594036102 0.14892177283763885
v -0.04724811017513275 -0.18531149625778198 0.14892177283763885
v -0.04724811017513275 -0.1866367906332016 0.1459713727235794
v -0.041534051299095154 -0.18507258594036102 0.14892177283763885
v -0.041534051299095154 -0.18239042162895203 0.1538989543914795
v -0.04724811017513275 -0.18531149625778198 0.14892177283763885
v -0.041534051299095154 -0.18860220909118652 0.1317581832408905
v -0.041534051299095154 -0.18816043436527252 0.13747937977313995
v -0.04724811017513275 -0.18849852681159973 0.13747937977313995
v -0.041534051299095154 -0.18860220909118652 0.1317581832408905
v -0.04724811017513275 -0.18849852681159973 0.13747937977313995
v -0.04724811017513275 -0.18892677128314972 0.1317581832408905
v -0.041534051299095154 -0.18860220909118652 0.1317581832408905
v -0.04724811017513275 -0.18892677128314972 0.1317581832408905
v -0.041534051299095154 -0.1888185739517212 0.12603698670864105
v -0.041534051299095154 -0.1888185739517212 0.12603698670864105
v -0.04724811017513275 -0.18892677128314972 0.1317581832408905
v -0.041534051299095154 -0.1889583170413971 0.1203157901763916
v -0.02437496930360794 -0.144858255982399 -0.06840665638446808
v -0.035803090780973434 -0.144858255982399 -0.06268545240163803
v -0.06433957070112228 -0.14307765662670135 0.07393050938844681
v -0.02437496930360794 -0.144858255982399 -0.06840665638446808
v -0.06433957070112228 -0.14307765662670135 0.07393050938844681
v -0.05869312956929207 -0.14307765662670135 0.07210896164178848
v -0.02437496930360794 -0.144858255982399 -0.06840665638446808
v -0.05869312956929207 -0.14307765662670135 0.07210896164178848
v -0.05296216905117035 -0.14307765662670135 0.0707748681306839
v -0.007215890102088451 -0.1666535884141922 -0.07961814105510712
v -0.007215890102088451 -0.17237402498722076 -0.07897674292325974
v -0.012929949909448624 -0.17237402498722076 -0.07833536714315414
v -0.007215890102088451 -0.1666535884141922 -0.07961814105510712
v -0.012929949909448624 -0.17237402498722076 -0.07833536714315414
v -0.012929949909448624 -0.1666535884141922 -0.0788484513759613
v -0.007215890102088451 -0.1666535884141922 -0.07961814105510712
v -0.012929949909448624 -0.1666535884141922 -0.0788484513759613
v -0.012929949909448624 -0.155217245221138 -0.07879717648029327
v -0.007215890102088451 -0.1666535884141922 -0.07961814105510712
v -0.012929949909448624 -0.155217245221138 -0.07879717648029327
v -0.007215890102088451 -0.155217245221138 -0.0795668363571167
v -0.007215890102088451 -0.155217245221138 -0.0795668363571167
v -0.012929949909448624 -0.155217245221138 -0.07879717648029327
v -0.012929949909448624 -0.14949679374694824 -0.07856623828411102
v 0.015657249838113785 -0.1840583086013794 -0.056964270770549774
v 0.00992628000676632 -0.184455007314682 -0.056964270770549774
v 0.00992628000676632 -0.18242649734020233 -0.06268545240163803
v 0.015657249838113785 -0.1840583086013794 -0.056964270770549774
v 0.00992628000676632 -0.18242649734020233 -0.06268545240163803
v 0.015505099669098854 -0.18183596432209015 -0.06309594959020615
v 0.015505099669098854 -0.18183596432209015 -0.06309594959020615
v 0.00992628000676632 -0.18242649734020233 -0.06268545240163803
v 0.013510249555110931 -0.18101553618907928 -0.0656871572136879
v 0.013510249555110931 -0.18101553618907928 -0.0656871572136879
v 0.00992628000676632 -0.18242649734020233 -0.06268545240163803
v 0.00992628000676632 -0.1811327338218689 -0.06596937030553818
v -0.007215890102088451 -0.1449078470468521 -0.07412783801555634
v -0.007215890102088451 -0.1458003968000412 -0.07795055210590363
v -0.012929949909448624 -0.14512422680854797 -0.07412783801555634
v -0.007215890102088451 -0.1449078470468521 -0.07412783801555634
v -0.012929949909448624 -0.14512422680854797 -0.07412783801555634
v -0.030089030042290688 -0.14506110548973083 -0.06840665638446808
v -0.007215890102088451 -0.1449078470468521 -0.07412783801555634
v -0.030089030042290688 -0.14506110548973083 -0.06840665638446808
v -0.02437496930360794 -0.144858255982399 -0.06840665638446808
v -0.02437496930360794 -0.144858255982399 -0.06840665638446808
v -0.030089030042290688 -0.14506110548973083 -0.06840665638446808
v -0.035803090780973434 -0.144858255982399 -0.06268545240163803
v 0.0042122299782931805 -0.1777789145708084 -0.07412783801555634
v -0.0015018299454823136 -0.1800643801689148 -0.0691763237118721
v -0.0015018299454823136 -0.17781947553157806 -0.07412783801555634
v 0.0042122299782931805 -0.1777789145708084 -0.07412783801555634
v -0.0015018299454823136 -0.17781947553157806 -0.07412783801555634
v -0.0015018299454823136 -0.17584505677223206 -0.07774528115987778
v -0.0015018299454823136 -0.17237402498722076 -0.07925894856452942
v -0.0015018299454823136 -0.17584505677223206 -0.07774528115987778
v -0.007215890102088451 -0.17575940489768982 -0.07761698961257935
v -0.0015018299454823136 -0.17237402498722076 -0.07925894856452942
v -0.007215890102088451 -0.17575940489768982 -0.07761698961257935
v -0.007215890102088451 -0.17237402498722076 -0.07897674292325974
v 0.00992628000676632 -0.1799021065235138 -0.0688427984714508
v 0.013510249555110931 -0.18101553618907928 -0.0656871572136879
v 0.00992628000676632 -0.1811327338218689 -0.06596937030553818
v 0.00992628000676632 -0.1799021065235138 -0.0688427984714508
v 0.00992628000676632 -0.1811327338218689 -0.06596937030553818
v 0.0042122299782931805 -0.18004634976387024 -0.06912501156330109
v 0.015657249838113785 -0.1840583086013794 -0.056964270770549774
v 0.02137131057679653 -0.1851852834224701 -0.05124305933713913
v 0.015488199889659882 -0.18594259023666382 -0.05078126862645149
v 0.015657249838113785 -0.1840583086013794 -0.056964270770549774
v 0.015488199889659882 -0.18594259023666382 -0.05078126862645149
v 0.00992628000676632 -0.184455007314682 -0.056964270770549774
v 0.02708536945283413 -0.18440091609954834 -0.05124305933713913
v 0.02137131057679653 -0.1851852834224701 -0.05124305933713913
v 0.02137131057679653 -0.1834317147731781 -0.056964270770549774
v -0.041534051299095154 -0.18816043436527252 0.13747937977313995
v -0.041534051299095154 -0.18726788461208344 0.14266179502010345
v -0.04724811017513275 -0.18849852681159973 0.13747937977313995
v -0.041534051299095154 -0.18726788461208344 0.14266179502010345
v -0.04724811017513275 -0.18742114305496216 0.143123596906662
v -0.04724811017513275 -0.18849852681159973 0.13747937977313995
v 0.02137131057679653 -0.1834317147731781 -0.056964270770549774
v 0.02137131057679653 -0.1851852834224701 -0.05124305933713913
v 0.015657249838113785 -0.1840583086013794 -0.056964270770549774
v 0.0042122299782931805 -0.17582252621650696 -0.07769396901130676
v -0.0015018299454823136 -0.17584505677223206 -0.07774528115987778
v -0.0015018299454823136 -0.17237402498722076 -0.07925894856452942
v 0.0042122299782931805 -0.17582252621650696 -0.07769396901130676
v 0.0042122299782931805 -0.1777789145708084 -0.07412783801555634
v -0.0015018299454823136 -0.17584505677223206 -0.07774528115987778
v 0.0042122299782931805 -0.1777789145708084 -0.07412783801555634
v 0.00992628000676632 -0.1799021065235138 -0.0688427984714508
v 0.0042122299782931805 -0.18004634976387024 -0.06912501156330109
v 0.0042122299782931805 -0.1777789145708084 -0.07412783801555634
v 0.0042122299782931805 -0.18004634976387024 -0.06912501156330109
v -0.0015018299454823136 -0.1800643801689148 -0.0691763237118721
v -0.04724811017513275 -0.18892677128314972 0.1317581832408905
v -0.04724811017513275 -0.18904396891593933 0.12603698670864105
v -0.041534051299095154 -0.1889583170413971 0.1203157901763916
v -0.041534051299095154 -0.1889583170413971 0.1203157901763916
v -0.04724811017513275 -0.18904396891593933 0.12603698670864105
v -0.041534051299095154 -0.1890394687652588 0.11459460109472275
v -0.041534051299095154 -0.1889583170413971 0.1203157901763916
v -0.041534051299095154 -0.1890394687652588 0.11459460109472275
v 0.02137131057679653 -0.18889972567558289 -0.01694156974554062
v -0.041534051299095154 -0.1889583170413971 0.1203157901763916
v 0.02137131057679653 -0.18889972567558289 -0.01694156974554062
v 0.02137131057679653 -0.18881407380104065 -0.011220360174775124
v -0.041534051299095154 -0.1889583170413971 0.1203157901763916
v 0.02137131057679653 -0.18881407380104065 -0.011220360174775124
v 0.02137131057679653 -0.18870587646961212 -0.005499179940670729
v 0.02137131057679653 -0.18889972567558289 -0.01694156974554062
v 0.015657249838113785 -0.18898536264896393 -0.011220360174775124
v 0.015657249838113785 -0.1890394687652588 -0.01694156974554062
v 0.02137131057679653 -0.18889972567558289 -0.01694156974554062
v 0.015657249838113785 -0.1890394687652588 -0.01694156974554062
v 0.015657249838113785 -0.18908004462718964 -0.022662749513983727
v 0.02137131057679653 -0.18889972567558289 -0.01694156974554062
v 0.015657249838113785 -0.18908004462718964 -0.022662749513983727
v 0.02137131057679653 -0.18893128633499146 -0.022662749513983727
v -0.04724811017513275 -0.1866367906332016 0.1459713727235794
v -0.04724811017513275 -0.18531149625778198 0.14892177283763885
v -0.05296216905117035 -0.18647901713848114 0.1456121951341629
v -0.04724811017513275 -0.18742114305496216 0.143123596906662
v -0.05296216905117035 -0.18737156689167023 0.14273877441883087
v -0.05296216905117035 -0.18843090534210205 0.13747937977313995
v -0.04724811017513275 -0.18742114305496216 0.143123596906662
v -0.05296216905117035 -0.18843090534210205 0.13747937977313995
v -0.04724811017513275 -0.18849852681159973 0.13747937977313995
v -0.04724811017513275 -0.18531149625778198 0.14892177283763885
v -0.05296216905117035 -0.18495987355709076 0.14892177283763885
v -0.05296216905117035 -0.18647901713848114 0.1456121951341629
v -0.04724811017513275 -0.18531149625778198 0.14892177283763885
v -0.04724811017513275 -0.18248507380485535 0.15402722358703613
v -0.05296216905117035 -0.18495987355709076 0.14892177283763885
v -0.04724811017513275 -0.18849852681159973 0.13747937977313995
v -0.05296216905117035 -0.18843090534210205 0.13747937977313995
v -0.05296216905117035 -0.18889972567558289 0.1317581832408905
v -0.04724811017513275 -0.18849852681159973 0.13747937977313995
v -0.05296216905117035 -0.18889972567558289 0.1317581832408905
v -0.04724811017513275 -0.18892677128314972 0.1317581832408905
v -0.04724811017513275 -0.18892677128314972 0.1317581832408905
v -0.05296216905117035 -0.18889972567558289 0.1317581832408905
v -0.04724811017513275 -0.18904396891593933 0.12603698670864105
v -0.04724811017513275 -0.18045204877853394 0.15687498450279236
v -0.05296216905117035 -0.1773236244916916 0.15954317152500153
v -0.05296216905117035 -0.18018609285354614 0.15656712651252747
v -0.041534051299095154 -0.18239042162895203 0.1538989543914795
v -0.04724811017513275 -0.18248507380485535 0.15402722358703613
v -0.04724811017513275 -0.18531149625778198 0.14892177283763885
v -0.05297907814383507 -0.14307765662670135 0.18176090717315674
v -0.05869312956929207 -0.14307765662670135 0.18011894822120667
v -0.06298712641000748 -0.17591267824172974 0.1581064611673355
v -0.05297907814383507 -0.14307765662670135 0.18176090717315674
v -0.06298712641000748 -0.17591267824172974 0.1581064611673355
v -0.05869312956929207 -0.1766745001077652 0.15885047614574432
v -0.05297907814383507 -0.14307765662670135 0.18176090717315674
v -0.05869312956929207 -0.1766745001077652 0.15885047614574432
v -0.05296216905117035 -0.1773236244916916 0.15954317152500153
v -0.05296216905117035 -0.1773236244916916 0.15954317152500153
v -0.05869312956929207 -0.1766745001077652 0.15885047614574432
v -0.05296216905117035 -0.18018609285354614 0.15656712651252747
v -0.04724811017513275 -0.1866367906332016 0.1459713727235794
v -0.05296216905117035 -0.18647901713848114 0.1456121951341629
v -0.05296216905117035 -0.18737156689167023 0.14273877441883087
v -0.04724811017513275 -0.1866367906332016 0.1459713727235794
v -0.05296216905117035 -0.18737156689167023 0.14273877441883087
v -0.04724811017513275 -0.18742114305496216 0.143123596906662
v -0.007215890102088451 -0.155217245221138 -0.0795668363571167
v -0.012929949909448624 -0.14949679374694824 -0.07856623828411102
v -0.007215890102088451 -0.14949679374694824 -0.079233318567276
v -0.007215890102088451 -0.14949679374694824 -0.079233318567276
v -0.012929949909448624 -0.14949679374694824 -0.07856623828411102
v -0.01717323064804077 -0.1463458389043808 -0.07725784182548523
v -0.007215890102088451 -0.14949679374694824 -0.079233318567276
v -0.01717323064804077 -0.1463458389043808 -0.07725784182548523
v -0.012929949909448624 -0.14601677656173706 -0.07764265686273575
v -0.007215890102088451 -0.14949679374694824 -0.079233318567276
v -0.012929949909448624 -0.14601677656173706 -0.07764265686273575
v -0.007215890102088451 -0.1458003968000412 -0.07795055210590363
v -0.007215890102088451 -0.1458003968000412 -0.07795055210590363
v -0.012929949909448624 -0.14601677656173706 -0.07764265686273575
v -0.012929949909448624 -0.14512422680854797 -0.07412783801555634
v -0.04724811017513275 -0.18045204877853394 0.15687498450279236
v -0.05296216905117035 -0.18018609285354614 0.15656712651252747
v -0.05296216905117035 -0.1822957545518875 0.15371936559677124
v -0.04724811017513275 -0.18045204877853394 0.15687498450279236
v -0.05296216905117035 -0.1822957545518875 0.15371936559677124
v -0.04724811017513275 -0.18248507380485535 0.15402722358703613
v -0.04724811017513275 -0.18045204877853394 0.15687498450279236
v -0.04724811017513275 -0.17758958041667938 0.159799724817276
v -0.05296216905117035 -0.1773236244916916 0.15954317152500153
v -0.0015018299454823136 -0.17781947553157806 -0.07412783801555634
v -0.007215890102088451 -0.1776391714811325 -0.07412783801555634
v -0.007215890102088451 -0.17575940489768982 -0.07761698961257935
v -0.007215890102088451 -0.17575940489768982 -0.07761698961257935
v -0.012929949909448624 -0.17557910084724426 -0.07738611847162247
v -0.007215890102088451 -0.17237402498722076 -0.07897674292325974
v -0.007215890102088451 -0.17575940489768982 -0.07761698961257935
v -0.007215890102088451 -0.1776391714811325 -0.07412783801555634
v -0.012929949909448624 -0.17557910084724426 -0.07738611847162247
v -0.007215890102088451 -0.17237402498722076 -0.07897674292325974
v -0.012929949909448624 -0.17557910084724426 -0.07738611847162247
v -0.016615349799394608 -0.1753852665424347 -0.0771552175283432
v -0.007215890102088451 -0.17237402498722076 -0.07897674292325974
v -0.016615349799394608 -0.1753852665424347 -0.0771552175283432
v -0.012929949909448624 -0.17237402498722076 -0.07833536714315414
v 0.00992628000676632 -0.1811327338218689 -0.06596937030553818
v 0.00992628000676632 -0.18242649734020233 -0.06268545240163803
v 0.0042122299782931805 -0.1812499463558197 -0.06627724319696426
v 0.015488199889659882 -0.18594259023666382 -0.05078126862645149
v 0.00992628000676632 -0.18602372705936432 -0.05173053964972496
v 0.00992628000676632 -0.184455007314682 -0.056964270770549774
v 0.015488199889659882 -0.18594259023666382 -0.05078126862645149
v 0.017297089099884033 -0.18653762340545654 -0.048010461032390594
v 0.013476439751684666 -0.1867179274559021 -0.048574890941381454
v -0.0015018299454823136 -0.17584505677223206 -0.07774528115987778
v -0.0015018299454823136 -0.17781947553157806 -0.07412783801555634
v -0.007215890102088451 -0.17575940489768982 -0.07761698961257935
v 0.0042122299782931805 -0.18004634976387024 -0.06912501156330109
v 0.00992628000676632 -0.1811327338218689 -0.06596937030553818
v 0.0042122299782931805 -0.1812499463558197 -0.06627724319696426
v 0.0042122299782931805 -0.18004634976387024 -0.06912501156330109
v 0.0042122299782931805 -0.1812499463558197 -0.06627724319696426
v -0.0015018299454823136 -0.1800643801689148 -0.0691763237118721
v -0.0015018299454823136 -0.1800643801689148 -0.0691763237118721
v -0.007215890102088451 -0.1776391714811325 -0.07412783801555634
v -0.0015018299454823136 -0.17781947553157806 -0.07412783801555634
v -0.0015018299454823136 -0.1800643801689148 -0.0691763237118721
v 0.0042122299782931805 -0.1812499463558197 -0.06627724319696426
v -0.0015018299454823136 -0.1812589466571808 -0.06630288809537888
v -0.0015018299454823136 -0.1800643801689148 -0.0691763237118721
v -0.0015018299454823136 -0.1812589466571808 -0.06630288809537888
v -0.007215890102088451 -0.181168794631958 -0.06607198715209961
v -0.0015018299454823136 -0.1800643801689148 -0.0691763237118721
v -0.007215890102088451 -0.181168794631958 -0.06607198715209961
v -0.007215890102088451 -0.17996971309185028 -0.06894540786743164
v -0.0015018299454823136 -0.1800643801689148 -0.0691763237118721
v -0.007215890102088451 -0.17996971309185028 -0.06894540786743164
v -0.007215890102088451 -0.1776391714811325 -0.07412783801555634
v 0.015657249838113785 -0.18816494941711426 -0.03980066999793053
v 0.00992628000676632 -0.18746623396873474 -0.04552188888192177
v 0.015488199889659882 -0.187137171626091 -0.045881059020757675
v 0.015488199889659882 -0.187137171626091 -0.045881059020757675
v 0.013476439751684666 -0.1867179274559021 -0.048574890941381454
v 0.017297089099884033 -0.18653762340545654 -0.048010461032390594
v 0.015488199889659882 -0.187137171626091 -0.045881059020757675
v 0.017297089099884033 -0.18653762340545654 -0.048010461032390594
v 0.02137131057679653 -0.1869838982820511 -0.044187791645526886
v 0.015488199889659882 -0.187137171626091 -0.045881059020757675
v 0.00992628000676632 -0.18746623396873474 -0.04552188888192177
v 0.013476439751684666 -0.1867179274559021 -0.048574890941381454
v 0.02137131057679653 -0.1869838982820511 -0.044187791645526886
v 0.017297089099884033 -0.18653762340545654 -0.048010461032390594
v 0.02137131057679653 -0.18629419803619385 -0.04706120863556862
v 0.02137131057679653 -0.1869838982820511 -0.044187791645526886
v 0.02137131057679653 -0.18629419803619385 -0.04706120863556862
v 0.02510741911828518 -0.18678103387355804 -0.043187208473682404
v 0.02137131057679653 -0.18629419803619385 -0.04706120863556862
v 0.017297089099884033 -0.18653762340545654 -0.048010461032390594
v 0.02137131057679653 -0.1851852834224701 -0.05124305933713913
v 0.02137131057679653 -0.1851852834224701 -0.05124305933713913
v 0.017297089099884033 -0.18653762340545654 -0.048010461032390594
v 0.015488199889659882 -0.18594259023666382 -0.05078126862645149
v 0.02137131057679653 -0.18889972567558289 -0.01694156974554062
v -0.041534051299095154 -0.1890394687652588 0.11459460109472275
v 0.015657249838113785 -0.18898536264896393 -0.011220360174775124
v 0.02137131057679653 -0.18893128633499146 -0.022662749513983727
v 0.015657249838113785 -0.18908004462718964 -0.022662749513983727
v 0.015657249838113785 -0.18902142345905304 -0.02835828997194767
v 0.015657249838113785 -0.18902142345905304 -0.02835828997194767
v 0.00992628000676632 -0.189098060131073 -0.02835828997194767
v 0.00992628000676632 -0.1889132410287857 -0.034079499542713165
v 0.015657249838113785 -0.18902142345905304 -0.02835828997194767
v 0.00992628000676632 -0.1889132410287857 -0.034079499542713165
v 0.015657249838113785 -0.18875546753406525 -0.034079499542713165
v 0.015657249838113785 -0.18902142345905304 -0.02835828997194767
v 0.015657249838113785 -0.18908004462718964 -0.022662749513983727
v 0.00992628000676632 -0.189098060131073 -0.02835828997194767
v 0.015657249838113785 -0.18875546753406525 -0.034079499542713165
v 0.00992628000676632 -0.1889132410287857 -0.034079499542713165
v 0.00992628000676632 -0.1883903443813324 -0.03980066999793053
v 0.015657249838113785 -0.18875546753406525 -0.034079499542713165
v 0.00992628000676632 -0.1883903443813324 -0.03980066999793053
v 0.015657249838113785 -0.18816494941711426 -0.03980066999793053
v 0.015657249838113785 -0.18816494941711426 -0.03980066999793053
v 0.00992628000676632 -0.1883903443813324 -0.03980066999793053
v 0.00992628000676632 -0.18746623396873474 -0.04552188888192177
v -0.012929949909448624 -0.14949679374694824 -0.07856623828411102
v -0.01891450025141239 -0.15006029605865479 -0.07738611847162247
v -0.01717323064804077 -0.1463458389043808 -0.07725784182548523
v -0.01717323064804077 -0.1463458389043808 -0.07725784182548523
v -0.01891450025141239 -0.15006029605865479 -0.07738611847162247
v -0.020993869751691818 -0.14853213727474213 -0.07671906799077988
v -0.01717323064804077 -0.1463458389043808 -0.07725784182548523
v -0.020993869751691818 -0.14853213727474213 -0.07671906799077988
v -0.03374062106013298 -0.14631427824497223 -0.0715879499912262
v -0.01717323064804077 -0.1463458389043808 -0.07725784182548523
v -0.03374062106013298 -0.14631427824497223 -0.0715879499912262
v -0.030089030042290688 -0.14595365524291992 -0.07220368087291718
v -0.01717323064804077 -0.1463458389043808 -0.07725784182548523
v -0.030089030042290688 -0.14595365524291992 -0.07220368087291718
v -0.012929949909448624 -0.14601677656173706 -0.07764265686273575
v -0.012929949909448624 -0.14601677656173706 -0.07764265686273575
v -0.030089030042290688 -0.14595365524291992 -0.07220368087291718
v -0.02437496930360794 -0.14574629068374634 -0.07317858934402466
v -0.05296216905117035 -0.18018609285354614 0.15656712651252747
v -0.05869312956929207 -0.1766745001077652 0.15885047614574432
v -0.05869312956929207 -0.17953695356845856 0.15582312643527985
v -0.05296216905117035 -0.18018609285354614 0.15656712651252747
v -0.05869312956929207 -0.17953695356845856 0.15582312643527985
v -0.05869312956929207 -0.18178637325763702 0.15297535061836243
v -0.012929949909448624 -0.17237402498722076 -0.07833536714315414
v -0.01857638917863369 -0.17208552360534668 -0.07738611847162247
v -0.02168699912726879 -0.1699848771095276 -0.07705257087945938
v -0.012929949909448624 -0.17237402498722076 -0.07833536714315414
v -0.02168699912726879 -0.1699848771095276 -0.07705257087945938
v -0.012929949909448624 -0.1666535884141922 -0.0788484513759613
v -0.012929949909448624 -0.1666535884141922 -0.0788484513759613
v -0.02168699912726879 -0.1699848771095276 -0.07705257087945938
v -0.01864401064813137 -0.1666535884141922 -0.07766833156347275
v -0.012929949909448624 -0.1666535884141922 -0.0788484513759613
v -0.01864401064813137 -0.1666535884141922 -0.07766833156347275
v -0.012929949909448624 -0.155217245221138 -0.07879717648029327
v -0.012929949909448624 -0.155217245221138 -0.07879717648029327
v -0.01864401064813137 -0.1666535884141922 -0.07766833156347275
v -0.02168699912726879 -0.1699848771095276 -0.07705257087945938
v -0.012929949909448624 -0.155217245221138 -0.07879717648029327
v -0.02168699912726879 -0.1699848771095276 -0.07705257087945938
v -0.021517939865589142 -0.15234576165676117 -0.07697562128305435
v -0.012929949909448624 -0.155217245221138 -0.07879717648029327
v -0.021517939865589142 -0.15234576165676117 -0.07697562128305435
v -0.012929949909448624 -0.14949679374694824 -0.07856623828411102
v -0.012929949909448624 -0.14949679374694824 -0.07856623828411102
v -0.021517939865589142 -0.15234576165676117 -0.07697562128305435
v -0.01891450025141239 -0.15006029605865479 -0.07738611847162247
v -0.030089030042290688 -0.14506110548973083 -0.06840665638446808
v -0.030089030042290688 -0.14595365524291992 -0.07220368087291718
v -0.035718560218811035 -0.14573277533054352 -0.06853493303060532
v -0.030089030042290688 -0.14506110548973083 -0.06840665638446808
v -0.035718560218811035 -0.14573277533054352 -0.06853493303060532
v -0.041534051299095154 -0.1452188789844513 -0.06268545240163803
v -0.030089030042290688 -0.14506110548973083 -0.06840665638446808
v -0.041534051299095154 -0.1452188789844513 -0.06268545240163803
v -0.04724811017513275 -0.14493489265441895 -0.056964270770549774
v -0.030089030042290688 -0.14506110548973083 -0.06840665638446808
v -0.04724811017513275 -0.14493489265441895 -0.056964270770549774
v -0.035803090780973434 -0.144858255982399 -0.06268545240163803
v -0.035803090780973434 -0.144858255982399 -0.06268545240163803
v -0.04724811017513275 -0.14493489265441895 -0.056964270770549774
v -0.07529433816671371 -0.14307765662670135 0.0808318629860878
v -0.035803090780973434 -0.144858255982399 -0.06268545240163803
v -0.07529433816671371 -0.14307765662670135 0.0808318629860878
v -0.07012125849723816 -0.14307765662670135 0.07726573199033737
v -0.035803090780973434 -0.144858255982399 -0.06268545240163803
v -0.07012125849723816 -0.14307765662670135 0.07726573199033737
v -0.06433957070112228 -0.14307765662670135 0.07393050938844681
v -0.012929949909448624 -0.17237402498722076 -0.07833536714315414
v -0.016615349799394608 -0.1753852665424347 -0.0771552175283432
v -0.01857638917863369 -0.17208552360534668 -0.07738611847162247
v 0.015488199889659882 -0.18594259023666382 -0.05078126862645149
v 0.013476439751684666 -0.1867179274559021 -0.048574890941381454
v 0.00992628000676632 -0.18602372705936432 -0.05173053964972496
v 0.00992628000676632 -0.184455007314682 -0.056964270770549774
v 0.00992628000676632 -0.18602372705936432 -0.05173053964972496
v 0.0042122299782931805 -0.18463081121444702 -0.056964270770549774
v 0.00992628000676632 -0.184455007314682 -0.056964270770549774
v 0.0042122299782931805 -0.18463081121444702 -0.056964270770549774
v 0.0042122299782931805 -0.18266089260578156 -0.06268545240163803
v 0.00992628000676632 -0.184455007314682 -0.056964270770549774
v 0.0042122299782931805 -0.18266089260578156 -0.06268545240163803
v 0.00992628000676632 -0.18242649734020233 -0.06268545240163803
v 0.00992628000676632 -0.18242649734020233 -0.06268545240163803
v 0.0042122299782931805 -0.18266089260578156 -0.06268545240163803
v 0.0042122299782931805 -0.1812499463558197 -0.06627724319696426
v -0.012929949909448624 -0.14512422680854797 -0.07412783801555634
v -0.012929949909448624 -0.14601677656173706 -0.07764265686273575
v -0.02437496930360794 -0.14574629068374634 -0.07317858934402466
v -0.012929949909448624 -0.14512422680854797 -0.07412783801555634
v -0.02437496930360794 -0.14574629068374634 -0.07317858934402466
v -0.030089030042290688 -0.14506110548973083 -0.06840665638446808
v -0.030089030042290688 -0.14506110548973083 -0.06840665638446808
v -0.02437496930360794 -0.14574629068374634 -0.07317858934402466
v -0.030089030042290688 -0.14595365524291992 -0.07220368087291718
v -0.04724811017513275 -0.18904396891593933 0.12603698670864105
v 0.00992628000676632 -0.18908904492855072 -0.011220360174775124
v -0.041534051299095154 -0.1890394687652588 0.11459460109472275
v -0.041534051299095154 -0.1890394687652588 0.11459460109472275
v 0.00992628000676632 -0.18908904492855072 -0.011220360174775124
v 0.015657249838113785 -0.18908004462718964 -0.022662749513983727
v -0.041534051299095154 -0.1890394687652588 0.11459460109472275
v 0.015657249838113785 -0.18908004462718964 -0.022662749513983727
v 0.015657249838113785 -0.1890394687652588 -0.01694156974554062
v -0.041534051299095154 -0.1890394687652588 0.11459460109472275
v 0.015657249838113785 -0.1890394687652588 -0.01694156974554062
v 0.015657249838113785 -0.18898536264896393 -0.011220360174775124
v 0.015657249838113785 -0.18908004462718964 -0.022662749513983727
v 0.00992628000676632 -0.18908904492855072 -0.011220360174775124
v 0.00992628000676632 -0.189111590385437 -0.01694156974554062
v 0.015657249838113785 -0.18908004462718964 -0.022662749513983727
v 0.00992628000676632 -0.189111590385437 -0.01694156974554062
v 0.00992628000676632 -0.18912510573863983 -0.022662749513983727
v 0.015657249838113785 -0.18908004462718964 -0.022662749513983727
v 0.00992628000676632 -0.18912510573863983 -0.022662749513983727
v 0.00992628000676632 -0.189098060131073 -0.02835828997194767
v 0.00992628000676632 -0.189098060131073 -0.02835828997194767
v 0.0042122299782931805 -0.1890755295753479 -0.02835828997194767
v 0.0042122299782931805 -0.1889132410287857 -0.034079499542713165
v -0.05296216905117035 -0.18737156689167023 0.14273877441883087
v -0.05869312956929207 -0.18793955445289612 0.13747937977313995
v -0.05296216905117035 -0.18843090534210205 0.13747937977313995
v -0.05296216905117035 -0.18843090534210205 0.13747937977313995
v -0.05869312956929207 -0.18793955445289612 0.13747937977313995
v -0.05869312956929207 -0.18849852681159973 0.1317581832408905
v -0.05296216905117035 -0.18843090534210205 0.13747937977313995
v -0.05869312956929207 -0.18849852681159973 0.1317581832408905
v -0.05296216905117035 -0.18889972567558289 0.1317581832408905
v -0.05296216905117035 -0.18889972567558289 0.1317581832408905
v -0.05869312956929207 -0.18849852681159973 0.1317581832408905
v -0.05296216905117035 -0.1889943778514862 0.12603698670864105
v -0.05296216905117035 -0.18889972567558289 0.1317581832408905
v -0.05296216905117035 -0.1889943778514862 0.12603698670864105
v -0.04724811017513275 -0.18904396891593933 0.12603698670864105
v -0.04724811017513275 -0.18904396891593933 0.12603698670864105
v -0.05296216905117035 -0.1889943778514862 0.12603698670864105
v -0.04724811017513275 -0.18906651437282562 0.1203157901763916
v -0.04724811017513275 -0.18904396891593933 0.12603698670864105
v -0.04724811017513275 -0.18906651437282562 0.1203157901763916
v -0.0015018299454823136 -0.189098060131073 0.011664420366287231
v -0.04724811017513275 -0.18904396891593933 0.12603698670864105
v -0.0015018299454823136 -0.189098060131073 0.011664420366287231
v 0.00992628000676632 -0.18908904492855072 -0.011220360174775124
v -0.06298712641000748 -0.17591267824172974 0.1581064611673355
v -0.06462696939706802 -0.1782297044992447 0.15474559366703033
v -0.06246306002140045 -0.18128150701522827 0.1522313356399536
v -0.06298712641000748 -0.17591267824172974 0.1581064611673355
v -0.06246306002140045 -0.18128150701522827 0.1522313356399536
v -0.05869312956929207 -0.17953695356845856 0.15582312643527985
v -0.06298712641000748 -0.17591267824172974 0.1581064611673355
v -0.05869312956929207 -0.17953695356845856 0.15582312643527985
v -0.05869312956929207 -0.1766745001077652 0.15885047614574432
v -0.05296216905117035 -0.18647901713848114 0.1456121951341629
v -0.05296216905117035 -0.18495987355709076 0.14892177283763885
v -0.05869312956929207 -0.18408085405826569 0.14892177283763885
v -0.05296216905117035 -0.18647901713848114 0.1456121951341629
v -0.05869312956929207 -0.18408085405826569 0.14892177283763885
v -0.05869312956929207 -0.18610486388206482 0.14450900256633759
v -0.05296216905117035 -0.18647901713848114 0.1456121951341629
v -0.05869312956929207 -0.18610486388206482 0.14450900256633759
v -0.05869312956929207 -0.1870785653591156 0.14163558185100555
v -0.05296216905117035 -0.18647901713848114 0.1456121951341629
v -0.05869312956929207 -0.1870785653591156 0.14163558185100555
v -0.05296216905117035 -0.18737156689167023 0.14273877441883087
v -0.05296216905117035 -0.18737156689167023 0.14273877441883087
v -0.05869312956929207 -0.1870785653591156 0.14163558185100555
v -0.05869312956929207 -0.18793955445289612 0.13747937977313995
v -0.05296216905117035 -0.18018609285354614 0.15656712651252747
v -0.05869312956929207 -0.18178637325763702 0.15297535061836243
v -0.05296216905117035 -0.1822957545518875 0.15371936559677124
v -0.05296216905117035 -0.1822957545518875 0.15371936559677124
v -0.05869312956929207 -0.18178637325763702 0.15297535061836243
v -0.05869312956929207 -0.18408085405826569 0.14892177283763885
v -0.05296216905117035 -0.1822957545518875 0.15371936559677124
v -0.05869312956929207 -0.18408085405826569 0.14892177283763885
v -0.05296216905117035 -0.18495987355709076 0.14892177283763885
v -0.05296216905117035 -0.1822957545518875 0.15371936559677124
v -0.05296216905117035 -0.18495987355709076 0.14892177283763885
v -0.04724811017513275 -0.18248507380485535 0.15402722358703613
v -0.05869312956929207 -0.14307765662670135 0.18011894822120667
v -0.06476221233606339 -0.14307765662670135 0.17686069011688232
v -0.06680776923894882 -0.17452426254749298 0.15725983679294586
v -0.05869312956929207 -0.14307765662670135 0.18011894822120667
v -0.06680776923894882 -0.17452426254749298 0.15725983679294586
v -0.06298712641000748 -0.17591267824172974 0.1581064611673355
v -0.06298712641000748 -0.17591267824172974 0.1581064611673355
v -0.06680776923894882 -0.17452426254749298 0.15725983679294586
v -0.07012125849723816 -0.1766745001077652 0.15336017310619354
v -0.06298712641000748 -0.17591267824172974 0.1581064611673355
v -0.07012125849723816 -0.1766745001077652 0.15336017310619354
v -0.06462696939706802 -0.1782297044992447 0.15474559366703033
v -0.016615349799394608 -0.1753852665424347 -0.0771552175283432
v -0.01857638917863369 -0.17644459009170532 -0.07448703050613403
v -0.02437496930360794 -0.17625075578689575 -0.07302466034889221
v -0.016615349799394608 -0.1753852665424347 -0.0771552175283432
v -0.02437496930360794 -0.17625075578689575 -0.07302466034889221
v -0.030089030042290688 -0.17576391994953156 -0.07199843227863312
v -0.016615349799394608 -0.1753852665424347 -0.0771552175283432
v -0.030089030042290688 -0.17576391994953156 -0.07199843227863312
v -0.03338560089468956 -0.1753987818956375 -0.07145968079566956
v -0.016615349799394608 -0.1753852665424347 -0.0771552175283432
v -0.03338560089468956 -0.1753987818956375 -0.07145968079566956
v -0.020435990765690804 -0.17379850149154663 -0.07661642879247665
v 0.00992628000676632 -0.18602372705936432 -0.05173053964972496
v 0.00992628000676632 -0.18679006397724152 -0.04888274893164635
v 0.0042122299782931805 -0.186857670545578 -0.04913930967450142
v 0.00992628000676632 -0.18602372705936432 -0.05173053964972496
v 0.0042122299782931805 -0.186857670545578 -0.04913930967450142
v 0.0042122299782931805 -0.18607781827449799 -0.05201274901628494
v 0.00992628000676632 -0.18602372705936432 -0.05173053964972496
v 0.0042122299782931805 -0.18607781827449799 -0.05201274901628494
v 0.0042122299782931805 -0.18463081121444702 -0.056964270770549774
v 0.0042122299782931805 -0.18463081121444702 -0.056964270770549774
v 0.0042122299782931805 -0.18607781827449799 -0.05201274901628494
v -0.0015018299454823136 -0.1846172958612442 -0.056964270770549774
v -0.007215890102088451 -0.181168794631958 -0.06607198715209961
v -0.01134082954376936 -0.18104709684848785 -0.06578978151082993
v -0.007215890102088451 -0.17996971309185028 -0.06894540786743164
v -0.007215890102088451 -0.181168794631958 -0.06607198715209961
v -0.0015018299454823136 -0.18267440795898438 -0.06268545240163803
v -0.007215890102088451 -0.18247607350349426 -0.06268545240163803
v -0.007215890102088451 -0.181168794631958 -0.06607198715209961
v -0.007215890102088451 -0.18247607350349426 -0.06268545240163803
v -0.01134082954376936 -0.18104709684848785 -0.06578978151082993
v -0.007215890102088451 -0.17996971309185028 -0.06894540786743164
v -0.01134082954376936 -0.18104709684848785 -0.06578978151082993
v -0.01311590988188982 -0.17999225854873657 -0.06797050684690475
v -0.007215890102088451 -0.17996971309185028 -0.06894540786743164
v -0.01311590988188982 -0.17999225854873657 -0.06797050684690475
v -0.012929949909448624 -0.1772785484790802 -0.07412783801555634
v -0.012929949909448624 -0.17557910084724426 -0.07738611847162247
v -0.012929949909448624 -0.1772785484790802 -0.07412783801555634
v -0.016615349799394608 -0.1753852665424347 -0.0771552175283432
v -0.016615349799394608 -0.1753852665424347 -0.0771552175283432
v -0.020435990765690804 -0.17379850149154663 -0.07661642879247665
v -0.01857638917863369 -0.17208552360534668 -0.07738611847162247
v -0.016615349799394608 -0.1753852665424347 -0.0771552175283432
v -0.012929949909448624 -0.1772785484790802 -0.07412783801555634
v -0.01857638917863369 -0.17644459009170532 -0.07448703050613403
v 0.00992628000676632 -0.18746623396873474 -0.04552188888192177
v 0.0042122299782931805 -0.186857670545578 -0.04913930967450142
v 0.00992628000676632 -0.18679006397724152 -0.04888274893164635
v 0.00992628000676632 -0.18746623396873474 -0.04552188888192177
v 0.00992628000676632 -0.18679006397724152 -0.04888274893164635
v 0.013476439751684666 -0.1867179274559021 -0.048574890941381454
v 0.013476439751684666 -0.1867179274559021 -0.048574890941381454
v 0.00992628000676632 -0.18679006397724152 -0.04888274893164635
v 0.00992628000676632 -0.18602372705936432 -0.05173053964972496
v 0.0042122299782931805 -0.1812499463558197 -0.06627724319696426
v 0.0042122299782931805 -0.18266089260578156 -0.06268545240163803
v -0.0015018299454823136 -0.1812589466571808 -0.06630288809537888
v -0.007215890102088451 -0.1776391714811325 -0.07412783801555634
v -0.007215890102088451 -0.17996971309185028 -0.06894540786743164
v -0.012929949909448624 -0.1772785484790802 -0.07412783801555634
v -0.007215890102088451 -0.1776391714811325 -0.07412783801555634
v -0.012929949909448624 -0.1772785484790802 -0.07412783801555634
v -0.012929949909448624 -0.17557910084724426 -0.07738611847162247
v -0.0015018299454823136 -0.1812589466571808 -0.06630288809537888
v 0.0042122299782931805 -0.18266089260578156 -0.06268545240163803
v -0.0015018299454823136 -0.18267440795898438 -0.06268545240163803
v -0.0015018299454823136 -0.1812589466571808 -0.06630288809537888
v -0.0015018299454823136 -0.18267440795898438 -0.06268545240163803
v -0.007215890102088451 -0.181168794631958 -0.06607198715209961
v 0.00992628000676632 -0.189098060131073 -0.02835828997194767
v 0.0042122299782931805 -0.1889132410287857 -0.034079499542713165
v 0.00992628000676632 -0.1889132410287857 -0.034079499542713165
v 0.00992628000676632 -0.189098060131073 -0.02835828997194767
v 0.00992628000676632 -0.18912510573863983 -0.022662749513983727
v 0.0042122299782931805 -0.18910257518291473 -0.022662749513983727
v 0.00992628000676632 -0.189098060131073 -0.02835828997194767
v 0.0042122299782931805 -0.18910257518291473 -0.022662749513983727
v 0.0042122299782931805 -0.1890755295753479 -0.02835828997194767
v 0.00992628000676632 -0.1889132410287857 -0.034079499542713165
v 0.0042122299782931805 -0.1889132410287857 -0.034079499542713165
v 0.0042122299782931805 -0.18843090534210205 -0.03980066999793053
v 0.00992628000676632 -0.1889132410287857 -0.034079499542713165
v 0.0042122299782931805 -0.18843090534210205 -0.03980066999793053
v 0.00992628000676632 -0.1883903443813324 -0.03980066999793053
v 0.00992628000676632 -0.1883903443813324 -0.03980066999793053
v 0.0042122299782931805 -0.18843090534210205 -0.03980066999793053
v 0.0042122299782931805 -0.18756991624832153 -0.04552188888192177
v 0.00992628000676632 -0.1883903443813324 -0.03980066999793053
v 0.0042122299782931805 -0.18756991624832153 -0.04552188888192177
v 0.00992628000676632 -0.18746623396873474 -0.04552188888192177
v 0.00992628000676632 -0.18746623396873474 -0.04552188888192177
v 0.0042122299782931805 -0.18756991624832153 -0.04552188888192177
v 0.0042122299782931805 -0.186857670545578 -0.04913930967450142
v -0.03374062106013298 -0.14631427824497223 -0.0715879499912262
v -0.034366119652986526 -0.14949679374694824 -0.07187016308307648
v -0.037240058183670044 -0.14949679374694824 -0.07040777802467346
v -0.03374062106013298 -0.14631427824497223 -0.0715879499912262
v -0.037240058183670044 -0.14949679374694824 -0.07040777802467346
v -0.04456014186143875 -0.1465306580066681 -0.06566151231527328
v -0.03374062106013298 -0.14631427824497223 -0.0715879499912262
v -0.04456014186143875 -0.1465306580066681 -0.06566151231527328
v -0.041534051299095154 -0.14611142873764038 -0.06648249179124832
v -0.05869312956929207 -0.17953695356845856 0.15582312643527985
v -0.06246306002140045 -0.18128150701522827 0.1522313356399536
v -0.05869312956929207 -0.18178637325763702 0.15297535061836243
v -0.05869312956929207 -0.18178637325763702 0.15297535061836243
v -0.06246306002140045 -0.18128150701522827 0.1522313356399536
v -0.05869312956929207 -0.18408085405826569 0.14892177283763885
v -0.05869312956929207 -0.18408085405826569 0.14892177283763885
v -0.06246306002140045 -0.18128150701522827 0.1522313356399536
v -0.06439028680324554 -0.18245352804660797 0.14915266633033752
v -0.05869312956929207 -0.18408085405826569 0.14892177283763885
v -0.06439028680324554 -0.18245352804660797 0.14915266633033752
v -0.06417051702737808 -0.18549631536006927 0.1428413838148117
v -0.05869312956929207 -0.18408085405826569 0.14892177283763885
v -0.06417051702737808 -0.18549631536006927 0.1428413838148117
v -0.05869312956929207 -0.18610486388206482 0.14450900256633759
v -0.02168699912726879 -0.1699848771095276 -0.07705257087945938
v -0.0245102196931839 -0.1666535884141922 -0.07605201005935669
v -0.02437496930360794 -0.155217245221138 -0.07605201005935669
v -0.02168699912726879 -0.1699848771095276 -0.07705257087945938
v -0.02437496930360794 -0.155217245221138 -0.07605201005935669
v -0.021517939865589142 -0.15234576165676117 -0.07697562128305435
v -0.021517939865589142 -0.15234576165676117 -0.07697562128305435
v -0.020993869751691818 -0.14853213727474213 -0.07671906799077988
v -0.01891450025141239 -0.15006029605865479 -0.07738611847162247
v -0.021517939865589142 -0.15234576165676117 -0.07697562128305435
v -0.02437496930360794 -0.155217245221138 -0.07605201005935669
v -0.030089030042290688 -0.155217245221138 -0.07389695197343826
v -0.021517939865589142 -0.15234576165676117 -0.07697562128305435
v -0.030089030042290688 -0.155217245221138 -0.07389695197343826
v -0.030089030042290688 -0.14949679374694824 -0.07351210713386536
v -0.021517939865589142 -0.15234576165676117 -0.07697562128305435
v -0.030089030042290688 -0.14949679374694824 -0.07351210713386536
v -0.020993869751691818 -0.14853213727474213 -0.07671906799077988
v -0.020993869751691818 -0.14853213727474213 -0.07671906799077988
v -0.030089030042290688 -0.14949679374694824 -0.07351210713386536
v -0.03374062106013298 -0.14631427824497223 -0.0715879499912262
v -0.03374062106013298 -0.14631427824497223 -0.0715879499912262
v -0.030089030042290688 -0.14949679374694824 -0.07351210713386536
v -0.034366119652986526 -0.14949679374694824 -0.07187016308307648
v -0.04724811017513275 -0.14493489265441895 -0.056964270770549774
v -0.05284383147954941 -0.14569219946861267 -0.05683599039912224
v -0.05296216905117035 -0.14493489265441895 -0.05124305933713913
v -0.04724811017513275 -0.14493489265441895 -0.056964270770549774
v -0.05296216905117035 -0.14493489265441895 -0.05124305933713913
v -0.08100838959217072 -0.14307765662670135 0.08655305206775665
v -0.04724811017513275 -0.14493489265441895 -0.056964270770549774
v -0.08100838959217072 -0.14307765662670135 0.08655305206775665
v -0.07529433816671371 -0.14307765662670135 0.0808318629860878
v -0.01857638917863369 -0.17208552360534668 -0.07738611847162247
v -0.020435990765690804 -0.17379850149154663 -0.07661642879247665
v -0.02168699912726879 -0.1699848771095276 -0.07705257087945938
v -0.02168699912726879 -0.1699848771095276 -0.07705257087945938
v -0.020435990765690804 -0.17379850149154663 -0.07661642879247665
v -0.030089030042290688 -0.17237402498722076 -0.07340949028730392
v -0.02168699912726879 -0.1699848771095276 -0.07705257087945938
v -0.030089030042290688 -0.17237402498722076 -0.07340949028730392
v -0.03412944823503494 -0.17237402498722076 -0.07181884348392487
v -0.02168699912726879 -0.1699848771095276 -0.07705257087945938
v -0.03412944823503494 -0.17237402498722076 -0.07181884348392487
v -0.030089030042290688 -0.1666535884141922 -0.07397390902042389
v -0.02168699912726879 -0.1699848771095276 -0.07705257087945938
v -0.030089030042290688 -0.1666535884141922 -0.07397390902042389
v -0.0245102196931839 -0.1666535884141922 -0.07605201005935669
v 0.0042122299782931805 -0.18463081121444702 -0.056964270770549774
v -0.0015018299454823136 -0.1846172958612442 -0.056964270770549774
v -0.0015018299454823136 -0.18267440795898438 -0.06268545240163803
v 0.0042122299782931805 -0.18463081121444702 -0.056964270770549774
v -0.0015018299454823136 -0.18267440795898438 -0.06268545240163803
v 0.0042122299782931805 -0.18266089260578156 -0.06268545240163803
v -0.030089030042290688 -0.14595365524291992 -0.07220368087291718
v -0.03374062106013298 -0.14631427824497223 -0.0715879499912262
v -0.035718560218811035 -0.14573277533054352 -0.06853493303060532
v -0.035718560218811035 -0.14573277533054352 -0.06853493303060532
v -0.041534051299095154 -0.14611142873764038 -0.06648249179124832
v -0.04677475988864899 -0.14592209458351135 -0.06250587105751038
v -0.035718560218811035 -0.14573277533054352 -0.06853493303060532
v -0.04677475988864899 -0.14592209458351135 -0.06250587105751038
v -0.041534051299095154 -0.1452188789844513 -0.06268545240163803
v -0.035718560218811035 -0.14573277533054352 -0.06853493303060532
v -0.03374062106013298 -0.14631427824497223 -0.0715879499912262
v -0.041534051299095154 -0.14611142873764038 -0.06648249179124832
v -0.041534051299095154 -0.1452188789844513 -0.06268545240163803
v -0.04677475988864899 -0.14592209458351135 -0.06250587105751038
v -0.05284383147954941 -0.14569219946861267 -0.05683599039912224
v -0.041534051299095154 -0.1452188789844513 -0.06268545240163803
v -0.05284383147954941 -0.14569219946861267 -0.05683599039912224
v -0.04724811017513275 -0.14493489265441895 -0.056964270770549774
v -0.04724811017513275 -0.18906651437282562 0.1203157901763916
v -0.041534051299095154 -0.18907101452350616 0.10315220803022385
v 0.0042122299782931805 -0.18912510573863983 -0.011220360174775124
v -0.04724811017513275 -0.18906651437282562 0.1203157901763916
v 0.0042122299782931805 -0.18912510573863983 -0.011220360174775124
v 0.0042122299782931805 -0.18911610543727875 -0.005499179940670729
v -0.04724811017513275 -0.18906651437282562 0.1203157901763916
v 0.0042122299782931805 -0.18911610543727875 -0.005499179940670729
v -0.0015018299454823136 -0.189098060131073 0.011664420366287231
v -0.0015018299454823136 -0.189098060131073 0.011664420366287231
v 0.0042122299782931805 -0.18911610543727875 -0.005499179940670729
v 0.00992628000676632 -0.189111590385437 -0.01694156974554062
v -0.0015018299454823136 -0.189098060131073 0.011664420366287231
v 0.00992628000676632 -0.189111590385437 -0.01694156974554062
v 0.00992628000676632 -0.18908904492855072 -0.011220360174775124
v 0.00992628000676632 -0.189111590385437 -0.01694156974554062
v 0.0042122299782931805 -0.18911610543727875 -0.005499179940670729
v 0.00992628000676632 -0.18912510573863983 -0.022662749513983727
v 0.00992628000676632 -0.18912510573863983 -0.022662749513983727
v 0.0042122299782931805 -0.18911610543727875 -0.005499179940670729
v 0.0042122299782931805 -0.18912510573863983 -0.011220360174775124
v 0.00992628000676632 -0.18912510573863983 -0.022662749513983727
v 0.0042122299782931805 -0.18912510573863983 -0.011220360174775124
v 0.0042122299782931805 -0.1891206055879593 -0.01694156974554062
v -0.05869312956929207 -0.18849852681159973 0.1317581832408905
v -0.06440719962120056 -0.18785840272903442 0.12603698670864105
v -0.05869312956929207 -0.18856613337993622 0.12603698670864105
v -0.05869312956929207 -0.18849852681159973 0.1317581832408905
v -0.05869312956929207 -0.18856613337993622 0.12603698670864105
v -0.05296216905117035 -0.1889943778514862 0.12603698670864105
v -0.05296216905117035 -0.1889943778514862 0.12603698670864105
v -0.05869312956929207 -0.18856613337993622 0.12603698670864105
v -0.05296216905117035 -0.18891775608062744 0.1203157901763916
v -0.05296216905117035 -0.1889943778514862 0.12603698670864105
v -0.05296216905117035 -0.18891775608062744 0.1203157901763916
v -0.04724811017513275 -0.188935786485672 0.10315220803022385
v -0.05296216905117035 -0.1889943778514862 0.12603698670864105
v -0.04724811017513275 -0.188935786485672 0.10315220803022385
v -0.04724811017513275 -0.18901242315769196 0.1088733971118927
v -0.05296216905117035 -0.1889943778514862 0.12603698670864105
v -0.04724811017513275 -0.18901242315769196 0.1088733971118927
v -0.04724811017513275 -0.1890619993209839 0.11459460109472275
v -0.05296216905117035 -0.1889943778514862 0.12603698670864105
v -0.04724811017513275 -0.1890619993209839 0.11459460109472275
v -0.04724811017513275 -0.18906651437282562 0.1203157901763916
v -0.04724811017513275 -0.18906651437282562 0.1203157901763916
v -0.04724811017513275 -0.1890619993209839 0.11459460109472275
v -0.041534051299095154 -0.18907101452350616 0.10315220803022385
v -0.06246306002140045 -0.18128150701522827 0.1522313356399536
v -0.0662837028503418 -0.18055123090744019 0.15120510756969452
v -0.06439028680324554 -0.18245352804660797 0.14915266633033752
v -0.05869312956929207 -0.18610486388206482 0.14450900256633759
v -0.06417051702737808 -0.18549631536006927 0.1428413838148117
v -0.06209113821387291 -0.18679006397724152 0.1407119780778885
v -0.05869312956929207 -0.18610486388206482 0.14450900256633759
v -0.06209113821387291 -0.18679006397724152 0.1407119780778885
v -0.05869312956929207 -0.1870785653591156 0.14163558185100555
v -0.05869312956929207 -0.1870785653591156 0.14163558185100555
v -0.06209113821387291 -0.18679006397724152 0.1407119780778885
v -0.05869312956929207 -0.18793955445289612 0.13747937977313995
v -0.05869312956929207 -0.18793955445289612 0.13747937977313995
v -0.06209113821387291 -0.18679006397724152 0.1407119780778885
v -0.06417051702737808 -0.18708758056163788 0.13717150688171387
v -0.05869312956929207 -0.18793955445289612 0.13747937977313995
v -0.06417051702737808 -0.18708758056163788 0.13717150688171387
v -0.06440719962120056 -0.18771867454051971 0.1317581832408905
v -0.05869312956929207 -0.18793955445289612 0.13747937977313995
v -0.06440719962120056 -0.18771867454051971 0.1317581832408905
v -0.05869312956929207 -0.18849852681159973 0.1317581832408905
v -0.05869312956929207 -0.18849852681159973 0.1317581832408905
v -0.06440719962120056 -0.18771867454051971 0.1317581832408905
v -0.06440719962120056 -0.18785840272903442 0.12603698670864105
v -0.06476221233606339 -0.14307765662670135 0.17686069011688232
v -0.06643585860729218 -0.14307765662670135 0.17583447694778442
v -0.06680776923894882 -0.17452426254749298 0.15725983679294586
v -0.06680776923894882 -0.17452426254749298 0.15725983679294586
v -0.0735192596912384 -0.17564670741558075 0.1522056758403778
v -0.07012125849723816 -0.1766745001077652 0.15336017310619354
v -0.06680776923894882 -0.17452426254749298 0.15725983679294586
v -0.06643585860729218 -0.14307765662670135 0.17583447694778442
v -0.06991838663816452 -0.14307765662670135 0.1736793965101242
v -0.06680776923894882 -0.17452426254749298 0.15725983679294586
v -0.06991838663816452 -0.14307765662670135 0.1736793965101242
v -0.0735192596912384 -0.17564670741558075 0.1522056758403778
v -0.07012125849723816 -0.1766745001077652 0.15336017310619354
v -0.0735192596912384 -0.17564670741558075 0.1522056758403778
v -0.0705777034163475 -0.17975333333015442 0.14915266633033752
v -0.07012125849723816 -0.1766745001077652 0.15336017310619354
v -0.0705777034163475 -0.17975333333015442 0.14915266633033752
v -0.0662837028503418 -0.18055123090744019 0.15120510756969452
v -0.07012125849723816 -0.1766745001077652 0.15336017310619354
v -0.0662837028503418 -0.18055123090744019 0.15120510756969452
v -0.06462696939706802 -0.1782297044992447 0.15474559366703033
v -0.06462696939706802 -0.1782297044992447 0.15474559366703033
v -0.0662837028503418 -0.18055123090744019 0.15120510756969452
v -0.06246306002140045 -0.18128150701522827 0.1522313356399536
v -0.020435990765690804 -0.17379850149154663 -0.07661642879247665
v -0.03338560089468956 -0.1753987818956375 -0.07145968079566956
v -0.030089030042290688 -0.17237402498722076 -0.07340949028730392
v -0.01857638917863369 -0.17644459009170532 -0.07448703050613403
v -0.01864401064813137 -0.1792529672384262 -0.06840665638446808
v -0.02437496930360794 -0.17855876684188843 -0.06840665638446808
v -0.01857638917863369 -0.17644459009170532 -0.07448703050613403
v -0.02437496930360794 -0.17855876684188843 -0.06840665638446808
v -0.02437496930360794 -0.17625075578689575 -0.07302466034889221
v -0.02437496930360794 -0.17625075578689575 -0.07302466034889221
v -0.02437496930360794 -0.17855876684188843 -0.06840665638446808
v -0.030089030042290688 -0.17759859561920166 -0.06840665638446808
v -0.02437496930360794 -0.17625075578689575 -0.07302466034889221
v -0.030089030042290688 -0.17759859561920166 -0.06840665638446808
v -0.030089030042290688 -0.17576391994953156 -0.07199843227863312
v -0.030089030042290688 -0.17576391994953156 -0.07199843227863312
v -0.030089030042290688 -0.17759859561920166 -0.06840665638446808
v -0.03338560089468956 -0.1753987818956375 -0.07145968079566956
v -0.03338560089468956 -0.1753987818956375 -0.07145968079566956
v -0.03412944823503494 -0.17237402498722076 -0.07181884348392487
v -0.030089030042290688 -0.17237402498722076 -0.07340949028730392
v -0.03338560089468956 -0.1753987818956375 -0.07145968079566956
v -0.030089030042290688 -0.17759859561920166 -0.06840665638446808
v -0.03549879044294357 -0.1762687861919403 -0.06840665638446808
v -0.0015018299454823136 -0.18267440795898438 -0.06268545240163803
v -0.0015018299454823136 -0.1846172958612442 -0.056964270770549774
v -0.007215890102088451 -0.18445050716400146 -0.056964270770549774
v -0.0015018299454823136 -0.18267440795898438 -0.06268545240163803
v -0.007215890102088451 -0.18445050716400146 -0.056964270770549774
v -0.007215890102088451 -0.18247607350349426 -0.06268545240163803
v -0.01134082954376936 -0.18104709684848785 -0.06578978151082993
v -0.007215890102088451 -0.18247607350349426 -0.06268545240163803
v -0.01311590988188982 -0.18189455568790436 -0.06317292898893356
v -0.01134082954376936 -0.18104709684848785 -0.06578978151082993
v -0.01311590988188982 -0.18189455568790436 -0.06317292898893356
v -0.015161469578742981 -0.18090283870697021 -0.06540495157241821
v -0.01134082954376936 -0.18104709684848785 -0.06578978151082993
v -0.015161469578742981 -0.18090283870697021 -0.06540495157241821
v -0.01311590988188982 -0.17999225854873657 -0.06797050684690475
v -0.007215890102088451 -0.18247607350349426 -0.06268545240163803
v -0.007215890102088451 -0.18445050716400146 -0.056964270770549774
v -0.012929949909448624 -0.18407635390758514 -0.056964270770549774
v -0.007215890102088451 -0.18247607350349426 -0.06268545240163803
v -0.012929949909448624 -0.18407635390758514 -0.056964270770549774
v -0.01311590988188982 -0.18189455568790436 -0.06317292898893356
v -0.01311590988188982 -0.17999225854873657 -0.06797050684690475
v -0.015161469578742981 -0.18090283870697021 -0.06540495157241821
v -0.01864401064813137 -0.1792529672384262 -0.06840665638446808
v 0.0042122299782931805 -0.18843090534210205 -0.03980066999793053
v -0.0015018299454823136 -0.18833623826503754 -0.03980066999793053
v -0.0015018299454823136 -0.18751130998134613 -0.04552188888192177
v 0.0042122299782931805 -0.18843090534210205 -0.03980066999793053
v -0.0015018299454823136 -0.18751130998134613 -0.04552188888192177
v 0.0042122299782931805 -0.18756991624832153 -0.04552188888192177
v 0.0042122299782931805 -0.18756991624832153 -0.04552188888192177
v -0.0015018299454823136 -0.18751130998134613 -0.04552188888192177
v -0.0015018299454823136 -0.1868351399898529 -0.049062348902225494
v 0.0042122299782931805 -0.18756991624832153 -0.04552188888192177
v -0.0015018299454823136 -0.1868351399898529 -0.049062348902225494
v 0.0042122299782931805 -0.186857670545578 -0.04913930967450142
v 0.0042122299782931805 -0.186857670545578 -0.04913930967450142
v -0.0015018299454823136 -0.1868351399898529 -0.049062348902225494
v -0.0015018299454823136 -0.1860688030719757 -0.051935769617557526
v 0.0042122299782931805 -0.186857670545578 -0.04913930967450142
v -0.0015018299454823136 -0.1860688030719757 -0.051935769617557526
v 0.0042122299782931805 -0.18607781827449799 -0.05201274901628494
v -0.012929949909448624 -0.1772785484790802 -0.07412783801555634
v -0.01311590988188982 -0.17999225854873657 -0.06797050684690475
v -0.01864401064813137 -0.1792529672384262 -0.06840665638446808
v -0.012929949909448624 -0.1772785484790802 -0.07412783801555634
v -0.01864401064813137 -0.1792529672384262 -0.06840665638446808
v -0.01857638917863369 -0.17644459009170532 -0.07448703050613403
v 0.00992628000676632 -0.18912510573863983 -0.022662749513983727
v 0.0042122299782931805 -0.1891206055879593 -0.01694156974554062
v 0.0042122299782931805 -0.18910257518291473 -0.022662749513983727
v 0.0042122299782931805 -0.1890755295753479 -0.02835828997194767
v -0.0015018299454823136 -0.18900790810585022 -0.022662749513983727
v -0.0015018299454823136 -0.18896283209323883 -0.02835828997194767
v 0.0042122299782931805 -0.1890755295753479 -0.02835828997194767
v -0.0015018299454823136 -0.18896283209323883 -0.02835828997194767
v 0.0042122299782931805 -0.1889132410287857 -0.034079499542713165
v 0.0042122299782931805 -0.1890755295753479 -0.02835828997194767
v 0.0042122299782931805 -0.18910257518291473 -0.022662749513983727
v -0.041534051299095154 -0.18905749917030334 0.0974310114979744
v 0.0042122299782931805 -0.1890755295753479 -0.02835828997194767
v -0.041534051299095154 -0.18905749917030334 0.0974310114979744
v -0.0015018299454823136 -0.18900790810585022 -0.022662749513983727
v 0.0042122299782931805 -0.1889132410287857 -0.034079499542713165
v -0.0015018299454823136 -0.1887960433959961 -0.034079499542713165
v -0.0015018299454823136 -0.18833623826503754 -0.03980066999793053
v 0.0042122299782931805 -0.1889132410287857 -0.034079499542713165
v -0.0015018299454823136 -0.18833623826503754 -0.03980066999793053
v 0.0042122299782931805 -0.18843090534210205 -0.03980066999793053
v 0.0042122299782931805 -0.1889132410287857 -0.034079499542713165
v -0.0015018299454823136 -0.18896283209323883 -0.02835828997194767
v -0.0015018299454823136 -0.1887960433959961 -0.034079499542713165
v -0.034366119652986526 -0.14949679374694824 -0.07187016308307648
v -0.03460279852151871 -0.155217245221138 -0.07197277992963791
v -0.037459831684827805 -0.155217245221138 -0.07068999111652374
v -0.034366119652986526 -0.14949679374694824 -0.07187016308307648
v -0.037459831684827805 -0.155217245221138 -0.07068999111652374
v -0.037240058183670044 -0.14949679374694824 -0.07040777802467346
v -0.037240058183670044 -0.14949679374694824 -0.07040777802467346
v -0.037459831684827805 -0.155217245221138 -0.07068999111652374
v -0.041534051299095154 -0.14949679374694824 -0.06781657040119171
v -0.037240058183670044 -0.14949679374694824 -0.07040777802467346
v -0.041534051299095154 -0.14949679374694824 -0.06781657040119171
v -0.04456014186143875 -0.1465306580066681 -0.06566151231527328
v -0.04456014186143875 -0.1465306580066681 -0.06566151231527328
v -0.041534051299095154 -0.14949679374694824 -0.06781657040119171
v -0.04477991163730621 -0.14949679374694824 -0.06581544876098633
v -0.04456014186143875 -0.1465306580066681 -0.06566151231527328
v -0.04477991163730621 -0.14949679374694824 -0.06581544876098633
v -0.04763694107532501 -0.14949679374694824 -0.06378865987062454
v -0.04456014186143875 -0.1465306580066681 -0.06566151231527328
v -0.04763694107532501 -0.14949679374694824 -0.06378865987062454
v -0.05138995870947838 -0.14949679374694824 -0.06094086915254593
v -0.04456014186143875 -0.1465306580066681 -0.06566151231527328
v -0.05138995870947838 -0.14949679374694824 -0.06094086915254593
v -0.050848979502916336 -0.1461474895477295 -0.06047907844185829
v -0.03412944823503494 -0.17237402498722076 -0.07181884348392487
v -0.037493638694286346 -0.1666535884141922 -0.07068999111652374
v -0.03463660925626755 -0.1666535884141922 -0.07202409952878952
v -0.03412944823503494 -0.17237402498722076 -0.07181884348392487
v -0.03463660925626755 -0.1666535884141922 -0.07202409952878952
v -0.030089030042290688 -0.1666535884141922 -0.07397390902042389
v -0.030089030042290688 -0.1666535884141922 -0.07397390902042389
v -0.03463660925626755 -0.1666535884141922 -0.07202409952878952
v -0.03460279852151871 -0.155217245221138 -0.07197277992963791
v -0.030089030042290688 -0.1666535884141922 -0.07397390902042389
v -0.03460279852151871 -0.155217245221138 -0.07197277992963791
v -0.030089030042290688 -0.155217245221138 -0.07389695197343826
v -0.030089030042290688 -0.1666535884141922 -0.07397390902042389
v -0.030089030042290688 -0.155217245221138 -0.07389695197343826
v -0.02437496930360794 -0.155217245221138 -0.07605201005935669
v -0.030089030042290688 -0.1666535884141922 -0.07397390902042389
v -0.02437496930360794 -0.155217245221138 -0.07605201005935669
v -0.0245102196931839 -0.1666535884141922 -0.07605201005935669
v -0.030089030042290688 -0.155217245221138 -0.07389695197343826
v -0.03460279852151871 -0.155217245221138 -0.07197277992963791
v -0.034366119652986526 -0.14949679374694824 -0.07187016308307648
v -0.030089030042290688 -0.155217245221138 -0.07389695197343826
v -0.034366119652986526 -0.14949679374694824 -0.07187016308307648
v -0.030089030042290688 -0.14949679374694824 -0.07351210713386536
v -0.05284383147954941 -0.14569219946861267 -0.05683599039912224
v -0.058557890355587006 -0.14573727548122406 -0.05106348171830177
v -0.05869312956929207 -0.14498446881771088 -0.04552188888192177
v -0.05284383147954941 -0.14569219946861267 -0.05683599039912224
v -0.05869312956929207 -0.14498446881771088 -0.04552188888192177
v -0.05296216905117035 -0.14493489265441895 -0.05124305933713913
v -0.05284383147954941 -0.14569219946861267 -0.05683599039912224
v -0.050848979502916336 -0.1461474895477295 -0.06047907844185829
v -0.056563038378953934 -0.14615200459957123 -0.05486049875617027
v -0.05296216905117035 -0.14493489265441895 -0.05124305933713913
v -0.05869312956929207 -0.14498446881771088 -0.04552188888192177
v -0.06440719962120056 -0.144858255982399 -0.034079499542713165
v -0.05296216905117035 -0.14493489265441895 -0.05124305933713913
v -0.06440719962120056 -0.144858255982399 -0.034079499542713165
v -0.08105911314487457 -0.14307765662670135 0.08660435676574707
v -0.05296216905117035 -0.14493489265441895 -0.05124305933713913
v -0.08105911314487457 -0.14307765662670135 0.08660435676574707
v -0.08100838959217072 -0.14307765662670135 0.08655305206775665
v -0.03412944823503494 -0.17237402498722076 -0.07181884348392487
v -0.04440798982977867 -0.17524100840091705 -0.06555887311697006
v -0.03698648139834404 -0.17237402498722076 -0.07025384902954102
v -0.03412944823503494 -0.17237402498722076 -0.07181884348392487
v -0.03698648139834404 -0.17237402498722076 -0.07025384902954102
v -0.037493638694286346 -0.1666535884141922 -0.07068999111652374
v -0.03338560089468956 -0.1753987818956375 -0.07145968079566956
v -0.03549879044294357 -0.1762687861919403 -0.06840665638446808
v -0.04440798982977867 -0.17524100840091705 -0.06555887311697006
v -0.03338560089468956 -0.1753987818956375 -0.07145968079566956
v -0.04440798982977867 -0.17524100840091705 -0.06555887311697006
v -0.03412944823503494 -0.17237402498722076 -0.07181884348392487
v 0.0042122299782931805 -0.18607781827449799 -0.05201274901628494
v -0.0015018299454823136 -0.1860688030719757 -0.051935769617557526
v -0.0015018299454823136 -0.1846172958612442 -0.056964270770549774
v -0.0015018299454823136 -0.1846172958612442 -0.056964270770549774
v -0.0015018299454823136 -0.1860688030719757 -0.051935769617557526
v -0.007215890102088451 -0.18445050716400146 -0.056964270770549774
v -0.041534051299095154 -0.14611142873764038 -0.06648249179124832
v -0.04456014186143875 -0.1465306580066681 -0.06566151231527328
v -0.050848979502916336 -0.1461474895477295 -0.06047907844185829
v -0.041534051299095154 -0.14611142873764038 -0.06648249179124832
v -0.050848979502916336 -0.1461474895477295 -0.06047907844185829
v -0.04677475988864899 -0.14592209458351135 -0.06250587105751038
v -0.04677475988864899 -0.14592209458351135 -0.06250587105751038
v -0.050848979502916336 -0.1461474895477295 -0.06047907844185829
v -0.05284383147954941 -0.14569219946861267 -0.05683599039912224
v -0.05284383147954941 -0.14569219946861267 -0.05683599039912224
v -0.056563038378953934 -0.14615200459957123 -0.05486049875617027
v -0.058557890355587006 -0.14573727548122406 -0.05106348171830177
v -0.05869312956929207 -0.18856613337993622 0.12603698670864105
v -0.05296216905117035 -0.18880054354667664 0.11459460109472275
v -0.05296216905117035 -0.18891775608062744 0.1203157901763916
v -0.05296216905117035 -0.18891775608062744 0.1203157901763916
v -0.05296216905117035 -0.18880054354667664 0.11459460109472275
v -0.04724811017513275 -0.1888321042060852 0.0974310114979744
v -0.05296216905117035 -0.18891775608062744 0.1203157901763916
v -0.04724811017513275 -0.1888321042060852 0.0974310114979744
v -0.041534051299095154 -0.1888546347618103 0.08026742935180664
v -0.05296216905117035 -0.18891775608062744 0.1203157901763916
v -0.041534051299095154 -0.1888546347618103 0.08026742935180664
v -0.04724811017513275 -0.188935786485672 0.10315220803022385
v -0.04724811017513275 -0.18901242315769196 0.1088733971118927
v -0.041534051299095154 -0.18905749917030334 0.0974310114979744
v -0.04724811017513275 -0.1890619993209839 0.11459460109472275
v -0.04724811017513275 -0.18901242315769196 0.1088733971118927
v -0.04724811017513275 -0.188935786485672 0.10315220803022385
v -0.007215890102088451 -0.1887734979391098 -0.02835828997194767
v -0.04724811017513275 -0.18901242315769196 0.1088733971118927
v -0.007215890102088451 -0.1887734979391098 -0.02835828997194767
v -0.007215890102088451 -0.18884561955928802 -0.022662749513983727
v -0.04724811017513275 -0.18901242315769196 0.1088733971118927
v -0.007215890102088451 -0.18884561955928802 -0.022662749513983727
v -0.0015018299454823136 -0.18896283209323883 -0.02835828997194767
v -0.06440719962120056 -0.18771867454051971 0.1317581832408905
v -0.06756851822137833 -0.1867630034685135 0.13506774604320526
v -0.06824474036693573 -0.18694783747196198 0.1317581832408905
v -0.06440719962120056 -0.18771867454051971 0.1317581832408905
v -0.06824474036693573 -0.18694783747196198 0.1317581832408905
v -0.06875190883874893 -0.18707405030727386 0.12603698670864105
v -0.06440719962120056 -0.18771867454051971 0.1317581832408905
v -0.06875190883874893 -0.18707405030727386 0.12603698670864105
v -0.06440719962120056 -0.18785840272903442 0.12603698670864105
v -0.06440719962120056 -0.18785840272903442 0.12603698670864105
v -0.06875190883874893 -0.18707405030727386 0.12603698670864105
v -0.06851523369550705 -0.18698841333389282 0.1203157901763916
v -0.06440719962120056 -0.18785840272903442 0.12603698670864105
v -0.06851523369550705 -0.18698841333389282 0.1203157901763916
v -0.06440719962120056 -0.1877051442861557 0.1203157901763916
v -0.06440719962120056 -0.18785840272903442 0.12603698670864105
v -0.06440719962120056 -0.1877051442861557 0.1203157901763916
v -0.05869312956929207 -0.18844443559646606 0.1203157901763916
v -0.06440719962120056 -0.18785840272903442 0.12603698670864105
v -0.05869312956929207 -0.18844443559646606 0.1203157901763916
v -0.05869312956929207 -0.18856613337993622 0.12603698670864105
v -0.05869312956929207 -0.18856613337993622 0.12603698670864105
v -0.05869312956929207 -0.18844443559646606 0.1203157901763916
v -0.05296216905117035 -0.18880054354667664 0.11459460109472275
v -0.0735192596912384 -0.17564670741558075 0.1522056758403778
v -0.06991838663816452 -0.14307765662670135 0.1736793965101242
v -0.07559864223003387 -0.14307765662670135 0.16872787475585938
v -0.0735192596912384 -0.17564670741558075 0.1522056758403778
v -0.07559864223003387 -0.14307765662670135 0.16872787475585938
v -0.07657915353775024 -0.14307765662670135 0.1678042709827423
v -0.0735192596912384 -0.17564670741558075 0.1522056758403778
v -0.07657915353775024 -0.14307765662670135 0.1678042709827423
v -0.07926712930202484 -0.17574137449264526 0.1466640681028366
v -0.0705777034163475 -0.17975333333015442 0.14915266633033752
v -0.07279232144355774 -0.18084874749183655 0.14586874842643738
v -0.0662837028503418 -0.18055123090744019 0.15120510756969452
v -0.0662837028503418 -0.18055123090744019 0.15120510756969452
v -0.07279232144355774 -0.18084874749183655 0.14586874842643738
v -0.0689716786146164 -0.1817503124475479 0.14738242328166962
v -0.06209113821387291 -0.18679006397724152 0.1407119780778885
v -0.06591177731752396 -0.18635280430316925 0.13889044523239136
v -0.06417051702737808 -0.18708758056163788 0.13717150688171387
v -0.06417051702737808 -0.18708758056163788 0.13717150688171387
v -0.06756851822137833 -0.1867630034685135 0.13506774604320526
v -0.06440719962120056 -0.18771867454051971 0.1317581832408905
v -0.06417051702737808 -0.18708758056163788 0.13717150688171387
v -0.06591177731752396 -0.18635280430316925 0.13889044523239136
v -0.06756851822137833 -0.1867630034685135 0.13506774604320526
v -0.06439028680324554 -0.18245352804660797 0.14915266633033752
v -0.0662837028503418 -0.18055123090744019 0.15120510756969452
v -0.0689716786146164 -0.1817503124475479 0.14738242328166962
v -0.06439028680324554 -0.18245352804660797 0.14915266633033752
v -0.0689716786146164 -0.1817503124475479 0.14738242328166962
v -0.06417051702737808 -0.18549631536006927 0.1428413838148117
v -0.06417051702737808 -0.18549631536006927 0.1428413838148117
v -0.0689716786146164 -0.1817503124475479 0.14738242328166962
v -0.0705777034163475 -0.1828862726688385 0.14366236329078674
v -0.06417051702737808 -0.18549631536006927 0.1428413838148117
v -0.0705777034163475 -0.1828862726688385 0.14366236329078674
v -0.06591177731752396 -0.18635280430316925 0.13889044523239136
v -0.06417051702737808 -0.18549631536006927 0.1428413838148117
v -0.06591177731752396 -0.18635280430316925 0.13889044523239136
v -0.06209113821387291 -0.18679006397724152 0.1407119780778885
v -0.0735192596912384 -0.17564670741558075 0.1522056758403778
v -0.07926712930202484 -0.17574137449264526 0.1466640681028366
v -0.07559864223003387 -0.17686833441257477 0.1487165242433548
v -0.0735192596912384 -0.17564670741558075 0.1522056758403778
v -0.07559864223003387 -0.17686833441257477 0.1487165242433548
v -0.07279232144355774 -0.18084874749183655 0.14586874842643738
v -0.0735192596912384 -0.17564670741558075 0.1522056758403778
v -0.07279232144355774 -0.18084874749183655 0.14586874842643738
v -0.0705777034163475 -0.17975333333015442 0.14915266633033752
v -0.012929949909448624 -0.18407635390758514 -0.056964270770549774
v -0.007638529874384403 -0.18611839413642883 -0.05088391155004501
v -0.009836239740252495 -0.18664580583572388 -0.04831833019852638
v -0.012929949909448624 -0.18407635390758514 -0.056964270770549774
v -0.009836239740252495 -0.18664580583572388 -0.04831833019852638
v -0.012929949909448624 -0.18561801314353943 -0.05124305933713913
v -0.012929949909448624 -0.18407635390758514 -0.056964270770549774
v -0.012929949909448624 -0.18561801314353943 -0.05124305933713913
v -0.01864401064813137 -0.185045525431633 -0.05124305933713913
v -0.012929949909448624 -0.18407635390758514 -0.056964270770549774
v -0.01864401064813137 -0.185045525431633 -0.05124305933713913
v -0.01864401064813137 -0.18349483609199524 -0.056964270770549774
v -0.012929949909448624 -0.18407635390758514 -0.056964270770549774
v -0.01864401064813137 -0.18349483609199524 -0.056964270770549774
v -0.01864401064813137 -0.18175481259822845 -0.06204408034682274
v -0.02437496930360794 -0.17855876684188843 -0.06840665638446808
v -0.01864401064813137 -0.1807135045528412 -0.06489183008670807
v -0.02437496930360794 -0.18039795756340027 -0.06386561691761017
v -0.02437496930360794 -0.17855876684188843 -0.06840665638446808
v -0.02437496930360794 -0.18039795756340027 -0.06386561691761017
v -0.030089030042290688 -0.17759859561920166 -0.06840665638446808
v -0.030089030042290688 -0.17759859561920166 -0.06840665638446808
v -0.02437496930360794 -0.18039795756340027 -0.06386561691761017
v -0.029987599700689316 -0.1800057739019394 -0.062351930886507034
v -0.0015018299454823136 -0.1860688030719757 -0.051935769617557526
v -0.006032499950379133 -0.18675850331783295 -0.048754479736089706
v -0.007638529874384403 -0.18611839413642883 -0.05088391155004501
v -0.0015018299454823136 -0.1860688030719757 -0.051935769617557526
v -0.007638529874384403 -0.18611839413642883 -0.05088391155004501
v -0.007215890102088451 -0.18445050716400146 -0.056964270770549774
v -0.01864401064813137 -0.1792529672384262 -0.06840665638446808
v -0.015161469578742981 -0.18090283870697021 -0.06540495157241821
v -0.01864401064813137 -0.1807135045528412 -0.06489183008670807
v -0.01864401064813137 -0.1792529672384262 -0.06840665638446808
v -0.01864401064813137 -0.1807135045528412 -0.06489183008670807
v -0.02437496930360794 -0.17855876684188843 -0.06840665638446808
v -0.007215890102088451 -0.18445050716400146 -0.056964270770549774
v -0.007638529874384403 -0.18611839413642883 -0.05088391155004501
v -0.012929949909448624 -0.18407635390758514 -0.056964270770549774
v -0.01311590988188982 -0.18189455568790436 -0.06317292898893356
v -0.012929949909448624 -0.18407635390758514 -0.056964270770549774
v -0.01864401064813137 -0.18175481259822845 -0.06204408034682274
v -0.01311590988188982 -0.18189455568790436 -0.06317292898893356
v -0.01864401064813137 -0.18175481259822845 -0.06204408034682274
v -0.015161469578742981 -0.18090283870697021 -0.06540495157241821
v -0.015161469578742981 -0.18090283870697021 -0.06540495157241821
v -0.01864401064813137 -0.18175481259822845 -0.06204408034682274
v -0.01864401064813137 -0.1807135045528412 -0.06489183008670807
v -0.0015018299454823136 -0.1887960433959961 -0.034079499542713165
v -0.007215890102088451 -0.18858416378498077 -0.034079499542713165
v -0.0015018299454823136 -0.18833623826503754 -0.03980066999793053
v -0.0015018299454823136 -0.1887960433959961 -0.034079499542713165
v -0.007215890102088451 -0.1887734979391098 -0.02835828997194767
v -0.007215890102088451 -0.18858416378498077 -0.034079499542713165
v -0.0015018299454823136 -0.18833623826503754 -0.03980066999793053
v -0.007215890102088451 -0.18811987340450287 -0.03980066999793053
v -0.0015018299454823136 -0.18751130998134613 -0.04552188888192177
v -0.0015018299454823136 -0.18833623826503754 -0.03980066999793053
v -0.007215890102088451 -0.18858416378498077 -0.034079499542713165
v -0.007215890102088451 -0.18811987340450287 -0.03980066999793053
v -0.0015018299454823136 -0.18751130998134613 -0.04552188888192177
v -0.007215890102088451 -0.18811987340450287 -0.03980066999793053
v -0.007638529874384403 -0.18717773258686066 -0.04606064036488533
v -0.0015018299454823136 -0.18751130998134613 -0.04552188888192177
v -0.007638529874384403 -0.18717773258686066 -0.04606064036488533
v -0.006032499950379133 -0.18675850331783295 -0.048754479736089706
v -0.0015018299454823136 -0.18751130998134613 -0.04552188888192177
v -0.006032499950379133 -0.18675850331783295 -0.048754479736089706
v -0.0015018299454823136 -0.1868351399898529 -0.049062348902225494
v -0.0015018299454823136 -0.1868351399898529 -0.049062348902225494
v -0.006032499950379133 -0.18675850331783295 -0.048754479736089706
v -0.0015018299454823136 -0.1860688030719757 -0.051935769617557526
v -0.04724811017513275 -0.18901242315769196 0.1088733971118927
v -0.0015018299454823136 -0.18896283209323883 -0.02835828997194767
v -0.041534051299095154 -0.18905749917030334 0.0974310114979744
v -0.04724811017513275 -0.1890619993209839 0.11459460109472275
v -0.041534051299095154 -0.18905749917030334 0.0974310114979744
v 0.0042122299782931805 -0.18910257518291473 -0.022662749513983727
v -0.04724811017513275 -0.1890619993209839 0.11459460109472275
v 0.0042122299782931805 -0.18910257518291473 -0.022662749513983727
v 0.0042122299782931805 -0.1891206055879593 -0.01694156974554062
v -0.04724811017513275 -0.1890619993209839 0.11459460109472275
v 0.0042122299782931805 -0.1891206055879593 -0.01694156974554062
v -0.041534051299095154 -0.18907101452350616 0.10315220803022385
v -0.041534051299095154 -0.18907101452350616 0.10315220803022385
v 0.0042122299782931805 -0.1891206055879593 -0.01694156974554062
v 0.0042122299782931805 -0.18912510573863983 -0.011220360174775124
v -0.0015018299454823136 -0.18900790810585022 -0.022662749513983727
v -0.041534051299095154 -0.18905749917030334 0.0974310114979744
v -0.0015018299454823136 -0.18896283209323883 -0.02835828997194767
v -0.0015018299454823136 -0.18896283209323883 -0.02835828997194767
v -0.007215890102088451 -0.18884561955928802 -0.022662749513983727
v -0.007215890102088451 -0.1887734979391098 -0.02835828997194767
v -0.0015018299454823136 -0.18896283209323883 -0.02835828997194767
v -0.007215890102088451 -0.1887734979391098 -0.02835828997194767
v -0.0015018299454823136 -0.1887960433959961 -0.034079499542713165
v -0.06440719962120056 -0.144858255982399 -0.034079499542713165
v -0.08761844784021378 -0.14307765662670135 0.096096932888031
v -0.08467689156532288 -0.14307765662670135 0.09170982241630554
v -0.06440719962120056 -0.144858255982399 -0.034079499542713165
v -0.08467689156532288 -0.14307765662670135 0.09170982241630554
v -0.08105911314487457 -0.14307765662670135 0.08660435676574707
v -0.03698648139834404 -0.17237402498722076 -0.07025384902954102
v -0.04477991163730621 -0.17237402498722076 -0.06581544876098633
v -0.037493638694286346 -0.1666535884141922 -0.07068999111652374
v -0.037493638694286346 -0.1666535884141922 -0.07068999111652374
v -0.041534051299095154 -0.1666535884141922 -0.06825271993875504
v -0.037459831684827805 -0.155217245221138 -0.07068999111652374
v -0.037493638694286346 -0.1666535884141922 -0.07068999111652374
v -0.037459831684827805 -0.155217245221138 -0.07068999111652374
v -0.03463660925626755 -0.1666535884141922 -0.07202409952878952
v -0.037493638694286346 -0.1666535884141922 -0.07068999111652374
v -0.04477991163730621 -0.17237402498722076 -0.06581544876098633
v -0.041534051299095154 -0.1666535884141922 -0.06825271993875504
v -0.03463660925626755 -0.1666535884141922 -0.07202409952878952
v -0.037459831684827805 -0.155217245221138 -0.07068999111652374
v -0.03460279852151871 -0.155217245221138 -0.07197277992963791
v -0.037459831684827805 -0.155217245221138 -0.07068999111652374
v -0.041534051299095154 -0.1666535884141922 -0.06825271993875504
v -0.041534051299095154 -0.155217245221138 -0.06820140779018402
v -0.058557890355587006 -0.14573727548122406 -0.05106348171830177
v -0.06205733120441437 -0.14621511101722717 -0.04903668910264969
v -0.06324072182178497 -0.14587701857089996 -0.04552188888192177
v -0.058557890355587006 -0.14573727548122406 -0.05106348171830177
v -0.06324072182178497 -0.14587701857089996 -0.04552188888192177
v -0.05869312956929207 -0.14498446881771088 -0.04552188888192177
v -0.05869312956929207 -0.14498446881771088 -0.04552188888192177
v -0.06324072182178497 -0.14587701857089996 -0.04552188888192177
v -0.06488054990768433 -0.14557048678398132 -0.04028813913464546
v -0.05869312956929207 -0.14498446881771088 -0.04552188888192177
v -0.06488054990768433 -0.14557048678398132 -0.04028813913464546
v -0.07012125849723816 -0.1453000158071518 -0.02835828997194767
v -0.05869312956929207 -0.14498446881771088 -0.04552188888192177
v -0.07012125849723816 -0.1453000158071518 -0.02835828997194767
v -0.06440719962120056 -0.144858255982399 -0.034079499542713165
v -0.06440719962120056 -0.144858255982399 -0.034079499542713165
v -0.07012125849723816 -0.1453000158071518 -0.02835828997194767
v -0.07012125849723816 -0.14487628638744354 -0.022662749513983727
v -0.06440719962120056 -0.144858255982399 -0.034079499542713165
v -0.07012125849723816 -0.14487628638744354 -0.022662749513983727
v -0.09101644903421402 -0.14307765662670135 0.10317786037921906
v -0.06440719962120056 -0.144858255982399 -0.034079499542713165
v -0.09101644903421402 -0.14307765662670135 0.10317786037921906
v -0.08761844784021378 -0.14307765662670135 0.096096932888031
v -0.04440798982977867 -0.17524100840091705 -0.06555887311697006
v -0.04763694107532501 -0.17237402498722076 -0.0636090636253357
v -0.04477991163730621 -0.17237402498722076 -0.06581544876098633
v -0.04440798982977867 -0.17524100840091705 -0.06555887311697006
v -0.04477991163730621 -0.17237402498722076 -0.06581544876098633
v -0.03698648139834404 -0.17237402498722076 -0.07025384902954102
v -0.050848979502916336 -0.1461474895477295 -0.06047907844185829
v -0.05138995870947838 -0.14949679374694824 -0.06094086915254593
v -0.05424698814749718 -0.14949679374694824 -0.05824704095721245
v -0.050848979502916336 -0.1461474895477295 -0.06047907844185829
v -0.05424698814749718 -0.14949679374694824 -0.05824704095721245
v -0.056563038378953934 -0.14615200459957123 -0.05486049875617027
v -0.056563038378953934 -0.14615200459957123 -0.05486049875617027
v -0.05424698814749718 -0.14949679374694824 -0.05824704095721245
v -0.057104021310806274 -0.14949679374694824 -0.05537362024188042
v -0.056563038378953934 -0.14615200459957123 -0.05486049875617027
v -0.057104021310806274 -0.14949679374694824 -0.05537362024188042
v -0.05996105074882507 -0.14949679374694824 -0.052397578954696655
v -0.056563038378953934 -0.14615200459957123 -0.05486049875617027
v -0.05996105074882507 -0.14949679374694824 -0.052397578954696655
v -0.06205733120441437 -0.14621511101722717 -0.04903668910264969
v -0.056563038378953934 -0.14615200459957123 -0.05486049875617027
v -0.06205733120441437 -0.14621511101722717 -0.04903668910264969
v -0.058557890355587006 -0.14573727548122406 -0.05106348171830177
v -0.030089030042290688 -0.17759859561920166 -0.06840665638446808
v -0.029987599700689316 -0.1800057739019394 -0.062351930886507034
v -0.035803090780973434 -0.17865343391895294 -0.06268545240163803
v -0.030089030042290688 -0.17759859561920166 -0.06840665638446808
v -0.035803090780973434 -0.17865343391895294 -0.06268545240163803
v -0.03549879044294357 -0.1762687861919403 -0.06840665638446808
v -0.03549879044294357 -0.1762687861919403 -0.06840665638446808
v -0.035803090780973434 -0.17865343391895294 -0.06268545240163803
v -0.041534051299095154 -0.17722895741462708 -0.06268545240163803
v -0.03549879044294357 -0.1762687861919403 -0.06840665638446808
v -0.041534051299095154 -0.17722895741462708 -0.06268545240163803
v -0.04440798982977867 -0.17524100840091705 -0.06555887311697006
v -0.04440798982977867 -0.17524100840091705 -0.06555887311697006
v -0.041534051299095154 -0.17722895741462708 -0.06268545240163803
v -0.04669022932648659 -0.17586758732795715 -0.062351930886507034
v -0.04440798982977867 -0.17524100840091705 -0.06555887311697006
v -0.04669022932648659 -0.17586758732795715 -0.062351930886507034
v -0.05056158825755119 -0.1754889339208603 -0.06022252142429352
v -0.04440798982977867 -0.17524100840091705 -0.06555887311697006
v -0.05056158825755119 -0.1754889339208603 -0.06022252142429352
v -0.051170188933610916 -0.17237402498722076 -0.06076129153370857
v -0.04440798982977867 -0.17524100840091705 -0.06555887311697006
v -0.051170188933610916 -0.17237402498722076 -0.06076129153370857
v -0.04763694107532501 -0.17237402498722076 -0.0636090636253357
v -0.06824474036693573 -0.18694783747196198 0.1317581832408905
v -0.07110176980495453 -0.18604175746440887 0.1317581832408905
v -0.07160893827676773 -0.1861860156059265 0.12603698670864105
v -0.06824474036693573 -0.18694783747196198 0.1317581832408905
v -0.07160893827676773 -0.1861860156059265 0.12603698670864105
v -0.06875190883874893 -0.18707405030727386 0.12603698670864105
v -0.06875190883874893 -0.18707405030727386 0.12603698670864105
v -0.07160893827676773 -0.1861860156059265 0.12603698670864105
v -0.07137226313352585 -0.18614093959331512 0.1203157901763916
v -0.06875190883874893 -0.18707405030727386 0.12603698670864105
v -0.07137226313352585 -0.18614093959331512 0.1203157901763916
v -0.06851523369550705 -0.18698841333389282 0.1203157901763916
v -0.06851523369550705 -0.18698841333389282 0.1203157901763916
v -0.07137226313352585 -0.18614093959331512 0.1203157901763916
v -0.07083127647638321 -0.1860327571630478 0.11459460109472275
v -0.06851523369550705 -0.18698841333389282 0.1203157901763916
v -0.07083127647638321 -0.1860327571630478 0.11459460109472275
v -0.06797424703836441 -0.18684415519237518 0.11459460109472275
v -0.06851523369550705 -0.18698841333389282 0.1203157901763916
v -0.06797424703836441 -0.18684415519237518 0.11459460109472275
v -0.06187136843800545 -0.18674497306346893 0.08598863333463669
v -0.06851523369550705 -0.18698841333389282 0.1203157901763916
v -0.06187136843800545 -0.18674497306346893 0.08598863333463669
v -0.06440719962120056 -0.1877051442861557 0.1203157901763916
v -0.07926712930202484 -0.17574137449264526 0.1466640681028366
v -0.0845247432589531 -0.17533116042613983 0.14048108458518982
v -0.0813295990228653 -0.17657533288002014 0.14271311461925507
v -0.07926712930202484 -0.17574137449264526 0.1466640681028366
v -0.0813295990228653 -0.17657533288002014 0.14271311461925507
v -0.07615651935338974 -0.17988407611846924 0.14366236329078674
v -0.07926712930202484 -0.17574137449264526 0.1466640681028366
v -0.07615651935338974 -0.17988407611846924 0.14366236329078674
v -0.07279232144355774 -0.18084874749183655 0.14586874842643738
v -0.07279232144355774 -0.18084874749183655 0.14586874842643738
v -0.07615651935338974 -0.17988407611846924 0.14366236329078674
v -0.07828661054372787 -0.18067294359207153 0.13966010510921478
v -0.07279232144355774 -0.18084874749183655 0.14586874842643738
v -0.07828661054372787 -0.18067294359207153 0.13966010510921478
v -0.07446596771478653 -0.18179087340831757 0.14204606413841248
v -0.07657915353775024 -0.14307765662670135 0.1678042709827423
v -0.08173532783985138 -0.14307765662670135 0.1615186631679535
v -0.0845247432589531 -0.17533116042613983 0.14048108458518982
v -0.06756851822137833 -0.1867630034685135 0.13506774604320526
v -0.0697324275970459 -0.18552786111831665 0.13717150688171387
v -0.07110176980495453 -0.18604175746440887 0.1317581832408905
v -0.06756851822137833 -0.1867630034685135 0.13506774604320526
v -0.07110176980495453 -0.18604175746440887 0.1317581832408905
v -0.06824474036693573 -0.18694783747196198 0.1317581832408905
v -0.05138995870947838 -0.14949679374694824 -0.06094086915254593
v -0.05441604182124138 -0.155217245221138 -0.058400969952344894
v -0.05424698814749718 -0.14949679374694824 -0.05824704095721245
v -0.0689716786146164 -0.1817503124475479 0.14738242328166962
v -0.07279232144355774 -0.18084874749183655 0.14586874842643738
v -0.0705777034163475 -0.1828862726688385 0.14366236329078674
v -0.0705777034163475 -0.1828862726688385 0.14366236329078674
v -0.07446596771478653 -0.18179087340831757 0.14204606413841248
v -0.0697324275970459 -0.18552786111831665 0.13717150688171387
v -0.0705777034163475 -0.1828862726688385 0.14366236329078674
v -0.0697324275970459 -0.18552786111831665 0.13717150688171387
v -0.06591177731752396 -0.18635280430316925 0.13889044523239136
v -0.0705777034163475 -0.1828862726688385 0.14366236329078674
v -0.07279232144355774 -0.18084874749183655 0.14586874842643738
v -0.07446596771478653 -0.18179087340831757 0.14204606413841248
v -0.06591177731752396 -0.18635280430316925 0.13889044523239136
v -0.0697324275970459 -0.18552786111831665 0.13717150688171387
v -0.06756851822137833 -0.1867630034685135 0.13506774604320526
v -0.07926712930202484 -0.17574137449264526 0.1466640681028366
v -0.07279232144355774 -0.18084874749183655 0.14586874842643738
v -0.07559864223003387 -0.17686833441257477 0.1487165242433548
v -0.07926712930202484 -0.17574137449264526 0.1466640681028366
v -0.07657915353775024 -0.14307765662670135 0.1678042709827423
v -0.0845247432589531 -0.17533116042613983 0.14048108458518982
v -0.037459831684827805 -0.155217245221138 -0.07068999111652374
v -0.041534051299095154 -0.155217245221138 -0.06820140779018402
v -0.041534051299095154 -0.14949679374694824 -0.06781657040119171
v -0.041534051299095154 -0.14949679374694824 -0.06781657040119171
v -0.041534051299095154 -0.155217245221138 -0.06820140779018402
v -0.04477991163730621 -0.14949679374694824 -0.06581544876098633
v -0.04477991163730621 -0.14949679374694824 -0.06581544876098633
v -0.044932059943675995 -0.155217245221138 -0.06591805815696716
v -0.047789089381694794 -0.155217245221138 -0.06394258141517639
v -0.04477991163730621 -0.14949679374694824 -0.06581544876098633
v -0.047789089381694794 -0.155217245221138 -0.06394258141517639
v -0.04763694107532501 -0.14949679374694824 -0.06378865987062454
v -0.04477991163730621 -0.14949679374694824 -0.06581544876098633
v -0.041534051299095154 -0.155217245221138 -0.06820140779018402
v -0.044932059943675995 -0.155217245221138 -0.06591805815696716
v -0.04763694107532501 -0.14949679374694824 -0.06378865987062454
v -0.05155901983380318 -0.155217245221138 -0.06109480932354927
v -0.05138995870947838 -0.14949679374694824 -0.06094086915254593
v -0.04763694107532501 -0.14949679374694824 -0.06378865987062454
v -0.047789089381694794 -0.155217245221138 -0.06394258141517639
v -0.05155901983380318 -0.155217245221138 -0.06109480932354927
v -0.05138995870947838 -0.14949679374694824 -0.06094086915254593
v -0.05155901983380318 -0.155217245221138 -0.06109480932354927
v -0.05441604182124138 -0.155217245221138 -0.058400969952344894
v -0.007215890102088451 -0.18858416378498077 -0.034079499542713165
v -0.012929949909448624 -0.18828214704990387 -0.034079499542713165
v -0.007215890102088451 -0.18811987340450287 -0.03980066999793053
v -0.007215890102088451 -0.18858416378498077 -0.034079499542713165
v -0.012929949909448624 -0.18849852681159973 -0.02835828997194767
v -0.012929949909448624 -0.18828214704990387 -0.034079499542713165
v -0.007215890102088451 -0.18811987340450287 -0.03980066999793053
v -0.012929949909448624 -0.18778178095817566 -0.03980066999793053
v -0.012929949909448624 -0.1870560199022293 -0.044803518801927567
v -0.007215890102088451 -0.18811987340450287 -0.03980066999793053
v -0.012929949909448624 -0.1870560199022293 -0.044803518801927567
v -0.007638529874384403 -0.18717773258686066 -0.04606064036488533
v -0.007215890102088451 -0.18811987340450287 -0.03980066999793053
v -0.012929949909448624 -0.18828214704990387 -0.034079499542713165
v -0.012929949909448624 -0.18778178095817566 -0.03980066999793053
v -0.007638529874384403 -0.18717773258686066 -0.04606064036488533
v -0.009836239740252495 -0.18664580583572388 -0.04831833019852638
v -0.006032499950379133 -0.18675850331783295 -0.048754479736089706
v -0.007638529874384403 -0.18717773258686066 -0.04606064036488533
v -0.012929949909448624 -0.1870560199022293 -0.044803518801927567
v -0.009836239740252495 -0.18664580583572388 -0.04831833019852638
v -0.006032499950379133 -0.18675850331783295 -0.048754479736089706
v -0.009836239740252495 -0.18664580583572388 -0.04831833019852638
v -0.007638529874384403 -0.18611839413642883 -0.05088391155004501
v -0.041534051299095154 -0.1888546347618103 0.08026742935180664
v -0.041534051299095154 -0.18874195218086243 0.07454624027013779
v -0.01864401064813137 -0.18826411664485931 -0.022662749513983727
v -0.041534051299095154 -0.1888546347618103 0.08026742935180664
v -0.01864401064813137 -0.18826411664485931 -0.022662749513983727
v -0.01864401064813137 -0.18837681412696838 -0.01694156974554062
v -0.041534051299095154 -0.1888546347618103 0.08026742935180664
v -0.01864401064813137 -0.18837681412696838 -0.01694156974554062
v -0.012929949909448624 -0.18849852681159973 -0.02835828997194767
v -0.041534051299095154 -0.1888546347618103 0.08026742935180664
v -0.012929949909448624 -0.18849852681159973 -0.02835828997194767
v -0.012929949909448624 -0.1885976940393448 -0.022662749513983727
v -0.041534051299095154 -0.1888546347618103 0.08026742935180664
v -0.012929949909448624 -0.1885976940393448 -0.022662749513983727
v -0.007215890102088451 -0.1887734979391098 -0.02835828997194767
v -0.041534051299095154 -0.1888546347618103 0.08026742935180664
v -0.007215890102088451 -0.1887734979391098 -0.02835828997194767
v -0.04724811017513275 -0.188935786485672 0.10315220803022385
v -0.007215890102088451 -0.1887734979391098 -0.02835828997194767
v -0.012929949909448624 -0.1885976940393448 -0.022662749513983727
v -0.012929949909448624 -0.18849852681159973 -0.02835828997194767
v -0.007215890102088451 -0.1887734979391098 -0.02835828997194767
v -0.012929949909448624 -0.18849852681159973 -0.02835828997194767
v -0.007215890102088451 -0.18858416378498077 -0.034079499542713165
v -0.05869312956929207 -0.18844443559646606 0.1203157901763916
v -0.030089030042290688 -0.18745270371437073 -0.01694156974554062
v -0.02437496930360794 -0.18783588707447052 -0.022662749513983727
v -0.05869312956929207 -0.18844443559646606 0.1203157901763916
v -0.02437496930360794 -0.18783588707447052 -0.022662749513983727
v -0.05296216905117035 -0.18866531550884247 0.1088733971118927
v -0.05296216905117035 -0.18880054354667664 0.11459460109472275
v -0.05296216905117035 -0.18866531550884247 0.1088733971118927
v -0.02437496930360794 -0.18783588707447052 -0.022662749513983727
v -0.05296216905117035 -0.18880054354667664 0.11459460109472275
v -0.02437496930360794 -0.18783588707447052 -0.022662749513983727
v -0.02437496930360794 -0.18796660006046295 -0.01694156974554062
v -0.05296216905117035 -0.18880054354667664 0.11459460109472275
v -0.02437496930360794 -0.18796660006046295 -0.01694156974554062
v -0.01864401064813137 -0.18826411664485931 -0.022662749513983727
v -0.05296216905117035 -0.18880054354667664 0.11459460109472275
v -0.01864401064813137 -0.18826411664485931 -0.022662749513983727
v -0.04724811017513275 -0.1888321042060852 0.0974310114979744
v -0.04724811017513275 -0.1888321042060852 0.0974310114979744
v -0.041534051299095154 -0.18874195218086243 0.07454624027013779
v -0.041534051299095154 -0.1888546347618103 0.08026742935180664
v -0.04724811017513275 -0.1888321042060852 0.0974310114979744
v -0.01864401064813137 -0.18826411664485931 -0.022662749513983727
v -0.041534051299095154 -0.18874195218086243 0.07454624027013779
v -0.06440719962120056 -0.1877051442861557 0.1203157901763916
v -0.05869312956929207 -0.18807028234004974 0.1088733971118927
v -0.05869312956929207 -0.18844443559646606 0.1203157901763916
v -0.06440719962120056 -0.1877051442861557 0.1203157901763916
v -0.06187136843800545 -0.18674497306346893 0.08598863333463669
v -0.05593753978610039 -0.186695396900177 0.05971730872988701
v -0.06440719962120056 -0.1877051442861557 0.1203157901763916
v -0.05593753978610039 -0.186695396900177 0.05971730872988701
v -0.038846079260110855 -0.186695396900177 -0.009167919866740704
v -0.06440719962120056 -0.1877051442861557 0.1203157901763916
v -0.038846079260110855 -0.186695396900177 -0.009167919866740704
v -0.05869312956929207 -0.18807028234004974 0.1088733971118927
v -0.05869312956929207 -0.18844443559646606 0.1203157901763916
v -0.05296216905117035 -0.18866531550884247 0.1088733971118927
v -0.05296216905117035 -0.18880054354667664 0.11459460109472275
v -0.05869312956929207 -0.18844443559646606 0.1203157901763916
v -0.05869312956929207 -0.18807028234004974 0.1088733971118927
v -0.038846079260110855 -0.186695396900177 -0.009167919866740704
v -0.05869312956929207 -0.18844443559646606 0.1203157901763916
v -0.038846079260110855 -0.186695396900177 -0.009167919866740704
v -0.03495781868696213 -0.18692079186439514 -0.01694156974554062
v -0.05869312956929207 -0.18844443559646606 0.1203157901763916
v -0.03495781868696213 -0.18692079186439514 -0.01694156974554062
v -0.030089030042290688 -0.18745270371437073 -0.01694156974554062
v -0.05056158825755119 -0.1754889339208603 -0.06022252142429352
v -0.057002581655979156 -0.17237402498722076 -0.05529665946960449
v -0.054027218371629715 -0.17237402498722076 -0.05814443156123161
v -0.05056158825755119 -0.1754889339208603 -0.06022252142429352
v -0.054027218371629715 -0.17237402498722076 -0.05814443156123161
v -0.051170188933610916 -0.17237402498722076 -0.06076129153370857
v -0.051170188933610916 -0.17237402498722076 -0.06076129153370857
v -0.054027218371629715 -0.17237402498722076 -0.05814443156123161
v -0.05441604182124138 -0.1666535884141922 -0.05847794935107231
v -0.051170188933610916 -0.17237402498722076 -0.06076129153370857
v -0.05441604182124138 -0.1666535884141922 -0.05847794935107231
v -0.05155901983380318 -0.1666535884141922 -0.06109480932354927
v -0.051170188933610916 -0.17237402498722076 -0.06076129153370857
v -0.05155901983380318 -0.1666535884141922 -0.06109480932354927
v -0.04763694107532501 -0.17237402498722076 -0.0636090636253357
v -0.04763694107532501 -0.17237402498722076 -0.0636090636253357
v -0.05155901983380318 -0.1666535884141922 -0.06109480932354927
v -0.047890521585941315 -0.1666535884141922 -0.0639682412147522
v -0.04763694107532501 -0.17237402498722076 -0.0636090636253357
v -0.047890521585941315 -0.1666535884141922 -0.0639682412147522
v -0.04477991163730621 -0.17237402498722076 -0.06581544876098633
v -0.04477991163730621 -0.17237402498722076 -0.06581544876098633
v -0.047890521585941315 -0.1666535884141922 -0.0639682412147522
v -0.04503348842263222 -0.1666535884141922 -0.06596937030553818
v -0.035803090780973434 -0.17865343391895294 -0.06268545240163803
v -0.0363609716296196 -0.1804610639810562 -0.05714384838938713
v -0.041534051299095154 -0.1793341189622879 -0.056964270770549774
v -0.035803090780973434 -0.17865343391895294 -0.06268545240163803
v -0.041534051299095154 -0.1793341189622879 -0.056964270770549774
v -0.041534051299095154 -0.17722895741462708 -0.06268545240163803
v -0.041534051299095154 -0.17722895741462708 -0.06268545240163803
v -0.041534051299095154 -0.1793341189622879 -0.056964270770549774
v -0.04724811017513275 -0.17779244482517242 -0.056964270770549774
v -0.041534051299095154 -0.17722895741462708 -0.06268545240163803
v -0.04724811017513275 -0.17779244482517242 -0.056964270770549774
v -0.04669022932648659 -0.17586758732795715 -0.062351930886507034
v -0.04669022932648659 -0.17586758732795715 -0.062351930886507034
v -0.04724811017513275 -0.17779244482517242 -0.056964270770549774
v -0.05056158825755119 -0.1754889339208603 -0.06022252142429352
v -0.05056158825755119 -0.1754889339208603 -0.06022252142429352
v -0.04724811017513275 -0.17779244482517242 -0.056964270770549774
v -0.052674781531095505 -0.1761064976453781 -0.05670769885182381
v -0.05056158825755119 -0.1754889339208603 -0.06022252142429352
v -0.052674781531095505 -0.1761064976453781 -0.05670769885182381
v -0.05632637068629265 -0.17553402483463287 -0.054629601538181305
v -0.05056158825755119 -0.1754889339208603 -0.06022252142429352
v -0.05632637068629265 -0.17553402483463287 -0.054629601538181305
v -0.057002581655979156 -0.17237402498722076 -0.05529665946960449
v -0.01864401064813137 -0.18349483609199524 -0.056964270770549774
v -0.02437496930360794 -0.1843738555908203 -0.05124305933713913
v -0.02437496930360794 -0.18273751437664032 -0.056964270770549774
v -0.01864401064813137 -0.18349483609199524 -0.056964270770549774
v -0.02437496930360794 -0.18273751437664032 -0.056964270770549774
v -0.02437496930360794 -0.1813761591911316 -0.06099218130111694
v -0.01864401064813137 -0.18349483609199524 -0.056964270770549774
v -0.02437496930360794 -0.1813761591911316 -0.06099218130111694
v -0.02437496930360794 -0.18039795756340027 -0.06386561691761017
v -0.02437496930360794 -0.18039795756340027 -0.06386561691761017
v -0.02437496930360794 -0.1813761591911316 -0.06099218130111694
v -0.028026560321450233 -0.18109667301177979 -0.06022252142429352
v -0.02437496930360794 -0.18039795756340027 -0.06386561691761017
v -0.028026560321450233 -0.18109667301177979 -0.06022252142429352
v -0.029987599700689316 -0.1800057739019394 -0.062351930886507034
v -0.029987599700689316 -0.1800057739019394 -0.062351930886507034
v -0.028026560321450233 -0.18109667301177979 -0.06022252142429352
v -0.03183029964566231 -0.18074055016040802 -0.05917065963149071
v -0.029987599700689316 -0.1800057739019394 -0.062351930886507034
v -0.03183029964566231 -0.18074055016040802 -0.05917065963149071
v -0.035803090780973434 -0.17865343391895294 -0.06268545240163803
v -0.035803090780973434 -0.17865343391895294 -0.06268545240163803
v -0.03183029964566231 -0.18074055016040802 -0.05917065963149071
v -0.0363609716296196 -0.1804610639810562 -0.05714384838938713
v -0.01864401064813137 -0.1807135045528412 -0.06489183008670807
v -0.01864401064813137 -0.18175481259822845 -0.06204408034682274
v -0.02437496930360794 -0.18039795756340027 -0.06386561691761017
v -0.01864401064813137 -0.18175481259822845 -0.06204408034682274
v -0.01864401064813137 -0.18349483609199524 -0.056964270770549774
v -0.02437496930360794 -0.18039795756340027 -0.06386561691761017
v -0.009836239740252495 -0.18664580583572388 -0.04831833019852638
v -0.01864401064813137 -0.185045525431633 -0.05124305933713913
v -0.012929949909448624 -0.18561801314353943 -0.05124305933713913
v -0.009836239740252495 -0.18664580583572388 -0.04831833019852638
v -0.012929949909448624 -0.1870560199022293 -0.044803518801927567
v -0.017663490027189255 -0.18685315549373627 -0.04367467015981674
v -0.009836239740252495 -0.18664580583572388 -0.04831833019852638
v -0.017663490027189255 -0.18685315549373627 -0.04367467015981674
v -0.01864401064813137 -0.185045525431633 -0.05124305933713913
v -0.01864401064813137 -0.185045525431633 -0.05124305933713913
v -0.02437496930360794 -0.1843738555908203 -0.05124305933713913
v -0.01864401064813137 -0.18349483609199524 -0.056964270770549774
v -0.01864401064813137 -0.185045525431633 -0.05124305933713913
v -0.017663490027189255 -0.18685315549373627 -0.04367467015981674
v -0.0214841291308403 -0.18666383624076843 -0.04264846071600914
v -0.01864401064813137 -0.185045525431633 -0.05124305933713913
v -0.0214841291308403 -0.18666383624076843 -0.04264846071600914
v -0.02437496930360794 -0.1843738555908203 -0.05124305933713913
v -0.05155901983380318 -0.155217245221138 -0.06109480932354927
v -0.05441604182124138 -0.1666535884141922 -0.05847794935107231
v -0.05441604182124138 -0.155217245221138 -0.058400969952344894
v -0.05155901983380318 -0.155217245221138 -0.06109480932354927
v -0.047890521585941315 -0.1666535884141922 -0.0639682412147522
v -0.05155901983380318 -0.1666535884141922 -0.06109480932354927
v -0.07446596771478653 -0.18179087340831757 0.14204606413841248
v -0.07828661054372787 -0.18067294359207153 0.13966010510921478
v -0.07615651935338974 -0.18255721032619476 0.1376333087682724
v -0.07446596771478653 -0.18179087340831757 0.14204606413841248
v -0.07615651935338974 -0.18255721032619476 0.1376333087682724
v -0.0697324275970459 -0.18552786111831665 0.13717150688171387
v -0.0697324275970459 -0.18552786111831665 0.13717150688171387
v -0.07615651935338974 -0.18255721032619476 0.1376333087682724
v -0.07585222274065018 -0.18412593007087708 0.1317581832408905
v -0.0697324275970459 -0.18552786111831665 0.13717150688171387
v -0.07585222274065018 -0.18412593007087708 0.1317581832408905
v -0.07110176980495453 -0.18604175746440887 0.1317581832408905
v -0.0845247432589531 -0.17533116042613983 0.14048108458518982
v -0.08687461167573929 -0.17237402498722076 0.13747937977313995
v -0.08932589739561081 -0.1727256327867508 0.1317581832408905
v -0.0845247432589531 -0.17533116042613983 0.14048108458518982
v -0.08932589739561081 -0.1727256327867508 0.1317581832408905
v -0.09001903235912323 -0.17486685514450073 0.1282690167427063
v -0.07012125849723816 -0.14487628638744354 -0.022662749513983727
v -0.07429690659046173 -0.14576883614063263 -0.022662749513983727
v -0.0911685973405838 -0.14307765662670135 0.10376793891191483
v -0.07012125849723816 -0.14487628638744354 -0.022662749513983727
v -0.0911685973405838 -0.14307765662670135 0.10376793891191483
v -0.09101644903421402 -0.14307765662670135 0.10317786037921906
v -0.041534051299095154 -0.1666535884141922 -0.06825271993875504
v -0.04503348842263222 -0.1666535884141922 -0.06596937030553818
v -0.041534051299095154 -0.155217245221138 -0.06820140779018402
v -0.041534051299095154 -0.155217245221138 -0.06820140779018402
v -0.04503348842263222 -0.1666535884141922 -0.06596937030553818
v -0.044932059943675995 -0.155217245221138 -0.06591805815696716
v -0.044932059943675995 -0.155217245221138 -0.06591805815696716
v -0.04503348842263222 -0.1666535884141922 -0.06596937030553818
v -0.047789089381694794 -0.155217245221138 -0.06394258141517639
v -0.047789089381694794 -0.155217245221138 -0.06394258141517639
v -0.04503348842263222 -0.1666535884141922 -0.06596937030553818
v -0.047890521585941315 -0.1666535884141922 -0.0639682412147522
v -0.047789089381694794 -0.155217245221138 -0.06394258141517639
v -0.047890521585941315 -0.1666535884141922 -0.0639682412147522
v -0.05155901983380318 -0.155217245221138 -0.06109480932354927
v -0.05155901983380318 -0.155217245221138 -0.06109480932354927
v -0.05155901983380318 -0.1666535884141922 -0.06109480932354927
v -0.05441604182124138 -0.1666535884141922 -0.05847794935107231
v -0.06205733120441437 -0.14621511101722717 -0.04903668910264969
v -0.06711207330226898 -0.14765310287475586 -0.04252016916871071
v -0.06816022098064423 -0.1460438072681427 -0.038697499781847
v -0.06205733120441437 -0.14621511101722717 -0.04903668910264969
v -0.06816022098064423 -0.1460438072681427 -0.038697499781847
v -0.06324072182178497 -0.14587701857089996 -0.04552188888192177
v -0.06324072182178497 -0.14587701857089996 -0.04552188888192177
v -0.06816022098064423 -0.1460438072681427 -0.038697499781847
v -0.06488054990768433 -0.14557048678398132 -0.04028813913464546
v -0.06488054990768433 -0.14557048678398132 -0.04028813913464546
v -0.06816022098064423 -0.1460438072681427 -0.038697499781847
v -0.07012125849723816 -0.1453000158071518 -0.02835828997194767
v -0.07012125849723816 -0.1453000158071518 -0.02835828997194767
v -0.07429690659046173 -0.14576883614063263 -0.022662749513983727
v -0.07012125849723816 -0.14487628638744354 -0.022662749513983727
v -0.07012125849723816 -0.1453000158071518 -0.02835828997194767
v -0.06816022098064423 -0.1460438072681427 -0.038697499781847
v -0.07008744031190872 -0.14590857923030853 -0.03356638178229332
v -0.07012125849723816 -0.1453000158071518 -0.02835828997194767
v -0.07008744031190872 -0.14590857923030853 -0.03356638178229332
v -0.07353615760803223 -0.14619256556034088 -0.02835828997194767
v -0.07012125849723816 -0.1453000158071518 -0.02835828997194767
v -0.07353615760803223 -0.14619256556034088 -0.02835828997194767
v -0.07429690659046173 -0.14576883614063263 -0.022662749513983727
v -0.04477991163730621 -0.17237402498722076 -0.06581544876098633
v -0.04503348842263222 -0.1666535884141922 -0.06596937030553818
v -0.041534051299095154 -0.1666535884141922 -0.06825271993875504
v -0.05424698814749718 -0.14949679374694824 -0.05824704095721245
v -0.05441604182124138 -0.155217245221138 -0.058400969952344894
v -0.057256169617176056 -0.155217245221138 -0.05555320903658867
v -0.05424698814749718 -0.14949679374694824 -0.05824704095721245
v -0.057256169617176056 -0.155217245221138 -0.05555320903658867
v -0.057104021310806274 -0.14949679374694824 -0.05537362024188042
v -0.057104021310806274 -0.14949679374694824 -0.05537362024188042
v -0.057256169617176056 -0.155217245221138 -0.05555320903658867
v -0.05996105074882507 -0.14949679374694824 -0.052397578954696655
v -0.05996105074882507 -0.14949679374694824 -0.052397578954696655
v -0.060130100697278976 -0.155217245221138 -0.052551500499248505
v -0.06244615837931633 -0.14949679374694824 -0.04954978823661804
v -0.05996105074882507 -0.14949679374694824 -0.052397578954696655
v -0.06244615837931633 -0.14949679374694824 -0.04954978823661804
v -0.06205733120441437 -0.14621511101722717 -0.04903668910264969
v -0.05996105074882507 -0.14949679374694824 -0.052397578954696655
v -0.057256169617176056 -0.155217245221138 -0.05555320903658867
v -0.060130100697278976 -0.155217245221138 -0.052551500499248505
v -0.06205733120441437 -0.14621511101722717 -0.04903668910264969
v -0.06244615837931633 -0.14949679374694824 -0.04954978823661804
v -0.06711207330226898 -0.14765310287475586 -0.04252016916871071
v -0.05593753978610039 -0.186695396900177 0.05971730872988701
v -0.05296216905117035 -0.18442344665527344 -0.005499179940670729
v -0.038846079260110855 -0.186695396900177 -0.009167919866740704
v -0.038846079260110855 -0.186695396900177 -0.009167919866740704
v -0.05296216905117035 -0.18442344665527344 -0.005499179940670729
v -0.04724811017513275 -0.18491029739379883 -0.01694156974554062
v -0.038846079260110855 -0.186695396900177 -0.009167919866740704
v -0.04724811017513275 -0.18491029739379883 -0.01694156974554062
v -0.03838963061571121 -0.18660524487495422 -0.012990609742701054
v -0.038846079260110855 -0.186695396900177 -0.009167919866740704
v -0.03838963061571121 -0.18660524487495422 -0.012990609742701054
v -0.03495781868696213 -0.18692079186439514 -0.01694156974554062
v -0.03495781868696213 -0.18692079186439514 -0.01694156974554062
v -0.03838963061571121 -0.18660524487495422 -0.012990609742701054
v -0.034028008580207825 -0.18681709468364716 -0.022662749513983727
v -0.03495781868696213 -0.18692079186439514 -0.01694156974554062
v -0.034028008580207825 -0.18681709468364716 -0.022662749513983727
v -0.030089030042290688 -0.1872769147157669 -0.022662749513983727
v -0.03495781868696213 -0.18692079186439514 -0.01694156974554062
v -0.030089030042290688 -0.1872769147157669 -0.022662749513983727
v -0.030089030042290688 -0.18745270371437073 -0.01694156974554062
v -0.030089030042290688 -0.18745270371437073 -0.01694156974554062
v -0.030089030042290688 -0.1872769147157669 -0.022662749513983727
v -0.02437496930360794 -0.18783588707447052 -0.022662749513983727
v -0.07083127647638321 -0.1860327571630478 0.11459460109472275
v -0.07585222274065018 -0.1844775527715683 0.11459460109472275
v -0.06716278940439224 -0.18091635406017303 -0.0020100099500268698
v -0.07083127647638321 -0.1860327571630478 0.11459460109472275
v -0.06716278940439224 -0.18091635406017303 -0.0020100099500268698
v -0.06396765261888504 -0.1817007213830948 -0.005499179940670729
v -0.07083127647638321 -0.1860327571630478 0.11459460109472275
v -0.06396765261888504 -0.1817007213830948 -0.005499179940670729
v -0.06797424703836441 -0.18684415519237518 0.11459460109472275
v -0.06797424703836441 -0.18684415519237518 0.11459460109472275
v -0.06396765261888504 -0.1817007213830948 -0.005499179940670729
v -0.05869312956929207 -0.18314772844314575 -0.005499179940670729
v -0.06797424703836441 -0.18684415519237518 0.11459460109472275
v -0.05869312956929207 -0.18314772844314575 -0.005499179940670729
v -0.05869312956929207 -0.18342271447181702 0.00022202999389264733
v -0.06797424703836441 -0.18684415519237518 0.11459460109472275
v -0.05869312956929207 -0.18342271447181702 0.00022202999389264733
v -0.05296216905117035 -0.18442344665527344 -0.005499179940670729
v -0.06797424703836441 -0.18684415519237518 0.11459460109472275
v -0.05296216905117035 -0.18442344665527344 -0.005499179940670729
v -0.06187136843800545 -0.18674497306346893 0.08598863333463669
v -0.06187136843800545 -0.18674497306346893 0.08598863333463669
v -0.05296216905117035 -0.18442344665527344 -0.005499179940670729
v -0.05593753978610039 -0.186695396900177 0.05971730872988701
v -0.07828661054372787 -0.18067294359207153 0.13966010510921478
v -0.081414133310318 -0.1791492998600006 0.1376333087682724
v -0.0794023722410202 -0.18139418959617615 0.13583742082118988
v -0.07828661054372787 -0.18067294359207153 0.13966010510921478
v -0.0794023722410202 -0.18139418959617615 0.13583742082118988
v -0.07615651935338974 -0.18255721032619476 0.1376333087682724
v -0.07110176980495453 -0.18604175746440887 0.1317581832408905
v -0.07585222274065018 -0.18412593007087708 0.1317581832408905
v -0.07585222274065018 -0.18464432656764984 0.12603698670864105
v -0.07110176980495453 -0.18604175746440887 0.1317581832408905
v -0.07585222274065018 -0.18464432656764984 0.12603698670864105
v -0.07160893827676773 -0.1861860156059265 0.12603698670864105
v -0.07160893827676773 -0.1861860156059265 0.12603698670864105
v -0.07585222274065018 -0.18464432656764984 0.12603698670864105
v -0.07585222274065018 -0.18468038737773895 0.1203157901763916
v -0.07160893827676773 -0.1861860156059265 0.12603698670864105
v -0.07585222274065018 -0.18468038737773895 0.1203157901763916
v -0.07137226313352585 -0.18614093959331512 0.1203157901763916
v -0.07137226313352585 -0.18614093959331512 0.1203157901763916
v -0.07585222274065018 -0.18468038737773895 0.1203157901763916
v -0.07585222274065018 -0.1844775527715683 0.11459460109472275
v -0.07137226313352585 -0.18614093959331512 0.1203157901763916
v -0.07585222274065018 -0.1844775527715683 0.11459460109472275
v -0.07083127647638321 -0.1860327571630478 0.11459460109472275
v -0.0845247432589531 -0.17533116042613983 0.14048108458518982
v -0.09001903235912323 -0.17486685514450073 0.1282690167427063
v -0.08530239760875702 -0.1760479062795639 0.13747937977313995
v -0.0845247432589531 -0.17533116042613983 0.14048108458518982
v -0.08530239760875702 -0.1760479062795639 0.13747937977313995
v -0.081414133310318 -0.1791492998600006 0.1376333087682724
v -0.0845247432589531 -0.17533116042613983 0.14048108458518982
v -0.081414133310318 -0.1791492998600006 0.1376333087682724
v -0.07828661054372787 -0.18067294359207153 0.13966010510921478
v -0.0845247432589531 -0.17533116042613983 0.14048108458518982
v -0.07828661054372787 -0.18067294359207153 0.13966010510921478
v -0.0813295990228653 -0.17657533288002014 0.14271311461925507
v -0.0845247432589531 -0.17533116042613983 0.14048108458518982
v -0.08173532783985138 -0.14307765662670135 0.1615186631679535
v -0.08557288348674774 -0.14307765662670135 0.15554089844226837
v -0.0845247432589531 -0.17533116042613983 0.14048108458518982
v -0.08557288348674774 -0.14307765662670135 0.15554089844226837
v -0.0858771800994873 -0.14307765662670135 0.154976487159729
v -0.0845247432589531 -0.17533116042613983 0.14048108458518982
v -0.0858771800994873 -0.14307765662670135 0.154976487159729
v -0.08687461167573929 -0.17237402498722076 0.13747937977313995
v -0.0813295990228653 -0.17657533288002014 0.14271311461925507
v -0.07828661054372787 -0.18067294359207153 0.13966010510921478
v -0.07615651935338974 -0.17988407611846924 0.14366236329078674
v -0.03183029964566231 -0.18074055016040802 -0.05917065963149071
v -0.034839481115341187 -0.18134911358356476 -0.05537362024188042
v -0.0363609716296196 -0.1804610639810562 -0.05714384838938713
v -0.0363609716296196 -0.1804610639810562 -0.05714384838938713
v -0.034839481115341187 -0.18134911358356476 -0.05537362024188042
v -0.038643211126327515 -0.1809479147195816 -0.05409085005521774
v -0.0363609716296196 -0.1804610639810562 -0.05714384838938713
v -0.038643211126327515 -0.1809479147195816 -0.05409085005521774
v -0.041534051299095154 -0.1793341189622879 -0.056964270770549774
v -0.041534051299095154 -0.1793341189622879 -0.056964270770549774
v -0.038643211126327515 -0.1809479147195816 -0.05409085005521774
v -0.041534051299095154 -0.18061885237693787 -0.05285936966538429
v -0.041534051299095154 -0.1793341189622879 -0.056964270770549774
v -0.041534051299095154 -0.18061885237693787 -0.05285936966538429
v -0.04684238135814667 -0.1798344850540161 -0.05083258077502251
v -0.041534051299095154 -0.1793341189622879 -0.056964270770549774
v -0.04684238135814667 -0.1798344850540161 -0.05083258077502251
v -0.04724811017513275 -0.17779244482517242 -0.056964270770549774
v -0.04724811017513275 -0.17779244482517242 -0.056964270770549774
v -0.04684238135814667 -0.1798344850540161 -0.05083258077502251
v -0.05296216905117035 -0.17791414260864258 -0.05124305933713913
v -0.04724811017513275 -0.17779244482517242 -0.056964270770549774
v -0.05296216905117035 -0.17791414260864258 -0.05124305933713913
v -0.052674781531095505 -0.1761064976453781 -0.05670769885182381
v -0.0214841291308403 -0.18666383624076843 -0.04264846071600914
v -0.019201889634132385 -0.18717773258686066 -0.04036509990692139
v -0.02437496930360794 -0.18685315549373627 -0.03838961943984032
v -0.0214841291308403 -0.18666383624076843 -0.04264846071600914
v -0.02437496930360794 -0.18685315549373627 -0.03838961943984032
v -0.027248909696936607 -0.1866728514432907 -0.03697856143116951
v -0.0214841291308403 -0.18666383624076843 -0.04264846071600914
v -0.027248909696936607 -0.1866728514432907 -0.03697856143116951
v -0.030089030042290688 -0.1847660392522812 -0.04552188888192177
v -0.02437496930360794 -0.18273751437664032 -0.056964270770549774
v -0.030089030042290688 -0.1834677904844284 -0.05124305933713913
v -0.029987599700689316 -0.1817367821931839 -0.05714384838938713
v -0.02437496930360794 -0.18273751437664032 -0.056964270770549774
v -0.029987599700689316 -0.1817367821931839 -0.05714384838938713
v -0.028026560321450233 -0.18109667301177979 -0.06022252142429352
v -0.02437496930360794 -0.18273751437664032 -0.056964270770549774
v -0.028026560321450233 -0.18109667301177979 -0.06022252142429352
v -0.02437496930360794 -0.1813761591911316 -0.06099218130111694
v -0.028026560321450233 -0.18109667301177979 -0.06022252142429352
v -0.029987599700689316 -0.1817367821931839 -0.05714384838938713
v -0.03183029964566231 -0.18074055016040802 -0.05917065963149071
v -0.03183029964566231 -0.18074055016040802 -0.05917065963149071
v -0.029987599700689316 -0.1817367821931839 -0.05714384838938713
v -0.034839481115341187 -0.18134911358356476 -0.05537362024188042
v -0.012929949909448624 -0.18828214704990387 -0.034079499542713165
v -0.01864401064813137 -0.18811987340450287 -0.02835828997194767
v -0.01864401064813137 -0.18784938752651215 -0.034079499542713165
v -0.012929949909448624 -0.18778178095817566 -0.03980066999793053
v -0.019201889634132385 -0.18717773258686066 -0.04036509990692139
v -0.017663490027189255 -0.18685315549373627 -0.04367467015981674
v -0.012929949909448624 -0.18778178095817566 -0.03980066999793053
v -0.017663490027189255 -0.18685315549373627 -0.04367467015981674
v -0.012929949909448624 -0.1870560199022293 -0.044803518801927567
v -0.012929949909448624 -0.18778178095817566 -0.03980066999793053
v -0.01864401064813137 -0.18784938752651215 -0.034079499542713165
v -0.019201889634132385 -0.18717773258686066 -0.04036509990692139
v -0.017663490027189255 -0.18685315549373627 -0.04367467015981674
v -0.019201889634132385 -0.18717773258686066 -0.04036509990692139
v -0.0214841291308403 -0.18666383624076843 -0.04264846071600914
v -0.02437496930360794 -0.1843738555908203 -0.05124305933713913
v -0.030089030042290688 -0.1847660392522812 -0.04552188888192177
v -0.030089030042290688 -0.1834677904844284 -0.05124305933713913
v -0.02437496930360794 -0.1843738555908203 -0.05124305933713913
v -0.030089030042290688 -0.1834677904844284 -0.05124305933713913
v -0.02437496930360794 -0.18273751437664032 -0.056964270770549774
v -0.02437496930360794 -0.1843738555908203 -0.05124305933713913
v -0.0214841291308403 -0.18666383624076843 -0.04264846071600914
v -0.030089030042290688 -0.1847660392522812 -0.04552188888192177
v -0.02437496930360794 -0.18783588707447052 -0.022662749513983727
v -0.030089030042290688 -0.1872769147157669 -0.022662749513983727
v -0.02437496930360794 -0.18764203786849976 -0.02835828997194767
v -0.02437496930360794 -0.18783588707447052 -0.022662749513983727
v -0.02437496930360794 -0.18764203786849976 -0.02835828997194767
v -0.01864401064813137 -0.18811987340450287 -0.02835828997194767
v -0.02437496930360794 -0.18783588707447052 -0.022662749513983727
v -0.01864401064813137 -0.18811987340450287 -0.02835828997194767
v -0.01864401064813137 -0.18826411664485931 -0.022662749513983727
v -0.02437496930360794 -0.18783588707447052 -0.022662749513983727
v -0.01864401064813137 -0.18826411664485931 -0.022662749513983727
v -0.02437496930360794 -0.18796660006046295 -0.01694156974554062
v -0.01864401064813137 -0.18826411664485931 -0.022662749513983727
v -0.01864401064813137 -0.18811987340450287 -0.02835828997194767
v -0.012929949909448624 -0.18849852681159973 -0.02835828997194767
v -0.01864401064813137 -0.18826411664485931 -0.022662749513983727
v -0.012929949909448624 -0.18849852681159973 -0.02835828997194767
v -0.01864401064813137 -0.18837681412696838 -0.01694156974554062
v -0.012929949909448624 -0.18849852681159973 -0.02835828997194767
v -0.01864401064813137 -0.18811987340450287 -0.02835828997194767
v -0.012929949909448624 -0.18828214704990387 -0.034079499542713165
v -0.012929949909448624 -0.18828214704990387 -0.034079499542713165
v -0.01864401064813137 -0.18784938752651215 -0.034079499542713165
v -0.012929949909448624 -0.18778178095817566 -0.03980066999793053
v -0.06816022098064423 -0.1460438072681427 -0.038697499781847
v -0.07353615760803223 -0.14619256556034088 -0.02835828997194767
v -0.07008744031190872 -0.14590857923030853 -0.03356638178229332
v -0.07429690659046173 -0.14576883614063263 -0.022662749513983727
v -0.07353615760803223 -0.14619256556034088 -0.02835828997194767
v -0.07891211658716202 -0.1464044451713562 -0.009475779719650745
v -0.07429690659046173 -0.14576883614063263 -0.022662749513983727
v -0.07891211658716202 -0.1464044451713562 -0.009475779719650745
v -0.0791487917304039 -0.14616551995277405 -0.005499179940670729
v -0.07429690659046173 -0.14576883614063263 -0.022662749513983727
v -0.0791487917304039 -0.14616551995277405 -0.005499179940670729
v -0.09225054830312729 -0.14307765662670135 0.1088733971118927
v -0.07429690659046173 -0.14576883614063263 -0.022662749513983727
v -0.09225054830312729 -0.14307765662670135 0.1088733971118927
v -0.0911685973405838 -0.14307765662670135 0.10376793891191483
v -0.07353615760803223 -0.14619256556034088 -0.02835828997194767
v -0.0730120986700058 -0.14660729467868805 -0.031283020973205566
v -0.07891211658716202 -0.1464044451713562 -0.009475779719650745
v -0.07615651935338974 -0.18255721032619476 0.1376333087682724
v -0.0794023722410202 -0.18139418959617615 0.13583742082118988
v -0.07585222274065018 -0.18412593007087708 0.1317581832408905
v -0.07585222274065018 -0.18412593007087708 0.1317581832408905
v -0.0794023722410202 -0.18139418959617615 0.13583742082118988
v -0.08024764806032181 -0.18189455568790436 0.1317581832408905
v -0.06244615837931633 -0.14949679374694824 -0.04954978823661804
v -0.06543842703104019 -0.155217245221138 -0.04565016180276871
v -0.06731493771076202 -0.1514667272567749 -0.04275108128786087
v -0.06244615837931633 -0.14949679374694824 -0.04954978823661804
v -0.06731493771076202 -0.1514667272567749 -0.04275108128786087
v -0.0656074807047844 -0.14953738451004028 -0.04500877112150192
v -0.06244615837931633 -0.14949679374694824 -0.04954978823661804
v -0.0656074807047844 -0.14953738451004028 -0.04500877112150192
v -0.06711207330226898 -0.14765310287475586 -0.04252016916871071
v -0.06711207330226898 -0.14765310287475586 -0.04252016916871071
v -0.0656074807047844 -0.14953738451004028 -0.04500877112150192
v -0.06731493771076202 -0.1514667272567749 -0.04275108128786087
v -0.06711207330226898 -0.14765310287475586 -0.04252016916871071
v -0.06731493771076202 -0.1514667272567749 -0.04275108128786087
v -0.06858284771442413 -0.14953738451004028 -0.04028813913464546
v -0.06711207330226898 -0.14765310287475586 -0.04252016916871071
v -0.06858284771442413 -0.14953738451004028 -0.04028813913464546
v -0.0730120986700058 -0.14660729467868805 -0.031283020973205566
v -0.06711207330226898 -0.14765310287475586 -0.04252016916871071
v -0.0730120986700058 -0.14660729467868805 -0.031283020973205566
v -0.06816022098064423 -0.1460438072681427 -0.038697499781847
v -0.06816022098064423 -0.1460438072681427 -0.038697499781847
v -0.0730120986700058 -0.14660729467868805 -0.031283020973205566
v -0.07353615760803223 -0.14619256556034088 -0.02835828997194767
v -0.057002581655979156 -0.17237402498722076 -0.05529665946960449
v -0.06019771844148636 -0.1666535884141922 -0.05257716029882431
v -0.057340700179338455 -0.1666535884141922 -0.05563018098473549
v -0.05441604182124138 -0.155217245221138 -0.058400969952344894
v -0.05441604182124138 -0.1666535884141922 -0.05847794935107231
v -0.057340700179338455 -0.1666535884141922 -0.05563018098473549
v -0.05441604182124138 -0.155217245221138 -0.058400969952344894
v -0.057340700179338455 -0.1666535884141922 -0.05563018098473549
v -0.057256169617176056 -0.155217245221138 -0.05555320903658867
v -0.057256169617176056 -0.155217245221138 -0.05555320903658867
v -0.057340700179338455 -0.1666535884141922 -0.05563018098473549
v -0.060130100697278976 -0.155217245221138 -0.052551500499248505
v -0.060130100697278976 -0.155217245221138 -0.052551500499248505
v -0.06019771844148636 -0.1666535884141922 -0.05257716029882431
v -0.06258139759302139 -0.155217245221138 -0.049703728407621384
v -0.060130100697278976 -0.155217245221138 -0.052551500499248505
v -0.06258139759302139 -0.155217245221138 -0.049703728407621384
v -0.06244615837931633 -0.14949679374694824 -0.04954978823661804
v -0.060130100697278976 -0.155217245221138 -0.052551500499248505
v -0.057340700179338455 -0.1666535884141922 -0.05563018098473549
v -0.06019771844148636 -0.1666535884141922 -0.05257716029882431
v -0.06244615837931633 -0.14949679374694824 -0.04954978823661804
v -0.06258139759302139 -0.155217245221138 -0.049703728407621384
v -0.06543842703104019 -0.155217245221138 -0.04565016180276871
v -0.052674781531095505 -0.1761064976453781 -0.05670769885182381
v -0.05296216905117035 -0.17791414260864258 -0.05124305933713913
v -0.05632637068629265 -0.17553402483463287 -0.054629601538181305
v -0.05632637068629265 -0.17553402483463287 -0.054629601538181305
v -0.05296216905117035 -0.17791414260864258 -0.05124305933713913
v -0.05842265114188194 -0.17607495188713074 -0.05090954154729843
v -0.05632637068629265 -0.17553402483463287 -0.054629601538181305
v -0.05842265114188194 -0.17607495188713074 -0.05090954154729843
v -0.06185445934534073 -0.17544835805892944 -0.04878013953566551
v -0.05632637068629265 -0.17553402483463287 -0.054629601538181305
v -0.06185445934534073 -0.17544835805892944 -0.04878013953566551
v -0.057002581655979156 -0.17237402498722076 -0.05529665946960449
v -0.057002581655979156 -0.17237402498722076 -0.05529665946960449
v -0.057340700179338455 -0.1666535884141922 -0.05563018098473549
v -0.05441604182124138 -0.1666535884141922 -0.05847794935107231
v -0.057002581655979156 -0.17237402498722076 -0.05529665946960449
v -0.05441604182124138 -0.1666535884141922 -0.05847794935107231
v -0.054027218371629715 -0.17237402498722076 -0.05814443156123161
v -0.057002581655979156 -0.17237402498722076 -0.05529665946960449
v -0.06185445934534073 -0.17544835805892944 -0.04878013953566551
v -0.059859611093997955 -0.17237402498722076 -0.05221797898411751
v -0.057002581655979156 -0.17237402498722076 -0.05529665946960449
v -0.059859611093997955 -0.17237402498722076 -0.05221797898411751
v -0.06019771844148636 -0.1666535884141922 -0.05257716029882431
v -0.06716278940439224 -0.18091635406017303 -0.0020100099500268698
v -0.06682468205690384 -0.1808081865310669 -0.005499179940670729
v -0.06396765261888504 -0.1817007213830948 -0.005499179940670729
v -0.06716278940439224 -0.18091635406017303 -0.0020100099500268698
v -0.07585222274065018 -0.18416650593280792 0.1088733971118927
v -0.06966479867696762 -0.18009594082832336 4.2430001485627145e-05
v -0.06396765261888504 -0.1817007213830948 -0.005499179940670729
v -0.06682468205690384 -0.1808081865310669 -0.005499179940670729
v -0.06337595731019974 -0.18152941763401031 -0.011220360174775124
v -0.06396765261888504 -0.1817007213830948 -0.005499179940670729
v -0.06337595731019974 -0.18152941763401031 -0.011220360174775124
v -0.05869312956929207 -0.18281415104866028 -0.011220360174775124
v -0.06396765261888504 -0.1817007213830948 -0.005499179940670729
v -0.05869312956929207 -0.18281415104866028 -0.011220360174775124
v -0.05869312956929207 -0.18314772844314575 -0.005499179940670729
v -0.05869312956929207 -0.18314772844314575 -0.005499179940670729
v -0.05869312956929207 -0.18281415104866028 -0.011220360174775124
v -0.05296216905117035 -0.18413494527339935 -0.011220360174775124
v -0.05869312956929207 -0.18314772844314575 -0.005499179940670729
v -0.05296216905117035 -0.18413494527339935 -0.011220360174775124
v -0.05296216905117035 -0.18442344665527344 -0.005499179940670729
v -0.05869312956929207 -0.18314772844314575 -0.005499179940670729
v -0.05296216905117035 -0.18442344665527344 -0.005499179940670729
v -0.05869312956929207 -0.18342271447181702 0.00022202999389264733
v -0.07585222274065018 -0.18464432656764984 0.12603698670864105
v -0.08102530241012573 -0.18226870894432068 0.12603698670864105
v -0.08136340975761414 -0.18234984576702118 0.1203157901763916
v -0.07585222274065018 -0.18464432656764984 0.12603698670864105
v -0.08136340975761414 -0.18234984576702118 0.1203157901763916
v -0.07585222274065018 -0.18468038737773895 0.1203157901763916
v -0.07585222274065018 -0.18468038737773895 0.1203157901763916
v -0.08136340975761414 -0.18234984576702118 0.1203157901763916
v -0.08131270110607147 -0.18225517868995667 0.11459460109472275
v -0.07585222274065018 -0.18468038737773895 0.1203157901763916
v -0.08131270110607147 -0.18225517868995667 0.11459460109472275
v -0.07585222274065018 -0.1844775527715683 0.11459460109472275
v -0.07585222274065018 -0.1844775527715683 0.11459460109472275
v -0.08131270110607147 -0.18225517868995667 0.11459460109472275
v -0.07585222274065018 -0.18416650593280792 0.1088733971118927
v -0.07585222274065018 -0.1844775527715683 0.11459460109472275
v -0.07585222274065018 -0.18416650593280792 0.1088733971118927
v -0.06716278940439224 -0.18091635406017303 -0.0020100099500268698
v -0.06716278940439224 -0.18091635406017303 -0.0020100099500268698
v -0.06966479867696762 -0.18009594082832336 4.2430001485627145e-05
v -0.07012125849723816 -0.17958654463291168 -0.005499179940670729
v -0.06716278940439224 -0.18091635406017303 -0.0020100099500268698
v -0.07012125849723816 -0.17958654463291168 -0.005499179940670729
v -0.06682468205690384 -0.1808081865310669 -0.005499179940670729
v -0.09001903235912323 -0.17486685514450073 0.1282690167427063
v -0.0918448194861412 -0.17237402498722076 0.1203157901763916
v -0.09035713970661163 -0.17547090351581573 0.124446339905262
v -0.09001903235912323 -0.17486685514450073 0.1282690167427063
v -0.09035713970661163 -0.17547090351581573 0.124446339905262
v -0.08778750151395798 -0.17736870050430298 0.1262422353029251
v -0.09001903235912323 -0.17486685514450073 0.1282690167427063
v -0.08778750151395798 -0.17736870050430298 0.1262422353029251
v -0.08657030016183853 -0.17712077498435974 0.1317581832408905
v -0.09001903235912323 -0.17486685514450073 0.1282690167427063
v -0.08657030016183853 -0.17712077498435974 0.1317581832408905
v -0.08530239760875702 -0.1760479062795639 0.13747937977313995
v -0.08530239760875702 -0.1760479062795639 0.13747937977313995
v -0.08657030016183853 -0.17712077498435974 0.1317581832408905
v -0.0831046774983406 -0.1799832433462143 0.1317581832408905
v -0.08530239760875702 -0.1760479062795639 0.13747937977313995
v -0.0831046774983406 -0.1799832433462143 0.1317581832408905
v -0.081414133310318 -0.1791492998600006 0.1376333087682724
v -0.081414133310318 -0.1791492998600006 0.1376333087682724
v -0.0831046774983406 -0.1799832433462143 0.1317581832408905
v -0.0794023722410202 -0.18139418959617615 0.13583742082118988
v -0.0794023722410202 -0.18139418959617615 0.13583742082118988
v -0.0831046774983406 -0.1799832433462143 0.1317581832408905
v -0.08024764806032181 -0.18189455568790436 0.1317581832408905
v -0.07585222274065018 -0.18412593007087708 0.1317581832408905
v -0.08024764806032181 -0.18189455568790436 0.1317581832408905
v -0.08102530241012573 -0.18226870894432068 0.12603698670864105
v -0.07585222274065018 -0.18412593007087708 0.1317581832408905
v -0.08102530241012573 -0.18226870894432068 0.12603698670864105
v -0.07585222274065018 -0.18464432656764984 0.12603698670864105
v -0.08687461167573929 -0.17237402498722076 0.13747937977313995
v -0.0858771800994873 -0.14307765662670135 0.154976487159729
v -0.08854825049638748 -0.14307765662670135 0.1490757018327713
v -0.08687461167573929 -0.17237402498722076 0.13747937977313995
v -0.08854825049638748 -0.14307765662670135 0.1490757018327713
v -0.08932589739561081 -0.1727256327867508 0.1317581832408905
v -0.08932589739561081 -0.1727256327867508 0.1317581832408905
v -0.09050928801298141 -0.17105324566364288 0.12985967099666595
v -0.09001903235912323 -0.17486685514450073 0.1282690167427063
v -0.08932589739561081 -0.1727256327867508 0.1317581832408905
v -0.08854825049638748 -0.14307765662670135 0.1490757018327713
v -0.09050928801298141 -0.17105324566364288 0.12985967099666595
v -0.09001903235912323 -0.17486685514450073 0.1282690167427063
v -0.09050928801298141 -0.17105324566364288 0.12985967099666595
v -0.09093192964792252 -0.1727256327867508 0.1262422353029251
v -0.09001903235912323 -0.17486685514450073 0.1282690167427063
v -0.09093192964792252 -0.1727256327867508 0.1262422353029251
v -0.0918448194861412 -0.17237402498722076 0.1203157901763916
v -0.027248909696936607 -0.1866728514432907 -0.03697856143116951
v -0.035803090780973434 -0.18551434576511383 -0.034079499542713165
v -0.041534051299095154 -0.1845000833272934 -0.034079499542713165
v -0.027248909696936607 -0.1866728514432907 -0.03697856143116951
v -0.041534051299095154 -0.1845000833272934 -0.034079499542713165
v -0.035803090780973434 -0.18477055430412292 -0.03980066999793053
v -0.034839481115341187 -0.18134911358356476 -0.05537362024188042
v -0.0363609716296196 -0.18207035958766937 -0.05180748924612999
v -0.038643211126327515 -0.1809479147195816 -0.05409085005521774
v -0.038643211126327515 -0.1809479147195816 -0.05409085005521774
v -0.0363609716296196 -0.18207035958766937 -0.05180748924612999
v -0.041534051299095154 -0.18140320479869843 -0.05001160129904747
v -0.038643211126327515 -0.1809479147195816 -0.05409085005521774
v -0.041534051299095154 -0.18140320479869843 -0.05001160129904747
v -0.041534051299095154 -0.18061885237693787 -0.05285936966538429
v -0.041534051299095154 -0.18061885237693787 -0.05285936966538429
v -0.041534051299095154 -0.18140320479869843 -0.05001160129904747
v -0.04467847943305969 -0.18102455139160156 -0.04865185171365738
v -0.041534051299095154 -0.18061885237693787 -0.05285936966538429
v -0.04467847943305969 -0.18102455139160156 -0.04865185171365738
v -0.04684238135814667 -0.1798344850540161 -0.05083258077502251
v -0.04684238135814667 -0.1798344850540161 -0.05083258077502251
v -0.04467847943305969 -0.18102455139160156 -0.04865185171365738
v -0.04848220944404602 -0.18053770065307617 -0.046625059098005295
v -0.030089030042290688 -0.1847660392522812 -0.04552188888192177
v -0.035803090780973434 -0.18477055430412292 -0.03980066999793053
v -0.035803090780973434 -0.18375179171562195 -0.04552188888192177
v -0.030089030042290688 -0.1834677904844284 -0.05124305933713913
v -0.0363609716296196 -0.18207035958766937 -0.05180748924612999
v -0.034839481115341187 -0.18134911358356476 -0.05537362024188042
v -0.030089030042290688 -0.1834677904844284 -0.05124305933713913
v -0.034839481115341187 -0.18134911358356476 -0.05537362024188042
v -0.029987599700689316 -0.1817367821931839 -0.05714384838938713
v -0.030089030042290688 -0.1834677904844284 -0.05124305933713913
v -0.035803090780973434 -0.18375179171562195 -0.04552188888192177
v -0.0363609716296196 -0.18207035958766937 -0.05180748924612999
v -0.02437496930360794 -0.18685315549373627 -0.03838961943984032
v -0.02437496930360794 -0.18727238476276398 -0.034079499542713165
v -0.027248909696936607 -0.1866728514432907 -0.03697856143116951
v -0.027248909696936607 -0.1866728514432907 -0.03697856143116951
v -0.02437496930360794 -0.18727238476276398 -0.034079499542713165
v -0.028297049924731255 -0.1868125945329666 -0.034079499542713165
v -0.027248909696936607 -0.1866728514432907 -0.03697856143116951
v -0.028297049924731255 -0.1868125945329666 -0.034079499542713165
v -0.032438889145851135 -0.18654663860797882 -0.030128540471196175
v -0.027248909696936607 -0.1866728514432907 -0.03697856143116951
v -0.032438889145851135 -0.18654663860797882 -0.030128540471196175
v -0.035803090780973434 -0.18551434576511383 -0.034079499542713165
v -0.030089030042290688 -0.1872769147157669 -0.022662749513983727
v -0.03035951964557171 -0.1869838982820511 -0.028281319886446
v -0.02437496930360794 -0.18764203786849976 -0.02835828997194767
v -0.02437496930360794 -0.18764203786849976 -0.02835828997194767
v -0.03035951964557171 -0.1869838982820511 -0.028281319886446
v -0.02437496930360794 -0.18727238476276398 -0.034079499542713165
v -0.02437496930360794 -0.18764203786849976 -0.02835828997194767
v -0.02437496930360794 -0.18727238476276398 -0.034079499542713165
v -0.01864401064813137 -0.18784938752651215 -0.034079499542713165
v -0.02437496930360794 -0.18764203786849976 -0.02835828997194767
v -0.01864401064813137 -0.18784938752651215 -0.034079499542713165
v -0.01864401064813137 -0.18811987340450287 -0.02835828997194767
v -0.01864401064813137 -0.18784938752651215 -0.034079499542713165
v -0.02437496930360794 -0.18727238476276398 -0.034079499542713165
v -0.02437496930360794 -0.18685315549373627 -0.03838961943984032
v -0.01864401064813137 -0.18784938752651215 -0.034079499542713165
v -0.02437496930360794 -0.18685315549373627 -0.03838961943984032
v -0.019201889634132385 -0.18717773258686066 -0.04036509990692139
v -0.030089030042290688 -0.1847660392522812 -0.04552188888192177
v -0.035803090780973434 -0.18375179171562195 -0.04552188888192177
v -0.030089030042290688 -0.1834677904844284 -0.05124305933713913
v -0.030089030042290688 -0.1847660392522812 -0.04552188888192177
v -0.027248909696936607 -0.1866728514432907 -0.03697856143116951
v -0.035803090780973434 -0.18477055430412292 -0.03980066999793053
v -0.05296216905117035 -0.18442344665527344 -0.005499179940670729
v -0.05296216905117035 -0.18413494527339935 -0.011220360174775124
v -0.04724811017513275 -0.18491029739379883 -0.01694156974554062
v -0.04724811017513275 -0.18491029739379883 -0.01694156974554062
v -0.04724811017513275 -0.18456318974494934 -0.022662749513983727
v -0.041534051299095154 -0.18554139137268066 -0.022662749513983727
v -0.04724811017513275 -0.18491029739379883 -0.01694156974554062
v -0.041534051299095154 -0.18554139137268066 -0.022662749513983727
v -0.03331797942519188 -0.18672244250774384 -0.026331499218940735
v -0.04724811017513275 -0.18491029739379883 -0.01694156974554062
v -0.03331797942519188 -0.18672244250774384 -0.026331499218940735
v -0.034028008580207825 -0.18681709468364716 -0.022662749513983727
v -0.04724811017513275 -0.18491029739379883 -0.01694156974554062
v -0.034028008580207825 -0.18681709468364716 -0.022662749513983727
v -0.03838963061571121 -0.18660524487495422 -0.012990609742701054
v -0.04724811017513275 -0.18491029739379883 -0.01694156974554062
v -0.05296216905117035 -0.18413494527339935 -0.011220360174775124
v -0.04724811017513275 -0.18456318974494934 -0.022662749513983727
v -0.034028008580207825 -0.18681709468364716 -0.022662749513983727
v -0.03331797942519188 -0.18672244250774384 -0.026331499218940735
v -0.03035951964557171 -0.1869838982820511 -0.028281319886446
v -0.034028008580207825 -0.18681709468364716 -0.022662749513983727
v -0.03035951964557171 -0.1869838982820511 -0.028281319886446
v -0.030089030042290688 -0.1872769147157669 -0.022662749513983727
v -0.0730120986700058 -0.14660729467868805 -0.031283020973205566
v -0.07311353087425232 -0.14949679374694824 -0.031539589166641235
v -0.07434763014316559 -0.14949679374694824 -0.02835828997194767
v -0.0730120986700058 -0.14660729467868805 -0.031283020973205566
v -0.07434763014316559 -0.14949679374694824 -0.02835828997194767
v -0.07608889043331146 -0.14949679374694824 -0.022662749513983727
v -0.0730120986700058 -0.14660729467868805 -0.031283020973205566
v -0.07608889043331146 -0.14949679374694824 -0.022662749513983727
v -0.07891211658716202 -0.1464044451713562 -0.009475779719650745
v -0.07891211658716202 -0.1464044451713562 -0.009475779719650745
v -0.07608889043331146 -0.14949679374694824 -0.022662749513983727
v -0.07911498099565506 -0.14949679374694824 -0.010425030253827572
v -0.07891211658716202 -0.1464044451713562 -0.009475779719650745
v -0.07911498099565506 -0.14949679374694824 -0.010425030253827572
v -0.07980810850858688 -0.14949679374694824 -0.005499179940670729
v -0.07891211658716202 -0.1464044451713562 -0.009475779719650745
v -0.07980810850858688 -0.14949679374694824 -0.005499179940670729
v -0.09225054830312729 -0.14307765662670135 0.1088733971118927
v -0.07891211658716202 -0.1464044451713562 -0.009475779719650745
v -0.09225054830312729 -0.14307765662670135 0.1088733971118927
v -0.0791487917304039 -0.14616551995277405 -0.005499179940670729
v -0.09225054830312729 -0.14307765662670135 0.1088733971118927
v -0.09230127185583115 -0.14949679374694824 0.1088733971118927
v -0.09270700067281723 -0.14377638697624207 0.11459460109472275
v -0.06543842703104019 -0.155217245221138 -0.04565016180276871
v -0.06745018064975739 -0.1666535884141922 -0.04293067008256912
v -0.06734874844551086 -0.155217245221138 -0.042802389711141586
v -0.06543842703104019 -0.155217245221138 -0.04565016180276871
v -0.06734874844551086 -0.155217245221138 -0.042802389711141586
v -0.06731493771076202 -0.1514667272567749 -0.04275108128786087
v -0.06731493771076202 -0.1514667272567749 -0.04275108128786087
v -0.06734874844551086 -0.155217245221138 -0.042802389711141586
v -0.06919144839048386 -0.155217245221138 -0.03980066999793053
v -0.06731493771076202 -0.1514667272567749 -0.04275108128786087
v -0.06919144839048386 -0.155217245221138 -0.03980066999793053
v -0.06858284771442413 -0.14953738451004028 -0.04028813913464546
v -0.06858284771442413 -0.14953738451004028 -0.04028813913464546
v -0.06919144839048386 -0.155217245221138 -0.03980066999793053
v -0.07198085635900497 -0.155217245221138 -0.034592609852552414
v -0.06858284771442413 -0.14953738451004028 -0.04028813913464546
v -0.07198085635900497 -0.155217245221138 -0.034592609852552414
v -0.07172728329896927 -0.14949679374694824 -0.03438735008239746
v -0.06858284771442413 -0.14953738451004028 -0.04028813913464546
v -0.07172728329896927 -0.14949679374694824 -0.03438735008239746
v -0.0730120986700058 -0.14660729467868805 -0.031283020973205566
v -0.0730120986700058 -0.14660729467868805 -0.031283020973205566
v -0.07172728329896927 -0.14949679374694824 -0.03438735008239746
v -0.07311353087425232 -0.14949679374694824 -0.031539589166641235
v -0.06185445934534073 -0.17544835805892944 -0.04878013953566551
v -0.06795734912157059 -0.17568278312683105 -0.038466598838567734
v -0.06701064109802246 -0.17446565628051758 -0.04228926822543144
v -0.06185445934534073 -0.17544835805892944 -0.04878013953566551
v -0.06701064109802246 -0.17446565628051758 -0.04228926822543144
v -0.06229401007294655 -0.17237402498722076 -0.04934455826878548
v -0.059859611093997955 -0.17237402498722076 -0.05221797898411751
v -0.06229401007294655 -0.17237402498722076 -0.04934455826878548
v -0.06019771844148636 -0.1666535884141922 -0.05257716029882431
v -0.06019771844148636 -0.1666535884141922 -0.05257716029882431
v -0.06229401007294655 -0.17237402498722076 -0.04934455826878548
v -0.06258139759302139 -0.1666535884141922 -0.049703728407621384
v -0.06019771844148636 -0.1666535884141922 -0.05257716029882431
v -0.06258139759302139 -0.1666535884141922 -0.049703728407621384
v -0.06258139759302139 -0.155217245221138 -0.049703728407621384
v -0.06258139759302139 -0.155217245221138 -0.049703728407621384
v -0.06543842703104019 -0.1666535884141922 -0.04580409824848175
v -0.06543842703104019 -0.155217245221138 -0.04565016180276871
v -0.06258139759302139 -0.155217245221138 -0.049703728407621384
v -0.06258139759302139 -0.1666535884141922 -0.049703728407621384
v -0.06543842703104019 -0.1666535884141922 -0.04580409824848175
v -0.06543842703104019 -0.155217245221138 -0.04565016180276871
v -0.06543842703104019 -0.1666535884141922 -0.04580409824848175
v -0.06745018064975739 -0.1666535884141922 -0.04293067008256912
v -0.04684238135814667 -0.1798344850540161 -0.05083258077502251
v -0.04848220944404602 -0.18053770065307617 -0.046625059098005295
v -0.05296216905117035 -0.17791414260864258 -0.05124305933713913
v -0.05296216905117035 -0.17791414260864258 -0.05124305933713913
v -0.04848220944404602 -0.18053770065307617 -0.046625059098005295
v -0.052471909672021866 -0.17978939414024353 -0.04503441974520683
v -0.05296216905117035 -0.17791414260864258 -0.05124305933713913
v -0.052471909672021866 -0.17978939414024353 -0.04503441974520683
v -0.05869312956929207 -0.1776617169380188 -0.04552188888192177
v -0.05296216905117035 -0.17791414260864258 -0.05124305933713913
v -0.05869312956929207 -0.1776617169380188 -0.04552188888192177
v -0.05842265114188194 -0.17607495188713074 -0.05090954154729843
v -0.05842265114188194 -0.17607495188713074 -0.05090954154729843
v -0.05869312956929207 -0.1776617169380188 -0.04552188888192177
v -0.06185445934534073 -0.17544835805892944 -0.04878013953566551
v -0.06185445934534073 -0.17544835805892944 -0.04878013953566551
v -0.06229401007294655 -0.17237402498722076 -0.04934455826878548
v -0.059859611093997955 -0.17237402498722076 -0.05221797898411751
v -0.06185445934534073 -0.17544835805892944 -0.04878013953566551
v -0.05869312956929207 -0.1776617169380188 -0.04552188888192177
v -0.0630040392279625 -0.1759442239999771 -0.04552188888192177
v -0.06185445934534073 -0.17544835805892944 -0.04878013953566551
v -0.0630040392279625 -0.1759442239999771 -0.04552188888192177
v -0.06795734912157059 -0.17568278312683105 -0.038466598838567734
v -0.08131270110607147 -0.18225517868995667 0.11459460109472275
v -0.08383162319660187 -0.18062785267829895 0.1088733971118927
v -0.08097457885742188 -0.1820613443851471 0.1088733971118927
v -0.08131270110607147 -0.18225517868995667 0.11459460109472275
v -0.08097457885742188 -0.1820613443851471 0.1088733971118927
v -0.07585222274065018 -0.18416650593280792 0.1088733971118927
v -0.07585222274065018 -0.18416650593280792 0.1088733971118927
v -0.08097457885742188 -0.1820613443851471 0.1088733971118927
v -0.07585222274065018 -0.18382391333580017 0.10315220803022385
v -0.07585222274065018 -0.18416650593280792 0.1088733971118927
v -0.07585222274065018 -0.18382391333580017 0.10315220803022385
v -0.07062841951847076 -0.18007339537143707 0.005943220108747482
v -0.07585222274065018 -0.18416650593280792 0.1088733971118927
v -0.07062841951847076 -0.18007339537143707 0.005943220108747482
v -0.06966479867696762 -0.18009594082832336 4.2430001485627145e-05
v -0.06966479867696762 -0.18009594082832336 4.2430001485627145e-05
v -0.07062841951847076 -0.18007339537143707 0.005943220108747482
v -0.07012125849723816 -0.17958654463291168 -0.005499179940670729
v -0.07012125849723816 -0.17958654463291168 -0.005499179940670729
v -0.07062841951847076 -0.18007339537143707 0.005943220108747482
v -0.08097457885742188 -0.1820613443851471 0.1088733971118927
v -0.07012125849723816 -0.17958654463291168 -0.005499179940670729
v -0.08097457885742188 -0.1820613443851471 0.1088733971118927
v -0.07585222274065018 -0.17743180692195892 0.00022202999389264733
v -0.09035713970661163 -0.17547090351581573 0.124446339905262
v -0.09059380739927292 -0.17571432888507843 0.1203157901763916
v -0.08728033304214478 -0.17844606935977936 0.1203157901763916
v -0.09035713970661163 -0.17547090351581573 0.124446339905262
v -0.08728033304214478 -0.17844606935977936 0.1203157901763916
v -0.08388233184814453 -0.18058277666568756 0.12603698670864105
v -0.09035713970661163 -0.17547090351581573 0.124446339905262
v -0.08388233184814453 -0.18058277666568756 0.12603698670864105
v -0.08778750151395798 -0.17736870050430298 0.1262422353029251
v -0.08778750151395798 -0.17736870050430298 0.1262422353029251
v -0.0831046774983406 -0.1799832433462143 0.1317581832408905
v -0.08657030016183853 -0.17712077498435974 0.1317581832408905
v -0.08778750151395798 -0.17736870050430298 0.1262422353029251
v -0.08388233184814453 -0.18058277666568756 0.12603698670864105
v -0.0831046774983406 -0.1799832433462143 0.1317581832408905
v -0.08136340975761414 -0.18234984576702118 0.1203157901763916
v -0.08422043919563293 -0.18082168698310852 0.1203157901763916
v -0.08416972309350967 -0.1808081865310669 0.11459460109472275
v -0.08136340975761414 -0.18234984576702118 0.1203157901763916
v -0.08416972309350967 -0.1808081865310669 0.11459460109472275
v -0.08131270110607147 -0.18225517868995667 0.11459460109472275
v -0.08131270110607147 -0.18225517868995667 0.11459460109472275
v -0.08416972309350967 -0.1808081865310669 0.11459460109472275
v -0.08383162319660187 -0.18062785267829895 0.1088733971118927
v -0.09050928801298141 -0.17105324566364288 0.12985967099666595
v -0.09052619338035583 -0.14307765662670135 0.1435340940952301
v -0.09059380739927292 -0.14307765662670135 0.14327754080295563
v -0.09050928801298141 -0.17105324566364288 0.12985967099666595
v -0.09059380739927292 -0.14307765662670135 0.14327754080295563
v -0.09187863022089005 -0.1666535884141922 0.12603698670864105
v -0.09050928801298141 -0.17105324566364288 0.12985967099666595
v -0.09187863022089005 -0.1666535884141922 0.12603698670864105
v -0.09093192964792252 -0.1727256327867508 0.1262422353029251
v -0.09093192964792252 -0.1727256327867508 0.1262422353029251
v -0.09187863022089005 -0.1666535884141922 0.12603698670864105
v -0.0918448194861412 -0.17237402498722076 0.1203157901763916
v -0.0918448194861412 -0.17237402498722076 0.1203157901763916
v -0.09267318993806839 -0.1666535884141922 0.1203157901763916
v -0.09206458926200867 -0.17237402498722076 0.11459460109472275
v -0.0918448194861412 -0.17237402498722076 0.1203157901763916
v -0.09206458926200867 -0.17237402498722076 0.11459460109472275
v -0.09059380739927292 -0.17571432888507843 0.1203157901763916
v -0.0918448194861412 -0.17237402498722076 0.1203157901763916
v -0.09059380739927292 -0.17571432888507843 0.1203157901763916
v -0.09035713970661163 -0.17547090351581573 0.124446339905262
v -0.0918448194861412 -0.17237402498722076 0.1203157901763916
v -0.09187863022089005 -0.1666535884141922 0.12603698670864105
v -0.09267318993806839 -0.1666535884141922 0.1203157901763916
v -0.09225054830312729 -0.14307765662670135 0.1088733971118927
v -0.09270700067281723 -0.14377638697624207 0.11459460109472275
v -0.09269010275602341 -0.14307765662670135 0.11459460109472275
v -0.09225054830312729 -0.14307765662670135 0.1088733971118927
v -0.07980810850858688 -0.14949679374694824 -0.005499179940670729
v -0.08001097291707993 -0.155217245221138 -0.005499179940670729
v -0.09225054830312729 -0.14307765662670135 0.1088733971118927
v -0.08001097291707993 -0.155217245221138 -0.005499179940670729
v -0.09230127185583115 -0.14949679374694824 0.1088733971118927
v -0.08024764806032181 -0.18189455568790436 0.1317581832408905
v -0.0831046774983406 -0.1799832433462143 0.1317581832408905
v -0.08388233184814453 -0.18058277666568756 0.12603698670864105
v -0.08024764806032181 -0.18189455568790436 0.1317581832408905
v -0.08388233184814453 -0.18058277666568756 0.12603698670864105
v -0.08102530241012573 -0.18226870894432068 0.12603698670864105
v -0.08102530241012573 -0.18226870894432068 0.12603698670864105
v -0.08388233184814453 -0.18058277666568756 0.12603698670864105
v -0.08422043919563293 -0.18082168698310852 0.1203157901763916
v -0.08102530241012573 -0.18226870894432068 0.12603698670864105
v -0.08422043919563293 -0.18082168698310852 0.1203157901763916
v -0.08136340975761414 -0.18234984576702118 0.1203157901763916
v -0.08854825049638748 -0.14307765662670135 0.1490757018327713
v -0.09052619338035583 -0.14307765662670135 0.1435340940952301
v -0.09050928801298141 -0.17105324566364288 0.12985967099666595
v -0.035803090780973434 -0.18477055430412292 -0.03980066999793053
v -0.041534051299095154 -0.1845000833272934 -0.034079499542713165
v -0.041534051299095154 -0.18364809453487396 -0.03980066999793053
v -0.032438889145851135 -0.18654663860797882 -0.030128540471196175
v -0.041534051299095154 -0.1845000833272934 -0.034079499542713165
v -0.035803090780973434 -0.18551434576511383 -0.034079499542713165
v -0.032438889145851135 -0.18654663860797882 -0.030128540471196175
v -0.041534051299095154 -0.18512216210365295 -0.02835828997194767
v -0.041534051299095154 -0.1845000833272934 -0.034079499542713165
v -0.041534051299095154 -0.1845000833272934 -0.034079499542713165
v -0.041534051299095154 -0.18512216210365295 -0.02835828997194767
v -0.04724811017513275 -0.18402224779129028 -0.02835828997194767
v -0.041534051299095154 -0.1845000833272934 -0.034079499542713165
v -0.04724811017513275 -0.18402224779129028 -0.02835828997194767
v -0.04724811017513275 -0.18328747153282166 -0.034079499542713165
v -0.041534051299095154 -0.1845000833272934 -0.034079499542713165
v -0.04724811017513275 -0.18328747153282166 -0.034079499542713165
v -0.041534051299095154 -0.18364809453487396 -0.03980066999793053
v -0.041534051299095154 -0.18140320479869843 -0.05001160129904747
v -0.041534051299095154 -0.18251213431358337 -0.04552188888192177
v -0.04467847943305969 -0.18102455139160156 -0.04865185171365738
v -0.04467847943305969 -0.18102455139160156 -0.04865185171365738
v -0.041534051299095154 -0.18251213431358337 -0.04552188888192177
v -0.04684238135814667 -0.18133558332920074 -0.04503441974520683
v -0.03331797942519188 -0.18672244250774384 -0.026331499218940735
v -0.041534051299095154 -0.18512216210365295 -0.02835828997194767
v -0.032438889145851135 -0.18654663860797882 -0.030128540471196175
v -0.03331797942519188 -0.18672244250774384 -0.026331499218940735
v -0.032438889145851135 -0.18654663860797882 -0.030128540471196175
v -0.03035951964557171 -0.1869838982820511 -0.028281319886446
v -0.03035951964557171 -0.1869838982820511 -0.028281319886446
v -0.032438889145851135 -0.18654663860797882 -0.030128540471196175
v -0.028297049924731255 -0.1868125945329666 -0.034079499542713165
v -0.03035951964557171 -0.1869838982820511 -0.028281319886446
v -0.028297049924731255 -0.1868125945329666 -0.034079499542713165
v -0.02437496930360794 -0.18727238476276398 -0.034079499542713165
v -0.035803090780973434 -0.18375179171562195 -0.04552188888192177
v -0.035803090780973434 -0.18477055430412292 -0.03980066999793053
v -0.041534051299095154 -0.18364809453487396 -0.03980066999793053
v -0.035803090780973434 -0.18375179171562195 -0.04552188888192177
v -0.041534051299095154 -0.18364809453487396 -0.03980066999793053
v -0.041534051299095154 -0.18251213431358337 -0.04552188888192177
v -0.035803090780973434 -0.18375179171562195 -0.04552188888192177
v -0.041534051299095154 -0.18251213431358337 -0.04552188888192177
v -0.041534051299095154 -0.18140320479869843 -0.05001160129904747
v -0.035803090780973434 -0.18375179171562195 -0.04552188888192177
v -0.041534051299095154 -0.18140320479869843 -0.05001160129904747
v -0.0363609716296196 -0.18207035958766937 -0.05180748924612999
v -0.05869312956929207 -0.18281415104866028 -0.011220360174775124
v -0.05869312956929207 -0.1823859065771103 -0.01694156974554062
v -0.05296216905117035 -0.18377883732318878 -0.01694156974554062
v -0.05869312956929207 -0.18281415104866028 -0.011220360174775124
v -0.05296216905117035 -0.18377883732318878 -0.01694156974554062
v -0.05296216905117035 -0.18413494527339935 -0.011220360174775124
v -0.05296216905117035 -0.18413494527339935 -0.011220360174775124
v -0.05296216905117035 -0.18377883732318878 -0.01694156974554062
v -0.04724811017513275 -0.18456318974494934 -0.022662749513983727
v -0.04724811017513275 -0.18456318974494934 -0.022662749513983727
v -0.05296216905117035 -0.18377883732318878 -0.01694156974554062
v -0.05296216905117035 -0.18331001698970795 -0.022662749513983727
v -0.04724811017513275 -0.18456318974494934 -0.022662749513983727
v -0.05296216905117035 -0.18331001698970795 -0.022662749513983727
v -0.04724811017513275 -0.18402224779129028 -0.02835828997194767
v -0.04724811017513275 -0.18456318974494934 -0.022662749513983727
v -0.04724811017513275 -0.18402224779129028 -0.02835828997194767
v -0.041534051299095154 -0.18512216210365295 -0.02835828997194767
v -0.04724811017513275 -0.18456318974494934 -0.022662749513983727
v -0.041534051299095154 -0.18512216210365295 -0.02835828997194767
v -0.03331797942519188 -0.18672244250774384 -0.026331499218940735
v -0.04724811017513275 -0.18456318974494934 -0.022662749513983727
v -0.03331797942519188 -0.18672244250774384 -0.026331499218940735
v -0.041534051299095154 -0.18554139137268066 -0.022662749513983727
v -0.07012125849723816 -0.17958654463291168 -0.005499179940670729
v -0.07585222274065018 -0.17743180692195892 0.00022202999389264733
v -0.07585222274065018 -0.17705315351486206 -0.005499179940670729
v -0.07012125849723816 -0.17958654463291168 -0.005499179940670729
v -0.07585222274065018 -0.17705315351486206 -0.005499179940670729
v -0.07012125849723816 -0.1791718304157257 -0.011220360174775124
v -0.07012125849723816 -0.17958654463291168 -0.005499179940670729
v -0.07012125849723816 -0.1791718304157257 -0.011220360174775124
v -0.06682468205690384 -0.1808081865310669 -0.005499179940670729
v -0.06682468205690384 -0.1808081865310669 -0.005499179940670729
v -0.07012125849723816 -0.1791718304157257 -0.011220360174775124
v -0.06623298674821854 -0.18060532212257385 -0.011220360174775124
v -0.06682468205690384 -0.1808081865310669 -0.005499179940670729
v -0.06623298674821854 -0.18060532212257385 -0.011220360174775124
v -0.06337595731019974 -0.18152941763401031 -0.011220360174775124
v -0.06337595731019974 -0.18152941763401031 -0.011220360174775124
v -0.06623298674821854 -0.18060532212257385 -0.011220360174775124
v -0.06263212114572525 -0.18129952251911163 -0.01694156974554062
v -0.06337595731019974 -0.18152941763401031 -0.011220360174775124
v -0.06263212114572525 -0.18129952251911163 -0.01694156974554062
v -0.05869312956929207 -0.1823859065771103 -0.01694156974554062
v -0.06337595731019974 -0.18152941763401031 -0.011220360174775124
v -0.05869312956929207 -0.1823859065771103 -0.01694156974554062
v -0.05869312956929207 -0.18281415104866028 -0.011220360174775124
v -0.07198085635900497 -0.155217245221138 -0.034592609852552414
v -0.07328257709741592 -0.1666535884141922 -0.03187311068177223
v -0.07319805026054382 -0.155217245221138 -0.031744830310344696
v -0.07198085635900497 -0.155217245221138 -0.034592609852552414
v -0.07319805026054382 -0.155217245221138 -0.031744830310344696
v -0.07311353087425232 -0.14949679374694824 -0.031539589166641235
v -0.07198085635900497 -0.155217245221138 -0.034592609852552414
v -0.07311353087425232 -0.14949679374694824 -0.031539589166641235
v -0.07172728329896927 -0.14949679374694824 -0.03438735008239746
v -0.07198085635900497 -0.155217245221138 -0.034592609852552414
v -0.06924217194318771 -0.1666535884141922 -0.03980066999793053
v -0.07191324234008789 -0.1666535884141922 -0.03474653884768486
v -0.07311353087425232 -0.14949679374694824 -0.031539589166641235
v -0.07319805026054382 -0.155217245221138 -0.031744830310344696
v -0.07460121065378189 -0.155217245221138 -0.02835828997194767
v -0.07311353087425232 -0.14949679374694824 -0.031539589166641235
v -0.07460121065378189 -0.155217245221138 -0.02835828997194767
v -0.07434763014316559 -0.14949679374694824 -0.02835828997194767
v -0.07434763014316559 -0.14949679374694824 -0.02835828997194767
v -0.07460121065378189 -0.155217245221138 -0.02835828997194767
v -0.07659605890512466 -0.155217245221138 -0.022662749513983727
v -0.07434763014316559 -0.14949679374694824 -0.02835828997194767
v -0.07659605890512466 -0.155217245221138 -0.022662749513983727
v -0.07608889043331146 -0.14949679374694824 -0.022662749513983727
v -0.06701064109802246 -0.17446565628051758 -0.04228926822543144
v -0.06745018064975739 -0.17065204679965973 -0.04293067008256912
v -0.06542152166366577 -0.17248673737049103 -0.04511139169335365
v -0.06258139759302139 -0.1666535884141922 -0.049703728407621384
v -0.06745018064975739 -0.17065204679965973 -0.04293067008256912
v -0.06543842703104019 -0.1666535884141922 -0.04580409824848175
v -0.06543842703104019 -0.1666535884141922 -0.04580409824848175
v -0.06745018064975739 -0.17065204679965973 -0.04293067008256912
v -0.06745018064975739 -0.1666535884141922 -0.04293067008256912
v -0.06745018064975739 -0.1666535884141922 -0.04293067008256912
v -0.06745018064975739 -0.17065204679965973 -0.04293067008256912
v -0.06924217194318771 -0.1666535884141922 -0.03980066999793053
v -0.06745018064975739 -0.1666535884141922 -0.04293067008256912
v -0.06924217194318771 -0.1666535884141922 -0.03980066999793053
v -0.06919144839048386 -0.155217245221138 -0.03980066999793053
v -0.06745018064975739 -0.1666535884141922 -0.04293067008256912
v -0.06919144839048386 -0.155217245221138 -0.03980066999793053
v -0.06734874844551086 -0.155217245221138 -0.042802389711141586
v -0.06919144839048386 -0.155217245221138 -0.03980066999793053
v -0.06924217194318771 -0.1666535884141922 -0.03980066999793053
v -0.07198085635900497 -0.155217245221138 -0.034592609852552414
v -0.07198085635900497 -0.155217245221138 -0.034592609852552414
v -0.07191324234008789 -0.1666535884141922 -0.03474653884768486
v -0.07328257709741592 -0.1666535884141922 -0.03187311068177223
v -0.06229401007294655 -0.17237402498722076 -0.04934455826878548
v -0.06701064109802246 -0.17446565628051758 -0.04228926822543144
v -0.06542152166366577 -0.17248673737049103 -0.04511139169335365
v -0.06229401007294655 -0.17237402498722076 -0.04934455826878548
v -0.06542152166366577 -0.17248673737049103 -0.04511139169335365
v -0.06745018064975739 -0.17065204679965973 -0.04293067008256912
v -0.06229401007294655 -0.17237402498722076 -0.04934455826878548
v -0.06745018064975739 -0.17065204679965973 -0.04293067008256912
v -0.06258139759302139 -0.1666535884141922 -0.049703728407621384
v -0.0630040392279625 -0.1759442239999771 -0.04552188888192177
v -0.06482982635498047 -0.17666548490524292 -0.04015986993908882
v -0.06795734912157059 -0.17568278312683105 -0.038466598838567734
v -0.06795734912157059 -0.17568278312683105 -0.038466598838567734
v -0.06915763765573502 -0.1762101948261261 -0.034079499542713165
v -0.07291065901517868 -0.17501111328601837 -0.031077789142727852
v -0.06795734912157059 -0.17568278312683105 -0.038466598838567734
v -0.07291065901517868 -0.17501111328601837 -0.031077789142727852
v -0.06701064109802246 -0.17446565628051758 -0.04228926822543144
v -0.06795734912157059 -0.17568278312683105 -0.038466598838567734
v -0.06482982635498047 -0.17666548490524292 -0.04015986993908882
v -0.06915763765573502 -0.1762101948261261 -0.034079499542713165
v -0.06701064109802246 -0.17446565628051758 -0.04228926822543144
v -0.07291065901517868 -0.17501111328601837 -0.031077789142727852
v -0.06745018064975739 -0.17065204679965973 -0.04293067008256912
v -0.04467847943305969 -0.18102455139160156 -0.04865185171365738
v -0.04684238135814667 -0.18133558332920074 -0.04503441974520683
v -0.04848220944404602 -0.18053770065307617 -0.046625059098005295
v -0.04848220944404602 -0.18053770065307617 -0.046625059098005295
v -0.04684238135814667 -0.18133558332920074 -0.04503441974520683
v -0.05022348091006279 -0.18098397552967072 -0.042802389711141586
v -0.04848220944404602 -0.18053770065307617 -0.046625059098005295
v -0.05022348091006279 -0.18098397552967072 -0.042802389711141586
v -0.052471909672021866 -0.17978939414024353 -0.04503441974520683
v -0.052471909672021866 -0.17978939414024353 -0.04503441974520683
v -0.05022348091006279 -0.18098397552967072 -0.042802389711141586
v -0.054179370403289795 -0.18048810958862305 -0.03980066999793053
v -0.052471909672021866 -0.17978939414024353 -0.04503441974520683
v -0.054179370403289795 -0.18048810958862305 -0.03980066999793053
v -0.05869312956929207 -0.17908167839050293 -0.03980066999793053
v -0.052471909672021866 -0.17978939414024353 -0.04503441974520683
v -0.05869312956929207 -0.17908167839050293 -0.03980066999793053
v -0.05869312956929207 -0.1776617169380188 -0.04552188888192177
v -0.05869312956929207 -0.1776617169380188 -0.04552188888192177
v -0.05869312956929207 -0.17908167839050293 -0.03980066999793053
v -0.06482982635498047 -0.17666548490524292 -0.04015986993908882
v -0.05869312956929207 -0.1776617169380188 -0.04552188888192177
v -0.06482982635498047 -0.17666548490524292 -0.04015986993908882
v -0.0630040392279625 -0.1759442239999771 -0.04552188888192177
v -0.09059380739927292 -0.14307765662670135 0.14327754080295563
v -0.09143909066915512 -0.14307765662670135 0.13817207515239716
v -0.09187863022089005 -0.1666535884141922 0.12603698670864105
v -0.09187863022089005 -0.1666535884141922 0.12603698670864105
v -0.09143909066915512 -0.14307765662670135 0.13817207515239716
v -0.09267318993806839 -0.1666535884141922 0.1203157901763916
v -0.09267318993806839 -0.1666535884141922 0.1203157901763916
v -0.09270700067281723 -0.16093766689300537 0.1203157901763916
v -0.09280843287706375 -0.1666535884141922 0.11459460109472275
v -0.09267318993806839 -0.1666535884141922 0.1203157901763916
v -0.09280843287706375 -0.1666535884141922 0.11459460109472275
v -0.09206458926200867 -0.17237402498722076 0.11459460109472275
v -0.09267318993806839 -0.1666535884141922 0.1203157901763916
v -0.09143909066915512 -0.14307765662670135 0.13817207515239716
v -0.092013880610466 -0.14307765662670135 0.1324508786201477
v -0.09267318993806839 -0.1666535884141922 0.1203157901763916
v -0.092013880610466 -0.14307765662670135 0.1324508786201477
v -0.09206458926200867 -0.14307765662670135 0.1317581832408905
v -0.09267318993806839 -0.1666535884141922 0.1203157901763916
v -0.09206458926200867 -0.14307765662670135 0.1317581832408905
v -0.09270700067281723 -0.16093766689300537 0.1203157901763916
v -0.09206458926200867 -0.17237402498722076 0.11459460109472275
v -0.09069523960351944 -0.1758134961128235 0.11459460109472275
v -0.09059380739927292 -0.17571432888507843 0.1203157901763916
v -0.08001097291707993 -0.155217245221138 -0.005499179940670729
v -0.07913187891244888 -0.16671670973300934 -0.011630860157310963
v -0.08001097291707993 -0.1666535884141922 -0.005499179940670729
v -0.08001097291707993 -0.155217245221138 -0.005499179940670729
v -0.08001097291707993 -0.1666535884141922 -0.005499179940670729
v -0.08063647150993347 -0.1666535884141922 0.00022202999389264733
v -0.08001097291707993 -0.155217245221138 -0.005499179940670729
v -0.08063647150993347 -0.1666535884141922 0.00022202999389264733
v -0.09022189676761627 -0.16993078589439392 0.08822067081928253
v -0.08001097291707993 -0.155217245221138 -0.005499179940670729
v -0.09022189676761627 -0.16993078589439392 0.08822067081928253
v -0.09181100875139236 -0.1666535884141922 0.10315220803022385
v -0.08001097291707993 -0.155217245221138 -0.005499179940670729
v -0.09181100875139236 -0.1666535884141922 0.10315220803022385
v -0.08124507963657379 -0.155217245221138 0.005943220108747482
v -0.08388233184814453 -0.18058277666568756 0.12603698670864105
v -0.08728033304214478 -0.17844606935977936 0.1203157901763916
v -0.08422043919563293 -0.18082168698310852 0.1203157901763916
v -0.08422043919563293 -0.18082168698310852 0.1203157901763916
v -0.08728033304214478 -0.17844606935977936 0.1203157901763916
v -0.08728033304214478 -0.17852722108364105 0.11459460109472275
v -0.08422043919563293 -0.18082168698310852 0.1203157901763916
v -0.08728033304214478 -0.17852722108364105 0.11459460109472275
v -0.08416972309350967 -0.1808081865310669 0.11459460109472275
v -0.09230127185583115 -0.14949679374694824 0.1088733971118927
v -0.08001097291707993 -0.155217245221138 -0.005499179940670729
v -0.08124507963657379 -0.155217245221138 0.005943220108747482
v -0.09230127185583115 -0.14949679374694824 0.1088733971118927
v -0.08124507963657379 -0.155217245221138 0.005943220108747482
v -0.09181100875139236 -0.1666535884141922 0.10315220803022385
v -0.09270700067281723 -0.14377638697624207 0.11459460109472275
v -0.09280843287706375 -0.1666535884141922 0.11459460109472275
v -0.09267318993806839 -0.14307765662670135 0.1203157901763916
v -0.09270700067281723 -0.14377638697624207 0.11459460109472275
v -0.09267318993806839 -0.14307765662670135 0.1203157901763916
v -0.09269010275602341 -0.14307765662670135 0.11528729647397995
v -0.09270700067281723 -0.14377638697624207 0.11459460109472275
v -0.09269010275602341 -0.14307765662670135 0.11528729647397995
v -0.09269010275602341 -0.14307765662670135 0.11459460109472275
v -0.09270700067281723 -0.14377638697624207 0.11459460109472275
v -0.09241960942745209 -0.1666535884141922 0.1088733971118927
v -0.09280843287706375 -0.1666535884141922 0.11459460109472275
v -0.08001097291707993 -0.155217245221138 -0.005499179940670729
v -0.07919950783252716 -0.155217245221138 -0.010835530236363411
v -0.07874306291341782 -0.16866858303546906 -0.014247720129787922
v -0.08001097291707993 -0.155217245221138 -0.005499179940670729
v -0.07874306291341782 -0.16866858303546906 -0.014247720129787922
v -0.07913187891244888 -0.16671670973300934 -0.011630860157310963
v -0.07608889043331146 -0.14949679374694824 -0.022662749513983727
v -0.07659605890512466 -0.155217245221138 -0.022662749513983727
v -0.07911498099565506 -0.14949679374694824 -0.010425030253827572
v -0.07911498099565506 -0.14949679374694824 -0.010425030253827572
v -0.07919950783252716 -0.155217245221138 -0.010835530236363411
v -0.08001097291707993 -0.155217245221138 -0.005499179940670729
v -0.07911498099565506 -0.14949679374694824 -0.010425030253827572
v -0.08001097291707993 -0.155217245221138 -0.005499179940670729
v -0.07980810850858688 -0.14949679374694824 -0.005499179940670729
v -0.07911498099565506 -0.14949679374694824 -0.010425030253827572
v -0.07659605890512466 -0.155217245221138 -0.022662749513983727
v -0.07796540856361389 -0.155217245221138 -0.01694156974554062
v -0.07911498099565506 -0.14949679374694824 -0.010425030253827572
v -0.07796540856361389 -0.155217245221138 -0.01694156974554062
v -0.07862471789121628 -0.155217245221138 -0.013683300465345383
v -0.07911498099565506 -0.14949679374694824 -0.010425030253827572
v -0.07862471789121628 -0.155217245221138 -0.013683300465345383
v -0.07919950783252716 -0.155217245221138 -0.010835530236363411
v -0.09230127185583115 -0.14949679374694824 0.1088733971118927
v -0.09181100875139236 -0.1666535884141922 0.10315220803022385
v -0.09241960942745209 -0.1666535884141922 0.1088733971118927
v -0.09230127185583115 -0.14949679374694824 0.1088733971118927
v -0.09241960942745209 -0.1666535884141922 0.1088733971118927
v -0.09270700067281723 -0.14377638697624207 0.11459460109472275
v -0.05296216905117035 -0.18331001698970795 -0.022662749513983727
v -0.05296216905117035 -0.18268342316150665 -0.02835828997194767
v -0.04724811017513275 -0.18402224779129028 -0.02835828997194767
v -0.04724811017513275 -0.18402224779129028 -0.02835828997194767
v -0.05296216905117035 -0.18268342316150665 -0.02835828997194767
v -0.04724811017513275 -0.18328747153282166 -0.034079499542713165
v -0.041534051299095154 -0.18364809453487396 -0.03980066999793053
v -0.04724811017513275 -0.18328747153282166 -0.034079499542713165
v -0.04724811017513275 -0.1823408305644989 -0.03980066999793053
v -0.041534051299095154 -0.18364809453487396 -0.03980066999793053
v -0.04724811017513275 -0.1823408305644989 -0.03980066999793053
v -0.041534051299095154 -0.18251213431358337 -0.04552188888192177
v -0.041534051299095154 -0.18251213431358337 -0.04552188888192177
v -0.04724811017513275 -0.1823408305644989 -0.03980066999793053
v -0.04684238135814667 -0.18133558332920074 -0.04503441974520683
v -0.04724811017513275 -0.18328747153282166 -0.034079499542713165
v -0.05330028012394905 -0.1817593276500702 -0.03425908088684082
v -0.04724811017513275 -0.1823408305644989 -0.03980066999793053
v -0.04724811017513275 -0.18328747153282166 -0.034079499542713165
v -0.05296216905117035 -0.18268342316150665 -0.02835828997194767
v -0.05330028012394905 -0.1817593276500702 -0.03425908088684082
v -0.04684238135814667 -0.18133558332920074 -0.04503441974520683
v -0.04724811017513275 -0.1823408305644989 -0.03980066999793053
v -0.05022348091006279 -0.18098397552967072 -0.042802389711141586
v -0.07012125849723816 -0.1791718304157257 -0.011220360174775124
v -0.07622414082288742 -0.17639951407909393 -0.010861190035939217
v -0.07012125849723816 -0.1786489188671112 -0.01694156974554062
v -0.06623298674821854 -0.18060532212257385 -0.011220360174775124
v -0.06548915058374405 -0.18037092685699463 -0.01694156974554062
v -0.06263212114572525 -0.18129952251911163 -0.01694156974554062
v -0.06263212114572525 -0.18129952251911163 -0.01694156974554062
v -0.06548915058374405 -0.18037092685699463 -0.01694156974554062
v -0.06198970973491669 -0.18109217286109924 -0.02099514938890934
v -0.06263212114572525 -0.18129952251911163 -0.01694156974554062
v -0.06198970973491669 -0.18109217286109924 -0.02099514938890934
v -0.05869312956929207 -0.1823859065771103 -0.01694156974554062
v -0.05869312956929207 -0.1823859065771103 -0.01694156974554062
v -0.06198970973491669 -0.18109217286109924 -0.02099514938890934
v -0.05909886956214905 -0.18170973658561707 -0.022791029885411263
v -0.05869312956929207 -0.1823859065771103 -0.01694156974554062
v -0.05909886956214905 -0.18170973658561707 -0.022791029885411263
v -0.05296216905117035 -0.18331001698970795 -0.022662749513983727
v -0.05869312956929207 -0.1823859065771103 -0.01694156974554062
v -0.05296216905117035 -0.18331001698970795 -0.022662749513983727
v -0.05296216905117035 -0.18377883732318878 -0.01694156974554062
v -0.05296216905117035 -0.18331001698970795 -0.022662749513983727
v -0.05909886956214905 -0.18170973658561707 -0.022791029885411263
v -0.05296216905117035 -0.18268342316150665 -0.02835828997194767
v -0.08383162319660187 -0.18062785267829895 0.1088733971118927
v -0.07875996828079224 -0.17527706921100616 -0.008731779642403126
v -0.07585222274065018 -0.17705315351486206 -0.005499179940670729
v -0.08383162319660187 -0.18062785267829895 0.1088733971118927
v -0.07585222274065018 -0.17705315351486206 -0.005499179940670729
v -0.08097457885742188 -0.1820613443851471 0.1088733971118927
v -0.08097457885742188 -0.1820613443851471 0.1088733971118927
v -0.07585222274065018 -0.17705315351486206 -0.005499179940670729
v -0.07585222274065018 -0.17743180692195892 0.00022202999389264733
v -0.08097457885742188 -0.1820613443851471 0.1088733971118927
v -0.07062841951847076 -0.18007339537143707 0.005943220108747482
v -0.07585222274065018 -0.18382391333580017 0.10315220803022385
v -0.07585222274065018 -0.17705315351486206 -0.005499179940670729
v -0.07875996828079224 -0.17527706921100616 -0.008731779642403126
v -0.07622414082288742 -0.17639951407909393 -0.010861190035939217
v -0.07585222274065018 -0.17705315351486206 -0.005499179940670729
v -0.07622414082288742 -0.17639951407909393 -0.010861190035939217
v -0.07012125849723816 -0.1791718304157257 -0.011220360174775124
v -0.07012125849723816 -0.1791718304157257 -0.011220360174775124
v -0.07012125849723816 -0.1786489188671112 -0.01694156974554062
v -0.06548915058374405 -0.18037092685699463 -0.01694156974554062
v -0.07012125849723816 -0.1791718304157257 -0.011220360174775124
v -0.06548915058374405 -0.18037092685699463 -0.01694156974554062
v -0.06623298674821854 -0.18060532212257385 -0.011220360174775124
v -0.09206458926200867 -0.17237402498722076 0.11459460109472275
v -0.09280843287706375 -0.1666535884141922 0.11459460109472275
v -0.09174338728189468 -0.17237402498722076 0.1088733971118927
v -0.09206458926200867 -0.17237402498722076 0.11459460109472275
v -0.09174338728189468 -0.17237402498722076 0.1088733971118927
v -0.09054309874773026 -0.17565572261810303 0.1088733971118927
v -0.09206458926200867 -0.17237402498722076 0.11459460109472275
v -0.09054309874773026 -0.17565572261810303 0.1088733971118927
v -0.09069523960351944 -0.1758134961128235 0.11459460109472275
v -0.09059380739927292 -0.17571432888507843 0.1203157901763916
v -0.09069523960351944 -0.1758134961128235 0.11459460109472275
v -0.08728033304214478 -0.17844606935977936 0.1203157901763916
v -0.08728033304214478 -0.17844606935977936 0.1203157901763916
v -0.09069523960351944 -0.1758134961128235 0.11459460109472275
v -0.08728033304214478 -0.17852722108364105 0.11459460109472275
v -0.08416972309350967 -0.1808081865310669 0.11459460109472275
v -0.08728033304214478 -0.17852722108364105 0.11459460109472275
v -0.08728033304214478 -0.17818912863731384 0.1088733971118927
v -0.08416972309350967 -0.1808081865310669 0.11459460109472275
v -0.08728033304214478 -0.17818912863731384 0.1088733971118927
v -0.08383162319660187 -0.18062785267829895 0.1088733971118927
v -0.08383162319660187 -0.18062785267829895 0.1088733971118927
v -0.08728033304214478 -0.17818912863731384 0.1088733971118927
v -0.07875996828079224 -0.17527706921100616 -0.008731779642403126
v -0.07659605890512466 -0.155217245221138 -0.022662749513983727
v -0.07468573749065399 -0.1666535884141922 -0.02835828997194767
v -0.07661297172307968 -0.1666535884141922 -0.022662749513983727
v -0.07659605890512466 -0.155217245221138 -0.022662749513983727
v -0.07661297172307968 -0.1666535884141922 -0.022662749513983727
v -0.07874306291341782 -0.16866858303546906 -0.014247720129787922
v -0.07659605890512466 -0.155217245221138 -0.022662749513983727
v -0.07874306291341782 -0.16866858303546906 -0.014247720129787922
v -0.07796540856361389 -0.155217245221138 -0.01694156974554062
v -0.07919950783252716 -0.155217245221138 -0.010835530236363411
v -0.07862471789121628 -0.155217245221138 -0.013683300465345383
v -0.07874306291341782 -0.16866858303546906 -0.014247720129787922
v -0.07796540856361389 -0.155217245221138 -0.01694156974554062
v -0.07874306291341782 -0.16866858303546906 -0.014247720129787922
v -0.07862471789121628 -0.155217245221138 -0.013683300465345383
v -0.09181100875139236 -0.1666535884141922 0.10315220803022385
v -0.09022189676761627 -0.16993078589439392 0.08822067081928253
v -0.09241960942745209 -0.1666535884141922 0.1088733971118927
v -0.09241960942745209 -0.1666535884141922 0.1088733971118927
v -0.09174338728189468 -0.17237402498722076 0.1088733971118927
v -0.09280843287706375 -0.1666535884141922 0.11459460109472275
v -0.09241960942745209 -0.1666535884141922 0.1088733971118927
v -0.09022189676761627 -0.16993078589439392 0.08822067081928253
v -0.09174338728189468 -0.17237402498722076 0.1088733971118927
v -0.07291065901517868 -0.17501111328601837 -0.031077789142727852
v -0.07837113738059998 -0.17368580400943756 -0.012528800405561924
v -0.07593674957752228 -0.17237402498722076 -0.022662749513983727
v -0.07291065901517868 -0.17501111328601837 -0.031077789142727852
v -0.07593674957752228 -0.17237402498722076 -0.022662749513983727
v -0.07399260997772217 -0.17281128466129303 -0.02884574979543686
v -0.07291065901517868 -0.17501111328601837 -0.031077789142727852
v -0.07399260997772217 -0.17281128466129303 -0.02884574979543686
v -0.07324876636266708 -0.17119748890399933 -0.0317705012857914
v -0.07191324234008789 -0.1666535884141922 -0.03474653884768486
v -0.07324876636266708 -0.17119748890399933 -0.0317705012857914
v -0.07328257709741592 -0.1666535884141922 -0.03187311068177223
v -0.07328257709741592 -0.1666535884141922 -0.03187311068177223
v -0.07324876636266708 -0.17119748890399933 -0.0317705012857914
v -0.07468573749065399 -0.1666535884141922 -0.02835828997194767
v -0.07328257709741592 -0.1666535884141922 -0.03187311068177223
v -0.07468573749065399 -0.1666535884141922 -0.02835828997194767
v -0.07460121065378189 -0.155217245221138 -0.02835828997194767
v -0.07328257709741592 -0.1666535884141922 -0.03187311068177223
v -0.07460121065378189 -0.155217245221138 -0.02835828997194767
v -0.07319805026054382 -0.155217245221138 -0.031744830310344696
v -0.07460121065378189 -0.155217245221138 -0.02835828997194767
v -0.07468573749065399 -0.1666535884141922 -0.02835828997194767
v -0.07659605890512466 -0.155217245221138 -0.022662749513983727
v -0.06745018064975739 -0.17065204679965973 -0.04293067008256912
v -0.07291065901517868 -0.17501111328601837 -0.031077789142727852
v -0.07324876636266708 -0.17119748890399933 -0.0317705012857914
v -0.06745018064975739 -0.17065204679965973 -0.04293067008256912
v -0.07324876636266708 -0.17119748890399933 -0.0317705012857914
v -0.07191324234008789 -0.1666535884141922 -0.03474653884768486
v -0.06745018064975739 -0.17065204679965973 -0.04293067008256912
v -0.07191324234008789 -0.1666535884141922 -0.03474653884768486
v -0.06924217194318771 -0.1666535884141922 -0.03980066999793053
v -0.06915763765573502 -0.1762101948261261 -0.034079499542713165
v -0.06440719962120056 -0.17827026546001434 -0.034079499542713165
v -0.0706622302532196 -0.17668801546096802 -0.02884574979543686
v -0.06915763765573502 -0.1762101948261261 -0.034079499542713165
v -0.0706622302532196 -0.17668801546096802 -0.02884574979543686
v -0.07291065901517868 -0.17501111328601837 -0.031077789142727852
v -0.07291065901517868 -0.17501111328601837 -0.031077789142727852
v -0.0706622302532196 -0.17668801546096802 -0.02884574979543686
v -0.07348544895648956 -0.17561516165733337 -0.027255110442638397
v -0.07291065901517868 -0.17501111328601837 -0.031077789142727852
v -0.07348544895648956 -0.17561516165733337 -0.027255110442638397
v -0.07875996828079224 -0.17527706921100616 -0.008731779642403126
v -0.07291065901517868 -0.17501111328601837 -0.031077789142727852
v -0.07875996828079224 -0.17527706921100616 -0.008731779642403126
v -0.07837113738059998 -0.17368580400943756 -0.012528800405561924
v -0.05022348091006279 -0.18098397552967072 -0.042802389711141586
v -0.04724811017513275 -0.1823408305644989 -0.03980066999793053
v -0.051322340965270996 -0.1812950074672699 -0.03980066999793053
v -0.05022348091006279 -0.18098397552967072 -0.042802389711141586
v -0.051322340965270996 -0.1812950074672699 -0.03980066999793053
v -0.054179370403289795 -0.18048810958862305 -0.03980066999793053
v -0.054179370403289795 -0.18048810958862305 -0.03980066999793053
v -0.051322340965270996 -0.1812950074672699 -0.03980066999793053
v -0.055413469672203064 -0.180830717086792 -0.036285869777202606
v -0.054179370403289795 -0.18048810958862305 -0.03980066999793053
v -0.055413469672203064 -0.180830717086792 -0.036285869777202606
v -0.05869312956929207 -0.17908167839050293 -0.03980066999793053
v -0.05869312956929207 -0.17908167839050293 -0.03980066999793053
v -0.055413469672203064 -0.180830717086792 -0.036285869777202606
v -0.058540988713502884 -0.18023568391799927 -0.03425908088684082
v -0.05869312956929207 -0.17908167839050293 -0.03980066999793053
v -0.058540988713502884 -0.18023568391799927 -0.03425908088684082
v -0.06440719962120056 -0.17827026546001434 -0.034079499542713165
v -0.05869312956929207 -0.17908167839050293 -0.03980066999793053
v -0.06440719962120056 -0.17827026546001434 -0.034079499542713165
v -0.06482982635498047 -0.17666548490524292 -0.04015986993908882
v -0.06482982635498047 -0.17666548490524292 -0.04015986993908882
v -0.06440719962120056 -0.17827026546001434 -0.034079499542713165
v -0.06915763765573502 -0.1762101948261261 -0.034079499542713165
v -0.08728033304214478 -0.17818912863731384 0.1088733971118927
v -0.09030642360448837 -0.1753987818956375 0.10315220803022385
v -0.09017118066549301 -0.17525902390480042 0.10002222657203674
v -0.08728033304214478 -0.17818912863731384 0.1088733971118927
v -0.09017118066549301 -0.17525902390480042 0.10002222657203674
v -0.08455854654312134 -0.17535820603370667 0.04724869877099991
v -0.08728033304214478 -0.17818912863731384 0.1088733971118927
v -0.08455854654312134 -0.17535820603370667 0.04724869877099991
v -0.07875996828079224 -0.17527706921100616 -0.008731779642403126
v -0.07875996828079224 -0.17527706921100616 -0.008731779642403126
v -0.0845247432589531 -0.1701967567205429 0.03652466833591461
v -0.07953762263059616 -0.17237402498722076 -0.005499179940670729
v -0.07875996828079224 -0.17527706921100616 -0.008731779642403126
v -0.07953762263059616 -0.17237402498722076 -0.005499179940670729
v -0.07896283268928528 -0.1720179170370102 -0.010861190035939217
v -0.07875996828079224 -0.17527706921100616 -0.008731779642403126
v -0.07896283268928528 -0.1720179170370102 -0.010861190035939217
v -0.07837113738059998 -0.17368580400943756 -0.012528800405561924
v -0.07875996828079224 -0.17527706921100616 -0.008731779642403126
v -0.07348544895648956 -0.17561516165733337 -0.027255110442638397
v -0.07411094754934311 -0.17600734531879425 -0.022662749513983727
v -0.07875996828079224 -0.17527706921100616 -0.008731779642403126
v -0.07411094754934311 -0.17600734531879425 -0.022662749513983727
v -0.07492241263389587 -0.1763724684715271 -0.01694156974554062
v -0.09270700067281723 -0.16093766689300537 0.1203157901763916
v -0.09206458926200867 -0.14307765662670135 0.1317581832408905
v -0.09235198050737381 -0.14307765662670135 0.12672969698905945
v -0.09270700067281723 -0.16093766689300537 0.1203157901763916
v -0.09235198050737381 -0.14307765662670135 0.12672969698905945
v -0.09270700067281723 -0.155217245221138 0.1203157901763916
v -0.09174338728189468 -0.17237402498722076 0.1088733971118927
v -0.09062761813402176 -0.17261745035648346 0.09784150868654251
v -0.08996830880641937 -0.17468653619289398 0.09619954973459244
v -0.09174338728189468 -0.17237402498722076 0.1088733971118927
v -0.08996830880641937 -0.17468653619289398 0.09619954973459244
v -0.09017118066549301 -0.17525902390480042 0.10002222657203674
v -0.09174338728189468 -0.17237402498722076 0.1088733971118927
v -0.09017118066549301 -0.17525902390480042 0.10002222657203674
v -0.09030642360448837 -0.1753987818956375 0.10315220803022385
v -0.09174338728189468 -0.17237402498722076 0.1088733971118927
v -0.09030642360448837 -0.1753987818956375 0.10315220803022385
v -0.09054309874773026 -0.17565572261810303 0.1088733971118927
v -0.09174338728189468 -0.17237402498722076 0.1088733971118927
v -0.0904078483581543 -0.17085038125514984 0.09170982241630554
v -0.09062761813402176 -0.17261745035648346 0.09784150868654251
v -0.09054309874773026 -0.17565572261810303 0.1088733971118927
v -0.09030642360448837 -0.1753987818956375 0.10315220803022385
v -0.08728033304214478 -0.17818912863731384 0.1088733971118927
v -0.08001097291707993 -0.1666535884141922 -0.005499179940670729
v -0.09022189676761627 -0.16993078589439392 0.08822067081928253
v -0.08063647150993347 -0.1666535884141922 0.00022202999389264733
v -0.08001097291707993 -0.1666535884141922 -0.005499179940670729
v -0.07874306291341782 -0.16987669467926025 -0.014247720129787922
v -0.07896283268928528 -0.1720179170370102 -0.010861190035939217
v -0.09022189676761627 -0.16993078589439392 0.08822067081928253
v -0.0904078483581543 -0.17085038125514984 0.09170982241630554
v -0.09174338728189468 -0.17237402498722076 0.1088733971118927
v -0.09022189676761627 -0.16993078589439392 0.08822067081928253
v -0.0845247432589531 -0.1701967567205429 0.03652466833591461
v -0.07875996828079224 -0.17527706921100616 -0.008731779642403126
v -0.09022189676761627 -0.16993078589439392 0.08822067081928253
v -0.07875996828079224 -0.17527706921100616 -0.008731779642403126
v -0.08438950031995773 -0.17510578036308289 0.04345167055726051
v -0.09022189676761627 -0.16993078589439392 0.08822067081928253
v -0.08438950031995773 -0.17510578036308289 0.04345167055726051
v -0.0904078483581543 -0.17085038125514984 0.09170982241630554
v -0.08728033304214478 -0.17852722108364105 0.11459460109472275
v -0.09069523960351944 -0.1758134961128235 0.11459460109472275
v -0.09054309874773026 -0.17565572261810303 0.1088733971118927
v -0.08728033304214478 -0.17852722108364105 0.11459460109472275
v -0.09054309874773026 -0.17565572261810303 0.1088733971118927
v -0.08728033304214478 -0.17818912863731384 0.1088733971118927
v -0.09280843287706375 -0.1666535884141922 0.11459460109472275
v -0.09270700067281723 -0.16093766689300537 0.1203157901763916
v -0.09270700067281723 -0.155217245221138 0.1203157901763916
v -0.09280843287706375 -0.1666535884141922 0.11459460109472275
v -0.09270700067281723 -0.155217245221138 0.1203157901763916
v -0.09267318993806839 -0.14307765662670135 0.1203157901763916
v -0.09267318993806839 -0.14307765662670135 0.1203157901763916
v -0.09270700067281723 -0.155217245221138 0.1203157901763916
v -0.09263937920331955 -0.14307765662670135 0.12100850045681
v -0.07874306291341782 -0.16866858303546906 -0.014247720129787922
v -0.07874306291341782 -0.16987669467926025 -0.014247720129787922
v -0.07913187891244888 -0.16671670973300934 -0.011630860157310963
v -0.07874306291341782 -0.16866858303546906 -0.014247720129787922
v -0.07661297172307968 -0.1666535884141922 -0.022662749513983727
v -0.07874306291341782 -0.16987669467926025 -0.014247720129787922
v -0.07913187891244888 -0.16671670973300934 -0.011630860157310963
v -0.07874306291341782 -0.16987669467926025 -0.014247720129787922
v -0.08001097291707993 -0.1666535884141922 -0.005499179940670729
v -0.08001097291707993 -0.1666535884141922 -0.005499179940670729
v -0.07896283268928528 -0.1720179170370102 -0.010861190035939217
v -0.0845247432589531 -0.1701967567205429 0.03652466833591461
v -0.08001097291707993 -0.1666535884141922 -0.005499179940670729
v -0.0845247432589531 -0.1701967567205429 0.03652466833591461
v -0.09022189676761627 -0.16993078589439392 0.08822067081928253
v -0.0706622302532196 -0.17668801546096802 -0.02884574979543686
v -0.07012125849723816 -0.17797726392745972 -0.022662749513983727
v -0.07348544895648956 -0.17561516165733337 -0.027255110442638397
v -0.07348544895648956 -0.17561516165733337 -0.027255110442638397
v -0.07012125849723816 -0.17797726392745972 -0.022662749513983727
v -0.07411094754934311 -0.17600734531879425 -0.022662749513983727
v -0.07837113738059998 -0.17368580400943756 -0.012528800405561924
v -0.07874306291341782 -0.16987669467926025 -0.014247720129787922
v -0.07772873342037201 -0.1720179170370102 -0.01647976040840149
v -0.07837113738059998 -0.17368580400943756 -0.012528800405561924
v -0.07772873342037201 -0.1720179170370102 -0.01647976040840149
v -0.07593674957752228 -0.17237402498722076 -0.022662749513983727
v -0.07837113738059998 -0.17368580400943756 -0.012528800405561924
v -0.07896283268928528 -0.1720179170370102 -0.010861190035939217
v -0.07874306291341782 -0.16987669467926025 -0.014247720129787922
v -0.07593674957752228 -0.17237402498722076 -0.022662749513983727
v -0.07772873342037201 -0.1720179170370102 -0.01647976040840149
v -0.07874306291341782 -0.16987669467926025 -0.014247720129787922
v -0.07593674957752228 -0.17237402498722076 -0.022662749513983727
v -0.07874306291341782 -0.16987669467926025 -0.014247720129787922
v -0.07661297172307968 -0.1666535884141922 -0.022662749513983727
v -0.07593674957752228 -0.17237402498722076 -0.022662749513983727
v -0.07661297172307968 -0.1666535884141922 -0.022662749513983727
v -0.07399260997772217 -0.17281128466129303 -0.02884574979543686
v -0.055413469672203064 -0.180830717086792 -0.036285869777202606
v -0.05654614046216011 -0.181168794631958 -0.032463189214468
v -0.058540988713502884 -0.18023568391799927 -0.03425908088684082
v -0.058540988713502884 -0.18023568391799927 -0.03425908088684082
v -0.05654614046216011 -0.181168794631958 -0.032463189214468
v -0.06043440103530884 -0.1806098371744156 -0.02835828997194767
v -0.058540988713502884 -0.18023568391799927 -0.03425908088684082
v -0.06043440103530884 -0.1806098371744156 -0.02835828997194767
v -0.06440719962120056 -0.17928001284599304 -0.02835828997194767
v -0.058540988713502884 -0.18023568391799927 -0.03425908088684082
v -0.06440719962120056 -0.17928001284599304 -0.02835828997194767
v -0.06440719962120056 -0.17827026546001434 -0.034079499542713165
v -0.06440719962120056 -0.17827026546001434 -0.034079499542713165
v -0.06440719962120056 -0.17928001284599304 -0.02835828997194767
v -0.0706622302532196 -0.17668801546096802 -0.02884574979543686
v -0.07324876636266708 -0.17119748890399933 -0.0317705012857914
v -0.07399260997772217 -0.17281128466129303 -0.02884574979543686
v -0.07661297172307968 -0.1666535884141922 -0.022662749513983727
v -0.07324876636266708 -0.17119748890399933 -0.0317705012857914
v -0.07661297172307968 -0.1666535884141922 -0.022662749513983727
v -0.07468573749065399 -0.1666535884141922 -0.02835828997194767
v -0.0706622302532196 -0.17668801546096802 -0.02884574979543686
v -0.06440719962120056 -0.17928001284599304 -0.02835828997194767
v -0.07012125849723816 -0.17797726392745972 -0.022662749513983727
v -0.06198970973491669 -0.18109217286109924 -0.02099514938890934
v -0.06126277148723602 -0.1808667629957199 -0.024792170152068138
v -0.05909886956214905 -0.18170973658561707 -0.022791029885411263
v -0.05909886956214905 -0.18170973658561707 -0.022791029885411263
v -0.06126277148723602 -0.1808667629957199 -0.024792170152068138
v -0.05757737159729004 -0.1814708262681961 -0.02835828997194767
v -0.05909886956214905 -0.18170973658561707 -0.022791029885411263
v -0.05757737159729004 -0.1814708262681961 -0.02835828997194767
v -0.05296216905117035 -0.18268342316150665 -0.02835828997194767
v -0.05296216905117035 -0.18268342316150665 -0.02835828997194767
v -0.05757737159729004 -0.1814708262681961 -0.02835828997194767
v -0.05654614046216011 -0.181168794631958 -0.032463189214468
v -0.05296216905117035 -0.18268342316150665 -0.02835828997194767
v -0.05654614046216011 -0.181168794631958 -0.032463189214468
v -0.05330028012394905 -0.1817593276500702 -0.03425908088684082
v -0.04724811017513275 -0.1823408305644989 -0.03980066999793053
v -0.05330028012394905 -0.1817593276500702 -0.03425908088684082
v -0.051322340965270996 -0.1812950074672699 -0.03980066999793053
v -0.05330028012394905 -0.1817593276500702 -0.03425908088684082
v -0.055413469672203064 -0.180830717086792 -0.036285869777202606
v -0.051322340965270996 -0.1812950074672699 -0.03980066999793053
v -0.05330028012394905 -0.1817593276500702 -0.03425908088684082
v -0.05654614046216011 -0.181168794631958 -0.032463189214468
v -0.055413469672203064 -0.180830717086792 -0.036285869777202606
v -0.07875996828079224 -0.17527706921100616 -0.008731779642403126
v -0.07492241263389587 -0.1763724684715271 -0.01694156974554062
v -0.07622414082288742 -0.17639951407909393 -0.010861190035939217
v -0.07875996828079224 -0.17527706921100616 -0.008731779642403126
v -0.08455854654312134 -0.17535820603370667 0.04724869877099991
v -0.08438950031995773 -0.17510578036308289 0.04345167055726051
v -0.07622414082288742 -0.17639951407909393 -0.010861190035939217
v -0.07492241263389587 -0.1763724684715271 -0.01694156974554062
v -0.07012125849723816 -0.1786489188671112 -0.01694156974554062
v -0.07012125849723816 -0.1786489188671112 -0.01694156974554062
v -0.07492241263389587 -0.1763724684715271 -0.01694156974554062
v -0.07012125849723816 -0.17797726392745972 -0.022662749513983727
v -0.07012125849723816 -0.1786489188671112 -0.01694156974554062
v -0.07012125849723816 -0.17797726392745972 -0.022662749513983727
v -0.06548915058374405 -0.18037092685699463 -0.01694156974554062
v -0.06548915058374405 -0.18037092685699463 -0.01694156974554062
v -0.07012125849723816 -0.17797726392745972 -0.022662749513983727
v -0.064102903008461 -0.18018609285354614 -0.022791029885411263
v -0.06548915058374405 -0.18037092685699463 -0.01694156974554062
v -0.064102903008461 -0.18018609285354614 -0.022791029885411263
v -0.06198970973491669 -0.18109217286109924 -0.02099514938890934
v -0.06198970973491669 -0.18109217286109924 -0.02099514938890934
v -0.064102903008461 -0.18018609285354614 -0.022791029885411263
v -0.06126277148723602 -0.1808667629957199 -0.024792170152068138
v 0.07284855842590332 -0.17827476561069489 0.00022202999389264733
v 0.06791214644908905 -0.1802176535129547 -0.005499179940670729
v 0.07284855842590332 -0.17821165919303894 -0.005499179940670729
v 0.07284855842590332 -0.17827476561069489 0.00022202999389264733
v 0.07284855842590332 -0.178162083029747 0.005943220108747482
v 0.06794595718383789 -0.1802401840686798 0.00022202999389264733
v 0.07284855842590332 -0.17821165919303894 -0.005499179940670729
v 0.06791214644908905 -0.1802176535129547 -0.005499179940670729
v 0.06762474775314331 -0.18008241057395935 -0.011220360174775124
v 0.07284855842590332 -0.17821165919303894 -0.005499179940670729
v 0.06762474775314331 -0.18008241057395935 -0.011220360174775124
v 0.07284855842590332 -0.17793668806552887 -0.011220360174775124
v 0.07284855842590332 -0.178162083029747 0.005943220108747482
v 0.06776001304388046 -0.1801815927028656 0.005943220108747482
v 0.06794595718383789 -0.1802401840686798 0.00022202999389264733
v 0.07284855842590332 -0.178162083029747 0.005943220108747482
v 0.07284855842590332 -0.17789612710475922 0.011664420366287231
v 0.06776001304388046 -0.1801815927028656 0.005943220108747482
v 0.07284855842590332 -0.17793668806552887 -0.011220360174775124
v 0.06762474775314331 -0.18008241057395935 -0.011220360174775124
v 0.07284855842590332 -0.17744983732700348 -0.01694156974554062
v 0.07626347243785858 -0.17569629848003387 0.017385609447956085
v 0.0759422704577446 -0.17543934285640717 0.021182630211114883
v 0.07284855842590332 -0.17741377651691437 0.017385609447956085
v 0.07891763001680374 -0.155217245221138 0.011664420366287231
v 0.07768353074789047 -0.14949679374694824 0.017385609447956085
v 0.07798782736063004 -0.155217245221138 0.017385609447956085
v 0.07891763001680374 -0.155217245221138 0.011664420366287231
v 0.07798782736063004 -0.155217245221138 0.017385609447956085
v 0.07901906222105026 -0.1666535884141922 0.011664420366287231
v 0.07901906222105026 -0.1666535884141922 0.011664420366287231
v 0.07798782736063004 -0.155217245221138 0.017385609447956085
v 0.07802163809537888 -0.1666535884141922 0.017385609447956085
v 0.07901906222105026 -0.1666535884141922 0.011664420366287231
v 0.07802163809537888 -0.1666535884141922 0.017385609447956085
v 0.077446848154068 -0.17237402498722076 0.017385609447956085
v 0.07901906222105026 -0.1666535884141922 0.011664420366287231
v 0.077446848154068 -0.17237402498722076 0.017385609447956085
v 0.07834284752607346 -0.17237402498722076 0.011664420366287231
v 0.07834284752607346 -0.17237402498722076 0.011664420366287231
v 0.077446848154068 -0.17237402498722076 0.017385609447956085
v 0.0759422704577446 -0.17543934285640717 0.021182630211114883
v 0.07834284752607346 -0.17237402498722076 0.011664420366287231
v 0.0759422704577446 -0.17543934285640717 0.021182630211114883
v 0.07626347243785858 -0.17569629848003387 0.017385609447956085
v 0.07284855842590332 -0.17827476561069489 0.00022202999389264733
v 0.06794595718383789 -0.1802401840686798 0.00022202999389264733
v 0.06791214644908905 -0.1802176535129547 -0.005499179940670729
v -0.064102903008461 -0.18018609285354614 -0.022791029885411263
v -0.06440719962120056 -0.17928001284599304 -0.02835828997194767
v -0.06126277148723602 -0.1808667629957199 -0.024792170152068138
v -0.06126277148723602 -0.1808667629957199 -0.024792170152068138
v -0.06440719962120056 -0.17928001284599304 -0.02835828997194767
v -0.06043440103530884 -0.1806098371744156 -0.02835828997194767
v -0.06126277148723602 -0.1808667629957199 -0.024792170152068138
v -0.06043440103530884 -0.1806098371744156 -0.02835828997194767
v -0.05757737159729004 -0.1814708262681961 -0.02835828997194767
v -0.05757737159729004 -0.1814708262681961 -0.02835828997194767
v -0.06043440103530884 -0.1806098371744156 -0.02835828997194767
v -0.05654614046216011 -0.181168794631958 -0.032463189214468
v 0.07906977832317352 -0.14949679374694824 0.005943220108747482
v 0.07655086368322372 -0.14589053392410278 0.017385609447956085
v 0.078461192548275 -0.14949679374694824 0.011664420366287231
v 0.07988125085830688 -0.1666535884141922 0.00022202999389264733
v 0.07893452793359756 -0.17237402498722076 -0.005499179940670729
v 0.0796445682644844 -0.1666535884141922 -0.005499179940670729
v 0.07988125085830688 -0.1666535884141922 0.00022202999389264733
v 0.0796445682644844 -0.1666535884141922 -0.005499179940670729
v 0.07962766289710999 -0.155217245221138 -0.005499179940670729
v 0.07988125085830688 -0.1666535884141922 0.00022202999389264733
v 0.07962766289710999 -0.155217245221138 -0.005499179940670729
v 0.07984743267297745 -0.155217245221138 0.00022202999389264733
v -0.09270700067281723 -0.155217245221138 0.1203157901763916
v -0.09235198050737381 -0.14307765662670135 0.12672969698905945
v -0.09263937920331955 -0.14307765662670135 0.12100850045681
v -0.07896283268928528 -0.1720179170370102 -0.010861190035939217
v -0.07953762263059616 -0.17237402498722076 -0.005499179940670729
v -0.0845247432589531 -0.1701967567205429 0.03652466833591461
v -0.0904078483581543 -0.17085038125514984 0.09170982241630554
v -0.08438950031995773 -0.17510578036308289 0.04345167055726051
v -0.09062761813402176 -0.17261745035648346 0.09784150868654251
v -0.08438950031995773 -0.17510578036308289 0.04345167055726051
v -0.08455854654312134 -0.17535820603370667 0.04724869877099991
v -0.09017118066549301 -0.17525902390480042 0.10002222657203674
v -0.08438950031995773 -0.17510578036308289 0.04345167055726051
v -0.09017118066549301 -0.17525902390480042 0.10002222657203674
v -0.08996830880641937 -0.17468653619289398 0.09619954973459244
v -0.08438950031995773 -0.17510578036308289 0.04345167055726051
v -0.08996830880641937 -0.17468653619289398 0.09619954973459244
v -0.09062761813402176 -0.17261745035648346 0.09784150868654251
v -0.07411094754934311 -0.17600734531879425 -0.022662749513983727
v -0.07012125849723816 -0.17797726392745972 -0.022662749513983727
v -0.07492241263389587 -0.1763724684715271 -0.01694156974554062
v -0.07012125849723816 -0.17797726392745972 -0.022662749513983727
v -0.06440719962120056 -0.17928001284599304 -0.02835828997194767
v -0.064102903008461 -0.18018609285354614 -0.022791029885411263
v 0.07714255154132843 -0.14574629068374634 0.00022202999389264733
v 0.07284855842590332 -0.14486275613307953 -0.011220360174775124
v 0.07284855842590332 -0.144858255982399 -0.005499179940670729
v 0.07714255154132843 -0.14574629068374634 0.00022202999389264733
v 0.07284855842590332 -0.144858255982399 -0.005499179940670729
v 0.07284855842590332 -0.144858255982399 0.005943220108747482
v 0.07714255154132843 -0.14574629068374634 0.00022202999389264733
v 0.07284855842590332 -0.144858255982399 0.005943220108747482
v 0.07284855842590332 -0.14486727118492126 0.011664420366287231
v 0.07714255154132843 -0.14574629068374634 0.00022202999389264733
v 0.07284855842590332 -0.14486727118492126 0.011664420366287231
v 0.07709184288978577 -0.14574629068374634 0.005943220108747482
v 0.07709184288978577 -0.14574629068374634 0.005943220108747482
v 0.07284855842590332 -0.14486727118492126 0.011664420366287231
v 0.07685516029596329 -0.14575982093811035 0.011664420366287231
v 0.07685516029596329 -0.14575982093811035 0.011664420366287231
v 0.07284855842590332 -0.14486727118492126 0.011664420366287231
v 0.07284855842590332 -0.1449979990720749 0.017385609447956085
v 0.07685516029596329 -0.14575982093811035 0.011664420366287231
v 0.07284855842590332 -0.1449979990720749 0.017385609447956085
v 0.07655086368322372 -0.14589053392410278 0.017385609447956085
v 0.07655086368322372 -0.14589053392410278 0.017385609447956085
v 0.07284855842590332 -0.1449979990720749 0.017385609447956085
v 0.07171589136123657 -0.14574629068374634 0.028828000649809837
v 0.07609441131353378 -0.14625118672847748 -0.021559569984674454
v 0.0701436772942543 -0.14647656679153442 -0.03726077079772949
v 0.0707353726029396 -0.14607085287570953 -0.034079499542713165
v 0.07609441131353378 -0.14625118672847748 -0.021559569984674454
v 0.0707353726029396 -0.14607085287570953 -0.034079499542713165
v 0.0719863772392273 -0.14574629068374634 -0.02835828997194767
v 0.07609441131353378 -0.14625118672847748 -0.021559569984674454
v 0.0719863772392273 -0.14574629068374634 -0.02835828997194767
v 0.07653395086526871 -0.14590857923030853 -0.01694156974554062
v 0.07653395086526871 -0.14590857923030853 -0.01694156974554062
v 0.0719863772392273 -0.14574629068374634 -0.02835828997194767
v 0.07284855842590332 -0.14502054452896118 -0.01694156974554062
v 0.07653395086526871 -0.14590857923030853 -0.01694156974554062
v 0.07284855842590332 -0.14502054452896118 -0.01694156974554062
v 0.07690587639808655 -0.14575080573558807 -0.011220360174775124
v 0.07690587639808655 -0.14575080573558807 -0.011220360174775124
v 0.07284855842590332 -0.14502054452896118 -0.01694156974554062
v 0.07284855842590332 -0.14486275613307953 -0.011220360174775124
v 0.07690587639808655 -0.14575080573558807 -0.011220360174775124
v 0.07284855842590332 -0.14486275613307953 -0.011220360174775124
v 0.07705803215503693 -0.14574629068374634 -0.005499179940670729
v 0.07705803215503693 -0.14574629068374634 -0.005499179940670729
v 0.07284855842590332 -0.14486275613307953 -0.011220360174775124
v 0.07714255154132843 -0.14574629068374634 0.00022202999389264733
v 0.07805544883012772 -0.1666535884141922 -0.01694156974554062
v 0.07661847770214081 -0.16093766689300537 -0.022662749513983727
v 0.07661847770214081 -0.155217245221138 -0.022662749513983727
v 0.07805544883012772 -0.1666535884141922 -0.01694156974554062
v 0.07661847770214081 -0.155217245221138 -0.022662749513983727
v 0.07797092199325562 -0.155217245221138 -0.01694156974554062
v 0.07797092199325562 -0.155217245221138 -0.01694156974554062
v 0.07661847770214081 -0.155217245221138 -0.022662749513983727
v 0.07579010725021362 -0.15097086131572723 -0.0256901104003191
v 0.07797092199325562 -0.155217245221138 -0.01694156974554062
v 0.07579010725021362 -0.15097086131572723 -0.0256901104003191
v 0.07629728317260742 -0.14923985302448273 -0.023150209337472916
v 0.07797092199325562 -0.155217245221138 -0.01694156974554062
v 0.07629728317260742 -0.14923985302448273 -0.023150209337472916
v 0.07766663283109665 -0.14949679374694824 -0.01694156974554062
v 0.07766663283109665 -0.14949679374694824 -0.01694156974554062
v 0.07629728317260742 -0.14923985302448273 -0.023150209337472916
v 0.07562106102705002 -0.14715725183486938 -0.025382250547409058
v 0.07766663283109665 -0.14949679374694824 -0.01694156974554062
v 0.07562106102705002 -0.14715725183486938 -0.025382250547409058
v 0.07609441131353378 -0.14625118672847748 -0.021559569984674454
v 0.07609441131353378 -0.14625118672847748 -0.021559569984674454
v 0.07562106102705002 -0.14715725183486938 -0.025382250547409058
v 0.0701436772942543 -0.14647656679153442 -0.03726077079772949
v 0.0759422704577446 -0.1754438579082489 -0.020764250308275223
v 0.07000842690467834 -0.17525002360343933 -0.03700422868132591
v 0.07533366978168488 -0.1735731065273285 -0.024561269208788872
v 0.0759422704577446 -0.1754438579082489 -0.020764250308275223
v 0.07533366978168488 -0.1735731065273285 -0.024561269208788872
v 0.0761958509683609 -0.17194578051567078 -0.022662749513983727
v 0.0759422704577446 -0.1754438579082489 -0.020764250308275223
v 0.0761958509683609 -0.17194578051567078 -0.022662749513983727
v 0.07749757170677185 -0.17237402498722076 -0.01694156974554062
v 0.07749757170677185 -0.17237402498722076 -0.01694156974554062
v 0.0761958509683609 -0.17194578051567078 -0.022662749513983727
v 0.07573939114809036 -0.16975949704647064 -0.025587480515241623
v 0.07749757170677185 -0.17237402498722076 -0.01694156974554062
v 0.07573939114809036 -0.16975949704647064 -0.025587480515241623
v 0.07805544883012772 -0.1666535884141922 -0.01694156974554062
v 0.07805544883012772 -0.1666535884141922 -0.01694156974554062
v 0.07573939114809036 -0.16975949704647064 -0.025587480515241623
v 0.07660157978534698 -0.1666535884141922 -0.022662749513983727
v 0.07805544883012772 -0.1666535884141922 -0.01694156974554062
v 0.07660157978534698 -0.1666535884141922 -0.022662749513983727
v 0.07582393288612366 -0.16093766689300537 -0.025792749598622322
v 0.07805544883012772 -0.1666535884141922 -0.01694156974554062
v 0.07582393288612366 -0.16093766689300537 -0.025792749598622322
v 0.07661847770214081 -0.16093766689300537 -0.022662749513983727
v 0.0788838192820549 -0.17237402498722076 0.005943220108747482
v 0.07834284752607346 -0.17237402498722076 0.011664420366287231
v 0.07626347243785858 -0.17569629848003387 0.017385609447956085
v 0.07901906222105026 -0.14949679374694824 -0.005499179940670729
v 0.07690587639808655 -0.14575080573558807 -0.011220360174775124
v 0.0792219266295433 -0.14949679374694824 0.00022202999389264733
v 0.0792219266295433 -0.14949679374694824 0.00022202999389264733
v 0.07690587639808655 -0.14575080573558807 -0.011220360174775124
v 0.07705803215503693 -0.14574629068374634 -0.005499179940670729
v 0.0792219266295433 -0.14949679374694824 0.00022202999389264733
v 0.07705803215503693 -0.14574629068374634 -0.005499179940670729
v 0.07714255154132843 -0.14574629068374634 0.00022202999389264733
v 0.0792219266295433 -0.14949679374694824 0.00022202999389264733
v 0.07714255154132843 -0.14574629068374634 0.00022202999389264733
v 0.07709184288978577 -0.14574629068374634 0.005943220108747482
v 0.0792219266295433 -0.14949679374694824 0.00022202999389264733
v 0.07709184288978577 -0.14574629068374634 0.005943220108747482
v 0.07906977832317352 -0.14949679374694824 0.005943220108747482
v 0.07906977832317352 -0.14949679374694824 0.005943220108747482
v 0.07709184288978577 -0.14574629068374634 0.005943220108747482
v 0.07685516029596329 -0.14575982093811035 0.011664420366287231
v 0.07906977832317352 -0.14949679374694824 0.005943220108747482
v 0.07685516029596329 -0.14575982093811035 0.011664420366287231
v 0.07655086368322372 -0.14589053392410278 0.017385609447956085
v 0.07284855842590332 -0.17789612710475922 0.011664420366287231
v 0.06676256656646729 -0.18022215366363525 0.012151859700679779
v 0.06776001304388046 -0.1801815927028656 0.005943220108747482
v 0.07704111933708191 -0.1761290431022644 0.00022202999389264733
v 0.07284855842590332 -0.178162083029747 0.005943220108747482
v 0.07284855842590332 -0.17827476561069489 0.00022202999389264733
v 0.07695659250020981 -0.17608848214149475 -0.005499179940670729
v 0.07284855842590332 -0.17821165919303894 -0.005499179940670729
v 0.07284855842590332 -0.17793668806552887 -0.011220360174775124
v 0.07695659250020981 -0.17608848214149475 -0.005499179940670729
v 0.07284855842590332 -0.17793668806552887 -0.011220360174775124
v 0.07668610662221909 -0.17594873905181885 -0.011220360174775124
usemtl DefaultMaterial
f 1 2 3
f 4 5 6
f 7 8 9
f 10 11 12
f 13 14 15
f 16 17 18
f 19 20 21
f 22 23 24
f 25 26 27
f 28 29 30
f 31 32 33
f 34 35 36
f 37 38 39
f 40 41 42
f 43 44 45
f 46 47 48
f 49 50 51
f 52 53 54
f 55 56 57
f 58 59 60
f 61 62 63
f 64 65 66
f 67 68 69
f 70 71 72
f 73 74 75
f 76 77 78
f 79 80 81
f 82 83 84
f 85 86 87
f 88 89 90
f 91 92 93
f 94 95 96
f 97 98 99
f 100 101 102
f 103 104 105
f 106 107 108
f 109 110 111
f 112 113 114
f 115 116 117
f 118 119 120
f 121 122 123
f 124 125 126
f 127 128 129
f 130 131 132
f 133 134 135
f 136 137 138
f 139 140 141
f 142 143 144
f 145 146 147
f 148 149 150
f 151 152 153
f 154 155 156
f 157 158 159
f 160 161 162
f 163 164 165
f 166 167 168
f 169 170 171
f 172 173 174
f 175 176 177
f 178 179 180
f 181 182 183
f 184 185 186
f 187 188 189
f 190 191 192
f 193 194 195
f 196 197 198
f 199 200 201
f 202 203 204
f 205 206 207
f 208 209 210
f 211 212 213
f 214 215 216
f 217 218 219
f 220 221 222
f 223 224 225
f 226 227 228
f 229 230 231
f 232 233 234
f 235 236 237
f 238 239 240
f 241 242 243
f 244 245 246
f 247 248 249
f 250 251 252
f 253 254 255
f 256 257 258
f 259 260 261
f 262 263 264
f 265 266 267
f 268 269 270
f 271 272 273
f 274 275 276
f 277 278 279
f 280 281 282
f 283 284 285
f 286 287 288
f 289 290 291
f 292 293 294
f 295 296 297
f 298 299 300
f 301 302 303
f 304 305 306
f 307 308 309
f 310 311 312
f 313 314 315
f 316 317 318
f 319 320 321
f 322 323 324
f 325 326 327
f 328 329 330
f 331 332 333
f 334 335 336
f 337 338 339
f 340 341 342
f 343 344 345
f 346 347 348
f 349 350 351
f 352 353 354
f 355 356 357
f 358 359 360
f 361 362 363
f 364 365 366
f 367 368 369
f 370 371 372
f 373 374 375
f 376 377 378
f 379 380 381
f 382 383 384
f 385 386 387
f 388 389 390
f 391 392 393
f 394 395 396
f 397 398 399
f 400 401 402
f 403 404 405
f 406 407 408
f 409 410 411
f 412 413 414
f 415 416 417
f 418 419 420
f 421 422 423
f 424 425 426
f 427 428 429
f 430 431 432
f 433 434 435
f 436 437 438
f 439 440 441
f 442 443 444
f 445 446 447
f 448 449 450
f 451 452 453
f 454 455 456
f 457 458 459
f 460 461 462
f 463 464 465
f 466 467 468
f 469 470 471
f 472 473 474
f 475 476 477
f 478 479 480
f 481 482 483
f 484 485 486
f 487 488 489
f 490 491 492
f 493 494 495
f 496 497 498
f 499 500 501
f 502 503 504
f 505 506 507
f 508 509 510
f 511 512 513
f 514 515 516
f 517 518 519
f 520 521 522
f 523 524 525
f 526 527 528
f 529 530 531
f 532 533 534
f 535 536 537
f 538 539 540
f 541 542 543
f 544 545 546
f 547 548 549
f 550 551 552
f 553 554 555
f 556 557 558
f 559 560 561
f 562 563 564
f 565 566 567
f 568 569 570
f 571 572 573
f 574 575 576
f 577 578 579
f 580 581 582
f 583 584 585
f 586 587 588
f 589 590 591
f 592 593 594
f 595 596 597
f 598 599 600
f 601 602 603
f 604 605 606
f 607 608 609
f 610 611 612
f 613 614 615
f 616 617 618
f 619 620 621
f 622 623 624
f 625 626 627
f 628 629 630
f 631 632 633
f 634 635 636
f 637 638 639
f 640 641 642
f 643 644 645
f 646 647 648
f 649 650 651
f 652 653 654
f 655 656 657
f 658 659 660
f 661 662 663
f 664 665 666
f 667 668 669
f 670 671 672
f 673 674 675
f 676 677 678
f 679 680 681
f 682 683 684
f 685 686 687
f 688 689 690
f 691 692 693
f 694 695 696
f 697 698 699
f 700 701 702
f 703 704 705
f 706 707 708
f 709 710 711
f 712 713 714
f 715 716 717
f 718 719 720
f 721 722 723
f 724 725 726
f 727 728 729
f 730 731 732
f 733 734 735
f 736 737 738
f 739 740 741
f 742 743 744
f 745 746 747
f 748 749 750
f 751 752 753
f 754 755 756
f 757 758 759
f 760 761 762
f 763 764 765
f 766 767 768
f 769 770 771
f 772 773 774
f 775 776 777
f 778 779 780
f 781 782 783
f 784 785 786
f 787 788 789
f 790 791 792
f 793 794 795
f 796 797 798
f 799 800 801
f 802 803 804
f 805 806 807
f 808 809 810
f 811 812 813
f 814 815 816
f 817 818 819
f 820 821 822
f 823 824 825
f 826 827 828
f 829 830 831
f 832 833 834
f 835 836 837
f 838 839 840
f 841 842 843
f 844 845 846
f 847 848 849
f 850 851 852
f 853 854 855
f 856 857 858
f 859 860 861
f 862 863 864
f 865 866 867
f 868 869 870
f 871 872 873
f 874 875 876
f 877 878 879
f 880 881 882
f 883 884 885
f 886 887 888
f 889 890 891
f 892 893 894
f 895 896 897
f 898 899 900
f 901 902 903
f 904 905 906
f 907 908 909
f 910 911 912
f 913 914 915
f 916 917 918
f 919 920 921
f 922 923 924
f 925 926 927
f 928 929 930
f 931 932 933
f 934 935 936
f 937 938 939
f 940 941 942
f 943 944 945
f 946 947 948
f 949 950 951
f 952 953 954
f 955 956 957
f 958 959 960
f 961 962 963
f 964 965 966
f 967 968 969
f 970 971 972
f 973 974 975
f 976 977 978
f 979 980 981
f 982 983 984
f 985 986 987
f 988 989 990
f 991 992 993
f 994 995 996
f 997 998 999
f 1000 1001 1002
f 1003 1004 1005
f 1006 1007 1008
f 1009 1010 1011
f 1012 1013 1014
f 1015 1016 1017
f 1018 1019 1020
f 1021 1022 1023
f 1024 1025 1026
f 1027 1028 1029
f 1030 1031 1032
f 1033 1034 1035
f 1036 1037 1038
f 1039 1040 1041
f 1042 1043 1044
f 1045 1046 1047
f 1048 1049 1050
f 1051 1052 1053
f 1054 1055 1056
f 1057 1058 1059
f 1060 1061 1062
f 1063 1064 1065
f 1066 1067 1068
f 1069 1070 1071
f 1072 1073 1074
f 1075 1076 1077
f 1078 1079 1080
f 1081 1082 1083
f 1084 1085 1086
f 1087 1088 1089
f 1090 1091 1092
f 1093 1094 1095
f 1096 1097 1098
f 1099 1100 1101
f 1102 1103 1104
f 1105 1106 1107
f 1108 1109 1110
f 1111 1112 1113
f 1114 1115 1116
f 1117 1118 1119
f 1120 1121 1122
f 1123 1124 1125
f 1126 1127 1128
f 1129 1130 1131
f 1132 1133 1134
f 1135 1136 1137
f 1138 1139 1140
f 1141 1142 1143
f 1144 1145 1146
f 1147 1148 1149
f 1150 1151 1152
f 1153 1154 1155
f 1156 1157 1158
f 1159 1160 1161
f 1162 1163 1164
f 1165 1166 1167
f 1168 1169 1170
f 1171 1172 1173
f 1174 1175 1176
f 1177 1178 1179
f 1180 1181 1182
f 1183 1184 1185
f 1186 1187 1188
f 1189 1190 1191
f 1192 1193 1194
f 1195 1196 1197
f 1198 1199 1200
f 1201 1202 1203
f 1204 1205 1206
f 1207 1208 1209
f 1210 1211 1212
f 1213 1214 1215
f 1216 1217 1218
f 1219 1220 1221
f 1222 1223 1224
f 1225 1226 1227
f 1228 1229 1230
f 1231 1232 1233
f 1234 1235 1236
f 1237 1238 1239
f 1240 1241 1242
f 1243 1244 1245
f 1246 1247 1248
f 1249 1250 1251
f 1252 1253 1254
f 1255 1256 1257
f 1258 1259 1260
f 1261 1262 1263
f 1264 1265 1266
f 1267 1268 1269
f 1270 1271 1272
f 1273 1274 1275
f 1276 1277 1278
f 1279 1280 1281
f 1282 1283 1284
f 1285 1286 1287
f 1288 1289 1290
f 1291 1292 1293
f 1294 1295 1296
f 1297 1298 1299
f 1300 1301 1302
f 1303 1304 1305
f 1306 1307 1308
f 1309 1310 1311
f 1312 1313 1314
f 1315 1316 1317
f 1318 1319 1320
f 1321 1322 1323
f 1324 1325 1326
f 1327 1328 1329
f 1330 1331 1332
f 1333 1334 1335
f 1336 1337 1338
f 1339 1340 1341
f 1342 1343 1344
f 1345 1346 1347
f 1348 1349 1350
f 1351 1352 1353
f 1354 1355 1356
f 1357 1358 1359
f 1360 1361 1362
f 1363 1364 1365
f 1366 1367 1368
f 1369 1370 1371
f 1372 1373 1374
f 1375 1376 1377
f 1378 1379 1380
f 1381 1382 1383
f 1384 1385 1386
f 1387 1388 1389
f 1390 1391 1392
f 1393 1394 1395
f 1396 1397 1398
f 1399 1400 1401
f 1402 1403 1404
f 1405 1406 1407
f 1408 1409 1410
f 1411 1412 1413
f 1414 1415 1416
f 1417 1418 1419
f 1420 1421 1422
f 1423 1424 1425
f 1426 1427 1428
f 1429 1430 1431
f 1432 1433 1434
f 1435 1436 1437
f 1438 1439 1440
f 1441 1442 1443
f 1444 1445 1446
f 1447 1448 1449
f 1450 1451 1452
f 1453 1454 1455
f 1456 1457 1458
f 1459 1460 1461
f 1462 1463 1464
f 1465 1466 1467
f 1468 1469 1470
f 1471 1472 1473
f 1474 1475 1476
f 1477 1478 1479
f 1480 1481 1482
f 1483 1484 1485
f 1486 1487 1488
f 1489 1490 1491
f 1492 1493 1494
f 1495 1496 1497
f 1498 1499 1500
f 1501 1502 1503
f 1504 1505 1506
f 1507 1508 1509
f 1510 1511 1512
f 1513 1514 1515
f 1516 1517 1518
f 1519 1520 1521
f 1522 1523 1524
f 1525 1526 1527
f 1528 1529 1530
f 1531 1532 1533
f 1534 1535 1536
f 1537 1538 1539
f 1540 1541 1542
f 1543 1544 1545
f 1546 1547 1548
f 1549 1550 1551
f 1552 1553 1554
f 1555 1556 1557
f 1558 1559 1560
f 1561 1562 1563
f 1564 1565 1566
f 1567 1568 1569
f 1570 1571 1572
f 1573 1574 1575
f 1576 1577 1578
f 1579 1580 1581
f 1582 1583 1584
f 1585 1586 1587
f 1588 1589 1590
f 1591 1592 1593
f 1594 1595 1596
f 1597 1598 1599
f 1600 1601 1602
f 1603 1604 1605
f 1606 1607 1608
f 1609 1610 1611
f 1612 1613 1614
f 1615 1616 1617
f 1618 1619 1620
f 1621 1622 1623
f 1624 1625 1626
f 1627 1628 1629
f 1630 1631 1632
f 1633 1634 1635
f 1636 1637 1638
f 1639 1640 1641
f 1642 1643 1644
f 1645 1646 1647
f 1648 1649 1650
f 1651 1652 1653
f 1654 1655 1656
f 1657 1658 1659
f 1660 1661 1662
f 1663 1664 1665
f 1666 1667 1668
f 1669 1670 1671
f 1672 1673 1674
f 1675 1676 1677
f 1678 1679 1680
f 1681 1682 1683
f 1684 1685 1686
f 1687 1688 1689
f 1690 1691 1692
f 1693 1694 1695
f 1696 1697 1698
f 1699 1700 1701
f 1702 1703 1704
f 1705 1706 1707
f 1708 1709 1710
f 1711 1712 1713
f 1714 1715 1716
f 1717 1718 1719
f 1720 1721 1722
f 1723 1724 1725
f 1726 1727 1728
f 1729 1730 1731
f 1732 1733 1734
f 1735 1736 1737
f 1738 1739 1740
f 1741 1742 1743
f 1744 1745 1746
f 1747 1748 1749
f 1750 1751 1752
f 1753 1754 1755
f 1756 1757 1758
f 1759 1760 1761
f 1762 1763 1764
f 1765 1766 1767
f 1768 1769 1770
f 1771 1772 1773
f 1774 1775 1776
f 1777 1778 1779
f 1780 1781 1782
f 1783 1784 1785
f 1786 1787 1788
f 1789 1790 1791
f 1792 1793 1794
f 1795 1796 1797
f 1798 1799 1800
f 1801 1802 1803
f 1804 1805 1806
f 1807 1808 1809
f 1810 1811 1812
f 1813 1814 1815
f 1816 1817 1818
f 1819 1820 1821
f 1822 1823 1824
f 1825 1826 1827
f 1828 1829 1830
f 1831 1832 1833
f 1834 1835 1836
f 1837 1838 1839
f 1840 1841 1842
f 1843 1844 1845
f 1846 1847 1848
f 1849 1850 1851
f 1852 1853 1854
f 1855 1856 1857
f 1858 1859 1860
f 1861 1862 1863
f 1864 1865 1866
f 1867 1868 1869
f 1870 1871 1872
f 1873 1874 1875
f 1876 1877 1878
f 1879 1880 1881
f 1882 1883 1884
f 1885 1886 1887
f 1888 1889 1890
f 1891 1892 1893
f 1894 1895 1896
f 1897 1898 1899
f 1900 1901 1902
f 1903 1904 1905
f 1906 1907 1908
f 1909 1910 1911
f 1912 1913 1914
f 1915 1916 1917
f 1918 1919 1920
f 1921 1922 1923
f 1924 1925 1926
f 1927 1928 1929
f 1930 1931 1932
f 1933 1934 1935
f 1936 1937 1938
f 1939 1940 1941
f 1942 1943 1944
f 1945 1946 1947
f 1948 1949 1950
f 1951 1952 1953
f 1954 1955 1956
f 1957 1958 1959
f 1960 1961 1962
f 1963 1964 1965
f 1966 1967 1968
f 1969 1970 1971
f 1972 1973 1974
f 1975 1976 1977
f 1978 1979 1980
f 1981 1982 1983
f 1984 1985 1986
f 1987 1988 1989
f 1990 1991 1992
f 1993 1994 1995
f 1996 1997 1998
f 1999 2000 2001
f 2002 2003 2004
f 2005 2006 2007
f 2008 2009 2010
f 2011 2012 2013
f 2014 2015 2016
f 2017 2018 2019
f 2020 2021 2022
f 2023 2024 2025
f 2026 2027 2028
f 2029 2030 2031
f 2032 2033 2034
f 2035 2036 2037
f 2038 2039 2040
f 2041 2042 2043
f 2044 2045 2046
f 2047 2048 2049
f 2050 2051 2052
f 2053 2054 2055
f 2056 2057 2058
f 2059 2060 2061
f 2062 2063 2064
f 2065 2066 2067
f 2068 2069 2070
f 2071 2072 2073
f 2074 2075 2076
f 2077 2078 2079
f 2080 2081 2082
f 2083 2084 2085
f 2086 2087 2088
f 2089 2090 2091
f 2092 2093 2094
f 2095 2096 2097
f 2098 2099 2100
f 2101 2102 2103
f 2104 2105 2106
f 2107 2108 2109
f 2110 2111 2112
f 2113 2114 2115
f 2116 2117 2118
f 2119 2120 2121
f 2122 2123 2124
f 2125 2126 2127
f 2128 2129 2130
f 2131 2132 2133
f 2134 2135 2136
f 2137 2138 2139
f 2140 2141 2142
f 2143 2144 2145
f 2146 2147 2148
f 2149 2150 2151
f 2152 2153 2154
f 2155 2156 2157
f 2158 2159 2160
f 2161 2162 2163
f 2164 2165 2166
f 2167 2168 2169
f 2170 2171 2172
f 2173 2174 2175
f 2176 2177 2178
f 2179 2180 2181
f 2182 2183 2184
f 2185 2186 2187
f 2188 2189 2190
f 2191 2192 2193
f 2194 2195 2196
f 2197 2198 2199
f 2200 2201 2202
f 2203 2204 2205
f 2206 2207 2208
f 2209 2210 2211
f 2212 2213 2214
f 2215 2216 2217
f 2218 2219 2220
f 2221 2222 2223
f 2224 2225 2226
f 2227 2228 2229
f 2230 2231 2232
f 2233 2234 2235
f 2236 2237 2238
f 2239 2240 2241
f 2242 2243 2244
f 2245 2246 2247
f 2248 2249 2250
f 2251 2252 2253
f 2254 2255 2256
f 2257 2258 2259
f 2260 2261 2262
f 2263 2264 2265
f 2266 2267 2268
f 2269 2270 2271
f 2272 2273 2274
f 2275 2276 2277
f 2278 2279 2280
f 2281 2282 2283
f 2284 2285 2286
f 2287 2288 2289
f 2290 2291 2292
f 2293 2294 2295
f 2296 2297 2298
f 2299 2300 2301
f 2302 2303 2304
f 2305 2306 2307
f 2308 2309 2310
f 2311 2312 2313
f 2314 2315 2316
f 2317 2318 2319
f 2320 2321 2322
f 2323 2324 2325
f 2326 2327 2328
f 2329 2330 2331
f 2332 2333 2334
f 2335 2336 2337
f 2338 2339 2340
f 2341 2342 2343
f 2344 2345 2346
f 2347 2348 2349
f 2350 2351 2352
f 2353 2354 2355
f 2356 2357 2358
f 2359 2360 2361
f 2362 2363 2364
f 2365 2366 2367
f 2368 2369 2370
f 2371 2372 2373
f 2374 2375 2376
f 2377 2378 2379
f 2380 2381 2382
f 2383 2384 2385
f 2386 2387 2388
f 2389 2390 2391
f 2392 2393 2394
f 2395 2396 2397
f 2398 2399 2400
f 2401 2402 2403
f 2404 2405 2406
f 2407 2408 2409
f 2410 2411 2412
f 2413 2414 2415
f 2416 2417 2418
f 2419 2420 2421
f 2422 2423 2424
f 2425 2426 2427
f 2428 2429 2430
f 2431 2432 2433
f 2434 2435 2436
f 2437 2438 2439
f 2440 2441 2442
f 2443 2444 2445
f 2446 2447 2448
f 2449 2450 2451
f 2452 2453 2454
f 2455 2456 2457
f 2458 2459 2460
f 2461 2462 2463
f 2464 2465 2466
f 2467 2468 2469
f 2470 2471 2472
f 2473 2474 2475
f 2476 2477 2478
f 2479 2480 2481
f 2482 2483 2484
f 2485 2486 2487
f 2488 2489 2490
f 2491 2492 2493
f 2494 2495 2496
f 2497 2498 2499
f 2500 2501 2502
f 2503 2504 2505
f 2506 2507 2508
f 2509 2510 2511
f 2512 2513 2514
f 2515 2516 2517
f 2518 2519 2520
f 2521 2522 2523
f 2524 2525 2526
f 2527 2528 2529
f 2530 2531 2532
f 2533 2534 2535
f 2536 2537 2538
f 2539 2540 2541
f 2542 2543 2544
f 2545 2546 2547
f 2548 2549 2550
f 2551 2552 2553
f 2554 2555 2556
f 2557 2558 2559
f 2560 2561 2562
f 2563 2564 2565
f 2566 2567 2568
f 2569 2570 2571
f 2572 2573 2574
f 2575 2576 2577
f 2578 2579 2580
f 2581 2582 2583
f 2584 2585 2586
f 2587 2588 2589
f 2590 2591 2592
f 2593 2594 2595
f 2596 2597 2598
f 2599 2600 2601
f 2602 2603 2604
f 2605 2606 2607
f 2608 2609 2610
f 2611 2612 2613
f 2614 2615 2616
f 2617 2618 2619
f 2620 2621 2622
f 2623 2624 2625
f 2626 2627 2628
f 2629 2630 2631
f 2632 2633 2634
f 2635 2636 2637
f 2638 2639 2640
f 2641 2642 2643
f 2644 2645 2646
f 2647 2648 2649
f 2650 2651 2652
f 2653 2654 2655
f 2656 2657 2658
f 2659 2660 2661
f 2662 2663 2664
f 2665 2666 2667
f 2668 2669 2670
f 2671 2672 2673
f 2674 2675 2676
f 2677 2678 2679
f 2680 2681 2682
f 2683 2684 2685
f 2686 2687 2688
f 2689 2690 2691
f 2692 2693 2694
f 2695 2696 2697
f 2698 2699 2700
f 2701 2702 2703
f 2704 2705 2706
f 2707 2708 2709
f 2710 2711 2712
f 2713 2714 2715
f 2716 2717 2718
f 2719 2720 2721
f 2722 2723 2724
f 2725 2726 2727
f 2728 2729 2730
f 2731 2732 2733
f 2734 2735 2736
f 2737 2738 2739
f 2740 2741 2742
f 2743 2744 2745
f 2746 2747 2748
f 2749 2750 2751
f 2752 2753 2754
f 2755 2756 2757
f 2758 2759 2760
f 2761 2762 2763
f 2764 2765 2766
f 2767 2768 2769
f 2770 2771 2772
f 2773 2774 2775
f 2776 2777 2778
f 2779 2780 2781
f 2782 2783 2784
f 2785 2786 2787
f 2788 2789 2790
f 2791 2792 2793
f 2794 2795 2796
f 2797 2798 2799
f 2800 2801 2802
f 2803 2804 2805
f 2806 2807 2808
f 2809 2810 2811
f 2812 2813 2814
f 2815 2816 2817
f 2818 2819 2820
f 2821 2822 2823
f 2824 2825 2826
f 2827 2828 2829
f 2830 2831 2832
f 2833 2834 2835
f 2836 2837 2838
f 2839 2840 2841
f 2842 2843 2844
f 2845 2846 2847
f 2848 2849 2850
f 2851 2852 2853
f 2854 2855 2856
f 2857 2858 2859
f 2860 2861 2862
f 2863 2864 2865
f 2866 2867 2868
f 2869 2870 2871
f 2872 2873 2874
f 2875 2876 2877
f 2878 2879 2880
f 2881 2882 2883
f 2884 2885 2886
f 2887 2888 2889
f 2890 2891 2892
f 2893 2894 2895
f 2896 2897 2898
f 2899 2900 2901
f 2902 2903 2904
f 2905 2906 2907
f 2908 2909 2910
f 2911 2912 2913
f 2914 2915 2916
f 2917 2918 2919
f 2920 2921 2922
f 2923 2924 2925
f 2926 2927 2928
f 2929 2930 2931
f 2932 2933 2934
f 2935 2936 2937
f 2938 2939 2940
f 2941 2942 2943
f 2944 2945 2946
f 2947 2948 2949
f 2950 2951 2952
f 2953 2954 2955
f 2956 2957 2958
f 2959 2960 2961
f 2962 2963 2964
f 2965 2966 2967
f 2968 2969 2970
f 2971 2972 2973
f 2974 2975 2976
f 2977 2978 2979
f 2980 2981 2982
f 2983 2984 2985
f 2986 2987 2988
f 2989 2990 2991
f 2992 2993 2994
f 2995 2996 2997
f 2998 2999 3000
f 3001 3002 3003
f 3004 3005 3006
f 3007 3008 3009
f 3010 3011 3012
f 3013 3014 3015
f 3016 3017 3018
f 3019 3020 3021
f 3022 3023 3024
f 3025 3026 3027
f 3028 3029 3030
f 3031 3032 3033
f 3034 3035 3036
f 3037 3038 3039
f 3040 3041 3042
f 3043 3044 3045
f 3046 3047 3048
f 3049 3050 3051
f 3052 3053 3054
f 3055 3056 3057
f 3058 3059 3060
f 3061 3062 3063
f 3064 3065 3066
f 3067 3068 3069
f 3070 3071 3072
f 3073 3074 3075
f 3076 3077 3078
f 3079 3080 3081
f 3082 3083 3084
f 3085 3086 3087
f 3088 3089 3090
f 3091 3092 3093
f 3094 3095 3096
f 3097 3098 3099
f 3100 3101 3102
f 3103 3104 3105
f 3106 3107 3108
f 3109 3110 3111
f 3112 3113 3114
f 3115 3116 3117
f 3118 3119 3120
f 3121 3122 3123
f 3124 3125 3126
f 3127 3128 3129
f 3130 3131 3132
f 3133 3134 3135
f 3136 3137 3138
f 3139 3140 3141
f 3142 3143 3144
f 3145 3146 3147
f 3148 3149 3150
f 3151 3152 3153
f 3154 3155 3156
f 3157 3158 3159
f 3160 3161 3162
f 3163 3164 3165
f 3166 3167 3168
f 3169 3170 3171
f 3172 3173 3174
f 3175 3176 3177
f 3178 3179 3180
f 3181 3182 3183
f 3184 3185 3186
f 3187 3188 3189
f 3190 3191 3192
f 3193 3194 3195
f 3196 3197 3198
f 3199 3200 3201
f 3202 3203 3204
f 3205 3206 3207
f 3208 3209 3210
f 3211 3212 3213
f 3214 3215 3216
f 3217 3218 3219
f 3220 3221 3222
f 3223 3224 3225
f 3226 3227 3228
f 3229 3230 3231
f 3232 3233 3234
f 3235 3236 3237
f 3238 3239 3240
f 3241 3242 3243
f 3244 3245 3246
f 3247 3248 3249
f 3250 3251 3252
f 3253 3254 3255
f 3256 3257 3258
f 3259 3260 3261
f 3262 3263 3264
f 3265 3266 3267
f 3268 3269 3270
f 3271 3272 3273
f 3274 3275 3276
f 3277 3278 3279
f 3280 3281 3282
f 3283 3284 3285
f 3286 3287 3288
f 3289 3290 3291
f 3292 3293 3294
f 3295 3296 3297
f 3298 3299 3300
f 3301 3302 3303
f 3304 3305 3306
f 3307 3308 3309
f 3310 3311 3312
f 3313 3314 3315
f 3316 3317 3318
f 3319 3320 3321
f 3322 3323 3324
f 3325 3326 3327
f 3328 3329 3330
f 3331 3332 3333
f 3334 3335 3336
f 3337 3338 3339
f 3340 3341 3342
f 3343 3344 3345
f 3346 3347 3348
f 3349 3350 3351
f 3352 3353 3354
f 3355 3356 3357
f 3358 3359 3360
f 3361 3362 3363
f 3364 3365 3366
f 3367 3368 3369
f 3370 3371 3372
f 3373 3374 3375
f 3376 3377 3378
f 3379 3380 3381
f 3382 3383 3384
f 3385 3386 3387
f 3388 3389 3390
f 3391 3392 3393
f 3394 3395 3396
f 3397 3398 3399
f 3400 3401 3402
f 3403 3404 3405
f 3406 3407 3408
f 3409 3410 3411
f 3412 3413 3414
f 3415 3416 3417
f 3418 3419 3420
f 3421 3422 3423
f 3424 3425 3426
f 3427 3428 3429
f 3430 3431 3432
f 3433 3434 3435
f 3436 3437 3438
f 3439 3440 3441
f 3442 3443 3444
f 3445 3446 3447
f 3448 3449 3450
f 3451 3452 3453
f 3454 3455 3456
f 3457 3458 3459
f 3460 3461 3462
f 3463 3464 3465
f 3466 3467 3468
f 3469 3470 3471
f 3472 3473 3474
f 3475 3476 3477
f 3478 3479 3480
f 3481 3482 3483
f 3484 3485 3486
f 3487 3488 3489
f 3490 3491 3492
f 3493 3494 3495
f 3496 3497 3498
f 3499 3500 3501
f 3502 3503 3504
f 3505 3506 3507
f 3508 3509 3510
f 3511 3512 3513
f 3514 3515 3516
f 3517 3518 3519
f 3520 3521 3522
f 3523 3524 3525
f 3526 3527 3528
f 3529 3530 3531
f 3532 3533 3534
f 3535 3536 3537
f 3538 3539 3540
f 3541 3542 3543
f 3544 3545 3546
f 3547 3548 3549
f 3550 3551 3552
f 3553 3554 3555
f 3556 3557 3558
f 3559 3560 3561
f 3562 3563 3564
f 3565 3566 3567
f 3568 3569 3570
f 3571 3572 3573
f 3574 3575 3576
f 3577 3578 3579
f 3580 3581 3582
f 3583 3584 3585
f 3586 3587 3588
f 3589 3590 3591
f 3592 3593 3594
f 3595 3596 3597
f 3598 3599 3600
f 3601 3602 3603
f 3604 3605 3606
f 3607 3608 3609
f 3610 3611 3612
f 3613 3614 3615
f 3616 3617 3618
f 3619 3620 3621
f 3622 3623 3624
f 3625 3626 3627
f 3628 3629 3630
f 3631 3632 3633
f 3634 3635 3636
f 3637 3638 3639
f 3640 3641 3642
f 3643 3644 3645
f 3646 3647 3648
f 3649 3650 3651
f 3652 3653 3654
f 3655 3656 3657
f 3658 3659 3660
f 3661 3662 3663
f 3664 3665 3666
f 3667 3668 3669
f 3670 3671 3672
f 3673 3674 3675
f 3676 3677 3678
f 3679 3680 3681
f 3682 3683 3684
f 3685 3686 3687
f 3688 3689 3690
f 3691 3692 3693
f 3694 3695 3696
f 3697 3698 3699
f 3700 3701 3702
f 3703 3704 3705
f 3706 3707 3708
f 3709 3710 3711
f 3712 3713 3714
f 3715 3716 3717
f 3718 3719 3720
f 3721 3722 3723
f 3724 3725 3726
f 3727 3728 3729
f 3730 3731 3732
f 3733 3734 3735
f 3736 3737 3738
f 3739 3740 3741
f 3742 3743 3744
f 3745 3746 3747
f 3748 3749 3750
f 3751 3752 3753
f 3754 3755 3756
f 3757 3758 3759
f 3760 3761 3762
f 3763 3764 3765
f 3766 3767 3768
f 3769 3770 3771
f 3772 3773 3774
f 3775 3776 3777
f 3778 3779 3780
f 3781 3782 3783
f 3784 3785 3786
f 3787 3788 3789
f 3790 3791 3792
f 3793 3794 3795
f 3796 3797 3798
f 3799 3800 3801
f 3802 3803 3804
f 3805 3806 3807
f 3808 3809 3810
f 3811 3812 3813
f 3814 3815 3816
f 3817 3818 3819
f 3820 3821 3822
f 3823 3824 3825
f 3826 3827 3828
f 3829 3830 3831
f 3832 3833 3834
f 3835 3836 3837
f 3838 3839 3840
f 3841 3842 3843
f 3844 3845 3846
f 3847 3848 3849
f 3850 3851 3852
f 3853 3854 3855
f 3856 3857 3858
f 3859 3860 3861
f 3862 3863 3864
f 3865 3866 3867
f 3868 3869 3870
f 3871 3872 3873
f 3874 3875 3876
f 3877 3878 3879
f 3880 3881 3882
f 3883 3884 3885
f 3886 3887 3888
f 3889 3890 3891
f 3892 3893 3894
f 3895 3896 3897
f 3898 3899 3900
f 3901 3902 3903
f 3904 3905 3906
f 3907 3908 3909
f 3910 3911 3912
f 3913 3914 3915
f 3916 3917 3918
f 3919 3920 3921
f 3922 3923 3924
f 3925 3926 3927
f 3928 3929 3930
f 3931 3932 3933
f 3934 3935 3936
f 3937 3938 3939
f 3940 3941 3942
f 3943 3944 3945
f 3946 3947 3948
f 3949 3950 3951
f 3952 3953 3954
f 3955 3956 3957
f 3958 3959 3960
f 3961 3962 3963
f 3964 3965 3966
f 3967 3968 3969
f 3970 3971 3972
f 3973 3974 3975
f 3976 3977 3978
f 3979 3980 3981
f 3982 3983 3984
f 3985 3986 3987
f 3988 3989 3990
f 3991 3992 3993
f 3994 3995 3996
f 3997 3998 3999
f 4000 4001 4002
f 4003 4004 4005
f 4006 4007 4008
f 4009 4010 4011
f 4012 4013 4014
f 4015 4016 4017
f 4018 4019 4020
f 4021 4022 4023
f 4024 4025 4026
f 4027 4028 4029
f 4030 4031 4032
f 4033 4034 4035
f 4036 4037 4038
f 4039 4040 4041
f 4042 4043 4044
f 4045 4046 4047
f 4048 4049 4050
f 4051 4052 4053
f 4054 4055 4056
f 4057 4058 4059
f 4060 4061 4062
f 4063 4064 4065
f 4066 4067 4068
f 4069 4070 4071
f 4072 4073 4074
f 4075 4076 4077
f 4078 4079 4080
f 4081 4082 4083
f 4084 4085 4086
f 4087 4088 4089
f 4090 4091 4092
f 4093 4094 4095
f 4096 4097 4098
f 4099 4100 4101
f 4102 4103 4104
f 4105 4106 4107
f 4108 4109 4110
f 4111 4112 4113
f 4114 4115 4116
f 4117 4118 4119
f 4120 4121 4122
f 4123 4124 4125
f 4126 4127 4128
f 4129 4130 4131
f 4132 4133 4134
f 4135 4136 4137
f 4138 4139 4140
f 4141 4142 4143
f 4144 4145 4146
f 4147 4148 4149
f 4150 4151 4152
f 4153 4154 4155
f 4156 4157 4158
f 4159 4160 4161
f 4162 4163 4164
f 4165 4166 4167
f 4168 4169 4170
f 4171 4172 4173
f 4174 4175 4176
f 4177 4178 4179
f 4180 4181 4182
f 4183 4184 4185
f 4186 4187 4188
f 4189 4190 4191
f 4192 4193 4194
f 4195 4196 4197
f 4198 4199 4200
f 4201 4202 4203
f 4204 4205 4206
f 4207 4208 4209
f 4210 4211 4212
f 4213 4214 4215
f 4216 4217 4218
f 4219 4220 4221
f 4222 4223 4224
f 4225 4226 4227
f 4228 4229 4230
f 4231 4232 4233
f 4234 4235 4236
f 4237 4238 4239
f 4240 4241 4242
f 4243 4244 4245
f 4246 4247 4248
f 4249 4250 4251
f 4252 4253 4254
f 4255 4256 4257
f 4258 4259 4260
f 4261 4262 4263
f 4264 4265 4266
f 4267 4268 4269
f 4270 4271 4272
f 4273 4274 4275
f 4276 4277 4278
f 4279 4280 4281
f 4282 4283 4284
f 4285 4286 4287
f 4288 4289 4290
f 4291 4292 4293
f 4294 4295 4296
f 4297 4298 4299
f 4300 4301 4302
f 4303 4304 4305
f 4306 4307 4308
f 4309 4310 4311
f 4312 4313 4314
f 4315 4316 4317
f 4318 4319 4320
f 4321 4322 4323
f 4324 4325 4326
f 4327 4328 4329
f 4330 4331 4332
f 4333 4334 4335
f 4336 4337 4338
f 4339 4340 4341
f 4342 4343 4344
f 4345 4346 4347
f 4348 4349 4350
f 4351 4352 4353
f 4354 4355 4356
f 4357 4358 4359
f 4360 4361 4362
f 4363 4364 4365
f 4366 4367 4368
f 4369 4370 4371
f 4372 4373 4374
f 4375 4376 4377
f 4378 4379 4380
f 4381 4382 4383
f 4384 4385 4386
f 4387 4388 4389
f 4390 4391 4392
f 4393 4394 4395
f 4396 4397 4398
f 4399 4400 4401
f 4402 4403 4404
f 4405 4406 4407
f 4408 4409 4410
f 4411 4412 4413
f 4414 4415 4416
f 4417 4418 4419
f 4420 4421 4422
f 4423 4424 4425
f 4426 4427 4428
f 4429 4430 4431
f 4432 4433 4434
f 4435 4436 4437
f 4438 4439 4440
f 4441 4442 4443
f 4444 4445 4446
f 4447 4448 4449
f 4450 4451 4452
f 4453 4454 4455
f 4456 4457 4458
f 4459 4460 4461
f 4462 4463 4464
f 4465 4466 4467
f 4468 4469 4470
f 4471 4472 4473
f 4474 4475 4476
f 4477 4478 4479
f 4480 4481 4482
f 4483 4484 4485
f 4486 4487 4488
f 4489 4490 4491
f 4492 4493 4494
f 4495 4496 4497
f 4498 4499 4500
f 4501 4502 4503
f 4504 4505 4506
f 4507 4508 4509
f 4510 4511 4512
f 4513 4514 4515
f 4516 4517 4518
f 4519 4520 4521
f 4522 4523 4524
f 4525 4526 4527
f 4528 4529 4530
f 4531 4532 4533
f 4534 4535 4536
f 4537 4538 4539
f 4540 4541 4542
f 4543 4544 4545
f 4546 4547 4548
f 4549 4550 4551
f 4552 4553 4554
f 4555 4556 4557
f 4558 4559 4560
f 4561 4562 4563
f 4564 4565 4566
f 4567 4568 4569
f 4570 4571 4572
f 4573 4574 4575
f 4576 4577 4578
f 4579 4580 4581
f 4582 4583 4584
f 4585 4586 4587
f 4588 4589 4590
f 4591 4592 4593
f 4594 4595 4596
f 4597 4598 4599
f 4600 4601 4602
f 4603 4604 4605
f 4606 4607 4608
f 4609 4610 4611
f 4612 4613 4614
f 4615 4616 4617
f 4618 4619 4620
f 4621 4622 4623
f 4624 4625 4626
f 4627 4628 4629
f 4630 4631 4632
f 4633 4634 4635
f 4636 4637 4638
f 4639 4640 4641
f 4642 4643 4644
f 4645 4646 4647
f 4648 4649 4650
f 4651 4652 4653
f 4654 4655 4656
f 4657 4658 4659
f 4660 4661 4662
f 4663 4664 4665
f 4666 4667 4668
f 4669 4670 4671
f 4672 4673 4674
f 4675 4676 4677
f 4678 4679 4680
f 4681 4682 4683
f 4684 4685 4686
f 4687 4688 4689
f 4690 4691 4692
f 4693 4694 4695
f 4696 4697 4698
f 4699 4700 4701
f 4702 4703 4704
f 4705 4706 4707
f 4708 4709 4710
f 4711 4712 4713
f 4714 4715 4716
f 4717 4718 4719
f 4720 4721 4722
f 4723 4724 4725
f 4726 4727 4728
f 4729 4730 4731
f 4732 4733 4734
f 4735 4736 4737
f 4738 4739 4740
f 4741 4742 4743
f 4744 4745 4746
f 4747 4748 4749
f 4750 4751 4752
f 4753 4754 4755
f 4756 4757 4758
f 4759 4760 4761
f 4762 4763 4764
f 4765 4766 4767
f 4768 4769 4770
f 4771 4772 4773
f 4774 4775 4776
f 4777 4778 4779
f 4780 4781 4782
f 4783 4784 4785
f 4786 4787 4788
f 4789 4790 4791
f 4792 4793 4794
f 4795 4796 4797
f 4798 4799 4800
f 4801 4802 4803
f 4804 4805 4806
f 4807 4808 4809
f 4810 4811 4812
f 4813 4814 4815
f 4816 4817 4818
f 4819 4820 4821
f 4822 4823 4824
f 4825 4826 4827
f 4828 4829 4830
f 4831 4832 4833
f 4834 4835 4836
f 4837 4838 4839
f 4840 4841 4842
f 4843 4844 4845
f 4846 4847 4848
f 4849 4850 4851
f 4852 4853 4854
f 4855 4856 4857
f 4858 4859 4860
f 4861 4862 4863
f 4864 4865 4866
f 4867 4868 4869
f 4870 4871 4872
f 4873 4874 4875
f 4876 4877 4878
f 4879 4880 4881
f 4882 4883 4884
f 4885 4886 4887
f 4888 4889 4890
f 4891 4892 4893
f 4894 4895 4896
f 4897 4898 4899
f 4900 4901 4902
f 4903 4904 4905
f 4906 4907 4908
f 4909 4910 4911
f 4912 4913 4914
f 4915 4916 4917
f 4918 4919 4920
f 4921 4922 4923
f 4924 4925 4926
f 4927 4928 4929
f 4930 4931 4932
f 4933 4934 4935
f 4936 4937 4938
f 4939 4940 4941
f 4942 4943 4944
f 4945 4946 4947
f 4948 4949 4950
f 4951 4952 4953
f 4954 4955 4956
f 4957 4958 4959
f 4960 4961 4962
f 4963 4964 4965
f 4966 4967 4968
f 4969 4970 4971
f 4972 4973 4974
f 4975 4976 4977
f 4978 4979 4980
f 4981 4982 4983
f 4984 4985 4986
f 4987 4988 4989
f 4990 4991 4992
f 4993 4994 4995
f 4996 4997 4998
f 4999 5000 5001
f 5002 5003 5004
f 5005 5006 5007
f 5008 5009 5010
f 5011 5012 5013
f 5014 5015 5016
f 5017 5018 5019
f 5020 5021 5022
f 5023 5024 5025
f 5026 5027 5028
f 5029 5030 5031
f 5032 5033 5034
f 5035 5036 5037
f 5038 5039 5040
f 5041 5042 5043
f 5044 5045 5046
f 5047 5048 5049
f 5050 5051 5052
f 5053 5054 5055
f 5056 5057 5058
f 5059 5060 5061
f 5062 5063 5064
f 5065 5066 5067
f 5068 5069 5070
f 5071 5072 5073
f 5074 5075 5076
f 5077 5078 5079
f 5080 5081 5082
f 5083 5084 5085
f 5086 5087 5088
f 5089 5090 5091
f 5092 5093 5094
f 5095 5096 5097
f 5098 5099 5100
f 5101 5102 5103
f 5104 5105 5106
f 5107 5108 5109
f 5110 5111 5112
f 5113 5114 5115
f 5116 5117 5118
f 5119 5120 5121
f 5122 5123 5124
f 5125 5126 5127
f 5128 5129 5130
f 5131 5132 5133
f 5134 5135 5136
f 5137 5138 5139
f 5140 5141 5142
f 5143 5144 5145
f 5146 5147 5148
f 5149 5150 5151
f 5152 5153 5154
f 5155 5156 5157
f 5158 5159 5160
f 5161 5162 5163
f 5164 5165 5166
f 5167 5168 5169
f 5170 5171 5172
f 5173 5174 5175
f 5176 5177 5178
f 5179 5180 5181
f 5182 5183 5184
f 5185 5186 5187
f 5188 5189 5190
f 5191 5192 5193
f 5194 5195 5196
f 5197 5198 5199
f 5200 5201 5202
f 5203 5204 5205
f 5206 5207 5208
f 5209 5210 5211
f 5212 5213 5214
f 5215 5216 5217
f 5218 5219 5220
f 5221 5222 5223
f 5224 5225 5226
f 5227 5228 5229
f 5230 5231 5232
f 5233 5234 5235
f 5236 5237 5238
f 5239 5240 5241
f 5242 5243 5244
f 5245 5246 5247
f 5248 5249 5250
f 5251 5252 5253
f 5254 5255 5256
f 5257 5258 5259
f 5260 5261 5262
f 5263 5264 5265
f 5266 5267 5268
f 5269 5270 5271
f 5272 5273 5274
f 5275 5276 5277
f 5278 5279 5280
f 5281 5282 5283
f 5284 5285 5286
f 5287 5288 5289
f 5290 5291 5292
f 5293 5294 5295
f 5296 5297 5298
f 5299 5300 5301
f 5302 5303 5304
f 5305 5306 5307
f 5308 5309 5310
f 5311 5312 5313
f 5314 5315 5316
f 5317 5318 5319
f 5320 5321 5322
f 5323 5324 5325
f 5326 5327 5328
f 5329 5330 5331
f 5332 5333 5334
f 5335 5336 5337
f 5338 5339 5340
f 5341 5342 5343
f 5344 5345 5346
f 5347 5348 5349
f 5350 5351 5352
f 5353 5354 5355
f 5356 5357 5358
f 5359 5360 5361
f 5362 5363 5364
f 5365 5366 5367
f 5368 5369 5370
f 5371 5372 5373
f 5374 5375 5376
f 5377 5378 5379
f 5380 5381 5382
f 5383 5384 5385
f 5386 5387 5388
f 5389 5390 5391
f 5392 5393 5394
f 5395 5396 5397
f 5398 5399 5400
f 5401 5402 5403
f 5404 5405 5406
f 5407 5408 5409
f 5410 5411 5412
f 5413 5414 5415
f 5416 5417 5418
f 5419 5420 5421
f 5422 5423 5424
f 5425 5426 5427
f 5428 5429 5430
f 5431 5432 5433
f 5434 5435 5436
f 5437 5438 5439
f 5440 5441 5442
f 5443 5444 5445
f 5446 5447 5448
f 5449 5450 5451
f 5452 5453 5454
f 5455 5456 5457
f 5458 5459 5460
f 5461 5462 5463
f 5464 5465 5466
f 5467 5468 5469
f 5470 5471 5472
f 5473 5474 5475
f 5476 5477 5478
f 5479 5480 5481
f 5482 5483 5484
f 5485 5486 5487
f 5488 5489 5490
f 5491 5492 5493
f 5494 5495 5496
f 5497 5498 5499
f 5500 5501 5502
f 5503 5504 5505
f 5506 5507 5508
f 5509 5510 5511
f 5512 5513 5514
f 5515 5516 5517
f 5518 5519 5520
f 5521 5522 5523
f 5524 5525 5526
f 5527 5528 5529
f 5530 5531 5532
f 5533 5534 5535
f 5536 5537 5538
f 5539 5540 5541
f 5542 5543 5544
f 5545 5546 5547
f 5548 5549 5550
f 5551 5552 5553
f 5554 5555 5556
f 5557 5558 5559
f 5560 5561 5562
f 5563 5564 5565
f 5566 5567 5568
f 5569 5570 5571
f 5572 5573 5574
f 5575 5576 5577
f 5578 5579 5580
f 5581 5582 5583
f 5584 5585 5586
f 5587 5588 5589
f 5590 5591 5592
f 5593 5594 5595
f 5596 5597 5598
f 5599 5600 5601
f 5602 5603 5604
f 5605 5606 5607
f 5608 5609 5610
f 5611 5612 5613
f 5614 5615 5616
f 5617 5618 5619
f 5620 5621 5622
f 5623 5624 5625
f 5626 5627 5628
f 5629 5630 5631
f 5632 5633 5634
f 5635 5636 5637
f 5638 5639 5640
f 5641 5642 5643
f 5644 5645 5646
f 5647 5648 5649
f 5650 5651 5652
f 5653 5654 5655
f 5656 5657 5658
f 5659 5660 5661
f 5662 5663 5664
f 5665 5666 5667
f 5668 5669 5670
f 5671 5672 5673
f 5674 5675 5676
f 5677 5678 5679
f 5680 5681 5682
f 5683 5684 5685
f 5686 5687 5688
f 5689 5690 5691
f 5692 5693 5694
f 5695 5696 5697
f 5698 5699 5700
f 5701 5702 5703
f 5704 5705 5706
f 5707 5708 5709
f 5710 5711 5712
f 5713 5714 5715
f 5716 5717 5718
f 5719 5720 5721
f 5722 5723 5724
f 5725 5726 5727
f 5728 5729 5730
f 5731 5732 5733
f 5734 5735 5736
f 5737 5738 5739
f 5740 5741 5742
f 5743 5744 5745
f 5746 5747 5748
f 5749 5750 5751
f 5752 5753 5754
f 5755 5756 5757
f 5758 5759 5760
f 5761 5762 5763
f 5764 5765 5766
f 5767 5768 5769
f 5770 5771 5772
f 5773 5774 5775
f 5776 5777 5778
f 5779 5780 5781
f 5782 5783 5784
f 5785 5786 5787
f 5788 5789 5790
f 5791 5792 5793
f 5794 5795 5796
f 5797 5798 5799
f 5800 5801 5802
f 5803 5804 5805
f 5806 5807 5808
f 5809 5810 5811
f 5812 5813 5814
f 5815 5816 5817
f 5818 5819 5820
f 5821 5822 5823
f 5824 5825 5826
f 5827 5828 5829
f 5830 5831 5832
f 5833 5834 5835
f 5836 5837 5838
f 5839 5840 5841
f 5842 5843 5844
f 5845 5846 5847
f 5848 5849 5850
f 5851 5852 5853
f 5854 5855 5856
f 5857 5858 5859
f 5860 5861 5862
f 5863 5864 5865
f 5866 5867 5868
f 5869 5870 5871
f 5872 5873 5874
f 5875 5876 5877
f 5878 5879 5880
f 5881 5882 5883
f 5884 5885 5886
f 5887 5888 5889
f 5890 5891 5892
f 5893 5894 5895
f 5896 5897 5898
f 5899 5900 5901
f 5902 5903 5904
f 5905 5906 5907
f 5908 5909 5910
f 5911 5912 5913
f 5914 5915 5916
f 5917 5918 5919
f 5920 5921 5922
f 5923 5924 5925
f 5926 5927 5928
f 5929 5930 5931
f 5932 5933 5934
f 5935 5936 5937
f 5938 5939 5940
f 5941 5942 5943
f 5944 5945 5946
f 5947 5948 5949
f 5950 5951 5952
f 5953 5954 5955
f 5956 5957 5958
f 5959 5960 5961
f 5962 5963 5964
f 5965 5966 5967
f 5968 5969 5970
f 5971 5972 5973
f 5974 5975 5976
f 5977 5978 5979
f 5980 5981 5982
f 5983 5984 5985
f 5986 5987 5988
f 5989 5990 5991
f 5992 5993 5994
f 5995 5996 5997
f 5998 5999 6000
f 6001 6002 6003
f 6004 6005 6006
f 6007 6008 6009
f 6010 6011 6012
f 6013 6014 6015
f 6016 6017 6018
f 6019 6020 6021
f 6022 6023 6024
f 6025 6026 6027
f 6028 6029 6030
f 6031 6032 6033
f 6034 6035 6036
f 6037 6038 6039
f 6040 6041 6042
f 6043 6044 6045
f 6046 6047 6048
f 6049 6050 6051
f 6052 6053 6054
f 6055 6056 6057
f 6058 6059 6060
f 6061 6062 6063
f 6064 6065 6066
f 6067 6068 6069
f 6070 6071 6072
f 6073 6074 6075
f 6076 6077 6078
f 6079 6080 6081
f 6082 6083 6084
f 6085 6086 6087
f 6088 6089 6090
f 6091 6092 6093
f 6094 6095 6096
f 6097 6098 6099
f 6100 6101 6102
f 6103 6104 6105
f 6106 6107 6108
f 6109 6110 6111
f 6112 6113 6114
f 6115 6116 6117
f 6118 6119 6120
f 6121 6122 6123
f 6124 6125 6126
f 6127 6128 6129
f 6130 6131 6132
f 6133 6134 6135
f 6136 6137 6138
f 6139 6140 6141
f 6142 6143 6144
f 6145 6146 6147
f 6148 6149 6150
f 6151 6152 6153
f 6154 6155 6156
f 6157 6158 6159
f 6160 6161 6162
f 6163 6164 6165
f 6166 6167 6168
f 6169 6170 6171
f 6172 6173 6174
f 6175 6176 6177
f 6178 6179 6180
f 6181 6182 6183
f 6184 6185 6186
f 6187 6188 6189
f 6190 6191 6192
f 6193 6194 6195
f 6196 6197 6198
f 6199 6200 6201
f 6202 6203 6204
f 6205 6206 6207
f 6208 6209 6210
f 6211 6212 6213
f 6214 6215 6216
f 6217 6218 6219
f 6220 6221 6222
f 6223 6224 6225
f 6226 6227 6228
f 6229 6230 6231
f 6232 6233 6234
f 6235 6236 6237
f 6238 6239 6240
f 6241 6242 6243
f 6244 6245 6246
f 6247 6248 6249
f 6250 6251 6252
f 6253 6254 6255
f 6256 6257 6258
f 6259 6260 6261
f 6262 6263 6264
f 6265 6266 6267
f 6268 6269 6270
f 6271 6272 6273
f 6274 6275 6276
