mtllib torso_l3_7_mesh.mtl
v -0.058701228350400925 -0.010051869787275791 0.4958329200744629
v -0.058701228350400925 -0.010761629790067673 0.49209874868392944
v -0.030114199966192245 -0.02522885985672474 0.4152364730834961
v -0.158700093626976 -0.009164669550955296 0.48343971371650696
v -0.15948046743869781 -0.00982712022960186 0.47962450981140137
v -0.154527485370636 -0.009791630320250988 0.48638004064559937
v -0.058701228350400925 -0.010051869787275791 0.4958329200744629
v -0.05298382043838501 -0.010643339715898037 0.49209874868392944
v -0.05298382043838501 -0.009933579713106155 0.4956304132938385
v -0.058701228350400925 -0.010051869787275791 0.4958329200744629
v -0.11015787720680237 -0.010051869787275791 0.4958329200744629
v -0.11589121073484421 -0.010761629790067673 0.49209874868392944
v -0.030114199966192245 -0.02522885985672474 0.4152364730834961
v -0.03583161160349846 -0.009756140410900116 0.4899522066116333
v -0.04154900833964348 -0.010063700377941132 0.491248220205307
v -0.030114199966192245 -0.02522885985672474 0.4152364730834961
v -0.11589121073484421 -0.010761629790067673 0.49209874868392944
v -0.12160862237215042 -0.010749800130724907 0.49209874868392944
v -0.030114199966192245 -0.02522885985672474 0.4152364730834961
v -0.12160862237215042 -0.010749800130724907 0.49209874868392944
v -0.12732602655887604 -0.010666999965906143 0.49209874868392944
v -0.030114199966192245 -0.02522885985672474 0.4152364730834961
v -0.12732602655887604 -0.010666999965906143 0.49209874868392944
v -0.13304342329502106 -0.010477730073034763 0.49209874868392944
v -0.04841307923197746 -0.009661509655416012 0.4952821135520935
v -0.04154900833964348 -0.010063700377941132 0.491248220205307
v -0.03583161160349846 -0.009756140410900116 0.4899522066116333
v -0.1600537896156311 -0.006952600087970495 0.48117974400520325
v -0.1590186059474945 -0.005355639848858118 0.4838204085826874
v -0.1609615534543991 -0.0007776999846100807 0.4806613326072693
v -0.044590871781110764 -0.009010889567434788 0.4948447048664093
v -0.03583161160349846 -0.009756140410900116 0.4899522066116333
v -0.03285346180200577 -0.009413089603185654 0.48930421471595764
v -0.12732602655887604 -0.006503089796751738 0.49680495262145996
v -0.13304342329502106 -0.006503089796751738 0.4961974322795868
v -0.14154787361621857 -0.009271140210330486 0.49492570757865906
v -0.15656600892543793 -0.0007776999846100807 0.48684173822402954
v -0.1590186059474945 -0.005355639848858118 0.4838204085826874
v -0.15347638726234436 -0.006503089796751738 0.48959580063819885
v -0.04183568060398102 -0.006857960019260645 0.49397799372673035
v -0.044590871781110764 -0.009010889567434788 0.4948447048664093
v -0.03285346180200577 -0.009413089603185654 0.48930421471595764
v -0.04183568060398102 -0.006857960019260645 0.49397799372673035
v -0.03285346180200577 -0.009413089603185654 0.48930421471595764
v -0.03583161160349846 -0.006503089796751738 0.49121585488319397
v -0.03583161160349846 -0.006503089796751738 0.49121585488319397
v -0.03285346180200577 -0.009413089603185654 0.48930421471595764
v -0.03251902014017105 -0.006503089796751738 0.4894985854625702
v -0.12160862237215042 -0.010040040127933025 0.4958004951477051
v -0.12732602655887604 -0.010666999965906143 0.49209874868392944
v -0.12160862237215042 -0.010749800130724907 0.49209874868392944
v -0.058701228350400925 -0.010051869787275791 0.4958329200744629
v -0.030114199966192245 -0.02522885985672474 0.4152364730834961
v -0.05298382043838501 -0.010643339715898037 0.49209874868392944
v -0.13304342329502106 -0.009767970070242882 0.4953955113887787
v -0.13928638398647308 -0.010040040127933025 0.4926576614379883
v -0.13304342329502106 -0.010477730073034763 0.49209874868392944
v -0.13304342329502106 -0.009767970070242882 0.4953955113887787
v -0.13304342329502106 -0.010477730073034763 0.49209874868392944
v -0.12732602655887604 -0.009957239963114262 0.49565473198890686
v -0.058701228350400925 -0.010051869787275791 0.4958329200744629
v -0.11589121073484421 -0.010761629790067673 0.49209874868392944
v -0.058701228350400925 -0.010761629790067673 0.49209874868392944
v -0.05298382043838501 -0.009933579713106155 0.4956304132938385
v -0.05298382043838501 -0.010643339715898037 0.49209874868392944
v -0.030114199966192245 -0.02522885985672474 0.4152364730834961
v -0.05298382043838501 -0.009933579713106155 0.4956304132938385
v -0.030114199966192245 -0.02522885985672474 0.4152364730834961
v -0.04154900833964348 -0.010063700377941132 0.491248220205307
v -0.05298382043838501 -0.009933579713106155 0.4956304132938385
v -0.04154900833964348 -0.010063700377941132 0.491248220205307
v -0.04841307923197746 -0.009661509655416012 0.4952821135520935
v -0.03285346180200577 -0.009413089603185654 0.48930421471595764
v -0.03060789965093136 -0.009957239963114262 0.48621803522109985
v -0.026419389992952347 -0.00981528963893652 0.4842011034488678
v -0.04841307923197746 -0.009661509655416012 0.4952821135520935
v -0.03583161160349846 -0.009756140410900116 0.4899522066116333
v -0.044590871781110764 -0.009010889567434788 0.4948447048664093
v -0.026419389992952347 -0.00981528963893652 0.4842011034488678
v -0.024460500106215477 -0.010158340446650982 0.48053982853889465
v -0.020924950018525124 -0.009756140410900116 0.47854721546173096
v -0.026419389992952347 -0.00981528963893652 0.4842011034488678
v -0.03060789965093136 -0.009957239963114262 0.48621803522109985
v -0.030114199966192245 -0.02522885985672474 0.4152364730834961
v -0.12732602655887604 -0.006503089796751738 0.49680495262145996
v -0.14154787361621857 -0.009271140210330486 0.49492570757865906
v -0.13772563636302948 -0.009555039927363396 0.4951525330543518
v -0.12732602655887604 -0.006503089796751738 0.49680495262145996
v -0.13772563636302948 -0.009555039927363396 0.4951525330543518
v -0.13304342329502106 -0.009767970070242882 0.4953955113887787
v -0.12160862237215042 -0.010040040127933025 0.4958004951477051
v -0.12160862237215042 -0.010749800130724907 0.49209874868392944
v -0.11589121073484421 -0.010051869787275791 0.49582481384277344
v -0.12160862237215042 -0.010040040127933025 0.4958004951477051
v -0.12732602655887604 -0.009957239963114262 0.49565473198890686
v -0.12732602655887604 -0.010666999965906143 0.49209874868392944
v -0.1501956433057785 -0.006503089796751738 0.4911591410636902
v -0.15318971872329712 -0.009460410103201866 0.48936089873313904
v -0.14154787361621857 -0.009271140210330486 0.49492570757865906
v -0.14205749332904816 -0.005462099798023701 0.49512821435928345
v -0.14154787361621857 -0.009271140210330486 0.49492570757865906
v -0.13928638398647308 -0.007023579906672239 0.4954279065132141
v -0.13928638398647308 -0.007023579906672239 0.4954279065132141
v -0.14154787361621857 -0.009271140210330486 0.49492570757865906
v -0.13304342329502106 -0.006503089796751738 0.4961974322795868
v -0.026419389992952347 -0.00981528963893652 0.4842011034488678
v -0.024380870163440704 -0.024412639439105988 0.4152364730834961
v -0.024460500106215477 -0.010158340446650982 0.48053982853889465
v -0.16792118549346924 -0.012441390193998814 0.4152364730834961
v -0.16671082377433777 -0.014570659957826138 0.4152364730834961
v -0.16457675397396088 -0.0094485804438591 0.46682628989219666
v -0.16457675397396088 -0.0094485804438591 0.46682628989219666
v -0.16671082377433777 -0.014570659957826138 0.4152364730834961
v -0.16559600830078125 -0.01588371954858303 0.4152364730834961
v -0.026419389992952347 -0.00981528963893652 0.4842011034488678
v -0.030114199966192245 -0.02522885985672474 0.4152364730834961
v -0.024380870163440704 -0.024412639439105988 0.4152364730834961
v -0.015494209714233875 -0.009614190086722374 0.4724963903427124
v -0.02059050090610981 -0.023040439933538437 0.4152364730834961
v -0.01866346038877964 -0.022342510521411896 0.4152364730834961
v -0.158700093626976 -0.009164669550955296 0.48343971371650696
v -0.154527485370636 -0.009791630320250988 0.48638004064559937
v -0.15318971872329712 -0.009460410103201866 0.48936089873313904
v -0.158700093626976 -0.009164669550955296 0.48343971371650696
v -0.15318971872329712 -0.009460410103201866 0.48936089873313904
v -0.15677304565906525 -0.006952600087970495 0.48598313331604004
v -0.158700093626976 -0.009164669550955296 0.48343971371650696
v -0.15677304565906525 -0.006952600087970495 0.48598313331604004
v -0.1590186059474945 -0.005355639848858118 0.4838204085826874
v -0.020924950018525124 -0.009756140410900116 0.47854721546173096
v -0.024460500106215477 -0.010158340446650982 0.48053982853889465
v -0.024380870163440704 -0.024412639439105988 0.4152364730834961
v -0.058701228350400925 -0.010761629790067673 0.49209874868392944
v -0.11589121073484421 -0.010761629790067673 0.49209874868392944
v -0.030114199966192245 -0.02522885985672474 0.4152364730834961
v -0.030114199966192245 -0.02522885985672474 0.4152364730834961
v -0.03060789965093136 -0.009957239963114262 0.48621803522109985
v -0.03583161160349846 -0.009756140410900116 0.4899522066116333
v -0.15347638726234436 -0.006503089796751738 0.48959580063819885
v -0.15318971872329712 -0.009460410103201866 0.48936089873313904
v -0.1501956433057785 -0.006503089796751738 0.4911591410636902
v -0.1501956433057785 -0.006503089796751738 0.4911591410636902
v -0.14154787361621857 -0.009271140210330486 0.49492570757865906
v -0.14205749332904816 -0.005462099798023701 0.49512821435928345
v -0.1501956433057785 -0.01050139032304287 0.48638004064559937
v -0.16182155907154083 -0.017303230240941048 0.4152364730834961
v -0.15592896938323975 -0.017882870510220528 0.4152364730834961
v -0.14154787361621857 -0.009271140210330486 0.49492570757865906
v -0.1501956433057785 -0.009791630320250988 0.4899198114871979
v -0.1444782316684723 -0.010063700377941132 0.49124014377593994
v -0.14154787361621857 -0.009271140210330486 0.49492570757865906
v -0.1444782316684723 -0.010063700377941132 0.49124014377593994
v -0.13772563636302948 -0.009555039927363396 0.4951525330543518
v -0.13772563636302948 -0.009555039927363396 0.4951525330543518
v -0.1444782316684723 -0.010063700377941132 0.49124014377593994
v -0.13928638398647308 -0.010040040127933025 0.4926576614379883
v -0.13928638398647308 -0.010040040127933025 0.4926576614379883
v -0.1444782316684723 -0.010063700377941132 0.49124014377593994
v -0.13304342329502106 -0.010477730073034763 0.49209874868392944
v -0.13304342329502106 -0.010477730073034763 0.49209874868392944
v -0.1444782316684723 -0.010063700377941132 0.49124014377593994
v -0.1444782316684723 -0.010773460380733013 0.48638004064559937
v -0.15318971872329712 -0.009460410103201866 0.48936089873313904
v -0.1501956433057785 -0.01050139032304287 0.48638004064559937
v -0.1501956433057785 -0.009791630320250988 0.4899198114871979
v -0.16559600830078125 -0.01588371954858303 0.4152364730834961
v -0.16182155907154083 -0.017303230240941048 0.4152364730834961
v -0.15948046743869781 -0.00982712022960186 0.47962450981140137
v -0.030114199966192245 -0.02522885985672474 0.4152364730834961
v -0.13304342329502106 -0.010477730073034763 0.49209874868392944
v -0.1444782316684723 -0.010773460380733013 0.48638004064559937
v -0.15318971872329712 -0.009460410103201866 0.48936089873313904
v -0.154527485370636 -0.009791630320250988 0.48638004064559937
v -0.1501956433057785 -0.01050139032304287 0.48638004064559937
v -0.15948046743869781 -0.00982712022960186 0.47962450981140137
v -0.16182155907154083 -0.017303230240941048 0.4152364730834961
v -0.15643860399723053 -0.010205649770796299 0.48117974400520325
v -0.15948046743869781 -0.00982712022960186 0.47962450981140137
v -0.15643860399723053 -0.010205649770796299 0.48117974400520325
v -0.154527485370636 -0.009791630320250988 0.48638004064559937
v -0.154527485370636 -0.009791630320250988 0.48638004064559937
v -0.15643860399723053 -0.010205649770796299 0.48117974400520325
v -0.1501956433057785 -0.01050139032304287 0.48638004064559937
v -0.1444782316684723 -0.010773460380733013 0.48638004064559937
v -0.1444782316684723 -0.010063700377941132 0.49124014377593994
v -0.1501956433057785 -0.01050139032304287 0.48638004064559937
v -0.1501956433057785 -0.01050139032304287 0.48638004064559937
v -0.1444782316684723 -0.010063700377941132 0.49124014377593994
v -0.1501956433057785 -0.009791630320250988 0.4899198114871979
v -0.030114199966192245 -0.02522885985672474 0.4152364730834961
v -0.1444782316684723 -0.010773460380733013 0.48638004064559937
v -0.1501956433057785 -0.01050139032304287 0.48638004064559937
v -0.030114199966192245 0.09511055052280426 0.4520678222179413
v -0.026339760050177574 0.09408140927553177 0.45778653025627136
v -0.025782350450754166 0.09409324079751968 0.4520678222179413
v -0.05298382043838501 0.09509871900081635 0.4749426245689392
v -0.05298382043838501 0.09409324079751968 0.47896841168403625
v -0.04726641997694969 0.09404592216014862 0.478555291891098
v -0.030114199966192245 0.09511055052280426 0.4520678222179413
v -0.025368280708789825 0.09409324079751968 0.4463491141796112
v -0.030114199966192245 0.09511055052280426 0.44063040614128113
v -0.03583161160349846 0.09552457928657532 0.43491169810295105
v -0.03583161160349846 0.09527616947889328 0.42919301986694336
v -0.04154900833964348 0.09560739248991013 0.42919301986694336
v -0.04726641997694969 0.09485030919313431 0.4749426245689392
v -0.04361937940120697 0.09385666251182556 0.4781583845615387
v -0.04164456948637962 0.09419970959424973 0.4749102294445038
v -0.04726641997694969 0.09485030919313431 0.4749426245689392
v -0.04164456948637962 0.09419970959424973 0.4749102294445038
v -0.03551309183239937 0.0943298190832138 0.46953174471855164
v -0.03551309183239937 0.0943298190832138 0.46953174471855164
v -0.03196160867810249 0.09392763674259186 0.4678388237953186
v -0.030082350596785545 0.09423519670963287 0.46350520849227905
v -0.03551309183239937 0.0943298190832138 0.46953174471855164
v -0.04164456948637962 0.09419970959424973 0.4749102294445038
v -0.0372171588242054 0.09392763674259186 0.47298240661621094
v -0.030114199966192245 0.09511055052280426 0.44063040614128113
v -0.025368280708789825 0.09409324079751968 0.4463491141796112
v -0.02555938996374607 0.09409324079751968 0.44063040614128113
v -0.04154900833964348 0.0955127701163292 0.46350520849227905
v -0.05298382043838501 0.09559556096792221 0.46922391653060913
v -0.04726641997694969 0.09539446979761124 0.46922391653060913
v -0.058701228350400925 0.09560739248991013 0.46922391653060913
v -0.058701228350400925 0.09511055052280426 0.4749426245689392
v -0.05298382043838501 0.09509871900081635 0.4749426245689392
v -0.058701228350400925 0.09560739248991013 0.46922391653060913
v -0.05298382043838501 0.09509871900081635 0.4749426245689392
v -0.05298382043838501 0.09559556096792221 0.46922391653060913
v -0.04154900833964348 0.0955127701163292 0.46350520849227905
v -0.03583161160349846 0.09507506340742111 0.46350520849227905
v -0.03583161160349846 0.09541813284158707 0.45778653025627136
v -0.03583161160349846 0.09541813284158707 0.45778653025627136
v -0.03583161160349846 0.09507506340742111 0.46350520849227905
v -0.030114199966192245 0.09489762783050537 0.45778653025627136
v -0.03583161160349846 0.09541813284158707 0.45778653025627136
v -0.030114199966192245 0.09489762783050537 0.45778653025627136
v -0.030114199966192245 0.09511055052280426 0.4520678222179413
v -0.030114199966192245 0.09511055052280426 0.4520678222179413
v -0.030114199966192245 0.09489762783050537 0.45778653025627136
v -0.026339760050177574 0.09408140927553177 0.45778653025627136
v -0.04726641997694969 0.09539446979761124 0.46922391653060913
v -0.04726641997694969 0.09485030919313431 0.4749426245689392
v -0.04154900833964348 0.0950632318854332 0.46922391653060913
v -0.030114199966192245 0.09511055052280426 0.4520678222179413
v -0.025782350450754166 0.09409324079751968 0.4520678222179413
v -0.025368280708789825 0.09409324079751968 0.4463491141796112
v -0.04154900833964348 0.0950632318854332 0.46922391653060913
v -0.04726641997694969 0.09485030919313431 0.4749426245689392
v -0.03551309183239937 0.0943298190832138 0.46953174471855164
v -0.04154900833964348 0.0950632318854332 0.46922391653060913
v -0.03551309183239937 0.0943298190832138 0.46953174471855164
v -0.03583161160349846 0.09507506340742111 0.46350520849227905
v -0.03583161160349846 0.09552457928657532 0.43491169810295105
v -0.030114199966192245 0.09502775967121124 0.43491169810295105
v -0.03583161160349846 0.09527616947889328 0.42919301986694336
v -0.04154900833964348 0.09560739248991013 0.42919301986694336
v -0.04154900833964348 0.09532348811626434 0.4234743118286133
v -0.04726641997694969 0.09556006640195847 0.4234743118286133
v -0.04154900833964348 0.09560739248991013 0.42919301986694336
v -0.04726641997694969 0.09556006640195847 0.4234743118286133
v -0.05298382043838501 0.09560739248991013 0.4234743118286133
v -0.04154900833964348 0.09560739248991013 0.42919301986694336
v -0.03583161160349846 0.09527616947889328 0.42919301986694336
v -0.04154900833964348 0.09532348811626434 0.4234743118286133
v -0.026339760050177574 0.09408140927553177 0.45778653025627136
v -0.026801610365509987 0.09389214962720871 0.46160170435905457
v -0.022501610219478607 0.09192848205566406 0.4463491141796112
v -0.030114199966192245 0.09511055052280426 0.44063040614128113
v -0.02555938996374607 0.09409324079751968 0.44063040614128113
v -0.030114199966192245 0.09502775967121124 0.43491169810295105
v -0.025782350450754166 0.09409324079751968 0.4520678222179413
v -0.022501610219478607 0.09192848205566406 0.4463491141796112
v -0.025368280708789825 0.09409324079751968 0.4463491141796112
v -0.025368280708789825 0.09409324079751968 0.4463491141796112
v -0.022501610219478607 0.09192848205566406 0.4463491141796112
v -0.02555938996374607 0.09409324079751968 0.44063040614128113
v -0.058701228350400925 0.09560739248991013 0.46922391653060913
v -0.07013604044914246 0.09560739248991013 0.46350520849227905
v -0.06441862881183624 0.09559556096792221 0.46922391653060913
v -0.058701228350400925 0.09560739248991013 0.46922391653060913
v -0.06441862881183624 0.09559556096792221 0.46922391653060913
v -0.06441862881183624 0.09509871900081635 0.4749426245689392
v -0.058701228350400925 0.09560739248991013 0.46922391653060913
v -0.06441862881183624 0.09509871900081635 0.4749426245689392
v -0.058701228350400925 0.09511055052280426 0.4749426245689392
v -0.05298382043838501 0.09559556096792221 0.46922391653060913
v -0.05298382043838501 0.09509871900081635 0.4749426245689392
v -0.04726641997694969 0.09539446979761124 0.46922391653060913
v -0.030114199966192245 0.09502775967121124 0.43491169810295105
v -0.026690129190683365 0.09392763674259186 0.43027034401893616
v -0.02960456907749176 0.09434165060520172 0.42869889736175537
v -0.04726641997694969 0.09507506340742111 0.4177556037902832
v -0.05287234112620354 0.09475568681955338 0.4152364730834961
v -0.058701228350400925 0.0949212908744812 0.4152364730834961
v -0.04154900833964348 0.09532348811626434 0.4234743118286133
v -0.04154900833964348 0.09464921802282333 0.4177556037902832
v -0.04726641997694969 0.09507506340742111 0.4177556037902832
v -0.04154900833964348 0.09532348811626434 0.4234743118286133
v -0.04726641997694969 0.09507506340742111 0.4177556037902832
v -0.04726641997694969 0.09556006640195847 0.4234743118286133
v -0.04726641997694969 0.09507506340742111 0.4177556037902832
v -0.04317345842719078 0.09424702823162079 0.4152364730834961
v -0.04726641997694969 0.09454275667667389 0.4152364730834961
v -0.05298382043838501 0.09516970068216324 0.4177556037902832
v -0.058701228350400925 0.0949212908744812 0.4152364730834961
v -0.058701228350400925 0.09524068236351013 0.4177556037902832
v -0.058701228350400925 0.09524068236351013 0.4177556037902832
v -0.058701228350400925 0.0949212908744812 0.4152364730834961
v -0.06441862881183624 0.09518153220415115 0.4177556037902832
v -0.058701228350400925 0.09524068236351013 0.4177556037902832
v -0.06441862881183624 0.09518153220415115 0.4177556037902832
v -0.07013604044914246 0.09559556096792221 0.4234743118286133
v -0.05298382043838501 0.09560739248991013 0.4234743118286133
v -0.058701228350400925 0.09524068236351013 0.4177556037902832
v -0.06441862881183624 0.09560739248991013 0.4234743118286133
v -0.026339760050177574 0.09408140927553177 0.45778653025627136
v -0.022501610219478607 0.09192848205566406 0.4463491141796112
v -0.025782350450754166 0.09409324079751968 0.4520678222179413
v -0.058701228350400925 0.09511055052280426 0.4749426245689392
v -0.06441862881183624 0.09509871900081635 0.4749426245689392
v -0.058701228350400925 0.09409324079751968 0.47917091846466064
v -0.058701228350400925 0.09511055052280426 0.4749426245689392
v -0.058701228350400925 0.09409324079751968 0.47917091846466064
v -0.05298382043838501 0.09509871900081635 0.4749426245689392
v -0.03583161160349846 0.09527616947889328 0.42919301986694336
v -0.03583161160349846 0.09479116648435593 0.4234743118286133
v -0.04154900833964348 0.09532348811626434 0.4234743118286133
v -0.03583161160349846 0.09527616947889328 0.42919301986694336
v -0.030114199966192245 0.09502775967121124 0.43491169810295105
v -0.03583161160349846 0.09479116648435593 0.4234743118286133
v -0.030114199966192245 0.09502775967121124 0.43491169810295105
v -0.02555938996374607 0.09409324079751968 0.44063040614128113
v -0.026132719591259956 0.09409324079751968 0.43491169810295105
v -0.030114199966192245 0.09502775967121124 0.43491169810295105
v -0.026132719591259956 0.09409324079751968 0.43491169810295105
v -0.026690129190683365 0.09392763674259186 0.43027034401893616
v -0.05298382043838501 0.09509871900081635 0.4749426245689392
v -0.058701228350400925 0.09409324079751968 0.47917091846466064
v -0.05298382043838501 0.09409324079751968 0.47896841168403625
v -0.030114199966192245 0.09502775967121124 0.43491169810295105
v -0.02960456907749176 0.09434165060520172 0.42869889736175537
v -0.03583161160349846 0.09479116648435593 0.4234743118286133
v -0.05298382043838501 0.09509871900081635 0.4749426245689392
v -0.04726641997694969 0.09404592216014862 0.478555291891098
v -0.04726641997694969 0.09485030919313431 0.4749426245689392
v -0.04726641997694969 0.09485030919313431 0.4749426245689392
v -0.04726641997694969 0.09404592216014862 0.478555291891098
v -0.04361937940120697 0.09385666251182556 0.4781583845615387
v -0.04154900833964348 0.09532348811626434 0.4234743118286133
v -0.03583161160349846 0.09479116648435593 0.4234743118286133
v -0.04154900833964348 0.09464921802282333 0.4177556037902832
v -0.04726641997694969 0.09556006640195847 0.4234743118286133
v -0.04726641997694969 0.09507506340742111 0.4177556037902832
v -0.05298382043838501 0.09516970068216324 0.4177556037902832
v -0.04726641997694969 0.09556006640195847 0.4234743118286133
v -0.05298382043838501 0.09516970068216324 0.4177556037902832
v -0.058701228350400925 0.09524068236351013 0.4177556037902832
v -0.04726641997694969 0.09556006640195847 0.4234743118286133
v -0.058701228350400925 0.09524068236351013 0.4177556037902832
v -0.05298382043838501 0.09560739248991013 0.4234743118286133
v -0.03551309183239937 0.0943298190832138 0.46953174471855164
v -0.0372171588242054 0.09392763674259186 0.47298240661621094
v -0.03196160867810249 0.09392763674259186 0.4678388237953186
v -0.02555938996374607 0.09409324079751968 0.44063040614128113
v -0.022501610219478607 0.09192848205566406 0.4463491141796112
v -0.026132719591259956 0.09409324079751968 0.43491169810295105
v -0.026801610365509987 0.09389214962720871 0.46160170435905457
v -0.03196160867810249 0.09392763674259186 0.4678388237953186
v -0.033394940197467804 0.09302859753370285 0.4716539680957794
v -0.026801610365509987 0.09389214962720871 0.46160170435905457
v -0.033394940197467804 0.09302859753370285 0.4716539680957794
v -0.020781610161066055 0.07718917727470398 0.46759581565856934
v -0.07013604044914246 0.09560739248991013 0.46350520849227905
v -0.0758693665266037 0.09560739248991013 0.45778653025627136
v -0.0758693665266037 0.09556006640195847 0.46350520849227905
v -0.07013604044914246 0.09560739248991013 0.46350520849227905
v -0.0758693665266037 0.09556006640195847 0.46350520849227905
v -0.06441862881183624 0.09559556096792221 0.46922391653060913
v -0.06441862881183624 0.09559556096792221 0.46922391653060913
v -0.0758693665266037 0.09556006640195847 0.46350520849227905
v -0.07013604044914246 0.0954417884349823 0.46922391653060913
v -0.06441862881183624 0.09559556096792221 0.46922391653060913
v -0.07013604044914246 0.0954417884349823 0.46922391653060913
v -0.06441862881183624 0.09509871900081635 0.4749426245689392
v -0.022501610219478607 0.09192848205566406 0.4463491141796112
v -0.015557910315692425 0.07676331698894501 0.4558100998401642
v -0.015223469585180283 0.07717735320329666 0.4520678222179413
v -0.033394940197467804 0.09302859753370285 0.4716539680957794
v -0.03758345916867256 0.07711820304393768 0.4841606020927429
v -0.03129272162914276 0.07747308164834976 0.4791628122329712
v -0.022501610219478607 0.09192848205566406 0.4463491141796112
v -0.014968650415539742 0.07744941860437393 0.4463491141796112
v -0.015096060000360012 0.07731928676366806 0.44063040614128113
v -0.022501610219478607 0.09192848205566406 0.4463491141796112
v -0.015096060000360012 0.07731928676366806 0.44063040614128113
v -0.022501610219478607 0.09075737744569778 0.44035500288009644
v -0.020781610161066055 0.07718917727470398 0.46759581565856934
v -0.009856429882347584 0.05380266159772873 0.46131008863449097
v -0.015557910315692425 0.07676331698894501 0.4558100998401642
v -0.015557910315692425 0.07676331698894501 0.4558100998401642
v -0.009856429882347584 0.05380266159772873 0.46131008863449097
v -0.008311619982123375 0.05069155991077423 0.45778653025627136
v -0.015557910315692425 0.07676331698894501 0.4558100998401642
v -0.008311619982123375 0.05069155991077423 0.45778653025627136
v -0.007292349822819233 0.05069155991077423 0.4520678222179413
v -0.015557910315692425 0.07676331698894501 0.4558100998401642
v -0.007292349822819233 0.05069155991077423 0.4520678222179413
v -0.015223469585180283 0.07717735320329666 0.4520678222179413
v -0.026690129190683365 0.09392763674259186 0.43027034401893616
v -0.022501610219478607 0.09075737744569778 0.44035500288009644
v -0.01543049979954958 0.07691711187362671 0.43615102767944336
v -0.030082350596785545 0.09423519670963287 0.46350520849227905
v -0.03196160867810249 0.09392763674259186 0.4678388237953186
v -0.026801610365509987 0.09389214962720871 0.46160170435905457
v -0.026690129190683365 0.09392763674259186 0.43027034401893616
v -0.027374939993023872 0.09346628934144974 0.42645516991615295
v -0.03258271887898445 0.09383299946784973 0.42020183801651
v -0.026690129190683365 0.09392763674259186 0.43027034401893616
v -0.03258271887898445 0.09383299946784973 0.42020183801651
v -0.031340498477220535 0.09402228146791458 0.4234743118286133
v -0.026801610365509987 0.09389214962720871 0.46160170435905457
v -0.020781610161066055 0.07718917727470398 0.46759581565856934
v -0.015557910315692425 0.07676331698894501 0.4558100998401642
v -0.026801610365509987 0.09389214962720871 0.46160170435905457
v -0.015557910315692425 0.07676331698894501 0.4558100998401642
v -0.022501610219478607 0.09192848205566406 0.4463491141796112
v -0.022501610219478607 0.09192848205566406 0.4463491141796112
v -0.022501610219478607 0.09075737744569778 0.44035500288009644
v -0.026690129190683365 0.09392763674259186 0.43027034401893616
v -0.022501610219478607 0.09192848205566406 0.4463491141796112
v -0.026690129190683365 0.09392763674259186 0.43027034401893616
v -0.026132719591259956 0.09409324079751968 0.43491169810295105
v -0.04726641997694969 0.09507506340742111 0.4177556037902832
v -0.04726641997694969 0.09454275667667389 0.4152364730834961
v -0.05287234112620354 0.09475568681955338 0.4152364730834961
v -0.022501610219478607 0.09192848205566406 0.4463491141796112
v -0.015223469585180283 0.07717735320329666 0.4520678222179413
v -0.014968650415539742 0.07744941860437393 0.4463491141796112
v -0.04726641997694969 0.09507506340742111 0.4177556037902832
v -0.058701228350400925 0.0949212908744812 0.4152364730834961
v -0.05298382043838501 0.09516970068216324 0.4177556037902832
v -0.04726641997694969 0.09507506340742111 0.4177556037902832
v -0.04154900833964348 0.09412872791290283 0.4152364730834961
v -0.04317345842719078 0.09424702823162079 0.4152364730834961
v -0.03583161160349846 0.09479116648435593 0.4234743118286133
v -0.02960456907749176 0.09434165060520172 0.42869889736175537
v -0.031340498477220535 0.09402228146791458 0.4234743118286133
v -0.03583161160349846 0.09479116648435593 0.4234743118286133
v -0.031340498477220535 0.09402228146791458 0.4234743118286133
v -0.03258271887898445 0.09383299946784973 0.42020183801651
v -0.03583161160349846 0.09479116648435593 0.4234743118286133
v -0.03258271887898445 0.09383299946784973 0.42020183801651
v -0.03627752885222435 0.09401044994592667 0.4180796146392822
v -0.03583161160349846 0.09479116648435593 0.4234743118286133
v -0.03627752885222435 0.09401044994592667 0.4180796146392822
v -0.04154900833964348 0.09464921802282333 0.4177556037902832
v -0.058701228350400925 0.09524068236351013 0.4177556037902832
v -0.07013604044914246 0.09559556096792221 0.4234743118286133
v -0.06441862881183624 0.09560739248991013 0.4234743118286133
v -0.026690129190683365 0.09392763674259186 0.43027034401893616
v -0.01543049979954958 0.07691711187362671 0.43615102767944336
v -0.027374939993023872 0.09346628934144974 0.42645516991615295
v -0.06441862881183624 0.09509871900081635 0.4749426245689392
v -0.07013604044914246 0.0954417884349823 0.46922391653060913
v -0.07013604044914246 0.09490945935249329 0.4749426245689392
v -0.06441862881183624 0.09509871900081635 0.4749426245689392
v -0.07013604044914246 0.09490945935249329 0.4749426245689392
v -0.07013604044914246 0.09406957775354385 0.4786525070667267
v -0.026690129190683365 0.09392763674259186 0.43027034401893616
v -0.031340498477220535 0.09402228146791458 0.4234743118286133
v -0.02960456907749176 0.09434165060520172 0.42869889736175537
v -0.04154900833964348 0.09464921802282333 0.4177556037902832
v -0.04154900833964348 0.09412872791290283 0.4152364730834961
v -0.04726641997694969 0.09507506340742111 0.4177556037902832
v -0.04154900833964348 0.09464921802282333 0.4177556037902832
v -0.03627752885222435 0.09401044994592667 0.4180796146392822
v -0.03898493945598602 0.09385666251182556 0.4152364730834961
v -0.04154900833964348 0.09464921802282333 0.4177556037902832
v -0.03898493945598602 0.09385666251182556 0.4152364730834961
v -0.04154900833964348 0.09412872791290283 0.4152364730834961
v -0.0758693665266037 0.09560739248991013 0.45778653025627136
v -0.08158677816390991 0.09560739248991013 0.4520678222179413
v -0.0758693665266037 0.09556006640195847 0.46350520849227905
v -0.04154900833964348 0.09412872791290283 0.4152364730834961
v -0.012340879999101162 -0.019361529499292374 0.4152364730834961
v -0.015350869856774807 -0.020852020010352135 0.4152364730834961
v -0.0758693665266037 0.09556006640195847 0.46350520849227905
v -0.08158677816390991 0.09560739248991013 0.4520678222179413
v -0.08158677816390991 0.09547728300094604 0.45778653025627136
v -0.0758693665266037 0.09556006640195847 0.46350520849227905
v -0.08158677816390991 0.09547728300094604 0.45778653025627136
v -0.08158677816390991 0.09518153220415115 0.46350520849227905
v -0.04154900833964348 0.09412872791290283 0.4152364730834961
v -0.02059050090610981 -0.023040439933538437 0.4152364730834961
v -0.024380870163440704 -0.024412639439105988 0.4152364730834961
v -0.04154900833964348 0.09412872791290283 0.4152364730834961
v -0.024380870163440704 -0.024412639439105988 0.4152364730834961
v -0.030114199966192245 -0.02522885985672474 0.4152364730834961
v -0.04154900833964348 0.09412872791290283 0.4152364730834961
v -0.030114199966192245 -0.02522885985672474 0.4152364730834961
v -0.15592896938323975 -0.017882870510220528 0.4152364730834961
v -0.04154900833964348 0.09412872791290283 0.4152364730834961
v -0.15592896938323975 -0.017882870510220528 0.4152364730834961
v -0.16182155907154083 -0.017303230240941048 0.4152364730834961
v -0.04726641997694969 0.09404592216014862 0.478555291891098
v -0.05298382043838501 0.09072189033031464 0.4813903570175171
v -0.04361937940120697 0.09385666251182556 0.4781583845615387
v -0.06441862881183624 0.09560739248991013 0.4234743118286133
v -0.07013604044914246 0.09559556096792221 0.4234743118286133
v -0.0758693665266037 0.09560739248991013 0.42919301986694336
v -0.04361937940120697 0.09385666251182556 0.4781583845615387
v -0.033394940197467804 0.09302859753370285 0.4716539680957794
v -0.0372171588242054 0.09392763674259186 0.47298240661621094
v -0.04361937940120697 0.09385666251182556 0.4781583845615387
v -0.0372171588242054 0.09392763674259186 0.47298240661621094
v -0.04164456948637962 0.09419970959424973 0.4749102294445038
v -0.06441862881183624 0.09509871900081635 0.4749426245689392
v -0.07013604044914246 0.09406957775354385 0.4786525070667267
v -0.06441862881183624 0.09409324079751968 0.47902509570121765
v -0.06441862881183624 0.09509871900081635 0.4749426245689392
v -0.06441862881183624 0.09409324079751968 0.47902509570121765
v -0.058701228350400925 0.09409324079751968 0.47917091846466064
v -0.058701228350400925 0.09409324079751968 0.47917091846466064
v -0.06441862881183624 0.09409324079751968 0.47902509570121765
v -0.058701228350400925 0.09072189033031464 0.4818763732910156
v -0.058701228350400925 0.09409324079751968 0.47917091846466064
v -0.058701228350400925 0.09072189033031464 0.4818763732910156
v -0.05298382043838501 0.09409324079751968 0.47896841168403625
v -0.033394940197467804 0.09302859753370285 0.4716539680957794
v -0.02583012916147709 0.07748491317033768 0.47375190258026123
v -0.020781610161066055 0.07718917727470398 0.46759581565856934
v -0.0758693665266037 0.09556006640195847 0.46350520849227905
v -0.0758693665266037 0.09515786916017532 0.46922391653060913
v -0.07013604044914246 0.0954417884349823 0.46922391653060913
v -0.020781610161066055 0.07718917727470398 0.46759581565856934
v -0.02583012916147709 0.07748491317033768 0.47375190258026123
v -0.015382730402052402 0.053956449031829834 0.4727475047111511
v -0.020781610161066055 0.07718917727470398 0.46759581565856934
v -0.015382730402052402 0.053956449031829834 0.4727475047111511
v -0.009856429882347584 0.05380266159772873 0.46131008863449097
v -0.0758693665266037 0.09556006640195847 0.46350520849227905
v -0.08158677816390991 0.09518153220415115 0.46350520849227905
v -0.0758693665266037 0.09515786916017532 0.46922391653060913
v -0.07013604044914246 0.0954417884349823 0.46922391653060913
v -0.0758693665266037 0.09515786916017532 0.46922391653060913
v -0.07013604044914246 0.09490945935249329 0.4749426245689392
v -0.05298382043838501 0.09409324079751968 0.47896841168403625
v -0.058701228350400925 0.09072189033031464 0.4818763732910156
v -0.04726641997694969 0.09404592216014862 0.478555291891098
v -0.04726641997694969 0.09404592216014862 0.478555291891098
v -0.058701228350400925 0.09072189033031464 0.4818763732910156
v -0.05298382043838501 0.09072189033031464 0.4813903570175171
v -0.022501610219478607 0.09075737744569778 0.44035500288009644
v -0.015096060000360012 0.07731928676366806 0.44063040614128113
v -0.01543049979954958 0.07691711187362671 0.43615102767944336
v -0.04361937940120697 0.09385666251182556 0.4781583845615387
v -0.03758345916867256 0.07711820304393768 0.4841606020927429
v -0.033394940197467804 0.09302859753370285 0.4716539680957794
v -0.015223469585180283 0.07717735320329666 0.4520678222179413
v -0.006878280080854893 0.05069155991077423 0.4463491141796112
v -0.014968650415539742 0.07744941860437393 0.4463491141796112
v -0.014968650415539742 0.07744941860437393 0.4463491141796112
v -0.006878280080854893 0.05069155991077423 0.4463491141796112
v -0.015096060000360012 0.07731928676366806 0.44063040614128113
v -0.04361937940120697 0.09385666251182556 0.4781583845615387
v -0.05298382043838501 0.09072189033031464 0.4813903570175171
v -0.049862340092659 0.07652673870325089 0.4893122911453247
v -0.04361937940120697 0.09385666251182556 0.4781583845615387
v -0.049862340092659 0.07652673870325089 0.4893122911453247
v -0.03758345916867256 0.07711820304393768 0.4841606020927429
v -0.03196160867810249 0.09392763674259186 0.4678388237953186
v -0.0372171588242054 0.09392763674259186 0.47298240661621094
v -0.033394940197467804 0.09302859753370285 0.4716539680957794
v -0.033394940197467804 0.09302859753370285 0.4716539680957794
v -0.03129272162914276 0.07747308164834976 0.4791628122329712
v -0.02583012916147709 0.07748491317033768 0.47375190258026123
v -0.03258271887898445 0.09383299946784973 0.42020183801651
v -0.026339760050177574 0.07699991762638092 0.4152364730834961
v -0.03815678879618645 0.0937383621931076 0.4152364730834961
v -0.07013604044914246 0.09490945935249329 0.4749426245689392
v -0.07590121775865555 0.09424702823162079 0.47500744462013245
v -0.07400604337453842 0.09389214962720871 0.47822320461273193
v -0.03627752885222435 0.09401044994592667 0.4180796146392822
v -0.03815678879618645 0.0937383621931076 0.4152364730834961
v -0.03898493945598602 0.09385666251182556 0.4152364730834961
v -0.01543049979954958 0.07691711187362671 0.43615102767944336
v -0.0070693898014724255 0.05069155991077423 0.44063040614128113
v -0.00786568969488144 0.05069155991077423 0.43491169810295105
v -0.07013604044914246 0.09406957775354385 0.4786525070667267
v -0.06441862881183624 0.09072189033031464 0.48154425621032715
v -0.06441862881183624 0.09409324079751968 0.47902509570121765
v -0.06441862881183624 0.09409324079751968 0.47902509570121765
v -0.06441862881183624 0.09072189033031464 0.48154425621032715
v -0.058701228350400925 0.09072189033031464 0.4818763732910156
v -0.058701228350400925 0.09072189033031464 0.4818763732910156
v -0.06441862881183624 0.09072189033031464 0.48154425621032715
v -0.06441862881183624 0.07689344882965088 0.48957961797714233
v -0.058701228350400925 0.09072189033031464 0.4818763732910156
v -0.06441862881183624 0.07689344882965088 0.48957961797714233
v -0.058701228350400925 0.07710637152194977 0.48974162340164185
v -0.04154900833964348 0.09412872791290283 0.4152364730834961
v -0.03815678879618645 0.0937383621931076 0.4152364730834961
v -0.026339760050177574 0.07699991762638092 0.4152364730834961
v -0.015223469585180283 0.07717735320329666 0.4520678222179413
v -0.007292349822819233 0.05069155991077423 0.4520678222179413
v -0.006878280080854893 0.05069155991077423 0.4463491141796112
v -0.04154900833964348 0.09412872791290283 0.4152364730834961
v -0.01622680015861988 0.050703391432762146 0.4152364730834961
v -0.007642730139195919 0.004935840144753456 0.4152364730834961
v -0.04154900833964348 0.09412872791290283 0.4152364730834961
v -0.007642730139195919 0.004935840144753456 0.4152364730834961
v -0.006862360052764416 -0.0007776999846100807 0.4152364730834961
v -0.015096060000360012 0.07731928676366806 0.44063040614128113
v -0.006878280080854893 0.05069155991077423 0.4463491141796112
v -0.0070693898014724255 0.05069155991077423 0.44063040614128113
v -0.015096060000360012 0.07731928676366806 0.44063040614128113
v -0.0070693898014724255 0.05069155991077423 0.44063040614128113
v -0.01543049979954958 0.07691711187362671 0.43615102767944336
v -0.03258271887898445 0.09383299946784973 0.42020183801651
v -0.027374939993023872 0.09346628934144974 0.42645516991615295
v -0.02146643027663231 0.07649125158786774 0.4205339550971985
v -0.03258271887898445 0.09383299946784973 0.42020183801651
v -0.02146643027663231 0.07649125158786774 0.4205339550971985
v -0.026339760050177574 0.07699991762638092 0.4152364730834961
v -0.04154900833964348 0.09412872791290283 0.4152364730834961
v -0.010764209553599358 -0.018509820103645325 0.4152364730834961
v -0.012340879999101162 -0.019361529499292374 0.4152364730834961
v -0.03258271887898445 0.09383299946784973 0.42020183801651
v -0.03815678879618645 0.0937383621931076 0.4152364730834961
v -0.03627752885222435 0.09401044994592667 0.4180796146392822
v -0.04154900833964348 0.09412872791290283 0.4152364730834961
v -0.015350869856774807 -0.020852020010352135 0.4152364730834961
v -0.01866346038877964 -0.022342510521411896 0.4152364730834961
v -0.04154900833964348 0.09412872791290283 0.4152364730834961
v -0.01866346038877964 -0.022342510521411896 0.4152364730834961
v -0.02059050090610981 -0.023040439933538437 0.4152364730834961
v -0.01543049979954958 0.07691711187362671 0.43615102767944336
v -0.00786568969488144 0.05069155991077423 0.43491169810295105
v -0.009665319696068764 0.0540037602186203 0.43065914511680603
v -0.01543049979954958 0.07691711187362671 0.43615102767944336
v -0.009665319696068764 0.0540037602186203 0.43065914511680603
v -0.02146643027663231 0.07649125158786774 0.4205339550971985
v -0.01543049979954958 0.07691711187362671 0.43615102767944336
v -0.02146643027663231 0.07649125158786774 0.4205339550971985
v -0.027374939993023872 0.09346628934144974 0.42645516991615295
v -0.04154900833964348 0.09412872791290283 0.4152364730834961
v -0.03898493945598602 0.09385666251182556 0.4152364730834961
v -0.03815678879618645 0.0937383621931076 0.4152364730834961
v -0.04154900833964348 0.09412872791290283 0.4152364730834961
v -0.16182155907154083 -0.017303230240941048 0.4152364730834961
v -0.16559600830078125 -0.01588371954858303 0.4152364730834961
v -0.04154900833964348 0.09412872791290283 0.4152364730834961
v -0.026339760050177574 0.07699991762638092 0.4152364730834961
v -0.01622680015861988 0.050703391432762146 0.4152364730834961
v -0.04154900833964348 0.09412872791290283 0.4152364730834961
v -0.16671082377433777 -0.014570659957826138 0.4152364730834961
v -0.16792118549346924 -0.012441390193998814 0.4152364730834961
v -0.04154900833964348 0.09412872791290283 0.4152364730834961
v -0.16792118549346924 -0.012441390193998814 0.4152364730834961
v -0.16908377408981323 -0.009010889567434788 0.4152364730834961
v -0.04154900833964348 0.09412872791290283 0.4152364730834961
v -0.006862360052764416 -0.0007776999846100807 0.4152364730834961
v -0.006559770088642836 -0.006503089796751738 0.4152364730834961
v -0.04154900833964348 0.09412872791290283 0.4152364730834961
v -0.006559770088642836 -0.006503089796751738 0.4152364730834961
v -0.007085320074111223 -0.012216630391776562 0.4152364730834961
v -0.04154900833964348 0.09412872791290283 0.4152364730834961
v -0.007085320074111223 -0.012216630391776562 0.4152364730834961
v -0.00885310024023056 -0.01685371994972229 0.4152364730834961
v -0.04154900833964348 0.09412872791290283 0.4152364730834961
v -0.00885310024023056 -0.01685371994972229 0.4152364730834961
v -0.010764209553599358 -0.018509820103645325 0.4152364730834961
v -0.04154900833964348 0.09412872791290283 0.4152364730834961
v -0.0795004814863205 0.09383299946784973 0.4152364730834961
v -0.0758693665266037 0.09422337263822556 0.4152364730834961
v -0.015382730402052402 0.053956449031829834 0.4727475047111511
v -0.014952730387449265 0.05069155991077423 0.47341981530189514
v -0.01277086976915598 0.05069155991077423 0.46922391653060913
v -0.04154900833964348 0.09412872791290283 0.4152364730834961
v -0.06803382188081741 0.09473203122615814 0.4152364730834961
v -0.06191825866699219 0.09488579630851746 0.4152364730834961
v -0.04154900833964348 0.09412872791290283 0.4152364730834961
v -0.06191825866699219 0.09488579630851746 0.4152364730834961
v -0.058701228350400925 0.0949212908744812 0.4152364730834961
v -0.009856429882347584 0.05380266159772873 0.46131008863449097
v -0.010764209553599358 0.05069155991077423 0.4648984372615814
v -0.009537910111248493 0.05069155991077423 0.46203911304473877
v -0.009856429882347584 0.05380266159772873 0.46131008863449097
v -0.009537910111248493 0.05069155991077423 0.46203911304473877
v -0.008311619982123375 0.05069155991077423 0.45778653025627136
v -0.008311619982123375 0.05069155991077423 0.45778653025627136
v -0.007897539995610714 0.04496617987751961 0.45778653025627136
v -0.006830510217696428 0.04496617987751961 0.4520678222179413
v -0.008311619982123375 0.05069155991077423 0.45778653025627136
v -0.006830510217696428 0.04496617987751961 0.4520678222179413
v -0.007292349822819233 0.05069155991077423 0.4520678222179413
v -0.06441862881183624 0.09518153220415115 0.4177556037902832
v -0.06191825866699219 0.09488579630851746 0.4152364730834961
v -0.07013604044914246 0.09509871900081635 0.4177556037902832
v -0.04154900833964348 0.09412872791290283 0.4152364730834961
v -0.16559600830078125 -0.01588371954858303 0.4152364730834961
v -0.16671082377433777 -0.014570659957826138 0.4152364730834961
v -0.07013604044914246 0.09559556096792221 0.4234743118286133
v -0.07013604044914246 0.09509871900081635 0.4177556037902832
v -0.0758693665266037 0.09535898268222809 0.4234743118286133
v -0.07013604044914246 0.09559556096792221 0.4234743118286133
v -0.0758693665266037 0.09535898268222809 0.4234743118286133
v -0.0758693665266037 0.09560739248991013 0.42919301986694336
v -0.04154900833964348 0.09412872791290283 0.4152364730834961
v -0.16908377408981323 -0.009010889567434788 0.4152364730834961
v -0.16909970343112946 -0.006503089796751738 0.4152364730834961
v -0.04154900833964348 0.09412872791290283 0.4152364730834961
v -0.16909970343112946 -0.006503089796751738 0.4152364730834961
v -0.16779378056526184 -0.0034866200294345617 0.4152364730834961
v -0.04154900833964348 0.09412872791290283 0.4152364730834961
v -0.16779378056526184 -0.0034866200294345617 0.4152364730834961
v -0.16661526262760162 -0.0013336900155991316 0.4152364730834961
v -0.04154900833964348 0.09412872791290283 0.4152364730834961
v -0.16661526262760162 -0.0013336900155991316 0.4152364730834961
v -0.0795004814863205 0.09383299946784973 0.4152364730834961
v -0.07013604044914246 0.09490945935249329 0.4749426245689392
v -0.08158677816390991 0.09457823634147644 0.46922391653060913
v -0.07590121775865555 0.09424702823162079 0.47500744462013245
v -0.04154900833964348 0.09412872791290283 0.4152364730834961
v -0.0758693665266037 0.09422337263822556 0.4152364730834961
v -0.06803382188081741 0.09473203122615814 0.4152364730834961
v -0.07013604044914246 0.09490945935249329 0.4749426245689392
v -0.07400604337453842 0.09389214962720871 0.47822320461273193
v -0.07013604044914246 0.09406957775354385 0.4786525070667267
v -0.07013604044914246 0.09406957775354385 0.4786525070667267
v -0.07400604337453842 0.09389214962720871 0.47822320461273193
v -0.06441862881183624 0.09072189033031464 0.48154425621032715
v -0.04154900833964348 0.09412872791290283 0.4152364730834961
v -0.058701228350400925 0.0949212908744812 0.4152364730834961
v -0.05287234112620354 0.09475568681955338 0.4152364730834961
v -0.04154900833964348 0.09412872791290283 0.4152364730834961
v -0.05287234112620354 0.09475568681955338 0.4152364730834961
v -0.04726641997694969 0.09454275667667389 0.4152364730834961
v -0.04154900833964348 0.09412872791290283 0.4152364730834961
v -0.04726641997694969 0.09454275667667389 0.4152364730834961
v -0.04317345842719078 0.09424702823162079 0.4152364730834961
v -0.058701228350400925 0.0949212908744812 0.4152364730834961
v -0.06191825866699219 0.09488579630851746 0.4152364730834961
v -0.06441862881183624 0.09518153220415115 0.4177556037902832
v -0.058701228350400925 0.09072189033031464 0.4818763732910156
v -0.058701228350400925 0.07710637152194977 0.48974162340164185
v -0.05298382043838501 0.0768342986702919 0.489531010389328
v -0.06441862881183624 0.09518153220415115 0.4177556037902832
v -0.07013604044914246 0.09509871900081635 0.4177556037902832
v -0.07013604044914246 0.09559556096792221 0.4234743118286133
v -0.08158677816390991 0.09560739248991013 0.4520678222179413
v -0.08158677816390991 0.09560739248991013 0.44063040614128113
v -0.08730418235063553 0.09515786916017532 0.4463491141796112
v -0.08158677816390991 0.09560739248991013 0.4520678222179413
v -0.08730418235063553 0.09515786916017532 0.4463491141796112
v -0.08730418235063553 0.09512238204479218 0.4520678222179413
v -0.0758693665266037 0.09560739248991013 0.42919301986694336
v -0.0758693665266037 0.09535898268222809 0.4234743118286133
v -0.08158677816390991 0.09532348811626434 0.42919301986694336
v -0.0758693665266037 0.09560739248991013 0.42919301986694336
v -0.08158677816390991 0.09532348811626434 0.42919301986694336
v -0.08158677816390991 0.09557189792394638 0.43491169810295105
v -0.0758693665266037 0.09560739248991013 0.42919301986694336
v -0.08158677816390991 0.09557189792394638 0.43491169810295105
v -0.08158677816390991 0.09560739248991013 0.44063040614128113
v -0.07013604044914246 0.09490945935249329 0.4749426245689392
v -0.0758693665266037 0.09515786916017532 0.46922391653060913
v -0.08158677816390991 0.09457823634147644 0.46922391653060913
v -0.08158677816390991 0.09518153220415115 0.46350520849227905
v -0.08730418235063553 0.09498044103384018 0.45778653025627136
v -0.08158677816390991 0.09457823634147644 0.46922391653060913
v -0.08158677816390991 0.09560739248991013 0.44063040614128113
v -0.08730418235063553 0.09513421356678009 0.44063040614128113
v -0.08730418235063553 0.09515786916017532 0.4463491141796112
v -0.03758345916867256 0.07711820304393768 0.4841606020927429
v -0.049862340092659 0.07652673870325089 0.4893122911453247
v -0.044160861521959305 0.053637050092220306 0.49503907561302185
v -0.03758345916867256 0.07711820304393768 0.4841606020927429
v -0.044160861521959305 0.053637050092220306 0.49503907561302185
v -0.03240754082798958 0.05388547107577324 0.48957961797714233
v -0.08158677816390991 0.09457823634147644 0.46922391653060913
v -0.08552048355340958 0.09385666251182556 0.46922391653060913
v -0.08446937054395676 0.09360823035240173 0.47210758924484253
v -0.08158677816390991 0.09457823634147644 0.46922391653060913
v -0.08446937054395676 0.09360823035240173 0.47210758924484253
v -0.07400604337453842 0.09389214962720871 0.47822320461273193
v -0.08158677816390991 0.09457823634147644 0.46922391653060913
v -0.07400604337453842 0.09389214962720871 0.47822320461273193
v -0.07590121775865555 0.09424702823162079 0.47500744462013245
v -0.07400604337453842 0.09389214962720871 0.47822320461273193
v -0.0677630826830864 0.07659771293401718 0.4893527925014496
v -0.06441862881183624 0.09072189033031464 0.48154425621032715
v -0.03129272162914276 0.07747308164834976 0.4791628122329712
v -0.03240754082798958 0.05388547107577324 0.48957961797714233
v -0.026164570823311806 0.05426400899887085 0.4844197928905487
v -0.058701228350400925 0.09072189033031464 0.4818763732910156
v -0.05298382043838501 0.0768342986702919 0.489531010389328
v -0.05298382043838501 0.09072189033031464 0.4813903570175171
v -0.03129272162914276 0.07747308164834976 0.4791628122329712
v -0.022437909618020058 0.05069155991077423 0.48262158036231995
v -0.02758198045194149 0.0735694169998169 0.4774779975414276
v -0.03129272162914276 0.07747308164834976 0.4791628122329712
v -0.02758198045194149 0.0735694169998169 0.4774779975414276
v -0.02583012916147709 0.07748491317033768 0.47375190258026123
v -0.08158677816390991 0.09560739248991013 0.4520678222179413
v -0.08730418235063553 0.09512238204479218 0.4520678222179413
v -0.08158677816390991 0.09547728300094604 0.45778653025627136
v -0.0758693665266037 0.09515786916017532 0.46922391653060913
v -0.08158677816390991 0.09518153220415115 0.46350520849227905
v -0.08158677816390991 0.09457823634147644 0.46922391653060913
v -0.08158677816390991 0.09547728300094604 0.45778653025627136
v -0.08730418235063553 0.09512238204479218 0.4520678222179413
v -0.08730418235063553 0.09498044103384018 0.45778653025627136
v -0.08158677816390991 0.09547728300094604 0.45778653025627136
v -0.08730418235063553 0.09498044103384018 0.45778653025627136
v -0.08158677816390991 0.09518153220415115 0.46350520849227905
v -0.015382730402052402 0.053956449031829834 0.4727475047111511
v -0.016943469643592834 0.05069155991077423 0.4762791693210602
v -0.014952730387449265 0.05069155991077423 0.47341981530189514
v -0.05298382043838501 0.09072189033031464 0.4813903570175171
v -0.05298382043838501 0.0768342986702919 0.489531010389328
v -0.049862340092659 0.07652673870325089 0.4893122911453247
v -0.015382730402052402 0.053956449031829834 0.4727475047111511
v -0.01277086976915598 0.05069155991077423 0.46922391653060913
v -0.009856429882347584 0.05380266159772873 0.46131008863449097
v -0.009856429882347584 0.05380266159772873 0.46131008863449097
v -0.01277086976915598 0.05069155991077423 0.46922391653060913
v -0.010764209553599358 0.05069155991077423 0.4648984372615814
v -0.03758345916867256 0.07711820304393768 0.4841606020927429
v -0.03240754082798958 0.05388547107577324 0.48957961797714233
v -0.03129272162914276 0.07747308164834976 0.4791628122329712
v -0.049862340092659 0.07652673870325089 0.4893122911453247
v -0.05298382043838501 0.0768342986702919 0.489531010389328
v -0.05298382043838501 0.05069155991077423 0.4972018301486969
v -0.049862340092659 0.07652673870325089 0.4893122911453247
v -0.05298382043838501 0.05069155991077423 0.4972018301486969
v -0.04726641997694969 0.05402741953730583 0.4953955113887787
v -0.049862340092659 0.07652673870325089 0.4893122911453247
v -0.04726641997694969 0.05402741953730583 0.4953955113887787
v -0.044160861521959305 0.053637050092220306 0.49503907561302185
v -0.008311619982123375 0.05069155991077423 0.45778653025627136
v -0.009537910111248493 0.05069155991077423 0.46203911304473877
v -0.007897539995610714 0.04496617987751961 0.45778653025627136
v -0.03129272162914276 0.07747308164834976 0.4791628122329712
v -0.026164570823311806 0.05426400899887085 0.4844197928905487
v -0.022437909618020058 0.05069155991077423 0.48262158036231995
v -0.007292349822819233 0.05069155991077423 0.4520678222179413
v -0.00640051020309329 0.04496617987751961 0.4463491141796112
v -0.006878280080854893 0.05069155991077423 0.4463491141796112
v -0.006878280080854893 0.05069155991077423 0.4463491141796112
v -0.00640051020309329 0.04496617987751961 0.4463491141796112
v -0.0070693898014724255 0.05069155991077423 0.44063040614128113
v -0.02583012916147709 0.07748491317033768 0.47375190258026123
v -0.02758198045194149 0.0735694169998169 0.4774779975414276
v -0.022437909618020058 0.05069155991077423 0.48262158036231995
v -0.02583012916147709 0.07748491317033768 0.47375190258026123
v -0.022437909618020058 0.05069155991077423 0.48262158036231995
v -0.019810130819678307 0.05069155991077423 0.4797622263431549
v -0.02583012916147709 0.07748491317033768 0.47375190258026123
v -0.019810130819678307 0.05069155991077423 0.4797622263431549
v -0.016943469643592834 0.05069155991077423 0.4762791693210602
v -0.02583012916147709 0.07748491317033768 0.47375190258026123
v -0.016943469643592834 0.05069155991077423 0.4762791693210602
v -0.015382730402052402 0.053956449031829834 0.4727475047111511
v -0.02146643027663231 0.07649125158786774 0.4205339550971985
v -0.014379389584064484 0.05069155991077423 0.41820111870765686
v -0.016147170215845108 0.05069155991077423 0.4153417646884918
v -0.05298382043838501 0.05069155991077423 0.4972018301486969
v -0.058701228350400925 0.05069155991077423 0.4975258409976959
v -0.058701228350400925 0.04496617987751961 0.4979875385761261
v -0.02146643027663231 0.07649125158786774 0.4205339550971985
v -0.01622680015861988 0.050703391432762146 0.4152364730834961
v -0.026339760050177574 0.07699991762638092 0.4152364730834961
v -0.00786568969488144 0.05069155991077423 0.43491169810295105
v -0.0066075399518013 0.04496617987751961 0.44063040614128113
v -0.007419759873300791 0.04496617987751961 0.43491169810295105
v -0.026164570823311806 0.05426400899887085 0.4844197928905487
v -0.02530457079410553 0.05069155991077423 0.48515692353248596
v -0.022437909618020058 0.05069155991077423 0.48262158036231995
v -0.022437909618020058 0.05069155991077423 0.48262158036231995
v -0.02530457079410553 0.05069155991077423 0.48515692353248596
v -0.022135309875011444 0.04496617987751961 0.4829212725162506
v -0.022437909618020058 0.05069155991077423 0.48262158036231995
v -0.022135309875011444 0.04496617987751961 0.4829212725162506
v -0.019810130819678307 0.05069155991077423 0.4797622263431549
v -0.019810130819678307 0.05069155991077423 0.4797622263431549
v -0.01953938975930214 0.04496617987751961 0.48006194829940796
v -0.016943469643592834 0.05069155991077423 0.4762791693210602
v -0.009665319696068764 0.0540037602186203 0.43065914511680603
v -0.01030236016958952 0.05069155991077423 0.4268439710140228
v -0.011719769798219204 0.05069155991077423 0.4234743118286133
v -0.007292349822819233 0.05069155991077423 0.4520678222179413
v -0.006830510217696428 0.04496617987751961 0.4520678222179413
v -0.00640051020309329 0.04496617987751961 0.4463491141796112
v -0.07013604044914246 0.09509871900081635 0.4177556037902832
v -0.0758693665266037 0.09474386274814606 0.4177556037902832
v -0.0758693665266037 0.09535898268222809 0.4234743118286133
v -0.07013604044914246 0.09509871900081635 0.4177556037902832
v -0.06803382188081741 0.09473203122615814 0.4152364730834961
v -0.0758693665266037 0.09474386274814606 0.4177556037902832
v -0.0070693898014724255 0.05069155991077423 0.44063040614128113
v -0.00640051020309329 0.04496617987751961 0.4463491141796112
v -0.0066075399518013 0.04496617987751961 0.44063040614128113
v -0.0070693898014724255 0.05069155991077423 0.44063040614128113
v -0.0066075399518013 0.04496617987751961 0.44063040614128113
v -0.00786568969488144 0.05069155991077423 0.43491169810295105
v -0.02146643027663231 0.07649125158786774 0.4205339550971985
v -0.009665319696068764 0.0540037602186203 0.43065914511680603
v -0.011719769798219204 0.05069155991077423 0.4234743118286133
v -0.02146643027663231 0.07649125158786774 0.4205339550971985
v -0.011719769798219204 0.05069155991077423 0.4234743118286133
v -0.014379389584064484 0.05069155991077423 0.41820111870765686
v -0.08158677816390991 0.09557189792394638 0.43491169810295105
v -0.08730418235063553 0.09513421356678009 0.44063040614128113
v -0.08158677816390991 0.09560739248991013 0.44063040614128113
v -0.02146643027663231 0.07649125158786774 0.4205339550971985
v -0.016147170215845108 0.05069155991077423 0.4153417646884918
v -0.01622680015861988 0.050703391432762146 0.4152364730834961
v -0.08158677816390991 0.09457823634147644 0.46922391653060913
v -0.08730418235063553 0.09498044103384018 0.45778653025627136
v -0.08757492154836655 0.09429434686899185 0.4637725353240967
v -0.08158677816390991 0.09457823634147644 0.46922391653060913
v -0.08757492154836655 0.09429434686899185 0.4637725353240967
v -0.08552048355340958 0.09385666251182556 0.46922391653060913
v -0.00786568969488144 0.05069155991077423 0.43491169810295105
v -0.007419759873300791 0.04496617987751961 0.43491169810295105
v -0.006862360052764416 -0.0007776999846100807 0.4152364730834961
v -0.00786568969488144 0.05069155991077423 0.43491169810295105
v -0.006862360052764416 -0.0007776999846100807 0.4152364730834961
v -0.009251249954104424 0.05069155991077423 0.4297032952308655
v -0.00786568969488144 0.05069155991077423 0.43491169810295105
v -0.009251249954104424 0.05069155991077423 0.4297032952308655
v -0.009665319696068764 0.0540037602186203 0.43065914511680603
v -0.009665319696068764 0.0540037602186203 0.43065914511680603
v -0.009251249954104424 0.05069155991077423 0.4297032952308655
v -0.01030236016958952 0.05069155991077423 0.4268439710140228
v -0.07400604337453842 0.09389214962720871 0.47822320461273193
v -0.08446937054395676 0.09360823035240173 0.47210758924484253
v -0.13669045269489288 0.019651489332318306 0.49533072113990784
v -0.06191825866699219 0.09488579630851746 0.4152364730834961
v -0.06803382188081741 0.09473203122615814 0.4152364730834961
v -0.07013604044914246 0.09509871900081635 0.4177556037902832
v -0.06441862881183624 0.09072189033031464 0.48154425621032715
v -0.0677630826830864 0.07659771293401718 0.4893527925014496
v -0.06441862881183624 0.07689344882965088 0.48957961797714233
v -0.06441862881183624 0.07689344882965088 0.48957961797714233
v -0.0677630826830864 0.07659771293401718 0.4893527925014496
v -0.06441862881183624 0.05069155991077423 0.4972747266292572
v -0.0758693665266037 0.09535898268222809 0.4234743118286133
v -0.0758693665266037 0.09474386274814606 0.4177556037902832
v -0.08158677816390991 0.09485030919313431 0.4234743118286133
v -0.0758693665266037 0.09535898268222809 0.4234743118286133
v -0.08158677816390991 0.09485030919313431 0.4234743118286133
v -0.08158677816390991 0.09532348811626434 0.42919301986694336
v -0.08158677816390991 0.09557189792394638 0.43491169810295105
v -0.08158677816390991 0.09532348811626434 0.42919301986694336
v -0.08730418235063553 0.09507506340742111 0.43491169810295105
v -0.08158677816390991 0.09557189792394638 0.43491169810295105
v -0.08730418235063553 0.09507506340742111 0.43491169810295105
v -0.08730418235063553 0.09513421356678009 0.44063040614128113
v -0.08730418235063553 0.09515786916017532 0.4463491141796112
v -0.08730418235063553 0.09513421356678009 0.44063040614128113
v -0.09300565719604492 0.09418787807226181 0.4463491141796112
v -0.016147170215845108 0.05069155991077423 0.4153417646884918
v -0.007642730139195919 0.004935840144753456 0.4152364730834961
v -0.01622680015861988 0.050703391432762146 0.4152364730834961
v -0.08730418235063553 0.09512238204479218 0.4520678222179413
v -0.09300565719604492 0.09418787807226181 0.4463491141796112
v -0.09587232768535614 0.0935845673084259 0.4492327868938446
v -0.08730418235063553 0.09512238204479218 0.4520678222179413
v -0.09587232768535614 0.0935845673084259 0.4492327868938446
v -0.08730418235063553 0.09498044103384018 0.45778653025627136
v -0.06803382188081741 0.09473203122615814 0.4152364730834961
v -0.0758693665266037 0.09422337263822556 0.4152364730834961
v -0.0758693665266037 0.09474386274814606 0.4177556037902832
v -0.0758693665266037 0.09474386274814606 0.4177556037902832
v -0.0758693665266037 0.09422337263822556 0.4152364730834961
v -0.0795004814863205 0.09383299946784973 0.4152364730834961
v -0.0758693665266037 0.09474386274814606 0.4177556037902832
v -0.0795004814863205 0.09383299946784973 0.4152364730834961
v -0.0812523290514946 0.0941050723195076 0.41798239946365356
v -0.0758693665266037 0.09474386274814606 0.4177556037902832
v -0.0812523290514946 0.0941050723195076 0.41798239946365356
v -0.08158677816390991 0.09485030919313431 0.4234743118286133
v -0.044160861521959305 0.053637050092220306 0.49503907561302185
v -0.05298382043838501 0.05069155991077423 0.4972018301486969
v -0.04726641997694969 0.05069155991077423 0.49624601006507874
v -0.07400604337453842 0.09389214962720871 0.47822320461273193
v -0.13669045269489288 0.019651489332318306 0.49533072113990784
v -0.0677630826830864 0.07659771293401718 0.4893527925014496
v -0.044160861521959305 0.053637050092220306 0.49503907561302185
v -0.043460119515657425 0.05069155991077423 0.4952821135520935
v -0.0405934602022171 0.05069155991077423 0.49418050050735474
v -0.044160861521959305 0.053637050092220306 0.49503907561302185
v -0.0405934602022171 0.05069155991077423 0.49418050050735474
v -0.03583161160349846 0.05069155991077423 0.49205824732780457
v -0.06441862881183624 0.07689344882965088 0.48957961797714233
v -0.06441862881183624 0.05069155991077423 0.4972747266292572
v -0.058701228350400925 0.05069155991077423 0.4975258409976959
v -0.06441862881183624 0.07689344882965088 0.48957961797714233
v -0.058701228350400925 0.05069155991077423 0.4975258409976959
v -0.058701228350400925 0.07710637152194977 0.48974162340164185
v -0.058701228350400925 0.07710637152194977 0.48974162340164185
v -0.058701228350400925 0.05069155991077423 0.4975258409976959
v -0.05298382043838501 0.0768342986702919 0.489531010389328
v -0.05298382043838501 0.0768342986702919 0.489531010389328
v -0.058701228350400925 0.05069155991077423 0.4975258409976959
v -0.05298382043838501 0.05069155991077423 0.4972018301486969
v -0.03240754082798958 0.05388547107577324 0.48957961797714233
v -0.02530457079410553 0.05069155991077423 0.48515692353248596
v -0.026164570823311806 0.05426400899887085 0.4844197928905487
v -0.08730418235063553 0.09515786916017532 0.4463491141796112
v -0.09300565719604492 0.09418787807226181 0.4463491141796112
v -0.08730418235063553 0.09512238204479218 0.4520678222179413
v -0.05298382043838501 0.05069155991077423 0.4972018301486969
v -0.058701228350400925 0.04496617987751961 0.4979875385761261
v -0.05298382043838501 0.04496617987751961 0.49763116240501404
v -0.05298382043838501 0.05069155991077423 0.4972018301486969
v -0.05298382043838501 0.04496617987751961 0.49763116240501404
v -0.04726641997694969 0.05069155991077423 0.49624601006507874
v -0.08730418235063553 0.09498044103384018 0.45778653025627136
v -0.09587232768535614 0.0935845673084259 0.4492327868938446
v -0.09134937077760696 0.09409324079751968 0.45778653025627136
v -0.08730418235063553 0.09498044103384018 0.45778653025627136
v -0.09134937077760696 0.09409324079751968 0.45778653025627136
v -0.09069640189409256 0.09392763674259186 0.46203911304473877
v -0.08730418235063553 0.09498044103384018 0.45778653025627136
v -0.09069640189409256 0.09392763674259186 0.46203911304473877
v -0.08757492154836655 0.09429434686899185 0.4637725353240967
v -0.044160861521959305 0.053637050092220306 0.49503907561302185
v -0.04726641997694969 0.05402741953730583 0.4953955113887787
v -0.05298382043838501 0.05069155991077423 0.4972018301486969
v -0.019810130819678307 0.05069155991077423 0.4797622263431549
v -0.022135309875011444 0.04496617987751961 0.4829212725162506
v -0.01953938975930214 0.04496617987751961 0.48006194829940796
v -0.044160861521959305 0.053637050092220306 0.49503907561302185
v -0.04726641997694969 0.05069155991077423 0.49624601006507874
v -0.043460119515657425 0.05069155991077423 0.4952821135520935
v -0.016943469643592834 0.05069155991077423 0.4762791693210602
v -0.016688650473952293 0.04496617987751961 0.47659507393836975
v -0.014952730387449265 0.05069155991077423 0.47341981530189514
v -0.014952730387449265 0.05069155991077423 0.47341981530189514
v -0.016688650473952293 0.04496617987751961 0.47659507393836975
v -0.014729759655892849 0.04496617987751961 0.4737357199192047
v -0.044160861521959305 0.053637050092220306 0.49503907561302185
v -0.03583161160349846 0.05069155991077423 0.49205824732780457
v -0.03240754082798958 0.05388547107577324 0.48957961797714233
v -0.03240754082798958 0.05388547107577324 0.48957961797714233
v -0.03583161160349846 0.05069155991077423 0.49205824732780457
v -0.031786419451236725 0.05069155991077423 0.4899764955043793
v -0.03240754082798958 0.05388547107577324 0.48957961797714233
v -0.031786419451236725 0.05069155991077423 0.4899764955043793
v -0.02893568016588688 0.05069155991077423 0.488016277551651
v -0.03240754082798958 0.05388547107577324 0.48957961797714233
v -0.02893568016588688 0.05069155991077423 0.488016277551651
v -0.02530457079410553 0.05069155991077423 0.48515692353248596
v -0.010764209553599358 0.05069155991077423 0.4648984372615814
v -0.010509399697184563 0.04496617987751961 0.4654087722301483
v -0.009537910111248493 0.05069155991077423 0.46203911304473877
v -0.058701228350400925 0.05069155991077423 0.4975258409976959
v -0.11589121073484421 0.02210015058517456 0.4976230263710022
v -0.058701228350400925 0.04496617987751961 0.4979875385761261
v -0.009537910111248493 0.05069155991077423 0.46203911304473877
v -0.009330879896879196 0.04496617987751961 0.4625494182109833
v -0.007897539995610714 0.04496617987751961 0.45778653025627136
v -0.007897539995610714 0.04496617987751961 0.45778653025627136
v -0.009330879896879196 0.04496617987751961 0.4625494182109833
v -0.008518650196492672 -0.0007776999846100807 0.45778653025627136
v -0.09587232768535614 0.0935845673084259 0.4492327868938446
v -0.09069640189409256 0.09392763674259186 0.46203911304473877
v -0.09134937077760696 0.09409324079751968 0.45778653025627136
v -0.09587232768535614 0.0935845673084259 0.4492327868938446
v -0.09590417891740799 0.09362006187438965 0.4463491141796112
v -0.16451305150985718 0.0020968099124729633 0.46647799015045166
v -0.09587232768535614 0.0935845673084259 0.4492327868938446
v -0.16451305150985718 0.0020968099124729633 0.46647799015045166
v -0.1582382321357727 0.0068048699758946896 0.4806613326072693
v -0.09587232768535614 0.0935845673084259 0.4492327868938446
v -0.1582382321357727 0.0068048699758946896 0.4806613326072693
v -0.1545434147119522 0.009135250002145767 0.48638004064559937
v -0.00640051020309329 0.04496617987751961 0.4463491141796112
v -0.00651198998093605 -0.0007776999846100807 0.44063040614128113
v -0.00651198998093605 -0.006503089796751738 0.4177556037902832
v -0.016943469643592834 0.05069155991077423 0.4762791693210602
v -0.01953938975930214 0.04496617987751961 0.48006194829940796
v -0.016688650473952293 0.04496617987751961 0.47659507393836975
v -0.00640051020309329 0.04496617987751961 0.4463491141796112
v -0.006559770088642836 -0.006503089796751738 0.4152364730834961
v -0.0066075399518013 0.04496617987751961 0.44063040614128113
v -0.00640051020309329 0.04496617987751961 0.4463491141796112
v -0.006671249866485596 -0.0007776999846100807 0.4463491141796112
v -0.00651198998093605 -0.0007776999846100807 0.44063040614128113
v -0.014952730387449265 0.05069155991077423 0.47341981530189514
v -0.014729759655892849 0.04496617987751961 0.4737357199192047
v -0.012277170084416866 0.04496617987751961 0.46922391653060913
v -0.014952730387449265 0.05069155991077423 0.47341981530189514
v -0.012277170084416866 0.04496617987751961 0.46922391653060913
v -0.01277086976915598 0.05069155991077423 0.46922391653060913
v -0.01277086976915598 0.05069155991077423 0.46922391653060913
v -0.012277170084416866 0.04496617987751961 0.46922391653060913
v -0.010764209553599358 0.05069155991077423 0.4648984372615814
v -0.010764209553599358 0.05069155991077423 0.4648984372615814
v -0.012277170084416866 0.04496617987751961 0.46922391653060913
v -0.010509399697184563 0.04496617987751961 0.4654087722301483
v -0.014379389584064484 0.05069155991077423 0.41820111870765686
v -0.007642730139195919 0.004935840144753456 0.4152364730834961
v -0.016147170215845108 0.05069155991077423 0.4153417646884918
v -0.009537910111248493 0.05069155991077423 0.46203911304473877
v -0.010509399697184563 0.04496617987751961 0.4654087722301483
v -0.009330879896879196 0.04496617987751961 0.4625494182109833
v -0.006862360052764416 -0.0007776999846100807 0.4152364730834961
v -0.007642730139195919 0.004935840144753456 0.4152364730834961
v -0.009251249954104424 0.05069155991077423 0.4297032952308655
v -0.009251249954104424 0.05069155991077423 0.4297032952308655
v -0.007642730139195919 0.004935840144753456 0.4152364730834961
v -0.01030236016958952 0.05069155991077423 0.4268439710140228
v -0.007897539995610714 0.04496617987751961 0.45778653025627136
v -0.008518650196492672 -0.0007776999846100807 0.45778653025627136
v -0.007164950016885996 -0.0007776999846100807 0.4520678222179413
v -0.007897539995610714 0.04496617987751961 0.45778653025627136
v -0.007164950016885996 -0.0007776999846100807 0.4520678222179413
v -0.006830510217696428 0.04496617987751961 0.4520678222179413
v -0.006830510217696428 0.04496617987751961 0.4520678222179413
v -0.006671249866485596 -0.0007776999846100807 0.4463491141796112
v -0.00640051020309329 0.04496617987751961 0.4463491141796112
v -0.006830510217696428 0.04496617987751961 0.4520678222179413
v -0.007164950016885996 -0.0007776999846100807 0.4520678222179413
v -0.006671249866485596 -0.0007776999846100807 0.4463491141796112
v -0.08158677816390991 0.09485030919313431 0.4234743118286133
v -0.0812523290514946 0.0941050723195076 0.41798239946365356
v -0.08501084893941879 0.09389214962720871 0.4200398623943329
v -0.00640051020309329 0.04496617987751961 0.4463491141796112
v -0.00651198998093605 -0.006503089796751738 0.4177556037902832
v -0.006559770088642836 -0.006503089796751738 0.4152364730834961
v -0.08158677816390991 0.09485030919313431 0.4234743118286133
v -0.08706528693437576 0.09406957775354385 0.4238712191581726
v -0.08730418235063553 0.09467288106679916 0.42919301986694336
v -0.08158677816390991 0.09485030919313431 0.4234743118286133
v -0.08730418235063553 0.09467288106679916 0.42919301986694336
v -0.08158677816390991 0.09532348811626434 0.42919301986694336
v -0.0066075399518013 0.04496617987751961 0.44063040614128113
v -0.006559770088642836 -0.006503089796751738 0.4152364730834961
v -0.006862360052764416 -0.0007776999846100807 0.4152364730834961
v -0.0066075399518013 0.04496617987751961 0.44063040614128113
v -0.006862360052764416 -0.0007776999846100807 0.4152364730834961
v -0.007419759873300791 0.04496617987751961 0.43491169810295105
v -0.011719769798219204 0.05069155991077423 0.4234743118286133
v -0.01030236016958952 0.05069155991077423 0.4268439710140228
v -0.007642730139195919 0.004935840144753456 0.4152364730834961
v -0.011719769798219204 0.05069155991077423 0.4234743118286133
v -0.007642730139195919 0.004935840144753456 0.4152364730834961
v -0.014379389584064484 0.05069155991077423 0.41820111870765686
v -0.08730418235063553 0.09507506340742111 0.43491169810295105
v -0.09592010080814362 0.09363189339637756 0.44301995635032654
v -0.09300565719604492 0.09418787807226181 0.4463491141796112
v -0.022135309875011444 0.04496617987751961 0.4829212725162506
v -0.025001980364322662 0.04496617987751961 0.48543232679367065
v -0.025336429476737976 -0.0007776999846100807 0.48514071106910706
v -0.08757492154836655 0.09429434686899185 0.4637725353240967
v -0.09069640189409256 0.09392763674259186 0.46203911304473877
v -0.08552048355340958 0.09385666251182556 0.46922391653060913
v -0.08552048355340958 0.09385666251182556 0.46922391653060913
v -0.09069640189409256 0.09392763674259186 0.46203911304473877
v -0.08446937054395676 0.09360823035240173 0.47210758924484253
v -0.01953938975930214 0.04496617987751961 0.48006194829940796
v -0.020064949989318848 -0.0007776999846100807 0.4795597195625305
v -0.017214210703969002 -0.0007776999846100807 0.4761090576648712
v -0.01953938975930214 0.04496617987751961 0.48006194829940796
v -0.017214210703969002 -0.0007776999846100807 0.4761090576648712
v -0.016688650473952293 0.04496617987751961 0.47659507393836975
v -0.01953938975930214 0.04496617987751961 0.48006194829940796
v -0.022390130907297134 0.0106612304225564 0.4825567603111267
v -0.02248569019138813 -0.0007776999846100807 0.48241907358169556
v -0.01953938975930214 0.04496617987751961 0.48006194829940796
v -0.02248569019138813 -0.0007776999846100807 0.48241907358169556
v -0.020064949989318848 -0.0007776999846100807 0.4795597195625305
v -0.0677630826830864 0.07659771293401718 0.4893527925014496
v -0.13669045269489288 0.019651489332318306 0.49533072113990784
v -0.13304342329502106 0.020420389249920845 0.4958004951477051
v -0.08158677816390991 0.09485030919313431 0.4234743118286133
v -0.08501084893941879 0.09389214962720871 0.4200398623943329
v -0.08706528693437576 0.09406957775354385 0.4238712191581726
v -0.13669045269489288 0.019651489332318306 0.49533072113990784
v -0.14809343218803406 0.013997090049088001 0.4901142120361328
v -0.14212119579315186 0.014008919708430767 0.4951362907886505
v -0.13669045269489288 0.019651489332318306 0.49533072113990784
v -0.14212119579315186 0.014008919708430767 0.4951362907886505
v -0.13866527378559113 0.01610269956290722 0.4955899119377136
v -0.08158677816390991 0.09532348811626434 0.42919301986694336
v -0.08730418235063553 0.09467288106679916 0.42919301986694336
v -0.08730418235063553 0.09507506340742111 0.43491169810295105
v -0.08730418235063553 0.09507506340742111 0.43491169810295105
v -0.08730418235063553 0.09467288106679916 0.42919301986694336
v -0.09082380682229996 0.09395129978656769 0.42919301986694336
v -0.08730418235063553 0.09507506340742111 0.43491169810295105
v -0.09082380682229996 0.09395129978656769 0.42919301986694336
v -0.09171566367149353 0.09409324079751968 0.43491169810295105
v -0.08730418235063553 0.09507506340742111 0.43491169810295105
v -0.09171566367149353 0.09409324079751968 0.43491169810295105
v -0.09592010080814362 0.09363189339637756 0.44301995635032654
v -0.06441862881183624 0.05069155991077423 0.4972747266292572
v -0.11589121073484421 0.02210015058517456 0.4976230263710022
v -0.058701228350400925 0.05069155991077423 0.4975258409976959
v -0.08730418235063553 0.09507506340742111 0.43491169810295105
v -0.09300565719604492 0.09418787807226181 0.4463491141796112
v -0.08730418235063553 0.09513421356678009 0.44063040614128113
v -0.09300565719604492 0.09418787807226181 0.4463491141796112
v -0.09592010080814362 0.09363189339637756 0.44301995635032654
v -0.09590417891740799 0.09362006187438965 0.4463491141796112
v -0.09300565719604492 0.09418787807226181 0.4463491141796112
v -0.09590417891740799 0.09362006187438965 0.4463491141796112
v -0.09587232768535614 0.0935845673084259 0.4492327868938446
v -0.08446937054395676 0.09360823035240173 0.47210758924484253
v -0.09069640189409256 0.09392763674259186 0.46203911304473877
v -0.08964528888463974 0.09275653213262558 0.4658542573451996
v -0.08446937054395676 0.09360823035240173 0.47210758924484253
v -0.08964528888463974 0.09275653213262558 0.4658542573451996
v -0.14809343218803406 0.013997090049088001 0.4901142120361328
v -0.08446937054395676 0.09360823035240173 0.47210758924484253
v -0.14809343218803406 0.013997090049088001 0.4901142120361328
v -0.13669045269489288 0.019651489332318306 0.49533072113990784
v -0.0677630826830864 0.07659771293401718 0.4893527925014496
v -0.07349640876054764 0.053719859570264816 0.495120108127594
v -0.06441862881183624 0.05069155991077423 0.4972747266292572
v -0.09587232768535614 0.0935845673084259 0.4492327868938446
v -0.1545434147119522 0.009135250002145767 0.48638004064559937
v -0.09069640189409256 0.09392763674259186 0.46203911304473877
v -0.0677630826830864 0.07659771293401718 0.4893527925014496
v -0.13304342329502106 0.020420389249920845 0.4958004951477051
v -0.07349640876054764 0.053719859570264816 0.495120108127594
v -0.09069640189409256 0.09392763674259186 0.46203911304473877
v -0.1535082459449768 0.008425489999353886 0.4896039068698883
v -0.08964528888463974 0.09275653213262558 0.4658542573451996
v -0.04726641997694969 0.05069155991077423 0.49624601006507874
v -0.04726641997694969 0.04496617987751961 0.49664294719696045
v -0.043460119515657425 0.05069155991077423 0.4952821135520935
v -0.13669045269489288 0.019651489332318306 0.49533072113990784
v -0.13866527378559113 0.01610269956290722 0.4955899119377136
v -0.13304342329502106 0.016374770551919937 0.49673202633857727
v -0.13669045269489288 0.019651489332318306 0.49533072113990784
v -0.13304342329502106 0.016374770551919937 0.49673202633857727
v -0.13304342329502106 0.020420389249920845 0.4958004951477051
v -0.06441862881183624 0.05069155991077423 0.4972747266292572
v -0.07349640876054764 0.053719859570264816 0.495120108127594
v -0.12160862237215042 0.02210015058517456 0.4969993531703949
v -0.06441862881183624 0.05069155991077423 0.4972747266292572
v -0.12160862237215042 0.02210015058517456 0.4969993531703949
v -0.11589121073484421 0.02210015058517456 0.4976230263710022
v -0.0405934602022171 0.05069155991077423 0.49418050050735474
v -0.040051981806755066 0.04496617987751961 0.49444779753685
v -0.03583161160349846 0.05069155991077423 0.49205824732780457
v -0.08501084893941879 0.09389214962720871 0.4200398623943329
v -0.090330109000206 0.09372653067111969 0.4260420501232147
v -0.08706528693437576 0.09406957775354385 0.4238712191581726
v -0.03583161160349846 0.05069155991077423 0.49205824732780457
v -0.040051981806755066 0.04496617987751961 0.49444779753685
v -0.03583161160349846 0.04496617987751961 0.49253615736961365
v -0.031786419451236725 0.05069155991077423 0.4899764955043793
v -0.031467899680137634 0.04496617987751961 0.4901871085166931
v -0.02860124036669731 0.04496617987751961 0.4882916808128357
v -0.09082380682229996 0.09395129978656769 0.42919301986694336
v -0.090330109000206 0.09372653067111969 0.4260420501232147
v -0.09592010080814362 0.09363189339637756 0.44301995635032654
v -0.09082380682229996 0.09395129978656769 0.42919301986694336
v -0.09592010080814362 0.09363189339637756 0.44301995635032654
v -0.09171566367149353 0.09409324079751968 0.43491169810295105
v -0.09592010080814362 0.09363189339637756 0.44301995635032654
v -0.090330109000206 0.09372653067111969 0.4260420501232147
v -0.16661526262760162 -0.0013336900155991316 0.4152364730834961
v -0.09592010080814362 0.09363189339637756 0.44301995635032654
v -0.16661526262760162 -0.0013336900155991316 0.4152364730834961
v -0.16667896509170532 -0.0011325799860060215 0.4177556037902832
v -0.02530457079410553 0.05069155991077423 0.48515692353248596
v -0.025001980364322662 0.04496617987751961 0.48543232679367065
v -0.022135309875011444 0.04496617987751961 0.4829212725162506
v -0.09069640189409256 0.09392763674259186 0.46203911304473877
v -0.1545434147119522 0.009135250002145767 0.48638004064559937
v -0.1535082459449768 0.008425489999353886 0.4896039068698883
v -0.058701228350400925 0.04496617987751961 0.4979875385761261
v -0.11589121073484421 0.02210015058517456 0.4976230263710022
v -0.11015787720680237 0.02210015058517456 0.49775266647338867
v -0.058701228350400925 0.04496617987751961 0.4979875385761261
v -0.11015787720680237 0.02210015058517456 0.49775266647338867
v -0.11589121073484421 0.016374770551919937 0.4977283477783203
v -0.04726641997694969 0.05069155991077423 0.49624601006507874
v -0.05298382043838501 0.04496617987751961 0.49763116240501404
v -0.04726641997694969 0.04496617987751961 0.49664294719696045
v -0.043460119515657425 0.05069155991077423 0.4952821135520935
v -0.04726641997694969 0.04496617987751961 0.49664294719696045
v -0.04291864112019539 0.04496617987751961 0.49547654390335083
v -0.043460119515657425 0.05069155991077423 0.4952821135520935
v -0.04291864112019539 0.04496617987751961 0.49547654390335083
v -0.040051981806755066 0.04496617987751961 0.49444779753685
v -0.043460119515657425 0.05069155991077423 0.4952821135520935
v -0.040051981806755066 0.04496617987751961 0.49444779753685
v -0.0405934602022171 0.05069155991077423 0.49418050050735474
v -0.05298382043838501 0.04496617987751961 0.49763116240501404
v -0.05298382043838501 -0.0007776999846100807 0.4971856474876404
v -0.04726641997694969 0.04496617987751961 0.49664294719696045
v -0.03583161160349846 0.05069155991077423 0.49205824732780457
v -0.03583161160349846 0.04496617987751961 0.49253615736961365
v -0.031786419451236725 0.05069155991077423 0.4899764955043793
v -0.022135309875011444 0.04496617987751961 0.4829212725162506
v -0.025336429476737976 -0.0007776999846100807 0.48514071106910706
v -0.022390130907297134 0.0106612304225564 0.4825567603111267
v -0.022135309875011444 0.04496617987751961 0.4829212725162506
v -0.022390130907297134 0.0106612304225564 0.4825567603111267
v -0.01953938975930214 0.04496617987751961 0.48006194829940796
v -0.031786419451236725 0.05069155991077423 0.4899764955043793
v -0.02860124036669731 0.04496617987751961 0.4882916808128357
v -0.02893568016588688 0.05069155991077423 0.488016277551651
v -0.031786419451236725 0.05069155991077423 0.4899764955043793
v -0.03583161160349846 0.04496617987751961 0.49253615736961365
v -0.031467899680137634 0.04496617987751961 0.4901871085166931
v -0.02893568016588688 0.05069155991077423 0.488016277551651
v -0.02860124036669731 0.04496617987751961 0.4882916808128357
v -0.02530457079410553 0.05069155991077423 0.48515692353248596
v -0.02530457079410553 0.05069155991077423 0.48515692353248596
v -0.02860124036669731 0.04496617987751961 0.4882916808128357
v -0.025001980364322662 0.04496617987751961 0.48543232679367065
v -0.016688650473952293 0.04496617987751961 0.47659507393836975
v -0.014920869842171669 -0.0007776999846100807 0.4732497036457062
v -0.014889019541442394 0.004935840144753456 0.47330641746520996
v -0.058701228350400925 0.04496617987751961 0.4979875385761261
v -0.058701228350400925 -0.0007776999846100807 0.49775266647338867
v -0.05298382043838501 0.04496617987751961 0.49763116240501404
v -0.016688650473952293 0.04496617987751961 0.47659507393836975
v -0.017214210703969002 -0.0007776999846100807 0.4761090576648712
v -0.014920869842171669 -0.0007776999846100807 0.4732497036457062
v -0.014729759655892849 0.04496617987751961 0.4737357199192047
v -0.014889019541442394 0.004935840144753456 0.47330641746520996
v -0.012277170084416866 0.04496617987751961 0.46922391653060913
v -0.058701228350400925 0.04496617987751961 0.4979875385761261
v -0.11589121073484421 0.016374770551919937 0.4977283477783203
v -0.11589121073484421 -0.0007776999846100807 0.4977283477783203
v -0.058701228350400925 0.04496617987751961 0.4979875385761261
v -0.11589121073484421 -0.0007776999846100807 0.4977283477783203
v -0.11015787720680237 -0.0007776999846100807 0.49775266647338867
v -0.058701228350400925 0.04496617987751961 0.4979875385761261
v -0.11015787720680237 -0.0007776999846100807 0.49775266647338867
v -0.058701228350400925 -0.0007776999846100807 0.49775266647338867
v -0.05298382043838501 0.04496617987751961 0.49763116240501404
v -0.058701228350400925 -0.0007776999846100807 0.49775266647338867
v -0.05298382043838501 -0.0007776999846100807 0.4971856474876404
v -0.009330879896879196 0.04496617987751961 0.4625494182109833
v -0.012802730314433575 -0.0007776999846100807 0.46922391653060913
v -0.010827910155057907 -0.0007776999846100807 0.4642828404903412
v -0.16451305150985718 0.0020968099124729633 0.46647799015045166
v -0.16502268612384796 -0.00022173000616021454 0.463472843170166
v -0.16475194692611694 -0.0007776999846100807 0.46768492460250854
v -0.009330879896879196 0.04496617987751961 0.4625494182109833
v -0.009808650240302086 -0.0007776999846100807 0.46142348647117615
v -0.008518650196492672 -0.0007776999846100807 0.45778653025627136
v -0.008518650196492672 -0.0007776999846100807 0.45778653025627136
v -0.009808650240302086 -0.0007776999846100807 0.46142348647117615
v -0.009951990097761154 -0.006503089796751738 0.4610427916049957
v -0.16451305150985718 0.0020968099124729633 0.46647799015045166
v -0.1632867455482483 -0.0007776999846100807 0.4749426245689392
v -0.15989452600479126 0.003942179959267378 0.4806613326072693
v -0.16451305150985718 0.0020968099124729633 0.46647799015045166
v -0.15989452600479126 0.003942179959267378 0.4806613326072693
v -0.1582382321357727 0.0068048699758946896 0.4806613326072693
v -0.1582382321357727 0.0068048699758946896 0.4806613326072693
v -0.15989452600479126 0.003942179959267378 0.4806613326072693
v -0.1545434147119522 0.009135250002145767 0.48638004064559937
v -0.1545434147119522 0.009135250002145767 0.48638004064559937
v -0.15989452600479126 0.003942179959267378 0.4806613326072693
v -0.1535082459449768 0.008425489999353886 0.4896039068698883
v -0.006671249866485596 -0.0007776999846100807 0.4463491141796112
v -0.006559770088642836 -0.006503089796751738 0.4234743118286133
v -0.00651198998093605 -0.0007776999846100807 0.44063040614128113
v -0.016688650473952293 0.04496617987751961 0.47659507393836975
v -0.014889019541442394 0.004935840144753456 0.47330641746520996
v -0.014729759655892849 0.04496617987751961 0.4737357199192047
v -0.006671249866485596 -0.0007776999846100807 0.4463491141796112
v -0.007356060203164816 -0.006503089796751738 0.4463491141796112
v -0.006559770088642836 -0.006503089796751738 0.4234743118286133
v -0.00651198998093605 -0.0007776999846100807 0.44063040614128113
v -0.006559770088642836 -0.006503089796751738 0.4234743118286133
v -0.00651198998093605 -0.006503089796751738 0.4177556037902832
v -0.012277170084416866 0.04496617987751961 0.46922391653060913
v -0.014889019541442394 0.004935840144753456 0.47330641746520996
v -0.014920869842171669 -0.0007776999846100807 0.4732497036457062
v -0.012277170084416866 0.04496617987751961 0.46922391653060913
v -0.014920869842171669 -0.0007776999846100807 0.4732497036457062
v -0.012802730314433575 -0.0007776999846100807 0.46922391653060913
v -0.012277170084416866 0.04496617987751961 0.46922391653060913
v -0.012802730314433575 -0.0007776999846100807 0.46922391653060913
v -0.010509399697184563 0.04496617987751961 0.4654087722301483
v -0.010509399697184563 0.04496617987751961 0.4654087722301483
v -0.012802730314433575 -0.0007776999846100807 0.46922391653060913
v -0.009330879896879196 0.04496617987751961 0.4625494182109833
v -0.08501084893941879 0.09389214962720871 0.4200398623943329
v -0.16661526262760162 -0.0013336900155991316 0.4152364730834961
v -0.090330109000206 0.09372653067111969 0.4260420501232147
v -0.009330879896879196 0.04496617987751961 0.4625494182109833
v -0.010827910155057907 -0.0007776999846100807 0.4642828404903412
v -0.009808650240302086 -0.0007776999846100807 0.46142348647117615
v -0.08706528693437576 0.09406957775354385 0.4238712191581726
v -0.090330109000206 0.09372653067111969 0.4260420501232147
v -0.08730418235063553 0.09467288106679916 0.42919301986694336
v -0.08730418235063553 0.09467288106679916 0.42919301986694336
v -0.090330109000206 0.09372653067111969 0.4260420501232147
v -0.09082380682229996 0.09395129978656769 0.42919301986694336
v -0.008518650196492672 -0.0007776999846100807 0.45778653025627136
v -0.009951990097761154 -0.006503089796751738 0.4610427916049957
v -0.00888494960963726 -0.006503089796751738 0.45778653025627136
v -0.008518650196492672 -0.0007776999846100807 0.45778653025627136
v -0.00888494960963726 -0.006503089796751738 0.45778653025627136
v -0.007164950016885996 -0.0007776999846100807 0.4520678222179413
v -0.007164950016885996 -0.0007776999846100807 0.4520678222179413
v -0.00888494960963726 -0.006503089796751738 0.45778653025627136
v -0.007722349837422371 -0.006503089796751738 0.4520678222179413
v -0.007164950016885996 -0.0007776999846100807 0.4520678222179413
v -0.007722349837422371 -0.006503089796751738 0.4520678222179413
v -0.006671249866485596 -0.0007776999846100807 0.4463491141796112
v -0.09592010080814362 0.09363189339637756 0.44301995635032654
v -0.16667896509170532 -0.0011325799860060215 0.4177556037902832
v -0.16444933414459229 0.0020258300937712193 0.42919301986694336
v -0.006671249866485596 -0.0007776999846100807 0.4463491141796112
v -0.007722349837422371 -0.006503089796751738 0.4520678222179413
v -0.007356060203164816 -0.006503089796751738 0.4463491141796112
v -0.09592010080814362 0.09363189339637756 0.44301995635032654
v -0.16451305150985718 0.0020968099124729633 0.46535205841064453
v -0.16451305150985718 0.0020968099124729633 0.46647799015045166
v -0.09592010080814362 0.09363189339637756 0.44301995635032654
v -0.16451305150985718 0.0020968099124729633 0.46647799015045166
v -0.09590417891740799 0.09362006187438965 0.4463491141796112
v -0.00651198998093605 -0.006503089796751738 0.4177556037902832
v -0.006559770088642836 -0.006503089796751738 0.4234743118286133
v -0.007085320074111223 -0.012216630391776562 0.4152364730834961
v -0.00651198998093605 -0.006503089796751738 0.4177556037902832
v -0.007085320074111223 -0.012216630391776562 0.4152364730834961
v -0.006559770088642836 -0.006503089796751738 0.4152364730834961
v -0.0795004814863205 0.09383299946784973 0.4152364730834961
v -0.16661526262760162 -0.0013336900155991316 0.4152364730834961
v -0.08501084893941879 0.09389214962720871 0.4200398623943329
v -0.0795004814863205 0.09383299946784973 0.4152364730834961
v -0.08501084893941879 0.09389214962720871 0.4200398623943329
v -0.0812523290514946 0.0941050723195076 0.41798239946365356
v -0.14212119579315186 0.014008919708430767 0.4951362907886505
v -0.1535082459449768 0.008425489999353886 0.4896039068698883
v -0.1501956433057785 0.004935840144753456 0.4917990565299988
v -0.11589121073484421 -0.0007776999846100807 0.4977283477783203
v -0.11589121073484421 -0.006503089796751738 0.49720996618270874
v -0.11015787720680237 -0.0007776999846100807 0.49775266647338867
v -0.14212119579315186 0.014008919708430767 0.4951362907886505
v -0.14236009120941162 0.0106612304225564 0.49521729350090027
v -0.13876083493232727 0.0106612304225564 0.4959625005722046
v -0.14212119579315186 0.014008919708430767 0.4951362907886505
v -0.13876083493232727 0.0106612304225564 0.4959625005722046
v -0.13304342329502106 0.016374770551919937 0.49673202633857727
v -0.05298382043838501 -0.0007776999846100807 0.4971856474876404
v -0.04680456966161728 -0.006857960019260645 0.49556562304496765
v -0.04393789917230606 -0.00520185986533761 0.4951038956642151
v -0.05298382043838501 -0.0007776999846100807 0.4971856474876404
v -0.04393789917230606 -0.00520185986533761 0.4951038956642151
v -0.04726641997694969 -0.0007776999846100807 0.4959949254989624
v -0.025336429476737976 -0.0007776999846100807 0.48514071106910706
v -0.029365679249167442 -0.0007776999846100807 0.4880000650882721
v -0.029668280854821205 -0.006503089796751738 0.487692266702652
v -0.025336429476737976 -0.0007776999846100807 0.48514071106910706
v -0.029668280854821205 -0.006503089796751738 0.487692266702652
v -0.025686800479888916 -0.006503089796751738 0.48483291268348694
v -0.13304342329502106 0.016374770551919937 0.49673202633857727
v -0.13876083493232727 0.0106612304225564 0.4959625005722046
v -0.13304342329502106 0.0106612304225564 0.4967806339263916
v -0.09592010080814362 0.09363189339637756 0.44301995635032654
v -0.16444933414459229 0.0020258300937712193 0.42919301986694336
v -0.16451305150985718 0.0020968099124729633 0.46535205841064453
v -0.11589121073484421 0.02210015058517456 0.4976230263710022
v -0.12160862237215042 0.016374770551919937 0.4976149797439575
v -0.11015787720680237 0.02210015058517456 0.49775266647338867
v -0.16451305150985718 0.0020968099124729633 0.46647799015045166
v -0.16451305150985718 0.0020968099124729633 0.46535205841064453
v -0.16667896509170532 -0.0011325799860060215 0.4177556037902832
v -0.08964528888463974 0.09275653213262558 0.4658542573451996
v -0.1535082459449768 0.008425489999353886 0.4896039068698883
v -0.14809343218803406 0.013997090049088001 0.4901142120361328
v -0.14809343218803406 0.013997090049088001 0.4901142120361328
v -0.1535082459449768 0.008425489999353886 0.4896039068698883
v -0.14212119579315186 0.014008919708430767 0.4951362907886505
v -0.07349640876054764 0.053719859570264816 0.495120108127594
v -0.13304342329502106 0.020420389249920845 0.4958004951477051
v -0.12160862237215042 0.02210015058517456 0.4969993531703949
v -0.13304342329502106 0.020420389249920845 0.4958004951477051
v -0.13304342329502106 0.016374770551919937 0.49673202633857727
v -0.12160862237215042 0.02210015058517456 0.4969993531703949
v -0.16451305150985718 0.0020968099124729633 0.46647799015045166
v -0.1690041571855545 -0.006503089796751738 0.4177556037902832
v -0.16502268612384796 -0.00022173000616021454 0.463472843170166
v -0.14212119579315186 0.014008919708430767 0.4951362907886505
v -0.1501956433057785 0.004935840144753456 0.4917990565299988
v -0.14236009120941162 0.0106612304225564 0.49521729350090027
v -0.16451305150985718 0.0020968099124729633 0.46647799015045166
v -0.16475194692611694 -0.0007776999846100807 0.46768492460250854
v -0.1643219292163849 -0.0007776999846100807 0.47055235505104065
v -0.16451305150985718 0.0020968099124729633 0.46647799015045166
v -0.1643219292163849 -0.0007776999846100807 0.47055235505104065
v -0.1632867455482483 -0.0007776999846100807 0.4749426245689392
v -0.14212119579315186 0.014008919708430767 0.4951362907886505
v -0.13304342329502106 0.016374770551919937 0.49673202633857727
v -0.13866527378559113 0.01610269956290722 0.4955899119377136
v -0.13304342329502106 0.016374770551919937 0.49673202633857727
v -0.13304342329502106 0.0106612304225564 0.4967806339263916
v -0.12732602655887604 0.016374770551919937 0.49735572934150696
v -0.13304342329502106 0.016374770551919937 0.49673202633857727
v -0.12732602655887604 0.016374770551919937 0.49735572934150696
v -0.11589121073484421 0.02210015058517456 0.4976230263710022
v -0.13304342329502106 0.016374770551919937 0.49673202633857727
v -0.11589121073484421 0.02210015058517456 0.4976230263710022
v -0.12160862237215042 0.02210015058517456 0.4969993531703949
v -0.1535082459449768 0.008425489999353886 0.4896039068698883
v -0.15989452600479126 0.003942179959267378 0.4806613326072693
v -0.1590186059474945 0.0029603498987853527 0.4838365912437439
v -0.11589121073484421 0.02210015058517456 0.4976230263710022
v -0.12732602655887604 0.016374770551919937 0.49735572934150696
v -0.12160862237215042 0.016374770551919937 0.4976149797439575
v -0.1535082459449768 0.008425489999353886 0.4896039068698883
v -0.15373119711875916 0.004935840144753456 0.4897821247577667
v -0.1501956433057785 0.004935840144753456 0.4917990565299988
v -0.04726641997694969 0.04496617987751961 0.49664294719696045
v -0.04369901120662689 -0.0007776999846100807 0.4951687157154083
v -0.04291864112019539 0.04496617987751961 0.49547654390335083
v -0.16451305150985718 0.0020968099124729633 0.46647799015045166
v -0.16667896509170532 -0.0011325799860060215 0.4177556037902832
v -0.16651971638202667 -0.000907830020878464 0.4234743118286133
v -0.16451305150985718 0.0020968099124729633 0.46647799015045166
v -0.16651971638202667 -0.000907830020878464 0.4234743118286133
v -0.16779378056526184 -0.0034866200294345617 0.4152364730834961
v -0.16451305150985718 0.0020968099124729633 0.46647799015045166
v -0.16779378056526184 -0.0034866200294345617 0.4152364730834961
v -0.16909970343112946 -0.006503089796751738 0.4152364730834961
v -0.16451305150985718 0.0020968099124729633 0.46647799015045166
v -0.16909970343112946 -0.006503089796751738 0.4152364730834961
v -0.1690041571855545 -0.006503089796751738 0.4177556037902832
v -0.040051981806755066 0.04496617987751961 0.49444779753685
v -0.04083234816789627 -0.0007776999846100807 0.49423718452453613
v -0.03583161160349846 0.04496617987751961 0.49253615736961365
v -0.16667896509170532 -0.0011325799860060215 0.4177556037902832
v -0.16451305150985718 0.0020968099124729633 0.46535205841064453
v -0.16444933414459229 0.0020258300937712193 0.42919301986694336
v -0.03583161160349846 0.04496617987751961 0.49253615736961365
v -0.03583161160349846 -0.0007776999846100807 0.4918152391910553
v -0.031467899680137634 0.04496617987751961 0.4901871085166931
v -0.031467899680137634 0.04496617987751961 0.4901871085166931
v -0.03583161160349846 -0.0007776999846100807 0.4918152391910553
v -0.029365679249167442 -0.0007776999846100807 0.4880000650882721
v -0.1501956433057785 0.004935840144753456 0.4917990565299988
v -0.15373119711875916 0.004935840144753456 0.4897821247577667
v -0.15371528267860413 -0.0007776999846100807 0.4897739887237549
v -0.1501956433057785 0.004935840144753456 0.4917990565299988
v -0.15371528267860413 -0.0007776999846100807 0.4897739887237549
v -0.1501956433057785 -0.0007776999846100807 0.491742342710495
v -0.14236009120941162 0.0106612304225564 0.49521729350090027
v -0.14232824742794037 0.004935840144753456 0.49521729350090027
v -0.13876083493232727 0.0106612304225564 0.4959625005722046
v -0.14236009120941162 0.0106612304225564 0.49521729350090027
v -0.1451949030160904 0.004935840144753456 0.49412378668785095
v -0.14232824742794037 0.004935840144753456 0.49521729350090027
v -0.058701228350400925 -0.0007776999846100807 0.49775266647338867
v -0.05298382043838501 -0.006503089796751738 0.4967401325702667
v -0.05298382043838501 -0.0007776999846100807 0.4971856474876404
v -0.1535082459449768 0.008425489999353886 0.4896039068698883
v -0.1590186059474945 0.0029603498987853527 0.4838365912437439
v -0.15373119711875916 0.004935840144753456 0.4897821247577667
v -0.058701228350400925 -0.0007776999846100807 0.49775266647338867
v -0.11015787720680237 -0.006503089796751738 0.49722614884376526
v -0.058701228350400925 -0.006503089796751738 0.49722614884376526
v -0.11015787720680237 0.02210015058517456 0.49775266647338867
v -0.12160862237215042 0.016374770551919937 0.4976149797439575
v -0.11589121073484421 0.016374770551919937 0.4977283477783203
v -0.04726641997694969 0.04496617987751961 0.49664294719696045
v -0.05298382043838501 -0.0007776999846100807 0.4971856474876404
v -0.04726641997694969 -0.0007776999846100807 0.4959949254989624
v -0.04726641997694969 0.04496617987751961 0.49664294719696045
v -0.04726641997694969 -0.0007776999846100807 0.4959949254989624
v -0.04369901120662689 -0.0007776999846100807 0.4951687157154083
v -0.04291864112019539 0.04496617987751961 0.49547654390335083
v -0.04369901120662689 -0.0007776999846100807 0.4951687157154083
v -0.04083234816789627 -0.0007776999846100807 0.49423718452453613
v -0.04291864112019539 0.04496617987751961 0.49547654390335083
v -0.04083234816789627 -0.0007776999846100807 0.49423718452453613
v -0.040051981806755066 0.04496617987751961 0.49444779753685
v -0.11589121073484421 -0.0007776999846100807 0.4977283477783203
v -0.12160862237215042 -0.006503089796751738 0.4971451461315155
v -0.11589121073484421 -0.006503089796751738 0.49720996618270874
v -0.03583161160349846 0.04496617987751961 0.49253615736961365
v -0.04083234816789627 -0.0007776999846100807 0.49423718452453613
v -0.03583161160349846 -0.0007776999846100807 0.4918152391910553
v -0.11015787720680237 -0.0007776999846100807 0.49775266647338867
v -0.11589121073484421 -0.006503089796751738 0.49720996618270874
v -0.11015787720680237 -0.006503089796751738 0.49722614884376526
v -0.05298382043838501 -0.0007776999846100807 0.4971856474876404
v -0.05298382043838501 -0.006503089796751738 0.4967401325702667
v -0.04680456966161728 -0.006857960019260645 0.49556562304496765
v -0.031467899680137634 0.04496617987751961 0.4901871085166931
v -0.029365679249167442 -0.0007776999846100807 0.4880000650882721
v -0.02860124036669731 0.04496617987751961 0.4882916808128357
v -0.02860124036669731 0.04496617987751961 0.4882916808128357
v -0.025336429476737976 -0.0007776999846100807 0.48514071106910706
v -0.025001980364322662 0.04496617987751961 0.48543232679367065
v -0.02860124036669731 0.04496617987751961 0.4882916808128357
v -0.029365679249167442 -0.0007776999846100807 0.4880000650882721
v -0.025336429476737976 -0.0007776999846100807 0.48514071106910706
v -0.058701228350400925 -0.0007776999846100807 0.49775266647338867
v -0.058701228350400925 -0.006503089796751738 0.49722614884376526
v -0.05298382043838501 -0.006503089796751738 0.4967401325702667
v -0.025336429476737976 -0.0007776999846100807 0.48514071106910706
v -0.025686800479888916 -0.006503089796751738 0.48483291268348694
v -0.02248569019138813 -0.0007776999846100807 0.48241907358169556
v -0.058701228350400925 -0.0007776999846100807 0.49775266647338867
v -0.11015787720680237 -0.0007776999846100807 0.49775266647338867
v -0.11015787720680237 -0.006503089796751738 0.49722614884376526
v -0.020064949989318848 -0.0007776999846100807 0.4795597195625305
v -0.020351609215140343 -0.006503089796751738 0.47922760248184204
v -0.017500869929790497 -0.006503089796751738 0.47582554817199707
v -0.020064949989318848 -0.0007776999846100807 0.4795597195625305
v -0.017500869929790497 -0.006503089796751738 0.47582554817199707
v -0.017214210703969002 -0.0007776999846100807 0.4761090576648712
v -0.11589121073484421 0.016374770551919937 0.4977283477783203
v -0.12160862237215042 0.016374770551919937 0.4976149797439575
v -0.12160862237215042 0.004935840144753456 0.4976392388343811
v -0.11589121073484421 0.016374770551919937 0.4977283477783203
v -0.12160862237215042 0.004935840144753456 0.4976392388343811
v -0.12160862237215042 -0.0007776999846100807 0.49764734506607056
v -0.11589121073484421 0.016374770551919937 0.4977283477783203
v -0.12160862237215042 -0.0007776999846100807 0.49764734506607056
v -0.11589121073484421 -0.0007776999846100807 0.4977283477783203
v -0.11589121073484421 -0.0007776999846100807 0.4977283477783203
v -0.12160862237215042 -0.0007776999846100807 0.49764734506607056
v -0.12160862237215042 -0.006503089796751738 0.4971451461315155
v -0.02248569019138813 -0.0007776999846100807 0.48241907358169556
v -0.022820129990577698 -0.006503089796751738 0.4820869565010071
v -0.020351609215140343 -0.006503089796751738 0.47922760248184204
v -0.1590186059474945 0.0029603498987853527 0.4838365912437439
v -0.1609615534543991 -0.0007776999846100807 0.4806613326072693
v -0.1591460108757019 -0.0007776999846100807 0.4839824140071869
v -0.012802730314433575 -0.0007776999846100807 0.46922391653060913
v -0.010079399682581425 -0.009365770034492016 0.46065399050712585
v -0.009951990097761154 -0.006503089796751738 0.4610427916049957
v -0.012802730314433575 -0.0007776999846100807 0.46922391653060913
v -0.009951990097761154 -0.006503089796751738 0.4610427916049957
v -0.010827910155057907 -0.0007776999846100807 0.4642828404903412
v -0.04369901120662689 -0.0007776999846100807 0.4951687157154083
v -0.04393789917230606 -0.00520185986533761 0.4951038956642151
v -0.04083234816789627 -0.0007776999846100807 0.49423718452453613
v -0.04369901120662689 -0.0007776999846100807 0.4951687157154083
v -0.04726641997694969 -0.0007776999846100807 0.4959949254989624
v -0.04393789917230606 -0.00520185986533761 0.4951038956642151
v -0.04083234816789627 -0.0007776999846100807 0.49423718452453613
v -0.04393789917230606 -0.00520185986533761 0.4951038956642151
v -0.04183568060398102 -0.006857960019260645 0.49397799372673035
v -0.04083234816789627 -0.0007776999846100807 0.49423718452453613
v -0.04183568060398102 -0.006857960019260645 0.49397799372673035
v -0.03583161160349846 -0.006503089796751738 0.49121585488319397
v -0.00888494960963726 -0.006503089796751738 0.45778653025627136
v -0.010079399682581425 -0.009365770034492016 0.46065399050712585
v -0.007722349837422371 -0.006503089796751738 0.4520678222179413
v -0.025336429476737976 -0.0007776999846100807 0.48514071106910706
v -0.02248569019138813 -0.0007776999846100807 0.48241907358169556
v -0.022390130907297134 0.0106612304225564 0.4825567603111267
v -0.007722349837422371 -0.006503089796751738 0.4520678222179413
v -0.009681249968707561 -0.009685169905424118 0.45778653025627136
v -0.009187540039420128 -0.010040040127933025 0.4520678222179413
v -0.007722349837422371 -0.006503089796751738 0.4520678222179413
v -0.009187540039420128 -0.010040040127933025 0.4520678222179413
v -0.00885310024023056 -0.01685371994972229 0.4152364730834961
v -0.020064949989318848 -0.0007776999846100807 0.4795597195625305
v -0.02248569019138813 -0.0007776999846100807 0.48241907358169556
v -0.020351609215140343 -0.006503089796751738 0.47922760248184204
v -0.017214210703969002 -0.0007776999846100807 0.4761090576648712
v -0.017500869929790497 -0.006503089796751738 0.47582554817199707
v -0.01514383964240551 -0.006503089796751738 0.47296619415283203
v -0.017214210703969002 -0.0007776999846100807 0.4761090576648712
v -0.01514383964240551 -0.006503089796751738 0.47296619415283203
v -0.014920869842171669 -0.0007776999846100807 0.4732497036457062
v -0.02248569019138813 -0.0007776999846100807 0.48241907358169556
v -0.025686800479888916 -0.006503089796751738 0.48483291268348694
v -0.022820129990577698 -0.006503089796751738 0.4820869565010071
v -0.16667896509170532 -0.0011325799860060215 0.4177556037902832
v -0.16779378056526184 -0.0034866200294345617 0.4152364730834961
v -0.16651971638202667 -0.000907830020878464 0.4234743118286133
v -0.014920869842171669 -0.0007776999846100807 0.4732497036457062
v -0.01514383964240551 -0.006503089796751738 0.47296619415283203
v -0.012802730314433575 -0.0007776999846100807 0.46922391653060913
v -0.1501956433057785 0.004935840144753456 0.4917990565299988
v -0.1501956433057785 -0.0007776999846100807 0.491742342710495
v -0.1451949030160904 0.004935840144753456 0.49412378668785095
v -0.1501956433057785 0.004935840144753456 0.4917990565299988
v -0.1451949030160904 0.004935840144753456 0.49412378668785095
v -0.14236009120941162 0.0106612304225564 0.49521729350090027
v -0.012802730314433575 -0.0007776999846100807 0.46922391653060913
v -0.01514383964240551 -0.006503089796751738 0.47296619415283203
v -0.013439759612083435 -0.006503089796751738 0.46922391653060913
v -0.012802730314433575 -0.0007776999846100807 0.46922391653060913
v -0.013439759612083435 -0.006503089796751738 0.46922391653060913
v -0.010079399682581425 -0.009365770034492016 0.46065399050712585
v -0.010827910155057907 -0.0007776999846100807 0.4642828404903412
v -0.009951990097761154 -0.006503089796751738 0.4610427916049957
v -0.009808650240302086 -0.0007776999846100807 0.46142348647117615
v -0.009951990097761154 -0.006503089796751738 0.4610427916049957
v -0.010079399682581425 -0.009365770034492016 0.46065399050712585
v -0.00888494960963726 -0.006503089796751738 0.45778653025627136
v -0.13876083493232727 0.0106612304225564 0.4959625005722046
v -0.14232824742794037 0.004935840144753456 0.49521729350090027
v -0.14229638874530792 -0.0007776999846100807 0.49521729350090027
v -0.007722349837422371 -0.006503089796751738 0.4520678222179413
v -0.010079399682581425 -0.009365770034492016 0.46065399050712585
v -0.009681249968707561 -0.009685169905424118 0.45778653025627136
v -0.13876083493232727 0.0106612304225564 0.4959625005722046
v -0.13876083493232727 -0.0007776999846100807 0.49587342143058777
v -0.13304342329502106 0.0106612304225564 0.4967806339263916
v -0.13304342329502106 0.0106612304225564 0.4967806339263916
v -0.13304342329502106 0.004935840144753456 0.49669963121414185
v -0.12732602655887604 -0.0007776999846100807 0.4972747266292572
v -0.007722349837422371 -0.006503089796751738 0.4520678222179413
v -0.00885310024023056 -0.01685371994972229 0.4152364730834961
v -0.007085320074111223 -0.012216630391776562 0.4152364730834961
v -0.007722349837422371 -0.006503089796751738 0.4520678222179413
v -0.007085320074111223 -0.012216630391776562 0.4152364730834961
v -0.007356060203164816 -0.006503089796751738 0.4463491141796112
v -0.006559770088642836 -0.006503089796751738 0.4234743118286133
v -0.007356060203164816 -0.006503089796751738 0.4463491141796112
v -0.007085320074111223 -0.012216630391776562 0.4152364730834961
v -0.16661526262760162 -0.0013336900155991316 0.4152364730834961
v -0.16779378056526184 -0.0034866200294345617 0.4152364730834961
v -0.16667896509170532 -0.0011325799860060215 0.4177556037902832
v -0.12732602655887604 0.016374770551919937 0.49735572934150696
v -0.12160862237215042 -0.0007776999846100807 0.49764734506607056
v -0.12160862237215042 0.004935840144753456 0.4976392388343811
v -0.025686800479888916 -0.006503089796751738 0.48483291268348694
v -0.026419389992952347 -0.00981528963893652 0.4842011034488678
v -0.022820129990577698 -0.006503089796751738 0.4820869565010071
v -0.16909970343112946 -0.006503089796751738 0.4152364730834961
v -0.16908377408981323 -0.009010889567434788 0.4152364730834961
v -0.1690041571855545 -0.006503089796751738 0.4177556037902832
v -0.1690041571855545 -0.006503089796751738 0.4177556037902832
v -0.16908377408981323 -0.009010889567434788 0.4152364730834961
v -0.1659623086452484 -0.006503089796751738 0.45778653025627136
v -0.020351609215140343 -0.006503089796751738 0.47922760248184204
v -0.022820129990577698 -0.006503089796751738 0.4820869565010071
v -0.015494209714233875 -0.009614190086722374 0.4724963903427124
v -0.017500869929790497 -0.006503089796751738 0.47582554817199707
v -0.015494209714233875 -0.009614190086722374 0.4724963903427124
v -0.01514383964240551 -0.006503089796751738 0.47296619415283203
v -0.01514383964240551 -0.006503089796751738 0.47296619415283203
v -0.015494209714233875 -0.009614190086722374 0.4724963903427124
v -0.013439759612083435 -0.006503089796751738 0.46922391653060913
v -0.022820129990577698 -0.006503089796751738 0.4820869565010071
v -0.020924950018525124 -0.009756140410900116 0.47854721546173096
v -0.015494209714233875 -0.009614190086722374 0.4724963903427124
v -0.16475194692611694 -0.0007776999846100807 0.46768492460250854
v -0.16479970514774323 -0.006503089796751738 0.4679521918296814
v -0.1643219292163849 -0.0007776999846100807 0.47055235505104065
v -0.13876083493232727 0.0106612304225564 0.4959625005722046
v -0.14229638874530792 -0.0007776999846100807 0.49521729350090027
v -0.13876083493232727 -0.0007776999846100807 0.49587342143058777
v -0.1632867455482483 -0.0007776999846100807 0.4749426245689392
v -0.16479970514774323 -0.006503089796751738 0.4679521918296814
v -0.1640034168958664 -0.006503089796751738 0.47081154584884644
v -0.1632867455482483 -0.0007776999846100807 0.4749426245689392
v -0.1640034168958664 -0.006503089796751738 0.47081154584884644
v -0.16255414485931396 -0.006503089796751738 0.4749426245689392
v -0.13304342329502106 0.0106612304225564 0.4967806339263916
v -0.12732602655887604 -0.0007776999846100807 0.4972747266292572
v -0.12732602655887604 0.004935840144753456 0.497307151556015
v -0.13304342329502106 0.0106612304225564 0.4967806339263916
v -0.12732602655887604 0.004935840144753456 0.497307151556015
v -0.12732602655887604 0.016374770551919937 0.49735572934150696
v -0.13304342329502106 0.0106612304225564 0.4967806339263916
v -0.13876083493232727 -0.0007776999846100807 0.49587342143058777
v -0.13304342329502106 0.004935840144753456 0.49669963121414185
v -0.12732602655887604 0.016374770551919937 0.49735572934150696
v -0.12732602655887604 0.004935840144753456 0.497307151556015
v -0.12160862237215042 -0.0007776999846100807 0.49764734506607056
v -0.1590186059474945 0.0029603498987853527 0.4838365912437439
v -0.1591460108757019 -0.0007776999846100807 0.4839824140071869
v -0.15373119711875916 0.004935840144753456 0.4897821247577667
v -0.12732602655887604 0.016374770551919937 0.49735572934150696
v -0.12160862237215042 0.004935840144753456 0.4976392388343811
v -0.12160862237215042 0.016374770551919937 0.4976149797439575
v -0.15373119711875916 0.004935840144753456 0.4897821247577667
v -0.1591460108757019 -0.0007776999846100807 0.4839824140071869
v -0.15656600892543793 -0.0007776999846100807 0.48684173822402954
v -0.15373119711875916 0.004935840144753456 0.4897821247577667
v -0.15656600892543793 -0.0007776999846100807 0.48684173822402954
v -0.15371528267860413 -0.0007776999846100807 0.4897739887237549
v -0.1690041571855545 -0.006503089796751738 0.4177556037902832
v -0.1659623086452484 -0.006503089796751738 0.45778653025627136
v -0.16475194692611694 -0.0007776999846100807 0.46768492460250854
v -0.1690041571855545 -0.006503089796751738 0.4177556037902832
v -0.16475194692611694 -0.0007776999846100807 0.46768492460250854
v -0.16502268612384796 -0.00022173000616021454 0.463472843170166
v -0.16475194692611694 -0.0007776999846100807 0.46768492460250854
v -0.1659623086452484 -0.006503089796751738 0.45778653025627136
v -0.16540490090847015 -0.006503089796751738 0.46350520849227905
v -0.16475194692611694 -0.0007776999846100807 0.46768492460250854
v -0.16540490090847015 -0.006503089796751738 0.46350520849227905
v -0.16479970514774323 -0.006503089796751738 0.4679521918296814
v -0.04083234816789627 -0.0007776999846100807 0.49423718452453613
v -0.03583161160349846 -0.006503089796751738 0.49121585488319397
v -0.03583161160349846 -0.0007776999846100807 0.4918152391910553
v -0.1643219292163849 -0.0007776999846100807 0.47055235505104065
v -0.16479970514774323 -0.006503089796751738 0.4679521918296814
v -0.1632867455482483 -0.0007776999846100807 0.4749426245689392
v -0.03583161160349846 -0.0007776999846100807 0.4918152391910553
v -0.03251902014017105 -0.006503089796751738 0.4894985854625702
v -0.029365679249167442 -0.0007776999846100807 0.4880000650882721
v -0.029365679249167442 -0.0007776999846100807 0.4880000650882721
v -0.03251902014017105 -0.006503089796751738 0.4894985854625702
v -0.029668280854821205 -0.006503089796751738 0.487692266702652
v -0.1632867455482483 -0.0007776999846100807 0.4749426245689392
v -0.16255414485931396 -0.006503089796751738 0.4749426245689392
v -0.1600537896156311 -0.006952600087970495 0.48117974400520325
v -0.1632867455482483 -0.0007776999846100807 0.4749426245689392
v -0.1600537896156311 -0.006952600087970495 0.48117974400520325
v -0.1609615534543991 -0.0007776999846100807 0.4806613326072693
v -0.1632867455482483 -0.0007776999846100807 0.4749426245689392
v -0.1609615534543991 -0.0007776999846100807 0.4806613326072693
v -0.1590186059474945 0.0029603498987853527 0.4838365912437439
v -0.1632867455482483 -0.0007776999846100807 0.4749426245689392
v -0.1590186059474945 0.0029603498987853527 0.4838365912437439
v -0.15989452600479126 0.003942179959267378 0.4806613326072693
v -0.05298382043838501 -0.006503089796751738 0.4967401325702667
v -0.05298382043838501 -0.009933579713106155 0.4956304132938385
v -0.04841307923197746 -0.009661509655416012 0.4952821135520935
v -0.16908377408981323 -0.009010889567434788 0.4152364730834961
v -0.16457675397396088 -0.0094485804438591 0.46682628989219666
v -0.1659623086452484 -0.006503089796751738 0.45778653025627136
v -0.05298382043838501 -0.006503089796751738 0.4967401325702667
v -0.044590871781110764 -0.009010889567434788 0.4948447048664093
v -0.04680456966161728 -0.006857960019260645 0.49556562304496765
v -0.12160862237215042 -0.0007776999846100807 0.49764734506607056
v -0.12732602655887604 0.004935840144753456 0.497307151556015
v -0.12732602655887604 -0.0007776999846100807 0.4972747266292572
v -0.16479970514774323 -0.006503089796751738 0.4679521918296814
v -0.16457675397396088 -0.0094485804438591 0.46682628989219666
v -0.1640034168958664 -0.006503089796751738 0.47081154584884644
v -0.1640034168958664 -0.006503089796751738 0.47081154584884644
v -0.16457675397396088 -0.0094485804438591 0.46682628989219666
v -0.16255414485931396 -0.006503089796751738 0.4749426245689392
v -0.16255414485931396 -0.006503089796751738 0.4749426245689392
v -0.16457675397396088 -0.0094485804438591 0.46682628989219666
v -0.158700093626976 -0.009164669550955296 0.48343971371650696
v -0.16255414485931396 -0.006503089796751738 0.4749426245689392
v -0.158700093626976 -0.009164669550955296 0.48343971371650696
v -0.1600537896156311 -0.006952600087970495 0.48117974400520325
v -0.12160862237215042 -0.006503089796751738 0.4971451461315155
v -0.13304342329502106 -0.009767970070242882 0.4953955113887787
v -0.12732602655887604 -0.009957239963114262 0.49565473198890686
v -0.03583161160349846 -0.0007776999846100807 0.4918152391910553
v -0.03583161160349846 -0.006503089796751738 0.49121585488319397
v -0.03251902014017105 -0.006503089796751738 0.4894985854625702
v -0.11589121073484421 -0.006503089796751738 0.49720996618270874
v -0.11589121073484421 -0.010051869787275791 0.49582481384277344
v -0.11015787720680237 -0.006503089796751738 0.49722614884376526
v -0.11589121073484421 -0.006503089796751738 0.49720996618270874
v -0.12160862237215042 -0.010040040127933025 0.4958004951477051
v -0.11589121073484421 -0.010051869787275791 0.49582481384277344
v -0.058701228350400925 -0.006503089796751738 0.49722614884376526
v -0.058701228350400925 -0.010051869787275791 0.4958329200744629
v -0.05298382043838501 -0.009933579713106155 0.4956304132938385
v -0.058701228350400925 -0.006503089796751738 0.49722614884376526
v -0.05298382043838501 -0.009933579713106155 0.4956304132938385
v -0.05298382043838501 -0.006503089796751738 0.4967401325702667
v -0.058701228350400925 -0.006503089796751738 0.49722614884376526
v -0.11015787720680237 -0.006503089796751738 0.49722614884376526
v -0.11015787720680237 -0.010051869787275791 0.4958329200744629
v -0.058701228350400925 -0.006503089796751738 0.49722614884376526
v -0.11015787720680237 -0.010051869787275791 0.4958329200744629
v -0.058701228350400925 -0.010051869787275791 0.4958329200744629
v -0.029668280854821205 -0.006503089796751738 0.487692266702652
v -0.03285346180200577 -0.009413089603185654 0.48930421471595764
v -0.025686800479888916 -0.006503089796751738 0.48483291268348694
v -0.05298382043838501 -0.006503089796751738 0.4967401325702667
v -0.04841307923197746 -0.009661509655416012 0.4952821135520935
v -0.044590871781110764 -0.009010889567434788 0.4948447048664093
v -0.025686800479888916 -0.006503089796751738 0.48483291268348694
v -0.03285346180200577 -0.009413089603185654 0.48930421471595764
v -0.026419389992952347 -0.00981528963893652 0.4842011034488678
v -0.020351609215140343 -0.006503089796751738 0.47922760248184204
v -0.015494209714233875 -0.009614190086722374 0.4724963903427124
v -0.017500869929790497 -0.006503089796751738 0.47582554817199707
v -0.12160862237215042 -0.0007776999846100807 0.49764734506607056
v -0.12732602655887604 -0.0007776999846100807 0.4972747266292572
v -0.12732602655887604 -0.006503089796751738 0.49680495262145996
v -0.12160862237215042 -0.0007776999846100807 0.49764734506607056
v -0.12732602655887604 -0.006503089796751738 0.49680495262145996
v -0.12160862237215042 -0.006503089796751738 0.4971451461315155
v -0.12160862237215042 -0.006503089796751738 0.4971451461315155
v -0.12160862237215042 -0.010040040127933025 0.4958004951477051
v -0.11589121073484421 -0.006503089796751738 0.49720996618270874
v -0.12160862237215042 -0.006503089796751738 0.4971451461315155
v -0.12732602655887604 -0.006503089796751738 0.49680495262145996
v -0.13304342329502106 -0.009767970070242882 0.4953955113887787
v -0.022820129990577698 -0.006503089796751738 0.4820869565010071
v -0.026419389992952347 -0.00981528963893652 0.4842011034488678
v -0.020924950018525124 -0.009756140410900116 0.47854721546173096
v -0.12160862237215042 -0.006503089796751738 0.4971451461315155
v -0.12732602655887604 -0.009957239963114262 0.49565473198890686
v -0.12160862237215042 -0.010040040127933025 0.4958004951477051
v -0.010079399682581425 -0.009365770034492016 0.46065399050712585
v -0.010764209553599358 -0.018509820103645325 0.4152364730834961
v -0.009681249968707561 -0.009685169905424118 0.45778653025627136
v -0.010079399682581425 -0.009365770034492016 0.46065399050712585
v -0.013439759612083435 -0.006503089796751738 0.46922391653060913
v -0.015494209714233875 -0.009614190086722374 0.4724963903427124
v -0.11015787720680237 -0.006503089796751738 0.49722614884376526
v -0.11589121073484421 -0.010051869787275791 0.49582481384277344
v -0.11015787720680237 -0.010051869787275791 0.4958329200744629
v -0.04680456966161728 -0.006857960019260645 0.49556562304496765
v -0.044590871781110764 -0.009010889567434788 0.4948447048664093
v -0.04393789917230606 -0.00520185986533761 0.4951038956642151
v -0.04393789917230606 -0.00520185986533761 0.4951038956642151
v -0.044590871781110764 -0.009010889567434788 0.4948447048664093
v -0.04183568060398102 -0.006857960019260645 0.49397799372673035
v -0.029668280854821205 -0.006503089796751738 0.487692266702652
v -0.03251902014017105 -0.006503089796751738 0.4894985854625702
v -0.03285346180200577 -0.009413089603185654 0.48930421471595764
v -0.1501956433057785 -0.0007776999846100807 0.491742342710495
v -0.14516304433345795 -0.0007776999846100807 0.49406710267066956
v -0.1451949030160904 0.004935840144753456 0.49412378668785095
v -0.13304342329502106 -0.009767970070242882 0.4953955113887787
v -0.13772563636302948 -0.009555039927363396 0.4951525330543518
v -0.13928638398647308 -0.010040040127933025 0.4926576614379883
v -0.1501956433057785 -0.0007776999846100807 0.491742342710495
v -0.15347638726234436 -0.006503089796751738 0.48959580063819885
v -0.1501956433057785 -0.006503089796751738 0.4911591410636902
v -0.1501956433057785 -0.0007776999846100807 0.491742342710495
v -0.1501956433057785 -0.006503089796751738 0.4911591410636902
v -0.14205749332904816 -0.005462099798023701 0.49512821435928345
v -0.12732602655887604 -0.009957239963114262 0.49565473198890686
v -0.13304342329502106 -0.010477730073034763 0.49209874868392944
v -0.12732602655887604 -0.010666999965906143 0.49209874868392944
v -0.11589121073484421 -0.010051869787275791 0.49582481384277344
v -0.11589121073484421 -0.010761629790067673 0.49209874868392944
v -0.11015787720680237 -0.010051869787275791 0.4958329200744629
v -0.11589121073484421 -0.010051869787275791 0.49582481384277344
v -0.12160862237215042 -0.010749800130724907 0.49209874868392944
v -0.11589121073484421 -0.010761629790067673 0.49209874868392944
v -0.03285346180200577 -0.009413089603185654 0.48930421471595764
v -0.03583161160349846 -0.009756140410900116 0.4899522066116333
v -0.03060789965093136 -0.009957239963114262 0.48621803522109985
v -0.14229638874530792 -0.0007776999846100807 0.49521729350090027
v -0.14205749332904816 -0.005462099798023701 0.49512821435928345
v -0.13876083493232727 -0.0007776999846100807 0.49587342143058777
v -0.010079399682581425 -0.009365770034492016 0.46065399050712585
v -0.012340879999101162 -0.019361529499292374 0.4152364730834961
v -0.010764209553599358 -0.018509820103645325 0.4152364730834961
v -0.13876083493232727 -0.0007776999846100807 0.49587342143058777
v -0.14205749332904816 -0.005462099798023701 0.49512821435928345
v -0.13928638398647308 -0.007023579906672239 0.4954279065132141
v -0.13876083493232727 -0.0007776999846100807 0.49587342143058777
v -0.13928638398647308 -0.007023579906672239 0.4954279065132141
v -0.13304342329502106 -0.0007776999846100807 0.4966186285018921
v -0.010079399682581425 -0.009365770034492016 0.46065399050712585
v -0.015494209714233875 -0.009614190086722374 0.4724963903427124
v -0.015350869856774807 -0.020852020010352135 0.4152364730834961
v -0.010079399682581425 -0.009365770034492016 0.46065399050712585
v -0.015350869856774807 -0.020852020010352135 0.4152364730834961
v -0.012340879999101162 -0.019361529499292374 0.4152364730834961
v -0.009681249968707561 -0.009685169905424118 0.45778653025627136
v -0.010764209553599358 -0.018509820103645325 0.4152364730834961
v -0.00885310024023056 -0.01685371994972229 0.4152364730834961
v -0.009681249968707561 -0.009685169905424118 0.45778653025627136
v -0.00885310024023056 -0.01685371994972229 0.4152364730834961
v -0.009187540039420128 -0.010040040127933025 0.4520678222179413
v -0.16908377408981323 -0.009010889567434788 0.4152364730834961
v -0.16792118549346924 -0.012441390193998814 0.4152364730834961
v -0.16457675397396088 -0.0094485804438591 0.46682628989219666
v -0.1501956433057785 -0.0007776999846100807 0.491742342710495
v -0.15371528267860413 -0.0007776999846100807 0.4897739887237549
v -0.15347638726234436 -0.006503089796751738 0.48959580063819885
v -0.1659623086452484 -0.006503089796751738 0.45778653025627136
v -0.16457675397396088 -0.0094485804438591 0.46682628989219666
v -0.16540490090847015 -0.006503089796751738 0.46350520849227905
v -0.16540490090847015 -0.006503089796751738 0.46350520849227905
v -0.16457675397396088 -0.0094485804438591 0.46682628989219666
v -0.16479970514774323 -0.006503089796751738 0.4679521918296814
v -0.1501956433057785 -0.0007776999846100807 0.491742342710495
v -0.14205749332904816 -0.005462099798023701 0.49512821435928345
v -0.14516304433345795 -0.0007776999846100807 0.49406710267066956
v -0.1451949030160904 0.004935840144753456 0.49412378668785095
v -0.14516304433345795 -0.0007776999846100807 0.49406710267066956
v -0.14229638874530792 -0.0007776999846100807 0.49521729350090027
v -0.1451949030160904 0.004935840144753456 0.49412378668785095
v -0.14229638874530792 -0.0007776999846100807 0.49521729350090027
v -0.14232824742794037 0.004935840144753456 0.49521729350090027
v -0.15371528267860413 -0.0007776999846100807 0.4897739887237549
v -0.15656600892543793 -0.0007776999846100807 0.48684173822402954
v -0.15347638726234436 -0.006503089796751738 0.48959580063819885
v -0.1600537896156311 -0.006952600087970495 0.48117974400520325
v -0.158700093626976 -0.009164669550955296 0.48343971371650696
v -0.1590186059474945 -0.005355639848858118 0.4838204085826874
v -0.14229638874530792 -0.0007776999846100807 0.49521729350090027
v -0.14516304433345795 -0.0007776999846100807 0.49406710267066956
v -0.14205749332904816 -0.005462099798023701 0.49512821435928345
v -0.1609615534543991 -0.0007776999846100807 0.4806613326072693
v -0.1590186059474945 -0.005355639848858118 0.4838204085826874
v -0.1591460108757019 -0.0007776999846100807 0.4839824140071869
v -0.1591460108757019 -0.0007776999846100807 0.4839824140071869
v -0.1590186059474945 -0.005355639848858118 0.4838204085826874
v -0.15656600892543793 -0.0007776999846100807 0.48684173822402954
v -0.13876083493232727 -0.0007776999846100807 0.49587342143058777
v -0.13304342329502106 -0.0007776999846100807 0.4966186285018921
v -0.13304342329502106 0.004935840144753456 0.49669963121414185
v -0.13304342329502106 0.004935840144753456 0.49669963121414185
v -0.13304342329502106 -0.0007776999846100807 0.4966186285018921
v -0.12732602655887604 -0.0007776999846100807 0.4972747266292572
v -0.12732602655887604 -0.0007776999846100807 0.4972747266292572
v -0.13304342329502106 -0.0007776999846100807 0.4966186285018921
v -0.13304342329502106 -0.006503089796751738 0.4961974322795868
v -0.12732602655887604 -0.0007776999846100807 0.4972747266292572
v -0.13304342329502106 -0.006503089796751738 0.4961974322795868
v -0.12732602655887604 -0.006503089796751738 0.49680495262145996
v -0.03583161160349846 0.09560739248991013 0.4520678222179413
v -0.06441862881183624 0.09560739248991013 0.4234743118286133
v -0.0758693665266037 0.09560739248991013 0.42919301986694336
v -0.03583161160349846 0.09560739248991013 0.4520678222179413
v -0.08158677816390991 0.09560739248991013 0.44063040614128113
v -0.08158677816390991 0.09560739248991013 0.4520678222179413
v -0.03583161160349846 0.09560739248991013 0.4520678222179413
v -0.08158677816390991 0.09560739248991013 0.4520678222179413
v -0.0758693665266037 0.09560739248991013 0.45778653025627136
v -0.04726641997694969 0.09539446979761124 0.46922391653060913
v -0.05298382043838501 0.09509871900081635 0.4749426245689392
v -0.04726641997694969 0.09485030919313431 0.4749426245689392
v -0.03583161160349846 0.09507506340742111 0.46350520849227905
v -0.03551309183239937 0.0943298190832138 0.46953174471855164
v -0.030082350596785545 0.09423519670963287 0.46350520849227905
v -0.03583161160349846 0.09507506340742111 0.46350520849227905
v -0.030082350596785545 0.09423519670963287 0.46350520849227905
v -0.030114199966192245 0.09489762783050537 0.45778653025627136
v -0.030114199966192245 0.09489762783050537 0.45778653025627136
v -0.030082350596785545 0.09423519670963287 0.46350520849227905
v -0.026801610365509987 0.09389214962720871 0.46160170435905457
v -0.030114199966192245 0.09489762783050537 0.45778653025627136
v -0.026801610365509987 0.09389214962720871 0.46160170435905457
v -0.026339760050177574 0.09408140927553177 0.45778653025627136
v -0.03583161160349846 0.09560739248991013 0.4520678222179413
v -0.058701228350400925 0.09560739248991013 0.46922391653060913
v -0.04726641997694969 0.09560739248991013 0.46350520849227905
v -0.03583161160349846 0.09560739248991013 0.4520678222179413
v -0.04726641997694969 0.09560739248991013 0.46350520849227905
v -0.04154900833964348 0.0955127701163292 0.46350520849227905
v -0.03583161160349846 0.09560739248991013 0.4520678222179413
v -0.04154900833964348 0.0955127701163292 0.46350520849227905
v -0.03583161160349846 0.09541813284158707 0.45778653025627136
v -0.03583161160349846 0.09560739248991013 0.4520678222179413
v -0.030114199966192245 0.09511055052280426 0.4520678222179413
v -0.030114199966192245 0.09511055052280426 0.44063040614128113
v -0.03583161160349846 0.09560739248991013 0.4520678222179413
v -0.030114199966192245 0.09511055052280426 0.44063040614128113
v -0.03583161160349846 0.09560739248991013 0.44063040614128113
v -0.03583161160349846 0.09560739248991013 0.4520678222179413
v -0.03583161160349846 0.09560739248991013 0.44063040614128113
v -0.04154900833964348 0.09560739248991013 0.42919301986694336
v -0.03583161160349846 0.09560739248991013 0.4520678222179413
v -0.04154900833964348 0.09560739248991013 0.42919301986694336
v -0.05298382043838501 0.09560739248991013 0.4234743118286133
v -0.03583161160349846 0.09560739248991013 0.4520678222179413
v -0.05298382043838501 0.09560739248991013 0.4234743118286133
v -0.06441862881183624 0.09560739248991013 0.4234743118286133
v -0.03583161160349846 0.09560739248991013 0.44063040614128113
v -0.030114199966192245 0.09502775967121124 0.43491169810295105
v -0.03583161160349846 0.09552457928657532 0.43491169810295105
v -0.04726641997694969 0.09560739248991013 0.46350520849227905
v -0.058701228350400925 0.09560739248991013 0.46922391653060913
v -0.05298382043838501 0.09559556096792221 0.46922391653060913
v -0.04726641997694969 0.09560739248991013 0.46350520849227905
v -0.05298382043838501 0.09559556096792221 0.46922391653060913
v -0.04154900833964348 0.0955127701163292 0.46350520849227905
v -0.03583161160349846 0.09560739248991013 0.4520678222179413
v -0.0758693665266037 0.09560739248991013 0.42919301986694336
v -0.08158677816390991 0.09560739248991013 0.44063040614128113
v -0.04154900833964348 0.0955127701163292 0.46350520849227905
v -0.04726641997694969 0.09539446979761124 0.46922391653060913
v -0.04154900833964348 0.0950632318854332 0.46922391653060913
v -0.04154900833964348 0.0955127701163292 0.46350520849227905
v -0.04154900833964348 0.0950632318854332 0.46922391653060913
v -0.03583161160349846 0.09507506340742111 0.46350520849227905
v -0.03583161160349846 0.09560739248991013 0.4520678222179413
v -0.0758693665266037 0.09560739248991013 0.45778653025627136
v -0.07013604044914246 0.09560739248991013 0.46350520849227905
v -0.03583161160349846 0.09560739248991013 0.4520678222179413
v -0.07013604044914246 0.09560739248991013 0.46350520849227905
v -0.058701228350400925 0.09560739248991013 0.46922391653060913
v -0.015494209714233875 -0.009614190086722374 0.4724963903427124
v -0.01866346038877964 -0.022342510521411896 0.4152364730834961
v -0.015350869856774807 -0.020852020010352135 0.4152364730834961
v -0.015494209714233875 -0.009614190086722374 0.4724963903427124
v -0.020924950018525124 -0.009756140410900116 0.47854721546173096
v -0.024380870163440704 -0.024412639439105988 0.4152364730834961
v -0.015494209714233875 -0.009614190086722374 0.4724963903427124
v -0.024380870163440704 -0.024412639439105988 0.4152364730834961
v -0.02059050090610981 -0.023040439933538437 0.4152364730834961
v -0.15347638726234436 -0.006503089796751738 0.48959580063819885
v -0.1590186059474945 -0.005355639848858118 0.4838204085826874
v -0.15677304565906525 -0.006952600087970495 0.48598313331604004
v -0.15347638726234436 -0.006503089796751738 0.48959580063819885
v -0.15677304565906525 -0.006952600087970495 0.48598313331604004
v -0.15318971872329712 -0.009460410103201866 0.48936089873313904
v -0.1501956433057785 -0.01050139032304287 0.48638004064559937
v -0.15643860399723053 -0.010205649770796299 0.48117974400520325
v -0.16182155907154083 -0.017303230240941048 0.4152364730834961
v -0.03583161160349846 0.09560739248991013 0.44063040614128113
v -0.03583161160349846 0.09552457928657532 0.43491169810295105
v -0.04154900833964348 0.09560739248991013 0.42919301986694336
v -0.03583161160349846 0.09560739248991013 0.44063040614128113
v -0.030114199966192245 0.09511055052280426 0.44063040614128113
v -0.030114199966192245 0.09502775967121124 0.43491169810295105
v -0.13928638398647308 -0.007023579906672239 0.4954279065132141
v -0.13304342329502106 -0.006503089796751738 0.4961974322795868
v -0.13304342329502106 -0.0007776999846100807 0.4966186285018921
v -0.030114199966192245 -0.02522885985672474 0.4152364730834961
v -0.1501956433057785 -0.01050139032304287 0.48638004064559937
v -0.15592896938323975 -0.017882870510220528 0.4152364730834961
v -0.14154787361621857 -0.009271140210330486 0.49492570757865906
v -0.15318971872329712 -0.009460410103201866 0.48936089873313904
v -0.1501956433057785 -0.009791630320250988 0.4899198114871979
v -0.16457675397396088 -0.0094485804438591 0.46682628989219666
v -0.16559600830078125 -0.01588371954858303 0.4152364730834961
v -0.15948046743869781 -0.00982712022960186 0.47962450981140137
v -0.16457675397396088 -0.0094485804438591 0.46682628989219666
v -0.15948046743869781 -0.00982712022960186 0.47962450981140137
v -0.158700093626976 -0.009164669550955296 0.48343971371650696
v -0.03583161160349846 0.09560739248991013 0.4520678222179413
v -0.03583161160349846 0.09541813284158707 0.45778653025627136
v -0.030114199966192245 0.09511055052280426 0.4520678222179413
usemtl DefaultMaterial
f 1 2 3
f 4 5 6
f 7 8 9
f 10 11 12
f 13 14 15
f 16 17 18
f 19 20 21
f 22 23 24
f 25 26 27
f 28 29 30
f 31 32 33
f 34 35 36
f 37 38 39
f 40 41 42
f 43 44 45
f 46 47 48
f 49 50 51
f 52 53 54
f 55 56 57
f 58 59 60
f 61 62 63
f 64 65 66
f 67 68 69
f 70 71 72
f 73 74 75
f 76 77 78
f 79 80 81
f 82 83 84
f 85 86 87
f 88 89 90
f 91 92 93
f 94 95 96
f 97 98 99
f 100 101 102
f 103 104 105
f 106 107 108
f 109 110 111
f 112 113 114
f 115 116 117
f 118 119 120
f 121 122 123
f 124 125 126
f 127 128 129
f 130 131 132
f 133 134 135
f 136 137 138
f 139 140 141
f 142 143 144
f 145 146 147
f 148 149 150
f 151 152 153
f 154 155 156
f 157 158 159
f 160 161 162
f 163 164 165
f 166 167 168
f 169 170 171
f 172 173 174
f 175 176 177
f 178 179 180
f 181 182 183
f 184 185 186
f 187 188 189
f 190 191 192
f 193 194 195
f 196 197 198
f 199 200 201
f 202 203 204
f 205 206 207
f 208 209 210
f 211 212 213
f 214 215 216
f 217 218 219
f 220 221 222
f 223 224 225
f 226 227 228
f 229 230 231
f 232 233 234
f 235 236 237
f 238 239 240
f 241 242 243
f 244 245 246
f 247 248 249
f 250 251 252
f 253 254 255
f 256 257 258
f 259 260 261
f 262 263 264
f 265 266 267
f 268 269 270
f 271 272 273
f 274 275 276
f 277 278 279
f 280 281 282
f 283 284 285
f 286 287 288
f 289 290 291
f 292 293 294
f 295 296 297
f 298 299 300
f 301 302 303
f 304 305 306
f 307 308 309
f 310 311 312
f 313 314 315
f 316 317 318
f 319 320 321
f 322 323 324
f 325 326 327
f 328 329 330
f 331 332 333
f 334 335 336
f 337 338 339
f 340 341 342
f 343 344 345
f 346 347 348
f 349 350 351
f 352 353 354
f 355 356 357
f 358 359 360
f 361 362 363
f 364 365 366
f 367 368 369
f 370 371 372
f 373 374 375
f 376 377 378
f 379 380 381
f 382 383 384
f 385 386 387
f 388 389 390
f 391 392 393
f 394 395 396
f 397 398 399
f 400 401 402
f 403 404 405
f 406 407 408
f 409 410 411
f 412 413 414
f 415 416 417
f 418 419 420
f 421 422 423
f 424 425 426
f 427 428 429
f 430 431 432
f 433 434 435
f 436 437 438
f 439 440 441
f 442 443 444
f 445 446 447
f 448 449 450
f 451 452 453
f 454 455 456
f 457 458 459
f 460 461 462
f 463 464 465
f 466 467 468
f 469 470 471
f 472 473 474
f 475 476 477
f 478 479 480
f 481 482 483
f 484 485 486
f 487 488 489
f 490 491 492
f 493 494 495
f 496 497 498
f 499 500 501
f 502 503 504
f 505 506 507
f 508 509 510
f 511 512 513
f 514 515 516
f 517 518 519
f 520 521 522
f 523 524 525
f 526 527 528
f 529 530 531
f 532 533 534
f 535 536 537
f 538 539 540
f 541 542 543
f 544 545 546
f 547 548 549
f 550 551 552
f 553 554 555
f 556 557 558
f 559 560 561
f 562 563 564
f 565 566 567
f 568 569 570
f 571 572 573
f 574 575 576
f 577 578 579
f 580 581 582
f 583 584 585
f 586 587 588
f 589 590 591
f 592 593 594
f 595 596 597
f 598 599 600
f 601 602 603
f 604 605 606
f 607 608 609
f 610 611 612
f 613 614 615
f 616 617 618
f 619 620 621
f 622 623 624
f 625 626 627
f 628 629 630
f 631 632 633
f 634 635 636
f 637 638 639
f 640 641 642
f 643 644 645
f 646 647 648
f 649 650 651
f 652 653 654
f 655 656 657
f 658 659 660
f 661 662 663
f 664 665 666
f 667 668 669
f 670 671 672
f 673 674 675
f 676 677 678
f 679 680 681
f 682 683 684
f 685 686 687
f 688 689 690
f 691 692 693
f 694 695 696
f 697 698 699
f 700 701 702
f 703 704 705
f 706 707 708
f 709 710 711
f 712 713 714
f 715 716 717
f 718 719 720
f 721 722 723
f 724 725 726
f 727 728 729
f 730 731 732
f 733 734 735
f 736 737 738
f 739 740 741
f 742 743 744
f 745 746 747
f 748 749 750
f 751 752 753
f 754 755 756
f 757 758 759
f 760 761 762
f 763 764 765
f 766 767 768
f 769 770 771
f 772 773 774
f 775 776 777
f 778 779 780
f 781 782 783
f 784 785 786
f 787 788 789
f 790 791 792
f 793 794 795
f 796 797 798
f 799 800 801
f 802 803 804
f 805 806 807
f 808 809 810
f 811 812 813
f 814 815 816
f 817 818 819
f 820 821 822
f 823 824 825
f 826 827 828
f 829 830 831
f 832 833 834
f 835 836 837
f 838 839 840
f 841 842 843
f 844 845 846
f 847 848 849
f 850 851 852
f 853 854 855
f 856 857 858
f 859 860 861
f 862 863 864
f 865 866 867
f 868 869 870
f 871 872 873
f 874 875 876
f 877 878 879
f 880 881 882
f 883 884 885
f 886 887 888
f 889 890 891
f 892 893 894
f 895 896 897
f 898 899 900
f 901 902 903
f 904 905 906
f 907 908 909
f 910 911 912
f 913 914 915
f 916 917 918
f 919 920 921
f 922 923 924
f 925 926 927
f 928 929 930
f 931 932 933
f 934 935 936
f 937 938 939
f 940 941 942
f 943 944 945
f 946 947 948
f 949 950 951
f 952 953 954
f 955 956 957
f 958 959 960
f 961 962 963
f 964 965 966
f 967 968 969
f 970 971 972
f 973 974 975
f 976 977 978
f 979 980 981
f 982 983 984
f 985 986 987
f 988 989 990
f 991 992 993
f 994 995 996
f 997 998 999
f 1000 1001 1002
f 1003 1004 1005
f 1006 1007 1008
f 1009 1010 1011
f 1012 1013 1014
f 1015 1016 1017
f 1018 1019 1020
f 1021 1022 1023
f 1024 1025 1026
f 1027 1028 1029
f 1030 1031 1032
f 1033 1034 1035
f 1036 1037 1038
f 1039 1040 1041
f 1042 1043 1044
f 1045 1046 1047
f 1048 1049 1050
f 1051 1052 1053
f 1054 1055 1056
f 1057 1058 1059
f 1060 1061 1062
f 1063 1064 1065
f 1066 1067 1068
f 1069 1070 1071
f 1072 1073 1074
f 1075 1076 1077
f 1078 1079 1080
f 1081 1082 1083
f 1084 1085 1086
f 1087 1088 1089
f 1090 1091 1092
f 1093 1094 1095
f 1096 1097 1098
f 1099 1100 1101
f 1102 1103 1104
f 1105 1106 1107
f 1108 1109 1110
f 1111 1112 1113
f 1114 1115 1116
f 1117 1118 1119
f 1120 1121 1122
f 1123 1124 1125
f 1126 1127 1128
f 1129 1130 1131
f 1132 1133 1134
f 1135 1136 1137
f 1138 1139 1140
f 1141 1142 1143
f 1144 1145 1146
f 1147 1148 1149
f 1150 1151 1152
f 1153 1154 1155
f 1156 1157 1158
f 1159 1160 1161
f 1162 1163 1164
f 1165 1166 1167
f 1168 1169 1170
f 1171 1172 1173
f 1174 1175 1176
f 1177 1178 1179
f 1180 1181 1182
f 1183 1184 1185
f 1186 1187 1188
f 1189 1190 1191
f 1192 1193 1194
f 1195 1196 1197
f 1198 1199 1200
f 1201 1202 1203
f 1204 1205 1206
f 1207 1208 1209
f 1210 1211 1212
f 1213 1214 1215
f 1216 1217 1218
f 1219 1220 1221
f 1222 1223 1224
f 1225 1226 1227
f 1228 1229 1230
f 1231 1232 1233
f 1234 1235 1236
f 1237 1238 1239
f 1240 1241 1242
f 1243 1244 1245
f 1246 1247 1248
f 1249 1250 1251
f 1252 1253 1254
f 1255 1256 1257
f 1258 1259 1260
f 1261 1262 1263
f 1264 1265 1266
f 1267 1268 1269
f 1270 1271 1272
f 1273 1274 1275
f 1276 1277 1278
f 1279 1280 1281
f 1282 1283 1284
f 1285 1286 1287
f 1288 1289 1290
f 1291 1292 1293
f 1294 1295 1296
f 1297 1298 1299
f 1300 1301 1302
f 1303 1304 1305
f 1306 1307 1308
f 1309 1310 1311
f 1312 1313 1314
f 1315 1316 1317
f 1318 1319 1320
f 1321 1322 1323
f 1324 1325 1326
f 1327 1328 1329
f 1330 1331 1332
f 1333 1334 1335
f 1336 1337 1338
f 1339 1340 1341
f 1342 1343 1344
f 1345 1346 1347
f 1348 1349 1350
f 1351 1352 1353
f 1354 1355 1356
f 1357 1358 1359
f 1360 1361 1362
f 1363 1364 1365
f 1366 1367 1368
f 1369 1370 1371
f 1372 1373 1374
f 1375 1376 1377
f 1378 1379 1380
f 1381 1382 1383
f 1384 1385 1386
f 1387 1388 1389
f 1390 1391 1392
f 1393 1394 1395
f 1396 1397 1398
f 1399 1400 1401
f 1402 1403 1404
f 1405 1406 1407
f 1408 1409 1410
f 1411 1412 1413
f 1414 1415 1416
f 1417 1418 1419
f 1420 1421 1422
f 1423 1424 1425
f 1426 1427 1428
f 1429 1430 1431
f 1432 1433 1434
f 1435 1436 1437
f 1438 1439 1440
f 1441 1442 1443
f 1444 1445 1446
f 1447 1448 1449
f 1450 1451 1452
f 1453 1454 1455
f 1456 1457 1458
f 1459 1460 1461
f 1462 1463 1464
f 1465 1466 1467
f 1468 1469 1470
f 1471 1472 1473
f 1474 1475 1476
f 1477 1478 1479
f 1480 1481 1482
f 1483 1484 1485
f 1486 1487 1488
f 1489 1490 1491
f 1492 1493 1494
f 1495 1496 1497
f 1498 1499 1500
f 1501 1502 1503
f 1504 1505 1506
f 1507 1508 1509
f 1510 1511 1512
f 1513 1514 1515
f 1516 1517 1518
f 1519 1520 1521
f 1522 1523 1524
f 1525 1526 1527
f 1528 1529 1530
f 1531 1532 1533
f 1534 1535 1536
f 1537 1538 1539
f 1540 1541 1542
f 1543 1544 1545
f 1546 1547 1548
f 1549 1550 1551
f 1552 1553 1554
f 1555 1556 1557
f 1558 1559 1560
f 1561 1562 1563
f 1564 1565 1566
f 1567 1568 1569
f 1570 1571 1572
f 1573 1574 1575
f 1576 1577 1578
f 1579 1580 1581
f 1582 1583 1584
f 1585 1586 1587
f 1588 1589 1590
f 1591 1592 1593
f 1594 1595 1596
f 1597 1598 1599
f 1600 1601 1602
f 1603 1604 1605
f 1606 1607 1608
f 1609 1610 1611
f 1612 1613 1614
f 1615 1616 1617
f 1618 1619 1620
f 1621 1622 1623
f 1624 1625 1626
f 1627 1628 1629
f 1630 1631 1632
f 1633 1634 1635
f 1636 1637 1638
f 1639 1640 1641
f 1642 1643 1644
f 1645 1646 1647
f 1648 1649 1650
f 1651 1652 1653
f 1654 1655 1656
f 1657 1658 1659
f 1660 1661 1662
f 1663 1664 1665
f 1666 1667 1668
f 1669 1670 1671
f 1672 1673 1674
f 1675 1676 1677
f 1678 1679 1680
f 1681 1682 1683
f 1684 1685 1686
f 1687 1688 1689
f 1690 1691 1692
f 1693 1694 1695
f 1696 1697 1698
f 1699 1700 1701
f 1702 1703 1704
f 1705 1706 1707
f 1708 1709 1710
f 1711 1712 1713
f 1714 1715 1716
f 1717 1718 1719
f 1720 1721 1722
f 1723 1724 1725
f 1726 1727 1728
f 1729 1730 1731
f 1732 1733 1734
f 1735 1736 1737
f 1738 1739 1740
f 1741 1742 1743
f 1744 1745 1746
f 1747 1748 1749
f 1750 1751 1752
f 1753 1754 1755
f 1756 1757 1758
f 1759 1760 1761
f 1762 1763 1764
f 1765 1766 1767
f 1768 1769 1770
f 1771 1772 1773
f 1774 1775 1776
f 1777 1778 1779
f 1780 1781 1782
f 1783 1784 1785
f 1786 1787 1788
f 1789 1790 1791
f 1792 1793 1794
f 1795 1796 1797
f 1798 1799 1800
f 1801 1802 1803
f 1804 1805 1806
f 1807 1808 1809
f 1810 1811 1812
f 1813 1814 1815
f 1816 1817 1818
f 1819 1820 1821
f 1822 1823 1824
f 1825 1826 1827
f 1828 1829 1830
f 1831 1832 1833
f 1834 1835 1836
f 1837 1838 1839
f 1840 1841 1842
f 1843 1844 1845
f 1846 1847 1848
f 1849 1850 1851
f 1852 1853 1854
f 1855 1856 1857
f 1858 1859 1860
f 1861 1862 1863
f 1864 1865 1866
f 1867 1868 1869
f 1870 1871 1872
f 1873 1874 1875
f 1876 1877 1878
f 1879 1880 1881
f 1882 1883 1884
f 1885 1886 1887
f 1888 1889 1890
f 1891 1892 1893
f 1894 1895 1896
f 1897 1898 1899
f 1900 1901 1902
f 1903 1904 1905
f 1906 1907 1908
f 1909 1910 1911
f 1912 1913 1914
f 1915 1916 1917
f 1918 1919 1920
f 1921 1922 1923
f 1924 1925 1926
f 1927 1928 1929
f 1930 1931 1932
f 1933 1934 1935
f 1936 1937 1938
f 1939 1940 1941
f 1942 1943 1944
f 1945 1946 1947
f 1948 1949 1950
f 1951 1952 1953
f 1954 1955 1956
f 1957 1958 1959
f 1960 1961 1962
f 1963 1964 1965
f 1966 1967 1968
f 1969 1970 1971
f 1972 1973 1974
f 1975 1976 1977
f 1978 1979 1980
f 1981 1982 1983
f 1984 1985 1986
f 1987 1988 1989
f 1990 1991 1992
f 1993 1994 1995
f 1996 1997 1998
f 1999 2000 2001
f 2002 2003 2004
f 2005 2006 2007
f 2008 2009 2010
f 2011 2012 2013
f 2014 2015 2016
f 2017 2018 2019
f 2020 2021 2022
f 2023 2024 2025
f 2026 2027 2028
f 2029 2030 2031
f 2032 2033 2034
f 2035 2036 2037
f 2038 2039 2040
f 2041 2042 2043
f 2044 2045 2046
f 2047 2048 2049
f 2050 2051 2052
f 2053 2054 2055
f 2056 2057 2058
f 2059 2060 2061
f 2062 2063 2064
f 2065 2066 2067
f 2068 2069 2070
f 2071 2072 2073
f 2074 2075 2076
f 2077 2078 2079
f 2080 2081 2082
f 2083 2084 2085
f 2086 2087 2088
f 2089 2090 2091
f 2092 2093 2094
f 2095 2096 2097
f 2098 2099 2100
f 2101 2102 2103
f 2104 2105 2106
f 2107 2108 2109
f 2110 2111 2112
f 2113 2114 2115
f 2116 2117 2118
f 2119 2120 2121
f 2122 2123 2124
f 2125 2126 2127
f 2128 2129 2130
