mtllib torso_l3_8_mesh.mtl
v -0.05489150062203407 -0.2509607970714569 0.41584551334381104
v -0.04726440832018852 -0.2510665953159332 0.41775116324424744
v -0.05298075079917908 -0.25117242336273193 0.41775116324424744
v -0.05298075079917908 -0.25117242336273193 0.41775116324424744
v -0.04726440832018852 -0.2510665953159332 0.41775116324424744
v -0.04726440832018852 -0.25156036019325256 0.4234761595726013
v -0.04726440832018852 -0.2510665953159332 0.41775116324424744
v -0.0489204004406929 -0.2507844567298889 0.41584551334381104
v -0.04726440832018852 -0.2506786584854126 0.41584551334381104
v -0.06442934274673462 -0.25160738825798035 0.4234761595726013
v -0.05869707837700844 -0.2512429356575012 0.41775116324424744
v -0.05298075079917908 -0.25160738825798035 0.4234761595726013
v -0.03583173081278801 -0.25151336193084717 0.4349100887775421
v -0.041548069566488266 -0.25160738825798035 0.4291931390762329
v -0.03583173081278801 -0.2512664496898651 0.4291931390762329
v -0.041548069566488266 -0.25160738825798035 0.4291931390762329
v -0.04726440832018852 -0.25156036019325256 0.4234761595726013
v -0.041548069566488266 -0.2513134777545929 0.4234761595726013
v -0.041548069566488266 -0.25160738825798035 0.4291931390762329
v -0.041548069566488266 -0.2513134777545929 0.4234761595726013
v -0.03583173081278801 -0.2512664496898651 0.4291931390762329
v -0.041548069566488266 -0.25160738825798035 0.4291931390762329
v -0.05298075079917908 -0.25160738825798035 0.4234761595726013
v -0.04726440832018852 -0.25156036019325256 0.4234761595726013
v -0.08731061220169067 -0.2511371374130249 0.4406351149082184
v -0.08731061220169067 -0.25114890933036804 0.44635209441185
v -0.09301102161407471 -0.25018489360809326 0.44635209441185
v -0.09301102161407471 -0.25018489360809326 0.44635209441185
v -0.08731061220169067 -0.25114890933036804 0.44635209441185
v -0.08731061220169067 -0.25112539529800415 0.45206907391548157
v -0.08731061220169067 -0.25112539529800415 0.45206907391548157
v -0.08731061220169067 -0.25114890933036804 0.44635209441185
v -0.08157835155725479 -0.25160738825798035 0.45206907391548157
v -0.027265189215540886 -0.24957357347011566 0.42634671926498413
v -0.031277768313884735 -0.250020295381546 0.4234761595726013
v -0.0326153002679348 -0.24982045590877533 0.42022767663002014
v -0.08731061220169067 -0.25112539529800415 0.45206907391548157
v -0.08157835155725479 -0.25147807598114014 0.45778602361679077
v -0.08731061220169067 -0.2509843111038208 0.45778602361679077
v -0.08731061220169067 -0.2509843111038208 0.45778602361679077
v -0.08753353357315063 -0.2503024637699127 0.463728129863739
v -0.09071812033653259 -0.24992625415325165 0.46197524666786194
v -0.041548069566488266 -0.2506551444530487 0.41775116324424744
v -0.0438569001853466 -0.25043177604675293 0.41584551334381104
v -0.041548069566488266 -0.25025543570518494 0.41584551334381104
v -0.05489150062203407 -0.2509607970714569 0.41584551334381104
v -0.0489204004406929 -0.2507844567298889 0.41584551334381104
v -0.04726440832018852 -0.2510665953159332 0.41775116324424744
v -0.08731061220169067 -0.2509843111038208 0.45778602361679077
v -0.08157835155725479 -0.2511841654777527 0.46350300312042236
v -0.08157835155725479 -0.2505728304386139 0.46921995282173157
v -0.08731061220169067 -0.2509843111038208 0.45778602361679077
v -0.08157835155725479 -0.2505728304386139 0.46921995282173157
v -0.08753353357315063 -0.2503024637699127 0.463728129863739
v -0.08157835155725479 -0.2505728304386139 0.46921995282173157
v -0.08157835155725479 -0.2511841654777527 0.46350300312042236
v -0.07586201280355453 -0.25114890933036804 0.46921995282173157
v -0.08731061220169067 -0.2507021725177765 0.4291931390762329
v -0.08157835155725479 -0.2513369917869568 0.4291931390762329
v -0.08731061220169067 -0.25107836723327637 0.4349100887775421
v -0.07586201280355453 -0.25114890933036804 0.46921995282173157
v -0.07586201280355453 -0.25156036019325256 0.46350300312042236
v -0.07014568150043488 -0.2514428198337555 0.46921995282173157
v -0.07014568150043488 -0.2514428198337555 0.46921995282173157
v -0.07586201280355453 -0.25156036019325256 0.46350300312042236
v -0.06442934274673462 -0.2515956163406372 0.46921995282173157
v -0.08731061220169067 -0.2511371374130249 0.4406351149082184
v -0.08157835155725479 -0.2515721321105957 0.4349100887775421
v -0.08157835155725479 -0.25160738825798035 0.4406351149082184
v -0.08731061220169067 -0.2511371374130249 0.4406351149082184
v -0.08157835155725479 -0.25160738825798035 0.4406351149082184
v -0.08731061220169067 -0.25114890933036804 0.44635209441185
v -0.05869707837700844 -0.25160738825798035 0.46921995282173157
v -0.04726440832018852 -0.25160738825798035 0.46350300312042236
v -0.05298075079917908 -0.2515956163406372 0.46921995282173157
v -0.05869707837700844 -0.25160738825798035 0.46921995282173157
v -0.07014568150043488 -0.25160738825798035 0.46350300312042236
v -0.08157835155725479 -0.25160738825798035 0.45206907391548157
v -0.05869707837700844 -0.25160738825798035 0.46921995282173157
v -0.08157835155725479 -0.25160738825798035 0.45206907391548157
v -0.08157835155725479 -0.25160738825798035 0.4406351149082184
v -0.08731061220169067 -0.25112539529800415 0.45206907391548157
v -0.08157835155725479 -0.25160738825798035 0.45206907391548157
v -0.08157835155725479 -0.25147807598114014 0.45778602361679077
v -0.05869707837700844 -0.25160738825798035 0.46921995282173157
v -0.07586201280355453 -0.25160738825798035 0.4291931390762329
v -0.06442934274673462 -0.25160738825798035 0.4234761595726013
v -0.05869707837700844 -0.25160738825798035 0.46921995282173157
v -0.06442934274673462 -0.25160738825798035 0.4234761595726013
v -0.05298075079917908 -0.25160738825798035 0.4234761595726013
v -0.08731061220169067 -0.2509843111038208 0.45778602361679077
v -0.09071812033653259 -0.24992625415325165 0.46197524666786194
v -0.09137096256017685 -0.2500908374786377 0.45778602361679077
v -0.08731061220169067 -0.2509843111038208 0.45778602361679077
v -0.08157835155725479 -0.25147807598114014 0.45778602361679077
v -0.08157835155725479 -0.2511841654777527 0.46350300312042236
v -0.03583173081278801 -0.25107836723327637 0.46350300312042236
v -0.030099479481577873 -0.2508902847766876 0.45778602361679077
v -0.030067630112171173 -0.25023192167282104 0.46351104974746704
v -0.030099479481577873 -0.2508902847766876 0.45778602361679077
v -0.030099479481577873 -0.25110188126564026 0.45206907391548157
v -0.026325739920139313 -0.25007909536361694 0.45778602361679077
v -0.030099479481577873 -0.2508902847766876 0.45778602361679077
v -0.03583173081278801 -0.25140753388404846 0.45778602361679077
v -0.030099479481577873 -0.25110188126564026 0.45206907391548157
v -0.026325739920139313 -0.25007909536361694 0.45778602361679077
v -0.02573659084737301 -0.2500908374786377 0.45206907391548157
v -0.02248830907046795 -0.24786894023418427 0.44635209441185
v -0.031277768313884735 -0.250020295381546 0.4234761595726013
v -0.03583173081278801 -0.25077271461486816 0.4234761595726013
v -0.0326153002679348 -0.24982045590877533 0.42022767663002014
v -0.02248830907046795 -0.24786894023418427 0.44635209441185
v -0.02573659084737301 -0.2500908374786377 0.45206907391548157
v -0.02535443939268589 -0.2500908374786377 0.44635209441185
v -0.02248830907046795 -0.24786894023418427 0.44635209441185
v -0.02535443939268589 -0.2500908374786377 0.44635209441185
v -0.025561440736055374 -0.2500908374786377 0.4406351149082184
v -0.0326153002679348 -0.24982045590877533 0.42022767663002014
v -0.03627758100628853 -0.24999679625034332 0.4180888533592224
v -0.03775840997695923 -0.24979695677757263 0.41584551334381104
v -0.02248830907046795 -0.24786894023418427 0.44635209441185
v -0.026134660467505455 -0.2500908374786377 0.4349100887775421
v -0.026691969484090805 -0.24992625415325165 0.43015801906585693
v -0.02248830907046795 -0.24786894023418427 0.44635209441185
v -0.026691969484090805 -0.24992625415325165 0.43015801906585693
v -0.022520149126648903 -0.24671682715415955 0.4403858482837677
v -0.009670340456068516 -0.21001413464546204 0.4306485056877136
v -0.011724400334060192 -0.20668713748455048 0.4234761595726013
v -0.010291339829564095 -0.20668713748455048 0.4268372058868408
v -0.009670340456068516 -0.21001413464546204 0.4306485056877136
v -0.010291339829564095 -0.20668713748455048 0.4268372058868408
v -0.00924041960388422 -0.20668713748455048 0.4296916723251343
v -0.041548069566488266 -0.25151336193084717 0.46350300312042236
v -0.03583173081278801 -0.25160738825798035 0.45206907391548157
v -0.03583173081278801 -0.25140753388404846 0.45778602361679077
v -0.00924041960388422 -0.20668713748455048 0.4296916723251343
v -0.010291339829564095 -0.20668713748455048 0.4268372058868408
v -0.007186360191553831 -0.1590394526720047 0.41584551334381104
v -0.007186360191553831 -0.1590394526720047 0.41584551334381104
v -0.010291339829564095 -0.20668713748455048 0.4268372058868408
v -0.011724400334060192 -0.20668713748455048 0.4234761595726013
v -0.03583173081278801 -0.25107836723327637 0.46350300312042236
v -0.03583173081278801 -0.25140753388404846 0.45778602361679077
v -0.030099479481577873 -0.2508902847766876 0.45778602361679077
v -0.007186360191553831 -0.1590394526720047 0.41584551334381104
v -0.014383530244231224 -0.20668713748455048 0.41820141673088074
v -0.01583251915872097 -0.20668713748455048 0.41584551334381104
v -0.022520149126648903 -0.24671682715415955 0.4403858482837677
v -0.026691969484090805 -0.24992625415325165 0.43015801906585693
v -0.027265189215540886 -0.24957357347011566 0.42634671926498413
v -0.027265189215540886 -0.24957357347011566 0.42634671926498413
v -0.026691969484090805 -0.24992625415325165 0.43015801906585693
v -0.029542170464992523 -0.2503259778022766 0.4286302924156189
v -0.027265189215540886 -0.24957357347011566 0.42634671926498413
v -0.029542170464992523 -0.2503259778022766 0.4286302924156189
v -0.031277768313884735 -0.250020295381546 0.4234761595726013
v -0.026325739920139313 -0.25007909536361694 0.45778602361679077
v -0.030099479481577873 -0.25110188126564026 0.45206907391548157
v -0.02573659084737301 -0.2500908374786377 0.45206907391548157
v -0.027265189215540886 -0.24957357347011566 0.42634671926498413
v -0.0326153002679348 -0.24982045590877533 0.42022767663002014
v -0.021485159173607826 -0.2324918955564499 0.42054128646850586
v -0.021485159173607826 -0.2324918955564499 0.42054128646850586
v -0.0326153002679348 -0.24982045590877533 0.42022767663002014
v -0.02599135972559452 -0.23309145867824554 0.41584551334381104
v -0.02248830907046795 -0.24786894023418427 0.44635209441185
v -0.025561440736055374 -0.2500908374786377 0.4406351149082184
v -0.026134660467505455 -0.2500908374786377 0.4349100887775421
v -0.041548069566488266 -0.2513134777545929 0.4234761595726013
v -0.04726440832018852 -0.25156036019325256 0.4234761595726013
v -0.04726440832018852 -0.2510665953159332 0.41775116324424744
v -0.021485159173607826 -0.2324918955564499 0.42054128646850586
v -0.01599173992872238 -0.20714563131332397 0.41584551334381104
v -0.01583251915872097 -0.20668713748455048 0.41584551334381104
v -0.021485159173607826 -0.2324918955564499 0.42054128646850586
v -0.01583251915872097 -0.20668713748455048 0.41584551334381104
v -0.014383530244231224 -0.20668713748455048 0.41820141673088074
v -0.021485159173607826 -0.2324918955564499 0.42054128646850586
v -0.014383530244231224 -0.20668713748455048 0.41820141673088074
v -0.011724400334060192 -0.20668713748455048 0.4234761595726013
v -0.07785238325595856 -0.2501496374607086 0.41584551334381104
v -0.07586201280355453 -0.2503494918346405 0.41584551334381104
v -0.07586201280355453 -0.2507491707801819 0.41775116324424744
v -0.009670340456068516 -0.21001413464546204 0.4306485056877136
v -0.021485159173607826 -0.2324918955564499 0.42054128646850586
v -0.011724400334060192 -0.20668713748455048 0.4234761595726013
v -0.041548069566488266 -0.2513134777545929 0.4234761595726013
v -0.04726440832018852 -0.2510665953159332 0.41775116324424744
v -0.041548069566488266 -0.2506551444530487 0.41775116324424744
v -0.007186360191553831 -0.1590394526720047 0.41584551334381104
v -0.011724400334060192 -0.20668713748455048 0.4234761595726013
v -0.014383530244231224 -0.20668713748455048 0.41820141673088074
v -0.030099479481577873 -0.13150654733181 0.41584551334381104
v -0.00892196036875248 -0.13931262493133545 0.41584551334381104
v -0.007727739866822958 -0.14185196161270142 0.41584551334381104
v -0.030099479481577873 -0.13150654733181 0.41584551334381104
v -0.007727739866822958 -0.14185196161270142 0.41584551334381104
v -0.007154509890824556 -0.1437799632549286 0.41584551334381104
v -0.030099479481577873 -0.13150654733181 0.41584551334381104
v -0.007154509890824556 -0.1437799632549286 0.41584551334381104
v -0.006565359886735678 -0.1476007103919983 0.41584551334381104
v -0.030099479481577873 -0.13150654733181 0.41584551334381104
v -0.006549439858645201 -0.14950521290302277 0.41584551334381104
v -0.006660909857600927 -0.15331420302391052 0.41584551334381104
v -0.030099479481577873 -0.13150654733181 0.41584551334381104
v -0.006660909857600927 -0.15331420302391052 0.41584551334381104
v -0.0068201301619410515 -0.155218705534935 0.41584551334381104
v -0.030099479481577873 -0.13150654733181 0.41584551334381104
v -0.05298075079917908 -0.14532001316547394 0.4921039044857025
v -0.05298075079917908 -0.1460253894329071 0.4956820607185364
v -0.030099479481577873 -0.13150654733181 0.41584551334381104
v -0.05298075079917908 -0.1460253894329071 0.4956820607185364
v -0.04726440832018852 -0.14564919471740723 0.4921039044857025
v -0.030099479481577873 -0.13150654733181 0.41584551334381104
v -0.02771103009581566 -0.1317886859178543 0.41584551334381104
v -0.024383140727877617 -0.13221190869808197 0.41584551334381104
v -0.030099479481577873 -0.13150654733181 0.41584551334381104
v -0.014670140109956264 -0.13559767603874207 0.41584551334381104
v -0.01322115957736969 -0.13620899617671967 0.41584551334381104
v -0.030099479481577873 -0.13150654733181 0.41584551334381104
v -0.01322115957736969 -0.13620899617671967 0.41584551334381104
v -0.00892196036875248 -0.13931262493133545 0.41584551334381104
v -0.030099479481577873 -0.13150654733181 0.41584551334381104
v -0.14448988437652588 -0.14522597193717957 0.48637890815734863
v -0.13304130733013153 -0.14551986753940582 0.4921039044857025
v -0.030099479481577873 -0.13150654733181 0.41584551334381104
v -0.13304130733013153 -0.14551986753940582 0.4921039044857025
v -0.12732495367527008 -0.14533178508281708 0.4921039044857025
v -0.030099479481577873 -0.13150654733181 0.41584551334381104
v -0.12732495367527008 -0.14533178508281708 0.4921039044857025
v -0.12160862982273102 -0.14524948596954346 0.4921039044857025
v -0.030099479481577873 -0.13150654733181 0.41584551334381104
v -0.06995459645986557 -0.2507256865501404 0.41584551334381104
v -0.07586201280355453 -0.2503494918346405 0.41584551334381104
v -0.030099479481577873 -0.13150654733181 0.41584551334381104
v -0.11589229106903076 -0.1452377289533615 0.4921039044857025
v -0.05869707837700844 -0.1452377289533615 0.4921039044857025
v -0.05869707837700844 -0.1452377289533615 0.4921039044857025
v -0.05869707837700844 -0.14594310522079468 0.495826780796051
v -0.05298075079917908 -0.14532001316547394 0.4921039044857025
v -0.030099479481577873 -0.13150654733181 0.41584551334381104
v -0.07989051938056946 -0.2498909831047058 0.41584551334381104
v -0.16491903364658356 -0.1566176861524582 0.41584551334381104
v -0.030099479481577873 -0.13150654733181 0.41584551334381104
v -0.16491903364658356 -0.1566176861524582 0.41584551334381104
v -0.16663871705532074 -0.15471318364143372 0.41584551334381104
v -0.030099479481577873 -0.13150654733181 0.41584551334381104
v -0.16541263461112976 -0.14031189680099487 0.41584551334381104
v -0.16515788435935974 -0.14017081260681152 0.41584551334381104
v -0.030099479481577873 -0.13150654733181 0.41584551334381104
v -0.1559225618839264 -0.13847793638706207 0.41584551334381104
v -0.15020622313022614 -0.14549635350704193 0.48637890815734863
v -0.030099479481577873 -0.13150654733181 0.41584551334381104
v -0.15020622313022614 -0.14549635350704193 0.48637890815734863
v -0.14448988437652588 -0.14522597193717957 0.48637890815734863
v -0.030099479481577873 -0.13150654733181 0.41584551334381104
v -0.05869707837700844 -0.1452377289533615 0.4921039044857025
v -0.05298075079917908 -0.14532001316547394 0.4921039044857025
v -0.030099479481577873 -0.13150654733181 0.41584551334381104
v -0.04726440832018852 -0.14564919471740723 0.4921039044857025
v -0.03583173081278801 -0.1461547166109085 0.4899650812149048
v -0.030099479481577873 -0.13150654733181 0.41584551334381104
v -0.03583173081278801 -0.1461547166109085 0.4899650812149048
v -0.030481619760394096 -0.1460018754005432 0.48621004819869995
v -0.030099479481577873 -0.13150654733181 0.41584551334381104
v -0.030481619760394096 -0.1460018754005432 0.48621004819869995
v -0.02771103009581566 -0.1317886859178543 0.41584551334381104
v -0.030099479481577873 -0.13150654733181 0.41584551334381104
v -0.024383140727877617 -0.13221190869808197 0.41584551334381104
v -0.01866680011153221 -0.13402235507965088 0.41584551334381104
v -0.030099479481577873 -0.13150654733181 0.41584551334381104
v -0.01866680011153221 -0.13402235507965088 0.41584551334381104
v -0.014670140109956264 -0.13559767603874207 0.41584551334381104
v -0.13304130733013153 -0.14551986753940582 0.4921039044857025
v -0.13304130733013153 -0.146225243806839 0.4953925907611847
v -0.12732495367527008 -0.14603714644908905 0.49564987421035767
v -0.13304130733013153 -0.14551986753940582 0.4921039044857025
v -0.12732495367527008 -0.14603714644908905 0.49564987421035767
v -0.12732495367527008 -0.14533178508281708 0.4921039044857025
v -0.12732495367527008 -0.14533178508281708 0.4921039044857025
v -0.12732495367527008 -0.14603714644908905 0.49564987421035767
v -0.12160862982273102 -0.14595484733581543 0.4957945942878723
v -0.030481619760394096 -0.1460018754005432 0.48621004819869995
v -0.03263122960925102 -0.1464603692293167 0.4894263446331024
v -0.026532739400863647 -0.14623700082302094 0.48418378829956055
v -0.12160862982273102 -0.14524948596954346 0.4921039044857025
v -0.12160862982273102 -0.14595484733581543 0.4957945942878723
v -0.11589229106903076 -0.14594310522079468 0.495826780796051
v -0.12160862982273102 -0.14524948596954346 0.4921039044857025
v -0.11589229106903076 -0.14594310522079468 0.495826780796051
v -0.11589229106903076 -0.1452377289533615 0.4921039044857025
v -0.1559225618839264 -0.13847793638706207 0.41584551334381104
v -0.16175036132335663 -0.13906575739383698 0.41584551334381104
v -0.15020622313022614 -0.14549635350704193 0.48637890815734863
v -0.15020622313022614 -0.14549635350704193 0.48637890815734863
v -0.16175036132335663 -0.13906575739383698 0.41584551334381104
v -0.15644802153110504 -0.14579026401042938 0.48118457198143005
v -0.030099479481577873 -0.13150654733181 0.41584551334381104
v -0.01583251915872097 -0.20668713748455048 0.41584551334381104
v -0.01599173992872238 -0.20714563131332397 0.41584551334381104
v -0.030099479481577873 -0.13150654733181 0.41584551334381104
v -0.01599173992872238 -0.20714563131332397 0.41584551334381104
v -0.02599135972559452 -0.23309145867824554 0.41584551334381104
v -0.030099479481577873 -0.13150654733181 0.41584551334381104
v -0.02599135972559452 -0.23309145867824554 0.41584551334381104
v -0.03775840997695923 -0.24979695677757263 0.41584551334381104
v -0.15020622313022614 -0.14549635350704193 0.48637890815734863
v -0.15020622313022614 -0.1462017297744751 0.4899168312549591
v -0.14448988437652588 -0.14593133330345154 0.4912435710430145
v -0.030099479481577873 -0.13150654733181 0.41584551334381104
v -0.041548069566488266 -0.25025543570518494 0.41584551334381104
v -0.0438569001853466 -0.25043177604675293 0.41584551334381104
v -0.030099479481577873 -0.13150654733181 0.41584551334381104
v -0.0438569001853466 -0.25043177604675293 0.41584551334381104
v -0.04726440832018852 -0.2506786584854126 0.41584551334381104
v -0.13304130733013153 -0.14551986753940582 0.4921039044857025
v -0.14448988437652588 -0.14593133330345154 0.4912435710430145
v -0.13928309082984924 -0.14595484733581543 0.49265068769454956
v -0.13304130733013153 -0.14551986753940582 0.4921039044857025
v -0.13928309082984924 -0.14595484733581543 0.49265068769454956
v -0.13304130733013153 -0.146225243806839 0.4953925907611847
v -0.030099479481577873 -0.13150654733181 0.41584551334381104
v -0.05489150062203407 -0.2509607970714569 0.41584551334381104
v -0.05869707837700844 -0.2510078251361847 0.41584551334381104
v -0.030099479481577873 -0.13150654733181 0.41584551334381104
v -0.05869707837700844 -0.2510078251361847 0.41584551334381104
v -0.06442934274673462 -0.2509020268917084 0.41584551334381104
v -0.030099479481577873 -0.13150654733181 0.41584551334381104
v -0.06442934274673462 -0.2509020268917084 0.41584551334381104
v -0.06995459645986557 -0.2507256865501404 0.41584551334381104
v -0.030099479481577873 -0.13150654733181 0.41584551334381104
v -0.006565359886735678 -0.1476007103919983 0.41584551334381104
v -0.006549439858645201 -0.14950521290302277 0.41584551334381104
v -0.030099479481577873 -0.13150654733181 0.41584551334381104
v -0.07586201280355453 -0.2503494918346405 0.41584551334381104
v -0.07785238325595856 -0.2501496374607086 0.41584551334381104
v -0.030099479481577873 -0.13150654733181 0.41584551334381104
v -0.07785238325595856 -0.2501496374607086 0.41584551334381104
v -0.07989051938056946 -0.2498909831047058 0.41584551334381104
v -0.030099479481577873 -0.13150654733181 0.41584551334381104
v -0.0068201301619410515 -0.155218705534935 0.41584551334381104
v -0.007186360191553831 -0.1590394526720047 0.41584551334381104
v -0.030099479481577873 -0.13150654733181 0.41584551334381104
v -0.007186360191553831 -0.1590394526720047 0.41584551334381104
v -0.01583251915872097 -0.20668713748455048 0.41584551334381104
v -0.030099479481577873 -0.13150654733181 0.41584551334381104
v -0.16663871705532074 -0.15471318364143372 0.41584551334381104
v -0.16905899345874786 -0.14950521290302277 0.41584551334381104
v -0.030099479481577873 -0.13150654733181 0.41584551334381104
v -0.16905899345874786 -0.14950521290302277 0.41584551334381104
v -0.16767370700836182 -0.14352132380008698 0.41584551334381104
v -0.030099479481577873 -0.13150654733181 0.41584551334381104
v -0.16767370700836182 -0.14352132380008698 0.41584551334381104
v -0.16541263461112976 -0.14031189680099487 0.41584551334381104
v -0.030099479481577873 -0.13150654733181 0.41584551334381104
v -0.03775840997695923 -0.24979695677757263 0.41584551334381104
v -0.041548069566488266 -0.25025543570518494 0.41584551334381104
v -0.030099479481577873 -0.13150654733181 0.41584551334381104
v -0.16515788435935974 -0.14017081260681152 0.41584551334381104
v -0.16175036132335663 -0.13906575739383698 0.41584551334381104
v -0.030099479481577873 -0.13150654733181 0.41584551334381104
v -0.16175036132335663 -0.13906575739383698 0.41584551334381104
v -0.1559225618839264 -0.13847793638706207 0.41584551334381104
v -0.030099479481577873 -0.13150654733181 0.41584551334381104
v -0.04726440832018852 -0.2506786584854126 0.41584551334381104
v -0.0489204004406929 -0.2507844567298889 0.41584551334381104
v -0.030099479481577873 -0.13150654733181 0.41584551334381104
v -0.0489204004406929 -0.2507844567298889 0.41584551334381104
v -0.05489150062203407 -0.2509607970714569 0.41584551334381104
v -0.15453727543354034 -0.1462017297744751 0.48637890815734863
v -0.15947337448596954 -0.14616645872592926 0.4796246886253357
v -0.15869316458702087 -0.14688359200954437 0.4834359884262085
v -0.15453727543354034 -0.1462017297744751 0.48637890815734863
v -0.15869316458702087 -0.14688359200954437 0.4834359884262085
v -0.15319974720478058 -0.1465308964252472 0.4893539845943451
v -0.15319974720478058 -0.1465308964252472 0.4893539845943451
v -0.15869316458702087 -0.14688359200954437 0.4834359884262085
v -0.15676648914813995 -0.1490819901227951 0.4859447181224823
v -0.044350508600473404 -0.1466131955385208 0.49498251080513
v -0.04726440832018852 -0.14950521290302277 0.4959152340888977
v -0.043968360871076584 -0.14950521290302277 0.4951513707637787
v -0.15319974720478058 -0.1465308964252472 0.4893539845943451
v -0.15347044169902802 -0.14950521290302277 0.4895952045917511
v -0.1415441483259201 -0.14673076570034027 0.49492621421813965
v -0.15319974720478058 -0.1465308964252472 0.4893539845943451
v -0.1415441483259201 -0.14673076570034027 0.49492621421813965
v -0.15020622313022614 -0.1462017297744751 0.4899168312549591
v -0.026532739400863647 -0.14623700082302094 0.48418378829956055
v -0.023013770580291748 -0.14950521290302277 0.4821012318134308
v -0.02006801962852478 -0.14950521290302277 0.47924676537513733
v -0.026532739400863647 -0.14623700082302094 0.48418378829956055
v -0.02006801962852478 -0.14950521290302277 0.47924676537513733
v -0.020752709358930588 -0.1462017297744751 0.4785633087158203
v -0.05298075079917908 -0.14532001316547394 0.4921039044857025
v -0.05869707837700844 -0.14594310522079468 0.495826780796051
v -0.05298075079917908 -0.1460253894329071 0.4956820607185364
v -0.05298075079917908 -0.1460253894329071 0.4956820607185364
v -0.05869707837700844 -0.14594310522079468 0.495826780796051
v -0.05869707837700844 -0.14950521290302277 0.49722588062286377
v -0.05298075079917908 -0.1460253894329071 0.4956820607185364
v -0.05869707837700844 -0.14950521290302277 0.49722588062286377
v -0.05298075079917908 -0.14950521290302277 0.4968560039997101
v -0.024383140727877617 -0.13221190869808197 0.41584551334381104
v -0.020752709358930588 -0.1462017297744751 0.4785633087158203
v -0.015609599649906158 -0.1464603692293167 0.47246840596199036
v -0.05298075079917908 -0.1460253894329071 0.4956820607185364
v -0.04726440832018852 -0.1463545560836792 0.4952719807624817
v -0.04726440832018852 -0.14564919471740723 0.4921039044857025
v -0.04726440832018852 -0.14564919471740723 0.4921039044857025
v -0.04726440832018852 -0.1463545560836792 0.4952719807624817
v -0.04208945110440254 -0.14606066048145294 0.49199938774108887
v -0.16175036132335663 -0.13906575739383698 0.41584551334381104
v -0.15947337448596954 -0.14616645872592926 0.4796246886253357
v -0.15644802153110504 -0.14579026401042938 0.48118457198143005
v -0.15644802153110504 -0.14579026401042938 0.48118457198143005
v -0.15947337448596954 -0.14616645872592926 0.4796246886253357
v -0.15453727543354034 -0.1462017297744751 0.48637890815734863
v -0.03583173081278801 -0.1461547166109085 0.4899650812149048
v -0.04208945110440254 -0.14606066048145294 0.49199938774108887
v -0.04726440832018852 -0.1463545560836792 0.4952719807624817
v -0.03583173081278801 -0.1461547166109085 0.4899650812149048
v -0.04726440832018852 -0.1463545560836792 0.4952719807624817
v -0.044350508600473404 -0.1466131955385208 0.49498251080513
v -0.03583173081278801 -0.1461547166109085 0.4899650812149048
v -0.044350508600473404 -0.1466131955385208 0.49498251080513
v -0.03263122960925102 -0.1464603692293167 0.4894263446331024
v -0.030099479481577873 -0.13150654733181 0.41584551334381104
v -0.12160862982273102 -0.14524948596954346 0.4921039044857025
v -0.11589229106903076 -0.1452377289533615 0.4921039044857025
v -0.030481619760394096 -0.1460018754005432 0.48621004819869995
v -0.026532739400863647 -0.14623700082302094 0.48418378829956055
v -0.024383140727877617 -0.13221190869808197 0.41584551334381104
v -0.030481619760394096 -0.1460018754005432 0.48621004819869995
v -0.024383140727877617 -0.13221190869808197 0.41584551334381104
v -0.02771103009581566 -0.1317886859178543 0.41584551334381104
v -0.05869707837700844 -0.1452377289533615 0.4921039044857025
v -0.11589229106903076 -0.1452377289533615 0.4921039044857025
v -0.11589229106903076 -0.14594310522079468 0.495826780796051
v -0.05869707837700844 -0.1452377289533615 0.4921039044857025
v -0.11589229106903076 -0.14594310522079468 0.495826780796051
v -0.05869707837700844 -0.14594310522079468 0.495826780796051
v -0.15020622313022614 -0.14549635350704193 0.48637890815734863
v -0.15644802153110504 -0.14579026401042938 0.48118457198143005
v -0.15453727543354034 -0.1462017297744751 0.48637890815734863
v -0.15020622313022614 -0.14549635350704193 0.48637890815734863
v -0.15453727543354034 -0.1462017297744751 0.48637890815734863
v -0.15319974720478058 -0.1465308964252472 0.4893539845943451
v -0.15020622313022614 -0.14549635350704193 0.48637890815734863
v -0.15319974720478058 -0.1465308964252472 0.4893539845943451
v -0.15020622313022614 -0.1462017297744751 0.4899168312549591
v -0.05298075079917908 -0.1460253894329071 0.4956820607185364
v -0.05298075079917908 -0.14950521290302277 0.4968560039997101
v -0.04726440832018852 -0.1463545560836792 0.4952719807624817
v -0.15020622313022614 -0.14549635350704193 0.48637890815734863
v -0.14448988437652588 -0.14593133330345154 0.4912435710430145
v -0.14448988437652588 -0.14522597193717957 0.48637890815734863
v -0.14448988437652588 -0.14522597193717957 0.48637890815734863
v -0.14448988437652588 -0.14593133330345154 0.4912435710430145
v -0.13304130733013153 -0.14551986753940582 0.4921039044857025
v -0.04726440832018852 -0.14564919471740723 0.4921039044857025
v -0.04208945110440254 -0.14606066048145294 0.49199938774108887
v -0.03583173081278801 -0.1461547166109085 0.4899650812149048
v -0.03583173081278801 -0.1461547166109085 0.4899650812149048
v -0.03263122960925102 -0.1464603692293167 0.4894263446331024
v -0.030481619760394096 -0.1460018754005432 0.48621004819869995
v -0.02587990090250969 -0.14950521290302277 0.48479488492012024
v -0.025561440736055374 -0.155218705534935 0.4850923717021942
v -0.02271123044192791 -0.155218705534935 0.4824228584766388
v -0.02587990090250969 -0.14950521290302277 0.48479488492012024
v -0.02271123044192791 -0.155218705534935 0.4824228584766388
v -0.023013770580291748 -0.14950521290302277 0.4821012318134308
v -0.043968360871076584 -0.14950521290302277 0.4951513707637787
v -0.04726440832018852 -0.155218705534935 0.49626097083091736
v -0.04360213130712509 -0.155218705534935 0.4953121840953827
v -0.05869707837700844 -0.155218705534935 0.49774855375289917
v -0.11016003042459488 -0.155218705534935 0.49774855375289917
v -0.05869707837700844 -0.2009618878364563 0.4979816973209381
v -0.043968360871076584 -0.14950521290302277 0.4951513707637787
v -0.04073600098490715 -0.155218705534935 0.4940417408943176
v -0.03583173081278801 -0.155218705534935 0.49183857440948486
v -0.023013770580291748 -0.14950521290302277 0.4821012318134308
v -0.02271123044192791 -0.155218705534935 0.4824228584766388
v -0.02006801962852478 -0.14950521290302277 0.47924676537513733
v -0.05298075079917908 -0.155218705534935 0.49730628728866577
v -0.05298075079917908 -0.2009618878364563 0.4976279139518738
v -0.04726440832018852 -0.2009618878364563 0.4966388940811157
v -0.05298075079917908 -0.155218705534935 0.49730628728866577
v -0.04726440832018852 -0.2009618878364563 0.4966388940811157
v -0.04726440832018852 -0.155218705534935 0.49626097083091736
v -0.05869707837700844 -0.14950521290302277 0.49722588062286377
v -0.05869707837700844 -0.155218705534935 0.49774855375289917
v -0.05298075079917908 -0.14950521290302277 0.4968560039997101
v -0.05869707837700844 -0.14950521290302277 0.49722588062286377
v -0.11016003042459488 -0.14950521290302277 0.49722588062286377
v -0.11016003042459488 -0.155218705534935 0.49774855375289917
v -0.05869707837700844 -0.14950521290302277 0.49722588062286377
v -0.11016003042459488 -0.155218705534935 0.49774855375289917
v -0.05869707837700844 -0.155218705534935 0.49774855375289917
v -0.032169461250305176 -0.14950521290302277 0.48969975113868713
v -0.03185100108385086 -0.155218705534935 0.4898926913738251
v -0.029000790789723396 -0.155218705534935 0.48795488476753235
v -0.05298075079917908 -0.14950521290302277 0.4968560039997101
v -0.05298075079917908 -0.155218705534935 0.49730628728866577
v -0.04726440832018852 -0.14950521290302277 0.4959152340888977
v -0.05298075079917908 -0.14950521290302277 0.4968560039997101
v -0.04726440832018852 -0.14950521290302277 0.4959152340888977
v -0.044350508600473404 -0.1466131955385208 0.49498251080513
v -0.029319249093532562 -0.14950521290302277 0.4876573979854584
v -0.029000790789723396 -0.155218705534935 0.48795488476753235
v -0.025561440736055374 -0.155218705534935 0.4850923717021942
v -0.029319249093532562 -0.14950521290302277 0.4876573979854584
v -0.025561440736055374 -0.155218705534935 0.4850923717021942
v -0.02587990090250969 -0.14950521290302277 0.48479488492012024
v -0.03263122960925102 -0.1464603692293167 0.4894263446331024
v -0.029319249093532562 -0.14950521290302277 0.4876573979854584
v -0.02587990090250969 -0.14950521290302277 0.48479488492012024
v -0.03263122960925102 -0.1464603692293167 0.4894263446331024
v -0.02587990090250969 -0.14950521290302277 0.48479488492012024
v -0.026532739400863647 -0.14623700082302094 0.48418378829956055
v -0.03263122960925102 -0.1464603692293167 0.4894263446331024
v -0.044350508600473404 -0.1466131955385208 0.49498251080513
v -0.032169461250305176 -0.14950521290302277 0.48969975113868713
v -0.12732495367527008 -0.14533178508281708 0.4921039044857025
v -0.12160862982273102 -0.14595484733581543 0.4957945942878723
v -0.12160862982273102 -0.14524948596954346 0.4921039044857025
v -0.044350508600473404 -0.1466131955385208 0.49498251080513
v -0.043968360871076584 -0.14950521290302277 0.4951513707637787
v -0.032169461250305176 -0.14950521290302277 0.48969975113868713
v -0.026532739400863647 -0.14623700082302094 0.48418378829956055
v -0.02587990090250969 -0.14950521290302277 0.48479488492012024
v -0.023013770580291748 -0.14950521290302277 0.4821012318134308
v -0.05869707837700844 -0.14594310522079468 0.495826780796051
v -0.11589229106903076 -0.14594310522079468 0.495826780796051
v -0.11016003042459488 -0.14950521290302277 0.49722588062286377
v -0.05869707837700844 -0.14594310522079468 0.495826780796051
v -0.11016003042459488 -0.14950521290302277 0.49722588062286377
v -0.05869707837700844 -0.14950521290302277 0.49722588062286377
v -0.026532739400863647 -0.14623700082302094 0.48418378829956055
v -0.020752709358930588 -0.1462017297744751 0.4785633087158203
v -0.024526450783014297 -0.1458490490913391 0.4805493652820587
v -0.026532739400863647 -0.14623700082302094 0.48418378829956055
v -0.024526450783014297 -0.1458490490913391 0.4805493652820587
v -0.024383140727877617 -0.13221190869808197 0.41584551334381104
v -0.024383140727877617 -0.13221190869808197 0.41584551334381104
v -0.024526450783014297 -0.1458490490913391 0.4805493652820587
v -0.020752709358930588 -0.1462017297744751 0.4785633087158203
v -0.05298075079917908 -0.14950521290302277 0.4968560039997101
v -0.05869707837700844 -0.155218705534935 0.49774855375289917
v -0.05298075079917908 -0.155218705534935 0.49730628728866577
v -0.024383140727877617 -0.13221190869808197 0.41584551334381104
v -0.015609599649906158 -0.1464603692293167 0.47246840596199036
v -0.01866680011153221 -0.13402235507965088 0.41584551334381104
v -0.16175036132335663 -0.13906575739383698 0.41584551334381104
v -0.16515788435935974 -0.14017081260681152 0.41584551334381104
v -0.15947337448596954 -0.14616645872592926 0.4796246886253357
v -0.05298075079917908 -0.14950521290302277 0.4968560039997101
v -0.044350508600473404 -0.1466131955385208 0.49498251080513
v -0.04726440832018852 -0.1463545560836792 0.4952719807624817
v -0.03263122960925102 -0.1464603692293167 0.4894263446331024
v -0.032169461250305176 -0.14950521290302277 0.48969975113868713
v -0.029319249093532562 -0.14950521290302277 0.4876573979854584
v -0.12732495367527008 -0.14950521290302277 0.49678364396095276
v -0.12732495367527008 -0.155218705534935 0.4972580075263977
v -0.12160862982273102 -0.155218705534935 0.4976600706577301
v -0.12732495367527008 -0.14950521290302277 0.49678364396095276
v -0.12160862982273102 -0.155218705534935 0.4976600706577301
v -0.12160862982273102 -0.14950521290302277 0.4971454441547394
v -0.12732495367527008 -0.14950521290302277 0.49678364396095276
v -0.13304130733013153 -0.14950521290302277 0.4961645007133484
v -0.12732495367527008 -0.155218705534935 0.4972580075263977
v -0.15869316458702087 -0.14688359200954437 0.4834359884262085
v -0.16249874234199524 -0.14950521290302277 0.47494497895240784
v -0.16001476347446442 -0.1490819901227951 0.48118457198143005
v -0.12160862982273102 -0.14950521290302277 0.4971454441547394
v -0.11589229106903076 -0.155218705534935 0.4977404773235321
v -0.11589229106903076 -0.14950521290302277 0.4972178339958191
v -0.05869707837700844 -0.2009618878364563 0.4979816973209381
v -0.05869707837700844 -0.20668713748455048 0.4975314438343048
v -0.05298075079917908 -0.20668713748455048 0.49719372391700745
v -0.15347044169902802 -0.14950521290302277 0.4895952045917511
v -0.1589638590812683 -0.15070433914661407 0.48374155163764954
v -0.15655948221683502 -0.155218705534935 0.4867487847805023
v -0.15347044169902802 -0.14950521290302277 0.4895952045917511
v -0.15655948221683502 -0.155218705534935 0.4867487847805023
v -0.153709277510643 -0.155218705534935 0.48977211117744446
v -0.14448988437652588 -0.14593133330345154 0.4912435710430145
v -0.13772264122962952 -0.14643685519695282 0.4951513707637787
v -0.13928309082984924 -0.14595484733581543 0.49265068769454956
v -0.13928309082984924 -0.14595484733581543 0.49265068769454956
v -0.13772264122962952 -0.14643685519695282 0.4951513707637787
v -0.13304130733013153 -0.146225243806839 0.4953925907611847
v -0.13304130733013153 -0.146225243806839 0.4953925907611847
v -0.13772264122962952 -0.14643685519695282 0.4951513707637787
v -0.12732495367527008 -0.14950521290302277 0.49678364396095276
v -0.1415441483259201 -0.14673076570034027 0.49492621421813965
v -0.14205369353294373 -0.15053975582122803 0.49512723088264465
v -0.13928309082984924 -0.14898793399333954 0.49541670083999634
v -0.13304130733013153 -0.146225243806839 0.4953925907611847
v -0.12160862982273102 -0.14950521290302277 0.4971454441547394
v -0.12732495367527008 -0.14603714644908905 0.49564987421035767
v -0.12732495367527008 -0.14603714644908905 0.49564987421035767
v -0.12160862982273102 -0.14950521290302277 0.4971454441547394
v -0.12160862982273102 -0.14595484733581543 0.4957945942878723
v -0.1415441483259201 -0.14673076570034027 0.49492621421813965
v -0.12732495367527008 -0.14950521290302277 0.49678364396095276
v -0.13772264122962952 -0.14643685519695282 0.4951513707637787
v -0.1415441483259201 -0.14673076570034027 0.49492621421813965
v -0.15020622313022614 -0.14950521290302277 0.49114707112312317
v -0.14205369353294373 -0.15053975582122803 0.49512723088264465
v -0.11589229106903076 -0.14594310522079468 0.495826780796051
v -0.11589229106903076 -0.14950521290302277 0.4972178339958191
v -0.11016003042459488 -0.14950521290302277 0.49722588062286377
v -0.05869707837700844 -0.155218705534935 0.49774855375289917
v -0.05869707837700844 -0.2009618878364563 0.4979816973209381
v -0.05298075079917908 -0.2009618878364563 0.4976279139518738
v -0.05869707837700844 -0.155218705534935 0.49774855375289917
v -0.05298075079917908 -0.2009618878364563 0.4976279139518738
v -0.05298075079917908 -0.155218705534935 0.49730628728866577
v -0.15319974720478058 -0.1465308964252472 0.4893539845943451
v -0.15676648914813995 -0.1490819901227951 0.4859447181224823
v -0.15347044169902802 -0.14950521290302277 0.4895952045917511
v -0.11016003042459488 -0.14950521290302277 0.49722588062286377
v -0.11589229106903076 -0.14950521290302277 0.4972178339958191
v -0.11589229106903076 -0.155218705534935 0.4977404773235321
v -0.11016003042459488 -0.14950521290302277 0.49722588062286377
v -0.11589229106903076 -0.155218705534935 0.4977404773235321
v -0.11016003042459488 -0.155218705534935 0.49774855375289917
v -0.15020622313022614 -0.1462017297744751 0.4899168312549591
v -0.1415441483259201 -0.14673076570034027 0.49492621421813965
v -0.14448988437652588 -0.14593133330345154 0.4912435710430145
v -0.14448988437652588 -0.14593133330345154 0.4912435710430145
v -0.1415441483259201 -0.14673076570034027 0.49492621421813965
v -0.13772264122962952 -0.14643685519695282 0.4951513707637787
v -0.05298075079917908 -0.155218705534935 0.49730628728866577
v -0.04726440832018852 -0.155218705534935 0.49626097083091736
v -0.04726440832018852 -0.14950521290302277 0.4959152340888977
v -0.04726440832018852 -0.14950521290302277 0.4959152340888977
v -0.04726440832018852 -0.155218705534935 0.49626097083091736
v -0.043968360871076584 -0.14950521290302277 0.4951513707637787
v -0.032169461250305176 -0.14950521290302277 0.48969975113868713
v -0.03583173081278801 -0.155218705534935 0.49183857440948486
v -0.03185100108385086 -0.155218705534935 0.4898926913738251
v -0.13304130733013153 -0.146225243806839 0.4953925907611847
v -0.12732495367527008 -0.14950521290302277 0.49678364396095276
v -0.12160862982273102 -0.14950521290302277 0.4971454441547394
v -0.032169461250305176 -0.14950521290302277 0.48969975113868713
v -0.029000790789723396 -0.155218705534935 0.48795488476753235
v -0.029319249093532562 -0.14950521290302277 0.4876573979854584
v -0.032169461250305176 -0.14950521290302277 0.48969975113868713
v -0.043968360871076584 -0.14950521290302277 0.4951513707637787
v -0.03583173081278801 -0.155218705534935 0.49183857440948486
v -0.12160862982273102 -0.14595484733581543 0.4957945942878723
v -0.12160862982273102 -0.14950521290302277 0.4971454441547394
v -0.11589229106903076 -0.14950521290302277 0.4972178339958191
v -0.12160862982273102 -0.14595484733581543 0.4957945942878723
v -0.11589229106903076 -0.14950521290302277 0.4972178339958191
v -0.11589229106903076 -0.14594310522079468 0.495826780796051
v -0.019765490666031837 -0.155218705534935 0.47956034541130066
v -0.01954255998134613 -0.2009618878364563 0.480058878660202
v -0.016899360343813896 -0.155218705534935 0.47611892223358154
v -0.019765490666031837 -0.155218705534935 0.47956034541130066
v -0.016899360343813896 -0.155218705534935 0.47611892223358154
v -0.01720188930630684 -0.14950521290302277 0.4758214056491852
v -0.01720188930630684 -0.14950521290302277 0.4758214056491852
v -0.016899360343813896 -0.155218705534935 0.47611892223358154
v -0.015338899567723274 -0.14950521290302277 0.47295889258384705
v -0.03583173081278801 -0.155218705534935 0.49183857440948486
v -0.04005131125450134 -0.2009618878364563 0.49444377422332764
v -0.03583173081278801 -0.2009618878364563 0.49253007769584656
v -0.015338899567723274 -0.14950521290302277 0.47295889258384705
v -0.015179679729044437 -0.155218705534935 0.4732564091682434
v -0.013014160096645355 -0.155218705534935 0.46921995282173157
v -0.015338899567723274 -0.14950521290302277 0.47295889258384705
v -0.013014160096645355 -0.155218705534935 0.46921995282173157
v -0.010784939862787724 -0.155218705534935 0.4648297131061554
v -0.03185100108385086 -0.155218705534935 0.4898926913738251
v -0.03173954039812088 -0.1666574329137802 0.48997312784194946
v -0.029000790789723396 -0.155218705534935 0.48795488476753235
v -0.029000790789723396 -0.155218705534935 0.48795488476753235
v -0.03173954039812088 -0.1666574329137802 0.48997312784194946
v -0.028937099501490593 -0.16094395518302917 0.48798707127571106
v -0.02006801962852478 -0.14950521290302277 0.47924676537513733
v -0.02271123044192791 -0.155218705534935 0.4824228584766388
v -0.019765490666031837 -0.155218705534935 0.47956034541130066
v -0.020752709358930588 -0.1462017297744751 0.4785633087158203
v -0.01720188930630684 -0.14950521290302277 0.4758214056491852
v -0.015609599649906158 -0.1464603692293167 0.47246840596199036
v -0.015609599649906158 -0.1464603692293167 0.47246840596199036
v -0.01720188930630684 -0.14950521290302277 0.4758214056491852
v -0.015338899567723274 -0.14950521290302277 0.47295889258384705
v -0.025561440736055374 -0.155218705534935 0.4850923717021942
v -0.022137999534606934 -0.2009618878364563 0.48292139172554016
v -0.02271123044192791 -0.155218705534935 0.4824228584766388
v -0.015609599649906158 -0.1464603692293167 0.47246840596199036
v -0.009925110265612602 -0.14647212624549866 0.4610666334629059
v -0.014670140109956264 -0.13559767603874207 0.41584551334381104
v -0.015609599649906158 -0.1464603692293167 0.47246840596199036
v -0.014670140109956264 -0.13559767603874207 0.41584551334381104
v -0.01866680011153221 -0.13402235507965088 0.41584551334381104
v -0.04360213130712509 -0.155218705534935 0.4953121840953827
v -0.04005131125450134 -0.2009618878364563 0.49444377422332764
v -0.04073600098490715 -0.155218705534935 0.4940417408943176
v -0.019765490666031837 -0.155218705534935 0.47956034541130066
v -0.022137999534606934 -0.2009618878364563 0.48292139172554016
v -0.01954255998134613 -0.2009618878364563 0.480058878660202
v -0.15947337448596954 -0.14616645872592926 0.4796246886253357
v -0.16458465158939362 -0.14655442535877228 0.46683186292648315
v -0.15869316458702087 -0.14688359200954437 0.4834359884262085
v -0.15869316458702087 -0.14688359200954437 0.4834359884262085
v -0.1589638590812683 -0.15070433914661407 0.48374155163764954
v -0.15676648914813995 -0.1490819901227951 0.4859447181224823
v -0.15869316458702087 -0.14688359200954437 0.4834359884262085
v -0.16458465158939362 -0.14655442535877228 0.46683186292648315
v -0.16249874234199524 -0.14950521290302277 0.47494497895240784
v -0.043968360871076584 -0.14950521290302277 0.4951513707637787
v -0.04360213130712509 -0.155218705534935 0.4953121840953827
v -0.04073600098490715 -0.155218705534935 0.4940417408943176
v -0.15869316458702087 -0.14688359200954437 0.4834359884262085
v -0.16001476347446442 -0.1490819901227951 0.48118457198143005
v -0.1589638590812683 -0.15070433914661407 0.48374155163764954
v -0.15676648914813995 -0.1490819901227951 0.4859447181224823
v -0.1589638590812683 -0.15070433914661407 0.48374155163764954
v -0.15347044169902802 -0.14950521290302277 0.4895952045917511
v -0.02006801962852478 -0.14950521290302277 0.47924676537513733
v -0.019765490666031837 -0.155218705534935 0.47956034541130066
v -0.01720188930630684 -0.14950521290302277 0.4758214056491852
v -0.02006801962852478 -0.14950521290302277 0.47924676537513733
v -0.01720188930630684 -0.14950521290302277 0.4758214056491852
v -0.020752709358930588 -0.1462017297744751 0.4785633087158203
v -0.15347044169902802 -0.14950521290302277 0.4895952045917511
v -0.153709277510643 -0.155218705534935 0.48977211117744446
v -0.15020622313022614 -0.155218705534935 0.4917420744895935
v -0.15347044169902802 -0.14950521290302277 0.4895952045917511
v -0.15020622313022614 -0.155218705534935 0.4917420744895935
v -0.15020622313022614 -0.14950521290302277 0.49114707112312317
v -0.15347044169902802 -0.14950521290302277 0.4895952045917511
v -0.15020622313022614 -0.14950521290302277 0.49114707112312317
v -0.1415441483259201 -0.14673076570034027 0.49492621421813965
v -0.015609599649906158 -0.1464603692293167 0.47246840596199036
v -0.015338899567723274 -0.14950521290302277 0.47295889258384705
v -0.009925110265612602 -0.14647212624549866 0.4610666334629059
v -0.1415441483259201 -0.14673076570034027 0.49492621421813965
v -0.13928309082984924 -0.14898793399333954 0.49541670083999634
v -0.13304130733013153 -0.14950521290302277 0.4961645007133484
v -0.1415441483259201 -0.14673076570034027 0.49492621421813965
v -0.13304130733013153 -0.14950521290302277 0.4961645007133484
v -0.12732495367527008 -0.14950521290302277 0.49678364396095276
v -0.16515788435935974 -0.14017081260681152 0.41584551334381104
v -0.16541263461112976 -0.14031189680099487 0.41584551334381104
v -0.16458465158939362 -0.14655442535877228 0.46683186292648315
v -0.16515788435935974 -0.14017081260681152 0.41584551334381104
v -0.16458465158939362 -0.14655442535877228 0.46683186292648315
v -0.15947337448596954 -0.14616645872592926 0.4796246886253357
v -0.153709277510643 -0.155218705534935 0.48977211117744446
v -0.15374113619327545 -0.16094395518302917 0.48978015780448914
v -0.15020622313022614 -0.1666574329137802 0.49187877774238586
v -0.153709277510643 -0.155218705534935 0.48977211117744446
v -0.15020622313022614 -0.1666574329137802 0.49187877774238586
v -0.15020622313022614 -0.16094395518302917 0.49183857440948486
v -0.153709277510643 -0.155218705534935 0.48977211117744446
v -0.15020622313022614 -0.16094395518302917 0.49183857440948486
v -0.15020622313022614 -0.155218705534935 0.4917420744895935
v -0.16458465158939362 -0.14655442535877228 0.46683186292648315
v -0.16592217981815338 -0.14950521290302277 0.45778602361679077
v -0.1653807908296585 -0.14950521290302277 0.46350300312042236
v -0.15020622313022614 -0.155218705534935 0.4917420744895935
v -0.14520643651485443 -0.16094395518302917 0.49415430426597595
v -0.14515866339206696 -0.155218705534935 0.49407389760017395
v -0.15020622313022614 -0.155218705534935 0.4917420744895935
v -0.14515866339206696 -0.155218705534935 0.49407389760017395
v -0.14205369353294373 -0.15053975582122803 0.49512723088264465
v -0.16458465158939362 -0.14655442535877228 0.46683186292648315
v -0.16394773125648499 -0.14950521290302277 0.47068336606025696
v -0.16249874234199524 -0.14950521290302277 0.47494497895240784
v -0.1589638590812683 -0.15070433914661407 0.48374155163764954
v -0.1590753048658371 -0.155218705534935 0.4838862717151642
v -0.15655948221683502 -0.155218705534935 0.4867487847805023
v -0.05869707837700844 -0.2009618878364563 0.4979816973209381
v -0.11589229106903076 -0.155218705534935 0.4977404773235321
v -0.11589229106903076 -0.1723826825618744 0.4977404773235321
v -0.05869707837700844 -0.2009618878364563 0.4979816973209381
v -0.11589229106903076 -0.1723826825618744 0.4977404773235321
v -0.11016003042459488 -0.19524839520454407 0.4977565407752991
v -0.05869707837700844 -0.2009618878364563 0.4979816973209381
v -0.11016003042459488 -0.19524839520454407 0.4977565407752991
v -0.11589229106903076 -0.19524839520454407 0.49772441387176514
v -0.16249874234199524 -0.14950521290302277 0.47494497895240784
v -0.16332674026489258 -0.155218705534935 0.47494497895240784
v -0.16001476347446442 -0.1490819901227951 0.48118457198143005
v -0.05298075079917908 -0.2009618878364563 0.4976279139518738
v -0.05298075079917908 -0.20668713748455048 0.49719372391700745
v -0.04726440832018852 -0.20668713748455048 0.496244877576828
v -0.05298075079917908 -0.2009618878364563 0.4976279139518738
v -0.04726440832018852 -0.20668713748455048 0.496244877576828
v -0.04726440832018852 -0.2009618878364563 0.4966388940811157
v -0.15655948221683502 -0.155218705534935 0.4867487847805023
v -0.1566072553396225 -0.16094395518302917 0.48682117462158203
v -0.153709277510643 -0.155218705534935 0.48977211117744446
v -0.153709277510643 -0.155218705534935 0.48977211117744446
v -0.1566072553396225 -0.16094395518302917 0.48682117462158203
v -0.15374113619327545 -0.16094395518302917 0.48978015780448914
v -0.04726440832018852 -0.2009618878364563 0.4966388940811157
v -0.04291744902729988 -0.2009618878364563 0.4954729676246643
v -0.04360213130712509 -0.155218705534935 0.4953121840953827
v -0.04726440832018852 -0.2009618878364563 0.4966388940811157
v -0.04360213130712509 -0.155218705534935 0.4953121840953827
v -0.04726440832018852 -0.155218705534935 0.49626097083091736
v -0.03583173081278801 -0.155218705534935 0.49183857440948486
v -0.04073600098490715 -0.155218705534935 0.4940417408943176
v -0.04005131125450134 -0.2009618878364563 0.49444377422332764
v -0.12160862982273102 -0.14950521290302277 0.4971454441547394
v -0.12160862982273102 -0.155218705534935 0.4976600706577301
v -0.11589229106903076 -0.155218705534935 0.4977404773235321
v -0.03583173081278801 -0.155218705534935 0.49183857440948486
v -0.03583173081278801 -0.2009618878364563 0.49253007769584656
v -0.03185100108385086 -0.155218705534935 0.4898926913738251
v -0.03185100108385086 -0.155218705534935 0.4898926913738251
v -0.03583173081278801 -0.2009618878364563 0.49253007769584656
v -0.03173954039812088 -0.1666574329137802 0.48997312784194946
v -0.05869707837700844 -0.2009618878364563 0.4979816973209381
v -0.05298075079917908 -0.20668713748455048 0.49719372391700745
v -0.05298075079917908 -0.2009618878364563 0.4976279139518738
v -0.05869707837700844 -0.2009618878364563 0.4979816973209381
v -0.11016003042459488 -0.155218705534935 0.49774855375289917
v -0.11589229106903076 -0.155218705534935 0.4977404773235321
v -0.029000790789723396 -0.155218705534935 0.48795488476753235
v -0.028937099501490593 -0.16094395518302917 0.48798707127571106
v -0.02500413917005062 -0.2009618878364563 0.4854220747947693
v -0.029000790789723396 -0.155218705534935 0.48795488476753235
v -0.02500413917005062 -0.2009618878364563 0.4854220747947693
v -0.025561440736055374 -0.155218705534935 0.4850923717021942
v -0.025561440736055374 -0.155218705534935 0.4850923717021942
v -0.02500413917005062 -0.2009618878364563 0.4854220747947693
v -0.022137999534606934 -0.2009618878364563 0.48292139172554016
v -0.05869707837700844 -0.2009618878364563 0.4979816973209381
v -0.11589229106903076 -0.19524839520454407 0.49772441387176514
v -0.05869707837700844 -0.20668713748455048 0.4975314438343048
v -0.02271123044192791 -0.155218705534935 0.4824228584766388
v -0.022137999534606934 -0.2009618878364563 0.48292139172554016
v -0.019765490666031837 -0.155218705534935 0.47956034541130066
v -0.04360213130712509 -0.155218705534935 0.4953121840953827
v -0.04291744902729988 -0.2009618878364563 0.4954729676246643
v -0.04005131125450134 -0.2009618878364563 0.49444377422332764
v -0.04726440832018852 -0.2009618878364563 0.4966388940811157
v -0.04726440832018852 -0.20668713748455048 0.496244877576828
v -0.04345881938934326 -0.20668713748455048 0.49528807401657104
v -0.04726440832018852 -0.2009618878364563 0.4966388940811157
v -0.04345881938934326 -0.20668713748455048 0.49528807401657104
v -0.04291744902729988 -0.2009618878364563 0.4954729676246643
v -0.11589229106903076 -0.19524839520454407 0.49772441387176514
v -0.12160862982273102 -0.16094395518302917 0.4976600706577301
v -0.12160862982273102 -0.1723826825618744 0.49763596057891846
v -0.11589229106903076 -0.19524839520454407 0.49772441387176514
v -0.12160862982273102 -0.1723826825618744 0.49763596057891846
v -0.12160862982273102 -0.19524839520454407 0.49756360054016113
v -0.04726440832018852 -0.20668713748455048 0.496244877576828
v -0.04414350911974907 -0.20963792502880096 0.49504682421684265
v -0.04345881938934326 -0.20668713748455048 0.49528807401657104
v -0.12160862982273102 -0.155218705534935 0.4976600706577301
v -0.12160862982273102 -0.16094395518302917 0.4976600706577301
v -0.11589229106903076 -0.1723826825618744 0.4977404773235321
v -0.04345881938934326 -0.20668713748455048 0.49528807401657104
v -0.04059268906712532 -0.20668713748455048 0.49417844414711
v -0.04005131125450134 -0.2009618878364563 0.49444377422332764
v -0.04345881938934326 -0.20668713748455048 0.49528807401657104
v -0.04005131125450134 -0.2009618878364563 0.49444377422332764
v -0.04291744902729988 -0.2009618878364563 0.4954729676246643
v -0.05869707837700844 -0.20668713748455048 0.4975314438343048
v -0.06442934274673462 -0.2329033613204956 0.4895871579647064
v -0.05869707837700844 -0.23311497271060944 0.4897479712963104
v -0.05869707837700844 -0.20668713748455048 0.4975314438343048
v -0.05869707837700844 -0.23311497271060944 0.4897479712963104
v -0.05298075079917908 -0.23284457623958588 0.48953890800476074
v -0.009925110265612602 -0.14647212624549866 0.4610666334629059
v -0.009702179580926895 -0.14950521290302277 0.4616294801235199
v -0.008874200284481049 -0.14950521290302277 0.45778602361679077
v -0.009925110265612602 -0.14647212624549866 0.4610666334629059
v -0.008874200284481049 -0.14950521290302277 0.45778602361679077
v -0.008062119595706463 -0.14950521290302277 0.45206907391548157
v -0.009925110265612602 -0.14647212624549866 0.4610666334629059
v -0.008062119595706463 -0.14950521290302277 0.45206907391548157
v -0.0074570500291883945 -0.14950521290302277 0.44635209441185
v -0.05298075079917908 -0.20668713748455048 0.49719372391700745
v -0.05298075079917908 -0.23284457623958588 0.48953890800476074
v -0.049859851598739624 -0.23252716660499573 0.4893057644367218
v -0.009925110265612602 -0.14647212624549866 0.4610666334629059
v -0.009654420427978039 -0.14623700082302094 0.45778602361679077
v -0.00892196036875248 -0.13931262493133545 0.41584551334381104
v -0.009925110265612602 -0.14647212624549866 0.4610666334629059
v -0.00892196036875248 -0.13931262493133545 0.41584551334381104
v -0.01322115957736969 -0.13620899617671967 0.41584551334381104
v -0.11589229106903076 -0.1723826825618744 0.4977404773235321
v -0.12160862982273102 -0.16094395518302917 0.4976600706577301
v -0.11589229106903076 -0.19524839520454407 0.49772441387176514
v -0.11589229106903076 -0.1723826825618744 0.4977404773235321
v -0.11589229106903076 -0.19524839520454407 0.49772441387176514
v -0.11016003042459488 -0.19524839520454407 0.4977565407752991
v -0.16458465158939362 -0.14655442535877228 0.46683186292648315
v -0.16767370700836182 -0.14352132380008698 0.41584551334381104
v -0.16899530589580536 -0.14950521290302277 0.41775116324424744
v -0.16458465158939362 -0.14655442535877228 0.46683186292648315
v -0.16899530589580536 -0.14950521290302277 0.41775116324424744
v -0.16638393700122833 -0.14950521290302277 0.45206907391548157
v -0.16458465158939362 -0.14655442535877228 0.46683186292648315
v -0.16638393700122833 -0.14950521290302277 0.45206907391548157
v -0.16592217981815338 -0.14950521290302277 0.45778602361679077
v -0.015338899567723274 -0.14950521290302277 0.47295889258384705
v -0.016899360343813896 -0.155218705534935 0.47611892223358154
v -0.015179679729044437 -0.155218705534935 0.4732564091682434
v -0.16458465158939362 -0.14655442535877228 0.46683186292648315
v -0.1653807908296585 -0.14950521290302277 0.46350300312042236
v -0.16480757296085358 -0.14950521290302277 0.4678208529949188
v -0.16458465158939362 -0.14655442535877228 0.46683186292648315
v -0.16480757296085358 -0.14950521290302277 0.4678208529949188
v -0.16394773125648499 -0.14950521290302277 0.47068336606025696
v -0.015338899567723274 -0.14950521290302277 0.47295889258384705
v -0.010784939862787724 -0.155218705534935 0.4648297131061554
v -0.009702179580926895 -0.14950521290302277 0.4616294801235199
v -0.015338899567723274 -0.14950521290302277 0.47295889258384705
v -0.009702179580926895 -0.14950521290302277 0.4616294801235199
v -0.009925110265612602 -0.14647212624549866 0.4610666334629059
v -0.1589638590812683 -0.15070433914661407 0.48374155163764954
v -0.16001476347446442 -0.1490819901227951 0.48118457198143005
v -0.160874605178833 -0.155218705534935 0.48066192865371704
v -0.1589638590812683 -0.15070433914661407 0.48374155163764954
v -0.160874605178833 -0.155218705534935 0.48066192865371704
v -0.1590753048658371 -0.155218705534935 0.4838862717151642
v -0.16249874234199524 -0.14950521290302277 0.47494497895240784
v -0.16394773125648499 -0.14950521290302277 0.47068336606025696
v -0.16332674026489258 -0.155218705534935 0.47494497895240784
v -0.009925110265612602 -0.14647212624549866 0.4610666334629059
v -0.0074570500291883945 -0.14950521290302277 0.44635209441185
v -0.009654420427978039 -0.14623700082302094 0.45778602361679077
v -0.16001476347446442 -0.1490819901227951 0.48118457198143005
v -0.16332674026489258 -0.155218705534935 0.47494497895240784
v -0.160874605178833 -0.155218705534935 0.48066192865371704
v -0.15655948221683502 -0.155218705534935 0.4867487847805023
v -0.1590753048658371 -0.155218705534935 0.4838862717151642
v -0.1566072553396225 -0.16094395518302917 0.48682117462158203
v -0.009925110265612602 -0.14647212624549866 0.4610666334629059
v -0.01322115957736969 -0.13620899617671967 0.41584551334381104
v -0.014670140109956264 -0.13559767603874207 0.41584551334381104
v -0.16541263461112976 -0.14031189680099487 0.41584551334381104
v -0.16767370700836182 -0.14352132380008698 0.41584551334381104
v -0.16458465158939362 -0.14655442535877228 0.46683186292648315
v -0.008874200284481049 -0.14950521290302277 0.45778602361679077
v -0.007584440056234598 -0.155218705534935 0.45206907391548157
v -0.008062119595706463 -0.14950521290302277 0.45206907391548157
v -0.008062119595706463 -0.14950521290302277 0.45206907391548157
v -0.007584440056234598 -0.155218705534935 0.45206907391548157
v -0.0068042101338505745 -0.155218705534935 0.44635209441185
v -0.008062119595706463 -0.14950521290302277 0.45206907391548157
v -0.0068042101338505745 -0.155218705534935 0.44635209441185
v -0.0074570500291883945 -0.14950521290302277 0.44635209441185
v -0.01954255998134613 -0.2009618878364563 0.480058878660202
v -0.019813260063529015 -0.20668713748455048 0.47976940870285034
v -0.016676440834999084 -0.2009618878364563 0.47660136222839355
v -0.0074570500291883945 -0.14950521290302277 0.44635209441185
v -0.007154509890824556 -0.1437799632549286 0.41584551334381104
v -0.007727739866822958 -0.14185196161270142 0.41584551334381104
v -0.0074570500291883945 -0.14950521290302277 0.44635209441185
v -0.007727739866822958 -0.14185196161270142 0.41584551334381104
v -0.009654420427978039 -0.14623700082302094 0.45778602361679077
v -0.016899360343813896 -0.155218705534935 0.47611892223358154
v -0.014717910438776016 -0.2009618878364563 0.4737388491630554
v -0.015179679729044437 -0.155218705534935 0.4732564091682434
v -0.015179679729044437 -0.155218705534935 0.4732564091682434
v -0.014717910438776016 -0.2009618878364563 0.4737388491630554
v -0.012281700037419796 -0.2009618878364563 0.46921995282173157
v -0.14205369353294373 -0.15053975582122803 0.49512723088264465
v -0.1387576460838318 -0.155218705534935 0.495802640914917
v -0.13928309082984924 -0.14898793399333954 0.49541670083999634
v -0.14205369353294373 -0.15053975582122803 0.49512723088264465
v -0.14515866339206696 -0.155218705534935 0.49407389760017395
v -0.14229251444339752 -0.155218705534935 0.49520763754844666
v -0.13928309082984924 -0.14898793399333954 0.49541670083999634
v -0.1387576460838318 -0.155218705534935 0.495802640914917
v -0.13304130733013153 -0.155218705534935 0.4965343475341797
v -0.010784939862787724 -0.155218705534935 0.4648297131061554
v -0.010498340241611004 -0.2009618878364563 0.46540865302085876
v -0.009542959742248058 -0.155218705534935 0.46197524666786194
v -0.13928309082984924 -0.14898793399333954 0.49541670083999634
v -0.12732495367527008 -0.155218705534935 0.4972580075263977
v -0.13304130733013153 -0.14950521290302277 0.4961645007133484
v -0.12732495367527008 -0.155218705534935 0.4972580075263977
v -0.12732495367527008 -0.16094395518302917 0.49730628728866577
v -0.12160862982273102 -0.155218705534935 0.4976600706577301
v -0.009702179580926895 -0.14950521290302277 0.4616294801235199
v -0.008523889817297459 -0.155218705534935 0.45778602361679077
v -0.008874200284481049 -0.14950521290302277 0.45778602361679077
v -0.008874200284481049 -0.14950521290302277 0.45778602361679077
v -0.008523889817297459 -0.155218705534935 0.45778602361679077
v -0.007584440056234598 -0.155218705534935 0.45206907391548157
v -0.12160862982273102 -0.155218705534935 0.4976600706577301
v -0.12732495367527008 -0.16094395518302917 0.49730628728866577
v -0.12732495367527008 -0.1666574329137802 0.4973464906215668
v -0.12160862982273102 -0.155218705534935 0.4976600706577301
v -0.12732495367527008 -0.1666574329137802 0.4973464906215668
v -0.12732495367527008 -0.1723826825618744 0.49736255407333374
v -0.12160862982273102 -0.155218705534935 0.4976600706577301
v -0.12732495367527008 -0.1723826825618744 0.49736255407333374
v -0.12160862982273102 -0.16094395518302917 0.4976600706577301
v -0.15020622313022614 -0.155218705534935 0.4917420744895935
v -0.15020622313022614 -0.16094395518302917 0.49183857440948486
v -0.14520643651485443 -0.16094395518302917 0.49415430426597595
v -0.12160862982273102 -0.155218705534935 0.4976600706577301
v -0.11589229106903076 -0.1723826825618744 0.4977404773235321
v -0.11589229106903076 -0.155218705534935 0.4977404773235321
v -0.05869707837700844 -0.20668713748455048 0.4975314438343048
v -0.06442934274673462 -0.20668713748455048 0.49727413058280945
v -0.06442934274673462 -0.2329033613204956 0.4895871579647064
v -0.15020622313022614 -0.155218705534935 0.4917420744895935
v -0.14205369353294373 -0.15053975582122803 0.49512723088264465
v -0.15020622313022614 -0.14950521290302277 0.49114707112312317
v -0.14205369353294373 -0.15053975582122803 0.49512723088264465
v -0.14229251444339752 -0.155218705534935 0.49520763754844666
v -0.1387576460838318 -0.155218705534935 0.495802640914917
v -0.05869707837700844 -0.20668713748455048 0.4975314438343048
v -0.05298075079917908 -0.23284457623958588 0.48953890800476074
v -0.05298075079917908 -0.20668713748455048 0.49719372391700745
v -0.05869707837700844 -0.20668713748455048 0.4975314438343048
v -0.11589229106903076 -0.19524839520454407 0.49772441387176514
v -0.12160862982273102 -0.19524839520454407 0.49756360054016113
v -0.05869707837700844 -0.20668713748455048 0.4975314438343048
v -0.12160862982273102 -0.19524839520454407 0.49756360054016113
v -0.06442934274673462 -0.20668713748455048 0.49727413058280945
v -0.13928309082984924 -0.14898793399333954 0.49541670083999634
v -0.13304130733013153 -0.155218705534935 0.4965343475341797
v -0.12732495367527008 -0.155218705534935 0.4972580075263977
v -0.05298075079917908 -0.20668713748455048 0.49719372391700745
v -0.049859851598739624 -0.23252716660499573 0.4893057644367218
v -0.04414350911974907 -0.20963792502880096 0.49504682421684265
v -0.05298075079917908 -0.20668713748455048 0.49719372391700745
v -0.04414350911974907 -0.20963792502880096 0.49504682421684265
v -0.04726440832018852 -0.20668713748455048 0.496244877576828
v -0.12732495367527008 -0.155218705534935 0.4972580075263977
v -0.13304130733013153 -0.155218705534935 0.4965343475341797
v -0.13304130733013153 -0.1723826825618744 0.4968479573726654
v -0.12732495367527008 -0.155218705534935 0.4972580075263977
v -0.13304130733013153 -0.1723826825618744 0.4968479573726654
v -0.12732495367527008 -0.16094395518302917 0.49730628728866577
v -0.15374113619327545 -0.16094395518302917 0.48978015780448914
v -0.15646395087242126 -0.19524839520454407 0.48686134815216064
v -0.15372520685195923 -0.1666574329137802 0.4897640645503998
v -0.15374113619327545 -0.16094395518302917 0.48978015780448914
v -0.15372520685195923 -0.1666574329137802 0.4897640645503998
v -0.15020622313022614 -0.19524839520454407 0.4917822778224945
v -0.15374113619327545 -0.16094395518302917 0.48978015780448914
v -0.15020622313022614 -0.19524839520454407 0.4917822778224945
v -0.15020622313022614 -0.1666574329137802 0.49187877774238586
v -0.16480757296085358 -0.14950521290302277 0.4678208529949188
v -0.16584256291389465 -0.155218705534935 0.46350300312042236
v -0.16498272120952606 -0.155218705534935 0.4687134027481079
v -0.15020622313022614 -0.1666574329137802 0.49187877774238586
v -0.1452541947364807 -0.1723826825618744 0.49423471093177795
v -0.1452382653951645 -0.1666574329137802 0.494218647480011
v -0.15020622313022614 -0.1666574329137802 0.49187877774238586
v -0.1452382653951645 -0.1666574329137802 0.494218647480011
v -0.15020622313022614 -0.16094395518302917 0.49183857440948486
v -0.1590753048658371 -0.155218705534935 0.4838862717151642
v -0.16095422208309174 -0.16094395518302917 0.48066192865371704
v -0.15910716354846954 -0.16094395518302917 0.4839586317539215
v -0.1590753048658371 -0.155218705534935 0.4838862717151642
v -0.15910716354846954 -0.16094395518302917 0.4839586317539215
v -0.1566072553396225 -0.16094395518302917 0.48682117462158203
v -0.03583173081278801 -0.2009618878364563 0.49253007769584656
v -0.03583173081278801 -0.20668713748455048 0.49204763770103455
v -0.031803231686353683 -0.20668713748455048 0.4899650812149048
v -0.03583173081278801 -0.2009618878364563 0.49253007769584656
v -0.031803231686353683 -0.20668713748455048 0.4899650812149048
v -0.03146884962916374 -0.2009618878364563 0.49018219113349915
v -0.03583173081278801 -0.2009618878364563 0.49253007769584656
v -0.03146884962916374 -0.2009618878364563 0.49018219113349915
v -0.03173954039812088 -0.1666574329137802 0.48997312784194946
v -0.1566072553396225 -0.16094395518302917 0.48682117462158203
v -0.15659132599830627 -0.1666574329137802 0.4868452847003937
v -0.15374113619327545 -0.16094395518302917 0.48978015780448914
v -0.03173954039812088 -0.1666574329137802 0.48997312784194946
v -0.028618639335036278 -0.2009618878364563 0.48828455805778503
v -0.028937099501490593 -0.16094395518302917 0.48798707127571106
v -0.028937099501490593 -0.16094395518302917 0.48798707127571106
v -0.028618639335036278 -0.2009618878364563 0.48828455805778503
v -0.02500413917005062 -0.2009618878364563 0.4854220747947693
v -0.1566072553396225 -0.16094395518302917 0.48682117462158203
v -0.1591390073299408 -0.19524839520454407 0.4839988648891449
v -0.15659132599830627 -0.1666574329137802 0.4868452847003937
v -0.15374113619327545 -0.16094395518302917 0.48978015780448914
v -0.15659132599830627 -0.1666574329137802 0.4868452847003937
v -0.15646395087242126 -0.19524839520454407 0.48686134815216064
v -0.022137999534606934 -0.2009618878364563 0.48292139172554016
v -0.025306669995188713 -0.20668713748455048 0.48515671491622925
v -0.022440539672970772 -0.20668713748455048 0.4826238751411438
v -0.022137999534606934 -0.2009618878364563 0.48292139172554016
v -0.022440539672970772 -0.20668713748455048 0.4826238751411438
v -0.019813260063529015 -0.20668713748455048 0.47976940870285034
v -0.022137999534606934 -0.2009618878364563 0.48292139172554016
v -0.019813260063529015 -0.20668713748455048 0.47976940870285034
v -0.01954255998134613 -0.2009618878364563 0.480058878660202
v -0.04345881938934326 -0.20668713748455048 0.49528807401657104
v -0.04414350911974907 -0.20963792502880096 0.49504682421684265
v -0.04059268906712532 -0.20668713748455048 0.49417844414711
v -0.01954255998134613 -0.2009618878364563 0.480058878660202
v -0.016676440834999084 -0.2009618878364563 0.47660136222839355
v -0.016899360343813896 -0.155218705534935 0.47611892223358154
v -0.016899360343813896 -0.155218705534935 0.47611892223358154
v -0.016676440834999084 -0.2009618878364563 0.47660136222839355
v -0.014717910438776016 -0.2009618878364563 0.4737388491630554
v -0.04005131125450134 -0.2009618878364563 0.49444377422332764
v -0.04059268906712532 -0.20668713748455048 0.49417844414711
v -0.03583173081278801 -0.20668713748455048 0.49204763770103455
v -0.04005131125450134 -0.2009618878364563 0.49444377422332764
v -0.03583173081278801 -0.20668713748455048 0.49204763770103455
v -0.03583173081278801 -0.2009618878364563 0.49253007769584656
v -0.015179679729044437 -0.155218705534935 0.4732564091682434
v -0.012281700037419796 -0.2009618878364563 0.46921995282173157
v -0.013014160096645355 -0.155218705534935 0.46921995282173157
v -0.013014160096645355 -0.155218705534935 0.46921995282173157
v -0.012281700037419796 -0.2009618878364563 0.46921995282173157
v -0.010784939862787724 -0.155218705534935 0.4648297131061554
v -0.010784939862787724 -0.155218705534935 0.4648297131061554
v -0.012281700037419796 -0.2009618878364563 0.46921995282173157
v -0.010498340241611004 -0.2009618878364563 0.46540865302085876
v -0.03173954039812088 -0.1666574329137802 0.48997312784194946
v -0.03146884962916374 -0.2009618878364563 0.49018219113349915
v -0.028618639335036278 -0.2009618878364563 0.48828455805778503
v -0.010784939862787724 -0.155218705534935 0.4648297131061554
v -0.009542959742248058 -0.155218705534935 0.46197524666786194
v -0.009702179580926895 -0.14950521290302277 0.4616294801235199
v -0.009702179580926895 -0.14950521290302277 0.4616294801235199
v -0.009542959742248058 -0.155218705534935 0.46197524666786194
v -0.008523889817297459 -0.155218705534935 0.45778602361679077
v -0.02500413917005062 -0.2009618878364563 0.4854220747947693
v -0.025306669995188713 -0.20668713748455048 0.48515671491622925
v -0.022137999534606934 -0.2009618878364563 0.48292139172554016
v -0.02500413917005062 -0.2009618878364563 0.4854220747947693
v -0.028618639335036278 -0.2009618878364563 0.48828455805778503
v -0.025306669995188713 -0.20668713748455048 0.48515671491622925
v -0.05298075079917908 -0.23284457623958588 0.48953890800476074
v -0.05869707837700844 -0.2467285841703415 0.4819404184818268
v -0.05298075079917908 -0.2467285841703415 0.48145797848701477
v -0.05298075079917908 -0.23284457623958588 0.48953890800476074
v -0.05298075079917908 -0.2467285841703415 0.48145797848701477
v -0.049859851598739624 -0.23252716660499573 0.4893057644367218
v -0.12160862982273102 -0.19524839520454407 0.49756360054016113
v -0.12732495367527008 -0.19524839520454407 0.49726608395576477
v -0.13304130733013153 -0.1995629072189331 0.49593937397003174
v -0.12732495367527008 -0.1723826825618744 0.49736255407333374
v -0.12732495367527008 -0.19524839520454407 0.49726608395576477
v -0.12160862982273102 -0.19524839520454407 0.49756360054016113
v -0.049859851598739624 -0.23252716660499573 0.4893057644367218
v -0.05298075079917908 -0.2467285841703415 0.48145797848701477
v -0.043586209416389465 -0.2498674839735031 0.4781612753868103
v -0.049859851598739624 -0.23252716660499573 0.4893057644367218
v -0.043586209416389465 -0.2498674839735031 0.4781612753868103
v -0.03756733983755112 -0.2331267148256302 0.4841596484184265
v -0.12732495367527008 -0.1723826825618744 0.49736255407333374
v -0.13304130733013153 -0.17809617519378662 0.49687206745147705
v -0.13304130733013153 -0.19524839520454407 0.49682381749153137
v -0.12732495367527008 -0.1723826825618744 0.49736255407333374
v -0.13304130733013153 -0.19524839520454407 0.49682381749153137
v -0.12732495367527008 -0.19524839520454407 0.49726608395576477
v -0.009654420427978039 -0.14623700082302094 0.45778602361679077
v -0.007727739866822958 -0.14185196161270142 0.41584551334381104
v -0.00892196036875248 -0.13931262493133545 0.41584551334381104
v -0.16767370700836182 -0.14352132380008698 0.41584551334381104
v -0.16905899345874786 -0.14950521290302277 0.41584551334381104
v -0.16899530589580536 -0.14950521290302277 0.41775116324424744
v -0.16899530589580536 -0.14950521290302277 0.41775116324424744
v -0.16635209321975708 -0.155218705534935 0.45778602361679077
v -0.16638393700122833 -0.14950521290302277 0.45206907391548157
v -0.06442934274673462 -0.2329033613204956 0.4895871579647064
v -0.13304130733013153 -0.1995629072189331 0.49593937397003174
v -0.06775722652673721 -0.2325976938009262 0.4893539845943451
v -0.16899530589580536 -0.14950521290302277 0.41775116324424744
v -0.16628840565681458 -0.19524839520454407 0.45778602361679077
v -0.16635209321975708 -0.155218705534935 0.45778602361679077
v -0.16638393700122833 -0.14950521290302277 0.45206907391548157
v -0.16635209321975708 -0.155218705534935 0.45778602361679077
v -0.16592217981815338 -0.14950521290302277 0.45778602361679077
v -0.06442934274673462 -0.2329033613204956 0.4895871579647064
v -0.05869707837700844 -0.2467285841703415 0.4819404184818268
v -0.05869707837700844 -0.23311497271060944 0.4897479712963104
v -0.05869707837700844 -0.23311497271060944 0.4897479712963104
v -0.05869707837700844 -0.2467285841703415 0.4819404184818268
v -0.05298075079917908 -0.23284457623958588 0.48953890800476074
v -0.1653807908296585 -0.14950521290302277 0.46350300312042236
v -0.16584256291389465 -0.155218705534935 0.46350300312042236
v -0.16480757296085358 -0.14950521290302277 0.4678208529949188
v -0.16480757296085358 -0.14950521290302277 0.4678208529949188
v -0.16498272120952606 -0.155218705534935 0.4687134027481079
v -0.16437764465808868 -0.155218705534935 0.47157588601112366
v -0.16480757296085358 -0.14950521290302277 0.4678208529949188
v -0.16437764465808868 -0.155218705534935 0.47157588601112366
v -0.16394773125648499 -0.14950521290302277 0.47068336606025696
v -0.0074570500291883945 -0.14950521290302277 0.44635209441185
v -0.0072182100266218185 -0.14950521290302277 0.4406351149082184
v -0.007154509890824556 -0.1437799632549286 0.41584551334381104
v -0.16394773125648499 -0.14950521290302277 0.47068336606025696
v -0.16437764465808868 -0.155218705534935 0.47157588601112366
v -0.16332674026489258 -0.155218705534935 0.47494497895240784
v -0.1590753048658371 -0.155218705534935 0.4838862717151642
v -0.160874605178833 -0.155218705534935 0.48066192865371704
v -0.16095422208309174 -0.16094395518302917 0.48066192865371704
v -0.0074570500291883945 -0.14950521290302277 0.44635209441185
v -0.0068042101338505745 -0.155218705534935 0.44635209441185
v -0.006501669995486736 -0.155218705534935 0.4406351149082184
v -0.0074570500291883945 -0.14950521290302277 0.44635209441185
v -0.006501669995486736 -0.155218705534935 0.4406351149082184
v -0.0072182100266218185 -0.14950521290302277 0.4406351149082184
v -0.160874605178833 -0.155218705534935 0.48066192865371704
v -0.16332674026489258 -0.155218705534935 0.47494497895240784
v -0.16095422208309174 -0.16094395518302917 0.48066192865371704
v -0.16332674026489258 -0.155218705534935 0.47494497895240784
v -0.16437764465808868 -0.155218705534935 0.47157588601112366
v -0.16339042782783508 -0.16094395518302917 0.47494497895240784
v -0.16332674026489258 -0.155218705534935 0.47494497895240784
v -0.16339042782783508 -0.16094395518302917 0.47494497895240784
v -0.16095422208309174 -0.16094395518302917 0.48066192865371704
v -0.16899530589580536 -0.14950521290302277 0.41775116324424744
v -0.16905899345874786 -0.14950521290302277 0.41584551334381104
v -0.16628840565681458 -0.19524839520454407 0.45778602361679077
v -0.1566072553396225 -0.16094395518302917 0.48682117462158203
v -0.15910716354846954 -0.16094395518302917 0.4839586317539215
v -0.15910716354846954 -0.1666574329137802 0.48398277163505554
v -0.1566072553396225 -0.16094395518302917 0.48682117462158203
v -0.15910716354846954 -0.1666574329137802 0.48398277163505554
v -0.1591390073299408 -0.19524839520454407 0.4839988648891449
v -0.16592217981815338 -0.14950521290302277 0.45778602361679077
v -0.16635209321975708 -0.155218705534935 0.45778602361679077
v -0.16584256291389465 -0.155218705534935 0.46350300312042236
v -0.16592217981815338 -0.14950521290302277 0.45778602361679077
v -0.16584256291389465 -0.155218705534935 0.46350300312042236
v -0.1653807908296585 -0.14950521290302277 0.46350300312042236
v -0.010498340241611004 -0.2009618878364563 0.46540865302085876
v -0.009335960261523724 -0.2009618878364563 0.4625541865825653
v -0.009542959742248058 -0.155218705534935 0.46197524666786194
v -0.009542959742248058 -0.155218705534935 0.46197524666786194
v -0.009335960261523724 -0.2009618878364563 0.4625541865825653
v -0.007886970415711403 -0.2009618878364563 0.45778602361679077
v -0.009542959742248058 -0.155218705534935 0.46197524666786194
v -0.007886970415711403 -0.2009618878364563 0.45778602361679077
v -0.008523889817297459 -0.155218705534935 0.45778602361679077
v -0.022440539672970772 -0.20668713748455048 0.4826238751411438
v -0.031309619545936584 -0.23347941040992737 0.47915831208229065
v -0.0275836493819952 -0.2295646071434021 0.4774697721004486
v -0.008523889817297459 -0.155218705534935 0.45778602361679077
v -0.0068360501900315285 -0.2009618878364563 0.45206907391548157
v -0.007584440056234598 -0.155218705534935 0.45206907391548157
v -0.007584440056234598 -0.155218705534935 0.45206907391548157
v -0.0068360501900315285 -0.2009618878364563 0.45206907391548157
v -0.0068042101338505745 -0.155218705534935 0.44635209441185
v -0.019813260063529015 -0.20668713748455048 0.47976940870285034
v -0.016947120428085327 -0.20668713748455048 0.47627973556518555
v -0.016676440834999084 -0.2009618878364563 0.47660136222839355
v -0.019813260063529015 -0.20668713748455048 0.47976940870285034
v -0.025832129642367363 -0.23347941040992737 0.4737468957901001
v -0.016947120428085327 -0.20668713748455048 0.47627973556518555
v -0.14520643651485443 -0.16094395518302917 0.49415430426597595
v -0.14229251444339752 -0.155218705534935 0.49520763754844666
v -0.14515866339206696 -0.155218705534935 0.49407389760017395
v -0.14229251444339752 -0.155218705534935 0.49520763754844666
v -0.1423403024673462 -0.16094395518302917 0.49520763754844666
v -0.1387576460838318 -0.1723826825618744 0.4959956407546997
v -0.14229251444339752 -0.155218705534935 0.49520763754844666
v -0.1387576460838318 -0.1723826825618744 0.4959956407546997
v -0.1387576460838318 -0.155218705534935 0.495802640914917
v -0.012281700037419796 -0.2009618878364563 0.46921995282173157
v -0.012759390287101269 -0.20668713748455048 0.46921995282173157
v -0.010498340241611004 -0.2009618878364563 0.46540865302085876
v -0.14229251444339752 -0.155218705534935 0.49520763754844666
v -0.1452541947364807 -0.1723826825618744 0.49423471093177795
v -0.1423403024673462 -0.16094395518302917 0.49520763754844666
v -0.1387576460838318 -0.155218705534935 0.495802640914917
v -0.1387576460838318 -0.1723826825618744 0.4959956407546997
v -0.13304130733013153 -0.1723826825618744 0.4968479573726654
v -0.010498340241611004 -0.2009618878364563 0.46540865302085876
v -0.010769019834697247 -0.20668713748455048 0.46489402651786804
v -0.009527039714157581 -0.20668713748455048 0.4620395600795746
v -0.010498340241611004 -0.2009618878364563 0.46540865302085876
v -0.009527039714157581 -0.20668713748455048 0.4620395600795746
v -0.009335960261523724 -0.2009618878364563 0.4625541865825653
v -0.13304130733013153 -0.1723826825618744 0.4968479573726654
v -0.13304130733013153 -0.17809617519378662 0.49687206745147705
v -0.12732495367527008 -0.1666574329137802 0.4973464906215668
v -0.13304130733013153 -0.1723826825618744 0.4968479573726654
v -0.1387576460838318 -0.1723826825618744 0.4959956407546997
v -0.13304130733013153 -0.17809617519378662 0.49687206745147705
v -0.12732495367527008 -0.1666574329137802 0.4973464906215668
v -0.13304130733013153 -0.17809617519378662 0.49687206745147705
v -0.12732495367527008 -0.1723826825618744 0.49736255407333374
v -0.15020622313022614 -0.1666574329137802 0.49187877774238586
v -0.15020622313022614 -0.19524839520454407 0.4917822778224945
v -0.1452541947364807 -0.1723826825618744 0.49423471093177795
v -0.12732495367527008 -0.1723826825618744 0.49736255407333374
v -0.12160862982273102 -0.19524839520454407 0.49756360054016113
v -0.12160862982273102 -0.1723826825618744 0.49763596057891846
v -0.12732495367527008 -0.1723826825618744 0.49736255407333374
v -0.12160862982273102 -0.1723826825618744 0.49763596057891846
v -0.12160862982273102 -0.16094395518302917 0.4976600706577301
v -0.15020622313022614 -0.16094395518302917 0.49183857440948486
v -0.1452382653951645 -0.1666574329137802 0.494218647480011
v -0.14520643651485443 -0.16094395518302917 0.49415430426597595
v -0.14520643651485443 -0.16094395518302917 0.49415430426597595
v -0.1452382653951645 -0.1666574329137802 0.494218647480011
v -0.14229251444339752 -0.155218705534935 0.49520763754844666
v -0.06442934274673462 -0.20668713748455048 0.49727413058280945
v -0.12160862982273102 -0.19524839520454407 0.49756360054016113
v -0.12732495367527008 -0.199762761592865 0.49617254734039307
v -0.06442934274673462 -0.20668713748455048 0.49727413058280945
v -0.12732495367527008 -0.199762761592865 0.49617254734039307
v -0.06442934274673462 -0.2329033613204956 0.4895871579647064
v -0.06442934274673462 -0.2329033613204956 0.4895871579647064
v -0.12732495367527008 -0.199762761592865 0.49617254734039307
v -0.13304130733013153 -0.1995629072189331 0.49593937397003174
v -0.14229251444339752 -0.155218705534935 0.49520763754844666
v -0.1452382653951645 -0.1666574329137802 0.494218647480011
v -0.1452541947364807 -0.1723826825618744 0.49423471093177795
v -0.06442934274673462 -0.2329033613204956 0.4895871579647064
v -0.06775722652673721 -0.2325976938009262 0.4893539845943451
v -0.06442934274673462 -0.2467285841703415 0.4815383851528168
v -0.06442934274673462 -0.2329033613204956 0.4895871579647064
v -0.06442934274673462 -0.2467285841703415 0.4815383851528168
v -0.05869707837700844 -0.2467285841703415 0.4819404184818268
v -0.1387576460838318 -0.155218705534935 0.495802640914917
v -0.13304130733013153 -0.1723826825618744 0.4968479573726654
v -0.13304130733013153 -0.155218705534935 0.4965343475341797
v -0.12732495367527008 -0.16094395518302917 0.49730628728866577
v -0.13304130733013153 -0.1723826825618744 0.4968479573726654
v -0.12732495367527008 -0.1666574329137802 0.4973464906215668
v -0.16437764465808868 -0.155218705534935 0.47157588601112366
v -0.1643935739994049 -0.16094395518302917 0.47157588601112366
v -0.16339042782783508 -0.16094395518302917 0.47494497895240784
v -0.16095422208309174 -0.16094395518302917 0.48066192865371704
v -0.16092237830162048 -0.19524839520454407 0.48066192865371704
v -0.1591390073299408 -0.19524839520454407 0.4839988648891449
v -0.16095422208309174 -0.16094395518302917 0.48066192865371704
v -0.1591390073299408 -0.19524839520454407 0.4839988648891449
v -0.15910716354846954 -0.1666574329137802 0.48398277163505554
v -0.16635209321975708 -0.155218705534935 0.45778602361679077
v -0.16628840565681458 -0.19524839520454407 0.45778602361679077
v -0.16585849225521088 -0.19524839520454407 0.46350300312042236
v -0.16095422208309174 -0.16094395518302917 0.48066192865371704
v -0.16339042782783508 -0.16094395518302917 0.47494497895240784
v -0.16092237830162048 -0.19524839520454407 0.48066192865371704
v -0.16339042782783508 -0.16094395518302917 0.47494497895240784
v -0.1643935739994049 -0.16094395518302917 0.47157588601112366
v -0.16437764465808868 -0.19524839520454407 0.47154372930526733
v -0.16635209321975708 -0.155218705534935 0.45778602361679077
v -0.16589033603668213 -0.16094395518302917 0.46350300312042236
v -0.16584256291389465 -0.155218705534935 0.46350300312042236
v -0.16628840565681458 -0.19524839520454407 0.45778602361679077
v -0.1659380942583084 -0.19524839520454407 0.45206907391548157
v -0.16523748636245728 -0.19929251074790955 0.45206907391548157
v -0.04414350911974907 -0.20963792502880096 0.49504682421684265
v -0.03242421895265579 -0.2098730504512787 0.48957109451293945
v -0.03583173081278801 -0.20668713748455048 0.49204763770103455
v -0.04414350911974907 -0.20963792502880096 0.49504682421684265
v -0.03583173081278801 -0.20668713748455048 0.49204763770103455
v -0.04059268906712532 -0.20668713748455048 0.49417844414711
v -0.03583173081278801 -0.20668713748455048 0.49204763770103455
v -0.03242421895265579 -0.2098730504512787 0.48957109451293945
v -0.031803231686353683 -0.20668713748455048 0.4899650812149048
v -0.16584256291389465 -0.155218705534935 0.46350300312042236
v -0.16589033603668213 -0.16094395518302917 0.46350300312042236
v -0.16498272120952606 -0.155218705534935 0.4687134027481079
v -0.031803231686353683 -0.20668713748455048 0.4899650812149048
v -0.02895301952958107 -0.20668713748455048 0.4880111813545227
v -0.028618639335036278 -0.2009618878364563 0.48828455805778503
v -0.031803231686353683 -0.20668713748455048 0.4899650812149048
v -0.028618639335036278 -0.2009618878364563 0.48828455805778503
v -0.03146884962916374 -0.2009618878364563 0.49018219113349915
v -0.16498272120952606 -0.155218705534935 0.4687134027481079
v -0.16498272120952606 -0.16094395518302917 0.4687134027481079
v -0.1643935739994049 -0.16094395518302917 0.47157588601112366
v -0.16498272120952606 -0.155218705534935 0.4687134027481079
v -0.1643935739994049 -0.16094395518302917 0.47157588601112366
v -0.16437764465808868 -0.155218705534935 0.47157588601112366
v -0.025306669995188713 -0.20668713748455048 0.48515671491622925
v -0.02895301952958107 -0.20668713748455048 0.4880111813545227
v -0.03242421895265579 -0.2098730504512787 0.48957109451293945
v -0.025306669995188713 -0.20668713748455048 0.48515671491622925
v -0.03242421895265579 -0.2098730504512787 0.48957109451293945
v -0.026166509836912155 -0.2102610170841217 0.48442500829696655
v -0.022440539672970772 -0.20668713748455048 0.4826238751411438
v -0.026166509836912155 -0.2102610170841217 0.48442500829696655
v -0.031309619545936584 -0.23347941040992737 0.47915831208229065
v -0.12160862982273102 -0.19524839520454407 0.49756360054016113
v -0.13304130733013153 -0.1995629072189331 0.49593937397003174
v -0.12732495367527008 -0.199762761592865 0.49617254734039307
v -0.022440539672970772 -0.20668713748455048 0.4826238751411438
v -0.0275836493819952 -0.2295646071434021 0.4774697721004486
v -0.025832129642367363 -0.23347941040992737 0.4737468957901001
v -0.022440539672970772 -0.20668713748455048 0.4826238751411438
v -0.025832129642367363 -0.23347941040992737 0.4737468957901001
v -0.019813260063529015 -0.20668713748455048 0.47976940870285034
v -0.049859851598739624 -0.23252716660499573 0.4893057644367218
v -0.03756733983755112 -0.2331267148256302 0.4841596484184265
v -0.04414350911974907 -0.20963792502880096 0.49504682421684265
v -0.04414350911974907 -0.20963792502880096 0.49504682421684265
v -0.03756733983755112 -0.2331267148256302 0.4841596484184265
v -0.03242421895265579 -0.2098730504512787 0.48957109451293945
v -0.016676440834999084 -0.2009618878364563 0.47660136222839355
v -0.016947120428085327 -0.20668713748455048 0.47627973556518555
v -0.014940829947590828 -0.20668713748455048 0.4734172224998474
v -0.016676440834999084 -0.2009618878364563 0.47660136222839355
v -0.014940829947590828 -0.20668713748455048 0.4734172224998474
v -0.014717910438776016 -0.2009618878364563 0.4737388491630554
v -0.014717910438776016 -0.2009618878364563 0.4737388491630554
v -0.014940829947590828 -0.20668713748455048 0.4734172224998474
v -0.012281700037419796 -0.2009618878364563 0.46921995282173157
v -0.031803231686353683 -0.20668713748455048 0.4899650812149048
v -0.03242421895265579 -0.2098730504512787 0.48957109451293945
v -0.02895301952958107 -0.20668713748455048 0.4880111813545227
v -0.012281700037419796 -0.2009618878364563 0.46921995282173157
v -0.014940829947590828 -0.20668713748455048 0.4734172224998474
v -0.012759390287101269 -0.20668713748455048 0.46921995282173157
v -0.010498340241611004 -0.2009618878364563 0.46540865302085876
v -0.012759390287101269 -0.20668713748455048 0.46921995282173157
v -0.010769019834697247 -0.20668713748455048 0.46489402651786804
v -0.028618639335036278 -0.2009618878364563 0.48828455805778503
v -0.02895301952958107 -0.20668713748455048 0.4880111813545227
v -0.025306669995188713 -0.20668713748455048 0.48515671491622925
v -0.025306669995188713 -0.20668713748455048 0.48515671491622925
v -0.026166509836912155 -0.2102610170841217 0.48442500829696655
v -0.022440539672970772 -0.20668713748455048 0.4826238751411438
v -0.13304130733013153 -0.19524839520454407 0.49682381749153137
v -0.14214922487735748 -0.19843430817127228 0.49512723088264465
v -0.1387576460838318 -0.1989986151456833 0.49549710750579834
v -0.13304130733013153 -0.19524839520454407 0.49682381749153137
v -0.1387576460838318 -0.1989986151456833 0.49549710750579834
v -0.13304130733013153 -0.1995629072189331 0.49593937397003174
v -0.13304130733013153 -0.1995629072189331 0.49593937397003174
v -0.1387576460838318 -0.1989986151456833 0.49549710750579834
v -0.06775722652673721 -0.2325976938009262 0.4893539845943451
v -0.15020622313022614 -0.19524839520454407 0.4917822778224945
v -0.14214922487735748 -0.19843430817127228 0.49512723088264465
v -0.14507904648780823 -0.19524839520454407 0.49419450759887695
v -0.06775722652673721 -0.2325976938009262 0.4893539845943451
v -0.1387576460838318 -0.1989986151456833 0.49549710750579834
v -0.07406271994113922 -0.2498909831047058 0.4782336354255676
v -0.06442934274673462 -0.2467285841703415 0.4815383851528168
v -0.07406271994113922 -0.2498909831047058 0.4782336354255676
v -0.07014568150043488 -0.2500673234462738 0.4786597788333893
v -0.1452541947364807 -0.1723826825618744 0.49423471093177795
v -0.14238807559013367 -0.1723826825618744 0.49520763754844666
v -0.14237214624881744 -0.1666574329137802 0.49520763754844666
v -0.1452541947364807 -0.1723826825618744 0.49423471093177795
v -0.14237214624881744 -0.1666574329137802 0.49520763754844666
v -0.1423403024673462 -0.16094395518302917 0.49520763754844666
v -0.0072182100266218185 -0.14950521290302277 0.4406351149082184
v -0.006501669995486736 -0.155218705534935 0.4406351149082184
v -0.006565359886735678 -0.14950521290302277 0.4234761595726013
v -0.0072182100266218185 -0.14950521290302277 0.4406351149082184
v -0.006565359886735678 -0.14950521290302277 0.4234761595726013
v -0.006565359886735678 -0.1476007103919983 0.41584551334381104
v -0.0072182100266218185 -0.14950521290302277 0.4406351149082184
v -0.006565359886735678 -0.1476007103919983 0.41584551334381104
v -0.007154509890824556 -0.1437799632549286 0.41584551334381104
v -0.1387576460838318 -0.1723826825618744 0.4959956407546997
v -0.14238807559013367 -0.1723826825618744 0.49520763754844666
v -0.1387576460838318 -0.17809617519378662 0.4959956407546997
v -0.006501669995486736 -0.155218705534935 0.4406351149082184
v -0.006501669995486736 -0.155218705534935 0.4291931390762329
v -0.006517590023577213 -0.14950521290302277 0.41775116324424744
v -0.006501669995486736 -0.155218705534935 0.4406351149082184
v -0.006517590023577213 -0.14950521290302277 0.41775116324424744
v -0.006565359886735678 -0.1476007103919983 0.41584551334381104
v -0.12732495367527008 -0.19524839520454407 0.49726608395576477
v -0.13304130733013153 -0.19524839520454407 0.49682381749153137
v -0.13304130733013153 -0.1995629072189331 0.49593937397003174
v -0.13304130733013153 -0.19524839520454407 0.49682381749153137
v -0.1387576460838318 -0.19524839520454407 0.49594739079475403
v -0.14214922487735748 -0.19843430817127228 0.49512723088264465
v -0.16905899345874786 -0.14950521290302277 0.41584551334381104
v -0.15934599936008453 -0.19888104498386383 0.43704894185066223
v -0.16485534608364105 -0.19872821867465973 0.448121041059494
v -0.16905899345874786 -0.14950521290302277 0.41584551334381104
v -0.16485534608364105 -0.19872821867465973 0.448121041059494
v -0.1659380942583084 -0.19524839520454407 0.45206907391548157
v -0.16905899345874786 -0.14950521290302277 0.41584551334381104
v -0.1659380942583084 -0.19524839520454407 0.45206907391548157
v -0.16628840565681458 -0.19524839520454407 0.45778602361679077
v -0.008523889817297459 -0.155218705534935 0.45778602361679077
v -0.007886970415711403 -0.2009618878364563 0.45778602361679077
v -0.0068360501900315285 -0.2009618878364563 0.45206907391548157
v -0.16635209321975708 -0.155218705534935 0.45778602361679077
v -0.16585849225521088 -0.19524839520454407 0.46350300312042236
v -0.16589033603668213 -0.1666574329137802 0.46350300312042236
v -0.16635209321975708 -0.155218705534935 0.45778602361679077
v -0.16589033603668213 -0.1666574329137802 0.46350300312042236
v -0.16589033603668213 -0.16094395518302917 0.46350300312042236
v -0.0068042101338505745 -0.155218705534935 0.44635209441185
v -0.0068360501900315285 -0.2009618878364563 0.45206907391548157
v -0.006406140048056841 -0.2009618878364563 0.44635209441185
v -0.0068042101338505745 -0.155218705534935 0.44635209441185
v -0.006406140048056841 -0.2009618878364563 0.44635209441185
v -0.006501669995486736 -0.155218705534935 0.4406351149082184
v -0.16628840565681458 -0.19524839520454407 0.45778602361679077
v -0.16523748636245728 -0.19929251074790955 0.45206907391548157
v -0.16542856395244598 -0.19952763617038727 0.45778602361679077
v -0.16628840565681458 -0.19524839520454407 0.45778602361679077
v -0.16542856395244598 -0.19952763617038727 0.45778602361679077
v -0.16520564258098602 -0.19926899671554565 0.46350300312042236
v -0.16628840565681458 -0.19524839520454407 0.45778602361679077
v -0.16520564258098602 -0.19926899671554565 0.46350300312042236
v -0.16585849225521088 -0.19524839520454407 0.46350300312042236
v -0.006501669995486736 -0.155218705534935 0.4406351149082184
v -0.006406140048056841 -0.2009618878364563 0.44635209441185
v -0.006501669995486736 -0.155218705534935 0.4291931390762329
v -0.16498272120952606 -0.155218705534935 0.4687134027481079
v -0.16589033603668213 -0.16094395518302917 0.46350300312042236
v -0.16589033603668213 -0.1666574329137802 0.46350300312042236
v -0.16498272120952606 -0.155218705534935 0.4687134027481079
v -0.16589033603668213 -0.1666574329137802 0.46350300312042236
v -0.16498272120952606 -0.16094395518302917 0.4687134027481079
v -0.006501669995486736 -0.155218705534935 0.4406351149082184
v -0.006565359886735678 -0.1476007103919983 0.41584551334381104
v -0.006565359886735678 -0.14950521290302277 0.4234761595726013
v -0.16905899345874786 -0.14950521290302277 0.41584551334381104
v -0.16663871705532074 -0.15471318364143372 0.41584551334381104
v -0.15934599936008453 -0.19888104498386383 0.43704894185066223
v -0.009527039714157581 -0.20668713748455048 0.4620395600795746
v -0.008316890336573124 -0.20668713748455048 0.45778602361679077
v -0.007886970415711403 -0.2009618878364563 0.45778602361679077
v -0.009527039714157581 -0.20668713748455048 0.4620395600795746
v -0.007886970415711403 -0.2009618878364563 0.45778602361679077
v -0.009335960261523724 -0.2009618878364563 0.4625541865825653
v -0.007886970415711403 -0.2009618878364563 0.45778602361679077
v -0.008316890336573124 -0.20668713748455048 0.45778602361679077
v -0.0068360501900315285 -0.2009618878364563 0.45206907391548157
v -0.03756733983755112 -0.2331267148256302 0.4841596484184265
v -0.031309619545936584 -0.23347941040992737 0.47915831208229065
v -0.03242421895265579 -0.2098730504512787 0.48957109451293945
v -0.0068360501900315285 -0.2009618878364563 0.45206907391548157
v -0.007297819945961237 -0.20668713748455048 0.45206907391548157
v -0.006406140048056841 -0.2009618878364563 0.44635209441185
v -0.006406140048056841 -0.2009618878364563 0.44635209441185
v -0.006597219966351986 -0.2009618878364563 0.4406351149082184
v -0.006549439858645201 -0.14950521290302277 0.41584551334381104
v -0.031309619545936584 -0.23347941040992737 0.47915831208229065
v -0.025832129642367363 -0.23347941040992737 0.4737468957901001
v -0.0275836493819952 -0.2295646071434021 0.4774697721004486
v -0.025832129642367363 -0.23347941040992737 0.4737468957901001
v -0.033459220081567764 -0.24893873929977417 0.47158393263816833
v -0.020784560590982437 -0.23318549990653992 0.46760377287864685
v -0.15659132599830627 -0.1666574329137802 0.4868452847003937
v -0.1591390073299408 -0.19524839520454407 0.4839988648891449
v -0.15646395087242126 -0.19524839520454407 0.48686134815216064
v -0.1591390073299408 -0.19524839520454407 0.4839988648891449
v -0.16092237830162048 -0.19524839520454407 0.48066192865371704
v -0.15904346108436584 -0.1985401213169098 0.4838782548904419
v -0.1591390073299408 -0.19524839520454407 0.4839988648891449
v -0.15904346108436584 -0.1985401213169098 0.4838782548904419
v -0.15646395087242126 -0.19524839520454407 0.48686134815216064
v -0.014940829947590828 -0.20668713748455048 0.4734172224998474
v -0.015386680141091347 -0.20994359254837036 0.4727418124675751
v -0.012759390287101269 -0.20668713748455048 0.46921995282173157
v -0.15646395087242126 -0.19524839520454407 0.48686134815216064
v -0.1535182148218155 -0.19868120551109314 0.48961129784584045
v -0.15361374616622925 -0.19524839520454407 0.4896836578845978
v -0.15646395087242126 -0.19524839520454407 0.48686134815216064
v -0.15361374616622925 -0.19524839520454407 0.4896836578845978
v -0.15372520685195923 -0.1666574329137802 0.4897640645503998
v -0.010769019834697247 -0.20668713748455048 0.46489402651786804
v -0.009861419908702374 -0.209802508354187 0.46131590008735657
v -0.009527039714157581 -0.20668713748455048 0.4620395600795746
v -0.009527039714157581 -0.20668713748455048 0.4620395600795746
v -0.009861419908702374 -0.209802508354187 0.46131590008735657
v -0.008316890336573124 -0.20668713748455048 0.45778602361679077
v -0.15020622313022614 -0.19524839520454407 0.4917822778224945
v -0.14520643651485443 -0.17809617519378662 0.4942266643047333
v -0.1452541947364807 -0.1723826825618744 0.49423471093177795
v -0.15020622313022614 -0.19524839520454407 0.4917822778224945
v -0.15361374616622925 -0.19524839520454407 0.4896836578845978
v -0.1535182148218155 -0.19868120551109314 0.48961129784584045
v -0.15020622313022614 -0.19524839520454407 0.4917822778224945
v -0.1535182148218155 -0.19868120551109314 0.48961129784584045
v -0.14214922487735748 -0.19843430817127228 0.49512723088264465
v -0.16095422208309174 -0.16094395518302917 0.48066192865371704
v -0.15910716354846954 -0.1666574329137802 0.48398277163505554
v -0.15910716354846954 -0.16094395518302917 0.4839586317539215
v -0.1452541947364807 -0.1723826825618744 0.49423471093177795
v -0.14520643651485443 -0.17809617519378662 0.4942266643047333
v -0.1423403024673462 -0.17809617519378662 0.495199590921402
v -0.1452541947364807 -0.1723826825618744 0.49423471093177795
v -0.1423403024673462 -0.17809617519378662 0.495199590921402
v -0.14238807559013367 -0.1723826825618744 0.49520763754844666
v -0.16339042782783508 -0.16094395518302917 0.47494497895240784
v -0.16437764465808868 -0.19524839520454407 0.47154372930526733
v -0.16331081092357635 -0.19524839520454407 0.47494497895240784
v -0.16339042782783508 -0.16094395518302917 0.47494497895240784
v -0.16331081092357635 -0.19524839520454407 0.47494497895240784
v -0.16092237830162048 -0.19524839520454407 0.48066192865371704
v -0.1423403024673462 -0.16094395518302917 0.49520763754844666
v -0.14237214624881744 -0.1666574329137802 0.49520763754844666
v -0.1387576460838318 -0.1723826825618744 0.4959956407546997
v -0.1387576460838318 -0.1723826825618744 0.4959956407546997
v -0.1387576460838318 -0.17809617519378662 0.4959956407546997
v -0.13304130733013153 -0.17809617519378662 0.49687206745147705
v -0.1387576460838318 -0.1723826825618744 0.4959956407546997
v -0.14237214624881744 -0.1666574329137802 0.49520763754844666
v -0.14238807559013367 -0.1723826825618744 0.49520763754844666
v -0.15646395087242126 -0.19524839520454407 0.48686134815216064
v -0.15904346108436584 -0.1985401213169098 0.4838782548904419
v -0.1535182148218155 -0.19868120551109314 0.48961129784584045
v -0.13304130733013153 -0.17809617519378662 0.49687206745147705
v -0.1387576460838318 -0.17809617519378662 0.4959956407546997
v -0.1387576460838318 -0.19524839520454407 0.49594739079475403
v -0.13304130733013153 -0.17809617519378662 0.49687206745147705
v -0.1387576460838318 -0.19524839520454407 0.49594739079475403
v -0.13304130733013153 -0.19524839520454407 0.49682381749153137
v -0.15372520685195923 -0.1666574329137802 0.4897640645503998
v -0.15361374616622925 -0.19524839520454407 0.4896836578845978
v -0.15020622313022614 -0.19524839520454407 0.4917822778224945
v -0.15020622313022614 -0.19524839520454407 0.4917822778224945
v -0.14507904648780823 -0.19524839520454407 0.49419450759887695
v -0.14520643651485443 -0.17809617519378662 0.4942266643047333
v -0.16498272120952606 -0.16094395518302917 0.4687134027481079
v -0.1649508774280548 -0.19524839520454407 0.4686812162399292
v -0.16437764465808868 -0.19524839520454407 0.47154372930526733
v -0.16498272120952606 -0.16094395518302917 0.4687134027481079
v -0.16437764465808868 -0.19524839520454407 0.47154372930526733
v -0.1643935739994049 -0.16094395518302917 0.47157588601112366
v -0.16092237830162048 -0.19524839520454407 0.48066192865371704
v -0.16331081092357635 -0.19524839520454407 0.47494497895240784
v -0.15904346108436584 -0.1985401213169098 0.4838782548904419
v -0.16485534608364105 -0.19872821867465973 0.448121041059494
v -0.16523748636245728 -0.19929251074790955 0.45206907391548157
v -0.1659380942583084 -0.19524839520454407 0.45206907391548157
v -0.16437764465808868 -0.19524839520454407 0.47154372930526733
v -0.16483941674232483 -0.19872821867465973 0.46804600954055786
v -0.16331081092357635 -0.19524839520454407 0.47494497895240784
v -0.16331081092357635 -0.19524839520454407 0.47494497895240784
v -0.16483941674232483 -0.19872821867465973 0.46804600954055786
v -0.15904346108436584 -0.1985401213169098 0.4838782548904419
v -0.16485534608364105 -0.19872821867465973 0.448121041059494
v -0.09592492133378983 -0.24964411556720734 0.44295889139175415
v -0.16523748636245728 -0.19929251074790955 0.45206907391548157
v -0.16585849225521088 -0.19524839520454407 0.46350300312042236
v -0.16520564258098602 -0.19926899671554565 0.46350300312042236
v -0.16483941674232483 -0.19872821867465973 0.46804600954055786
v -0.05869707837700844 -0.2467285841703415 0.4819404184818268
v -0.06442934274673462 -0.2500908374786377 0.4790457487106323
v -0.05869707837700844 -0.2500908374786377 0.47920656204223633
v -0.05869707837700844 -0.2467285841703415 0.4819404184818268
v -0.05869707837700844 -0.2500908374786377 0.47920656204223633
v -0.05298075079917908 -0.2500908374786377 0.4790055453777313
v -0.05869707837700844 -0.2467285841703415 0.4819404184818268
v -0.05298075079917908 -0.2500908374786377 0.4790055453777313
v -0.04726440832018852 -0.2500438392162323 0.47857940196990967
v -0.16523748636245728 -0.19929251074790955 0.45206907391548157
v -0.09592492133378983 -0.24964411556720734 0.44295889139175415
v -0.16542856395244598 -0.19952763617038727 0.45778602361679077
v -0.05298075079917908 -0.2467285841703415 0.48145797848701477
v -0.04726440832018852 -0.2500438392162323 0.47857940196990967
v -0.043586209416389465 -0.2498674839735031 0.4781612753868103
v -0.043586209416389465 -0.2498674839735031 0.4781612753868103
v -0.04162769019603729 -0.2501966655254364 0.4749208390712738
v -0.037280719727277756 -0.24992625415325165 0.47299909591674805
v -0.16542856395244598 -0.19952763617038727 0.45778602361679077
v -0.09586122632026672 -0.2495853304862976 0.4492226243019104
v -0.16520564258098602 -0.19926899671554565 0.46350300312042236
v -0.16520564258098602 -0.19926899671554565 0.46350300312042236
v -0.09586122632026672 -0.2495853304862976 0.4492226243019104
v -0.16483941674232483 -0.19872821867465973 0.46804600954055786
v -0.043586209416389465 -0.2498674839735031 0.4781612753868103
v -0.04726440832018852 -0.2500438392162323 0.47857940196990967
v -0.04726440832018852 -0.25084322690963745 0.47494497895240784
v -0.043586209416389465 -0.2498674839735031 0.4781612753868103
v -0.04726440832018852 -0.25084322690963745 0.47494497895240784
v -0.04162769019603729 -0.2501966655254364 0.4749208390712738
v -0.03756733983755112 -0.2331267148256302 0.4841596484184265
v -0.033459220081567764 -0.24893873929977417 0.47158393263816833
v -0.031309619545936584 -0.23347941040992737 0.47915831208229065
v -0.06775722652673721 -0.2325976938009262 0.4893539845943451
v -0.07406271994113922 -0.2498909831047058 0.4782336354255676
v -0.06442934274673462 -0.2467285841703415 0.4815383851528168
v -0.03242421895265579 -0.2098730504512787 0.48957109451293945
v -0.031309619545936584 -0.23347941040992737 0.47915831208229065
v -0.026166509836912155 -0.2102610170841217 0.48442500829696655
v -0.031309619545936584 -0.23347941040992737 0.47915831208229065
v -0.033459220081567764 -0.24893873929977417 0.47158393263816833
v -0.025832129642367363 -0.23347941040992737 0.4737468957901001
v -0.06442934274673462 -0.2467285841703415 0.4815383851528168
v -0.07014568150043488 -0.2500673234462738 0.4786597788333893
v -0.06442934274673462 -0.2500908374786377 0.4790457487106323
v -0.06442934274673462 -0.2467285841703415 0.4815383851528168
v -0.06442934274673462 -0.2500908374786377 0.4790457487106323
v -0.05869707837700844 -0.2467285841703415 0.4819404184818268
v -0.025832129642367363 -0.23347941040992737 0.4737468957901001
v -0.020784560590982437 -0.23318549990653992 0.46760377287864685
v -0.015386680141091347 -0.20994359254837036 0.4727418124675751
v -0.025832129642367363 -0.23347941040992737 0.4737468957901001
v -0.015386680141091347 -0.20994359254837036 0.4727418124675751
v -0.016947120428085327 -0.20668713748455048 0.47627973556518555
v -0.016947120428085327 -0.20668713748455048 0.47627973556518555
v -0.015386680141091347 -0.20994359254837036 0.4727418124675751
v -0.014940829947590828 -0.20668713748455048 0.4734172224998474
v -0.05869707837700844 -0.2467285841703415 0.4819404184818268
v -0.04726440832018852 -0.2500438392162323 0.47857940196990967
v -0.05298075079917908 -0.2467285841703415 0.48145797848701477
v -0.012759390287101269 -0.20668713748455048 0.46921995282173157
v -0.009861419908702374 -0.209802508354187 0.46131590008735657
v -0.010769019834697247 -0.20668713748455048 0.46489402651786804
v -0.012759390287101269 -0.20668713748455048 0.46921995282173157
v -0.015386680141091347 -0.20994359254837036 0.4727418124675751
v -0.009861419908702374 -0.209802508354187 0.46131590008735657
v -0.043586209416389465 -0.2498674839735031 0.4781612753868103
v -0.037280719727277756 -0.24992625415325165 0.47299909591674805
v -0.033459220081567764 -0.24893873929977417 0.47158393263816833
v -0.043586209416389465 -0.2498674839735031 0.4781612753868103
v -0.033459220081567764 -0.24893873929977417 0.47158393263816833
v -0.03756733983755112 -0.2331267148256302 0.4841596484184265
v -0.05298075079917908 -0.2500908374786377 0.4790055453777313
v -0.05298075079917908 -0.2510901093482971 0.47494497895240784
v -0.04726440832018852 -0.2500438392162323 0.47857940196990967
v -0.04726440832018852 -0.2500438392162323 0.47857940196990967
v -0.05298075079917908 -0.2510901093482971 0.47494497895240784
v -0.04726440832018852 -0.25084322690963745 0.47494497895240784
v -0.04162769019603729 -0.2501966655254364 0.4749208390712738
v -0.04726440832018852 -0.25084322690963745 0.47494497895240784
v -0.041548069566488266 -0.2510665953159332 0.46921995282173157
v -0.14214922487735748 -0.19843430817127228 0.49512723088264465
v -0.07406271994113922 -0.2498909831047058 0.4782336354255676
v -0.1387576460838318 -0.1989986151456833 0.49549710750579834
v -0.04162769019603729 -0.2501966655254364 0.4749208390712738
v -0.035545118153095245 -0.2503259778022766 0.4694933295249939
v -0.037280719727277756 -0.24992625415325165 0.47299909591674805
v -0.037280719727277756 -0.24992625415325165 0.47299909591674805
v -0.035545118153095245 -0.2503259778022766 0.4694933295249939
v -0.03196246176958084 -0.24992625415325165 0.46777263283729553
v -0.1387576460838318 -0.19524839520454407 0.49594739079475403
v -0.1423403024673462 -0.17809617519378662 0.495199590921402
v -0.1422288417816162 -0.19524839520454407 0.495159387588501
v -0.07406271994113922 -0.2498909831047058 0.4782336354255676
v -0.07014568150043488 -0.25092554092407227 0.47494497895240784
v -0.07014568150043488 -0.2500673234462738 0.4786597788333893
v -0.006406140048056841 -0.2009618878364563 0.44635209441185
v -0.007297819945961237 -0.20668713748455048 0.45206907391548157
v -0.006899749860167503 -0.20668713748455048 0.44635209441185
v -0.006406140048056841 -0.2009618878364563 0.44635209441185
v -0.006899749860167503 -0.20668713748455048 0.44635209441185
v -0.007074899971485138 -0.20668713748455048 0.4406351149082184
v -0.006406140048056841 -0.2009618878364563 0.44635209441185
v -0.007074899971485138 -0.20668713748455048 0.4406351149082184
v -0.006597219966351986 -0.2009618878364563 0.4406351149082184
v -0.07014568150043488 -0.2500673234462738 0.4786597788333893
v -0.06442934274673462 -0.25110188126564026 0.47494497895240784
v -0.06442934274673462 -0.2500908374786377 0.4790457487106323
v -0.16663871705532074 -0.15471318364143372 0.41584551334381104
v -0.16491903364658356 -0.1566176861524582 0.41584551334381104
v -0.14757895469665527 -0.1983637809753418 0.42618587613105774
v -0.16663871705532074 -0.15471318364143372 0.41584551334381104
v -0.14757895469665527 -0.1983637809753418 0.42618587613105774
v -0.15391628444194794 -0.19904564321041107 0.43128371238708496
v -0.05869707837700844 -0.2500908374786377 0.47920656204223633
v -0.05869707837700844 -0.25110188126564026 0.47494497895240784
v -0.05298075079917908 -0.2510901093482971 0.47494497895240784
v -0.05869707837700844 -0.2500908374786377 0.47920656204223633
v -0.05298075079917908 -0.2510901093482971 0.47494497895240784
v -0.05298075079917908 -0.2500908374786377 0.4790055453777313
v -0.15934599936008453 -0.19888104498386383 0.43704894185066223
v -0.15391628444194794 -0.19904564321041107 0.43128371238708496
v -0.08498585969209671 -0.2498909831047058 0.4200427532196045
v -0.15934599936008453 -0.19888104498386383 0.43704894185066223
v -0.08498585969209671 -0.2498909831047058 0.4200427532196045
v -0.0903518870472908 -0.24974991381168365 0.42601704597473145
v -0.15934599936008453 -0.19888104498386383 0.43704894185066223
v -0.0903518870472908 -0.24974991381168365 0.42601704597473145
v -0.16039691865444183 -0.19970397651195526 0.4406351149082184
v -0.0068360501900315285 -0.2009618878364563 0.45206907391548157
v -0.008316890336573124 -0.20668713748455048 0.45778602361679077
v -0.007297819945961237 -0.20668713748455048 0.45206907391548157
v -0.16485534608364105 -0.19872821867465973 0.448121041059494
v -0.16039691865444183 -0.19970397651195526 0.4406351149082184
v -0.0903518870472908 -0.24974991381168365 0.42601704597473145
v -0.16485534608364105 -0.19872821867465973 0.448121041059494
v -0.0903518870472908 -0.24974991381168365 0.42601704597473145
v -0.09592492133378983 -0.24964411556720734 0.44295889139175415
v -0.006406140048056841 -0.2009618878364563 0.44635209441185
v -0.006549439858645201 -0.14950521290302277 0.41584551334381104
v -0.006517590023577213 -0.14950521290302277 0.41775116324424744
v -0.006406140048056841 -0.2009618878364563 0.44635209441185
v -0.006517590023577213 -0.14950521290302277 0.41775116324424744
v -0.006501669995486736 -0.155218705534935 0.4291931390762329
v -0.16585849225521088 -0.19524839520454407 0.46350300312042236
v -0.16483941674232483 -0.19872821867465973 0.46804600954055786
v -0.1649508774280548 -0.19524839520454407 0.4686812162399292
v -0.16585849225521088 -0.19524839520454407 0.46350300312042236
v -0.1649508774280548 -0.19524839520454407 0.4686812162399292
v -0.16589033603668213 -0.1666574329137802 0.46350300312042236
v -0.16589033603668213 -0.1666574329137802 0.46350300312042236
v -0.1649508774280548 -0.19524839520454407 0.4686812162399292
v -0.16498272120952606 -0.16094395518302917 0.4687134027481079
v -0.006565359886735678 -0.1476007103919983 0.41584551334381104
v -0.006517590023577213 -0.14950521290302277 0.41775116324424744
v -0.006549439858645201 -0.14950521290302277 0.41584551334381104
v -0.16542856395244598 -0.19952763617038727 0.45778602361679077
v -0.09592492133378983 -0.24964411556720734 0.44295889139175415
v -0.0959089994430542 -0.2496323585510254 0.44635209441185
v -0.16542856395244598 -0.19952763617038727 0.45778602361679077
v -0.0959089994430542 -0.2496323585510254 0.44635209441185
v -0.09586122632026672 -0.2495853304862976 0.4492226243019104
v -0.16663871705532074 -0.15471318364143372 0.41584551334381104
v -0.15391628444194794 -0.19904564321041107 0.43128371238708496
v -0.15934599936008453 -0.19888104498386383 0.43704894185066223
v -0.15934599936008453 -0.19888104498386383 0.43704894185066223
v -0.16039691865444183 -0.19970397651195526 0.4406351149082184
v -0.16485534608364105 -0.19872821867465973 0.448121041059494
v -0.08498585969209671 -0.2498909831047058 0.4200427532196045
v -0.08157835155725479 -0.2508549988269806 0.4234761595726013
v -0.08705583959817886 -0.25007909536361694 0.4238540828227997
v -0.08498585969209671 -0.2498909831047058 0.4200427532196045
v -0.08705583959817886 -0.25007909536361694 0.4238540828227997
v -0.0903518870472908 -0.24974991381168365 0.42601704597473145
v -0.0903518870472908 -0.24974991381168365 0.42601704597473145
v -0.08705583959817886 -0.25007909536361694 0.4238540828227997
v -0.08731061220169067 -0.2507021725177765 0.4291931390762329
v -0.006597219966351986 -0.2009618878364563 0.4406351149082184
v -0.007074899971485138 -0.20668713748455048 0.4406351149082184
v -0.007855120114982128 -0.20668713748455048 0.4349100887775421
v -0.0903518870472908 -0.24974991381168365 0.42601704597473145
v -0.09081365913152695 -0.24996152520179749 0.4291931390762329
v -0.09592492133378983 -0.24964411556720734 0.44295889139175415
v -0.09592492133378983 -0.24964411556720734 0.44295889139175415
v -0.09081365913152695 -0.24996152520179749 0.4291931390762329
v -0.08731061220169067 -0.25107836723327637 0.4349100887775421
v -0.006899749860167503 -0.20668713748455048 0.44635209441185
v -0.01522745005786419 -0.23317374289035797 0.45206907391548157
v -0.014972680248320103 -0.23344413936138153 0.44635209441185
v -0.006899749860167503 -0.20668713748455048 0.44635209441185
v -0.014972680248320103 -0.23344413936138153 0.44635209441185
v -0.015084140002727509 -0.23332656919956207 0.4406351149082184
v -0.15904346108436584 -0.1985401213169098 0.4838782548904419
v -0.15991923213005066 -0.19939832389354706 0.48066192865371704
v -0.08447632938623428 -0.2496088445186615 0.4721146523952484
v -0.15904346108436584 -0.1985401213169098 0.4838782548904419
v -0.08447632938623428 -0.2496088445186615 0.4721146523952484
v -0.1556200236082077 -0.19951587915420532 0.4860251247882843
v -0.1535182148218155 -0.19868120551109314 0.48961129784584045
v -0.15020622313022614 -0.19952763617038727 0.49059227108955383
v -0.14214922487735748 -0.19843430817127228 0.49512723088264465
v -0.16491903364658356 -0.1566176861524582 0.41584551334381104
v -0.07989051938056946 -0.2498909831047058 0.41584551334381104
v -0.14757895469665527 -0.1983637809753418 0.42618587613105774
v -0.1535182148218155 -0.19868120551109314 0.48961129784584045
v -0.08447632938623428 -0.2496088445186615 0.4721146523952484
v -0.07406271994113922 -0.2498909831047058 0.4782336354255676
v -0.1535182148218155 -0.19868120551109314 0.48961129784584045
v -0.07406271994113922 -0.2498909831047058 0.4782336354255676
v -0.15020622313022614 -0.19952763617038727 0.49059227108955383
v -0.08498585969209671 -0.2498909831047058 0.4200427532196045
v -0.07989051938056946 -0.2498909831047058 0.41584551334381104
v -0.08124396950006485 -0.25010260939598083 0.41798433661460876
v -0.08498585969209671 -0.2498909831047058 0.4200427532196045
v -0.08124396950006485 -0.25010260939598083 0.41798433661460876
v -0.08157835155725479 -0.2508549988269806 0.4234761595726013
v -0.14507904648780823 -0.19524839520454407 0.49419450759887695
v -0.1423403024673462 -0.17809617519378662 0.495199590921402
v -0.14520643651485443 -0.17809617519378662 0.4942266643047333
v -0.14214922487735748 -0.19843430817127228 0.49512723088264465
v -0.1387576460838318 -0.19524839520454407 0.49594739079475403
v -0.1422288417816162 -0.19524839520454407 0.495159387588501
v -0.14214922487735748 -0.19843430817127228 0.49512723088264465
v -0.15020622313022614 -0.19952763617038727 0.49059227108955383
v -0.07406271994113922 -0.2498909831047058 0.4782336354255676
v -0.16437764465808868 -0.19524839520454407 0.47154372930526733
v -0.1649508774280548 -0.19524839520454407 0.4686812162399292
v -0.16483941674232483 -0.19872821867465973 0.46804600954055786
v -0.14238807559013367 -0.1723826825618744 0.49520763754844666
v -0.1423403024673462 -0.17809617519378662 0.495199590921402
v -0.1387576460838318 -0.19524839520454407 0.49594739079475403
v -0.14238807559013367 -0.1723826825618744 0.49520763754844666
v -0.1387576460838318 -0.19524839520454407 0.49594739079475403
v -0.1387576460838318 -0.17809617519378662 0.4959956407546997
v -0.15904346108436584 -0.1985401213169098 0.4838782548904419
v -0.1556200236082077 -0.19951587915420532 0.4860251247882843
v -0.1535182148218155 -0.19868120551109314 0.48961129784584045
v -0.15904346108436584 -0.1985401213169098 0.4838782548904419
v -0.16483941674232483 -0.19872821867465973 0.46804600954055786
v -0.15991923213005066 -0.19939832389354706 0.48066192865371704
v -0.07406271994113922 -0.2498909831047058 0.4782336354255676
v -0.08447632938623428 -0.2496088445186615 0.4721146523952484
v -0.07592570781707764 -0.25025543570518494 0.4750334322452545
v -0.07406271994113922 -0.2498909831047058 0.4782336354255676
v -0.07592570781707764 -0.25025543570518494 0.4750334322452545
v -0.07014568150043488 -0.25092554092407227 0.47494497895240784
v -0.07014568150043488 -0.2500673234462738 0.4786597788333893
v -0.07014568150043488 -0.25092554092407227 0.47494497895240784
v -0.06442934274673462 -0.25110188126564026 0.47494497895240784
v -0.1535182148218155 -0.19868120551109314 0.48961129784584045
v -0.1556200236082077 -0.19951587915420532 0.4860251247882843
v -0.08447632938623428 -0.2496088445186615 0.4721146523952484
v -0.06442934274673462 -0.2500908374786377 0.4790457487106323
v -0.06442934274673462 -0.25110188126564026 0.47494497895240784
v -0.05869707837700844 -0.2500908374786377 0.47920656204223633
v -0.05869707837700844 -0.2500908374786377 0.47920656204223633
v -0.06442934274673462 -0.25110188126564026 0.47494497895240784
v -0.05869707837700844 -0.25110188126564026 0.47494497895240784
v -0.14507904648780823 -0.19524839520454407 0.49419450759887695
v -0.14214922487735748 -0.19843430817127228 0.49512723088264465
v -0.1422288417816162 -0.19524839520454407 0.495159387588501
v -0.14507904648780823 -0.19524839520454407 0.49419450759887695
v -0.1422288417816162 -0.19524839520454407 0.495159387588501
v -0.1423403024673462 -0.17809617519378662 0.495199590921402
v -0.041548069566488266 -0.2510665953159332 0.46921995282173157
v -0.04726440832018852 -0.2513957917690277 0.46921995282173157
v -0.041548069566488266 -0.25151336193084717 0.46350300312042236
v -0.041548069566488266 -0.2510665953159332 0.46921995282173157
v -0.041548069566488266 -0.25151336193084717 0.46350300312042236
v -0.03583173081278801 -0.25107836723327637 0.46350300312042236
v -0.041548069566488266 -0.2510665953159332 0.46921995282173157
v -0.03583173081278801 -0.25107836723327637 0.46350300312042236
v -0.035545118153095245 -0.2503259778022766 0.4694933295249939
v -0.08447632938623428 -0.2496088445186615 0.4721146523952484
v -0.09071812033653259 -0.24992625415325165 0.46197524666786194
v -0.08753353357315063 -0.2503024637699127 0.463728129863739
v -0.035545118153095245 -0.2503259778022766 0.4694933295249939
v -0.03583173081278801 -0.25107836723327637 0.46350300312042236
v -0.030067630112171173 -0.25023192167282104 0.46351104974746704
v -0.03196246176958084 -0.24992625415325165 0.46777263283729553
v -0.030067630112171173 -0.25023192167282104 0.46351104974746704
v -0.026803430169820786 -0.2498909831047058 0.46160537004470825
v -0.07014568150043488 -0.25092554092407227 0.47494497895240784
v -0.07592570781707764 -0.25025543570518494 0.4750334322452545
v -0.08157835155725479 -0.2505728304386139 0.46921995282173157
v -0.07014568150043488 -0.25092554092407227 0.47494497895240784
v -0.08157835155725479 -0.2505728304386139 0.46921995282173157
v -0.07586201280355453 -0.25114890933036804 0.46921995282173157
v -0.033459220081567764 -0.24893873929977417 0.47158393263816833
v -0.026803430169820786 -0.2498909831047058 0.46160537004470825
v -0.020784560590982437 -0.23318549990653992 0.46760377287864685
v -0.04726440832018852 -0.25084322690963745 0.47494497895240784
v -0.05298075079917908 -0.2510901093482971 0.47494497895240784
v -0.04726440832018852 -0.2513957917690277 0.46921995282173157
v -0.04726440832018852 -0.25084322690963745 0.47494497895240784
v -0.04726440832018852 -0.2513957917690277 0.46921995282173157
v -0.041548069566488266 -0.2510665953159332 0.46921995282173157
v -0.06442934274673462 -0.25110188126564026 0.47494497895240784
v -0.06442934274673462 -0.2515956163406372 0.46921995282173157
v -0.05869707837700844 -0.25160738825798035 0.46921995282173157
v -0.020784560590982437 -0.23318549990653992 0.46760377287864685
v -0.015561830252408981 -0.2327740341424942 0.45581603050231934
v -0.009861419908702374 -0.209802508354187 0.46131590008735657
v -0.020784560590982437 -0.23318549990653992 0.46760377287864685
v -0.009861419908702374 -0.209802508354187 0.46131590008735657
v -0.015386680141091347 -0.20994359254837036 0.4727418124675751
v -0.05869707837700844 -0.25110188126564026 0.47494497895240784
v -0.05298075079917908 -0.2515956163406372 0.46921995282173157
v -0.05298075079917908 -0.2510901093482971 0.47494497895240784
v -0.05298075079917908 -0.2510901093482971 0.47494497895240784
v -0.05298075079917908 -0.2515956163406372 0.46921995282173157
v -0.04726440832018852 -0.2513957917690277 0.46921995282173157
v -0.007297819945961237 -0.20668713748455048 0.45206907391548157
v -0.015561830252408981 -0.2327740341424942 0.45581603050231934
v -0.01522745005786419 -0.23317374289035797 0.45206907391548157
v -0.007297819945961237 -0.20668713748455048 0.45206907391548157
v -0.01522745005786419 -0.23317374289035797 0.45206907391548157
v -0.006899749860167503 -0.20668713748455048 0.44635209441185
v -0.006597219966351986 -0.2009618878364563 0.4406351149082184
v -0.006660909857600927 -0.15331420302391052 0.41584551334381104
v -0.006549439858645201 -0.14950521290302277 0.41584551334381104
v -0.04162769019603729 -0.2501966655254364 0.4749208390712738
v -0.041548069566488266 -0.2510665953159332 0.46921995282173157
v -0.035545118153095245 -0.2503259778022766 0.4694933295249939
v -0.006597219966351986 -0.2009618878364563 0.4406351149082184
v -0.007855120114982128 -0.20668713748455048 0.4349100887775421
v -0.007425200194120407 -0.2009618878364563 0.4349100887775421
v -0.006597219966351986 -0.2009618878364563 0.4406351149082184
v -0.007425200194120407 -0.2009618878364563 0.4349100887775421
v -0.006660909857600927 -0.15331420302391052 0.41584551334381104
v -0.037280719727277756 -0.24992625415325165 0.47299909591674805
v -0.03196246176958084 -0.24992625415325165 0.46777263283729553
v -0.033459220081567764 -0.24893873929977417 0.47158393263816833
v -0.033459220081567764 -0.24893873929977417 0.47158393263816833
v -0.03196246176958084 -0.24992625415325165 0.46777263283729553
v -0.026803430169820786 -0.2498909831047058 0.46160537004470825
v -0.006899749860167503 -0.20668713748455048 0.44635209441185
v -0.015084140002727509 -0.23332656919956207 0.4406351149082184
v -0.007074899971485138 -0.20668713748455048 0.4406351149082184
v -0.007074899971485138 -0.20668713748455048 0.4406351149082184
v -0.015084140002727509 -0.23332656919956207 0.4406351149082184
v -0.015418530441820621 -0.2329268604516983 0.43614837527275085
v -0.007074899971485138 -0.20668713748455048 0.4406351149082184
v -0.015418530441820621 -0.2329268604516983 0.43614837527275085
v -0.007855120114982128 -0.20668713748455048 0.4349100887775421
v -0.020784560590982437 -0.23318549990653992 0.46760377287864685
v -0.026803430169820786 -0.2498909831047058 0.46160537004470825
v -0.015561830252408981 -0.2327740341424942 0.45581603050231934
v -0.14757895469665527 -0.1983637809753418 0.42618587613105774
v -0.07989051938056946 -0.2498909831047058 0.41584551334381104
v -0.15391628444194794 -0.19904564321041107 0.43128371238708496
v -0.15391628444194794 -0.19904564321041107 0.43128371238708496
v -0.07989051938056946 -0.2498909831047058 0.41584551334381104
v -0.08498585969209671 -0.2498909831047058 0.4200427532196045
v -0.009861419908702374 -0.209802508354187 0.46131590008735657
v -0.015561830252408981 -0.2327740341424942 0.45581603050231934
v -0.008316890336573124 -0.20668713748455048 0.45778602361679077
v -0.008316890336573124 -0.20668713748455048 0.45778602361679077
v -0.015561830252408981 -0.2327740341424942 0.45581603050231934
v -0.007297819945961237 -0.20668713748455048 0.45206907391548157
v -0.08157835155725479 -0.2508549988269806 0.4234761595726013
v -0.07586201280355453 -0.2507491707801819 0.41775116324424744
v -0.07586201280355453 -0.2513487637042999 0.4234761595726013
v -0.08157835155725479 -0.2508549988269806 0.4234761595726013
v -0.07586201280355453 -0.2513487637042999 0.4234761595726013
v -0.08157835155725479 -0.2513369917869568 0.4291931390762329
v -0.08731061220169067 -0.2507021725177765 0.4291931390762329
v -0.08731061220169067 -0.25107836723327637 0.4349100887775421
v -0.09081365913152695 -0.24996152520179749 0.4291931390762329
v -0.007855120114982128 -0.20668713748455048 0.4349100887775421
v -0.007186360191553831 -0.1590394526720047 0.41584551334381104
v -0.0068201301619410515 -0.155218705534935 0.41584551334381104
v -0.08731061220169067 -0.25107836723327637 0.4349100887775421
v -0.08157835155725479 -0.2513369917869568 0.4291931390762329
v -0.08157835155725479 -0.2515721321105957 0.4349100887775421
v -0.08731061220169067 -0.25107836723327637 0.4349100887775421
v -0.08157835155725479 -0.2515721321105957 0.4349100887775421
v -0.08731061220169067 -0.2511371374130249 0.4406351149082184
v -0.015084140002727509 -0.23332656919956207 0.4406351149082184
v -0.02248830907046795 -0.24786894023418427 0.44635209441185
v -0.022520149126648903 -0.24671682715415955 0.4403858482837677
v -0.015084140002727509 -0.23332656919956207 0.4406351149082184
v -0.022520149126648903 -0.24671682715415955 0.4403858482837677
v -0.015418530441820621 -0.2329268604516983 0.43614837527275085
v -0.09592492133378983 -0.24964411556720734 0.44295889139175415
v -0.09301102161407471 -0.25018489360809326 0.44635209441185
v -0.0959089994430542 -0.2496323585510254 0.44635209441185
v -0.16483941674232483 -0.19872821867465973 0.46804600954055786
v -0.09586122632026672 -0.2495853304862976 0.4492226243019104
v -0.16109752655029297 -0.20008018612861633 0.47494497895240784
v -0.16483941674232483 -0.19872821867465973 0.46804600954055786
v -0.16109752655029297 -0.20008018612861633 0.47494497895240784
v -0.15991923213005066 -0.19939832389354706 0.48066192865371704
v -0.07989051938056946 -0.2498909831047058 0.41584551334381104
v -0.07785238325595856 -0.2501496374607086 0.41584551334381104
v -0.07586201280355453 -0.2507491707801819 0.41775116324424744
v -0.09586122632026672 -0.2495853304862976 0.4492226243019104
v -0.09301102161407471 -0.25018489360809326 0.44635209441185
v -0.08731061220169067 -0.25112539529800415 0.45206907391548157
v -0.09586122632026672 -0.2495853304862976 0.4492226243019104
v -0.08731061220169067 -0.25112539529800415 0.45206907391548157
v -0.08731061220169067 -0.2509843111038208 0.45778602361679077
v -0.08157835155725479 -0.2508549988269806 0.4234761595726013
v -0.08157835155725479 -0.2513369917869568 0.4291931390762329
v -0.08731061220169067 -0.2507021725177765 0.4291931390762329
v -0.08157835155725479 -0.2508549988269806 0.4234761595726013
v -0.08731061220169067 -0.2507021725177765 0.4291931390762329
v -0.08705583959817886 -0.25007909536361694 0.4238540828227997
v -0.09586122632026672 -0.2495853304862976 0.4492226243019104
v -0.09071812033653259 -0.24992625415325165 0.46197524666786194
v -0.16109752655029297 -0.20008018612861633 0.47494497895240784
v -0.15991923213005066 -0.19939832389354706 0.48066192865371704
v -0.16109752655029297 -0.20008018612861633 0.47494497895240784
v -0.09071812033653259 -0.24992625415325165 0.46197524666786194
v -0.15991923213005066 -0.19939832389354706 0.48066192865371704
v -0.09071812033653259 -0.24992625415325165 0.46197524666786194
v -0.08447632938623428 -0.2496088445186615 0.4721146523952484
v -0.0903518870472908 -0.24974991381168365 0.42601704597473145
v -0.08731061220169067 -0.2507021725177765 0.4291931390762329
v -0.09081365913152695 -0.24996152520179749 0.4291931390762329
v -0.08447632938623428 -0.2496088445186615 0.4721146523952484
v -0.08753353357315063 -0.2503024637699127 0.463728129863739
v -0.08157835155725479 -0.2505728304386139 0.46921995282173157
v -0.08447632938623428 -0.2496088445186615 0.4721146523952484
v -0.08157835155725479 -0.2505728304386139 0.46921995282173157
v -0.07592570781707764 -0.25025543570518494 0.4750334322452545
v -0.09592492133378983 -0.24964411556720734 0.44295889139175415
v -0.08731061220169067 -0.25107836723327637 0.4349100887775421
v -0.08731061220169067 -0.2511371374130249 0.4406351149082184
v -0.09592492133378983 -0.24964411556720734 0.44295889139175415
v -0.08731061220169067 -0.2511371374130249 0.4406351149082184
v -0.09301102161407471 -0.25018489360809326 0.44635209441185
v -0.07014568150043488 -0.25092554092407227 0.47494497895240784
v -0.07586201280355453 -0.25114890933036804 0.46921995282173157
v -0.07014568150043488 -0.2514428198337555 0.46921995282173157
v -0.07014568150043488 -0.25092554092407227 0.47494497895240784
v -0.07014568150043488 -0.2514428198337555 0.46921995282173157
v -0.06442934274673462 -0.25110188126564026 0.47494497895240784
v -0.06442934274673462 -0.25110188126564026 0.47494497895240784
v -0.07014568150043488 -0.2514428198337555 0.46921995282173157
v -0.06442934274673462 -0.2515956163406372 0.46921995282173157
v -0.0959089994430542 -0.2496323585510254 0.44635209441185
v -0.09301102161407471 -0.25018489360809326 0.44635209441185
v -0.09586122632026672 -0.2495853304862976 0.4492226243019104
v -0.06442934274673462 -0.25110188126564026 0.47494497895240784
v -0.05869707837700844 -0.25160738825798035 0.46921995282173157
v -0.05869707837700844 -0.25110188126564026 0.47494497895240784
v -0.05869707837700844 -0.25110188126564026 0.47494497895240784
v -0.05869707837700844 -0.25160738825798035 0.46921995282173157
v -0.05298075079917908 -0.2515956163406372 0.46921995282173157
v -0.09586122632026672 -0.2495853304862976 0.4492226243019104
v -0.08731061220169067 -0.2509843111038208 0.45778602361679077
v -0.09137096256017685 -0.2500908374786377 0.45778602361679077
v -0.09586122632026672 -0.2495853304862976 0.4492226243019104
v -0.09137096256017685 -0.2500908374786377 0.45778602361679077
v -0.09071812033653259 -0.24992625415325165 0.46197524666786194
v -0.05869707837700844 -0.25160738825798035 0.46921995282173157
v -0.03583173081278801 -0.25160738825798035 0.4406351149082184
v -0.03583173081278801 -0.25160738825798035 0.45206907391548157
v -0.05869707837700844 -0.25160738825798035 0.46921995282173157
v -0.03583173081278801 -0.25160738825798035 0.45206907391548157
v -0.04726440832018852 -0.25160738825798035 0.46350300312042236
v -0.05298075079917908 -0.2515956163406372 0.46921995282173157
v -0.04726440832018852 -0.25160738825798035 0.46350300312042236
v -0.041548069566488266 -0.25151336193084717 0.46350300312042236
v -0.07586201280355453 -0.25114890933036804 0.46921995282173157
v -0.08157835155725479 -0.2511841654777527 0.46350300312042236
v -0.07586201280355453 -0.25156036019325256 0.46350300312042236
v -0.041548069566488266 -0.25151336193084717 0.46350300312042236
v -0.03583173081278801 -0.25140753388404846 0.45778602361679077
v -0.03583173081278801 -0.25107836723327637 0.46350300312042236
v -0.041548069566488266 -0.25151336193084717 0.46350300312042236
v -0.04726440832018852 -0.25160738825798035 0.46350300312042236
v -0.03583173081278801 -0.25160738825798035 0.45206907391548157
v -0.06442934274673462 -0.2515956163406372 0.46921995282173157
v -0.07586201280355453 -0.25156036019325256 0.46350300312042236
v -0.07014568150043488 -0.25160738825798035 0.46350300312042236
v -0.06442934274673462 -0.2515956163406372 0.46921995282173157
v -0.07014568150043488 -0.25160738825798035 0.46350300312042236
v -0.05869707837700844 -0.25160738825798035 0.46921995282173157
v -0.026803430169820786 -0.2498909831047058 0.46160537004470825
v -0.026325739920139313 -0.25007909536361694 0.45778602361679077
v -0.02248830907046795 -0.24786894023418427 0.44635209441185
v -0.026803430169820786 -0.2498909831047058 0.46160537004470825
v -0.02248830907046795 -0.24786894023418427 0.44635209441185
v -0.022774919867515564 -0.24650521576404572 0.4518197774887085
v -0.026803430169820786 -0.2498909831047058 0.46160537004470825
v -0.022774919867515564 -0.24650521576404572 0.4518197774887085
v -0.015561830252408981 -0.2327740341424942 0.45581603050231934
v -0.05869707837700844 -0.25160738825798035 0.46921995282173157
v -0.08157835155725479 -0.25160738825798035 0.4406351149082184
v -0.07586201280355453 -0.25160738825798035 0.4291931390762329
v -0.015561830252408981 -0.2327740341424942 0.45581603050231934
v -0.022774919867515564 -0.24650521576404572 0.4518197774887085
v -0.02248830907046795 -0.24786894023418427 0.44635209441185
v -0.015561830252408981 -0.2327740341424942 0.45581603050231934
v -0.02248830907046795 -0.24786894023418427 0.44635209441185
v -0.01522745005786419 -0.23317374289035797 0.45206907391548157
v -0.05869707837700844 -0.25160738825798035 0.46921995282173157
v -0.05298075079917908 -0.25160738825798035 0.4234761595726013
v -0.041548069566488266 -0.25160738825798035 0.4291931390762329
v -0.05869707837700844 -0.25160738825798035 0.46921995282173157
v -0.041548069566488266 -0.25160738825798035 0.4291931390762329
v -0.03583173081278801 -0.25160738825798035 0.4406351149082184
v -0.006660909857600927 -0.15331420302391052 0.41584551334381104
v -0.007855120114982128 -0.20668713748455048 0.4349100887775421
v -0.0068201301619410515 -0.155218705534935 0.41584551334381104
v -0.007855120114982128 -0.20668713748455048 0.4349100887775421
v -0.009670340456068516 -0.21001413464546204 0.4306485056877136
v -0.00924041960388422 -0.20668713748455048 0.4296916723251343
v -0.007855120114982128 -0.20668713748455048 0.4349100887775421
v -0.00924041960388422 -0.20668713748455048 0.4296916723251343
v -0.007186360191553831 -0.1590394526720047 0.41584551334381104
v -0.035545118153095245 -0.2503259778022766 0.4694933295249939
v -0.030067630112171173 -0.25023192167282104 0.46351104974746704
v -0.03196246176958084 -0.24992625415325165 0.46777263283729553
v -0.007855120114982128 -0.20668713748455048 0.4349100887775421
v -0.015418530441820621 -0.2329268604516983 0.43614837527275085
v -0.009670340456068516 -0.21001413464546204 0.4306485056877136
v -0.014972680248320103 -0.23344413936138153 0.44635209441185
v -0.02248830907046795 -0.24786894023418427 0.44635209441185
v -0.015084140002727509 -0.23332656919956207 0.4406351149082184
v -0.026803430169820786 -0.2498909831047058 0.46160537004470825
v -0.030067630112171173 -0.25023192167282104 0.46351104974746704
v -0.030099479481577873 -0.2508902847766876 0.45778602361679077
v -0.026803430169820786 -0.2498909831047058 0.46160537004470825
v -0.030099479481577873 -0.2508902847766876 0.45778602361679077
v -0.026325739920139313 -0.25007909536361694 0.45778602361679077
v -0.015418530441820621 -0.2329268604516983 0.43614837527275085
v -0.022520149126648903 -0.24671682715415955 0.4403858482837677
v -0.027265189215540886 -0.24957357347011566 0.42634671926498413
v -0.015418530441820621 -0.2329268604516983 0.43614837527275085
v -0.027265189215540886 -0.24957357347011566 0.42634671926498413
v -0.021485159173607826 -0.2324918955564499 0.42054128646850586
v -0.015418530441820621 -0.2329268604516983 0.43614837527275085
v -0.021485159173607826 -0.2324918955564499 0.42054128646850586
v -0.009670340456068516 -0.21001413464546204 0.4306485056877136
v -0.04726440832018852 -0.2513957917690277 0.46921995282173157
v -0.05298075079917908 -0.2515956163406372 0.46921995282173157
v -0.041548069566488266 -0.25151336193084717 0.46350300312042236
v -0.07989051938056946 -0.2498909831047058 0.41584551334381104
v -0.07586201280355453 -0.2507491707801819 0.41775116324424744
v -0.08124396950006485 -0.25010260939598083 0.41798433661460876
v -0.08124396950006485 -0.25010260939598083 0.41798433661460876
v -0.07586201280355453 -0.2507491707801819 0.41775116324424744
v -0.08157835155725479 -0.2508549988269806 0.4234761595726013
v -0.01522745005786419 -0.23317374289035797 0.45206907391548157
v -0.02248830907046795 -0.24786894023418427 0.44635209441185
v -0.014972680248320103 -0.23344413936138153 0.44635209441185
v -0.006660909857600927 -0.15331420302391052 0.41584551334381104
v -0.007425200194120407 -0.2009618878364563 0.4349100887775421
v -0.007855120114982128 -0.20668713748455048 0.4349100887775421
v -0.07586201280355453 -0.2507491707801819 0.41775116324424744
v -0.07014568150043488 -0.25110188126564026 0.41775116324424744
v -0.07586201280355453 -0.2513487637042999 0.4234761595726013
v -0.08157835155725479 -0.2513369917869568 0.4291931390762329
v -0.07586201280355453 -0.2513487637042999 0.4234761595726013
v -0.07586201280355453 -0.25160738825798035 0.4291931390762329
v -0.08157835155725479 -0.2513369917869568 0.4291931390762329
v -0.07586201280355453 -0.25160738825798035 0.4291931390762329
v -0.08157835155725479 -0.2515721321105957 0.4349100887775421
v -0.07586201280355453 -0.2513487637042999 0.4234761595726013
v -0.07014568150043488 -0.25110188126564026 0.41775116324424744
v -0.07014568150043488 -0.25158390402793884 0.4234761595726013
v -0.07586201280355453 -0.2513487637042999 0.4234761595726013
v -0.07014568150043488 -0.25158390402793884 0.4234761595726013
v -0.07586201280355453 -0.25160738825798035 0.4291931390762329
v -0.08157835155725479 -0.2515721321105957 0.4349100887775421
v -0.07586201280355453 -0.25160738825798035 0.4291931390762329
v -0.08157835155725479 -0.25160738825798035 0.4406351149082184
v -0.08157835155725479 -0.25160738825798035 0.45206907391548157
v -0.07014568150043488 -0.25160738825798035 0.46350300312042236
v -0.07586201280355453 -0.25156036019325256 0.46350300312042236
v -0.08157835155725479 -0.25147807598114014 0.45778602361679077
v -0.07586201280355453 -0.25156036019325256 0.46350300312042236
v -0.08157835155725479 -0.2511841654777527 0.46350300312042236
v -0.03583173081278801 -0.25160738825798035 0.45206907391548157
v -0.03583173081278801 -0.25160738825798035 0.4406351149082184
v -0.030099479481577873 -0.25110188126564026 0.4406351149082184
v -0.03583173081278801 -0.25160738825798035 0.45206907391548157
v -0.030099479481577873 -0.25110188126564026 0.4406351149082184
v -0.030099479481577873 -0.25110188126564026 0.45206907391548157
v -0.03583173081278801 -0.25160738825798035 0.45206907391548157
v -0.030099479481577873 -0.25110188126564026 0.45206907391548157
v -0.03583173081278801 -0.25140753388404846 0.45778602361679077
v -0.030099479481577873 -0.25110188126564026 0.45206907391548157
v -0.030099479481577873 -0.25110188126564026 0.4406351149082184
v -0.02535443939268589 -0.2500908374786377 0.44635209441185
v -0.07586201280355453 -0.2507491707801819 0.41775116324424744
v -0.07586201280355453 -0.2503494918346405 0.41584551334381104
v -0.06995459645986557 -0.2507256865501404 0.41584551334381104
v -0.02535443939268589 -0.2500908374786377 0.44635209441185
v -0.030099479481577873 -0.25110188126564026 0.4406351149082184
v -0.025561440736055374 -0.2500908374786377 0.4406351149082184
v -0.07586201280355453 -0.2507491707801819 0.41775116324424744
v -0.06995459645986557 -0.2507256865501404 0.41584551334381104
v -0.07014568150043488 -0.25110188126564026 0.41775116324424744
v -0.025561440736055374 -0.2500908374786377 0.4406351149082184
v -0.030099479481577873 -0.25101956725120544 0.4349100887775421
v -0.026134660467505455 -0.2500908374786377 0.4349100887775421
v -0.026134660467505455 -0.2500908374786377 0.4349100887775421
v -0.030099479481577873 -0.25101956725120544 0.4349100887775421
v -0.026691969484090805 -0.24992625415325165 0.43015801906585693
v -0.026691969484090805 -0.24992625415325165 0.43015801906585693
v -0.030099479481577873 -0.25101956725120544 0.4349100887775421
v -0.029542170464992523 -0.2503259778022766 0.4286302924156189
v -0.029542170464992523 -0.2503259778022766 0.4286302924156189
v -0.030099479481577873 -0.25101956725120544 0.4349100887775421
v -0.03583173081278801 -0.25077271461486816 0.4234761595726013
v -0.029542170464992523 -0.2503259778022766 0.4286302924156189
v -0.03583173081278801 -0.25077271461486816 0.4234761595726013
v -0.031277768313884735 -0.250020295381546 0.4234761595726013
v -0.08157835155725479 -0.25160738825798035 0.4406351149082184
v -0.08157835155725479 -0.25160738825798035 0.45206907391548157
v -0.08731061220169067 -0.25114890933036804 0.44635209441185
v -0.0326153002679348 -0.24982045590877533 0.42022767663002014
v -0.03583173081278801 -0.25077271461486816 0.4234761595726013
v -0.03627758100628853 -0.24999679625034332 0.4180888533592224
v -0.08157835155725479 -0.25160738825798035 0.45206907391548157
v -0.07586201280355453 -0.25156036019325256 0.46350300312042236
v -0.08157835155725479 -0.25147807598114014 0.45778602361679077
v -0.0326153002679348 -0.24982045590877533 0.42022767663002014
v -0.03775840997695923 -0.24979695677757263 0.41584551334381104
v -0.02599135972559452 -0.23309145867824554 0.41584551334381104
v -0.06995459645986557 -0.2507256865501404 0.41584551334381104
v -0.06442934274673462 -0.2509020268917084 0.41584551334381104
v -0.07014568150043488 -0.25110188126564026 0.41775116324424744
v -0.07014568150043488 -0.25110188126564026 0.41775116324424744
v -0.06442934274673462 -0.2509020268917084 0.41584551334381104
v -0.05869707837700844 -0.2510078251361847 0.41584551334381104
v -0.07014568150043488 -0.25110188126564026 0.41775116324424744
v -0.05869707837700844 -0.2510078251361847 0.41584551334381104
v -0.06442934274673462 -0.2511841654777527 0.41775116324424744
v -0.07014568150043488 -0.25110188126564026 0.41775116324424744
v -0.06442934274673462 -0.2511841654777527 0.41775116324424744
v -0.07014568150043488 -0.25158390402793884 0.4234761595726013
v -0.030099479481577873 -0.25110188126564026 0.45206907391548157
v -0.02535443939268589 -0.2500908374786377 0.44635209441185
v -0.02573659084737301 -0.2500908374786377 0.45206907391548157
v -0.07014568150043488 -0.25158390402793884 0.4234761595726013
v -0.06442934274673462 -0.2511841654777527 0.41775116324424744
v -0.05869707837700844 -0.2512429356575012 0.41775116324424744
v -0.025561440736055374 -0.2500908374786377 0.4406351149082184
v -0.030099479481577873 -0.25110188126564026 0.4406351149082184
v -0.030099479481577873 -0.25101956725120544 0.4349100887775421
v -0.03583173081278801 -0.25077271461486816 0.4234761595726013
v -0.03583173081278801 -0.2512664496898651 0.4291931390762329
v -0.041548069566488266 -0.2513134777545929 0.4234761595726013
v -0.041548069566488266 -0.2506551444530487 0.41775116324424744
v -0.04726440832018852 -0.2510665953159332 0.41775116324424744
v -0.04726440832018852 -0.2506786584854126 0.41584551334381104
v -0.041548069566488266 -0.2506551444530487 0.41775116324424744
v -0.04726440832018852 -0.2506786584854126 0.41584551334381104
v -0.0438569001853466 -0.25043177604675293 0.41584551334381104
v -0.03627758100628853 -0.24999679625034332 0.4180888533592224
v -0.041548069566488266 -0.2506551444530487 0.41775116324424744
v -0.03775840997695923 -0.24979695677757263 0.41584551334381104
v -0.03775840997695923 -0.24979695677757263 0.41584551334381104
v -0.041548069566488266 -0.2506551444530487 0.41775116324424744
v -0.041548069566488266 -0.25025543570518494 0.41584551334381104
v -0.05869707837700844 -0.2510078251361847 0.41584551334381104
v -0.05489150062203407 -0.2509607970714569 0.41584551334381104
v -0.05298075079917908 -0.25117242336273193 0.41775116324424744
v -0.05869707837700844 -0.2510078251361847 0.41584551334381104
v -0.05298075079917908 -0.25117242336273193 0.41775116324424744
v -0.05869707837700844 -0.2512429356575012 0.41775116324424744
v -0.05869707837700844 -0.2510078251361847 0.41584551334381104
v -0.05869707837700844 -0.2512429356575012 0.41775116324424744
v -0.06442934274673462 -0.2511841654777527 0.41775116324424744
v -0.07586201280355453 -0.25160738825798035 0.4291931390762329
v -0.07014568150043488 -0.25158390402793884 0.4234761595726013
v -0.06442934274673462 -0.25160738825798035 0.4234761595726013
v -0.05869707837700844 -0.2512429356575012 0.41775116324424744
v -0.05298075079917908 -0.25117242336273193 0.41775116324424744
v -0.04726440832018852 -0.25156036019325256 0.4234761595726013
v -0.05869707837700844 -0.2512429356575012 0.41775116324424744
v -0.04726440832018852 -0.25156036019325256 0.4234761595726013
v -0.05298075079917908 -0.25160738825798035 0.4234761595726013
v -0.07014568150043488 -0.25158390402793884 0.4234761595726013
v -0.05869707837700844 -0.2512429356575012 0.41775116324424744
v -0.06442934274673462 -0.25160738825798035 0.4234761595726013
v -0.03583173081278801 -0.25160738825798035 0.4406351149082184
v -0.03583173081278801 -0.25151336193084717 0.4349100887775421
v -0.030099479481577873 -0.25101956725120544 0.4349100887775421
v -0.03583173081278801 -0.25160738825798035 0.4406351149082184
v -0.030099479481577873 -0.25101956725120544 0.4349100887775421
v -0.030099479481577873 -0.25110188126564026 0.4406351149082184
v -0.03583173081278801 -0.25160738825798035 0.4406351149082184
v -0.041548069566488266 -0.25160738825798035 0.4291931390762329
v -0.03583173081278801 -0.25151336193084717 0.4349100887775421
v -0.030099479481577873 -0.25101956725120544 0.4349100887775421
v -0.03583173081278801 -0.25151336193084717 0.4349100887775421
v -0.03583173081278801 -0.2512664496898651 0.4291931390762329
v -0.030099479481577873 -0.25101956725120544 0.4349100887775421
v -0.03583173081278801 -0.2512664496898651 0.4291931390762329
v -0.03583173081278801 -0.25077271461486816 0.4234761595726013
v -0.03583173081278801 -0.25077271461486816 0.4234761595726013
v -0.041548069566488266 -0.2513134777545929 0.4234761595726013
v -0.041548069566488266 -0.2506551444530487 0.41775116324424744
v -0.03583173081278801 -0.25077271461486816 0.4234761595726013
v -0.041548069566488266 -0.2506551444530487 0.41775116324424744
v -0.03627758100628853 -0.24999679625034332 0.4180888533592224
v -0.021485159173607826 -0.2324918955564499 0.42054128646850586
v -0.02599135972559452 -0.23309145867824554 0.41584551334381104
v -0.01599173992872238 -0.20714563131332397 0.41584551334381104
usemtl DefaultMaterial
f 1 2 3
f 4 5 6
f 7 8 9
f 10 11 12
f 13 14 15
f 16 17 18
f 19 20 21
f 22 23 24
f 25 26 27
f 28 29 30
f 31 32 33
f 34 35 36
f 37 38 39
f 40 41 42
f 43 44 45
f 46 47 48
f 49 50 51
f 52 53 54
f 55 56 57
f 58 59 60
f 61 62 63
f 64 65 66
f 67 68 69
f 70 71 72
f 73 74 75
f 76 77 78
f 79 80 81
f 82 83 84
f 85 86 87
f 88 89 90
f 91 92 93
f 94 95 96
f 97 98 99
f 100 101 102
f 103 104 105
f 106 107 108
f 109 110 111
f 112 113 114
f 115 116 117
f 118 119 120
f 121 122 123
f 124 125 126
f 127 128 129
f 130 131 132
f 133 134 135
f 136 137 138
f 139 140 141
f 142 143 144
f 145 146 147
f 148 149 150
f 151 152 153
f 154 155 156
f 157 158 159
f 160 161 162
f 163 164 165
f 166 167 168
f 169 170 171
f 172 173 174
f 175 176 177
f 178 179 180
f 181 182 183
f 184 185 186
f 187 188 189
f 190 191 192
f 193 194 195
f 196 197 198
f 199 200 201
f 202 203 204
f 205 206 207
f 208 209 210
f 211 212 213
f 214 215 216
f 217 218 219
f 220 221 222
f 223 224 225
f 226 227 228
f 229 230 231
f 232 233 234
f 235 236 237
f 238 239 240
f 241 242 243
f 244 245 246
f 247 248 249
f 250 251 252
f 253 254 255
f 256 257 258
f 259 260 261
f 262 263 264
f 265 266 267
f 268 269 270
f 271 272 273
f 274 275 276
f 277 278 279
f 280 281 282
f 283 284 285
f 286 287 288
f 289 290 291
f 292 293 294
f 295 296 297
f 298 299 300
f 301 302 303
f 304 305 306
f 307 308 309
f 310 311 312
f 313 314 315
f 316 317 318
f 319 320 321
f 322 323 324
f 325 326 327
f 328 329 330
f 331 332 333
f 334 335 336
f 337 338 339
f 340 341 342
f 343 344 345
f 346 347 348
f 349 350 351
f 352 353 354
f 355 356 357
f 358 359 360
f 361 362 363
f 364 365 366
f 367 368 369
f 370 371 372
f 373 374 375
f 376 377 378
f 379 380 381
f 382 383 384
f 385 386 387
f 388 389 390
f 391 392 393
f 394 395 396
f 397 398 399
f 400 401 402
f 403 404 405
f 406 407 408
f 409 410 411
f 412 413 414
f 415 416 417
f 418 419 420
f 421 422 423
f 424 425 426
f 427 428 429
f 430 431 432
f 433 434 435
f 436 437 438
f 439 440 441
f 442 443 444
f 445 446 447
f 448 449 450
f 451 452 453
f 454 455 456
f 457 458 459
f 460 461 462
f 463 464 465
f 466 467 468
f 469 470 471
f 472 473 474
f 475 476 477
f 478 479 480
f 481 482 483
f 484 485 486
f 487 488 489
f 490 491 492
f 493 494 495
f 496 497 498
f 499 500 501
f 502 503 504
f 505 506 507
f 508 509 510
f 511 512 513
f 514 515 516
f 517 518 519
f 520 521 522
f 523 524 525
f 526 527 528
f 529 530 531
f 532 533 534
f 535 536 537
f 538 539 540
f 541 542 543
f 544 545 546
f 547 548 549
f 550 551 552
f 553 554 555
f 556 557 558
f 559 560 561
f 562 563 564
f 565 566 567
f 568 569 570
f 571 572 573
f 574 575 576
f 577 578 579
f 580 581 582
f 583 584 585
f 586 587 588
f 589 590 591
f 592 593 594
f 595 596 597
f 598 599 600
f 601 602 603
f 604 605 606
f 607 608 609
f 610 611 612
f 613 614 615
f 616 617 618
f 619 620 621
f 622 623 624
f 625 626 627
f 628 629 630
f 631 632 633
f 634 635 636
f 637 638 639
f 640 641 642
f 643 644 645
f 646 647 648
f 649 650 651
f 652 653 654
f 655 656 657
f 658 659 660
f 661 662 663
f 664 665 666
f 667 668 669
f 670 671 672
f 673 674 675
f 676 677 678
f 679 680 681
f 682 683 684
f 685 686 687
f 688 689 690
f 691 692 693
f 694 695 696
f 697 698 699
f 700 701 702
f 703 704 705
f 706 707 708
f 709 710 711
f 712 713 714
f 715 716 717
f 718 719 720
f 721 722 723
f 724 725 726
f 727 728 729
f 730 731 732
f 733 734 735
f 736 737 738
f 739 740 741
f 742 743 744
f 745 746 747
f 748 749 750
f 751 752 753
f 754 755 756
f 757 758 759
f 760 761 762
f 763 764 765
f 766 767 768
f 769 770 771
f 772 773 774
f 775 776 777
f 778 779 780
f 781 782 783
f 784 785 786
f 787 788 789
f 790 791 792
f 793 794 795
f 796 797 798
f 799 800 801
f 802 803 804
f 805 806 807
f 808 809 810
f 811 812 813
f 814 815 816
f 817 818 819
f 820 821 822
f 823 824 825
f 826 827 828
f 829 830 831
f 832 833 834
f 835 836 837
f 838 839 840
f 841 842 843
f 844 845 846
f 847 848 849
f 850 851 852
f 853 854 855
f 856 857 858
f 859 860 861
f 862 863 864
f 865 866 867
f 868 869 870
f 871 872 873
f 874 875 876
f 877 878 879
f 880 881 882
f 883 884 885
f 886 887 888
f 889 890 891
f 892 893 894
f 895 896 897
f 898 899 900
f 901 902 903
f 904 905 906
f 907 908 909
f 910 911 912
f 913 914 915
f 916 917 918
f 919 920 921
f 922 923 924
f 925 926 927
f 928 929 930
f 931 932 933
f 934 935 936
f 937 938 939
f 940 941 942
f 943 944 945
f 946 947 948
f 949 950 951
f 952 953 954
f 955 956 957
f 958 959 960
f 961 962 963
f 964 965 966
f 967 968 969
f 970 971 972
f 973 974 975
f 976 977 978
f 979 980 981
f 982 983 984
f 985 986 987
f 988 989 990
f 991 992 993
f 994 995 996
f 997 998 999
f 1000 1001 1002
f 1003 1004 1005
f 1006 1007 1008
f 1009 1010 1011
f 1012 1013 1014
f 1015 1016 1017
f 1018 1019 1020
f 1021 1022 1023
f 1024 1025 1026
f 1027 1028 1029
f 1030 1031 1032
f 1033 1034 1035
f 1036 1037 1038
f 1039 1040 1041
f 1042 1043 1044
f 1045 1046 1047
f 1048 1049 1050
f 1051 1052 1053
f 1054 1055 1056
f 1057 1058 1059
f 1060 1061 1062
f 1063 1064 1065
f 1066 1067 1068
f 1069 1070 1071
f 1072 1073 1074
f 1075 1076 1077
f 1078 1079 1080
f 1081 1082 1083
f 1084 1085 1086
f 1087 1088 1089
f 1090 1091 1092
f 1093 1094 1095
f 1096 1097 1098
f 1099 1100 1101
f 1102 1103 1104
f 1105 1106 1107
f 1108 1109 1110
f 1111 1112 1113
f 1114 1115 1116
f 1117 1118 1119
f 1120 1121 1122
f 1123 1124 1125
f 1126 1127 1128
f 1129 1130 1131
f 1132 1133 1134
f 1135 1136 1137
f 1138 1139 1140
f 1141 1142 1143
f 1144 1145 1146
f 1147 1148 1149
f 1150 1151 1152
f 1153 1154 1155
f 1156 1157 1158
f 1159 1160 1161
f 1162 1163 1164
f 1165 1166 1167
f 1168 1169 1170
f 1171 1172 1173
f 1174 1175 1176
f 1177 1178 1179
f 1180 1181 1182
f 1183 1184 1185
f 1186 1187 1188
f 1189 1190 1191
f 1192 1193 1194
f 1195 1196 1197
f 1198 1199 1200
f 1201 1202 1203
f 1204 1205 1206
f 1207 1208 1209
f 1210 1211 1212
f 1213 1214 1215
f 1216 1217 1218
f 1219 1220 1221
f 1222 1223 1224
f 1225 1226 1227
f 1228 1229 1230
f 1231 1232 1233
f 1234 1235 1236
f 1237 1238 1239
f 1240 1241 1242
f 1243 1244 1245
f 1246 1247 1248
f 1249 1250 1251
f 1252 1253 1254
f 1255 1256 1257
f 1258 1259 1260
f 1261 1262 1263
f 1264 1265 1266
f 1267 1268 1269
f 1270 1271 1272
f 1273 1274 1275
f 1276 1277 1278
f 1279 1280 1281
f 1282 1283 1284
f 1285 1286 1287
f 1288 1289 1290
f 1291 1292 1293
f 1294 1295 1296
f 1297 1298 1299
f 1300 1301 1302
f 1303 1304 1305
f 1306 1307 1308
f 1309 1310 1311
f 1312 1313 1314
f 1315 1316 1317
f 1318 1319 1320
f 1321 1322 1323
f 1324 1325 1326
f 1327 1328 1329
f 1330 1331 1332
f 1333 1334 1335
f 1336 1337 1338
f 1339 1340 1341
f 1342 1343 1344
f 1345 1346 1347
f 1348 1349 1350
f 1351 1352 1353
f 1354 1355 1356
f 1357 1358 1359
f 1360 1361 1362
f 1363 1364 1365
f 1366 1367 1368
f 1369 1370 1371
f 1372 1373 1374
f 1375 1376 1377
f 1378 1379 1380
f 1381 1382 1383
f 1384 1385 1386
f 1387 1388 1389
f 1390 1391 1392
f 1393 1394 1395
f 1396 1397 1398
f 1399 1400 1401
f 1402 1403 1404
f 1405 1406 1407
f 1408 1409 1410
f 1411 1412 1413
f 1414 1415 1416
f 1417 1418 1419
f 1420 1421 1422
f 1423 1424 1425
f 1426 1427 1428
f 1429 1430 1431
f 1432 1433 1434
f 1435 1436 1437
f 1438 1439 1440
f 1441 1442 1443
f 1444 1445 1446
f 1447 1448 1449
f 1450 1451 1452
f 1453 1454 1455
f 1456 1457 1458
f 1459 1460 1461
f 1462 1463 1464
f 1465 1466 1467
f 1468 1469 1470
f 1471 1472 1473
f 1474 1475 1476
f 1477 1478 1479
f 1480 1481 1482
f 1483 1484 1485
f 1486 1487 1488
f 1489 1490 1491
f 1492 1493 1494
f 1495 1496 1497
f 1498 1499 1500
f 1501 1502 1503
f 1504 1505 1506
f 1507 1508 1509
f 1510 1511 1512
f 1513 1514 1515
f 1516 1517 1518
f 1519 1520 1521
f 1522 1523 1524
f 1525 1526 1527
f 1528 1529 1530
f 1531 1532 1533
f 1534 1535 1536
f 1537 1538 1539
f 1540 1541 1542
f 1543 1544 1545
f 1546 1547 1548
f 1549 1550 1551
f 1552 1553 1554
f 1555 1556 1557
f 1558 1559 1560
f 1561 1562 1563
f 1564 1565 1566
f 1567 1568 1569
f 1570 1571 1572
f 1573 1574 1575
f 1576 1577 1578
f 1579 1580 1581
f 1582 1583 1584
f 1585 1586 1587
f 1588 1589 1590
f 1591 1592 1593
f 1594 1595 1596
f 1597 1598 1599
f 1600 1601 1602
f 1603 1604 1605
f 1606 1607 1608
f 1609 1610 1611
f 1612 1613 1614
f 1615 1616 1617
f 1618 1619 1620
f 1621 1622 1623
f 1624 1625 1626
f 1627 1628 1629
f 1630 1631 1632
f 1633 1634 1635
f 1636 1637 1638
f 1639 1640 1641
f 1642 1643 1644
f 1645 1646 1647
f 1648 1649 1650
f 1651 1652 1653
f 1654 1655 1656
f 1657 1658 1659
f 1660 1661 1662
f 1663 1664 1665
f 1666 1667 1668
f 1669 1670 1671
f 1672 1673 1674
f 1675 1676 1677
f 1678 1679 1680
f 1681 1682 1683
f 1684 1685 1686
f 1687 1688 1689
f 1690 1691 1692
f 1693 1694 1695
f 1696 1697 1698
f 1699 1700 1701
f 1702 1703 1704
f 1705 1706 1707
f 1708 1709 1710
f 1711 1712 1713
f 1714 1715 1716
f 1717 1718 1719
f 1720 1721 1722
f 1723 1724 1725
f 1726 1727 1728
f 1729 1730 1731
f 1732 1733 1734
f 1735 1736 1737
f 1738 1739 1740
f 1741 1742 1743
f 1744 1745 1746
f 1747 1748 1749
f 1750 1751 1752
f 1753 1754 1755
f 1756 1757 1758
f 1759 1760 1761
f 1762 1763 1764
f 1765 1766 1767
f 1768 1769 1770
f 1771 1772 1773
f 1774 1775 1776
f 1777 1778 1779
f 1780 1781 1782
f 1783 1784 1785
f 1786 1787 1788
f 1789 1790 1791
f 1792 1793 1794
f 1795 1796 1797
f 1798 1799 1800
f 1801 1802 1803
f 1804 1805 1806
f 1807 1808 1809
f 1810 1811 1812
f 1813 1814 1815
f 1816 1817 1818
f 1819 1820 1821
f 1822 1823 1824
f 1825 1826 1827
f 1828 1829 1830
f 1831 1832 1833
f 1834 1835 1836
f 1837 1838 1839
f 1840 1841 1842
f 1843 1844 1845
f 1846 1847 1848
f 1849 1850 1851
f 1852 1853 1854
f 1855 1856 1857
f 1858 1859 1860
f 1861 1862 1863
f 1864 1865 1866
f 1867 1868 1869
f 1870 1871 1872
f 1873 1874 1875
f 1876 1877 1878
f 1879 1880 1881
f 1882 1883 1884
f 1885 1886 1887
f 1888 1889 1890
f 1891 1892 1893
f 1894 1895 1896
f 1897 1898 1899
f 1900 1901 1902
f 1903 1904 1905
f 1906 1907 1908
f 1909 1910 1911
f 1912 1913 1914
f 1915 1916 1917
f 1918 1919 1920
f 1921 1922 1923
f 1924 1925 1926
f 1927 1928 1929
f 1930 1931 1932
f 1933 1934 1935
f 1936 1937 1938
f 1939 1940 1941
f 1942 1943 1944
f 1945 1946 1947
f 1948 1949 1950
f 1951 1952 1953
f 1954 1955 1956
f 1957 1958 1959
f 1960 1961 1962
f 1963 1964 1965
f 1966 1967 1968
f 1969 1970 1971
f 1972 1973 1974
f 1975 1976 1977
f 1978 1979 1980
f 1981 1982 1983
f 1984 1985 1986
f 1987 1988 1989
f 1990 1991 1992
f 1993 1994 1995
f 1996 1997 1998
f 1999 2000 2001
f 2002 2003 2004
f 2005 2006 2007
f 2008 2009 2010
f 2011 2012 2013
f 2014 2015 2016
f 2017 2018 2019
f 2020 2021 2022
f 2023 2024 2025
f 2026 2027 2028
f 2029 2030 2031
f 2032 2033 2034
f 2035 2036 2037
f 2038 2039 2040
f 2041 2042 2043
f 2044 2045 2046
f 2047 2048 2049
f 2050 2051 2052
f 2053 2054 2055
f 2056 2057 2058
f 2059 2060 2061
f 2062 2063 2064
f 2065 2066 2067
f 2068 2069 2070
f 2071 2072 2073
f 2074 2075 2076
f 2077 2078 2079
f 2080 2081 2082
f 2083 2084 2085
f 2086 2087 2088
f 2089 2090 2091
f 2092 2093 2094
f 2095 2096 2097
f 2098 2099 2100
f 2101 2102 2103
f 2104 2105 2106
f 2107 2108 2109
f 2110 2111 2112
f 2113 2114 2115
f 2116 2117 2118
f 2119 2120 2121
f 2122 2123 2124
f 2125 2126 2127
f 2128 2129 2130
f 2131 2132 2133
f 2134 2135 2136
f 2137 2138 2139
f 2140 2141 2142
f 2143 2144 2145
f 2146 2147 2148
f 2149 2150 2151
f 2152 2153 2154
f 2155 2156 2157
f 2158 2159 2160
f 2161 2162 2163
f 2164 2165 2166
f 2167 2168 2169
f 2170 2171 2172
f 2173 2174 2175
f 2176 2177 2178
f 2179 2180 2181
f 2182 2183 2184
f 2185 2186 2187
f 2188 2189 2190
f 2191 2192 2193
f 2194 2195 2196
f 2197 2198 2199
f 2200 2201 2202
f 2203 2204 2205
f 2206 2207 2208
f 2209 2210 2211
f 2212 2213 2214
f 2215 2216 2217
f 2218 2219 2220
f 2221 2222 2223
f 2224 2225 2226
f 2227 2228 2229
f 2230 2231 2232
f 2233 2234 2235
f 2236 2237 2238
f 2239 2240 2241
f 2242 2243 2244
f 2245 2246 2247
f 2248 2249 2250
f 2251 2252 2253
f 2254 2255 2256
f 2257 2258 2259
f 2260 2261 2262
f 2263 2264 2265
f 2266 2267 2268
f 2269 2270 2271
f 2272 2273 2274
f 2275 2276 2277
f 2278 2279 2280
f 2281 2282 2283
f 2284 2285 2286
f 2287 2288 2289
f 2290 2291 2292
f 2293 2294 2295
f 2296 2297 2298
f 2299 2300 2301
f 2302 2303 2304
f 2305 2306 2307
f 2308 2309 2310
f 2311 2312 2313
f 2314 2315 2316
f 2317 2318 2319
f 2320 2321 2322
f 2323 2324 2325
f 2326 2327 2328
f 2329 2330 2331
f 2332 2333 2334
f 2335 2336 2337
f 2338 2339 2340
f 2341 2342 2343
f 2344 2345 2346
