mtllib torso_l3_1_mesh.mtl
v -0.17796257138252258 -0.052262190729379654 0.37198925018310547
v -0.17933416366577148 -0.0694262683391571 0.36627262830734253
v -0.17946961522102356 -0.07514762878417969 0.36627262830734253
v -0.17796257138252258 -0.052262190729379654 0.37198925018310547
v -0.17908015847206116 -0.06370490789413452 0.36627262830734253
v -0.17933416366577148 -0.0694262683391571 0.36627262830734253
v -0.1776069849729538 -0.09229294955730438 0.36107465624809265
v -0.1758289933204651 -0.08829736709594727 0.3578302264213562
v -0.17554113268852234 -0.09229294955730438 0.35821056365966797
v -0.1776069849729538 -0.09229294955730438 0.36107465624809265
v -0.17554113268852234 -0.09229294955730438 0.35821056365966797
v -0.17706510424613953 -0.09801430255174637 0.361892968416214
v -0.1776069849729538 -0.09229294955730438 0.36107465624809265
v -0.17706510424613953 -0.09801430255174637 0.361892968416214
v -0.17853829264640808 -0.09801430255174637 0.36627262830734253
v -0.1781827062368393 -0.07514762878417969 0.36055025458335876
v -0.17908015847206116 -0.06370490789413452 0.36627262830734253
v -0.1776069849729538 -0.06370490789413452 0.36107465624809265
v -0.1781827062368393 -0.07514762878417969 0.36055025458335876
v -0.1776069849729538 -0.06370490789413452 0.36107465624809265
v -0.17752231657505035 -0.06953881680965424 0.3600604236125946
v -0.1781827062368393 -0.07514762878417969 0.36055025458335876
v -0.17752231657505035 -0.06953881680965424 0.3600604236125946
v -0.17601525783538818 -0.07152722775936127 0.35759395360946655
v -0.17796257138252258 -0.052262190729379654 0.37198925018310547
v -0.17657406628131866 -0.11515962332487106 0.3770662248134613
v -0.17655712366104126 -0.04083823040127754 0.37707772850990295
v -0.17601525783538818 -0.07152722775936127 0.35759395360946655
v -0.1738816797733307 -0.07514762878417969 0.35462039709091187
v -0.17611685395240784 -0.07514762878417969 0.3574729561805725
v -0.1738816797733307 -0.08085022866725922 0.35462039709091187
v -0.1738816797733307 -0.07514762878417969 0.35462039709091187
v -0.17101998627185822 -0.07514762878417969 0.35097259283065796
v -0.1738816797733307 -0.08085022866725922 0.35462039709091187
v -0.17101998627185822 -0.07514762878417969 0.35097259283065796
v -0.17101998627185822 -0.08085022866725922 0.35097259283065796
v -0.17757311463356018 -0.046559590846300125 0.37198925018310547
v -0.17633698880672455 -0.036936450749635696 0.37404653429985046
v -0.17691271007061005 -0.046559590846300125 0.36745399236679077
v -0.17757311463356018 -0.046559590846300125 0.37198925018310547
v -0.17691271007061005 -0.046559590846300125 0.36745399236679077
v -0.17852136492729187 -0.05798355117440224 0.36627262830734253
v -0.17757311463356018 -0.046559590846300125 0.37198925018310547
v -0.17852136492729187 -0.05798355117440224 0.36627262830734253
v -0.17908015847206116 -0.06370490789413452 0.36627262830734253
v -0.17908015847206116 -0.06370490789413452 0.36627262830734253
v -0.17852136492729187 -0.05798355117440224 0.36627262830734253
v -0.1776069849729538 -0.06370490789413452 0.36107465624809265
v -0.010595260187983513 -0.022398579865694046 0.32522472739219666
v -0.01445601973682642 -0.001951750018633902 0.38409098982810974
v -0.011340320110321045 -0.006360009778290987 0.38409098982810974
v -0.010595260187983513 -0.022398579865694046 0.32522472739219666
v -0.011340320110321045 -0.006360009778290987 0.38409098982810974
v -0.009037409909069538 -0.024762149900197983 0.32522472739219666
v -0.006599039770662785 -0.12088097631931305 0.32522472739219666
v -0.006497439928352833 -0.11515962332487106 0.32522472739219666
v -0.00651436997577548 -0.12088097631931305 0.34339460730552673
v -0.006599039770662785 -0.12088097631931305 0.32522472739219666
v -0.00651436997577548 -0.12088097631931305 0.34339460730552673
v -0.006599039770662785 -0.13232369720935822 0.38409098982810974
v -0.006599039770662785 -0.12088097631931305 0.32522472739219666
v -0.006599039770662785 -0.13232369720935822 0.38409098982810974
v -0.0066328998655080795 -0.13298025727272034 0.38409098982810974
v -0.009037409909069538 -0.024762149900197983 0.32522472739219666
v -0.011340320110321045 -0.006360009778290987 0.38409098982810974
v -0.010544460266828537 -0.00776690011844039 0.38409098982810974
v -0.009037409909069538 -0.024762149900197983 0.32522472739219666
v -0.010544460266828537 -0.00776690011844039 0.38409098982810974
v -0.00937607977539301 -0.01013047993183136 0.38409098982810974
v -0.009037409909069538 -0.024762149900197983 0.32522472739219666
v -0.00937607977539301 -0.01013047993183136 0.38409098982810974
v -0.007631959859281778 -0.028588900342583656 0.32522472739219666
v -0.006497439928352833 -0.11515962332487106 0.32522472739219666
v -0.006497439928352833 -0.12660233676433563 0.3777116537094116
v -0.00651436997577548 -0.12088097631931305 0.34339460730552673
v -0.006497439928352833 -0.11515962332487106 0.32522472739219666
v -0.006497439928352833 -0.04083823040127754 0.32522472739219666
v -0.006497439928352833 -0.02939552068710327 0.3777116537094116
v -0.006497439928352833 -0.11515962332487106 0.32522472739219666
v -0.006497439928352833 -0.02939552068710327 0.3777116537094116
v -0.006497439928352833 -0.02939552068710327 0.38409098982810974
v -0.006497439928352833 -0.11515962332487106 0.32522472739219666
v -0.006497439928352833 -0.02939552068710327 0.38409098982810974
v -0.006497439928352833 -0.12660233676433563 0.38409098982810974
v -0.006497439928352833 -0.11515962332487106 0.32522472739219666
v -0.006497439928352833 -0.12660233676433563 0.38409098982810974
v -0.006497439928352833 -0.12660233676433563 0.3777116537094116
v -0.00651436997577548 -0.12088097631931305 0.34339460730552673
v -0.006497439928352833 -0.12660233676433563 0.3777116537094116
v -0.006599039770662785 -0.13232369720935822 0.38409098982810974
v -0.006599039770662785 -0.13232369720935822 0.38409098982810974
v -0.006497439928352833 -0.12660233676433563 0.3777116537094116
v -0.006497439928352833 -0.12660233676433563 0.38409098982810974
v -0.00937607977539301 -0.01013047993183136 0.38409098982810974
v -0.008749550208449364 -0.01189377997070551 0.38409098982810974
v -0.007344100158661604 -0.02939552068710327 0.32522472739219666
v -0.1781827062368393 -0.07514762878417969 0.36055025458335876
v -0.17933416366577148 -0.0694262683391571 0.36627262830734253
v -0.17908015847206116 -0.06370490789413452 0.36627262830734253
v -0.1776069849729538 -0.06370490789413452 0.36107465624809265
v -0.17852136492729187 -0.05798355117440224 0.36627262830734253
v -0.17706510424613953 -0.05798355117440224 0.3618987202644348
v -0.1776069849729538 -0.06370490789413452 0.36107465624809265
v -0.17706510424613953 -0.05798355117440224 0.3618987202644348
v -0.17554113268852234 -0.06370490789413452 0.3582163453102112
v -0.1776069849729538 -0.06370490789413452 0.36107465624809265
v -0.17554113268852234 -0.06370490789413452 0.3582163453102112
v -0.1758289933204651 -0.0677192434668541 0.3578302264213562
v -0.1776069849729538 -0.06370490789413452 0.36107465624809265
v -0.1758289933204651 -0.0677192434668541 0.3578302264213562
v -0.17752231657505035 -0.06953881680965424 0.3600604236125946
v -0.1745082139968872 -0.12660233676433563 0.38409098982810974
v -0.14419786632061005 -0.15644720196723938 0.38409098982810974
v -0.14172561466693878 -0.15757271647453308 0.38409098982810974
v -0.1745082139968872 -0.12660233676433563 0.38409098982810974
v -0.14172561466693878 -0.15757271647453308 0.38409098982810974
v -0.13876232504844666 -0.15888580679893494 0.38409098982810974
v -0.1745082139968872 -0.12660233676433563 0.38409098982810974
v -0.13876232504844666 -0.15888580679893494 0.38409098982810974
v -0.1329881250858307 -0.16121186316013336 0.38409098982810974
v -0.17086757719516754 -0.0865715891122818 0.3511800467967987
v -0.1684800088405609 -0.0865715891122818 0.3483159840106964
v -0.17054584622383118 -0.09126123040914536 0.35157766938209534
v -0.17086757719516754 -0.0865715891122818 0.3511800467967987
v -0.17054584622383118 -0.09126123040914536 0.35157766938209534
v -0.1758289933204651 -0.08829736709594727 0.3578302264213562
v -0.17086757719516754 -0.0865715891122818 0.3511800467967987
v -0.1758289933204651 -0.08829736709594727 0.3578302264213562
v -0.1741018146276474 -0.08645904064178467 0.3553465008735657
v -0.1758289933204651 -0.08829736709594727 0.3578302264213562
v -0.17054584622383118 -0.09126123040914536 0.35157766938209534
v -0.17554113268852234 -0.09229294955730438 0.35821056365966797
v -0.17752231657505035 -0.06953881680965424 0.3600604236125946
v -0.1758289933204651 -0.0677192434668541 0.3578302264213562
v -0.17601525783538818 -0.07152722775936127 0.35759395360946655
v -0.17601525783538818 -0.07152722775936127 0.35759395360946655
v -0.1758289933204651 -0.0677192434668541 0.3578302264213562
v -0.1741018146276474 -0.06953881680965424 0.3553465008735657
v -0.17601525783538818 -0.07152722775936127 0.35759395360946655
v -0.1741018146276474 -0.06953881680965424 0.3553465008735657
v -0.17086757719516754 -0.0694262683391571 0.3511800467967987
v -0.17601525783538818 -0.07152722775936127 0.35759395360946655
v -0.17086757719516754 -0.0694262683391571 0.3511800467967987
v -0.17101998627185822 -0.07514762878417969 0.35097259283065796
v -0.17706510424613953 -0.09801430255174637 0.361892968416214
v -0.1764385849237442 -0.10231000930070877 0.36274006962776184
v -0.17691271007061005 -0.10945702344179153 0.3674597442150116
v -0.17706510424613953 -0.09801430255174637 0.361892968416214
v -0.17691271007061005 -0.10945702344179153 0.3674597442150116
v -0.17738685011863708 -0.10401704162359238 0.36584043502807617
v -0.17706510424613953 -0.09801430255174637 0.361892968416214
v -0.17738685011863708 -0.10401704162359238 0.36584043502807617
v -0.17853829264640808 -0.09801430255174637 0.36627262830734253
v -0.17853829264640808 -0.09801430255174637 0.36627262830734253
v -0.17738685011863708 -0.10401704162359238 0.36584043502807617
v -0.17691271007061005 -0.10945702344179153 0.3674597442150116
v -0.17101998627185822 -0.08085022866725922 0.35097259283065796
v -0.16870014369487762 -0.08085022866725922 0.3481142818927765
v -0.17086757719516754 -0.0865715891122818 0.3511800467967987
v -0.17101998627185822 -0.08085022866725922 0.35097259283065796
v -0.17101998627185822 -0.07514762878417969 0.35097259283065796
v -0.16870014369487762 -0.07514762878417969 0.3481142818927765
v -0.17101998627185822 -0.08085022866725922 0.35097259283065796
v -0.16870014369487762 -0.07514762878417969 0.3481142818927765
v -0.16870014369487762 -0.08085022866725922 0.3481142818927765
v -0.17086757719516754 -0.0865715891122818 0.3511800467967987
v -0.16870014369487762 -0.08085022866725922 0.3481142818927765
v -0.1684800088405609 -0.0865715891122818 0.3483159840106964
v -0.1781827062368393 -0.07514762878417969 0.36055025458335876
v -0.17601525783538818 -0.07152722775936127 0.35759395360946655
v -0.17611685395240784 -0.07514762878417969 0.3574729561805725
v -0.17611685395240784 -0.08085022866725922 0.3574729561805725
v -0.17611685395240784 -0.07514762878417969 0.3574729561805725
v -0.1738816797733307 -0.07514762878417969 0.35462039709091187
v -0.17611685395240784 -0.08085022866725922 0.3574729561805725
v -0.1738816797733307 -0.07514762878417969 0.35462039709091187
v -0.1738816797733307 -0.08085022866725922 0.35462039709091187
v -0.17601525783538818 -0.08447062969207764 0.35759395360946655
v -0.1738816797733307 -0.08085022866725922 0.35462039709091187
v -0.17101998627185822 -0.08085022866725922 0.35097259283065796
v -0.17554113268852234 -0.09229294955730438 0.35821056365966797
v -0.1702071875333786 -0.09506920725107193 0.3519926071166992
v -0.1748976707458496 -0.09801430255174637 0.35903462767601013
v -0.17554113268852234 -0.09229294955730438 0.35821056365966797
v -0.1748976707458496 -0.09801430255174637 0.35903462767601013
v -0.17706510424613953 -0.09801430255174637 0.361892968416214
v -0.17554113268852234 -0.09229294955730438 0.35821056365966797
v -0.17054584622383118 -0.09126123040914536 0.35157766938209534
v -0.1702071875333786 -0.09506920725107193 0.3519926071166992
v -0.17706510424613953 -0.09801430255174637 0.361892968416214
v -0.1748976707458496 -0.09801430255174637 0.35903462767601013
v -0.1764385849237442 -0.10231000930070877 0.36274006962776184
v -0.1745082139968872 -0.12660233676433563 0.38409098982810974
v -0.017046790570020676 -0.1568973958492279 0.38409098982810974
v -0.01445601973682642 -0.15404610335826874 0.38409098982810974
v -0.1745082139968872 -0.12660233676433563 0.38409098982810974
v -0.01445601973682642 -0.15404610335826874 0.38409098982810974
v -0.011814449913799763 -0.15029439330101013 0.38409098982810974
v -0.1745082139968872 -0.12660233676433563 0.38409098982810974
v -0.04730634018778801 -0.17323611676692963 0.38409098982810974
v -0.04713701084256172 -0.17321735620498657 0.38409098982810974
v -0.1745082139968872 -0.12660233676433563 0.38409098982810974
v -0.04713701084256172 -0.17321735620498657 0.38409098982810974
v -0.046967681497335434 -0.17317983508110046 0.38409098982810974
v -0.1745082139968872 -0.12660233676433563 0.38409098982810974
v -0.046967681497335434 -0.17317983508110046 0.38409098982810974
v -0.04198933020234108 -0.17201679944992065 0.38409098982810974
v -0.1745082139968872 -0.12660233676433563 0.38409098982810974
v -0.04198933020234108 -0.17201679944992065 0.38409098982810974
v -0.03582566976547241 -0.1697470098733902 0.38409098982810974
v -0.1745082139968872 -0.12660233676433563 0.38409098982810974
v -0.03582566976547241 -0.1697470098733902 0.38409098982810974
v -0.034149281680583954 -0.16897791624069214 0.38409098982810974
v -0.1745082139968872 -0.12660233676433563 0.38409098982810974
v -0.034149281680583954 -0.16897791624069214 0.38409098982810974
v -0.030728790909051895 -0.16730840504169464 0.38409098982810974
v -0.17633698880672455 -0.11913643777370453 0.37398892641067505
v -0.17345835268497467 -0.12129367142915726 0.371695339679718
v -0.17159569263458252 -0.1311606764793396 0.3788987398147583
v -0.17633698880672455 -0.11913643777370453 0.37398892641067505
v -0.17159569263458252 -0.1311606764793396 0.3788987398147583
v -0.17169730365276337 -0.13530631363391876 0.38409098982810974
v -0.1745082139968872 -0.12660233676433563 0.38409098982810974
v -0.02627537027001381 -0.1645696461200714 0.38409098982810974
v -0.02502230927348137 -0.16368800401687622 0.38409098982810974
v -0.1745082139968872 -0.12660233676433563 0.38409098982810974
v -0.02502230927348137 -0.16368800401687622 0.38409098982810974
v -0.02412484958767891 -0.16305020451545715 0.38409098982810974
v -0.1745082139968872 -0.12660233676433563 0.38409098982810974
v -0.02412484958767891 -0.16305020451545715 0.38409098982810974
v -0.02358298934996128 -0.16261877119541168 0.38409098982810974
v -0.1745082139968872 -0.12660233676433563 0.38409098982810974
v -0.02358298934996128 -0.16261877119541168 0.38409098982810974
v -0.019908500835299492 -0.15963615477085114 0.38409098982810974
v -0.1745082139968872 -0.12660233676433563 0.38409098982810974
v -0.019908500835299492 -0.15963615477085114 0.38409098982810974
v -0.017402390018105507 -0.1572725772857666 0.38409098982810974
v -0.1745082139968872 -0.12660233676433563 0.38409098982810974
v -0.017402390018105507 -0.1572725772857666 0.38409098982810974
v -0.017046790570020676 -0.1568973958492279 0.38409098982810974
v -0.1745082139968872 -0.12660233676433563 0.38409098982810974
v -0.17032572627067566 -0.13714465498924255 0.38409098982810974
v -0.1684800088405609 -0.1391330510377884 0.38409098982810974
v -0.1745082139968872 -0.12660233676433563 0.38409098982810974
v -0.1684800088405609 -0.1391330510377884 0.38409098982810974
v -0.1665326952934265 -0.14112146198749542 0.38409098982810974
v -0.17691271007061005 -0.10945702344179153 0.3674597442150116
v -0.1764385849237442 -0.10231000930070877 0.36274006962776184
v -0.17576126754283905 -0.10611800104379654 0.3636448085308075
v -0.17691271007061005 -0.10945702344179153 0.3674597442150116
v -0.17576126754283905 -0.10611800104379654 0.3636448085308075
v -0.17630311846733093 -0.11303991079330444 0.3685777187347412
v -0.17691271007061005 -0.10945702344179153 0.3674597442150116
v -0.17630311846733093 -0.11303991079330444 0.3685777187347412
v -0.17633698880672455 -0.11913643777370453 0.37398892641067505
v -0.17633698880672455 -0.11913643777370453 0.37398892641067505
v -0.1746775358915329 -0.12660233676433563 0.38342827558517456
v -0.17633698880672455 -0.11913643777370453 0.3764784038066864
v -0.17633698880672455 -0.11913643777370453 0.37398892641067505
v -0.17630311846733093 -0.11303991079330444 0.3685777187347412
v -0.17523634433746338 -0.11684788763523102 0.3701797425746918
v -0.17633698880672455 -0.11913643777370453 0.37398892641067505
v -0.17523634433746338 -0.11684788763523102 0.3701797425746918
v -0.17345835268497467 -0.12129367142915726 0.371695339679718
v -0.17657406628131866 -0.11515962332487106 0.3770662248134613
v -0.17633698880672455 -0.11913643777370453 0.3764784038066864
v -0.1746775358915329 -0.12660233676433563 0.38342827558517456
v -0.17657406628131866 -0.11515962332487106 0.3770662248134613
v -0.1746775358915329 -0.12660233676433563 0.38342827558517456
v -0.1745082139968872 -0.12660233676433563 0.38409098982810974
v -0.17601525783538818 -0.08447062969207764 0.35759395360946655
v -0.17101998627185822 -0.08085022866725922 0.35097259283065796
v -0.17086757719516754 -0.0865715891122818 0.3511800467967987
v -0.17601525783538818 -0.08447062969207764 0.35759395360946655
v -0.17086757719516754 -0.0865715891122818 0.3511800467967987
v -0.1741018146276474 -0.08645904064178467 0.3553465008735657
v -0.17601525783538818 -0.08447062969207764 0.35759395360946655
v -0.1741018146276474 -0.08645904064178467 0.3553465008735657
v -0.1758289933204651 -0.08829736709594727 0.3578302264213562
v -0.17601525783538818 -0.08447062969207764 0.35759395360946655
v -0.1758289933204651 -0.08829736709594727 0.3578302264213562
v -0.17752231657505035 -0.08645904064178467 0.3600604236125946
v -0.1745082139968872 -0.12660233676433563 0.38409098982810974
v -0.17267942428588867 -0.13268010318279266 0.38409098982810974
v -0.17169730365276337 -0.13530631363391876 0.38409098982810974
v -0.1745082139968872 -0.12660233676433563 0.38409098982810974
v -0.17169730365276337 -0.13530631363391876 0.38409098982810974
v -0.17032572627067566 -0.13714465498924255 0.38409098982810974
v -0.1745082139968872 -0.12660233676433563 0.38409098982810974
v -0.042937591671943665 0.016300320625305176 0.38409098982810974
v -0.046967681497335434 0.017181970179080963 0.38409098982810974
v -0.1745082139968872 -0.12660233676433563 0.38409098982810974
v -0.046967681497335434 0.017181970179080963 0.38409098982810974
v -0.04730634018778801 0.017238250002264977 0.38409098982810974
v -0.1745082139968872 -0.12660233676433563 0.38409098982810974
v -0.010544460266828537 -0.00776690011844039 0.38409098982810974
v -0.011340320110321045 -0.006360009778290987 0.38409098982810974
v -0.1745082139968872 -0.12660233676433563 0.38409098982810974
v -0.011340320110321045 -0.006360009778290987 0.38409098982810974
v -0.01445601973682642 -0.001951750018633902 0.38409098982810974
v -0.1745082139968872 -0.12660233676433563 0.38409098982810974
v -0.01445601973682642 -0.001951750018633902 0.38409098982810974
v -0.014879349619150162 -0.0014077499508857727 0.38409098982810974
v -0.1745082139968872 -0.12660233676433563 0.38409098982810974
v -0.014879349619150162 -0.0014077499508857727 0.38409098982810974
v -0.017046790570020676 0.0008995499811135232 0.38409098982810974
v -0.1745082139968872 -0.12660233676433563 0.38409098982810974
v -0.017046790570020676 0.0008995499811135232 0.38409098982810974
v -0.019908500835299492 0.0036383001133799553 0.38409098982810974
v -0.1745082139968872 -0.12660233676433563 0.38409098982810974
v -0.019908500835299492 0.0036383001133799553 0.38409098982810974
v -0.020501159131526947 0.004201049916446209 0.38409098982810974
v -0.1745082139968872 -0.12660233676433563 0.38409098982810974
v -0.09300892800092697 -0.17044107615947723 0.38409098982810974
v -0.08730246126651764 -0.17115390300750732 0.38409098982810974
v -0.1745082139968872 -0.12660233676433563 0.38409098982810974
v -0.08730246126651764 -0.17115390300750732 0.38409098982810974
v -0.0815790519118309 -0.17177294194698334 0.38409098982810974
v -0.1745082139968872 -0.12660233676433563 0.38409098982810974
v -0.02502230927348137 0.007690149825066328 0.38409098982810974
v -0.029983729124069214 0.010879100300371647 0.38409098982810974
v -0.1745082139968872 -0.12660233676433563 0.38409098982810974
v -0.029983729124069214 0.010879100300371647 0.38409098982810974
v -0.030728790909051895 0.011291789822280407 0.38409098982810974
v -0.1745082139968872 -0.12660233676433563 0.38409098982810974
v -0.030728790909051895 0.011291789822280407 0.38409098982810974
v -0.03223583102226257 0.012023369781672955 0.38409098982810974
v -0.1745082139968872 -0.12660233676433563 0.38409098982810974
v -0.03223583102226257 0.012023369781672955 0.38409098982810974
v -0.03582566976547241 0.013749159872531891 0.38409098982810974
v -0.1745082139968872 -0.12660233676433563 0.38409098982810974
v -0.03582566976547241 0.013749159872531891 0.38409098982810974
v -0.04198933020234108 0.0160189401358366 0.38409098982810974
v -0.1745082139968872 -0.12660233676433563 0.38409098982810974
v -0.04198933020234108 0.0160189401358366 0.38409098982810974
v -0.042937591671943665 0.016300320625305176 0.38409098982810974
v -0.1745082139968872 -0.12660233676433563 0.38409098982810974
v -0.05297895148396492 -0.17381761968135834 0.38409098982810974
v -0.05160735920071602 -0.17368631064891815 0.38409098982810974
v -0.1745082139968872 -0.12660233676433563 0.38409098982810974
v -0.05160735920071602 -0.17368631064891815 0.38409098982810974
v -0.04730634018778801 -0.17323611676692963 0.38409098982810974
v -0.1745082139968872 -0.12660233676433563 0.38409098982810974
v -0.12160903215408325 -0.16481351852416992 0.38409098982810974
v -0.11674921214580536 -0.16608908772468567 0.38409098982810974
v -0.1745082139968872 -0.12660233676433563 0.38409098982810974
v -0.11674921214580536 -0.16608908772468567 0.38409098982810974
v -0.1156654879450798 -0.16635172069072723 0.38409098982810974
v -0.1745082139968872 -0.12660233676433563 0.38409098982810974
v -0.1156654879450798 -0.16635172069072723 0.38409098982810974
v -0.10984048992395401 -0.16772109270095825 0.38409098982810974
v -0.1745082139968872 -0.12660233676433563 0.38409098982810974
v -0.10984048992395401 -0.16772109270095825 0.38409098982810974
v -0.10443881154060364 -0.16873404383659363 0.38409098982810974
v -0.1745082139968872 -0.12660233676433563 0.38409098982810974
v -0.10443881154060364 -0.16873404383659363 0.38409098982810974
v -0.09873233735561371 -0.16963447630405426 0.38409098982810974
v -0.1745082139968872 -0.12660233676433563 0.38409098982810974
v -0.09873233735561371 -0.16963447630405426 0.38409098982810974
v -0.09300892800092697 -0.17044107615947723 0.38409098982810974
v -0.1745082139968872 -0.12660233676433563 0.38409098982810974
v -0.030728790909051895 -0.16730840504169464 0.38409098982810974
v -0.030254650861024857 -0.16706453263759613 0.38409098982810974
v -0.1745082139968872 -0.12660233676433563 0.38409098982810974
v -0.030254650861024857 -0.16706453263759613 0.38409098982810974
v -0.02627537027001381 -0.1645696461200714 0.38409098982810974
v -0.1745082139968872 -0.12660233676433563 0.38409098982810974
v -0.0815790519118309 -0.17177294194698334 0.38409098982810974
v -0.07751508802175522 -0.17218562960624695 0.38409098982810974
v -0.1745082139968872 -0.12660233676433563 0.38409098982810974
v -0.07751508802175522 -0.17218562960624695 0.38409098982810974
v -0.07575403898954391 -0.17235444486141205 0.38409098982810974
v -0.1745082139968872 -0.12660233676433563 0.38409098982810974
v -0.07575403898954391 -0.17235444486141205 0.38409098982810974
v -0.07016610354185104 -0.17286093533039093 0.38409098982810974
v -0.1745082139968872 -0.12660233676433563 0.38409098982810974
v -0.07016610354185104 -0.17286093533039093 0.38409098982810974
v -0.06447655707597733 -0.1733298897743225 0.38409098982810974
v -0.1745082139968872 -0.12660233676433563 0.38409098982810974
v -0.06447655707597733 -0.1733298897743225 0.38409098982810974
v -0.05870236083865166 -0.17376133799552917 0.38409098982810974
v -0.1745082139968872 -0.12660233676433563 0.38409098982810974
v -0.05870236083865166 -0.17376133799552917 0.38409098982810974
v -0.05297895148396492 -0.17381761968135834 0.38409098982810974
v -0.1745082139968872 -0.12660233676433563 0.38409098982810974
v -0.17110465466976166 -0.019678590819239616 0.38409098982810974
v -0.17169730365276337 -0.020710300654172897 0.38409098982810974
v -0.1745082139968872 -0.12660233676433563 0.38409098982810974
v -0.17169730365276337 -0.020710300654172897 0.38409098982810974
v -0.17239156365394592 -0.022248510271310806 0.38409098982810974
v -0.1745082139968872 -0.12660233676433563 0.38409098982810974
v -0.12731550633907318 0.007127389777451754 0.38409098982810974
v -0.13264945149421692 0.005326560232788324 0.38409098982810974
v -0.1745082139968872 -0.12660233676433563 0.38409098982810974
v -0.13264945149421692 0.005326560232788324 0.38409098982810974
v -0.13295425474643707 0.0052140201441943645 0.38409098982810974
v -0.1745082139968872 -0.12660233676433563 0.38409098982810974
v -0.13295425474643707 0.0052140201441943645 0.38409098982810974
v -0.13876232504844666 0.002887960057705641 0.38409098982810974
v -0.1745082139968872 -0.12660233676433563 0.38409098982810974
v -0.13876232504844666 0.002887960057705641 0.38409098982810974
v -0.14421479403972626 0.00044934998732060194 0.38409098982810974
v -0.1745082139968872 -0.12660233676433563 0.38409098982810974
v -0.14421479403972626 0.00044934998732060194 0.38409098982810974
v -0.145281583070755 -5.714000144507736e-05 0.38409098982810974
v -0.1745082139968872 -0.12660233676433563 0.38409098982810974
v -0.145281583070755 -5.714000144507736e-05 0.38409098982810974
v -0.15020912885665894 -0.0027583700139075518 0.38409098982810974
v -0.1745082139968872 -0.12660233676433563 0.38409098982810974
v -0.0072763701900839806 -0.13870160281658173 0.38409098982810974
v -0.0071578300558030605 -0.1380450576543808 0.38409098982810974
v -0.1745082139968872 -0.12660233676433563 0.38409098982810974
v -0.0071578300558030605 -0.1380450576543808 0.38409098982810974
v -0.0066328998655080795 -0.13298025727272034 0.38409098982810974
v -0.1745082139968872 -0.12660233676433563 0.38409098982810974
v -0.15938690304756165 -0.008836139924824238 0.38409098982810974
v -0.1610463559627533 -0.01011172030121088 0.38409098982810974
v -0.1745082139968872 -0.12660233676433563 0.38409098982810974
v -0.1610463559627533 -0.01011172030121088 0.38409098982810974
v -0.16253647208213806 -0.011368540115654469 0.38409098982810974
v -0.1745082139968872 -0.12660233676433563 0.38409098982810974
v -0.16253647208213806 -0.011368540115654469 0.38409098982810974
v -0.16560137271881104 -0.013994740322232246 0.38409098982810974
v -0.1745082139968872 -0.12660233676433563 0.38409098982810974
v -0.16560137271881104 -0.013994740322232246 0.38409098982810974
v -0.16654962301254272 -0.014913910068571568 0.38409098982810974
v -0.1745082139968872 -0.12660233676433563 0.38409098982810974
v -0.16654962301254272 -0.014913910068571568 0.38409098982810974
v -0.1684800088405609 -0.01688355952501297 0.38409098982810974
v -0.1745082139968872 -0.12660233676433563 0.38409098982810974
v -0.1684800088405609 -0.01688355952501297 0.38409098982810974
v -0.17110465466976166 -0.019678590819239616 0.38409098982810974
v -0.1745082139968872 -0.12660233676433563 0.38409098982810974
v -0.008749550208449364 -0.01189377997070551 0.38409098982810974
v -0.00937607977539301 -0.01013047993183136 0.38409098982810974
v -0.1745082139968872 -0.12660233676433563 0.38409098982810974
v -0.00937607977539301 -0.01013047993183136 0.38409098982810974
v -0.010544460266828537 -0.00776690011844039 0.38409098982810974
v -0.1745082139968872 -0.12660233676433563 0.38409098982810974
v -0.011814449913799763 -0.15029439330101013 0.38409098982810974
v -0.01137419044971466 -0.14961907267570496 0.38409098982810974
v -0.1745082139968872 -0.12660233676433563 0.38409098982810974
v -0.01137419044971466 -0.14961907267570496 0.38409098982810974
v -0.009867129847407341 -0.14706791937351227 0.38409098982810974
v -0.1745082139968872 -0.12660233676433563 0.38409098982810974
v -0.009867129847407341 -0.14706791937351227 0.38409098982810974
v -0.009342210367321968 -0.14573606848716736 0.38409098982810974
v -0.1745082139968872 -0.12660233676433563 0.38409098982810974
v -0.009342210367321968 -0.14573606848716736 0.38409098982810974
v -0.008986609987914562 -0.14477938413619995 0.38409098982810974
v -0.1745082139968872 -0.12660233676433563 0.38409098982810974
v -0.008986609987914562 -0.14477938413619995 0.38409098982810974
v -0.008766479790210724 -0.14408530294895172 0.38409098982810974
v -0.1745082139968872 -0.12660233676433563 0.38409098982810974
v -0.008766479790210724 -0.14408530294895172 0.38409098982810974
v -0.0072763701900839806 -0.13870160281658173 0.38409098982810974
v -0.1745082139968872 -0.12660233676433563 0.38409098982810974
v -0.020501159131526947 0.004201049916446209 0.38409098982810974
v -0.02358298934996128 0.00662091001868248 0.38409098982810974
v -0.1745082139968872 -0.12660233676433563 0.38409098982810974
v -0.02358298934996128 0.00662091001868248 0.38409098982810974
v -0.02502230927348137 0.007690149825066328 0.38409098982810974
v -0.1745082139968872 -0.12660233676433563 0.38409098982810974
v -0.0066328998655080795 -0.13298025727272034 0.38409098982810974
v -0.006599039770662785 -0.13232369720935822 0.38409098982810974
v -0.1745082139968872 -0.12660233676433563 0.38409098982810974
v -0.006599039770662785 -0.13232369720935822 0.38409098982810974
v -0.006497439928352833 -0.12660233676433563 0.38409098982810974
v -0.1745082139968872 -0.12660233676433563 0.38409098982810974
v -0.006497439928352833 -0.12660233676433563 0.38409098982810974
v -0.006497439928352833 -0.02939552068710327 0.38409098982810974
v -0.1745082139968872 -0.12660233676433563 0.38409098982810974
v -0.006497439928352833 -0.02939552068710327 0.38409098982810974
v -0.006615969818085432 -0.02367416024208069 0.38409098982810974
v -0.1745082139968872 -0.12660233676433563 0.38409098982810974
v -0.006615969818085432 -0.02367416024208069 0.38409098982810974
v -0.0071578300558030605 -0.017952799797058105 0.38409098982810974
v -0.1745082139968872 -0.12660233676433563 0.38409098982810974
v -0.0071578300558030605 -0.017952799797058105 0.38409098982810974
v -0.008749550208449364 -0.01189377997070551 0.38409098982810974
v -0.16870014369487762 -0.08085022866725922 0.3481142818927765
v -0.16583843529224396 -0.08085022866725922 0.34468546509742737
v -0.1684800088405609 -0.0865715891122818 0.3483159840106964
v -0.16870014369487762 -0.08085022866725922 0.3481142818927765
v -0.16870014369487762 -0.07514762878417969 0.3481142818927765
v -0.16583843529224396 -0.07514762878417969 0.34468546509742737
v -0.17691271007061005 -0.046559590846300125 0.36745399236679077
v -0.1764385849237442 -0.053687840700149536 0.36274006962776184
v -0.17706510424613953 -0.05798355117440224 0.3618987202644348
v -0.17691271007061005 -0.046559590846300125 0.36745399236679077
v -0.17706510424613953 -0.05798355117440224 0.3618987202644348
v -0.17738685011863708 -0.05198080837726593 0.36584043502807617
v -0.17691271007061005 -0.046559590846300125 0.36745399236679077
v -0.17738685011863708 -0.05198080837726593 0.36584043502807617
v -0.17852136492729187 -0.05798355117440224 0.36627262830734253
v -0.17852136492729187 -0.05798355117440224 0.36627262830734253
v -0.17738685011863708 -0.05198080837726593 0.36584043502807617
v -0.17706510424613953 -0.05798355117440224 0.3618987202644348
v -0.17706510424613953 -0.05798355117440224 0.3618987202644348
v -0.1764385849237442 -0.053687840700149536 0.36274006962776184
v -0.1748807430267334 -0.05798355117440224 0.35904040932655334
v -0.17706510424613953 -0.05798355117440224 0.3618987202644348
v -0.1748807430267334 -0.05798355117440224 0.35904040932655334
v -0.1702071875333786 -0.06092863902449608 0.3519926071166992
v -0.1745082139968872 -0.12660233676433563 0.38409098982810974
v -0.06589894741773605 0.017200730741024017 0.38409098982810974
v -0.08640500158071518 0.01523108035326004 0.38409098982810974
v -0.1745082139968872 -0.12660233676433563 0.38409098982810974
v -0.08640500158071518 0.01523108035326004 0.38409098982810974
v -0.09158655256032944 0.014630810357630253 0.38409098982810974
v -0.17554113268852234 -0.06370490789413452 0.3582163453102112
v -0.17054584622383118 -0.06473662704229355 0.3515719175338745
v -0.1758289933204651 -0.0677192434668541 0.3578302264213562
v -0.1758289933204651 -0.0677192434668541 0.3578302264213562
v -0.17054584622383118 -0.06473662704229355 0.3515719175338745
v -0.17086757719516754 -0.0694262683391571 0.3511800467967987
v -0.1758289933204651 -0.0677192434668541 0.3578302264213562
v -0.17086757719516754 -0.0694262683391571 0.3511800467967987
v -0.1741018146276474 -0.06953881680965424 0.3553465008735657
v -0.17086757719516754 -0.0694262683391571 0.3511800467967987
v -0.1684800088405609 -0.0694262683391571 0.3483159840106964
v -0.16870014369487762 -0.07514762878417969 0.3481142818927765
v -0.17086757719516754 -0.0694262683391571 0.3511800467967987
v -0.16870014369487762 -0.07514762878417969 0.3481142818927765
v -0.17101998627185822 -0.07514762878417969 0.35097259283065796
v -0.17086757719516754 -0.0694262683391571 0.3511800467967987
v -0.17054584622383118 -0.06473662704229355 0.3515719175338745
v -0.1684800088405609 -0.0694262683391571 0.3483159840106964
v -0.1745082139968872 -0.12660233676433563 0.38409098982810974
v -0.1156654879450798 0.010335099883377552 0.38409098982810974
v -0.12160903215408325 0.00879689957946539 0.38409098982810974
v -0.1745082139968872 -0.12660233676433563 0.38409098982810974
v -0.12160903215408325 0.00879689957946539 0.38409098982810974
v -0.12731550633907318 0.007127389777451754 0.38409098982810974
v -0.1745082139968872 -0.12660233676433563 0.38409098982810974
v -0.04730634018778801 0.017238250002264977 0.38409098982810974
v -0.05297895148396492 0.01780099980533123 0.38409098982810974
v -0.1745082139968872 -0.12660233676433563 0.38409098982810974
v -0.05297895148396492 0.01780099980533123 0.38409098982810974
v -0.05504480004310608 0.017819760367274284 0.38409098982810974
v -0.1745082139968872 -0.12660233676433563 0.38409098982810974
v -0.05504480004310608 0.017819760367274284 0.38409098982810974
v -0.05870236083865166 0.017763489857316017 0.38409098982810974
v -0.1745082139968872 -0.12660233676433563 0.38409098982810974
v -0.05870236083865166 0.017763489857316017 0.38409098982810974
v -0.06064967066049576 0.01763218082487583 0.38409098982810974
v -0.1745082139968872 -0.12660233676433563 0.38409098982810974
v -0.06064967066049576 0.01763218082487583 0.38409098982810974
v -0.06451042741537094 0.017332039773464203 0.38409098982810974
v -0.1745082139968872 -0.12660233676433563 0.38409098982810974
v -0.06451042741537094 0.017332039773464203 0.38409098982810974
v -0.06589894741773605 0.017200730741024017 0.38409098982810974
v -0.1745082139968872 -0.12660233676433563 0.38409098982810974
v -0.15020912885665894 -0.0027583700139075518 0.38409098982810974
v -0.15525521337985992 -0.005909809842705727 0.38409098982810974
v -0.1745082139968872 -0.12660233676433563 0.38409098982810974
v -0.15525521337985992 -0.005909809842705727 0.38409098982810974
v -0.15938690304756165 -0.008836139924824238 0.38409098982810974
v -0.1745082139968872 -0.12660233676433563 0.38409098982810974
v -0.09158655256032944 0.014630810357630253 0.38409098982810974
v -0.09673421829938889 0.013917990028858185 0.38409098982810974
v -0.1745082139968872 -0.12660233676433563 0.38409098982810974
v -0.09673421829938889 0.013917990028858185 0.38409098982810974
v -0.09873233735561371 0.01363660953938961 0.38409098982810974
v -0.1745082139968872 -0.12660233676433563 0.38409098982810974
v -0.09873233735561371 0.01363660953938961 0.38409098982810974
v -0.10443881154060364 0.01271743979305029 0.38409098982810974
v -0.1745082139968872 -0.12660233676433563 0.38409098982810974
v -0.10443881154060364 0.01271743979305029 0.38409098982810974
v -0.10984048992395401 0.011704480275511742 0.38409098982810974
v -0.1745082139968872 -0.12660233676433563 0.38409098982810974
v -0.10984048992395401 0.011704480275511742 0.38409098982810974
v -0.11111047118902206 0.011441860347986221 0.38409098982810974
v -0.1745082139968872 -0.12660233676433563 0.38409098982810974
v -0.11111047118902206 0.011441860347986221 0.38409098982810974
v -0.1156654879450798 0.010335099883377552 0.38409098982810974
v -0.17169730365276337 -0.13530631363391876 0.38409098982810974
v -0.1700039952993393 -0.13496865332126617 0.38081198930740356
v -0.17032572627067566 -0.13714465498924255 0.38409098982810974
v -0.17164650559425354 -0.03050227090716362 0.37313026189804077
v -0.17005479335784912 -0.0324719212949276 0.3693211078643799
v -0.1713925153017044 -0.03627990186214447 0.3676326274871826
v -0.17576126754283905 -0.10611800104379654 0.3636448085308075
v -0.17108771204948425 -0.10373566299676895 0.35659700632095337
v -0.1704273223876953 -0.10703717172145844 0.35742685198783875
v -0.17576126754283905 -0.10611800104379654 0.3636448085308075
v -0.1704273223876953 -0.10703717172145844 0.35742685198783875
v -0.17499926686286926 -0.10945702344179153 0.3646014332771301
v -0.17576126754283905 -0.10611800104379654 0.3636448085308075
v -0.17499926686286926 -0.10945702344179153 0.3646014332771301
v -0.17630311846733093 -0.11303991079330444 0.3685777187347412
v -0.17630311846733093 -0.11303991079330444 0.3685777187347412
v -0.17499926686286926 -0.10945702344179153 0.3646014332771301
v -0.16947905719280243 -0.1108451634645462 0.3585851490497589
v -0.17630311846733093 -0.11303991079330444 0.3685777187347412
v -0.16947905719280243 -0.1108451634645462 0.3585851490497589
v -0.17105384171009064 -0.1136026605963707 0.362400084733963
v -0.17630311846733093 -0.11303991079330444 0.3685777187347412
v -0.17105384171009064 -0.1136026605963707 0.362400084733963
v -0.1731366366147995 -0.11523465067148209 0.36622652411460876
v -0.17633698880672455 -0.036936450749635696 0.37404653429985046
v -0.17164650559425354 -0.03050227090716362 0.37313026189804077
v -0.17342449724674225 -0.034704189747571945 0.37168383598327637
v -0.17633698880672455 -0.036936450749635696 0.37404653429985046
v -0.17342449724674225 -0.034704189747571945 0.37168383598327637
v -0.17520247399806976 -0.039168719202280045 0.3702373802661896
v -0.17523634433746338 -0.11684788763523102 0.3701797425746918
v -0.17142637073993683 -0.11962416023015976 0.36769601702690125
v -0.17345835268497467 -0.12129367142915726 0.371695339679718
v -0.17345835268497467 -0.12129367142915726 0.371695339679718
v -0.17142637073993683 -0.11962416023015976 0.36769601702690125
v -0.17168037593364716 -0.12542055547237396 0.37321093678474426
v -0.17345835268497467 -0.12129367142915726 0.371695339679718
v -0.17168037593364716 -0.12542055547237396 0.37321093678474426
v -0.17159569263458252 -0.1311606764793396 0.3788987398147583
v -0.17159569263458252 -0.1311606764793396 0.3788987398147583
v -0.1700039952993393 -0.13496865332126617 0.38081198930740356
v -0.17169730365276337 -0.13530631363391876 0.38409098982810974
v -0.17159569263458252 -0.1311606764793396 0.3788987398147583
v -0.17168037593364716 -0.12542055547237396 0.37321093678474426
v -0.1700039952993393 -0.13496865332126617 0.38081198930740356
v -0.17169730365276337 -0.13530631363391876 0.38409098982810974
v -0.17267942428588867 -0.13268010318279266 0.38409098982810974
v -0.1725270301103592 -0.13277390599250793 0.38300180435180664
v -0.17691271007061005 -0.046559590846300125 0.36745399236679077
v -0.17632006108760834 -0.04297671094536781 0.3685661852359772
v -0.17576126754283905 -0.04987986013293266 0.3636448085308075
v -0.17691271007061005 -0.046559590846300125 0.36745399236679077
v -0.17576126754283905 -0.04987986013293266 0.3636448085308075
v -0.1764385849237442 -0.053687840700149536 0.36274006962776184
v -0.1745082139968872 -0.12660233676433563 0.38409098982810974
v -0.17239156365394592 -0.022248510271310806 0.38409098982810974
v -0.17454208433628082 -0.028738969936966896 0.38409098982810974
v -0.1745082139968872 -0.12660233676433563 0.38409098982810974
v -0.17454208433628082 -0.028738969936966896 0.38409098982810974
v -0.17454208433628082 -0.03446032851934433 0.38409098982810974
v -0.1745082139968872 -0.12660233676433563 0.38409098982810974
v -0.17454208433628082 -0.03446032851934433 0.38409098982810974
v -0.17472833395004272 -0.12088097631931305 0.38342827558517456
v -0.17454208433628082 -0.03446032851934433 0.38409098982810974
v -0.17454208433628082 -0.028738969936966896 0.38409098982810974
v -0.17574432492256165 -0.04083823040127754 0.3799360394477844
v -0.17454208433628082 -0.028738969936966896 0.38409098982810974
v -0.17633698880672455 -0.036936450749635696 0.37404653429985046
v -0.17633698880672455 -0.036936450749635696 0.37646111845970154
v -0.17454208433628082 -0.028738969936966896 0.38409098982810974
v -0.17239156365394592 -0.022248510271310806 0.38409098982810974
v -0.17633698880672455 -0.036936450749635696 0.37404653429985046
v -0.17706510424613953 -0.05798355117440224 0.3618987202644348
v -0.1702071875333786 -0.06092863902449608 0.3519926071166992
v -0.17554113268852234 -0.06370490789413452 0.3582163453102112
v -0.17554113268852234 -0.06370490789413452 0.3582163453102112
v -0.1702071875333786 -0.06092863902449608 0.3519926071166992
v -0.17054584622383118 -0.06473662704229355 0.3515719175338745
v -0.17633698880672455 -0.036936450749635696 0.37404653429985046
v -0.17520247399806976 -0.039168719202280045 0.3702373802661896
v -0.17632006108760834 -0.04297671094536781 0.3685661852359772
v -0.17633698880672455 -0.036936450749635696 0.37404653429985046
v -0.17632006108760834 -0.04297671094536781 0.3685661852359772
v -0.17691271007061005 -0.046559590846300125 0.36745399236679077
v -0.17633698880672455 -0.036936450749635696 0.37404653429985046
v -0.17239156365394592 -0.022248510271310806 0.38409098982810974
v -0.17169730365276337 -0.020710300654172897 0.38409098982810974
v -0.17633698880672455 -0.036936450749635696 0.37404653429985046
v -0.17169730365276337 -0.020710300654172897 0.38409098982810974
v -0.17110465466976166 -0.019678590819239616 0.38409098982810974
v -0.17633698880672455 -0.036936450749635696 0.37404653429985046
v -0.17110465466976166 -0.019678590819239616 0.38409098982810974
v -0.17159569263458252 -0.02485593967139721 0.37882959842681885
v -0.17633698880672455 -0.036936450749635696 0.37404653429985046
v -0.17159569263458252 -0.02485593967139721 0.37882959842681885
v -0.17164650559425354 -0.03050227090716362 0.37313026189804077
v -0.17054584622383118 -0.06473662704229355 0.3515719175338745
v -0.1684630662202835 -0.06317967176437378 0.3494454622268677
v -0.16517804563045502 -0.06370490789413452 0.34548071026802063
v -0.17054584622383118 -0.06473662704229355 0.3515719175338745
v -0.16517804563045502 -0.06370490789413452 0.34548071026802063
v -0.16561830043792725 -0.0694262683391571 0.3449678421020508
v -0.17576126754283905 -0.04987986013293266 0.3636448085308075
v -0.17422033846378326 -0.05198080837726593 0.3607231080532074
v -0.1764385849237442 -0.053687840700149536 0.36274006962776184
v -0.1764385849237442 -0.053687840700149536 0.36274006962776184
v -0.17107078433036804 -0.052262190729379654 0.35661429166793823
v -0.16880172491073608 -0.052262190729379654 0.35375598073005676
v -0.1764385849237442 -0.053687840700149536 0.36274006962776184
v -0.16880172491073608 -0.052262190729379654 0.35375598073005676
v -0.16978386044502258 -0.05798355117440224 0.35252276062965393
v -0.1764385849237442 -0.053687840700149536 0.36274006962776184
v -0.16978386044502258 -0.05798355117440224 0.35252276062965393
v -0.17203597724437714 -0.05798355117440224 0.3553753197193146
v -0.1764385849237442 -0.053687840700149536 0.36274006962776184
v -0.17203597724437714 -0.05798355117440224 0.3553753197193146
v -0.1748807430267334 -0.05798355117440224 0.35904040932655334
v -0.1764385849237442 -0.053687840700149536 0.36274006962776184
v -0.17422033846378326 -0.05198080837726593 0.3607231080532074
v -0.17107078433036804 -0.052262190729379654 0.35661429166793823
v -0.1702071875333786 -0.09506920725107193 0.3519926071166992
v -0.1684630662202835 -0.09281819313764572 0.3494454622268677
v -0.16517804563045502 -0.09229294955730438 0.34548649191856384
v -0.1702071875333786 -0.09506920725107193 0.3519926071166992
v -0.16517804563045502 -0.09229294955730438 0.34548649191856384
v -0.1647716462612152 -0.09610092639923096 0.3459475040435791
v -0.1702071875333786 -0.06092863902449608 0.3519926071166992
v -0.16978386044502258 -0.05798355117440224 0.35252276062965393
v -0.16422979533672333 -0.056070178747177124 0.3465641140937805
v -0.1702071875333786 -0.06092863902449608 0.3519926071166992
v -0.16422979533672333 -0.056070178747177124 0.3465641140937805
v -0.1647716462612152 -0.05989691987633705 0.3459417223930359
v -0.1702071875333786 -0.06092863902449608 0.3519926071166992
v -0.1647716462612152 -0.05989691987633705 0.3459417223930359
v -0.16517804563045502 -0.06370490789413452 0.34548071026802063
v -0.1702071875333786 -0.06092863902449608 0.3519926071166992
v -0.16517804563045502 -0.06370490789413452 0.34548071026802063
v -0.1684630662202835 -0.06317967176437378 0.3494454622268677
v -0.1702071875333786 -0.06092863902449608 0.3519926071166992
v -0.1684630662202835 -0.06317967176437378 0.3494454622268677
v -0.17054584622383118 -0.06473662704229355 0.3515719175338745
v -0.17054584622383118 -0.06473662704229355 0.3515719175338745
v -0.16561830043792725 -0.0694262683391571 0.3449678421020508
v -0.1684800088405609 -0.0694262683391571 0.3483159840106964
v -0.1764385849237442 -0.10231000930070877 0.36274006962776184
v -0.17423728108406067 -0.10401704162359238 0.3607173562049866
v -0.17576126754283905 -0.10611800104379654 0.3636448085308075
v -0.17576126754283905 -0.10611800104379654 0.3636448085308075
v -0.17423728108406067 -0.10401704162359238 0.3607173562049866
v -0.17108771204948425 -0.10373566299676895 0.35659700632095337
v -0.16870014369487762 -0.08085022866725922 0.3481142818927765
v -0.16583843529224396 -0.07514762878417969 0.34468546509742737
v -0.16583843529224396 -0.08085022866725922 0.34468546509742737
v -0.1684800088405609 -0.0865715891122818 0.3483159840106964
v -0.16561830043792725 -0.0865715891122818 0.3449678421020508
v -0.17054584622383118 -0.09126123040914536 0.35157766938209534
v -0.1684800088405609 -0.0865715891122818 0.3483159840106964
v -0.16583843529224396 -0.08085022866725922 0.34468546509742737
v -0.16561830043792725 -0.0865715891122818 0.3449678421020508
v -0.17054584622383118 -0.09126123040914536 0.35157766938209534
v -0.16561830043792725 -0.0865715891122818 0.3449678421020508
v -0.16517804563045502 -0.09229294955730438 0.34548649191856384
v -0.17054584622383118 -0.09126123040914536 0.35157766938209534
v -0.16517804563045502 -0.09229294955730438 0.34548649191856384
v -0.1684630662202835 -0.09281819313764572 0.3494454622268677
v -0.17054584622383118 -0.09126123040914536 0.35157766938209534
v -0.1684630662202835 -0.09281819313764572 0.3494454622268677
v -0.1702071875333786 -0.09506920725107193 0.3519926071166992
v -0.17630311846733093 -0.11303991079330444 0.3685777187347412
v -0.1731366366147995 -0.11523465067148209 0.36622652411460876
v -0.17523634433746338 -0.11684788763523102 0.3701797425746918
v -0.17523634433746338 -0.11684788763523102 0.3701797425746918
v -0.1731366366147995 -0.11523465067148209 0.36622652411460876
v -0.17142637073993683 -0.11962416023015976 0.36769601702690125
v -0.1702071875333786 -0.09506920725107193 0.3519926071166992
v -0.1647716462612152 -0.09610092639923096 0.3459475040435791
v -0.16422979533672333 -0.09990891814231873 0.34656986594200134
v -0.1702071875333786 -0.09506920725107193 0.3519926071166992
v -0.16422979533672333 -0.09990891814231873 0.34656986594200134
v -0.1698007881641388 -0.09801430255174637 0.3525170087814331
v -0.1702071875333786 -0.09506920725107193 0.3519926071166992
v -0.1698007881641388 -0.09801430255174637 0.3525170087814331
v -0.1748976707458496 -0.09801430255174637 0.35903462767601013
v -0.1748976707458496 -0.09801430255174637 0.35903462767601013
v -0.1698007881641388 -0.09801430255174637 0.3525170087814331
v -0.1764385849237442 -0.10231000930070877 0.36274006962776184
v -0.1764385849237442 -0.10231000930070877 0.36274006962776184
v -0.1698007881641388 -0.09801430255174637 0.3525170087814331
v -0.17108771204948425 -0.10373566299676895 0.35659700632095337
v -0.1764385849237442 -0.10231000930070877 0.36274006962776184
v -0.17108771204948425 -0.10373566299676895 0.35659700632095337
v -0.17423728108406067 -0.10401704162359238 0.3607173562049866
v -0.17142637073993683 -0.11962416023015976 0.36769601702690125
v -0.1698177307844162 -0.11742941290140152 0.36388108134269714
v -0.16441604495048523 -0.1178983673453331 0.35778990387916565
v -0.17168037593364716 -0.12542055547237396 0.37321093678474426
v -0.16441604495048523 -0.1178983673453331 0.35778990387916565
v -0.158929705619812 -0.11819850653409958 0.35180819034576416
v -0.1698007881641388 -0.09801430255174637 0.3525170087814331
v -0.16880172491073608 -0.10373566299676895 0.3537386953830719
v -0.17108771204948425 -0.10373566299676895 0.35659700632095337
v -0.17108771204948425 -0.10373566299676895 0.35659700632095337
v -0.16880172491073608 -0.10373566299676895 0.3537386953830719
v -0.1704273223876953 -0.10703717172145844 0.35742685198783875
v -0.1704273223876953 -0.10703717172145844 0.35742685198783875
v -0.16507643461227417 -0.10771247744560242 0.35130107402801514
v -0.16947905719280243 -0.1108451634645462 0.3585851490497589
v -0.1704273223876953 -0.10703717172145844 0.35742685198783875
v -0.16947905719280243 -0.1108451634645462 0.3585851490497589
v -0.17188356816768646 -0.1091381311416626 0.36051568388938904
v -0.1704273223876953 -0.10703717172145844 0.35742685198783875
v -0.17188356816768646 -0.1091381311416626 0.36051568388938904
v -0.17499926686286926 -0.10945702344179153 0.3646014332771301
v -0.1704273223876953 -0.10703717172145844 0.35742685198783875
v -0.16880172491073608 -0.10373566299676895 0.3537386953830719
v -0.16507643461227417 -0.10771247744560242 0.35130107402801514
v -0.17632006108760834 -0.04297671094536781 0.3685661852359772
v -0.1731366366147995 -0.040744438767433167 0.36619195342063904
v -0.17105384171009064 -0.04232015833258629 0.3623943030834198
v -0.17632006108760834 -0.04297671094536781 0.3685661852359772
v -0.17105384171009064 -0.04232015833258629 0.3623943030834198
v -0.17501619458198547 -0.046559590846300125 0.3645956814289093
v -0.16947905719280243 -0.1108451634645462 0.3585851490497589
v -0.16406044363975525 -0.11152046173810959 0.35249394178390503
v -0.17105384171009064 -0.1136026605963707 0.362400084733963
v -0.17105384171009064 -0.1136026605963707 0.362400084733963
v -0.16566909849643707 -0.11409039050340652 0.3563030958175659
v -0.1698177307844162 -0.11742941290140152 0.36388108134269714
v -0.17105384171009064 -0.1136026605963707 0.362400084733963
v -0.1698177307844162 -0.11742941290140152 0.36388108134269714
v -0.1731366366147995 -0.11523465067148209 0.36622652411460876
v -0.17105384171009064 -0.1136026605963707 0.362400084733963
v -0.16406044363975525 -0.11152046173810959 0.35249394178390503
v -0.16566909849643707 -0.11409039050340652 0.3563030958175659
v -0.1731366366147995 -0.11523465067148209 0.36622652411460876
v -0.1698177307844162 -0.11742941290140152 0.36388108134269714
v -0.17142637073993683 -0.11962416023015976 0.36769601702690125
v -0.17142637073993683 -0.11962416023015976 0.36769601702690125
v -0.16441604495048523 -0.1178983673453331 0.35778990387916565
v -0.17168037593364716 -0.12542055547237396 0.37321093678474426
v -0.17576126754283905 -0.04987986013293266 0.3636448085308075
v -0.16880172491073608 -0.052262190729379654 0.35375598073005676
v -0.17107078433036804 -0.052262190729379654 0.35661429166793823
v -0.17576126754283905 -0.04987986013293266 0.3636448085308075
v -0.17107078433036804 -0.052262190729379654 0.35661429166793823
v -0.17422033846378326 -0.05198080837726593 0.3607231080532074
v -0.17164650559425354 -0.03050227090716362 0.37313026189804077
v -0.1713925153017044 -0.03627990186214447 0.3676326274871826
v -0.17342449724674225 -0.034704189747571945 0.37168383598327637
v -0.17164650559425354 -0.03050227090716362 0.37313026189804077
v -0.17159569263458252 -0.02485593967139721 0.37882959842681885
v -0.17007172107696533 -0.02669427916407585 0.37501469254493713
v -0.17164650559425354 -0.03050227090716362 0.37313026189804077
v -0.17007172107696533 -0.02669427916407585 0.37501469254493713
v -0.17005479335784912 -0.0324719212949276 0.3693211078643799
v -0.17342449724674225 -0.034704189747571945 0.37168383598327637
v -0.1713925153017044 -0.03627990186214447 0.3676326274871826
v -0.17520247399806976 -0.039168719202280045 0.3702373802661896
v -0.17520247399806976 -0.039168719202280045 0.3702373802661896
v -0.1731366366147995 -0.040744438767433167 0.36619195342063904
v -0.17632006108760834 -0.04297671094536781 0.3685661852359772
v -0.17520247399806976 -0.039168719202280045 0.3702373802661896
v -0.1713925153017044 -0.03627990186214447 0.3676326274871826
v -0.1731366366147995 -0.040744438767433167 0.36619195342063904
v -0.1748807430267334 -0.05798355117440224 0.35904040932655334
v -0.17203597724437714 -0.05798355117440224 0.3553753197193146
v -0.1702071875333786 -0.06092863902449608 0.3519926071166992
v -0.1702071875333786 -0.06092863902449608 0.3519926071166992
v -0.17203597724437714 -0.05798355117440224 0.3553753197193146
v -0.16978386044502258 -0.05798355117440224 0.35252276062965393
v -0.17632006108760834 -0.04297671094536781 0.3685661852359772
v -0.17501619458198547 -0.046559590846300125 0.3645956814289093
v -0.17576126754283905 -0.04987986013293266 0.3636448085308075
v -0.17110465466976166 -0.019678590819239616 0.38409098982810974
v -0.1684800088405609 -0.01688355952501297 0.38409098982810974
v -0.1700039952993393 -0.02102920040488243 0.38081198930740356
v -0.17110465466976166 -0.019678590819239616 0.38409098982810974
v -0.1700039952993393 -0.02102920040488243 0.38081198930740356
v -0.17159569263458252 -0.02485593967139721 0.37882959842681885
v -0.17159569263458252 -0.02485593967139721 0.37882959842681885
v -0.1700039952993393 -0.02102920040488243 0.38081198930740356
v -0.17007172107696533 -0.02669427916407585 0.37501469254493713
v -0.17576126754283905 -0.04987986013293266 0.3636448085308075
v -0.17501619458198547 -0.046559590846300125 0.3645956814289093
v -0.1704103946685791 -0.04899819940328598 0.35744988918304443
v -0.17576126754283905 -0.04987986013293266 0.3636448085308075
v -0.1704103946685791 -0.04899819940328598 0.35744988918304443
v -0.16880172491073608 -0.052262190729379654 0.35375598073005676
v -0.1704103946685791 -0.04899819940328598 0.35744988918304443
v -0.17188356816768646 -0.04687849059700966 0.3605099022388458
v -0.16507643461227417 -0.04828538000583649 0.35130107402801514
v -0.1704103946685791 -0.04899819940328598 0.35744988918304443
v -0.16507643461227417 -0.04828538000583649 0.35130107402801514
v -0.16880172491073608 -0.052262190729379654 0.35375598073005676
v -0.17007172107696533 -0.02669427916407585 0.37501469254493713
v -0.16451765596866608 -0.0265066996216774 0.3691021203994751
v -0.16558443009853363 -0.02993950992822647 0.3668258488178253
v -0.17007172107696533 -0.02669427916407585 0.37501469254493713
v -0.16558443009853363 -0.02993950992822647 0.3668258488178253
v -0.1645345836877823 -0.03222806006669998 0.36337974667549133
v -0.1731366366147995 -0.040744438767433167 0.36619195342063904
v -0.16988545656204224 -0.038493409752845764 0.3638177216053009
v -0.17105384171009064 -0.04232015833258629 0.3623943030834198
v -0.17105384171009064 -0.04232015833258629 0.3623943030834198
v -0.16566909849643707 -0.04185120016336441 0.3563030958175659
v -0.16406044363975525 -0.04447738826274872 0.35249394178390503
v -0.17105384171009064 -0.04232015833258629 0.3623943030834198
v -0.16406044363975525 -0.04447738826274872 0.35249394178390503
v -0.16947905719280243 -0.04519021883606911 0.3585793972015381
v -0.17105384171009064 -0.04232015833258629 0.3623943030834198
v -0.16947905719280243 -0.04519021883606911 0.3585793972015381
v -0.17501619458198547 -0.046559590846300125 0.3645956814289093
v -0.16561830043792725 -0.0865715891122818 0.3449678421020508
v -0.16312913596630096 -0.0865715891122818 0.3421095311641693
v -0.16517804563045502 -0.09229294955730438 0.34548649191856384
v -0.16517804563045502 -0.09229294955730438 0.34548649191856384
v -0.16267192363739014 -0.09229294955730438 0.3426281809806824
v -0.1647716462612152 -0.09610092639923096 0.3459475040435791
v -0.17501619458198547 -0.046559590846300125 0.3645956814289093
v -0.16947905719280243 -0.04519021883606911 0.3585793972015381
v -0.17188356816768646 -0.04687849059700966 0.3605099022388458
v -0.1684800088405609 -0.01688355952501297 0.38409098982810974
v -0.16654962301254272 -0.014913910068571568 0.38409098982810974
v -0.1700039952993393 -0.02102920040488243 0.38081198930740356
v -0.1700039952993393 -0.02102920040488243 0.38081198930740356
v -0.1643652468919754 -0.020935410633683205 0.3749743402004242
v -0.16451765596866608 -0.0265066996216774 0.3691021203994751
v -0.1700039952993393 -0.02102920040488243 0.38081198930740356
v -0.16654962301254272 -0.014913910068571568 0.38409098982810974
v -0.16560137271881104 -0.013994740322232246 0.38409098982810974
v -0.1700039952993393 -0.02102920040488243 0.38081198930740356
v -0.16560137271881104 -0.013994740322232246 0.38409098982810974
v -0.16619403660297394 -0.019209619611501694 0.3787892460823059
v -0.1700039952993393 -0.02102920040488243 0.38081198930740356
v -0.16619403660297394 -0.019209619611501694 0.3787892460823059
v -0.1643652468919754 -0.020935410633683205 0.3749743402004242
v -0.16422979533672333 -0.09990891814231873 0.34656986594200134
v -0.1659400463104248 -0.10373566299676895 0.35027530789375305
v -0.16880172491073608 -0.10373566299676895 0.3537386953830719
v -0.16422979533672333 -0.09990891814231873 0.34656986594200134
v -0.16880172491073608 -0.10373566299676895 0.3537386953830719
v -0.1698007881641388 -0.09801430255174637 0.3525170087814331
v -0.1684800088405609 -0.0694262683391571 0.3483159840106964
v -0.16561830043792725 -0.0694262683391571 0.3449678421020508
v -0.16583843529224396 -0.07514762878417969 0.34468546509742737
v -0.1684800088405609 -0.0694262683391571 0.3483159840106964
v -0.16583843529224396 -0.07514762878417969 0.34468546509742737
v -0.16870014369487762 -0.07514762878417969 0.3481142818927765
v -0.16583843529224396 -0.08085022866725922 0.34468546509742737
v -0.16334925591945648 -0.08085022866725922 0.3418271541595459
v -0.16312913596630096 -0.0865715891122818 0.3421095311641693
v -0.16583843529224396 -0.08085022866725922 0.34468546509742737
v -0.16312913596630096 -0.0865715891122818 0.3421095311641693
v -0.16561830043792725 -0.0865715891122818 0.3449678421020508
v -0.16583843529224396 -0.08085022866725922 0.34468546509742737
v -0.16583843529224396 -0.07514762878417969 0.34468546509742737
v -0.16334925591945648 -0.07514762878417969 0.3418271541595459
v -0.16583843529224396 -0.08085022866725922 0.34468546509742737
v -0.16334925591945648 -0.07514762878417969 0.3418271541595459
v -0.16334925591945648 -0.08085022866725922 0.3418271541595459
v -0.17499926686286926 -0.10945702344179153 0.3646014332771301
v -0.17188356816768646 -0.1091381311416626 0.36051568388938904
v -0.16947905719280243 -0.1108451634645462 0.3585851490497589
v -0.16947905719280243 -0.1108451634645462 0.3585851490497589
v -0.16507643461227417 -0.10771247744560242 0.35130107402801514
v -0.16406044363975525 -0.11152046173810959 0.35249394178390503
v -0.16517804563045502 -0.09229294955730438 0.34548649191856384
v -0.16312913596630096 -0.0865715891122818 0.3421095311641693
v -0.16267192363739014 -0.09229294955730438 0.3426281809806824
v -0.1647716462612152 -0.09610092639923096 0.3459475040435791
v -0.16267192363739014 -0.09229294955730438 0.3426281809806824
v -0.15981023013591766 -0.09229294955730438 0.3393779993057251
v -0.1647716462612152 -0.09610092639923096 0.3459475040435791
v -0.15981023013591766 -0.09229294955730438 0.3393779993057251
v -0.159285306930542 -0.09694506973028183 0.33997154235839844
v -0.1647716462612152 -0.09610092639923096 0.3459475040435791
v -0.159285306930542 -0.09694506973028183 0.33997154235839844
v -0.15874344110488892 -0.1007530465722084 0.340570867061615
v -0.1647716462612152 -0.09610092639923096 0.3459475040435791
v -0.15874344110488892 -0.1007530465722084 0.340570867061615
v -0.16422979533672333 -0.09990891814231873 0.34656986594200134
v -0.16422979533672333 -0.09990891814231873 0.34656986594200134
v -0.15874344110488892 -0.1007530465722084 0.340570867061615
v -0.1659400463104248 -0.10373566299676895 0.35027530789375305
v -0.15874344110488892 -0.1007530465722084 0.340570867061615
v -0.16346779465675354 -0.10373566299676895 0.3474169969558716
v -0.1659400463104248 -0.10373566299676895 0.35027530789375305
v -0.1659400463104248 -0.10373566299676895 0.35027530789375305
v -0.16346779465675354 -0.10373566299676895 0.3474169969558716
v -0.16507643461227417 -0.10771247744560242 0.35130107402801514
v -0.16334925591945648 -0.08085022866725922 0.3418271541595459
v -0.16334925591945648 -0.07514762878417969 0.3418271541595459
v -0.16050449013710022 -0.07514762878417969 0.338686466217041
v -0.16334925591945648 -0.08085022866725922 0.3418271541595459
v -0.16050449013710022 -0.07514762878417969 0.338686466217041
v -0.16050449013710022 -0.08085022866725922 0.338686466217041
v -0.16312913596630096 -0.0865715891122818 0.3421095311641693
v -0.1602674126625061 -0.0865715891122818 0.3388823866844177
v -0.15981023013591766 -0.09229294955730438 0.3393779993057251
v -0.16312913596630096 -0.0865715891122818 0.3421095311641693
v -0.15981023013591766 -0.09229294955730438 0.3393779993057251
v -0.16267192363739014 -0.09229294955730438 0.3426281809806824
v -0.15981023013591766 -0.09229294955730438 0.3393779993057251
v -0.1602674126625061 -0.0865715891122818 0.3388823866844177
v -0.15720252692699432 -0.09229294955730438 0.33651968836784363
v -0.15981023013591766 -0.09229294955730438 0.3393779993057251
v -0.15720252692699432 -0.09229294955730438 0.33651968836784363
v -0.159285306930542 -0.09694506973028183 0.33997154235839844
v -0.1700039952993393 -0.13496865332126617 0.38081198930740356
v -0.1684800088405609 -0.1391330510377884 0.38409098982810974
v -0.17032572627067566 -0.13714465498924255 0.38409098982810974
v -0.1700039952993393 -0.13496865332126617 0.38081198930740356
v -0.1700039952993393 -0.12922854721546173 0.3750838339328766
v -0.15894663333892822 -0.12391986697912216 0.357501745223999
v -0.159285306930542 -0.09694506973028183 0.33997154235839844
v -0.15693159401416779 -0.09852079302072525 0.3379085063934326
v -0.15874344110488892 -0.1007530465722084 0.340570867061615
v -0.15874344110488892 -0.1007530465722084 0.340570867061615
v -0.15693159401416779 -0.09852079302072525 0.3379085063934326
v -0.15315550565719604 -0.10107194632291794 0.3347274661064148
v -0.15874344110488892 -0.1007530465722084 0.340570867061615
v -0.15315550565719604 -0.10107194632291794 0.3347274661064148
v -0.15486575663089752 -0.10328546166419983 0.3375684916973114
v -0.15874344110488892 -0.1007530465722084 0.340570867061615
v -0.15486575663089752 -0.10328546166419983 0.3375684916973114
v -0.1580999791622162 -0.10373566299676895 0.341302752494812
v -0.15874344110488892 -0.1007530465722084 0.340570867061615
v -0.1580999791622162 -0.10373566299676895 0.341302752494812
v -0.16062301397323608 -0.10373566299676895 0.3441610634326935
v -0.15874344110488892 -0.1007530465722084 0.340570867061615
v -0.16062301397323608 -0.10373566299676895 0.3441610634326935
v -0.16346779465675354 -0.10373566299676895 0.3474169969558716
v -0.1713925153017044 -0.03627990186214447 0.3676326274871826
v -0.16988545656204224 -0.038493409752845764 0.3638177216053009
v -0.1731366366147995 -0.040744438767433167 0.36619195342063904
v -0.17007172107696533 -0.02669427916407585 0.37501469254493713
v -0.1700039952993393 -0.02102920040488243 0.38081198930740356
v -0.16451765596866608 -0.0265066996216774 0.3691021203994751
v -0.17168037593364716 -0.12542055547237396 0.37321093678474426
v -0.158929705619812 -0.11819850653409958 0.35180819034576416
v -0.1700039952993393 -0.12922854721546173 0.3750838339328766
v -0.17168037593364716 -0.12542055547237396 0.37321093678474426
v -0.1700039952993393 -0.12922854721546173 0.3750838339328766
v -0.1700039952993393 -0.13496865332126617 0.38081198930740356
v -0.1700039952993393 -0.13496865332126617 0.38081198930740356
v -0.1643821746110916 -0.1350812166929245 0.37496280670166016
v -0.16619403660297394 -0.13680699467658997 0.37877199053764343
v -0.1700039952993393 -0.13496865332126617 0.38081198930740356
v -0.16619403660297394 -0.13680699467658997 0.37877199053764343
v -0.16414512693881989 -0.14061498641967773 0.38088691234588623
v -0.1700039952993393 -0.13496865332126617 0.38081198930740356
v -0.16414512693881989 -0.14061498641967773 0.38088691234588623
v -0.1665326952934265 -0.14112146198749542 0.38409098982810974
v -0.1700039952993393 -0.13496865332126617 0.38081198930740356
v -0.1665326952934265 -0.14112146198749542 0.38409098982810974
v -0.1684800088405609 -0.1391330510377884 0.38409098982810974
v -0.17105384171009064 -0.04232015833258629 0.3623943030834198
v -0.16988545656204224 -0.038493409752845764 0.3638177216053009
v -0.16566909849643707 -0.04185120016336441 0.3563030958175659
v -0.17501619458198547 -0.046559590846300125 0.3645956814289093
v -0.17188356816768646 -0.04687849059700966 0.3605099022388458
v -0.1704103946685791 -0.04899819940328598 0.35744988918304443
v -0.1700039952993393 -0.13496865332126617 0.38081198930740356
v -0.15894663333892822 -0.12391986697912216 0.357501745223999
v -0.15335868299007416 -0.12401366233825684 0.35166412591934204
v -0.1700039952993393 -0.13496865332126617 0.38081198930740356
v -0.15335868299007416 -0.12401366233825684 0.35166412591934204
v -0.1643821746110916 -0.1350812166929245 0.37496280670166016
v -0.17005479335784912 -0.0324719212949276 0.3693211078643799
v -0.1645345836877823 -0.03222806006669998 0.36337974667549133
v -0.16444991528987885 -0.03804320842027664 0.35773801803588867
v -0.17005479335784912 -0.0324719212949276 0.3693211078643799
v -0.16444991528987885 -0.03804320842027664 0.35773801803588867
v -0.16988545656204224 -0.038493409752845764 0.3638177216053009
v -0.17005479335784912 -0.0324719212949276 0.3693211078643799
v -0.16988545656204224 -0.038493409752845764 0.3638177216053009
v -0.1713925153017044 -0.03627990186214447 0.3676326274871826
v -0.17005479335784912 -0.0324719212949276 0.3693211078643799
v -0.17007172107696533 -0.02669427916407585 0.37501469254493713
v -0.1645345836877823 -0.03222806006669998 0.36337974667549133
v -0.15335868299007416 -0.12401366233825684 0.35166412591934204
v -0.1571686565876007 -0.1220252513885498 0.35369259119033813
v -0.14771994948387146 -0.11842361092567444 0.34014442563056946
v -0.15335868299007416 -0.12401366233825684 0.35166412591934204
v -0.14771994948387146 -0.11842361092567444 0.34014442563056946
v -0.14209814369678497 -0.11851740628480911 0.3343413770198822
v -0.158929705619812 -0.11819850653409958 0.35180819034576416
v -0.14590811729431152 -0.11613506823778152 0.33632951974868774
v -0.14771994948387146 -0.11842361092567444 0.34014442563056946
v -0.158929705619812 -0.11819850653409958 0.35180819034576416
v -0.14771994948387146 -0.11842361092567444 0.34014442563056946
v -0.1571686565876007 -0.1220252513885498 0.35369259119033813
v -0.158929705619812 -0.11819850653409958 0.35180819034576416
v -0.1571686565876007 -0.1220252513885498 0.35369259119033813
v -0.15894663333892822 -0.12391986697912216 0.357501745223999
v -0.158929705619812 -0.11819850653409958 0.35180819034576416
v -0.15894663333892822 -0.12391986697912216 0.357501745223999
v -0.1700039952993393 -0.12922854721546173 0.3750838339328766
v -0.1643821746110916 -0.1350812166929245 0.37496280670166016
v -0.16414512693881989 -0.14061498641967773 0.38088691234588623
v -0.16619403660297394 -0.13680699467658997 0.37877199053764343
v -0.1643821746110916 -0.1350812166929245 0.37496280670166016
v -0.15335868299007416 -0.12401366233825684 0.35166412591934204
v -0.12965227663516998 -0.12211904674768448 0.32522472739219666
v -0.1647716462612152 -0.05989691987633705 0.3459417223930359
v -0.159285306930542 -0.05905279144644737 0.33997154235839844
v -0.15982715785503387 -0.06370490789413452 0.3393779993057251
v -0.1647716462612152 -0.05989691987633705 0.3459417223930359
v -0.15982715785503387 -0.06370490789413452 0.3393779993057251
v -0.16267192363739014 -0.06370490789413452 0.34262239933013916
v -0.16414512693881989 -0.14061498641967773 0.38088691234588623
v -0.16255339980125427 -0.14464807510375977 0.38409098982810974
v -0.16451765596866608 -0.14294104278087616 0.38409098982810974
v -0.16414512693881989 -0.14061498641967773 0.38088691234588623
v -0.16451765596866608 -0.14294104278087616 0.38409098982810974
v -0.1665326952934265 -0.14112146198749542 0.38409098982810974
v -0.16414512693881989 -0.14061498641967773 0.38088691234588623
v -0.12965227663516998 -0.12211904674768448 0.32522472739219666
v -0.12846696376800537 -0.1231507733464241 0.32522472739219666
v -0.16414512693881989 -0.14061498641967773 0.38088691234588623
v -0.12846696376800537 -0.1231507733464241 0.32522472739219666
v -0.1264011114835739 -0.12491407245397568 0.32522472739219666
v -0.16414512693881989 -0.14061498641967773 0.38088691234588623
v -0.1264011114835739 -0.12491407245397568 0.32522472739219666
v -0.16209621727466583 -0.14412282407283783 0.38300755620002747
v -0.15894663333892822 -0.12391986697912216 0.357501745223999
v -0.1571686565876007 -0.1220252513885498 0.35369259119033813
v -0.15335868299007416 -0.12401366233825684 0.35166412591934204
v -0.16334925591945648 -0.08085022866725922 0.3418271541595459
v -0.16050449013710022 -0.08085022866725922 0.338686466217041
v -0.1602674126625061 -0.0865715891122818 0.3388823866844177
v -0.16334925591945648 -0.08085022866725922 0.3418271541595459
v -0.1602674126625061 -0.0865715891122818 0.3388823866844177
v -0.16312913596630096 -0.0865715891122818 0.3421095311641693
v -0.16880172491073608 -0.052262190729379654 0.35375598073005676
v -0.16507643461227417 -0.04828538000583649 0.35130107402801514
v -0.1659400463104248 -0.052262190729379654 0.35026952624320984
v -0.16880172491073608 -0.052262190729379654 0.35375598073005676
v -0.1659400463104248 -0.052262190729379654 0.35026952624320984
v -0.16422979533672333 -0.056070178747177124 0.3465641140937805
v -0.16880172491073608 -0.052262190729379654 0.35375598073005676
v -0.16422979533672333 -0.056070178747177124 0.3465641140937805
v -0.16978386044502258 -0.05798355117440224 0.35252276062965393
v -0.16422979533672333 -0.056070178747177124 0.3465641140937805
v -0.1659400463104248 -0.052262190729379654 0.35026952624320984
v -0.16348473727703094 -0.052262190729379654 0.34741121530532837
v -0.16422979533672333 -0.056070178747177124 0.3465641140937805
v -0.16348473727703094 -0.052262190729379654 0.34741121530532837
v -0.15874344110488892 -0.055244799703359604 0.340570867061615
v -0.16422979533672333 -0.056070178747177124 0.3465641140937805
v -0.15874344110488892 -0.055244799703359604 0.340570867061615
v -0.1647716462612152 -0.05989691987633705 0.3459417223930359
v -0.159285306930542 -0.09694506973028183 0.33997154235839844
v -0.15720252692699432 -0.09229294955730438 0.33651968836784363
v -0.1536296308040619 -0.09801430255174637 0.3342318832874298
v -0.159285306930542 -0.09694506973028183 0.33997154235839844
v -0.1536296308040619 -0.09801430255174637 0.3342318832874298
v -0.15693159401416779 -0.09852079302072525 0.3379085063934326
v -0.1647716462612152 -0.05989691987633705 0.3459417223930359
v -0.16267192363739014 -0.06370490789413452 0.34262239933013916
v -0.16517804563045502 -0.06370490789413452 0.34548071026802063
v -0.1647716462612152 -0.05989691987633705 0.3459417223930359
v -0.15874344110488892 -0.055244799703359604 0.340570867061615
v -0.159285306930542 -0.05905279144644737 0.33997154235839844
v -0.16517804563045502 -0.06370490789413452 0.34548071026802063
v -0.16267192363739014 -0.06370490789413452 0.34262239933013916
v -0.16312913596630096 -0.0694262683391571 0.3421037495136261
v -0.16517804563045502 -0.06370490789413452 0.34548071026802063
v -0.16312913596630096 -0.0694262683391571 0.3421037495136261
v -0.16561830043792725 -0.0694262683391571 0.3449678421020508
v -0.16561830043792725 -0.0694262683391571 0.3449678421020508
v -0.16312913596630096 -0.0694262683391571 0.3421037495136261
v -0.16583843529224396 -0.07514762878417969 0.34468546509742737
v -0.16583843529224396 -0.07514762878417969 0.34468546509742737
v -0.16312913596630096 -0.0694262683391571 0.3421037495136261
v -0.16334925591945648 -0.07514762878417969 0.3418271541595459
v -0.15874344110488892 -0.055244799703359604 0.340570867061615
v -0.15689772367477417 -0.05747706815600395 0.3379085063934326
v -0.159285306930542 -0.05905279144644737 0.33997154235839844
v -0.15874344110488892 -0.055244799703359604 0.340570867061615
v -0.1581169068813324 -0.052262190729379654 0.3412969708442688
v -0.15230883657932281 -0.05117420107126236 0.33560916781425476
v -0.16406044363975525 -0.04447738826274872 0.35249394178390503
v -0.16507643461227417 -0.04828538000583649 0.35130107402801514
v -0.16947905719280243 -0.04519021883606911 0.3585793972015381
v -0.16406044363975525 -0.04447738826274872 0.35249394178390503
v -0.1631629914045334 -0.04029422998428345 0.3545742928981781
v -0.1585233062505722 -0.04412097856402397 0.3465352952480316
v -0.16947905719280243 -0.04519021883606911 0.3585793972015381
v -0.16507643461227417 -0.04828538000583649 0.35130107402801514
v -0.17188356816768646 -0.04687849059700966 0.3605099022388458
v -0.1643652468919754 -0.020935410633683205 0.3749743402004242
v -0.16619403660297394 -0.019209619611501694 0.3787892460823059
v -0.16412818431854248 -0.015401629731059074 0.3809099495410919
v -0.1643652468919754 -0.020935410633683205 0.3749743402004242
v -0.16412818431854248 -0.015401629731059074 0.3809099495410919
v -0.12900881469249725 -0.03333481028676033 0.32522472739219666
v -0.1643652468919754 -0.020935410633683205 0.3749743402004242
v -0.12900881469249725 -0.03333481028676033 0.32522472739219666
v -0.15335868299007416 -0.031984198838472366 0.35166412591934204
v -0.16406044363975525 -0.11152046173810959 0.35249394178390503
v -0.1585233062505722 -0.11187688261270523 0.3465352952480316
v -0.15999649465084076 -0.11515962332487106 0.3506268262863159
v -0.16406044363975525 -0.11152046173810959 0.35249394178390503
v -0.15999649465084076 -0.11515962332487106 0.3506268262863159
v -0.16312913596630096 -0.11566609889268875 0.3545742928981781
v -0.16507643461227417 -0.04828538000583649 0.35130107402801514
v -0.15960702300071716 -0.04792897030711174 0.3453308939933777
v -0.1581169068813324 -0.052262190729379654 0.3412969708442688
v -0.16507643461227417 -0.04828538000583649 0.35130107402801514
v -0.1581169068813324 -0.052262190729379654 0.3412969708442688
v -0.16348473727703094 -0.052262190729379654 0.34741121530532837
v -0.16507643461227417 -0.04828538000583649 0.35130107402801514
v -0.16348473727703094 -0.052262190729379654 0.34741121530532837
v -0.1659400463104248 -0.052262190729379654 0.35026952624320984
v -0.16348473727703094 -0.052262190729379654 0.34741121530532837
v -0.1581169068813324 -0.052262190729379654 0.3412969708442688
v -0.15874344110488892 -0.055244799703359604 0.340570867061615
v -0.15874344110488892 -0.055244799703359604 0.340570867061615
v -0.15312163531780243 -0.05500093847513199 0.3347562849521637
v -0.15359577536582947 -0.05798355117440224 0.3342779874801636
v -0.15874344110488892 -0.055244799703359604 0.340570867061615
v -0.15359577536582947 -0.05798355117440224 0.3342779874801636
v -0.15689772367477417 -0.05747706815600395 0.3379085063934326
v -0.158929705619812 -0.11819850653409958 0.35180819034576416
v -0.15298616886138916 -0.11217700690031052 0.34062275290489197
v -0.15185165405273438 -0.11515962332487106 0.3418214023113251
v -0.158929705619812 -0.11819850653409958 0.35180819034576416
v -0.15185165405273438 -0.11515962332487106 0.3418214023113251
v -0.14590811729431152 -0.11613506823778152 0.33632951974868774
v -0.1659400463104248 -0.10373566299676895 0.35027530789375305
v -0.16507643461227417 -0.10771247744560242 0.35130107402801514
v -0.16880172491073608 -0.10373566299676895 0.3537386953830719
v -0.16507643461227417 -0.10771247744560242 0.35130107402801514
v -0.15959009528160095 -0.10806889086961746 0.3453366458415985
v -0.16406044363975525 -0.11152046173810959 0.35249394178390503
v -0.16507643461227417 -0.10771247744560242 0.35130107402801514
v -0.16346779465675354 -0.10373566299676895 0.3474169969558716
v -0.16062301397323608 -0.10373566299676895 0.3441610634326935
v -0.16507643461227417 -0.10771247744560242 0.35130107402801514
v -0.16062301397323608 -0.10373566299676895 0.3441610634326935
v -0.1580999791622162 -0.10373566299676895 0.341302752494812
v -0.16507643461227417 -0.10771247744560242 0.35130107402801514
v -0.1580999791622162 -0.10373566299676895 0.341302752494812
v -0.15959009528160095 -0.10806889086961746 0.3453366458415985
v -0.16406044363975525 -0.11152046173810959 0.35249394178390503
v -0.15959009528160095 -0.10806889086961746 0.3453366458415985
v -0.1585233062505722 -0.11187688261270523 0.3465352952480316
v -0.1643821746110916 -0.1350812166929245 0.37496280670166016
v -0.12965227663516998 -0.12211904674768448 0.32522472739219666
v -0.16414512693881989 -0.14061498641967773 0.38088691234588623
v -0.16414512693881989 -0.14061498641967773 0.38088691234588623
v -0.16209621727466583 -0.14412282407283783 0.38300755620002747
v -0.16255339980125427 -0.14464807510375977 0.38409098982810974
v -0.16406044363975525 -0.11152046173810959 0.35249394178390503
v -0.16312913596630096 -0.11566609889268875 0.3545742928981781
v -0.16566909849643707 -0.11409039050340652 0.3563030958175659
v -0.16566909849643707 -0.11409039050340652 0.3563030958175659
v -0.16312913596630096 -0.11566609889268875 0.3545742928981781
v -0.16441604495048523 -0.1178983673453331 0.35778990387916565
v -0.16566909849643707 -0.11409039050340652 0.3563030958175659
v -0.16441604495048523 -0.1178983673453331 0.35778990387916565
v -0.1698177307844162 -0.11742941290140152 0.36388108134269714
v -0.16441604495048523 -0.1178983673453331 0.35778990387916565
v -0.16312913596630096 -0.11566609889268875 0.3545742928981781
v -0.158929705619812 -0.11819850653409958 0.35180819034576416
v -0.158929705619812 -0.11819850653409958 0.35180819034576416
v -0.16312913596630096 -0.11566609889268875 0.3545742928981781
v -0.15999649465084076 -0.11515962332487106 0.3506268262863159
v -0.158929705619812 -0.11819850653409958 0.35180819034576416
v -0.15999649465084076 -0.11515962332487106 0.3506268262863159
v -0.15298616886138916 -0.11217700690031052 0.34062275290489197
v -0.15315550565719604 -0.10107194632291794 0.3347274661064148
v -0.15232577919960022 -0.10489869117736816 0.3355918824672699
v -0.15486575663089752 -0.10328546166419983 0.3375684916973114
v -0.15486575663089752 -0.10328546166419983 0.3375684916973114
v -0.15232577919960022 -0.10489869117736816 0.3355918824672699
v -0.1580999791622162 -0.10373566299676895 0.341302752494812
v -0.15720252692699432 -0.09229294955730438 0.33651968836784363
v -0.15434083342552185 -0.09229294955730438 0.33349424600601196
v -0.1536296308040619 -0.09801430255174637 0.3342318832874298
v -0.1536296308040619 -0.09801430255174637 0.3342318832874298
v -0.1479739546775818 -0.09801430255174637 0.3284403383731842
v -0.15315550565719604 -0.10107194632291794 0.3347274661064148
v -0.1536296308040619 -0.09801430255174637 0.3342318832874298
v -0.15315550565719604 -0.10107194632291794 0.3347274661064148
v -0.15693159401416779 -0.09852079302072525 0.3379085063934326
v -0.1536296308040619 -0.09801430255174637 0.3342318832874298
v -0.15434083342552185 -0.09229294955730438 0.33349424600601196
v -0.15158070623874664 -0.09229294955730438 0.3306359350681305
v -0.1536296308040619 -0.09801430255174637 0.3342318832874298
v -0.15158070623874664 -0.09229294955730438 0.3306359350681305
v -0.14871901273727417 -0.09229294955730438 0.32767391204833984
v -0.1536296308040619 -0.09801430255174637 0.3342318832874298
v -0.14871901273727417 -0.09229294955730438 0.32767391204833984
v -0.14633144438266754 -0.09229294955730438 0.32522472739219666
v -0.1645345836877823 -0.03222806006669998 0.36337974667549133
v -0.158929705619812 -0.037799350917339325 0.351813942193985
v -0.16444991528987885 -0.03804320842027664 0.35773801803588867
v -0.16444991528987885 -0.03804320842027664 0.35773801803588867
v -0.158929705619812 -0.037799350917339325 0.351813942193985
v -0.15999649465084076 -0.04083823040127754 0.35063257813453674
v -0.15315550565719604 -0.10107194632291794 0.3347274661064148
v -0.14517998695373535 -0.09801430255174637 0.32558202743530273
v -0.1446550488471985 -0.0985020324587822 0.32522472739219666
v -0.15315550565719604 -0.10107194632291794 0.3347274661064148
v -0.1446550488471985 -0.0985020324587822 0.32522472739219666
v -0.14744901657104492 -0.10114698112010956 0.32898780703544617
v -0.15315550565719604 -0.10107194632291794 0.3347274661064148
v -0.14744901657104492 -0.10114698112010956 0.32898780703544617
v -0.14326654374599457 -0.10238505154848099 0.32522472739219666
v -0.15315550565719604 -0.10107194632291794 0.3347274661064148
v -0.14326654374599457 -0.10238505154848099 0.32522472739219666
v -0.14258921146392822 -0.10411083698272705 0.32522472739219666
v -0.15315550565719604 -0.10107194632291794 0.3347274661064148
v -0.14258921146392822 -0.10411083698272705 0.32522472739219666
v -0.14667008817195892 -0.10495497286319733 0.3297773003578186
v -0.15315550565719604 -0.10107194632291794 0.3347274661064148
v -0.14667008817195892 -0.10495497286319733 0.3297773003578186
v -0.15232577919960022 -0.10489869117736816 0.3355918824672699
v -0.16406044363975525 -0.04447738826274872 0.35249394178390503
v -0.1585233062505722 -0.04412097856402397 0.3465352952480316
v -0.15960702300071716 -0.04792897030711174 0.3453308939933777
v -0.16406044363975525 -0.04447738826274872 0.35249394178390503
v -0.15960702300071716 -0.04792897030711174 0.3453308939933777
v -0.16507643461227417 -0.04828538000583649 0.35130107402801514
v -0.15335868299007416 -0.12401366233825684 0.35166412591934204
v -0.14209814369678497 -0.11851740628480911 0.3343413770198822
v -0.13644246757030487 -0.11859244108200073 0.32854408025741577
v -0.15335868299007416 -0.12401366233825684 0.35166412591934204
v -0.13644246757030487 -0.11859244108200073 0.32854408025741577
v -0.13195519149303436 -0.11988677829504013 0.32522472739219666
v -0.15335868299007416 -0.12401366233825684 0.35166412591934204
v -0.13195519149303436 -0.11988677829504013 0.32522472739219666
v -0.12965227663516998 -0.12211904674768448 0.32522472739219666
v -0.1645345836877823 -0.03222806006669998 0.36337974667549133
v -0.16558443009853363 -0.02993950992822647 0.3668258488178253
v -0.16451765596866608 -0.0265066996216774 0.3691021203994751
v -0.1645345836877823 -0.03222806006669998 0.36337974667549133
v -0.16451765596866608 -0.0265066996216774 0.3691021203994751
v -0.15898050367832184 -0.03205922991037369 0.35747870802879333
v -0.1645345836877823 -0.03222806006669998 0.36337974667549133
v -0.15898050367832184 -0.03205922991037369 0.35747870802879333
v -0.158929705619812 -0.037799350917339325 0.351813942193985
v -0.16560137271881104 -0.013994740322232246 0.38409098982810974
v -0.16412818431854248 -0.015401629731059074 0.3809099495410919
v -0.16619403660297394 -0.019209619611501694 0.3787892460823059
v -0.16560137271881104 -0.013994740322232246 0.38409098982810974
v -0.16253647208213806 -0.011368540115654469 0.38409098982810974
v -0.16412818431854248 -0.015401629731059074 0.3809099495410919
v -0.16444991528987885 -0.03804320842027664 0.35773801803588867
v -0.15999649465084076 -0.04083823040127754 0.35063257813453674
v -0.1631629914045334 -0.04029422998428345 0.3545742928981781
v -0.16444991528987885 -0.03804320842027664 0.35773801803588867
v -0.1631629914045334 -0.04029422998428345 0.3545742928981781
v -0.16566909849643707 -0.04185120016336441 0.3563030958175659
v -0.16444991528987885 -0.03804320842027664 0.35773801803588867
v -0.16566909849643707 -0.04185120016336441 0.3563030958175659
v -0.16988545656204224 -0.038493409752845764 0.3638177216053009
v -0.16451765596866608 -0.0265066996216774 0.3691021203994751
v -0.1643652468919754 -0.020935410633683205 0.3749743402004242
v -0.15335868299007416 -0.031984198838472366 0.35166412591934204
v -0.16451765596866608 -0.0265066996216774 0.3691021203994751
v -0.15335868299007416 -0.031984198838472366 0.35166412591934204
v -0.15898050367832184 -0.03205922991037369 0.35747870802879333
v -0.16566909849643707 -0.04185120016336441 0.3563030958175659
v -0.1631629914045334 -0.04029422998428345 0.3545742928981781
v -0.16406044363975525 -0.04447738826274872 0.35249394178390503
v -0.12965227663516998 -0.12211904674768448 0.32522472739219666
v -0.14324960112571716 -0.05365031957626343 0.32522472739219666
v -0.14296174049377441 -0.052899979054927826 0.32522472739219666
v -0.12965227663516998 -0.12211904674768448 0.32522472739219666
v -0.14296174049377441 -0.052899979054927826 0.32522472739219666
v -0.142572283744812 -0.05190578103065491 0.32522472739219666
v -0.12965227663516998 -0.12211904674768448 0.32522472739219666
v -0.13720446825027466 -0.11352763324975967 0.32522472739219666
v -0.13987989723682404 -0.10945702344179153 0.32522472739219666
v -0.12965227663516998 -0.12211904674768448 0.32522472739219666
v -0.13987989723682404 -0.10945702344179153 0.32522472739219666
v -0.14258921146392822 -0.10411083698272705 0.32522472739219666
v -0.12965227663516998 -0.12211904674768448 0.32522472739219666
v -0.14258921146392822 -0.10411083698272705 0.32522472739219666
v -0.14326654374599457 -0.10238505154848099 0.32522472739219666
v -0.12965227663516998 -0.12211904674768448 0.32522472739219666
v -0.14326654374599457 -0.10238505154848099 0.32522472739219666
v -0.1446550488471985 -0.0985020324587822 0.32522472739219666
v -0.12965227663516998 -0.12211904674768448 0.32522472739219666
v -0.1446550488471985 -0.0985020324587822 0.32522472739219666
v -0.14482438564300537 -0.09801430255174637 0.32522472739219666
v -0.12965227663516998 -0.12211904674768448 0.32522472739219666
v -0.14482438564300537 -0.09801430255174637 0.32522472739219666
v -0.14633144438266754 -0.09229294955730438 0.32522472739219666
v -0.15982715785503387 -0.06370490789413452 0.3393779993057251
v -0.1602843552827835 -0.0694262683391571 0.3388823866844177
v -0.16312913596630096 -0.0694262683391571 0.3421037495136261
v -0.15982715785503387 -0.06370490789413452 0.3393779993057251
v -0.16312913596630096 -0.0694262683391571 0.3421037495136261
v -0.16267192363739014 -0.06370490789413452 0.34262239933013916
v -0.12965227663516998 -0.12211904674768448 0.32522472739219666
v -0.1476014256477356 -0.08085022866725922 0.32522472739219666
v -0.1476014256477356 -0.07514762878417969 0.32522472739219666
v -0.12965227663516998 -0.12211904674768448 0.32522472739219666
v -0.1476014256477356 -0.07514762878417969 0.32522472739219666
v -0.14716115593910217 -0.0694262683391571 0.32522472739219666
v -0.12965227663516998 -0.12211904674768448 0.32522472739219666
v -0.14716115593910217 -0.0694262683391571 0.32522472739219666
v -0.14631450176239014 -0.06370490789413452 0.32522472739219666
v -0.12965227663516998 -0.12211904674768448 0.32522472739219666
v -0.14631450176239014 -0.06370490789413452 0.32522472739219666
v -0.14556944370269775 -0.060891129076480865 0.32522472739219666
v -0.12965227663516998 -0.12211904674768448 0.32522472739219666
v -0.14556944370269775 -0.060891129076480865 0.32522472739219666
v -0.14479051530361176 -0.05798355117440224 0.32522472739219666
v -0.12965227663516998 -0.12211904674768448 0.32522472739219666
v -0.14479051530361176 -0.05798355117440224 0.32522472739219666
v -0.14324960112571716 -0.05365031957626343 0.32522472739219666
v -0.1602674126625061 -0.0865715891122818 0.3388823866844177
v -0.15764278173446655 -0.0865715891122818 0.33601832389831543
v -0.15720252692699432 -0.09229294955730438 0.33651968836784363
v -0.15720252692699432 -0.09229294955730438 0.33651968836784363
v -0.15764278173446655 -0.0865715891122818 0.33601832389831543
v -0.15434083342552185 -0.09229294955730438 0.33349424600601196
v -0.15874344110488892 -0.055244799703359604 0.340570867061615
v -0.15230883657932281 -0.05117420107126236 0.33560916781425476
v -0.15312163531780243 -0.05500093847513199 0.3347562849521637
v -0.159285306930542 -0.05905279144644737 0.33997154235839844
v -0.15359577536582947 -0.05798355117440224 0.3342779874801636
v -0.1571855992078781 -0.06370490789413452 0.33651968836784363
v -0.159285306930542 -0.05905279144644737 0.33997154235839844
v -0.1571855992078781 -0.06370490789413452 0.33651968836784363
v -0.15982715785503387 -0.06370490789413452 0.3393779993057251
v -0.159285306930542 -0.05905279144644737 0.33997154235839844
v -0.15689772367477417 -0.05747706815600395 0.3379085063934326
v -0.15359577536582947 -0.05798355117440224 0.3342779874801636
v -0.15982715785503387 -0.06370490789413452 0.3393779993057251
v -0.1571855992078781 -0.06370490789413452 0.33651968836784363
v -0.15764278173446655 -0.0694262683391571 0.33601832389831543
v -0.15982715785503387 -0.06370490789413452 0.3393779993057251
v -0.15764278173446655 -0.0694262683391571 0.33601832389831543
v -0.1602843552827835 -0.0694262683391571 0.3388823866844177
v -0.1536296308040619 -0.09801430255174637 0.3342318832874298
v -0.14633144438266754 -0.09229294955730438 0.32522472739219666
v -0.1479739546775818 -0.09801430255174637 0.3284403383731842
v -0.15315550565719604 -0.10107194632291794 0.3347274661064148
v -0.1479739546775818 -0.09801430255174637 0.3284403383731842
v -0.14517998695373535 -0.09801430255174637 0.32558202743530273
v -0.16312913596630096 -0.0694262683391571 0.3421037495136261
v -0.1602843552827835 -0.0694262683391571 0.3388823866844177
v -0.16334925591945648 -0.07514762878417969 0.3418271541595459
v -0.16334925591945648 -0.07514762878417969 0.3418271541595459
v -0.1602843552827835 -0.0694262683391571 0.3388823866844177
v -0.16050449013710022 -0.07514762878417969 0.338686466217041
v -0.16050449013710022 -0.08085022866725922 0.338686466217041
v -0.15782904624938965 -0.08085022866725922 0.33582815527915955
v -0.15764278173446655 -0.0865715891122818 0.33601832389831543
v -0.16050449013710022 -0.08085022866725922 0.338686466217041
v -0.15764278173446655 -0.0865715891122818 0.33601832389831543
v -0.1602674126625061 -0.0865715891122818 0.3388823866844177
v -0.16050449013710022 -0.08085022866725922 0.338686466217041
v -0.16050449013710022 -0.07514762878417969 0.338686466217041
v -0.15782904624938965 -0.07514762878417969 0.33582815527915955
v -0.16050449013710022 -0.08085022866725922 0.338686466217041
v -0.15782904624938965 -0.07514762878417969 0.33582815527915955
v -0.15782904624938965 -0.08085022866725922 0.33582815527915955
v -0.12965227663516998 -0.12211904674768448 0.32522472739219666
v -0.07483965158462524 -0.01163117028772831 0.32522472739219666
v -0.07014916837215424 -0.010974610224366188 0.32522472739219666
v -0.12965227663516998 -0.12211904674768448 0.32522472739219666
v -0.07014916837215424 -0.010974610224366188 0.32522472739219666
v -0.06913317739963531 -0.010843309573829174 0.32522472739219666
v -0.12965227663516998 -0.12211904674768448 0.32522472739219666
v -0.1162412166595459 -0.024386979639530182 0.32522472739219666
v -0.1111781969666481 -0.02174202911555767 0.32522472739219666
v -0.12965227663516998 -0.12211904674768448 0.32522472739219666
v -0.1111781969666481 -0.02174202911555767 0.32522472739219666
v -0.10780850797891617 -0.02024134062230587 0.32522472739219666
v -0.12965227663516998 -0.12211904674768448 0.32522472739219666
v -0.10780850797891617 -0.02024134062230587 0.32522472739219666
v -0.10438801348209381 -0.018965760245919228 0.32522472739219666
v -0.12965227663516998 -0.12211904674768448 0.32522472739219666
v -0.10438801348209381 -0.018965760245919228 0.32522472739219666
v -0.10342282056808472 -0.01860935054719448 0.32522472739219666
v -0.12965227663516998 -0.12211904674768448 0.32522472739219666
v -0.10342282056808472 -0.01860935054719448 0.32522472739219666
v -0.09873233735561371 -0.01703362911939621 0.32522472739219666
v -0.12965227663516998 -0.12211904674768448 0.32522472739219666
v -0.09873233735561371 -0.01703362911939621 0.32522472739219666
v -0.09753008186817169 -0.016658460721373558 0.32522472739219666
v -0.15298616886138916 -0.11217700690031052 0.34062275290489197
v -0.15144525468349457 -0.10994473844766617 0.3375684916973114
v -0.14736436307430267 -0.11232707649469376 0.33480238914489746
v -0.15298616886138916 -0.11217700690031052 0.34062275290489197
v -0.14736436307430267 -0.11232707649469376 0.33480238914489746
v -0.14866821467876434 -0.11461561918258667 0.3380122184753418
v -0.12965227663516998 -0.12211904674768448 0.32522472739219666
v -0.09070602059364319 -0.01472632959485054 0.32522472739219666
v -0.08726859092712402 -0.013957230374217033 0.32522472739219666
v -0.12965227663516998 -0.12211904674768448 0.32522472739219666
v -0.08726859092712402 -0.013957230374217033 0.32522472739219666
v -0.08628647029399872 -0.013750880025327206 0.32522472739219666
v -0.12965227663516998 -0.12211904674768448 0.32522472739219666
v -0.08628647029399872 -0.013750880025327206 0.32522472739219666
v -0.0815790519118309 -0.012775439769029617 0.32522472739219666
v -0.12965227663516998 -0.12211904674768448 0.32522472739219666
v -0.0815790519118309 -0.012775439769029617 0.32522472739219666
v -0.08056306093931198 -0.012587849982082844 0.32522472739219666
v -0.12965227663516998 -0.12211904674768448 0.32522472739219666
v -0.08056306093931198 -0.012587849982082844 0.32522472739219666
v -0.07585564255714417 -0.011781229637563229 0.32522472739219666
v -0.12965227663516998 -0.12211904674768448 0.32522472739219666
v -0.07585564255714417 -0.011781229637563229 0.32522472739219666
v -0.07483965158462524 -0.01163117028772831 0.32522472739219666
v -0.12965227663516998 -0.12211904674768448 0.32522472739219666
v -0.13195519149303436 -0.11988677829504013 0.32522472739219666
v -0.13544341921806335 -0.11587245017290115 0.32522472739219666
v -0.12965227663516998 -0.12211904674768448 0.32522472739219666
v -0.13544341921806335 -0.11587245017290115 0.32522472739219666
v -0.13720446825027466 -0.11352763324975967 0.32522472739219666
v -0.1580999791622162 -0.10373566299676895 0.341302752494812
v -0.15232577919960022 -0.10489869117736816 0.3355918824672699
v -0.15410375595092773 -0.10836903005838394 0.3394010365009308
v -0.1580999791622162 -0.10373566299676895 0.341302752494812
v -0.15410375595092773 -0.10836903005838394 0.3394010365009308
v -0.15959009528160095 -0.10806889086961746 0.3453366458415985
v -0.15959009528160095 -0.10806889086961746 0.3453366458415985
v -0.15410375595092773 -0.10836903005838394 0.3394010365009308
v -0.1585233062505722 -0.11187688261270523 0.3465352952480316
v -0.1585233062505722 -0.11187688261270523 0.3465352952480316
v -0.15298616886138916 -0.11217700690031052 0.34062275290489197
v -0.15999649465084076 -0.11515962332487106 0.3506268262863159
v -0.1585233062505722 -0.11187688261270523 0.3465352952480316
v -0.15410375595092773 -0.10836903005838394 0.3394010365009308
v -0.15298616886138916 -0.11217700690031052 0.34062275290489197
v -0.15298616886138916 -0.11217700690031052 0.34062275290489197
v -0.15410375595092773 -0.10836903005838394 0.3394010365009308
v -0.15144525468349457 -0.10994473844766617 0.3375684916973114
v -0.12965227663516998 -0.12211904674768448 0.32522472739219666
v -0.14633144438266754 -0.09229294955730438 0.32522472739219666
v -0.14717809855937958 -0.0865715891122818 0.32522472739219666
v -0.12965227663516998 -0.12211904674768448 0.32522472739219666
v -0.14717809855937958 -0.0865715891122818 0.32522472739219666
v -0.1476014256477356 -0.08085022866725922 0.32522472739219666
v -0.15298616886138916 -0.11217700690031052 0.34062275290489197
v -0.14866821467876434 -0.11461561918258667 0.3380122184753418
v -0.15185165405273438 -0.11515962332487106 0.3418214023113251
v -0.15185165405273438 -0.11515962332487106 0.3418214023113251
v -0.14866821467876434 -0.11461561918258667 0.3380122184753418
v -0.14590811729431152 -0.11613506823778152 0.33632951974868774
v -0.14590811729431152 -0.11613506823778152 0.33632951974868774
v -0.14866821467876434 -0.11461561918258667 0.3380122184753418
v -0.14736436307430267 -0.11232707649469376 0.33480238914489746
v -0.14590811729431152 -0.11613506823778152 0.33632951974868774
v -0.14736436307430267 -0.11232707649469376 0.33480238914489746
v -0.14025244116783142 -0.11624761670827866 0.3305264413356781
v -0.14590811729431152 -0.11613506823778152 0.33632951974868774
v -0.14025244116783142 -0.11624761670827866 0.3305264413356781
v -0.14209814369678497 -0.11851740628480911 0.3343413770198822
v -0.14590811729431152 -0.11613506823778152 0.33632951974868774
v -0.14209814369678497 -0.11851740628480911 0.3343413770198822
v -0.14771994948387146 -0.11842361092567444 0.34014442563056946
v -0.12965227663516998 -0.12211904674768448 0.32522472739219666
v -0.006599039770662785 -0.12088097631931305 0.32522472739219666
v -0.007191699929535389 -0.12558938562870026 0.32522472739219666
v -0.12965227663516998 -0.12211904674768448 0.32522472739219666
v -0.007191699929535389 -0.12558938562870026 0.32522472739219666
v -0.007327159866690636 -0.12660233676433563 0.32522472739219666
v -0.12965227663516998 -0.12211904674768448 0.32522472739219666
v -0.020704360678792 -0.014670049771666527 0.32522472739219666
v -0.018350649625062943 -0.015964390709996223 0.32522472739219666
v -0.12965227663516998 -0.12211904674768448 0.32522472739219666
v -0.018350649625062943 -0.015964390709996223 0.32522472739219666
v -0.017842650413513184 -0.01624576933681965 0.32522472739219666
v -0.12965227663516998 -0.12211904674768448 0.32522472739219666
v -0.017842650413513184 -0.01624576933681965 0.32522472739219666
v -0.01708066090941429 -0.016752250492572784 0.32522472739219666
v -0.12965227663516998 -0.12211904674768448 0.32522472739219666
v -0.01708066090941429 -0.016752250492572784 0.32522472739219666
v -0.013829490169882774 -0.019097069278359413 0.32522472739219666
v -0.12965227663516998 -0.12211904674768448 0.32522472739219666
v -0.013829490169882774 -0.019097069278359413 0.32522472739219666
v -0.0109678003937006 -0.02189210057258606 0.32522472739219666
v -0.12965227663516998 -0.12211904674768448 0.32522472739219666
v -0.0109678003937006 -0.02189210057258606 0.32522472739219666
v -0.010595260187983513 -0.022398579865694046 0.32522472739219666
v -0.12965227663516998 -0.12211904674768448 0.32522472739219666
v -0.13483382761478424 -0.039393819868564606 0.32522472739219666
v -0.13193826377391815 -0.03614860028028488 0.32522472739219666
v -0.12965227663516998 -0.12211904674768448 0.32522472739219666
v -0.13193826377391815 -0.03614860028028488 0.32522472739219666
v -0.13119320571422577 -0.03541700914502144 0.32522472739219666
v -0.12965227663516998 -0.12211904674768448 0.32522472739219666
v -0.007631959859281778 -0.028588900342583656 0.32522472739219666
v -0.007344100158661604 -0.02939552068710327 0.32522472739219666
v -0.12965227663516998 -0.12211904674768448 0.32522472739219666
v -0.007344100158661604 -0.02939552068710327 0.32522472739219666
v -0.006599039770662785 -0.03511686995625496 0.32522472739219666
v -0.12965227663516998 -0.12211904674768448 0.32522472739219666
v -0.006599039770662785 -0.03511686995625496 0.32522472739219666
v -0.00651436997577548 -0.039806511253118515 0.32522472739219666
v -0.12965227663516998 -0.12211904674768448 0.32522472739219666
v -0.00651436997577548 -0.039806511253118515 0.32522472739219666
v -0.006497439928352833 -0.04083823040127754 0.32522472739219666
v -0.12965227663516998 -0.12211904674768448 0.32522472739219666
v -0.006497439928352833 -0.04083823040127754 0.32522472739219666
v -0.006497439928352833 -0.11515962332487106 0.32522472739219666
v -0.12965227663516998 -0.12211904674768448 0.32522472739219666
v -0.006497439928352833 -0.11515962332487106 0.32522472739219666
v -0.006599039770662785 -0.12088097631931305 0.32522472739219666
v -0.12965227663516998 -0.12211904674768448 0.32522472739219666
v -0.12128730118274689 -0.027313319966197014 0.32522472739219666
v -0.11947544664144516 -0.026150280609726906 0.32522472739219666
v -0.12965227663516998 -0.12211904674768448 0.32522472739219666
v -0.11947544664144516 -0.026150280609726906 0.32522472739219666
v -0.1162412166595459 -0.024386979639530182 0.32522472739219666
v -0.12965227663516998 -0.12211904674768448 0.32522472739219666
v -0.142572283744812 -0.05190578103065491 0.32522472739219666
v -0.14148856699466705 -0.04963599145412445 0.32522472739219666
v -0.12965227663516998 -0.12211904674768448 0.32522472739219666
v -0.14148856699466705 -0.04963599145412445 0.32522472739219666
v -0.1398460417985916 -0.046559590846300125 0.32522472739219666
v -0.12965227663516998 -0.12211904674768448 0.32522472739219666
v -0.1398460417985916 -0.046559590846300125 0.32522472739219666
v -0.13718754053115845 -0.04248898848891258 0.32522472739219666
v -0.12965227663516998 -0.12211904674768448 0.32522472739219666
v -0.13718754053115845 -0.04248898848891258 0.32522472739219666
v -0.1365271359682083 -0.04158857837319374 0.32522472739219666
v -0.12965227663516998 -0.12211904674768448 0.32522472739219666
v -0.1365271359682083 -0.04158857837319374 0.32522472739219666
v -0.1353587657213211 -0.040069129317998886 0.32522472739219666
v -0.12965227663516998 -0.12211904674768448 0.32522472739219666
v -0.1353587657213211 -0.040069129317998886 0.32522472739219666
v -0.13483382761478424 -0.039393819868564606 0.32522472739219666
v -0.12965227663516998 -0.12211904674768448 0.32522472739219666
v -0.09753008186817169 -0.016658460721373558 0.32522472739219666
v -0.0940418466925621 -0.01562673971056938 0.32522472739219666
v -0.12965227663516998 -0.12211904674768448 0.32522472739219666
v -0.0940418466925621 -0.01562673971056938 0.32522472739219666
v -0.09070602059364319 -0.01472632959485054 0.32522472739219666
v -0.12965227663516998 -0.12211904674768448 0.32522472739219666
v -0.13119320571422577 -0.03541700914502144 0.32522472739219666
v -0.12900881469249725 -0.03333481028676033 0.32522472739219666
v -0.12965227663516998 -0.12211904674768448 0.32522472739219666
v -0.12900881469249725 -0.03333481028676033 0.32522472739219666
v -0.1263841837644577 -0.031121300533413887 0.32522472739219666
v -0.12965227663516998 -0.12211904674768448 0.32522472739219666
v -0.1263841837644577 -0.031121300533413887 0.32522472739219666
v -0.12584231793880463 -0.03068985976278782 0.32522472739219666
v -0.12965227663516998 -0.12211904674768448 0.32522472739219666
v -0.12584231793880463 -0.03068985976278782 0.32522472739219666
v -0.12198156118392944 -0.027801040560007095 0.32522472739219666
v -0.12965227663516998 -0.12211904674768448 0.32522472739219666
v -0.12198156118392944 -0.027801040560007095 0.32522472739219666
v -0.12159208953380585 -0.02751966007053852 0.32522472739219666
v -0.12965227663516998 -0.12211904674768448 0.32522472739219666
v -0.12159208953380585 -0.02751966007053852 0.32522472739219666
v -0.12128730118274689 -0.027313319966197014 0.32522472739219666
v -0.12965227663516998 -0.12211904674768448 0.32522472739219666
v -0.09873233735561371 -0.13898299634456635 0.32522472739219666
v -0.10438801348209381 -0.13701334595680237 0.32522472739219666
v -0.12965227663516998 -0.12211904674768448 0.32522472739219666
v -0.10438801348209381 -0.13701334595680237 0.32522472739219666
v -0.10821490734815598 -0.13555017113685608 0.32522472739219666
v -0.12965227663516998 -0.12211904674768448 0.32522472739219666
v -0.04840699955821037 -0.14689908921718597 0.32522472739219666
v -0.052267760038375854 -0.146842822432518 0.32522472739219666
v -0.12965227663516998 -0.12211904674768448 0.32522472739219666
v -0.052267760038375854 -0.146842822432518 0.32522472739219666
v -0.05341921001672745 -0.14678654074668884 0.32522472739219666
v -0.12965227663516998 -0.12211904674768448 0.32522472739219666
v -0.05341921001672745 -0.14678654074668884 0.32522472739219666
v -0.057584770023822784 -0.1464676558971405 0.32522472739219666
v -0.12965227663516998 -0.12211904674768448 0.32522472739219666
v -0.057584770023822784 -0.1464676558971405 0.32522472739219666
v -0.059159550815820694 -0.14633634686470032 0.32522472739219666
v -0.12965227663516998 -0.12211904674768448 0.32522472739219666
v -0.059159550815820694 -0.14633634686470032 0.32522472739219666
v -0.059921540319919586 -0.1462613046169281 0.32522472739219666
v -0.12965227663516998 -0.12211904674768448 0.32522472739219666
v -0.059921540319919586 -0.1462613046169281 0.32522472739219666
v -0.0644257590174675 -0.14575481414794922 0.32522472739219666
v -0.12965227663516998 -0.12211904674768448 0.32522472739219666
v -0.04727248102426529 -0.009117520414292812 0.32522472739219666
v -0.04623955860733986 -0.009117520414292812 0.32522472739219666
v -0.12965227663516998 -0.12211904674768448 0.32522472739219666
v -0.04623955860733986 -0.009117520414292812 0.32522472739219666
v -0.04288678988814354 -0.009267590008676052 0.32522472739219666
v -0.12965227663516998 -0.12211904674768448 0.32522472739219666
v -0.07585564255714417 -0.1442166268825531 0.32522472739219666
v -0.0815790519118309 -0.14322242140769958 0.32522472739219666
v -0.12965227663516998 -0.12211904674768448 0.32522472739219666
v -0.0815790519118309 -0.14322242140769958 0.32522472739219666
v -0.08726859092712402 -0.14204062521457672 0.32522472739219666
v -0.12965227663516998 -0.12211904674768448 0.32522472739219666
v -0.08726859092712402 -0.14204062521457672 0.32522472739219666
v -0.09116321802139282 -0.14114022254943848 0.32522472739219666
v -0.12965227663516998 -0.12211904674768448 0.32522472739219666
v -0.09116321802139282 -0.14114022254943848 0.32522472739219666
v -0.0930597335100174 -0.14065249264240265 0.32522472739219666
v -0.12965227663516998 -0.12211904674768448 0.32522472739219666
v -0.0930597335100174 -0.14065249264240265 0.32522472739219666
v -0.09405878931283951 -0.14038987457752228 0.32522472739219666
v -0.12965227663516998 -0.12211904674768448 0.32522472739219666
v -0.09405878931283951 -0.14038987457752228 0.32522472739219666
v -0.09873233735561371 -0.13898299634456635 0.32522472739219666
v -0.12965227663516998 -0.12211904674768448 0.32522472739219666
v -0.02437884919345379 -0.013150610029697418 0.32522472739219666
v -0.023803120478987694 -0.013375709764659405 0.32522472739219666
v -0.12965227663516998 -0.12211904674768448 0.32522472739219666
v -0.023803120478987694 -0.013375709764659405 0.32522472739219666
v -0.020704360678792 -0.014670049771666527 0.32522472739219666
v -0.12965227663516998 -0.12211904674768448 0.32522472739219666
v -0.06913317739963531 -0.010843309573829174 0.32522472739219666
v -0.0644257590174675 -0.01026178989559412 0.32522472739219666
v -0.12965227663516998 -0.12211904674768448 0.32522472739219666
v -0.0644257590174675 -0.01026178989559412 0.32522472739219666
v -0.05910874903202057 -0.009661519899964333 0.32522472739219666
v -0.12965227663516998 -0.12211904674768448 0.32522472739219666
v -0.05910874903202057 -0.009661519899964333 0.32522472739219666
v -0.055400390177965164 -0.009342620149254799 0.32522472739219666
v -0.12965227663516998 -0.12211904674768448 0.32522472739219666
v -0.055400390177965164 -0.009342620149254799 0.32522472739219666
v -0.05314828082919121 -0.009230069816112518 0.32522472739219666
v -0.12965227663516998 -0.12211904674768448 0.32522472739219666
v -0.05314828082919121 -0.009230069816112518 0.32522472739219666
v -0.051979899406433105 -0.009173789992928505 0.32522472739219666
v -0.12965227663516998 -0.12211904674768448 0.32522472739219666
v -0.051979899406433105 -0.009173789992928505 0.32522472739219666
v -0.04727248102426529 -0.009117520414292812 0.32522472739219666
v -0.12965227663516998 -0.12211904674768448 0.32522472739219666
v -0.010595260187983513 -0.022398579865694046 0.32522472739219666
v -0.009037409909069538 -0.024762149900197983 0.32522472739219666
v -0.12965227663516998 -0.12211904674768448 0.32522472739219666
v -0.009037409909069538 -0.024762149900197983 0.32522472739219666
v -0.007631959859281778 -0.028588900342583656 0.32522472739219666
v -0.12965227663516998 -0.12211904674768448 0.32522472739219666
v -0.04288678988814354 -0.009267590008676052 0.32522472739219666
v -0.040719348937273026 -0.009473930113017559 0.32522472739219666
v -0.12965227663516998 -0.12211904674768448 0.32522472739219666
v -0.040719348937273026 -0.009473930113017559 0.32522472739219666
v -0.039550960063934326 -0.00960524007678032 0.32522472739219666
v -0.12965227663516998 -0.12211904674768448 0.32522472739219666
v -0.039550960063934326 -0.00960524007678032 0.32522472739219666
v -0.03614738956093788 -0.010074200108647346 0.32522472739219666
v -0.12965227663516998 -0.12211904674768448 0.32522472739219666
v -0.03614738956093788 -0.010074200108647346 0.32522472739219666
v -0.030102260410785675 -0.011331030167639256 0.32522472739219666
v -0.12965227663516998 -0.12211904674768448 0.32522472739219666
v -0.030102260410785675 -0.011331030167639256 0.32522472739219666
v -0.029086269438266754 -0.01164992991834879 0.32522472739219666
v -0.12965227663516998 -0.12211904674768448 0.32522472739219666
v -0.029086269438266754 -0.01164992991834879 0.32522472739219666
v -0.02437884919345379 -0.013150610029697418 0.32522472739219666
v -0.15960702300071716 -0.04792897030711174 0.3453308939933777
v -0.15410375595092773 -0.047797661274671555 0.33942410349845886
v -0.1581169068813324 -0.052262190729379654 0.3412969708442688
v -0.16412818431854248 -0.015401629731059074 0.3809099495410919
v -0.16253647208213806 -0.011368540115654469 0.38409098982810974
v -0.1610463559627533 -0.01011172030121088 0.38409098982810974
v -0.158929705619812 -0.037799350917339325 0.351813942193985
v -0.1571686565876007 -0.033991359174251556 0.35366955399513245
v -0.13637474179267883 -0.03744294121861458 0.32859018445014954
v -0.158929705619812 -0.037799350917339325 0.351813942193985
v -0.13637474179267883 -0.03744294121861458 0.32859018445014954
v -0.13483382761478424 -0.039393819868564606 0.32522472739219666
v -0.158929705619812 -0.037799350917339325 0.351813942193985
v -0.13483382761478424 -0.039393819868564606 0.32522472739219666
v -0.1353587657213211 -0.040069129317998886 0.32522472739219666
v -0.158929705619812 -0.037799350917339325 0.351813942193985
v -0.1353587657213211 -0.040069129317998886 0.32522472739219666
v -0.1365271359682083 -0.04158857837319374 0.32522472739219666
v -0.158929705619812 -0.037799350917339325 0.351813942193985
v -0.1365271359682083 -0.04158857837319374 0.32522472739219666
v -0.14731356501579285 -0.04374580830335617 0.33485424518585205
v -0.158929705619812 -0.037799350917339325 0.351813942193985
v -0.14731356501579285 -0.04374580830335617 0.33485424518585205
v -0.1585233062505722 -0.04412097856402397 0.3465352952480316
v -0.12965227663516998 -0.12211904674768448 0.32522472739219666
v -0.017791850492358208 -0.1397520750761032 0.32522472739219666
v -0.020145559683442116 -0.14108394086360931 0.32522472739219666
v -0.12965227663516998 -0.12211904674768448 0.32522472739219666
v -0.020145559683442116 -0.14108394086360931 0.32522472739219666
v -0.02065354958176613 -0.14136531949043274 0.32522472739219666
v -0.15335868299007416 -0.031984198838472366 0.35166412591934204
v -0.12900881469249725 -0.03333481028676033 0.32522472739219666
v -0.13119320571422577 -0.03541700914502144 0.32522472739219666
v -0.15335868299007416 -0.031984198838472366 0.35166412591934204
v -0.13119320571422577 -0.03541700914502144 0.32522472739219666
v -0.13193826377391815 -0.03614860028028488 0.32522472739219666
v -0.15335868299007416 -0.031984198838472366 0.35166412591934204
v -0.13193826377391815 -0.03614860028028488 0.32522472739219666
v -0.1571686565876007 -0.033991359174251556 0.35366955399513245
v -0.1585233062505722 -0.04412097856402397 0.3465352952480316
v -0.14731356501579285 -0.04374580830335617 0.33485424518585205
v -0.14849887788295746 -0.04755380004644394 0.33359798789024353
v -0.1585233062505722 -0.04412097856402397 0.3465352952480316
v -0.14849887788295746 -0.04755380004644394 0.33359798789024353
v -0.15410375595092773 -0.047797661274671555 0.33942410349845886
v -0.1585233062505722 -0.04412097856402397 0.3465352952480316
v -0.15410375595092773 -0.047797661274671555 0.33942410349845886
v -0.15960702300071716 -0.04792897030711174 0.3453308939933777
v -0.12965227663516998 -0.12211904674768448 0.32522472739219666
v -0.04288678988814354 -0.14674903452396393 0.32522472739219666
v -0.04727248102426529 -0.14689908921718597 0.32522472739219666
v -0.12965227663516998 -0.12211904674768448 0.32522472739219666
v -0.04727248102426529 -0.14689908921718597 0.32522472739219666
v -0.04840699955821037 -0.14689908921718597 0.32522472739219666
v -0.12965227663516998 -0.12211904674768448 0.32522472739219666
v -0.007327159866690636 -0.12660233676433563 0.32522472739219666
v -0.008732610382139683 -0.13042907416820526 0.32522472739219666
v -0.12965227663516998 -0.12211904674768448 0.32522472739219666
v -0.008732610382139683 -0.13042907416820526 0.32522472739219666
v -0.009037409909069538 -0.13123570382595062 0.32522472739219666
v -0.12965227663516998 -0.12211904674768448 0.32522472739219666
v -0.009037409909069538 -0.13123570382595062 0.32522472739219666
v -0.0109678003937006 -0.13410575687885284 0.32522472739219666
v -0.12965227663516998 -0.12211904674768448 0.32522472739219666
v -0.0109678003937006 -0.13410575687885284 0.32522472739219666
v -0.013321500271558762 -0.13641305267810822 0.32522472739219666
v -0.12965227663516998 -0.12211904674768448 0.32522472739219666
v -0.013321500271558762 -0.13641305267810822 0.32522472739219666
v -0.013829490169882774 -0.13690078258514404 0.32522472739219666
v -0.12965227663516998 -0.12211904674768448 0.32522472739219666
v -0.013829490169882774 -0.13690078258514404 0.32522472739219666
v -0.017791850492358208 -0.1397520750761032 0.32522472739219666
v -0.12965227663516998 -0.12211904674768448 0.32522472739219666
v -0.0644257590174675 -0.14575481414794922 0.32522472739219666
v -0.07014916837215424 -0.14504200220108032 0.32522472739219666
v -0.12965227663516998 -0.12211904674768448 0.32522472739219666
v -0.07014916837215424 -0.14504200220108032 0.32522472739219666
v -0.07585564255714417 -0.1442166268825531 0.32522472739219666
v -0.12965227663516998 -0.12211904674768448 0.32522472739219666
v -0.02065354958176613 -0.14136531949043274 0.32522472739219666
v -0.02437884919345379 -0.14284725487232208 0.32522472739219666
v -0.12965227663516998 -0.12211904674768448 0.32522472739219666
v -0.02437884919345379 -0.14284725487232208 0.32522472739219666
v -0.030102260410785675 -0.1445917934179306 0.32522472739219666
v -0.12965227663516998 -0.12211904674768448 0.32522472739219666
v -0.030102260410785675 -0.1445917934179306 0.32522472739219666
v -0.03616432845592499 -0.1458861231803894 0.32522472739219666
v -0.12965227663516998 -0.12211904674768448 0.32522472739219666
v -0.03616432845592499 -0.1458861231803894 0.32522472739219666
v -0.040228281170129776 -0.14648641645908356 0.32522472739219666
v -0.12965227663516998 -0.12211904674768448 0.32522472739219666
v -0.040228281170129776 -0.14648641645908356 0.32522472739219666
v -0.040719348937273026 -0.14654268324375153 0.32522472739219666
v -0.12965227663516998 -0.12211904674768448 0.32522472739219666
v -0.040719348937273026 -0.14654268324375153 0.32522472739219666
v -0.04288678988814354 -0.14674903452396393 0.32522472739219666
v -0.15158070623874664 -0.09229294955730438 0.3306359350681305
v -0.15478108823299408 -0.0865715891122818 0.33303898572921753
v -0.14871901273727417 -0.09229294955730438 0.32767391204833984
v -0.14871901273727417 -0.09229294955730438 0.32767391204833984
v -0.15478108823299408 -0.0865715891122818 0.33303898572921753
v -0.1491592675447464 -0.0865715891122818 0.3272416889667511
v -0.15230883657932281 -0.05117420107126236 0.33560916781425476
v -0.14849887788295746 -0.04755380004644394 0.33359798789024353
v -0.14667008817195892 -0.05113667994737625 0.32978883385658264
v -0.1571855992078781 -0.06370490789413452 0.33651968836784363
v -0.15432387590408325 -0.06370490789413452 0.33351731300354004
v -0.15764278173446655 -0.0694262683391571 0.33601832389831543
v -0.15764278173446655 -0.0694262683391571 0.33601832389831543
v -0.15478108823299408 -0.0694262683391571 0.33303898572921753
v -0.15496735274791718 -0.07514762878417969 0.3328430652618408
v -0.15764278173446655 -0.0694262683391571 0.33601832389831543
v -0.15496735274791718 -0.07514762878417969 0.3328430652618408
v -0.15782904624938965 -0.07514762878417969 0.33582815527915955
v -0.15764278173446655 -0.0694262683391571 0.33601832389831543
v -0.15782904624938965 -0.07514762878417969 0.33582815527915955
v -0.16050449013710022 -0.07514762878417969 0.338686466217041
v -0.15764278173446655 -0.0694262683391571 0.33601832389831543
v -0.16050449013710022 -0.07514762878417969 0.338686466217041
v -0.1602843552827835 -0.0694262683391571 0.3388823866844177
v -0.12965227663516998 -0.12211904674768448 0.32522472739219666
v -0.12198156118392944 -0.1281968206167221 0.32522472739219666
v -0.1264011114835739 -0.12491407245397568 0.32522472739219666
v -0.12965227663516998 -0.12211904674768448 0.32522472739219666
v -0.1264011114835739 -0.12491407245397568 0.32522472739219666
v -0.12846696376800537 -0.1231507733464241 0.32522472739219666
v -0.15782904624938965 -0.08085022866725922 0.33582815527915955
v -0.15782904624938965 -0.07514762878417969 0.33582815527915955
v -0.15496735274791718 -0.07514762878417969 0.3328430652618408
v -0.15782904624938965 -0.08085022866725922 0.33582815527915955
v -0.15496735274791718 -0.07514762878417969 0.3328430652618408
v -0.15496735274791718 -0.08085022866725922 0.3328430652618408
v -0.15764278173446655 -0.0865715891122818 0.33601832389831543
v -0.15496735274791718 -0.08085022866725922 0.3328430652618408
v -0.15478108823299408 -0.0865715891122818 0.33303898572921753
v -0.15764278173446655 -0.0865715891122818 0.33601832389831543
v -0.15478108823299408 -0.0865715891122818 0.33303898572921753
v -0.15434083342552185 -0.09229294955730438 0.33349424600601196
v -0.15434083342552185 -0.09229294955730438 0.33349424600601196
v -0.15478108823299408 -0.0865715891122818 0.33303898572921753
v -0.15158070623874664 -0.09229294955730438 0.3306359350681305
v -0.1479739546775818 -0.09801430255174637 0.3284403383731842
v -0.14633144438266754 -0.09229294955730438 0.32522472739219666
v -0.14517998695373535 -0.09801430255174637 0.32558202743530273
v -0.15898050367832184 -0.03205922991037369 0.35747870802879333
v -0.15335868299007416 -0.031984198838472366 0.35166412591934204
v -0.1571686565876007 -0.033991359174251556 0.35366955399513245
v -0.15898050367832184 -0.03205922991037369 0.35747870802879333
v -0.1571686565876007 -0.033991359174251556 0.35366955399513245
v -0.158929705619812 -0.037799350917339325 0.351813942193985
v -0.12965227663516998 -0.12211904674768448 0.32522472739219666
v -0.10821490734815598 -0.13555017113685608 0.32522472739219666
v -0.11009448766708374 -0.13472479581832886 0.32522472739219666
v -0.12965227663516998 -0.12211904674768448 0.32522472739219666
v -0.11009448766708374 -0.13472479581832886 0.32522472739219666
v -0.11112740635871887 -0.13423706591129303 0.32522472739219666
v -0.12965227663516998 -0.12211904674768448 0.32522472739219666
v -0.11112740635871887 -0.13423706591129303 0.32522472739219666
v -0.1162412166595459 -0.1315733641386032 0.32522472739219666
v -0.12965227663516998 -0.12211904674768448 0.32522472739219666
v -0.1162412166595459 -0.1315733641386032 0.32522472739219666
v -0.11691854894161224 -0.13119818270206451 0.32522472739219666
v -0.12965227663516998 -0.12211904674768448 0.32522472739219666
v -0.11691854894161224 -0.13119818270206451 0.32522472739219666
v -0.12127037346363068 -0.12868453562259674 0.32522472739219666
v -0.12965227663516998 -0.12211904674768448 0.32522472739219666
v -0.12127037346363068 -0.12868453562259674 0.32522472739219666
v -0.12198156118392944 -0.1281968206167221 0.32522472739219666
v -0.158929705619812 -0.037799350917339325 0.351813942193985
v -0.1585233062505722 -0.04412097856402397 0.3465352952480316
v -0.15999649465084076 -0.04083823040127754 0.35063257813453674
v -0.15999649465084076 -0.04083823040127754 0.35063257813453674
v -0.1585233062505722 -0.04412097856402397 0.3465352952480316
v -0.1631629914045334 -0.04029422998428345 0.3545742928981781
v -0.16209621727466583 -0.14412282407283783 0.38300755620002747
v -0.1610463559627533 -0.14590488374233246 0.38409098982810974
v -0.16255339980125427 -0.14464807510375977 0.38409098982810974
v -0.16209621727466583 -0.14412282407283783 0.38300755620002747
v -0.1264011114835739 -0.12491407245397568 0.32522472739219666
v -0.1610463559627533 -0.14590488374233246 0.38409098982810974
v -0.1264011114835739 -0.12491407245397568 0.32522472739219666
v -0.12198156118392944 -0.1281968206167221 0.32522472739219666
v -0.1610463559627533 -0.14590488374233246 0.38409098982810974
v -0.14209814369678497 -0.11851740628480911 0.3343413770198822
v -0.14025244116783142 -0.11624761670827866 0.3305264413356781
v -0.13544341921806335 -0.11587245017290115 0.32522472739219666
v -0.14209814369678497 -0.11851740628480911 0.3343413770198822
v -0.13544341921806335 -0.11587245017290115 0.32522472739219666
v -0.13644246757030487 -0.11859244108200073 0.32854408025741577
v -0.13644246757030487 -0.11859244108200073 0.32854408025741577
v -0.13544341921806335 -0.11587245017290115 0.32522472739219666
v -0.13195519149303436 -0.11988677829504013 0.32522472739219666
v -0.14667008817195892 -0.05113667994737625 0.32978883385658264
v -0.14148856699466705 -0.04963599145412445 0.32522472739219666
v -0.142572283744812 -0.05190578103065491 0.32522472739219666
v -0.14631450176239014 -0.06370490789413452 0.32522472739219666
v -0.14716115593910217 -0.0694262683391571 0.32522472739219666
v -0.1491592675447464 -0.0694262683391571 0.3272474706172943
v -0.14736436307430267 -0.11232707649469376 0.33480238914489746
v -0.13544341921806335 -0.11587245017290115 0.32522472739219666
v -0.14025244116783142 -0.11624761670827866 0.3305264413356781
v -0.1610463559627533 -0.14590488374233246 0.38409098982810974
v -0.12198156118392944 -0.1281968206167221 0.32522472739219666
v -0.1571517288684845 -0.14873743057250977 0.38409098982810974
v -0.12198156118392944 -0.1281968206167221 0.32522472739219666
v -0.12127037346363068 -0.12868453562259674 0.32522472739219666
v -0.15523827075958252 -0.15010680258274078 0.38409098982810974
v -0.12198156118392944 -0.1281968206167221 0.32522472739219666
v -0.15523827075958252 -0.15010680258274078 0.38409098982810974
v -0.1571517288684845 -0.14873743057250977 0.38409098982810974
v -0.13544341921806335 -0.11587245017290115 0.32522472739219666
v -0.14170868694782257 -0.11242087185382843 0.32900509238243103
v -0.13720446825027466 -0.11352763324975967 0.32522472739219666
v -0.1571686565876007 -0.033991359174251556 0.35366955399513245
v -0.13193826377391815 -0.03614860028028488 0.32522472739219666
v -0.13637474179267883 -0.03744294121861458 0.32859018445014954
v -0.15312163531780243 -0.05500093847513199 0.3347562849521637
v -0.15230883657932281 -0.05117420107126236 0.33560916781425476
v -0.14667008817195892 -0.05113667994737625 0.32978883385658264
v -0.15312163531780243 -0.05500093847513199 0.3347562849521637
v -0.14667008817195892 -0.05113667994737625 0.32978883385658264
v -0.142572283744812 -0.05190578103065491 0.32522472739219666
v -0.14731356501579285 -0.04374580830335617 0.33485424518585205
v -0.13718754053115845 -0.04248898848891258 0.32522472739219666
v -0.1398460417985916 -0.046559590846300125 0.32522472739219666
v -0.14731356501579285 -0.04374580830335617 0.33485424518585205
v -0.1398460417985916 -0.046559590846300125 0.32522472739219666
v -0.14849887788295746 -0.04755380004644394 0.33359798789024353
v -0.14849887788295746 -0.04755380004644394 0.33359798789024353
v -0.1398460417985916 -0.046559590846300125 0.32522472739219666
v -0.14148856699466705 -0.04963599145412445 0.32522472739219666
v -0.14849887788295746 -0.04755380004644394 0.33359798789024353
v -0.14148856699466705 -0.04963599145412445 0.32522472739219666
v -0.14667008817195892 -0.05113667994737625 0.32978883385658264
v -0.1610463559627533 -0.01011172030121088 0.38409098982810974
v -0.15938690304756165 -0.008836139924824238 0.38409098982810974
v -0.12584231793880463 -0.03068985976278782 0.32522472739219666
v -0.1610463559627533 -0.01011172030121088 0.38409098982810974
v -0.12584231793880463 -0.03068985976278782 0.32522472739219666
v -0.1263841837644577 -0.031121300533413887 0.32522472739219666
v -0.15359577536582947 -0.05798355117440224 0.3342779874801636
v -0.15432387590408325 -0.06370490789413452 0.33351731300354004
v -0.1571855992078781 -0.06370490789413452 0.33651968836784363
v -0.15230883657932281 -0.05117420107126236 0.33560916781425476
v -0.15410375595092773 -0.047797661274671555 0.33942410349845886
v -0.14849887788295746 -0.04755380004644394 0.33359798789024353
v -0.16412818431854248 -0.015401629731059074 0.3809099495410919
v -0.1610463559627533 -0.01011172030121088 0.38409098982810974
v -0.1263841837644577 -0.031121300533413887 0.32522472739219666
v -0.16412818431854248 -0.015401629731059074 0.3809099495410919
v -0.1263841837644577 -0.031121300533413887 0.32522472739219666
v -0.12900881469249725 -0.03333481028676033 0.32522472739219666
v -0.1581169068813324 -0.052262190729379654 0.3412969708442688
v -0.15410375595092773 -0.047797661274671555 0.33942410349845886
v -0.15230883657932281 -0.05117420107126236 0.33560916781425476
v -0.15312163531780243 -0.05500093847513199 0.3347562849521637
v -0.14296174049377441 -0.052899979054927826 0.32522472739219666
v -0.14324960112571716 -0.05365031957626343 0.32522472739219666
v -0.15312163531780243 -0.05500093847513199 0.3347562849521637
v -0.14324960112571716 -0.05365031957626343 0.32522472739219666
v -0.14479051530361176 -0.05798355117440224 0.32522472739219666
v -0.15312163531780243 -0.05500093847513199 0.3347562849521637
v -0.14479051530361176 -0.05798355117440224 0.32522472739219666
v -0.15359577536582947 -0.05798355117440224 0.3342779874801636
v -0.15764278173446655 -0.0694262683391571 0.33601832389831543
v -0.15432387590408325 -0.06370490789413452 0.33351731300354004
v -0.15478108823299408 -0.0694262683391571 0.33303898572921753
v -0.15782904624938965 -0.08085022866725922 0.33582815527915955
v -0.15496735274791718 -0.08085022866725922 0.3328430652618408
v -0.15764278173446655 -0.0865715891122818 0.33601832389831543
v -0.15312163531780243 -0.05500093847513199 0.3347562849521637
v -0.142572283744812 -0.05190578103065491 0.32522472739219666
v -0.14296174049377441 -0.052899979054927826 0.32522472739219666
v -0.15359577536582947 -0.05798355117440224 0.3342779874801636
v -0.14479051530361176 -0.05798355117440224 0.32522472739219666
v -0.14556944370269775 -0.060891129076480865 0.32522472739219666
v -0.15359577536582947 -0.05798355117440224 0.3342779874801636
v -0.14556944370269775 -0.060891129076480865 0.32522472739219666
v -0.14631450176239014 -0.06370490789413452 0.32522472739219666
v -0.15359577536582947 -0.05798355117440224 0.3342779874801636
v -0.14631450176239014 -0.06370490789413452 0.32522472739219666
v -0.14870208501815796 -0.06370490789413452 0.3276911973953247
v -0.15359577536582947 -0.05798355117440224 0.3342779874801636
v -0.14870208501815796 -0.06370490789413452 0.3276911973953247
v -0.15156377851963043 -0.06370490789413452 0.33065322041511536
v -0.15359577536582947 -0.05798355117440224 0.3342779874801636
v -0.15156377851963043 -0.06370490789413452 0.33065322041511536
v -0.15432387590408325 -0.06370490789413452 0.33351731300354004
v -0.15525521337985992 -0.005909809842705727 0.38409098982810974
v -0.12128730118274689 -0.027313319966197014 0.32522472739219666
v -0.12159208953380585 -0.02751966007053852 0.32522472739219666
v -0.1162412166595459 -0.1315733641386032 0.32522472739219666
v -0.11112740635871887 -0.13423706591129303 0.32522472739219666
v -0.145281583070755 -0.1559407263994217 0.38409098982810974
v -0.12127037346363068 -0.12868453562259674 0.32522472739219666
v -0.11691854894161224 -0.13119818270206451 0.32522472739219666
v -0.15020912885665894 -0.15323947370052338 0.38409098982810974
v -0.12127037346363068 -0.12868453562259674 0.32522472739219666
v -0.15020912885665894 -0.15323947370052338 0.38409098982810974
v -0.15523827075958252 -0.15010680258274078 0.38409098982810974
v -0.15938690304756165 -0.008836139924824238 0.38409098982810974
v -0.15525521337985992 -0.005909809842705727 0.38409098982810974
v -0.12159208953380585 -0.02751966007053852 0.32522472739219666
v -0.15938690304756165 -0.008836139924824238 0.38409098982810974
v -0.12159208953380585 -0.02751966007053852 0.32522472739219666
v -0.12198156118392944 -0.027801040560007095 0.32522472739219666
v -0.15938690304756165 -0.008836139924824238 0.38409098982810974
v -0.12198156118392944 -0.027801040560007095 0.32522472739219666
v -0.12584231793880463 -0.03068985976278782 0.32522472739219666
v -0.14716115593910217 -0.0694262683391571 0.32522472739219666
v -0.1476014256477356 -0.07514762878417969 0.32522472739219666
v -0.1491592675447464 -0.0694262683391571 0.3272474706172943
v -0.14667008817195892 -0.10495497286319733 0.3297773003578186
v -0.13987989723682404 -0.10945702344179153 0.32522472739219666
v -0.15232577919960022 -0.10489869117736816 0.3355918824672699
v -0.15232577919960022 -0.10489869117736816 0.3355918824672699
v -0.13987989723682404 -0.10945702344179153 0.32522472739219666
v -0.14262308180332184 -0.10945702344179153 0.32806575298309326
v -0.1493455469608307 -0.07514762878417969 0.3270227015018463
v -0.1493455469608307 -0.08085022866725922 0.3270227015018463
v -0.15220724046230316 -0.08085022866725922 0.32997897267341614
v -0.1493455469608307 -0.07514762878417969 0.3270227015018463
v -0.15220724046230316 -0.08085022866725922 0.32997897267341614
v -0.15220724046230316 -0.07514762878417969 0.32997897267341614
v -0.11691854894161224 -0.13119818270206451 0.32522472739219666
v -0.1162412166595459 -0.1315733641386032 0.32522472739219666
v -0.15020912885665894 -0.15323947370052338 0.38409098982810974
v -0.15020912885665894 -0.15323947370052338 0.38409098982810974
v -0.1162412166595459 -0.1315733641386032 0.32522472739219666
v -0.145281583070755 -0.1559407263994217 0.38409098982810974
v -0.15525521337985992 -0.005909809842705727 0.38409098982810974
v -0.15020912885665894 -0.0027583700139075518 0.38409098982810974
v -0.11947544664144516 -0.026150280609726906 0.32522472739219666
v -0.15525521337985992 -0.005909809842705727 0.38409098982810974
v -0.11947544664144516 -0.026150280609726906 0.32522472739219666
v -0.12128730118274689 -0.027313319966197014 0.32522472739219666
v -0.14736436307430267 -0.11232707649469376 0.33480238914489746
v -0.13987989723682404 -0.10945702344179153 0.32522472739219666
v -0.14170868694782257 -0.11242087185382843 0.32900509238243103
v -0.14736436307430267 -0.11232707649469376 0.33480238914489746
v -0.14170868694782257 -0.11242087185382843 0.32900509238243103
v -0.13544341921806335 -0.11587245017290115 0.32522472739219666
v -0.14871901273727417 -0.09229294955730438 0.32767391204833984
v -0.1491592675447464 -0.0865715891122818 0.3272416889667511
v -0.14633144438266754 -0.09229294955730438 0.32522472739219666
v -0.14633144438266754 -0.09229294955730438 0.32522472739219666
v -0.14482438564300537 -0.09801430255174637 0.32522472739219666
v -0.14517998695373535 -0.09801430255174637 0.32558202743530273
v -0.14633144438266754 -0.09229294955730438 0.32522472739219666
v -0.1491592675447464 -0.0865715891122818 0.3272416889667511
v -0.14717809855937958 -0.0865715891122818 0.32522472739219666
v -0.14517998695373535 -0.09801430255174637 0.32558202743530273
v -0.14482438564300537 -0.09801430255174637 0.32522472739219666
v -0.1446550488471985 -0.0985020324587822 0.32522472739219666
v -0.1446550488471985 -0.0985020324587822 0.32522472739219666
v -0.14326654374599457 -0.10238505154848099 0.32522472739219666
v -0.14744901657104492 -0.10114698112010956 0.32898780703544617
v -0.14258921146392822 -0.10411083698272705 0.32522472739219666
v -0.13987989723682404 -0.10945702344179153 0.32522472739219666
v -0.14667008817195892 -0.10495497286319733 0.3297773003578186
v -0.13637474179267883 -0.03744294121861458 0.32859018445014954
v -0.13193826377391815 -0.03614860028028488 0.32522472739219666
v -0.13483382761478424 -0.039393819868564606 0.32522472739219666
v -0.1365271359682083 -0.04158857837319374 0.32522472739219666
v -0.13718754053115845 -0.04248898848891258 0.32522472739219666
v -0.14731356501579285 -0.04374580830335617 0.33485424518585205
v -0.15232577919960022 -0.10489869117736816 0.3355918824672699
v -0.14262308180332184 -0.10945702344179153 0.32806575298309326
v -0.14822794497013092 -0.10945702344179153 0.33388611674308777
v -0.15232577919960022 -0.10489869117736816 0.3355918824672699
v -0.14822794497013092 -0.10945702344179153 0.33388611674308777
v -0.15410375595092773 -0.10836903005838394 0.3394010365009308
v -0.15410375595092773 -0.10836903005838394 0.3394010365009308
v -0.14822794497013092 -0.10945702344179153 0.33388611674308777
v -0.15144525468349457 -0.10994473844766617 0.3375684916973114
v -0.15144525468349457 -0.10994473844766617 0.3375684916973114
v -0.14822794497013092 -0.10945702344179153 0.33388611674308777
v -0.14736436307430267 -0.11232707649469376 0.33480238914489746
v -0.14736436307430267 -0.11232707649469376 0.33480238914489746
v -0.14822794497013092 -0.10945702344179153 0.33388611674308777
v -0.14262308180332184 -0.10945702344179153 0.32806575298309326
v -0.14736436307430267 -0.11232707649469376 0.33480238914489746
v -0.14262308180332184 -0.10945702344179153 0.32806575298309326
v -0.13987989723682404 -0.10945702344179153 0.32522472739219666
v -0.12731550633907318 0.007127389777451754 0.38409098982810974
v -0.0940418466925621 -0.01562673971056938 0.32522472739219666
v -0.09753008186817169 -0.016658460721373558 0.32522472739219666
v -0.12731550633907318 0.007127389777451754 0.38409098982810974
v -0.09753008186817169 -0.016658460721373558 0.32522472739219666
v -0.09873233735561371 -0.01703362911939621 0.32522472739219666
v -0.10780850797891617 -0.02024134062230587 0.32522472739219666
v -0.13295425474643707 0.0052140201441943645 0.38409098982810974
v -0.10438801348209381 -0.018965760245919228 0.32522472739219666
v -0.09873233735561371 -0.13898299634456635 0.32522472739219666
v -0.09405878931283951 -0.14038987457752228 0.32522472739219666
v -0.12731550633907318 -0.16314400732517242 0.38409098982810974
v -0.09873233735561371 -0.13898299634456635 0.32522472739219666
v -0.12731550633907318 -0.16314400732517242 0.38409098982810974
v -0.13117626309394836 -0.16184966266155243 0.38409098982810974
v -0.09873233735561371 -0.13898299634456635 0.32522472739219666
v -0.13117626309394836 -0.16184966266155243 0.38409098982810974
v -0.13227692246437073 -0.16147449612617493 0.38409098982810974
v -0.13295425474643707 0.0052140201441943645 0.38409098982810974
v -0.13264945149421692 0.005326560232788324 0.38409098982810974
v -0.10342282056808472 -0.01860935054719448 0.32522472739219666
v -0.13295425474643707 0.0052140201441943645 0.38409098982810974
v -0.10342282056808472 -0.01860935054719448 0.32522472739219666
v -0.10438801348209381 -0.018965760245919228 0.32522472739219666
v -0.15478108823299408 -0.0694262683391571 0.33303898572921753
v -0.1493455469608307 -0.07514762878417969 0.3270227015018463
v -0.15220724046230316 -0.07514762878417969 0.32997897267341614
v -0.15478108823299408 -0.0694262683391571 0.33303898572921753
v -0.15220724046230316 -0.07514762878417969 0.32997897267341614
v -0.15496735274791718 -0.07514762878417969 0.3328430652618408
v -0.09405878931283951 -0.14038987457752228 0.32522472739219666
v -0.12350554764270782 -0.16426950693130493 0.38409098982810974
v -0.12731550633907318 -0.16314400732517242 0.38409098982810974
v -0.13264945149421692 0.005326560232788324 0.38409098982810974
v -0.12731550633907318 0.007127389777451754 0.38409098982810974
v -0.10342282056808472 -0.01860935054719448 0.32522472739219666
v -0.10342282056808472 -0.01860935054719448 0.32522472739219666
v -0.12731550633907318 0.007127389777451754 0.38409098982810974
v -0.09873233735561371 -0.01703362911939621 0.32522472739219666
v -0.0930597335100174 -0.14065249264240265 0.32522472739219666
v -0.09116321802139282 -0.14114022254943848 0.32522472739219666
v -0.11674921214580536 -0.16608908772468567 0.38409098982810974
v -0.0930597335100174 -0.14065249264240265 0.32522472739219666
v -0.11674921214580536 -0.16608908772468567 0.38409098982810974
v -0.12160903215408325 -0.16481351852416992 0.38409098982810974
v -0.12731550633907318 0.007127389777451754 0.38409098982810974
v -0.12160903215408325 0.00879689957946539 0.38409098982810974
v -0.0940418466925621 -0.01562673971056938 0.32522472739219666
v -0.1491592675447464 -0.0865715891122818 0.3272416889667511
v -0.1476014256477356 -0.08085022866725922 0.32522472739219666
v -0.14717809855937958 -0.0865715891122818 0.32522472739219666
v -0.13987989723682404 -0.10945702344179153 0.32522472739219666
v -0.13720446825027466 -0.11352763324975967 0.32522472739219666
v -0.14170868694782257 -0.11242087185382843 0.32900509238243103
v -0.14631450176239014 -0.06370490789413452 0.32522472739219666
v -0.1491592675447464 -0.0694262683391571 0.3272474706172943
v -0.15478108823299408 -0.0694262683391571 0.33303898572921753
v -0.14631450176239014 -0.06370490789413452 0.32522472739219666
v -0.15478108823299408 -0.0694262683391571 0.33303898572921753
v -0.14870208501815796 -0.06370490789413452 0.3276911973953247
v -0.14870208501815796 -0.06370490789413452 0.3276911973953247
v -0.15478108823299408 -0.0694262683391571 0.33303898572921753
v -0.15156377851963043 -0.06370490789413452 0.33065322041511536
v -0.15156377851963043 -0.06370490789413452 0.33065322041511536
v -0.15478108823299408 -0.0694262683391571 0.33303898572921753
v -0.15432387590408325 -0.06370490789413452 0.33351731300354004
v -0.15478108823299408 -0.0694262683391571 0.33303898572921753
v -0.1491592675447464 -0.0694262683391571 0.3272474706172943
v -0.1476014256477356 -0.07514762878417969 0.32522472739219666
v -0.15478108823299408 -0.0694262683391571 0.33303898572921753
v -0.1476014256477356 -0.07514762878417969 0.32522472739219666
v -0.1493455469608307 -0.07514762878417969 0.3270227015018463
v -0.1476014256477356 -0.07514762878417969 0.32522472739219666
v -0.1476014256477356 -0.08085022866725922 0.32522472739219666
v -0.1493455469608307 -0.08085022866725922 0.3270227015018463
v -0.1476014256477356 -0.07514762878417969 0.32522472739219666
v -0.1493455469608307 -0.08085022866725922 0.3270227015018463
v -0.1493455469608307 -0.07514762878417969 0.3270227015018463
v -0.15496735274791718 -0.07514762878417969 0.3328430652618408
v -0.15220724046230316 -0.07514762878417969 0.32997897267341614
v -0.15220724046230316 -0.08085022866725922 0.32997897267341614
v -0.15496735274791718 -0.07514762878417969 0.3328430652618408
v -0.15220724046230316 -0.08085022866725922 0.32997897267341614
v -0.15496735274791718 -0.08085022866725922 0.3328430652618408
v -0.15496735274791718 -0.08085022866725922 0.3328430652618408
v -0.15220724046230316 -0.08085022866725922 0.32997897267341614
v -0.15478108823299408 -0.0865715891122818 0.33303898572921753
v -0.15478108823299408 -0.0865715891122818 0.33303898572921753
v -0.15220724046230316 -0.08085022866725922 0.32997897267341614
v -0.1493455469608307 -0.08085022866725922 0.3270227015018463
v -0.15478108823299408 -0.0865715891122818 0.33303898572921753
v -0.1493455469608307 -0.08085022866725922 0.3270227015018463
v -0.1491592675447464 -0.0865715891122818 0.3272416889667511
v -0.1491592675447464 -0.0865715891122818 0.3272416889667511
v -0.1493455469608307 -0.08085022866725922 0.3270227015018463
v -0.1476014256477356 -0.08085022866725922 0.32522472739219666
v -0.059159550815820694 -0.14633634686470032 0.32522472739219666
v -0.057584770023822784 -0.1464676558971405 0.32522472739219666
v -0.07016610354185104 -0.17286093533039093 0.38409098982810974
v -0.059159550815820694 -0.14633634686470032 0.32522472739219666
v -0.07016610354185104 -0.17286093533039093 0.38409098982810974
v -0.07575403898954391 -0.17235444486141205 0.38409098982810974
v -0.10984048992395401 0.011704480275511742 0.38409098982810974
v -0.10443881154060364 0.01271743979305029 0.38409098982810974
v -0.0815790519118309 -0.012775439769029617 0.32522472739219666
v -0.0815790519118309 -0.012775439769029617 0.32522472739219666
v -0.10443881154060364 0.01271743979305029 0.38409098982810974
v -0.08056306093931198 -0.012587849982082844 0.32522472739219666
v -0.07014916837215424 -0.14504200220108032 0.32522472739219666
v -0.0644257590174675 -0.14575481414794922 0.32522472739219666
v -0.08730246126651764 -0.17115390300750732 0.38409098982810974
v -0.07014916837215424 -0.14504200220108032 0.32522472739219666
v -0.08730246126651764 -0.17115390300750732 0.38409098982810974
v -0.09300892800092697 -0.17044107615947723 0.38409098982810974
v -0.10443881154060364 0.01271743979305029 0.38409098982810974
v -0.09873233735561371 0.01363660953938961 0.38409098982810974
v -0.07585564255714417 -0.011781229637563229 0.32522472739219666
v -0.10443881154060364 0.01271743979305029 0.38409098982810974
v -0.07585564255714417 -0.011781229637563229 0.32522472739219666
v -0.08056306093931198 -0.012587849982082844 0.32522472739219666
v -0.11009448766708374 -0.13472479581832886 0.32522472739219666
v -0.13876232504844666 -0.15888580679893494 0.38409098982810974
v -0.14172561466693878 -0.15757271647453308 0.38409098982810974
v -0.145281583070755 -5.714000144507736e-05 0.38409098982810974
v -0.14421479403972626 0.00044934998732060194 0.38409098982810974
v -0.1111781969666481 -0.02174202911555767 0.32522472739219666
v -0.09873233735561371 0.01363660953938961 0.38409098982810974
v -0.09673421829938889 0.013917990028858185 0.38409098982810974
v -0.07483965158462524 -0.01163117028772831 0.32522472739219666
v -0.09873233735561371 0.01363660953938961 0.38409098982810974
v -0.07483965158462524 -0.01163117028772831 0.32522472739219666
v -0.07585564255714417 -0.011781229637563229 0.32522472739219666
v -0.059921540319919586 -0.1462613046169281 0.32522472739219666
v -0.059159550815820694 -0.14633634686470032 0.32522472739219666
v -0.07751508802175522 -0.17218562960624695 0.38409098982810974
v -0.059921540319919586 -0.1462613046169281 0.32522472739219666
v -0.07751508802175522 -0.17218562960624695 0.38409098982810974
v -0.0815790519118309 -0.17177294194698334 0.38409098982810974
v -0.09673421829938889 0.013917990028858185 0.38409098982810974
v -0.09158655256032944 0.014630810357630253 0.38409098982810974
v -0.07014916837215424 -0.010974610224366188 0.32522472739219666
v -0.09673421829938889 0.013917990028858185 0.38409098982810974
v -0.07014916837215424 -0.010974610224366188 0.32522472739219666
v -0.07483965158462524 -0.01163117028772831 0.32522472739219666
v -0.10438801348209381 -0.13701334595680237 0.32522472739219666
v -0.13227692246437073 -0.16147449612617493 0.38409098982810974
v -0.1329881250858307 -0.16121186316013336 0.38409098982810974
v -0.13876232504844666 0.002887960057705641 0.38409098982810974
v -0.13295425474643707 0.0052140201441943645 0.38409098982810974
v -0.10780850797891617 -0.02024134062230587 0.32522472739219666
v -0.145281583070755 -0.1559407263994217 0.38409098982810974
v -0.11112740635871887 -0.13423706591129303 0.32522472739219666
v -0.11009448766708374 -0.13472479581832886 0.32522472739219666
v -0.145281583070755 -0.1559407263994217 0.38409098982810974
v -0.11009448766708374 -0.13472479581832886 0.32522472739219666
v -0.14419786632061005 -0.15644720196723938 0.38409098982810974
v -0.15020912885665894 -0.0027583700139075518 0.38409098982810974
v -0.145281583070755 -5.714000144507736e-05 0.38409098982810974
v -0.11947544664144516 -0.026150280609726906 0.32522472739219666
v -0.11947544664144516 -0.026150280609726906 0.32522472739219666
v -0.145281583070755 -5.714000144507736e-05 0.38409098982810974
v -0.1162412166595459 -0.024386979639530182 0.32522472739219666
v -0.14419786632061005 -0.15644720196723938 0.38409098982810974
v -0.11009448766708374 -0.13472479581832886 0.32522472739219666
v -0.14172561466693878 -0.15757271647453308 0.38409098982810974
v -0.11009448766708374 -0.13472479581832886 0.32522472739219666
v -0.10821490734815598 -0.13555017113685608 0.32522472739219666
v -0.13876232504844666 -0.15888580679893494 0.38409098982810974
v -0.09405878931283951 -0.14038987457752228 0.32522472739219666
v -0.0930597335100174 -0.14065249264240265 0.32522472739219666
v -0.12160903215408325 -0.16481351852416992 0.38409098982810974
v -0.09405878931283951 -0.14038987457752228 0.32522472739219666
v -0.12160903215408325 -0.16481351852416992 0.38409098982810974
v -0.12350554764270782 -0.16426950693130493 0.38409098982810974
v -0.145281583070755 -5.714000144507736e-05 0.38409098982810974
v -0.1111781969666481 -0.02174202911555767 0.32522472739219666
v -0.1162412166595459 -0.024386979639530182 0.32522472739219666
v -0.10821490734815598 -0.13555017113685608 0.32522472739219666
v -0.10438801348209381 -0.13701334595680237 0.32522472739219666
v -0.1329881250858307 -0.16121186316013336 0.38409098982810974
v -0.10821490734815598 -0.13555017113685608 0.32522472739219666
v -0.1329881250858307 -0.16121186316013336 0.38409098982810974
v -0.13876232504844666 -0.15888580679893494 0.38409098982810974
v -0.14421479403972626 0.00044934998732060194 0.38409098982810974
v -0.13876232504844666 0.002887960057705641 0.38409098982810974
v -0.1111781969666481 -0.02174202911555767 0.32522472739219666
v -0.1111781969666481 -0.02174202911555767 0.32522472739219666
v -0.13876232504844666 0.002887960057705641 0.38409098982810974
v -0.10780850797891617 -0.02024134062230587 0.32522472739219666
v -0.10438801348209381 -0.13701334595680237 0.32522472739219666
v -0.09873233735561371 -0.13898299634456635 0.32522472739219666
v -0.13227692246437073 -0.16147449612617493 0.38409098982810974
v -0.04713701084256172 -0.17321735620498657 0.38409098982810974
v -0.03616432845592499 -0.1458861231803894 0.32522472739219666
v -0.030102260410785675 -0.1445917934179306 0.32522472739219666
v -0.04713701084256172 -0.17321735620498657 0.38409098982810974
v -0.030102260410785675 -0.1445917934179306 0.32522472739219666
v -0.046967681497335434 -0.17317983508110046 0.38409098982810974
v -0.055400390177965164 -0.009342620149254799 0.32522472739219666
v -0.05870236083865166 0.017763489857316017 0.38409098982810974
v -0.05314828082919121 -0.009230069816112518 0.32522472739219666
v -0.04840699955821037 -0.14689908921718597 0.32522472739219666
v -0.04727248102426529 -0.14689908921718597 0.32522472739219666
v -0.05297895148396492 -0.17381761968135834 0.38409098982810974
v -0.05297895148396492 -0.17381761968135834 0.38409098982810974
v -0.04727248102426529 -0.14689908921718597 0.32522472739219666
v -0.04288678988814354 -0.14674903452396393 0.32522472739219666
v -0.05297895148396492 -0.17381761968135834 0.38409098982810974
v -0.04288678988814354 -0.14674903452396393 0.32522472739219666
v -0.040719348937273026 -0.14654268324375153 0.32522472739219666
v -0.05297895148396492 -0.17381761968135834 0.38409098982810974
v -0.040719348937273026 -0.14654268324375153 0.32522472739219666
v -0.05160735920071602 -0.17368631064891815 0.38409098982810974
v -0.05314828082919121 -0.009230069816112518 0.32522472739219666
v -0.05870236083865166 0.017763489857316017 0.38409098982810974
v -0.051979899406433105 -0.009173789992928505 0.32522472739219666
v -0.10984048992395401 -0.16772109270095825 0.38409098982810974
v -0.0815790519118309 -0.14322242140769958 0.32522472739219666
v -0.10443881154060364 -0.16873404383659363 0.38409098982810974
v -0.1156654879450798 0.010335099883377552 0.38409098982810974
v -0.11111047118902206 0.011441860347986221 0.38409098982810974
v -0.09070602059364319 -0.01472632959485054 0.32522472739219666
v -0.040719348937273026 -0.14654268324375153 0.32522472739219666
v -0.040228281170129776 -0.14648641645908356 0.32522472739219666
v -0.04713701084256172 -0.17321735620498657 0.38409098982810974
v -0.040719348937273026 -0.14654268324375153 0.32522472739219666
v -0.04713701084256172 -0.17321735620498657 0.38409098982810974
v -0.04730634018778801 -0.17323611676692963 0.38409098982810974
v -0.051979899406433105 -0.009173789992928505 0.32522472739219666
v -0.05504480004310608 0.017819760367274284 0.38409098982810974
v -0.04727248102426529 -0.009117520414292812 0.32522472739219666
v -0.05504480004310608 0.017819760367274284 0.38409098982810974
v -0.05297895148396492 0.01780099980533123 0.38409098982810974
v -0.04623955860733986 -0.009117520414292812 0.32522472739219666
v -0.05504480004310608 0.017819760367274284 0.38409098982810974
v -0.04623955860733986 -0.009117520414292812 0.32522472739219666
v -0.04727248102426529 -0.009117520414292812 0.32522472739219666
v -0.040228281170129776 -0.14648641645908356 0.32522472739219666
v -0.03616432845592499 -0.1458861231803894 0.32522472739219666
v -0.04713701084256172 -0.17321735620498657 0.38409098982810974
v -0.07585564255714417 -0.1442166268825531 0.32522472739219666
v -0.07014916837215424 -0.14504200220108032 0.32522472739219666
v -0.09873233735561371 -0.16963447630405426 0.38409098982810974
v -0.09873233735561371 -0.16963447630405426 0.38409098982810974
v -0.07014916837215424 -0.14504200220108032 0.32522472739219666
v -0.09300892800092697 -0.17044107615947723 0.38409098982810974
v -0.09116321802139282 -0.14114022254943848 0.32522472739219666
v -0.08726859092712402 -0.14204062521457672 0.32522472739219666
v -0.10984048992395401 -0.16772109270095825 0.38409098982810974
v -0.09116321802139282 -0.14114022254943848 0.32522472739219666
v -0.10984048992395401 -0.16772109270095825 0.38409098982810974
v -0.1156654879450798 -0.16635172069072723 0.38409098982810974
v -0.09116321802139282 -0.14114022254943848 0.32522472739219666
v -0.1156654879450798 -0.16635172069072723 0.38409098982810974
v -0.11674921214580536 -0.16608908772468567 0.38409098982810974
v -0.12160903215408325 0.00879689957946539 0.38409098982810974
v -0.1156654879450798 0.010335099883377552 0.38409098982810974
v -0.09070602059364319 -0.01472632959485054 0.32522472739219666
v -0.12160903215408325 0.00879689957946539 0.38409098982810974
v -0.09070602059364319 -0.01472632959485054 0.32522472739219666
v -0.0940418466925621 -0.01562673971056938 0.32522472739219666
v -0.08726859092712402 -0.14204062521457672 0.32522472739219666
v -0.0815790519118309 -0.14322242140769958 0.32522472739219666
v -0.10984048992395401 -0.16772109270095825 0.38409098982810974
v -0.0644257590174675 -0.14575481414794922 0.32522472739219666
v -0.059921540319919586 -0.1462613046169281 0.32522472739219666
v -0.08730246126651764 -0.17115390300750732 0.38409098982810974
v -0.08730246126651764 -0.17115390300750732 0.38409098982810974
v -0.059921540319919586 -0.1462613046169281 0.32522472739219666
v -0.0815790519118309 -0.17177294194698334 0.38409098982810974
v -0.09070602059364319 -0.01472632959485054 0.32522472739219666
v -0.11111047118902206 0.011441860347986221 0.38409098982810974
v -0.08726859092712402 -0.013957230374217033 0.32522472739219666
v -0.0815790519118309 -0.14322242140769958 0.32522472739219666
v -0.07585564255714417 -0.1442166268825531 0.32522472739219666
v -0.10443881154060364 -0.16873404383659363 0.38409098982810974
v -0.10443881154060364 -0.16873404383659363 0.38409098982810974
v -0.07585564255714417 -0.1442166268825531 0.32522472739219666
v -0.09873233735561371 -0.16963447630405426 0.38409098982810974
v -0.11111047118902206 0.011441860347986221 0.38409098982810974
v -0.10984048992395401 0.011704480275511742 0.38409098982810974
v -0.0815790519118309 -0.012775439769029617 0.32522472739219666
v -0.11111047118902206 0.011441860347986221 0.38409098982810974
v -0.0815790519118309 -0.012775439769029617 0.32522472739219666
v -0.08628647029399872 -0.013750880025327206 0.32522472739219666
v -0.11111047118902206 0.011441860347986221 0.38409098982810974
v -0.08628647029399872 -0.013750880025327206 0.32522472739219666
v -0.08726859092712402 -0.013957230374217033 0.32522472739219666
v -0.013829490169882774 -0.13690078258514404 0.32522472739219666
v -0.019908500835299492 -0.15963615477085114 0.38409098982810974
v -0.02358298934996128 -0.16261877119541168 0.38409098982810974
v -0.013829490169882774 -0.13690078258514404 0.32522472739219666
v -0.02358298934996128 -0.16261877119541168 0.38409098982810974
v -0.02412484958767891 -0.16305020451545715 0.38409098982810974
v -0.042937591671943665 0.016300320625305176 0.38409098982810974
v -0.04198933020234108 0.0160189401358366 0.38409098982810974
v -0.030102260410785675 -0.011331030167639256 0.32522472739219666
v -0.030102260410785675 -0.011331030167639256 0.32522472739219666
v -0.04198933020234108 0.0160189401358366 0.38409098982810974
v -0.029086269438266754 -0.01164992991834879 0.32522472739219666
v -0.020145559683442116 -0.14108394086360931 0.32522472739219666
v -0.017791850492358208 -0.1397520750761032 0.32522472739219666
v -0.030254650861024857 -0.16706453263759613 0.38409098982810974
v -0.030254650861024857 -0.16706453263759613 0.38409098982810974
v -0.017791850492358208 -0.1397520750761032 0.32522472739219666
v -0.02627537027001381 -0.1645696461200714 0.38409098982810974
v -0.04198933020234108 0.0160189401358366 0.38409098982810974
v -0.03582566976547241 0.013749159872531891 0.38409098982810974
v -0.02437884919345379 -0.013150610029697418 0.32522472739219666
v -0.04198933020234108 0.0160189401358366 0.38409098982810974
v -0.02437884919345379 -0.013150610029697418 0.32522472739219666
v -0.029086269438266754 -0.01164992991834879 0.32522472739219666
v -0.08640500158071518 0.01523108035326004 0.38409098982810974
v -0.06589894741773605 0.017200730741024017 0.38409098982810974
v -0.05910874903202057 -0.009661519899964333 0.32522472739219666
v -0.08640500158071518 0.01523108035326004 0.38409098982810974
v -0.05910874903202057 -0.009661519899964333 0.32522472739219666
v -0.0644257590174675 -0.01026178989559412 0.32522472739219666
v -0.017791850492358208 -0.1397520750761032 0.32522472739219666
v -0.02502230927348137 -0.16368800401687622 0.38409098982810974
v -0.02627537027001381 -0.1645696461200714 0.38409098982810974
v -0.03582566976547241 0.013749159872531891 0.38409098982810974
v -0.03223583102226257 0.012023369781672955 0.38409098982810974
v -0.020704360678792 -0.014670049771666527 0.32522472739219666
v -0.03582566976547241 0.013749159872531891 0.38409098982810974
v -0.020704360678792 -0.014670049771666527 0.32522472739219666
v -0.023803120478987694 -0.013375709764659405 0.32522472739219666
v -0.03582566976547241 0.013749159872531891 0.38409098982810974
v -0.023803120478987694 -0.013375709764659405 0.32522472739219666
v -0.02437884919345379 -0.013150610029697418 0.32522472739219666
v -0.013829490169882774 -0.13690078258514404 0.32522472739219666
v -0.013321500271558762 -0.13641305267810822 0.32522472739219666
v -0.017402390018105507 -0.1572725772857666 0.38409098982810974
v -0.013829490169882774 -0.13690078258514404 0.32522472739219666
v -0.017402390018105507 -0.1572725772857666 0.38409098982810974
v -0.019908500835299492 -0.15963615477085114 0.38409098982810974
v -0.06451042741537094 0.017332039773464203 0.38409098982810974
v -0.06064967066049576 0.01763218082487583 0.38409098982810974
v -0.055400390177965164 -0.009342620149254799 0.32522472739219666
v -0.055400390177965164 -0.009342620149254799 0.32522472739219666
v -0.06064967066049576 0.01763218082487583 0.38409098982810974
v -0.05870236083865166 0.017763489857316017 0.38409098982810974
v -0.059159550815820694 -0.14633634686470032 0.32522472739219666
v -0.07575403898954391 -0.17235444486141205 0.38409098982810974
v -0.07751508802175522 -0.17218562960624695 0.38409098982810974
v -0.09158655256032944 0.014630810357630253 0.38409098982810974
v -0.08640500158071518 0.01523108035326004 0.38409098982810974
v -0.0644257590174675 -0.01026178989559412 0.32522472739219666
v -0.09158655256032944 0.014630810357630253 0.38409098982810974
v -0.0644257590174675 -0.01026178989559412 0.32522472739219666
v -0.06913317739963531 -0.010843309573829174 0.32522472739219666
v -0.09158655256032944 0.014630810357630253 0.38409098982810974
v -0.06913317739963531 -0.010843309573829174 0.32522472739219666
v -0.07014916837215424 -0.010974610224366188 0.32522472739219666
v -0.057584770023822784 -0.1464676558971405 0.32522472739219666
v -0.05341921001672745 -0.14678654074668884 0.32522472739219666
v -0.06447655707597733 -0.1733298897743225 0.38409098982810974
v -0.057584770023822784 -0.1464676558971405 0.32522472739219666
v -0.06447655707597733 -0.1733298897743225 0.38409098982810974
v -0.07016610354185104 -0.17286093533039093 0.38409098982810974
v -0.05870236083865166 0.017763489857316017 0.38409098982810974
v -0.05504480004310608 0.017819760367274284 0.38409098982810974
v -0.051979899406433105 -0.009173789992928505 0.32522472739219666
v -0.05160735920071602 -0.17368631064891815 0.38409098982810974
v -0.040719348937273026 -0.14654268324375153 0.32522472739219666
v -0.04730634018778801 -0.17323611676692963 0.38409098982810974
v -0.05341921001672745 -0.14678654074668884 0.32522472739219666
v -0.052267760038375854 -0.146842822432518 0.32522472739219666
v -0.05870236083865166 -0.17376133799552917 0.38409098982810974
v -0.05341921001672745 -0.14678654074668884 0.32522472739219666
v -0.05870236083865166 -0.17376133799552917 0.38409098982810974
v -0.06447655707597733 -0.1733298897743225 0.38409098982810974
v -0.06589894741773605 0.017200730741024017 0.38409098982810974
v -0.06451042741537094 0.017332039773464203 0.38409098982810974
v -0.05910874903202057 -0.009661519899964333 0.32522472739219666
v -0.05910874903202057 -0.009661519899964333 0.32522472739219666
v -0.06451042741537094 0.017332039773464203 0.38409098982810974
v -0.055400390177965164 -0.009342620149254799 0.32522472739219666
v -0.052267760038375854 -0.146842822432518 0.32522472739219666
v -0.04840699955821037 -0.14689908921718597 0.32522472739219666
v -0.05870236083865166 -0.17376133799552917 0.38409098982810974
v -0.05870236083865166 -0.17376133799552917 0.38409098982810974
v -0.04840699955821037 -0.14689908921718597 0.32522472739219666
v -0.05297895148396492 -0.17381761968135834 0.38409098982810974
v -0.007191699929535389 -0.12558938562870026 0.32522472739219666
v -0.006599039770662785 -0.12088097631931305 0.32522472739219666
v -0.0071578300558030605 -0.1380450576543808 0.38409098982810974
v -0.0071578300558030605 -0.1380450576543808 0.38409098982810974
v -0.006599039770662785 -0.12088097631931305 0.32522472739219666
v -0.0066328998655080795 -0.13298025727272034 0.38409098982810974
v -0.02502230927348137 0.007690149825066328 0.38409098982810974
v -0.013829490169882774 -0.019097069278359413 0.32522472739219666
v -0.01708066090941429 -0.016752250492572784 0.32522472739219666
v -0.008732610382139683 -0.13042907416820526 0.32522472739219666
v -0.008986609987914562 -0.14477938413619995 0.38409098982810974
v -0.009342210367321968 -0.14573606848716736 0.38409098982810974
v -0.008732610382139683 -0.13042907416820526 0.32522472739219666
v -0.007327159866690636 -0.12660233676433563 0.32522472739219666
v -0.008986609987914562 -0.14477938413619995 0.38409098982810974
v -0.02358298934996128 0.00662091001868248 0.38409098982810974
v -0.020501159131526947 0.004201049916446209 0.38409098982810974
v -0.013829490169882774 -0.019097069278359413 0.32522472739219666
v -0.013829490169882774 -0.019097069278359413 0.32522472739219666
v -0.020501159131526947 0.004201049916446209 0.38409098982810974
v -0.019908500835299492 0.0036383001133799553 0.38409098982810974
v -0.013829490169882774 -0.019097069278359413 0.32522472739219666
v -0.019908500835299492 0.0036383001133799553 0.38409098982810974
v -0.017046790570020676 0.0008995499811135232 0.38409098982810974
v -0.04730634018778801 0.017238250002264977 0.38409098982810974
v -0.03614738956093788 -0.010074200108647346 0.32522472739219666
v -0.039550960063934326 -0.00960524007678032 0.32522472739219666
v -0.04730634018778801 0.017238250002264977 0.38409098982810974
v -0.039550960063934326 -0.00960524007678032 0.32522472739219666
v -0.040719348937273026 -0.009473930113017559 0.32522472739219666
v -0.007327159866690636 -0.12660233676433563 0.32522472739219666
v -0.007191699929535389 -0.12558938562870026 0.32522472739219666
v -0.0071578300558030605 -0.1380450576543808 0.38409098982810974
v -0.007327159866690636 -0.12660233676433563 0.32522472739219666
v -0.0071578300558030605 -0.1380450576543808 0.38409098982810974
v -0.0072763701900839806 -0.13870160281658173 0.38409098982810974
v -0.007327159866690636 -0.12660233676433563 0.32522472739219666
v -0.0072763701900839806 -0.13870160281658173 0.38409098982810974
v -0.008766479790210724 -0.14408530294895172 0.38409098982810974
v -0.0109678003937006 -0.02189210057258606 0.32522472739219666
v -0.017046790570020676 0.0008995499811135232 0.38409098982810974
v -0.014879349619150162 -0.0014077499508857727 0.38409098982810974
v -0.0109678003937006 -0.02189210057258606 0.32522472739219666
v -0.014879349619150162 -0.0014077499508857727 0.38409098982810974
v -0.01445601973682642 -0.001951750018633902 0.38409098982810974
v -0.0109678003937006 -0.02189210057258606 0.32522472739219666
v -0.01445601973682642 -0.001951750018633902 0.38409098982810974
v -0.010595260187983513 -0.022398579865694046 0.32522472739219666
v -0.02065354958176613 -0.14136531949043274 0.32522472739219666
v -0.030254650861024857 -0.16706453263759613 0.38409098982810974
v -0.030728790909051895 -0.16730840504169464 0.38409098982810974
v -0.02065354958176613 -0.14136531949043274 0.32522472739219666
v -0.030728790909051895 -0.16730840504169464 0.38409098982810974
v -0.034149281680583954 -0.16897791624069214 0.38409098982810974
v -0.05297895148396492 0.01780099980533123 0.38409098982810974
v -0.04730634018778801 0.017238250002264977 0.38409098982810974
v -0.040719348937273026 -0.009473930113017559 0.32522472739219666
v -0.05297895148396492 0.01780099980533123 0.38409098982810974
v -0.040719348937273026 -0.009473930113017559 0.32522472739219666
v -0.04288678988814354 -0.009267590008676052 0.32522472739219666
v -0.05297895148396492 0.01780099980533123 0.38409098982810974
v -0.04288678988814354 -0.009267590008676052 0.32522472739219666
v -0.04623955860733986 -0.009117520414292812 0.32522472739219666
v -0.046967681497335434 -0.17317983508110046 0.38409098982810974
v -0.030102260410785675 -0.1445917934179306 0.32522472739219666
v -0.04198933020234108 -0.17201679944992065 0.38409098982810974
v -0.030102260410785675 -0.1445917934179306 0.32522472739219666
v -0.02437884919345379 -0.14284725487232208 0.32522472739219666
v -0.04198933020234108 -0.17201679944992065 0.38409098982810974
v -0.04730634018778801 0.017238250002264977 0.38409098982810974
v -0.046967681497335434 0.017181970179080963 0.38409098982810974
v -0.03614738956093788 -0.010074200108647346 0.32522472739219666
v -0.017791850492358208 -0.1397520750761032 0.32522472739219666
v -0.013829490169882774 -0.13690078258514404 0.32522472739219666
v -0.02412484958767891 -0.16305020451545715 0.38409098982810974
v -0.017791850492358208 -0.1397520750761032 0.32522472739219666
v -0.02412484958767891 -0.16305020451545715 0.38409098982810974
v -0.02502230927348137 -0.16368800401687622 0.38409098982810974
v -0.04198933020234108 -0.17201679944992065 0.38409098982810974
v -0.02437884919345379 -0.14284725487232208 0.32522472739219666
v -0.03582566976547241 -0.1697470098733902 0.38409098982810974
v -0.02437884919345379 -0.14284725487232208 0.32522472739219666
v -0.02065354958176613 -0.14136531949043274 0.32522472739219666
v -0.03582566976547241 -0.1697470098733902 0.38409098982810974
v -0.046967681497335434 0.017181970179080963 0.38409098982810974
v -0.042937591671943665 0.016300320625305176 0.38409098982810974
v -0.030102260410785675 -0.011331030167639256 0.32522472739219666
v -0.046967681497335434 0.017181970179080963 0.38409098982810974
v -0.030102260410785675 -0.011331030167639256 0.32522472739219666
v -0.03614738956093788 -0.010074200108647346 0.32522472739219666
v -0.03582566976547241 -0.1697470098733902 0.38409098982810974
v -0.02065354958176613 -0.14136531949043274 0.32522472739219666
v -0.034149281680583954 -0.16897791624069214 0.38409098982810974
v -0.02065354958176613 -0.14136531949043274 0.32522472739219666
v -0.020145559683442116 -0.14108394086360931 0.32522472739219666
v -0.030254650861024857 -0.16706453263759613 0.38409098982810974
v -0.00937607977539301 -0.01013047993183136 0.38409098982810974
v -0.007344100158661604 -0.02939552068710327 0.32522472739219666
v -0.007631959859281778 -0.028588900342583656 0.32522472739219666
v -0.006497439928352833 -0.04083823040127754 0.32522472739219666
v -0.00651436997577548 -0.039806511253118515 0.32522472739219666
v -0.006497439928352833 -0.02939552068710327 0.3777116537094116
v -0.008749550208449364 -0.01189377997070551 0.38409098982810974
v -0.0071578300558030605 -0.017952799797058105 0.38409098982810974
v -0.007191699929535389 -0.017952799797058105 0.38342827558517456
v -0.008749550208449364 -0.01189377997070551 0.38409098982810974
v -0.007191699929535389 -0.017952799797058105 0.38342827558517456
v -0.007344100158661604 -0.02939552068710327 0.32522472739219666
v -0.007344100158661604 -0.02939552068710327 0.32522472739219666
v -0.007191699929535389 -0.017952799797058105 0.38342827558517456
v -0.0071578300558030605 -0.017952799797058105 0.38409098982810974
v -0.007344100158661604 -0.02939552068710327 0.32522472739219666
v -0.0071578300558030605 -0.017952799797058105 0.38409098982810974
v -0.006599039770662785 -0.03511686995625496 0.32522472739219666
v -0.00651436997577548 -0.039806511253118515 0.32522472739219666
v -0.006599039770662785 -0.03511686995625496 0.32522472739219666
v -0.006548230070620775 -0.03511686995625496 0.3376779854297638
v -0.00651436997577548 -0.039806511253118515 0.32522472739219666
v -0.006548230070620775 -0.03511686995625496 0.3376779854297638
v -0.006497439928352833 -0.02939552068710327 0.3777116537094116
v -0.0109678003937006 -0.13410575687885284 0.32522472739219666
v -0.009037409909069538 -0.13123570382595062 0.32522472739219666
v -0.011814449913799763 -0.15029439330101013 0.38409098982810974
v -0.0109678003937006 -0.13410575687885284 0.32522472739219666
v -0.011814449913799763 -0.15029439330101013 0.38409098982810974
v -0.01445601973682642 -0.15404610335826874 0.38409098982810974
v -0.006497439928352833 -0.02939552068710327 0.3777116537094116
v -0.006548230070620775 -0.03511686995625496 0.3376779854297638
v -0.006599039770662785 -0.03511686995625496 0.32522472739219666
v -0.006497439928352833 -0.02939552068710327 0.3777116537094116
v -0.006599039770662785 -0.03511686995625496 0.32522472739219666
v -0.006615969818085432 -0.02367416024208069 0.38342827558517456
v -0.006497439928352833 -0.02939552068710327 0.3777116537094116
v -0.006615969818085432 -0.02367416024208069 0.38342827558517456
v -0.006615969818085432 -0.02367416024208069 0.38409098982810974
v -0.006497439928352833 -0.02939552068710327 0.3777116537094116
v -0.006615969818085432 -0.02367416024208069 0.38409098982810974
v -0.006497439928352833 -0.02939552068710327 0.38409098982810974
v -0.0071578300558030605 -0.017952799797058105 0.38409098982810974
v -0.006615969818085432 -0.02367416024208069 0.38409098982810974
v -0.006615969818085432 -0.02367416024208069 0.38342827558517456
v -0.0071578300558030605 -0.017952799797058105 0.38409098982810974
v -0.006615969818085432 -0.02367416024208069 0.38342827558517456
v -0.006599039770662785 -0.03511686995625496 0.32522472739219666
v -0.009037409909069538 -0.13123570382595062 0.32522472739219666
v -0.01137419044971466 -0.14961907267570496 0.38409098982810974
v -0.011814449913799763 -0.15029439330101013 0.38409098982810974
v -0.02502230927348137 0.007690149825066328 0.38409098982810974
v -0.02358298934996128 0.00662091001868248 0.38409098982810974
v -0.013829490169882774 -0.019097069278359413 0.32522472739219666
v -0.03223583102226257 0.012023369781672955 0.38409098982810974
v -0.030728790909051895 0.011291789822280407 0.38409098982810974
v -0.020704360678792 -0.014670049771666527 0.32522472739219666
v -0.020704360678792 -0.014670049771666527 0.32522472739219666
v -0.030728790909051895 0.011291789822280407 0.38409098982810974
v -0.018350649625062943 -0.015964390709996223 0.32522472739219666
v -0.013321500271558762 -0.13641305267810822 0.32522472739219666
v -0.0109678003937006 -0.13410575687885284 0.32522472739219666
v -0.017402390018105507 -0.1572725772857666 0.38409098982810974
v -0.017402390018105507 -0.1572725772857666 0.38409098982810974
v -0.0109678003937006 -0.13410575687885284 0.32522472739219666
v -0.017046790570020676 -0.1568973958492279 0.38409098982810974
v -0.030728790909051895 0.011291789822280407 0.38409098982810974
v -0.029983729124069214 0.010879100300371647 0.38409098982810974
v -0.017842650413513184 -0.01624576933681965 0.32522472739219666
v -0.030728790909051895 0.011291789822280407 0.38409098982810974
v -0.017842650413513184 -0.01624576933681965 0.32522472739219666
v -0.018350649625062943 -0.015964390709996223 0.32522472739219666
v -0.013829490169882774 -0.019097069278359413 0.32522472739219666
v -0.017046790570020676 0.0008995499811135232 0.38409098982810974
v -0.0109678003937006 -0.02189210057258606 0.32522472739219666
v -0.008986609987914562 -0.14477938413619995 0.38409098982810974
v -0.007327159866690636 -0.12660233676433563 0.32522472739219666
v -0.008766479790210724 -0.14408530294895172 0.38409098982810974
v -0.0109678003937006 -0.13410575687885284 0.32522472739219666
v -0.01445601973682642 -0.15404610335826874 0.38409098982810974
v -0.017046790570020676 -0.1568973958492279 0.38409098982810974
v -0.029983729124069214 0.010879100300371647 0.38409098982810974
v -0.02502230927348137 0.007690149825066328 0.38409098982810974
v -0.017842650413513184 -0.01624576933681965 0.32522472739219666
v -0.017842650413513184 -0.01624576933681965 0.32522472739219666
v -0.02502230927348137 0.007690149825066328 0.38409098982810974
v -0.01708066090941429 -0.016752250492572784 0.32522472739219666
v -0.009037409909069538 -0.13123570382595062 0.32522472739219666
v -0.008732610382139683 -0.13042907416820526 0.32522472739219666
v -0.009342210367321968 -0.14573606848716736 0.38409098982810974
v -0.009037409909069538 -0.13123570382595062 0.32522472739219666
v -0.009342210367321968 -0.14573606848716736 0.38409098982810974
v -0.009867129847407341 -0.14706791937351227 0.38409098982810974
v -0.009037409909069538 -0.13123570382595062 0.32522472739219666
v -0.009867129847407341 -0.14706791937351227 0.38409098982810974
v -0.01137419044971466 -0.14961907267570496 0.38409098982810974
v -0.17655712366104126 -0.04083823040127754 0.37707772850990295
v -0.17633698880672455 -0.036936450749635696 0.37646111845970154
v -0.17757311463356018 -0.046559590846300125 0.37198925018310547
v -0.17757311463356018 -0.046559590846300125 0.37198925018310547
v -0.17633698880672455 -0.036936450749635696 0.37646111845970154
v -0.17633698880672455 -0.036936450749635696 0.37404653429985046
v -0.1776069849729538 -0.09229294955730438 0.36107465624809265
v -0.17853829264640808 -0.09801430255174637 0.36627262830734253
v -0.17908015847206116 -0.09229294955730438 0.36627262830734253
v -0.17908015847206116 -0.09229294955730438 0.36627262830734253
v -0.17853829264640808 -0.09801430255174637 0.36627262830734253
v -0.17757311463356018 -0.10945702344179153 0.37198925018310547
v -0.17757311463356018 -0.10945702344179153 0.37198925018310547
v -0.17691271007061005 -0.10945702344179153 0.3674597442150116
v -0.17633698880672455 -0.11913643777370453 0.37398892641067505
v -0.17757311463356018 -0.10945702344179153 0.37198925018310547
v -0.17633698880672455 -0.11913643777370453 0.37398892641067505
v -0.17633698880672455 -0.11913643777370453 0.3764784038066864
v -0.17757311463356018 -0.10945702344179153 0.37198925018310547
v -0.17633698880672455 -0.11913643777370453 0.3764784038066864
v -0.17657406628131866 -0.11515962332487106 0.3770662248134613
v -0.17757311463356018 -0.10945702344179153 0.37198925018310547
v -0.17853829264640808 -0.09801430255174637 0.36627262830734253
v -0.17691271007061005 -0.10945702344179153 0.3674597442150116
v -0.1746775358915329 -0.12660233676433563 0.38342827558517456
v -0.17267942428588867 -0.13268010318279266 0.38409098982810974
v -0.1745082139968872 -0.12660233676433563 0.38409098982810974
v -0.17946961522102356 -0.07514762878417969 0.36627262830734253
v -0.17933416366577148 -0.0694262683391571 0.36627262830734253
v -0.1781827062368393 -0.07514762878417969 0.36055025458335876
v -0.17657406628131866 -0.11515962332487106 0.3770662248134613
v -0.1745082139968872 -0.12660233676433563 0.38409098982810974
v -0.17472833395004272 -0.12088097631931305 0.38342827558517456
v -0.17657406628131866 -0.11515962332487106 0.3770662248134613
v -0.17472833395004272 -0.12088097631931305 0.38342827558517456
v -0.17454208433628082 -0.03446032851934433 0.38409098982810974
v -0.17657406628131866 -0.11515962332487106 0.3770662248134613
v -0.17454208433628082 -0.03446032851934433 0.38409098982810974
v -0.17574432492256165 -0.04083823040127754 0.3799360394477844
v -0.17657406628131866 -0.11515962332487106 0.3770662248134613
v -0.17574432492256165 -0.04083823040127754 0.3799360394477844
v -0.17655712366104126 -0.04083823040127754 0.37707772850990295
v -0.17655712366104126 -0.04083823040127754 0.37707772850990295
v -0.17574432492256165 -0.04083823040127754 0.3799360394477844
v -0.17454208433628082 -0.028738969936966896 0.38409098982810974
v -0.17655712366104126 -0.04083823040127754 0.37707772850990295
v -0.17454208433628082 -0.028738969936966896 0.38409098982810974
v -0.17633698880672455 -0.036936450749635696 0.37646111845970154
v -0.1745082139968872 -0.12660233676433563 0.38409098982810974
v -0.1610463559627533 -0.14590488374233246 0.38409098982810974
v -0.1571517288684845 -0.14873743057250977 0.38409098982810974
v -0.1745082139968872 -0.12660233676433563 0.38409098982810974
v -0.1571517288684845 -0.14873743057250977 0.38409098982810974
v -0.15523827075958252 -0.15010680258274078 0.38409098982810974
v -0.1745082139968872 -0.12660233676433563 0.38409098982810974
v -0.15523827075958252 -0.15010680258274078 0.38409098982810974
v -0.15020912885665894 -0.15323947370052338 0.38409098982810974
v -0.1745082139968872 -0.12660233676433563 0.38409098982810974
v -0.15020912885665894 -0.15323947370052338 0.38409098982810974
v -0.145281583070755 -0.1559407263994217 0.38409098982810974
v -0.1745082139968872 -0.12660233676433563 0.38409098982810974
v -0.145281583070755 -0.1559407263994217 0.38409098982810974
v -0.14419786632061005 -0.15644720196723938 0.38409098982810974
v -0.17633698880672455 -0.11913643777370453 0.37398892641067505
v -0.17169730365276337 -0.13530631363391876 0.38409098982810974
v -0.1725270301103592 -0.13277390599250793 0.38300180435180664
v -0.17633698880672455 -0.11913643777370453 0.37398892641067505
v -0.1725270301103592 -0.13277390599250793 0.38300180435180664
v -0.17267942428588867 -0.13268010318279266 0.38409098982810974
v -0.17633698880672455 -0.11913643777370453 0.37398892641067505
v -0.17267942428588867 -0.13268010318279266 0.38409098982810974
v -0.1746775358915329 -0.12660233676433563 0.38342827558517456
v -0.1745082139968872 -0.12660233676433563 0.38409098982810974
v -0.1329881250858307 -0.16121186316013336 0.38409098982810974
v -0.13227692246437073 -0.16147449612617493 0.38409098982810974
v -0.1745082139968872 -0.12660233676433563 0.38409098982810974
v -0.13227692246437073 -0.16147449612617493 0.38409098982810974
v -0.13117626309394836 -0.16184966266155243 0.38409098982810974
v -0.1745082139968872 -0.12660233676433563 0.38409098982810974
v -0.13117626309394836 -0.16184966266155243 0.38409098982810974
v -0.12731550633907318 -0.16314400732517242 0.38409098982810974
v -0.1745082139968872 -0.12660233676433563 0.38409098982810974
v -0.12731550633907318 -0.16314400732517242 0.38409098982810974
v -0.12350554764270782 -0.16426950693130493 0.38409098982810974
v -0.1745082139968872 -0.12660233676433563 0.38409098982810974
v -0.12350554764270782 -0.16426950693130493 0.38409098982810974
v -0.12160903215408325 -0.16481351852416992 0.38409098982810974
v -0.1745082139968872 -0.12660233676433563 0.38409098982810974
v -0.1665326952934265 -0.14112146198749542 0.38409098982810974
v -0.16451765596866608 -0.14294104278087616 0.38409098982810974
v -0.1745082139968872 -0.12660233676433563 0.38409098982810974
v -0.16451765596866608 -0.14294104278087616 0.38409098982810974
v -0.16255339980125427 -0.14464807510375977 0.38409098982810974
v -0.1745082139968872 -0.12660233676433563 0.38409098982810974
v -0.16255339980125427 -0.14464807510375977 0.38409098982810974
v -0.1610463559627533 -0.14590488374233246 0.38409098982810974
v -0.1781827062368393 -0.08085022866725922 0.36055025458335876
v -0.17752231657505035 -0.08645904064178467 0.3600604236125946
v -0.1776069849729538 -0.09229294955730438 0.36107465624809265
v -0.1781827062368393 -0.08085022866725922 0.36055025458335876
v -0.1776069849729538 -0.09229294955730438 0.36107465624809265
v -0.17908015847206116 -0.09229294955730438 0.36627262830734253
v -0.1781827062368393 -0.08085022866725922 0.36055025458335876
v -0.17908015847206116 -0.09229294955730438 0.36627262830734253
v -0.17933416366577148 -0.0865715891122818 0.36627262830734253
v -0.1781827062368393 -0.08085022866725922 0.36055025458335876
v -0.1781827062368393 -0.07514762878417969 0.36055025458335876
v -0.17611685395240784 -0.07514762878417969 0.3574729561805725
v -0.1781827062368393 -0.08085022866725922 0.36055025458335876
v -0.17611685395240784 -0.07514762878417969 0.3574729561805725
v -0.17611685395240784 -0.08085022866725922 0.3574729561805725
v -0.17933416366577148 -0.0865715891122818 0.36627262830734253
v -0.17908015847206116 -0.09229294955730438 0.36627262830734253
v -0.17796257138252258 -0.10373566299676895 0.37198925018310547
v -0.17796257138252258 -0.10373566299676895 0.37198925018310547
v -0.17908015847206116 -0.09229294955730438 0.36627262830734253
v -0.17757311463356018 -0.10945702344179153 0.37198925018310547
v -0.17796257138252258 -0.10373566299676895 0.37198925018310547
v -0.17757311463356018 -0.10945702344179153 0.37198925018310547
v -0.17657406628131866 -0.11515962332487106 0.3770662248134613
v -0.17948655784130096 -0.08085022866725922 0.36627262830734253
v -0.1781827062368393 -0.08085022866725922 0.36055025458335876
v -0.17933416366577148 -0.0865715891122818 0.36627262830734253
v -0.17948655784130096 -0.08085022866725922 0.36627262830734253
v -0.17933416366577148 -0.0865715891122818 0.36627262830734253
v -0.17796257138252258 -0.10373566299676895 0.37198925018310547
v -0.17948655784130096 -0.08085022866725922 0.36627262830734253
v -0.17796257138252258 -0.10373566299676895 0.37198925018310547
v -0.17796257138252258 -0.052262190729379654 0.37198925018310547
v -0.17948655784130096 -0.08085022866725922 0.36627262830734253
v -0.17796257138252258 -0.052262190729379654 0.37198925018310547
v -0.17946961522102356 -0.07514762878417969 0.36627262830734253
v -0.17948655784130096 -0.08085022866725922 0.36627262830734253
v -0.17946961522102356 -0.07514762878417969 0.36627262830734253
v -0.1781827062368393 -0.07514762878417969 0.36055025458335876
v -0.17948655784130096 -0.08085022866725922 0.36627262830734253
v -0.1781827062368393 -0.07514762878417969 0.36055025458335876
v -0.1781827062368393 -0.08085022866725922 0.36055025458335876
v -0.1781827062368393 -0.08085022866725922 0.36055025458335876
v -0.17611685395240784 -0.08085022866725922 0.3574729561805725
v -0.17601525783538818 -0.08447062969207764 0.35759395360946655
v -0.1781827062368393 -0.08085022866725922 0.36055025458335876
v -0.17601525783538818 -0.08447062969207764 0.35759395360946655
v -0.17752231657505035 -0.08645904064178467 0.3600604236125946
v -0.17611685395240784 -0.08085022866725922 0.3574729561805725
v -0.1738816797733307 -0.08085022866725922 0.35462039709091187
v -0.17601525783538818 -0.08447062969207764 0.35759395360946655
v -0.17752231657505035 -0.08645904064178467 0.3600604236125946
v -0.1758289933204651 -0.08829736709594727 0.3578302264213562
v -0.1776069849729538 -0.09229294955730438 0.36107465624809265
v -0.17601525783538818 -0.07152722775936127 0.35759395360946655
v -0.17101998627185822 -0.07514762878417969 0.35097259283065796
v -0.1738816797733307 -0.07514762878417969 0.35462039709091187
v -0.17796257138252258 -0.10373566299676895 0.37198925018310547
v -0.17657406628131866 -0.11515962332487106 0.3770662248134613
v -0.17796257138252258 -0.052262190729379654 0.37198925018310547
v -0.17796257138252258 -0.052262190729379654 0.37198925018310547
v -0.17655712366104126 -0.04083823040127754 0.37707772850990295
v -0.17757311463356018 -0.046559590846300125 0.37198925018310547
v -0.17796257138252258 -0.052262190729379654 0.37198925018310547
v -0.17757311463356018 -0.046559590846300125 0.37198925018310547
v -0.17908015847206116 -0.06370490789413452 0.36627262830734253
usemtl DefaultMaterial
f 1 2 3
f 4 5 6
f 7 8 9
f 10 11 12
f 13 14 15
f 16 17 18
f 19 20 21
f 22 23 24
f 25 26 27
f 28 29 30
f 31 32 33
f 34 35 36
f 37 38 39
f 40 41 42
f 43 44 45
f 46 47 48
f 49 50 51
f 52 53 54
f 55 56 57
f 58 59 60
f 61 62 63
f 64 65 66
f 67 68 69
f 70 71 72
f 73 74 75
f 76 77 78
f 79 80 81
f 82 83 84
f 85 86 87
f 88 89 90
f 91 92 93
f 94 95 96
f 97 98 99
f 100 101 102
f 103 104 105
f 106 107 108
f 109 110 111
f 112 113 114
f 115 116 117
f 118 119 120
f 121 122 123
f 124 125 126
f 127 128 129
f 130 131 132
f 133 134 135
f 136 137 138
f 139 140 141
f 142 143 144
f 145 146 147
f 148 149 150
f 151 152 153
f 154 155 156
f 157 158 159
f 160 161 162
f 163 164 165
f 166 167 168
f 169 170 171
f 172 173 174
f 175 176 177
f 178 179 180
f 181 182 183
f 184 185 186
f 187 188 189
f 190 191 192
f 193 194 195
f 196 197 198
f 199 200 201
f 202 203 204
f 205 206 207
f 208 209 210
f 211 212 213
f 214 215 216
f 217 218 219
f 220 221 222
f 223 224 225
f 226 227 228
f 229 230 231
f 232 233 234
f 235 236 237
f 238 239 240
f 241 242 243
f 244 245 246
f 247 248 249
f 250 251 252
f 253 254 255
f 256 257 258
f 259 260 261
f 262 263 264
f 265 266 267
f 268 269 270
f 271 272 273
f 274 275 276
f 277 278 279
f 280 281 282
f 283 284 285
f 286 287 288
f 289 290 291
f 292 293 294
f 295 296 297
f 298 299 300
f 301 302 303
f 304 305 306
f 307 308 309
f 310 311 312
f 313 314 315
f 316 317 318
f 319 320 321
f 322 323 324
f 325 326 327
f 328 329 330
f 331 332 333
f 334 335 336
f 337 338 339
f 340 341 342
f 343 344 345
f 346 347 348
f 349 350 351
f 352 353 354
f 355 356 357
f 358 359 360
f 361 362 363
f 364 365 366
f 367 368 369
f 370 371 372
f 373 374 375
f 376 377 378
f 379 380 381
f 382 383 384
f 385 386 387
f 388 389 390
f 391 392 393
f 394 395 396
f 397 398 399
f 400 401 402
f 403 404 405
f 406 407 408
f 409 410 411
f 412 413 414
f 415 416 417
f 418 419 420
f 421 422 423
f 424 425 426
f 427 428 429
f 430 431 432
f 433 434 435
f 436 437 438
f 439 440 441
f 442 443 444
f 445 446 447
f 448 449 450
f 451 452 453
f 454 455 456
f 457 458 459
f 460 461 462
f 463 464 465
f 466 467 468
f 469 470 471
f 472 473 474
f 475 476 477
f 478 479 480
f 481 482 483
f 484 485 486
f 487 488 489
f 490 491 492
f 493 494 495
f 496 497 498
f 499 500 501
f 502 503 504
f 505 506 507
f 508 509 510
f 511 512 513
f 514 515 516
f 517 518 519
f 520 521 522
f 523 524 525
f 526 527 528
f 529 530 531
f 532 533 534
f 535 536 537
f 538 539 540
f 541 542 543
f 544 545 546
f 547 548 549
f 550 551 552
f 553 554 555
f 556 557 558
f 559 560 561
f 562 563 564
f 565 566 567
f 568 569 570
f 571 572 573
f 574 575 576
f 577 578 579
f 580 581 582
f 583 584 585
f 586 587 588
f 589 590 591
f 592 593 594
f 595 596 597
f 598 599 600
f 601 602 603
f 604 605 606
f 607 608 609
f 610 611 612
f 613 614 615
f 616 617 618
f 619 620 621
f 622 623 624
f 625 626 627
f 628 629 630
f 631 632 633
f 634 635 636
f 637 638 639
f 640 641 642
f 643 644 645
f 646 647 648
f 649 650 651
f 652 653 654
f 655 656 657
f 658 659 660
f 661 662 663
f 664 665 666
f 667 668 669
f 670 671 672
f 673 674 675
f 676 677 678
f 679 680 681
f 682 683 684
f 685 686 687
f 688 689 690
f 691 692 693
f 694 695 696
f 697 698 699
f 700 701 702
f 703 704 705
f 706 707 708
f 709 710 711
f 712 713 714
f 715 716 717
f 718 719 720
f 721 722 723
f 724 725 726
f 727 728 729
f 730 731 732
f 733 734 735
f 736 737 738
f 739 740 741
f 742 743 744
f 745 746 747
f 748 749 750
f 751 752 753
f 754 755 756
f 757 758 759
f 760 761 762
f 763 764 765
f 766 767 768
f 769 770 771
f 772 773 774
f 775 776 777
f 778 779 780
f 781 782 783
f 784 785 786
f 787 788 789
f 790 791 792
f 793 794 795
f 796 797 798
f 799 800 801
f 802 803 804
f 805 806 807
f 808 809 810
f 811 812 813
f 814 815 816
f 817 818 819
f 820 821 822
f 823 824 825
f 826 827 828
f 829 830 831
f 832 833 834
f 835 836 837
f 838 839 840
f 841 842 843
f 844 845 846
f 847 848 849
f 850 851 852
f 853 854 855
f 856 857 858
f 859 860 861
f 862 863 864
f 865 866 867
f 868 869 870
f 871 872 873
f 874 875 876
f 877 878 879
f 880 881 882
f 883 884 885
f 886 887 888
f 889 890 891
f 892 893 894
f 895 896 897
f 898 899 900
f 901 902 903
f 904 905 906
f 907 908 909
f 910 911 912
f 913 914 915
f 916 917 918
f 919 920 921
f 922 923 924
f 925 926 927
f 928 929 930
f 931 932 933
f 934 935 936
f 937 938 939
f 940 941 942
f 943 944 945
f 946 947 948
f 949 950 951
f 952 953 954
f 955 956 957
f 958 959 960
f 961 962 963
f 964 965 966
f 967 968 969
f 970 971 972
f 973 974 975
f 976 977 978
f 979 980 981
f 982 983 984
f 985 986 987
f 988 989 990
f 991 992 993
f 994 995 996
f 997 998 999
f 1000 1001 1002
f 1003 1004 1005
f 1006 1007 1008
f 1009 1010 1011
f 1012 1013 1014
f 1015 1016 1017
f 1018 1019 1020
f 1021 1022 1023
f 1024 1025 1026
f 1027 1028 1029
f 1030 1031 1032
f 1033 1034 1035
f 1036 1037 1038
f 1039 1040 1041
f 1042 1043 1044
f 1045 1046 1047
f 1048 1049 1050
f 1051 1052 1053
f 1054 1055 1056
f 1057 1058 1059
f 1060 1061 1062
f 1063 1064 1065
f 1066 1067 1068
f 1069 1070 1071
f 1072 1073 1074
f 1075 1076 1077
f 1078 1079 1080
f 1081 1082 1083
f 1084 1085 1086
f 1087 1088 1089
f 1090 1091 1092
f 1093 1094 1095
f 1096 1097 1098
f 1099 1100 1101
f 1102 1103 1104
f 1105 1106 1107
f 1108 1109 1110
f 1111 1112 1113
f 1114 1115 1116
f 1117 1118 1119
f 1120 1121 1122
f 1123 1124 1125
f 1126 1127 1128
f 1129 1130 1131
f 1132 1133 1134
f 1135 1136 1137
f 1138 1139 1140
f 1141 1142 1143
f 1144 1145 1146
f 1147 1148 1149
f 1150 1151 1152
f 1153 1154 1155
f 1156 1157 1158
f 1159 1160 1161
f 1162 1163 1164
f 1165 1166 1167
f 1168 1169 1170
f 1171 1172 1173
f 1174 1175 1176
f 1177 1178 1179
f 1180 1181 1182
f 1183 1184 1185
f 1186 1187 1188
f 1189 1190 1191
f 1192 1193 1194
f 1195 1196 1197
f 1198 1199 1200
f 1201 1202 1203
f 1204 1205 1206
f 1207 1208 1209
f 1210 1211 1212
f 1213 1214 1215
f 1216 1217 1218
f 1219 1220 1221
f 1222 1223 1224
f 1225 1226 1227
f 1228 1229 1230
f 1231 1232 1233
f 1234 1235 1236
f 1237 1238 1239
f 1240 1241 1242
f 1243 1244 1245
f 1246 1247 1248
f 1249 1250 1251
f 1252 1253 1254
f 1255 1256 1257
f 1258 1259 1260
f 1261 1262 1263
f 1264 1265 1266
f 1267 1268 1269
f 1270 1271 1272
f 1273 1274 1275
f 1276 1277 1278
f 1279 1280 1281
f 1282 1283 1284
f 1285 1286 1287
f 1288 1289 1290
f 1291 1292 1293
f 1294 1295 1296
f 1297 1298 1299
f 1300 1301 1302
f 1303 1304 1305
f 1306 1307 1308
f 1309 1310 1311
f 1312 1313 1314
f 1315 1316 1317
f 1318 1319 1320
f 1321 1322 1323
f 1324 1325 1326
f 1327 1328 1329
f 1330 1331 1332
f 1333 1334 1335
f 1336 1337 1338
f 1339 1340 1341
f 1342 1343 1344
f 1345 1346 1347
f 1348 1349 1350
f 1351 1352 1353
f 1354 1355 1356
f 1357 1358 1359
f 1360 1361 1362
f 1363 1364 1365
f 1366 1367 1368
f 1369 1370 1371
f 1372 1373 1374
f 1375 1376 1377
f 1378 1379 1380
f 1381 1382 1383
f 1384 1385 1386
f 1387 1388 1389
f 1390 1391 1392
f 1393 1394 1395
f 1396 1397 1398
f 1399 1400 1401
f 1402 1403 1404
f 1405 1406 1407
f 1408 1409 1410
f 1411 1412 1413
f 1414 1415 1416
f 1417 1418 1419
f 1420 1421 1422
f 1423 1424 1425
f 1426 1427 1428
f 1429 1430 1431
f 1432 1433 1434
f 1435 1436 1437
f 1438 1439 1440
f 1441 1442 1443
f 1444 1445 1446
f 1447 1448 1449
f 1450 1451 1452
f 1453 1454 1455
f 1456 1457 1458
f 1459 1460 1461
f 1462 1463 1464
f 1465 1466 1467
f 1468 1469 1470
f 1471 1472 1473
f 1474 1475 1476
f 1477 1478 1479
f 1480 1481 1482
f 1483 1484 1485
f 1486 1487 1488
f 1489 1490 1491
f 1492 1493 1494
f 1495 1496 1497
f 1498 1499 1500
f 1501 1502 1503
f 1504 1505 1506
f 1507 1508 1509
f 1510 1511 1512
f 1513 1514 1515
f 1516 1517 1518
f 1519 1520 1521
f 1522 1523 1524
f 1525 1526 1527
f 1528 1529 1530
f 1531 1532 1533
f 1534 1535 1536
f 1537 1538 1539
f 1540 1541 1542
f 1543 1544 1545
f 1546 1547 1548
f 1549 1550 1551
f 1552 1553 1554
f 1555 1556 1557
f 1558 1559 1560
f 1561 1562 1563
f 1564 1565 1566
f 1567 1568 1569
f 1570 1571 1572
f 1573 1574 1575
f 1576 1577 1578
f 1579 1580 1581
f 1582 1583 1584
f 1585 1586 1587
f 1588 1589 1590
f 1591 1592 1593
f 1594 1595 1596
f 1597 1598 1599
f 1600 1601 1602
f 1603 1604 1605
f 1606 1607 1608
f 1609 1610 1611
f 1612 1613 1614
f 1615 1616 1617
f 1618 1619 1620
f 1621 1622 1623
f 1624 1625 1626
f 1627 1628 1629
f 1630 1631 1632
f 1633 1634 1635
f 1636 1637 1638
f 1639 1640 1641
f 1642 1643 1644
f 1645 1646 1647
f 1648 1649 1650
f 1651 1652 1653
f 1654 1655 1656
f 1657 1658 1659
f 1660 1661 1662
f 1663 1664 1665
f 1666 1667 1668
f 1669 1670 1671
f 1672 1673 1674
f 1675 1676 1677
f 1678 1679 1680
f 1681 1682 1683
f 1684 1685 1686
f 1687 1688 1689
f 1690 1691 1692
f 1693 1694 1695
f 1696 1697 1698
f 1699 1700 1701
f 1702 1703 1704
f 1705 1706 1707
f 1708 1709 1710
f 1711 1712 1713
f 1714 1715 1716
f 1717 1718 1719
f 1720 1721 1722
f 1723 1724 1725
f 1726 1727 1728
f 1729 1730 1731
f 1732 1733 1734
f 1735 1736 1737
f 1738 1739 1740
f 1741 1742 1743
f 1744 1745 1746
f 1747 1748 1749
f 1750 1751 1752
f 1753 1754 1755
f 1756 1757 1758
f 1759 1760 1761
f 1762 1763 1764
f 1765 1766 1767
f 1768 1769 1770
f 1771 1772 1773
f 1774 1775 1776
f 1777 1778 1779
f 1780 1781 1782
f 1783 1784 1785
f 1786 1787 1788
f 1789 1790 1791
f 1792 1793 1794
f 1795 1796 1797
f 1798 1799 1800
f 1801 1802 1803
f 1804 1805 1806
f 1807 1808 1809
f 1810 1811 1812
f 1813 1814 1815
f 1816 1817 1818
f 1819 1820 1821
f 1822 1823 1824
f 1825 1826 1827
f 1828 1829 1830
f 1831 1832 1833
f 1834 1835 1836
f 1837 1838 1839
f 1840 1841 1842
f 1843 1844 1845
f 1846 1847 1848
f 1849 1850 1851
f 1852 1853 1854
f 1855 1856 1857
f 1858 1859 1860
f 1861 1862 1863
f 1864 1865 1866
f 1867 1868 1869
f 1870 1871 1872
f 1873 1874 1875
f 1876 1877 1878
f 1879 1880 1881
f 1882 1883 1884
f 1885 1886 1887
f 1888 1889 1890
f 1891 1892 1893
f 1894 1895 1896
f 1897 1898 1899
f 1900 1901 1902
f 1903 1904 1905
f 1906 1907 1908
f 1909 1910 1911
f 1912 1913 1914
f 1915 1916 1917
f 1918 1919 1920
f 1921 1922 1923
f 1924 1925 1926
f 1927 1928 1929
f 1930 1931 1932
f 1933 1934 1935
f 1936 1937 1938
f 1939 1940 1941
f 1942 1943 1944
f 1945 1946 1947
f 1948 1949 1950
f 1951 1952 1953
f 1954 1955 1956
f 1957 1958 1959
f 1960 1961 1962
f 1963 1964 1965
f 1966 1967 1968
f 1969 1970 1971
f 1972 1973 1974
f 1975 1976 1977
f 1978 1979 1980
f 1981 1982 1983
f 1984 1985 1986
f 1987 1988 1989
f 1990 1991 1992
f 1993 1994 1995
f 1996 1997 1998
f 1999 2000 2001
f 2002 2003 2004
f 2005 2006 2007
f 2008 2009 2010
f 2011 2012 2013
f 2014 2015 2016
f 2017 2018 2019
f 2020 2021 2022
f 2023 2024 2025
f 2026 2027 2028
f 2029 2030 2031
f 2032 2033 2034
f 2035 2036 2037
f 2038 2039 2040
f 2041 2042 2043
f 2044 2045 2046
f 2047 2048 2049
f 2050 2051 2052
f 2053 2054 2055
f 2056 2057 2058
f 2059 2060 2061
f 2062 2063 2064
f 2065 2066 2067
f 2068 2069 2070
f 2071 2072 2073
f 2074 2075 2076
f 2077 2078 2079
f 2080 2081 2082
f 2083 2084 2085
f 2086 2087 2088
f 2089 2090 2091
f 2092 2093 2094
f 2095 2096 2097
f 2098 2099 2100
f 2101 2102 2103
f 2104 2105 2106
f 2107 2108 2109
f 2110 2111 2112
f 2113 2114 2115
f 2116 2117 2118
f 2119 2120 2121
f 2122 2123 2124
f 2125 2126 2127
f 2128 2129 2130
f 2131 2132 2133
f 2134 2135 2136
f 2137 2138 2139
f 2140 2141 2142
f 2143 2144 2145
f 2146 2147 2148
f 2149 2150 2151
f 2152 2153 2154
f 2155 2156 2157
f 2158 2159 2160
f 2161 2162 2163
f 2164 2165 2166
f 2167 2168 2169
f 2170 2171 2172
f 2173 2174 2175
f 2176 2177 2178
f 2179 2180 2181
f 2182 2183 2184
f 2185 2186 2187
f 2188 2189 2190
f 2191 2192 2193
f 2194 2195 2196
f 2197 2198 2199
f 2200 2201 2202
f 2203 2204 2205
f 2206 2207 2208
f 2209 2210 2211
f 2212 2213 2214
f 2215 2216 2217
f 2218 2219 2220
f 2221 2222 2223
f 2224 2225 2226
f 2227 2228 2229
f 2230 2231 2232
f 2233 2234 2235
f 2236 2237 2238
f 2239 2240 2241
f 2242 2243 2244
f 2245 2246 2247
f 2248 2249 2250
f 2251 2252 2253
f 2254 2255 2256
f 2257 2258 2259
f 2260 2261 2262
f 2263 2264 2265
f 2266 2267 2268
f 2269 2270 2271
f 2272 2273 2274
f 2275 2276 2277
f 2278 2279 2280
f 2281 2282 2283
f 2284 2285 2286
f 2287 2288 2289
f 2290 2291 2292
f 2293 2294 2295
f 2296 2297 2298
f 2299 2300 2301
f 2302 2303 2304
f 2305 2306 2307
f 2308 2309 2310
f 2311 2312 2313
f 2314 2315 2316
f 2317 2318 2319
f 2320 2321 2322
f 2323 2324 2325
f 2326 2327 2328
f 2329 2330 2331
f 2332 2333 2334
f 2335 2336 2337
f 2338 2339 2340
f 2341 2342 2343
f 2344 2345 2346
f 2347 2348 2349
f 2350 2351 2352
f 2353 2354 2355
f 2356 2357 2358
f 2359 2360 2361
f 2362 2363 2364
f 2365 2366 2367
f 2368 2369 2370
f 2371 2372 2373
f 2374 2375 2376
f 2377 2378 2379
f 2380 2381 2382
f 2383 2384 2385
f 2386 2387 2388
f 2389 2390 2391
f 2392 2393 2394
f 2395 2396 2397
f 2398 2399 2400
f 2401 2402 2403
f 2404 2405 2406
f 2407 2408 2409
f 2410 2411 2412
f 2413 2414 2415
f 2416 2417 2418
f 2419 2420 2421
f 2422 2423 2424
f 2425 2426 2427
f 2428 2429 2430
f 2431 2432 2433
f 2434 2435 2436
f 2437 2438 2439
f 2440 2441 2442
f 2443 2444 2445
f 2446 2447 2448
f 2449 2450 2451
f 2452 2453 2454
f 2455 2456 2457
f 2458 2459 2460
f 2461 2462 2463
f 2464 2465 2466
f 2467 2468 2469
f 2470 2471 2472
f 2473 2474 2475
f 2476 2477 2478
f 2479 2480 2481
f 2482 2483 2484
f 2485 2486 2487
f 2488 2489 2490
f 2491 2492 2493
f 2494 2495 2496
f 2497 2498 2499
f 2500 2501 2502
f 2503 2504 2505
f 2506 2507 2508
f 2509 2510 2511
f 2512 2513 2514
f 2515 2516 2517
f 2518 2519 2520
f 2521 2522 2523
f 2524 2525 2526
f 2527 2528 2529
f 2530 2531 2532
f 2533 2534 2535
f 2536 2537 2538
f 2539 2540 2541
f 2542 2543 2544
f 2545 2546 2547
f 2548 2549 2550
f 2551 2552 2553
f 2554 2555 2556
f 2557 2558 2559
f 2560 2561 2562
f 2563 2564 2565
f 2566 2567 2568
f 2569 2570 2571
f 2572 2573 2574
f 2575 2576 2577
f 2578 2579 2580
f 2581 2582 2583
f 2584 2585 2586
f 2587 2588 2589
f 2590 2591 2592
f 2593 2594 2595
f 2596 2597 2598
f 2599 2600 2601
f 2602 2603 2604
f 2605 2606 2607
f 2608 2609 2610
f 2611 2612 2613
f 2614 2615 2616
f 2617 2618 2619
f 2620 2621 2622
f 2623 2624 2625
f 2626 2627 2628
f 2629 2630 2631
f 2632 2633 2634
f 2635 2636 2637
f 2638 2639 2640
f 2641 2642 2643
f 2644 2645 2646
f 2647 2648 2649
f 2650 2651 2652
f 2653 2654 2655
f 2656 2657 2658
f 2659 2660 2661
f 2662 2663 2664
f 2665 2666 2667
f 2668 2669 2670
f 2671 2672 2673
f 2674 2675 2676
f 2677 2678 2679
f 2680 2681 2682
f 2683 2684 2685
f 2686 2687 2688
f 2689 2690 2691
f 2692 2693 2694
f 2695 2696 2697
f 2698 2699 2700
f 2701 2702 2703
f 2704 2705 2706
f 2707 2708 2709
f 2710 2711 2712
f 2713 2714 2715
f 2716 2717 2718
f 2719 2720 2721
f 2722 2723 2724
f 2725 2726 2727
f 2728 2729 2730
f 2731 2732 2733
f 2734 2735 2736
f 2737 2738 2739
f 2740 2741 2742
f 2743 2744 2745
f 2746 2747 2748
f 2749 2750 2751
f 2752 2753 2754
f 2755 2756 2757
f 2758 2759 2760
f 2761 2762 2763
f 2764 2765 2766
f 2767 2768 2769
f 2770 2771 2772
f 2773 2774 2775
f 2776 2777 2778
f 2779 2780 2781
f 2782 2783 2784
f 2785 2786 2787
f 2788 2789 2790
f 2791 2792 2793
f 2794 2795 2796
f 2797 2798 2799
f 2800 2801 2802
f 2803 2804 2805
f 2806 2807 2808
f 2809 2810 2811
f 2812 2813 2814
f 2815 2816 2817
f 2818 2819 2820
f 2821 2822 2823
f 2824 2825 2826
f 2827 2828 2829
f 2830 2831 2832
f 2833 2834 2835
f 2836 2837 2838
f 2839 2840 2841
f 2842 2843 2844
f 2845 2846 2847
f 2848 2849 2850
