mtllib vega_1p_front_lidar_visuals_front_lidar_mesh.mtl
v 0.008140106685459614 -0.029696606099605567 -0.011134613305330275
v 0.008140106685459614 -0.029696606099605567 -0.011134613305330275
v 0.008140106685459614 -0.029696606099605567 -0.011134613305330275
v 0.008140106685459614 -0.029696606099605567 -0.011134613305330275
v 0.008140106685459614 -0.029696606099605567 -0.011134613305330275
v 0.008140106685459614 -0.029696606099605567 -0.011134613305330275
v 0.008357208222150803 -0.029696371406316764 -0.011192047968506811
v 0.008357208222150803 -0.029696371406316764 -0.011192047968506811
v 0.008357208222150803 -0.029696371406316764 -0.011192047968506811
v 0.008357208222150803 -0.029696371406316764 -0.011192047968506811
v 0.008578888140618801 -0.02969892323017121 -0.011137817986309527
v 0.008578888140618801 -0.02969892323017121 -0.011137817986309527
v 0.008578888140618801 -0.02969892323017121 -0.011137817986309527
v 0.008578888140618801 -0.02969892323017121 -0.011137817986309527
v 0.008578888140618801 -0.02969892323017121 -0.011137817986309527
v 0.008578888140618801 -0.02969892323017121 -0.011137817986309527
v 0.008578888140618801 -0.02969892323017121 -0.011137817986309527
v 0.008578888140618801 -0.02969892323017121 -0.011137817986309527
v 0.008360092528164387 -0.02970880270004273 -0.010731414891779421
v 0.008360092528164387 -0.02970880270004273 -0.010731414891779421
v 0.008360092528164387 -0.02970880270004273 -0.010731414891779421
v 0.008360092528164387 -0.02970880270004273 -0.010731414891779421
v 0.008360092528164387 -0.02970880270004273 -0.010731414891779421
v 0.008360092528164387 -0.02970880270004273 -0.010731414891779421
v 0.008360092528164387 -0.02970880270004273 -0.010731414891779421
v 0.008360092528164387 -0.02970880270004273 -0.010731414891779421
v 0.008360092528164387 -0.02970880270004273 -0.010731414891779421
v 0.008009125478565693 -0.02969875745475293 -0.01102591026574373
v 0.008009125478565693 -0.02969875745475293 -0.01102591026574373
v 0.008009125478565693 -0.02969875745475293 -0.01102591026574373
v 0.008009125478565693 -0.02969875745475293 -0.01102591026574373
v 0.008807465434074402 -0.02971435338258744 -0.01062554959207773
v 0.008807465434074402 -0.02971435338258744 -0.01062554959207773
v 0.008807465434074402 -0.02971435338258744 -0.01062554959207773
v 0.008807465434074402 -0.02971435338258744 -0.01062554959207773
v 0.008807465434074402 -0.02971435338258744 -0.01062554959207773
v 0.00871105957776308 -0.029718851670622833 -0.010436920449137686
v 0.00871105957776308 -0.029718851670622833 -0.010436920449137686
v 0.00871105957776308 -0.029718851670622833 -0.010436920449137686
v 0.008816818706691265 -0.02970992214977742 -0.010792084038257597
v 0.008816818706691265 -0.02970992214977742 -0.010792084038257597
v 0.008816818706691265 -0.02970992214977742 -0.010792084038257597
v 0.008816818706691265 -0.02970992214977742 -0.010792084038257597
v 0.008816818706691265 -0.02970992214977742 -0.010792084038257597
v 0.00881213415414095 -0.02970909327268601 -0.010821320116519926
v 0.00881213415414095 -0.02970909327268601 -0.010821320116519926
v 0.00881213415414095 -0.02970909327268601 -0.010821320116519926
v 0.00881213415414095 -0.02970909327268601 -0.010821320116519926
v 0.00881213415414095 -0.02970909327268601 -0.010821320116519926
v 0.008722595870494843 -0.029703035950660713 -0.011017243377864359
v 0.008722595870494843 -0.029703035950660713 -0.011017243377864359
v 0.008722595870494843 -0.029703035950660713 -0.011017243377864359
v 0.008722595870494843 -0.029703035950660713 -0.011017243377864359
v 0.008722595870494843 -0.029703035950660713 -0.011017243377864359
v 0.008722595870494843 -0.029703035950660713 -0.011017243377864359
v 0.008733703754842281 -0.029636837542057044 -0.010417908430099486
v 0.008733703754842281 -0.029636837542057044 -0.010417908430099486
v 0.008733703754842281 -0.029636837542057044 -0.010417908430099486
v 0.008733703754842281 -0.029636837542057044 -0.010417908430099486
v 0.008733703754842281 -0.029636837542057044 -0.010417908430099486
v 0.008733703754842281 -0.029636837542057044 -0.010417908430099486
v 0.008733703754842281 -0.029636837542057044 -0.010417908430099486
v 0.00879380851984024 -0.029626440256834037 -0.010953491553664206
v 0.00879380851984024 -0.029626440256834037 -0.010953491553664206
v 0.00879380851984024 -0.029626440256834037 -0.010953491553664206
v 0.00879380851984024 -0.029626440256834037 -0.010953491553664206
v 0.00879380851984024 -0.029626440256834037 -0.010953491553664206
v 0.008844131603837013 -0.029629666358232505 -0.010794403962790964
v 0.008844131603837013 -0.029629666358232505 -0.010794403962790964
v 0.008844131603837013 -0.029629666358232505 -0.010794403962790964
v 0.008844131603837013 -0.029629666358232505 -0.010794403962790964
v 0.008844131603837013 -0.029629666358232505 -0.010794403962790964
v 0.008844131603837013 -0.029629666358232505 -0.010794403962790964
v 0.008846878074109554 -0.029630145058035857 -0.010768311098217962
v 0.008846878074109554 -0.029630145058035857 -0.010768311098217962
v 0.008846878074109554 -0.029630145058035857 -0.010768311098217962
v 0.008846878074109554 -0.029630145058035857 -0.010768311098217962
v 0.008846878074109554 -0.029630145058035857 -0.010768311098217962
v 0.008846878074109554 -0.029630145058035857 -0.010768311098217962
v 0.008823334239423275 -0.02963360399007798 -0.010577636770904062
v 0.008823334239423275 -0.02963360399007798 -0.010577636770904062
v 0.008823334239423275 -0.02963360399007798 -0.010577636770904062
v 0.008823334239423275 -0.02963360399007798 -0.010577636770904062
v 0.008505722507834435 -0.02961819991469384 -0.011194672435522078
v 0.008505722507834435 -0.02961819991469384 -0.011194672435522078
v 0.008505722507834435 -0.02961819991469384 -0.011194672435522078
v 0.008505722507834435 -0.02961819991469384 -0.011194672435522078
v 0.008505722507834435 -0.02961819991469384 -0.011194672435522078
v 0.00857373047620058 -0.029619744047522552 -0.01116799935698509
v 0.00857373047620058 -0.029619744047522552 -0.01116799935698509
v 0.00857373047620058 -0.029619744047522552 -0.01116799935698509
v 0.00857373047620058 -0.029619744047522552 -0.01116799935698509
v 0.008674439042806625 -0.02962238900363446 -0.011103302240371702
v 0.008674439042806625 -0.02962238900363446 -0.011103302240371702
v 0.008674439042806625 -0.02962238900363446 -0.011103302240371702
v 0.008674439042806625 -0.02962238900363446 -0.011103302240371702
v 0.008674439042806625 -0.02962238900363446 -0.011103302240371702
v 0.008674439042806625 -0.02962238900363446 -0.011103302240371702
v 0.008755951188504696 -0.02962495759129525 -0.011015259660780428
v 0.008755951188504696 -0.02962495759129525 -0.011015259660780428
v 0.008755951188504696 -0.02962495759129525 -0.011015259660780428
v 0.008755951188504696 -0.02962495759129525 -0.011015259660780428
v 0.008755951188504696 -0.02962495759129525 -0.011015259660780428
v 0.0083409883081913 -0.029615260660648353 -0.011216583661735056
v 0.0083409883081913 -0.029615260660648353 -0.011216583661735056
v 0.0083409883081913 -0.029615260660648353 -0.011216583661735056
v 0.0083409883081913 -0.029615260660648353 -0.011216583661735056
v 0.0083409883081913 -0.029615260660648353 -0.011216583661735056
v 0.00831486564129591 -0.029614914208650596 -0.011214783415198324
v 0.00831486564129591 -0.029614914208650596 -0.011214783415198324
v 0.00831486564129591 -0.029614914208650596 -0.011214783415198324
v 0.00831486564129591 -0.029614914208650596 -0.011214783415198324
v 0.00831486564129591 -0.029614914208650596 -0.011214783415198324
v 0.008131439797580242 -0.029613802209496505 -0.011158294975757597
v 0.008131439797580242 -0.029613802209496505 -0.011158294975757597
v 0.008131439797580242 -0.029613802209496505 -0.011158294975757597
v 0.008131439797580242 -0.029613802209496505 -0.011158294975757597
v 0.008131439797580242 -0.029613802209496505 -0.011158294975757597
v 0.008131439797580242 -0.029613802209496505 -0.011158294975757597
v 0.008131439797580242 -0.029613802209496505 -0.011158294975757597
v 0.007989242672920227 -0.029615523293614394 -0.011042603291571139
v 0.007989242672920227 -0.029615523293614394 -0.011042603291571139
v 0.007989242672920227 -0.029615523293614394 -0.011042603291571139
v 0.007989242672920227 -0.029615523293614394 -0.011042603291571139
v 0.007989242672920227 -0.029615523293614394 -0.011042603291571139
v 0.008224655874073505 -0.029542153701186187 -0.011260712519288061
v 0.008224655874073505 -0.029542153701186187 -0.011260712519288061
v 0.008224655874073505 -0.029542153701186187 -0.011260712519288061
v 0.008224655874073505 -0.029542153701186187 -0.011260712519288061
v 0.008224655874073505 -0.029542153701186187 -0.011260712519288061
v 0.008101792074739933 -0.02954131923615933 -0.011212921701371668
v 0.008101792074739933 -0.02954131923615933 -0.011212921701371668
v 0.008101792074739933 -0.02954131923615933 -0.011212921701371668
v 0.008101792074739933 -0.02954131923615933 -0.011212921701371668
v 0.008101792074739933 -0.02954131923615933 -0.011212921701371668
v 0.008101792074739933 -0.02954131923615933 -0.011212921701371668
v 0.008101792074739933 -0.02954131923615933 -0.011212921701371668
v 0.008099106140434742 -0.029539547860622413 -0.011217743158340452
v 0.008099106140434742 -0.029539547860622413 -0.011217743158340452
v 0.008099106140434742 -0.029539547860622413 -0.011217743158340452
v 0.008099106140434742 -0.029539547860622413 -0.011217743158340452
v 0.007952545769512653 -0.029550103470683105 -0.01107339560985565
v 0.007952545769512653 -0.029550103470683105 -0.01107339560985565
v 0.007952545769512653 -0.029550103470683105 -0.01107339560985565
v 0.007952545769512653 -0.029550103470683105 -0.01107339560985565
v 0.007952545769512653 -0.029550103470683105 -0.01107339560985565
v 0.007917556911706924 -0.029537001624703414 -0.011102722957730292
v 0.007917556911706924 -0.029537001624703414 -0.011102722957730292
v 0.007917556911706924 -0.029537001624703414 -0.011102722957730292
v 0.007917556911706924 -0.029537001624703414 -0.011102722957730292
v 0.007917556911706924 -0.029537001624703414 -0.011102722957730292
v 0.007917556911706924 -0.029537001624703414 -0.011102722957730292
v 0.008082184009253979 -0.029539249837398536 -0.011209473013877867
v 0.008082184009253979 -0.029539249837398536 -0.011209473013877867
v 0.008082184009253979 -0.029539249837398536 -0.011209473013877867
v 0.008082184009253979 -0.029539249837398536 -0.011209473013877867
v 0.00797982793301344 -0.029584400355815894 -0.0110505074262619
v 0.00797982793301344 -0.029584400355815894 -0.0110505074262619
v 0.00797982793301344 -0.029584400355815894 -0.0110505074262619
v 0.00797982793301344 -0.029584400355815894 -0.0110505074262619
v 0.00797982793301344 -0.029584400355815894 -0.0110505074262619
v 0.00797982793301344 -0.029584400355815894 -0.0110505074262619
v 0.00797982793301344 -0.029584400355815894 -0.0110505074262619
v 0.00797982793301344 -0.029584400355815894 -0.0110505074262619
v 0.00797982793301344 -0.029584400355815894 -0.0110505074262619
v 0.008751129731535912 -0.029595077037811286 -0.010403321124613283
v 0.008751129731535912 -0.029595077037811286 -0.010403321124613283
v 0.008751129731535912 -0.029595077037811286 -0.010403321124613283
v 0.008751129731535912 -0.029595077037811286 -0.010403321124613283
v 0.008751129731535912 -0.029595077037811286 -0.010403321124613283
v 0.008743560872972012 -0.029607724398374564 -0.010409668087959288
v 0.008743560872972012 -0.029607724398374564 -0.010409668087959288
v 0.008743560872972012 -0.029607724398374564 -0.010409668087959288
v 0.008743560872972012 -0.029607724398374564 -0.010409668087959288
v 0.008743560872972012 -0.029607724398374564 -0.010409668087959288
v 0.008835251443088055 -0.029604433104395873 -0.010573120787739752
v 0.008835251443088055 -0.029604433104395873 -0.010573120787739752
v 0.008835251443088055 -0.029604433104395873 -0.010573120787739752
v 0.008835251443088055 -0.029604433104395873 -0.010573120787739752
v 0.008835251443088055 -0.029604433104395873 -0.010573120787739752
v 0.008835251443088055 -0.029604433104395873 -0.010573120787739752
v 0.008835251443088055 -0.029604433104395873 -0.010573120787739752
v 0.008835251443088055 -0.029604433104395873 -0.010573120787739752
v 0.008807922713458538 -0.02956241928040982 -0.010355652309954165
v 0.008807922713458538 -0.02956241928040982 -0.010355652309954165
v 0.008807922713458538 -0.02956241928040982 -0.010355652309954165
v 0.008807922713458538 -0.02956241928040982 -0.010355652309954165
v 0.008807922713458538 -0.02956241928040982 -0.010355652309954165
v 0.008807922713458538 -0.02956241928040982 -0.010355652309954165
v 0.008807922713458538 -0.02956241928040982 -0.010355652309954165
v 0.008807922713458538 -0.02956241928040982 -0.010355652309954165
v 0.008807922713458538 -0.02956241928040982 -0.010355652309954165
v 0.008807922713458538 -0.02956241928040982 -0.010355652309954165
v 0.00878266990184784 -0.029567711055278785 -0.010376831516623495
v 0.00878266990184784 -0.029567711055278785 -0.010376831516623495
v 0.00878266990184784 -0.029567711055278785 -0.010376831516623495
v 0.00878266990184784 -0.029567711055278785 -0.010376831516623495
v 0.00878266990184784 -0.029567711055278785 -0.010376831516623495
v 0.008866516873240471 -0.02956229820847512 -0.010485168546438215
v 0.008866516873240471 -0.02956229820847512 -0.010485168546438215
v 0.008866516873240471 -0.02956229820847512 -0.010485168546438215
v 0.008866516873240471 -0.02956229820847512 -0.010485168546438215
v 0.008889556862413883 -0.029562182724475868 -0.010554016567766665
v 0.008889556862413883 -0.029562182724475868 -0.010554016567766665
v 0.008889556862413883 -0.029562182724475868 -0.010554016567766665
v 0.008889556862413883 -0.029562182724475868 -0.010554016567766665
v 0.008889556862413883 -0.029562182724475868 -0.010554016567766665
v 0.008889556862413883 -0.029562182724475868 -0.010554016567766665
v 0.00876112375408411 -0.02958310209214688 -0.010394898243248461
v 0.00876112375408411 -0.02958310209214688 -0.010394898243248461
v 0.00876112375408411 -0.02958310209214688 -0.010394898243248461
v 0.00876112375408411 -0.02958310209214688 -0.010394898243248461
v 0.00876112375408411 -0.02958310209214688 -0.010394898243248461
v 0.008856643922626972 -0.029579609632492072 -0.010565522126853464
v 0.008856643922626972 -0.029579609632492072 -0.010565522126853464
v 0.008856643922626972 -0.029579609632492072 -0.010565522126853464
v 0.008856643922626972 -0.029579609632492072 -0.010565522126853464
v 0.008856643922626972 -0.029579609632492072 -0.010565522126853464
v 0.008856643922626972 -0.029579609632492072 -0.010565522126853464
v 0.008910049684345722 -0.02956178970634938 -0.010683014057576655
v 0.008910049684345722 -0.02956178970634938 -0.010683014057576655
v 0.008910049684345722 -0.02956178970634938 -0.010683014057576655
v 0.008910049684345722 -0.02956178970634938 -0.010683014057576655
v 0.008910049684345722 -0.02956178970634938 -0.010683014057576655
v 0.00888208020478487 -0.029575793072581298 -0.010770050808787344
v 0.00888208020478487 -0.029575793072581298 -0.010770050808787344
v 0.00888208020478487 -0.029575793072581298 -0.010770050808787344
v 0.00888208020478487 -0.029575793072581298 -0.010770050808787344
v 0.00888208020478487 -0.029575793072581298 -0.010770050808787344
v 0.00888208020478487 -0.029575793072581298 -0.010770050808787344
v 0.00888208020478487 -0.029575793072581298 -0.010770050808787344
v 0.008907303214073181 -0.029561320319771774 -0.010771790519356726
v 0.008907303214073181 -0.029561320319771774 -0.010771790519356726
v 0.008907303214073181 -0.029561320319771774 -0.010771790519356726
v 0.008907303214073181 -0.029561320319771774 -0.010771790519356726
v 0.008906875737011433 -0.029561294242739684 -0.010775665752589701
v 0.008906875737011433 -0.029561294242739684 -0.010775665752589701
v 0.008906875737011433 -0.029561294242739684 -0.010775665752589701
v 0.008906875737011433 -0.029561294242739684 -0.010775665752589701
v 0.008906875737011433 -0.029561294242739684 -0.010775665752589701
v 0.008825348690152168 -0.02957171574234963 -0.010968506336212156
v 0.008825348690152168 -0.02957171574234963 -0.010968506336212156
v 0.008825348690152168 -0.02957171574234963 -0.010968506336212156
v 0.008825348690152168 -0.02957171574234963 -0.010968506336212156
v 0.008825348690152168 -0.02957171574234963 -0.010968506336212156
v 0.008825348690152168 -0.02957171574234963 -0.010968506336212156
v 0.008810898289084435 -0.02955820225179196 -0.011031677946448324
v 0.008810898289084435 -0.02955820225179196 -0.011031677946448324
v 0.008810898289084435 -0.02955820225179196 -0.011031677946448324
v 0.008810898289084435 -0.02955820225179196 -0.011031677946448324
v 0.008810898289084435 -0.02955820225179196 -0.011031677946448324
v 0.008810898289084435 -0.02955820225179196 -0.011031677946448324
v 0.008697540499269962 -0.029567329213023193 -0.011128998361527918
v 0.008697540499269962 -0.029567329213023193 -0.011128998361527918
v 0.008697540499269962 -0.029567329213023193 -0.011128998361527918
v 0.008697540499269962 -0.029567329213023193 -0.011128998361527918
v 0.008697540499269962 -0.029567329213023193 -0.011128998361527918
v 0.008697540499269962 -0.029567329213023193 -0.011128998361527918
v 0.008615784347057343 -0.02955261245369912 -0.0112068485468626
v 0.008615784347057343 -0.02955261245369912 -0.0112068485468626
v 0.008615784347057343 -0.02955261245369912 -0.0112068485468626
v 0.008615784347057343 -0.02955261245369912 -0.0112068485468626
v 0.008615784347057343 -0.02955261245369912 -0.0112068485468626
v 0.008615784347057343 -0.02955261245369912 -0.0112068485468626
v 0.008516861125826836 -0.029562892392277725 -0.01122680678963661
v 0.008516861125826836 -0.029562892392277725 -0.01122680678963661
v 0.008516861125826836 -0.029562892392277725 -0.01122680678963661
v 0.008516861125826836 -0.029562892392277725 -0.01122680678963661
v 0.008516861125826836 -0.029562892392277725 -0.01122680678963661
v 0.008348464965820312 -0.029545206576585777 -0.01127423159778118
v 0.008348464965820312 -0.029545206576585777 -0.01127423159778118
v 0.008348464965820312 -0.029545206576585777 -0.01127423159778118
v 0.008348464965820312 -0.029545206576585777 -0.01127423159778118
v 0.008348464965820312 -0.029545206576585777 -0.01127423159778118
v 0.008312317542731762 -0.029559480026364333 -0.011248200200498102
v 0.008312317542731762 -0.029559480026364333 -0.011248200200498102
v 0.008312317542731762 -0.029559480026364333 -0.011248200200498102
v 0.008312317542731762 -0.029559480026364333 -0.011248200200498102
v 0.008312317542731762 -0.029559480026364333 -0.011248200200498102
v 0.008312317542731762 -0.029559480026364333 -0.011248200200498102
v 0.008312317542731762 -0.029559480026364333 -0.011248200200498102
v 0.008312317542731762 -0.029559480026364333 -0.011248200200498102
v 0.008310195989906788 -0.029544224962592132 -0.011272950097918509
v 0.008310195989906788 -0.029544224962592132 -0.011272950097918509
v 0.008310195989906788 -0.029544224962592132 -0.011272950097918509
v 0.008310195989906788 -0.029544224962592132 -0.011272950097918509
v 0.007963684387505054 -0.029560273513197906 -0.01106405723839998
v 0.007963684387505054 -0.029560273513197906 -0.01106405723839998
v 0.007963684387505054 -0.029560273513197906 -0.01106405723839998
v 0.007963684387505054 -0.029560273513197906 -0.01106405723839998
v 0.007963684387505054 -0.029560273513197906 -0.01106405723839998
v 0.008115585893392563 -0.02955839596688748 -0.011187439784407614
v 0.008115585893392563 -0.02955839596688748 -0.011187439784407614
v 0.008115585893392563 -0.02955839596688748 -0.011187439784407614
v 0.008115585893392563 -0.02955839596688748 -0.011187439784407614
v 0.008115585893392563 -0.02955839596688748 -0.011187439784407614
v 0.008115585893392563 -0.02955839596688748 -0.011187439784407614
v 0.0088594825938344 -0.029600813984870918 -0.010768768377602099
v 0.0088594825938344 -0.029600813984870918 -0.010768768377602099
v 0.0088594825938344 -0.029600813984870918 -0.010768768377602099
v 0.0088594825938344 -0.029600813984870918 -0.010768768377602099
v 0.0088594825938344 -0.029600813984870918 -0.010768768377602099
v 0.0088594825938344 -0.029600813984870918 -0.010768768377602099
v 0.008805099874734879 -0.029596950858831413 -0.010958649218082426
v 0.008805099874734879 -0.029596950858831413 -0.010958649218082426
v 0.008805099874734879 -0.029596950858831413 -0.010958649218082426
v 0.008805099874734879 -0.029596950858831413 -0.010958649218082426
v 0.008805099874734879 -0.029596950858831413 -0.010958649218082426
v 0.008805099874734879 -0.029596950858831413 -0.010958649218082426
v 0.008805099874734879 -0.029596950858831413 -0.010958649218082426
v 0.008682754822075367 -0.02959276549518109 -0.011112214066088198
v 0.008682754822075367 -0.02959276549518109 -0.011112214066088198
v 0.008682754822075367 -0.02959276549518109 -0.011112214066088198
v 0.008682754822075367 -0.02959276549518109 -0.011112214066088198
v 0.008682754822075367 -0.02959276549518109 -0.011112214066088198
v 0.008509826846420765 -0.02958850376307965 -0.011205841787159441
v 0.008509826846420765 -0.02958850376307965 -0.011205841787159441
v 0.008509826846420765 -0.02958850376307965 -0.011205841787159441
v 0.008509826846420765 -0.02958850376307965 -0.011205841787159441
v 0.008509826846420765 -0.02958850376307965 -0.011205841787159441
v 0.008509826846420765 -0.02958850376307965 -0.011205841787159441
v 0.008509826846420765 -0.02958850376307965 -0.011205841787159441
v 0.0083141028881073 -0.029585201293230064 -0.011226440779864786
v 0.0083141028881073 -0.029585201293230064 -0.011226440779864786
v 0.0083141028881073 -0.029585201293230064 -0.011226440779864786
v 0.0083141028881073 -0.029585201293230064 -0.011226440779864786
v 0.0083141028881073 -0.029585201293230064 -0.011226440779864786
v 0.0083141028881073 -0.029585201293230064 -0.011226440779864786
v 0.0083141028881073 -0.029585201293230064 -0.011226440779864786
v 0.0083141028881073 -0.029585201293230064 -0.011226440779864786
v 0.00812590029090643 -0.029584126546978957 -0.011168426834046839
v 0.00812590029090643 -0.029584126546978957 -0.011168426834046839
v 0.00812590029090643 -0.029584126546978957 -0.011168426834046839
v 0.00812590029090643 -0.029584126546978957 -0.011168426834046839
v 0.00812590029090643 -0.029584126546978957 -0.011168426834046839
v 0.033557068556547165 -0.007701834198087456 0.005189727991819381
v 0.033557068556547165 -0.007701834198087456 0.005189727991819381
v 0.033557068556547165 -0.007701834198087456 0.005189727991819381
v 0.033557068556547165 -0.007701834198087456 0.005189727991819381
v 0.033557068556547165 -0.007701834198087456 0.005189727991819381
v 0.033557068556547165 -0.007701834198087456 0.005189727991819381
v 0.033557068556547165 -0.007701834198087456 0.005189727991819381
v 0.033557068556547165 -0.007701834198087456 0.005189727991819381
v 0.033557068556547165 -0.007701834198087456 0.005189727991819381
v 0.033557068556547165 -0.007701834198087456 0.005189727991819381
v 0.033557068556547165 -0.007701834198087456 0.005189727991819381
v 0.033557068556547165 -0.007701834198087456 0.005189727991819381
v 0.033557068556547165 -0.007701834198087456 0.005189727991819381
v 0.033557068556547165 -0.007701834198087456 0.005189727991819381
v 0.033557068556547165 -0.007701834198087456 0.005189727991819381
v 0.033557068556547165 -0.007701834198087456 0.005189727991819381
v 0.033557068556547165 -0.007701834198087456 0.005189727991819381
v 0.033557068556547165 -0.007701834198087456 0.005189727991819381
v 0.033557068556547165 -0.007701834198087456 0.005189727991819381
v 0.033557068556547165 -0.007701834198087456 0.005189727991819381
v 0.03434062376618385 -0.004133375361561776 0.005132782272994517
v 0.03434062376618385 -0.004133375361561776 0.005132782272994517
v 0.03434062376618385 -0.004133375361561776 0.005132782272994517
v 0.03434062376618385 -0.004133375361561776 0.005132782272994517
v 0.034359391778707504 -0.0017227745847776537 0.005862945690751074
v 0.034359391778707504 -0.0017227745847776537 0.005862945690751074
v 0.034359391778707504 -0.0017227745847776537 0.005862945690751074
v 0.034359391778707504 -0.0017227745847776537 0.005862945690751074
v 0.034359391778707504 -0.0017227745847776537 0.005862945690751074
v 0.034359391778707504 -0.0017227745847776537 0.005862945690751074
v 0.034359391778707504 -0.0017227745847776537 0.005862945690751074
v 0.034359391778707504 -0.0017227745847776537 0.005862945690751074
v 0.034359391778707504 -0.0017227745847776537 0.005862945690751074
v 0.009282806888222694 -0.029430339112877853 -0.01517880335450172
v 0.009282806888222694 -0.029430339112877853 -0.01517880335450172
v 0.009282806888222694 -0.029430339112877853 -0.01517880335450172
v 0.009282806888222694 -0.029430339112877853 -0.01517880335450172
v 0.009282806888222694 -0.029430339112877853 -0.01517880335450172
v 0.009282806888222694 -0.029430339112877853 -0.01517880335450172
v 0.01103103719651699 -0.02881900221109391 -0.015907410532236096
v 0.01103103719651699 -0.02881900221109391 -0.015907410532236096
v 0.01103103719651699 -0.02881900221109391 -0.015907410532236096
v 0.01103103719651699 -0.02881900221109391 -0.015907410532236096
v 0.01228427141904831 -0.029542155563831336 -0.012660278938710686
v 0.01228427141904831 -0.029542155563831336 -0.012660278938710686
v 0.01228427141904831 -0.029542155563831336 -0.012660278938710686
v 0.01228427141904831 -0.029542155563831336 -0.012660278938710686
v 0.01228427141904831 -0.029542155563831336 -0.012660278938710686
v 0.01228427141904831 -0.029542155563831336 -0.012660278938710686
v 0.01228427141904831 -0.029542155563831336 -0.012660278938710686
v 0.01228427141904831 -0.029542155563831336 -0.012660278938710686
v 0.01228427141904831 -0.029542155563831336 -0.012660278938710686
v 0.01228427141904831 -0.029542155563831336 -0.012660278938710686
v 0.01228427141904831 -0.029542155563831336 -0.012660278938710686
v 0.01228427141904831 -0.029542155563831336 -0.012660278938710686
v 0.01228427141904831 -0.029542155563831336 -0.012660278938710686
v -0.007701126392930746 -0.01616974547505379 -0.02942999452352523
v -0.007701126392930746 -0.01616974547505379 -0.02942999452352523
v -0.007701126392930746 -0.01616974547505379 -0.02942999452352523
v -0.007701126392930746 -0.01616974547505379 -0.02942999452352523
v -0.004095802549272776 -0.015205547213554386 -0.031470034271478646
v -0.004095802549272776 -0.015205547213554386 -0.031470034271478646
v -0.004095802549272776 -0.015205547213554386 -0.031470034271478646
v -0.004095802549272776 -0.015205547213554386 -0.031470034271478646
v -0.004095802549272776 -0.015205547213554386 -0.031470034271478646
v -0.004095802549272776 -0.015205547213554386 -0.031470034271478646
v -0.00703221932053566 -0.01741384901106358 -0.028868746012449258
v -0.00703221932053566 -0.01741384901106358 -0.028868746012449258
v -0.00703221932053566 -0.01741384901106358 -0.028868746012449258
v -0.00703221932053566 -0.01741384901106358 -0.028868746012449258
v -0.00703221932053566 -0.01741384901106358 -0.028868746012449258
v -0.00703221932053566 -0.01741384901106358 -0.028868746012449258
v -0.00703221932053566 -0.01741384901106358 -0.028868746012449258
v -0.00703221932053566 -0.01741384901106358 -0.028868746012449258
v -0.00703221932053566 -0.01741384901106358 -0.028868746012449258
v -0.00703221932053566 -0.01741384901106358 -0.028868746012449258
v -0.00703221932053566 -0.01741384901106358 -0.028868746012449258
v -0.00703221932053566 -0.01741384901106358 -0.028868746012449258
v -0.00703221932053566 -0.01741384901106358 -0.028868746012449258
v -0.0021807863377034664 -0.018670691177248958 -0.029682558029890053
v -0.0021807863377034664 -0.018670691177248958 -0.029682558029890053
v -0.0021807863377034664 -0.018670691177248958 -0.029682558029890053
v -0.0021807863377034664 -0.018670691177248958 -0.029682558029890053
v -0.0021807863377034664 -0.018670691177248958 -0.029682558029890053
v -0.0021807863377034664 -0.018670691177248958 -0.029682558029890053
v -0.005661003291606903 -0.01960701867938042 -0.027718141674995415
v -0.005661003291606903 -0.01960701867938042 -0.027718141674995415
v -0.005661003291606903 -0.01960701867938042 -0.027718141674995415
v -0.005661003291606903 -0.01960701867938042 -0.027718141674995415
v -0.005661003291606903 -0.01960701867938042 -0.027718141674995415
v -0.0039013903588056564 -0.02190189622342587 -0.026241669431328767
v -0.0039013903588056564 -0.02190189622342587 -0.026241669431328767
v -0.0039013903588056564 -0.02190189622342587 -0.026241669431328767
v -0.0039013903588056564 -0.02190189622342587 -0.026241669431328767
v -0.0039013903588056564 -0.02190189622342587 -0.026241669431328767
v -0.0039013903588056564 -0.02190189622342587 -0.026241669431328767
v -0.0039013903588056564 -0.02190189622342587 -0.026241669431328767
v -0.00014672089309897274 -0.02178371883928776 -0.027437256649136536
v -0.00014672089309897274 -0.02178371883928776 -0.027437256649136536
v -0.00014672089309897274 -0.02178371883928776 -0.027437256649136536
v -0.00014672089309897274 -0.02178371883928776 -0.027437256649136536
v -0.00014672089309897274 -0.02178371883928776 -0.027437256649136536
v -0.00014672089309897274 -0.02178371883928776 -0.027437256649136536
v -0.0032554245553910732 -0.02262995764613152 -0.025699617341160767
v -0.0032554245553910732 -0.02262995764613152 -0.025699617341160767
v -0.0032554245553910732 -0.02262995764613152 -0.025699617341160767
v -0.0032554245553910732 -0.02262995764613152 -0.025699617341160767
v -0.0032554245553910732 -0.02262995764613152 -0.025699617341160767
v -0.0032554245553910732 -0.02262995764613152 -0.025699617341160767
v 0.0019689255859702826 -0.02448727004230023 -0.02477560564875602
v 0.0019689255859702826 -0.02448727004230023 -0.02477560564875602
v 0.0019689255859702826 -0.02448727004230023 -0.02477560564875602
v 0.0019689255859702826 -0.02448727004230023 -0.02477560564875602
v 0.0019689255859702826 -0.02448727004230023 -0.02477560564875602
v -0.00014259338786359876 -0.02547536604106427 -0.023087646812200543
v -0.00014259338786359876 -0.02547536604106427 -0.023087646812200543
v -0.00014259338786359876 -0.02547536604106427 -0.023087646812200543
v -0.00014259338786359876 -0.02547536604106427 -0.023087646812200543
v -0.00014259338786359876 -0.02547536604106427 -0.023087646812200543
v -0.00014259338786359876 -0.02547536604106427 -0.023087646812200543
v -0.00014259338786359876 -0.02547536604106427 -0.023087646812200543
v -0.00014259338786359876 -0.02547536604106427 -0.023087646812200543
v -0.00014259338786359876 -0.02547536604106427 -0.023087646812200543
v -0.00014259338786359876 -0.02547536604106427 -0.023087646812200543
v -0.00014259338786359876 -0.02547536604106427 -0.023087646812200543
v 0.004127151798456907 -0.02673152275383473 -0.021746583282947537
v 0.004127151798456907 -0.02673152275383473 -0.021746583282947537
v 0.004127151798456907 -0.02673152275383473 -0.021746583282947537
v 0.004127151798456907 -0.02673152275383473 -0.021746583282947537
v 0.004127151798456907 -0.02673152275383473 -0.021746583282947537
v 0.004127151798456907 -0.02673152275383473 -0.021746583282947537
v 0.0025022432673722506 -0.027201998978853233 -0.02086834795773029
v 0.0025022432673722506 -0.027201998978853233 -0.02086834795773029
v 0.0025022432673722506 -0.027201998978853233 -0.02086834795773029
v 0.0025022432673722506 -0.027201998978853233 -0.02086834795773029
v 0.0025022432673722506 -0.027201998978853233 -0.02086834795773029
v 0.0040903170593082905 -0.027987962588667877 -0.01953579857945442
v 0.0040903170593082905 -0.027987962588667877 -0.01953579857945442
v 0.0040903170593082905 -0.027987962588667877 -0.01953579857945442
v 0.0040903170593082905 -0.027987962588667877 -0.01953579857945442
v 0.0040903170593082905 -0.027987962588667877 -0.01953579857945442
v 0.0040903170593082905 -0.027987962588667877 -0.01953579857945442
v 0.0040903170593082905 -0.027987962588667877 -0.01953579857945442
v 0.0040903170593082905 -0.027987962588667877 -0.01953579857945442
v 0.0040903170593082905 -0.027987962588667877 -0.01953579857945442
v 0.0040903170593082905 -0.027987962588667877 -0.01953579857945442
v 0.0040903170593082905 -0.027987962588667877 -0.01953579857945442
v 0.0040903170593082905 -0.027987962588667877 -0.01953579857945442
v 0.0040903170593082905 -0.027987962588667877 -0.01953579857945442
v 0.006288208533078432 -0.02847512252628804 -0.018406007438898083
v 0.006288208533078432 -0.02847512252628804 -0.018406007438898083
v 0.006288208533078432 -0.02847512252628804 -0.018406007438898083
v 0.006288208533078432 -0.02847512252628804 -0.018406007438898083
v 0.008624023757874966 -0.029336817562580116 -0.015731567516922947
v 0.008624023757874966 -0.029336817562580116 -0.015731567516922947
v 0.008624023757874966 -0.029336817562580116 -0.015731567516922947
v 0.008624023757874966 -0.029336817562580116 -0.015731567516922947
v 0.008624023757874966 -0.029336817562580116 -0.015731567516922947
v 0.008624023757874966 -0.029336817562580116 -0.015731567516922947
v 0.008624023757874966 -0.029336817562580116 -0.015731567516922947
v 0.008624023757874966 -0.029336817562580116 -0.015731567516922947
v 0.008624023757874966 -0.029336817562580116 -0.015731567516922947
v 0.008624023757874966 -0.029336817562580116 -0.015731567516922947
v 0.008624023757874966 -0.029336817562580116 -0.015731567516922947
v 0.008624023757874966 -0.029336817562580116 -0.015731567516922947
v 0.009259277954697609 -0.027491567656397826 -0.0196448378264904
v 0.009259277954697609 -0.027491567656397826 -0.0196448378264904
v 0.009259277954697609 -0.027491567656397826 -0.0196448378264904
v 0.009259277954697609 -0.027491567656397826 -0.0196448378264904
v 0.009259277954697609 -0.027491567656397826 -0.0196448378264904
v 0.009259277954697609 -0.027491567656397826 -0.0196448378264904
v 0.017807770520448685 -0.02831168659031392 -0.008645965717732905
v 0.017807770520448685 -0.02831168659031392 -0.008645965717732905
v 0.017807770520448685 -0.02831168659031392 -0.008645965717732905
v 0.017807770520448685 -0.02831168659031392 -0.008645965717732905
v 0.017807770520448685 -0.02831168659031392 -0.008645965717732905
v 0.017807770520448685 -0.02831168659031392 -0.008645965717732905
v 0.013272934593260288 -0.029466707259416587 -0.01183068938553333
v 0.013272934593260288 -0.029466707259416587 -0.01183068938553333
v 0.013272934593260288 -0.029466707259416587 -0.01183068938553333
v 0.013272934593260288 -0.029466707259416587 -0.01183068938553333
v 0.013272934593260288 -0.029466707259416587 -0.01183068938553333
v 0.013272934593260288 -0.029466707259416587 -0.01183068938553333
v 0.014945038594305515 -0.028720313683152206 -0.012591339647769925
v 0.014945038594305515 -0.028720313683152206 -0.012591339647769925
v 0.014945038594305515 -0.028720313683152206 -0.012591339647769925
v 0.014945038594305515 -0.028720313683152206 -0.012591339647769925
v 0.014945038594305515 -0.028720313683152206 -0.012591339647769925
v 0.014945038594305515 -0.028720313683152206 -0.012591339647769925
v 0.02970164641737938 -0.017991103231906894 0.0013341980520635841
v 0.02970164641737938 -0.017991103231906894 0.0013341980520635841
v 0.02970164641737938 -0.017991103231906894 0.0013341980520635841
v 0.02970164641737938 -0.017991103231906894 0.0013341980520635841
v 0.02970164641737938 -0.017991103231906894 0.0013341980520635841
v 0.02970164641737938 -0.017991103231906894 0.0013341980520635841
v 0.02970164641737938 -0.017991103231906894 0.0013341980520635841
v 0.028235627338290215 -0.020035870373249057 0.0007244873559102415
v 0.028235627338290215 -0.020035870373249057 0.0007244873559102415
v 0.028235627338290215 -0.020035870373249057 0.0007244873559102415
v 0.028235627338290215 -0.020035870373249057 0.0007244873559102415
v 0.028235627338290215 -0.020035870373249057 0.0007244873559102415
v 0.028235627338290215 -0.020035870373249057 0.0007244873559102415
v 0.0293881855905056 -0.01890521496534348 -0.0004316711565479635
v 0.0293881855905056 -0.01890521496534348 -0.0004316711565479635
v 0.0293881855905056 -0.01890521496534348 -0.0004316711565479635
v 0.0293881855905056 -0.01890521496534348 -0.0004316711565479635
v 0.0293881855905056 -0.01890521496534348 -0.0004316711565479635
v 0.027147553861141205 -0.021458482369780544 -0.00018850709602702404
v 0.027147553861141205 -0.021458482369780544 -0.00018850709602702404
v 0.027147553861141205 -0.021458482369780544 -0.00018850709602702404
v 0.027147553861141205 -0.021458482369780544 -0.00018850709602702404
v 0.027147553861141205 -0.021458482369780544 -0.00018850709602702404
v 0.02883535996079445 -0.01989693380892277 -0.0020938720554113384
v 0.02883535996079445 -0.01989693380892277 -0.0020938720554113384
v 0.02883535996079445 -0.01989693380892277 -0.0020938720554113384
v 0.02883535996079445 -0.01989693380892277 -0.0020938720554113384
v 0.02883535996079445 -0.01989693380892277 -0.0020938720554113384
v 0.026065919548273087 -0.02270019054412842 -0.0010960998479276893
v 0.026065919548273087 -0.02270019054412842 -0.0010960998479276893
v 0.026065919548273087 -0.02270019054412842 -0.0010960998479276893
v 0.026065919548273087 -0.02270019054412842 -0.0010960998479276893
v 0.026065919548273087 -0.02270019054412842 -0.0010960998479276893
v 0.028053270652890205 -0.020948134362697605 -0.0036221009213477364
v 0.028053270652890205 -0.020948134362697605 -0.0036221009213477364
v 0.028053270652890205 -0.020948134362697605 -0.0036221009213477364
v 0.028053270652890205 -0.020948134362697605 -0.0036221009213477364
v 0.028053270652890205 -0.020948134362697605 -0.0036221009213477364
v 0.026030564680695534 -0.022738201543688778 -0.0011257629375904796
v 0.026030564680695534 -0.022738201543688778 -0.0011257629375904796
v 0.026030564680695534 -0.022738201543688778 -0.0011257629375904796
v 0.026030564680695534 -0.022738201543688778 -0.0011257629375904796
v 0.026030564680695534 -0.022738201543688778 -0.0011257629375904796
v 0.026030564680695534 -0.022738201543688778 -0.0011257629375904796
v 0.026030564680695534 -0.022738201543688778 -0.0011257629375904796
v 0.026030564680695534 -0.022738201543688778 -0.0011257629375904796
v 0.026030564680695534 -0.022738201543688778 -0.0011257629375904796
v 0.026030564680695534 -0.022738201543688778 -0.0011257629375904796
v 0.026030564680695534 -0.022738201543688778 -0.0011257629375904796
v 0.026030564680695534 -0.022738201543688778 -0.0011257629375904796
v 0.027056215330958366 -0.022039605304598812 -0.0049883732572197905
v 0.027056215330958366 -0.022039605304598812 -0.0049883732572197905
v 0.027056215330958366 -0.022039605304598812 -0.0049883732572197905
v 0.027056215330958366 -0.022039605304598812 -0.0049883732572197905
v 0.027056215330958366 -0.022039605304598812 -0.0049883732572197905
v 0.024159593507647514 -0.024546511471271522 -0.0026956787332892414
v 0.024159593507647514 -0.024546511471271522 -0.0026956787332892414
v 0.024159593507647514 -0.024546511471271522 -0.0026956787332892414
v 0.024159593507647514 -0.024546511471271522 -0.0026956787332892414
v 0.024159593507647514 -0.024546511471271522 -0.0026956787332892414
v 0.024159593507647514 -0.024546511471271522 -0.0026956787332892414
v 0.025862397626042366 -0.02315139584243298 -0.00616775546222925
v 0.025862397626042366 -0.02315139584243298 -0.00616775546222925
v 0.025862397626042366 -0.02315139584243298 -0.00616775546222925
v 0.025862397626042366 -0.02315139584243298 -0.00616775546222925
v 0.025862397626042366 -0.02315139584243298 -0.00616775546222925
v 0.022158082574605942 -0.02609845250844956 -0.0043751527555286876
v 0.022158082574605942 -0.02609845250844956 -0.0043751527555286876
v 0.022158082574605942 -0.02609845250844956 -0.0043751527555286876
v 0.022158082574605942 -0.02609845250844956 -0.0043751527555286876
v 0.022158082574605942 -0.02609845250844956 -0.0043751527555286876
v 0.022158082574605942 -0.02609845250844956 -0.0043751527555286876
v 0.022158082574605942 -0.02609845250844956 -0.0043751527555286876
v 0.022158082574605942 -0.02609845250844956 -0.0043751527555286876
v 0.022158082574605942 -0.02609845250844956 -0.0043751527555286876
v 0.022158082574605942 -0.02609845250844956 -0.0043751527555286876
v 0.024493668228387833 -0.024263184517622 -0.007138611283153294
v 0.024493668228387833 -0.024263184517622 -0.007138611283153294
v 0.024493668228387833 -0.024263184517622 -0.007138611283153294
v 0.024493668228387833 -0.024263184517622 -0.007138611283153294
v 0.024493668228387833 -0.024263184517622 -0.007138611283153294
v 0.022117555141448975 -0.02612628787755967 -0.004409180022776126
v 0.022117555141448975 -0.02612628787755967 -0.004409180022776126
v 0.022117555141448975 -0.02612628787755967 -0.004409180022776126
v 0.022117555141448975 -0.02612628787755967 -0.004409180022776126
v 0.022117555141448975 -0.02612628787755967 -0.004409180022776126
v 0.022117555141448975 -0.02612628787755967 -0.004409180022776126
v 0.022975021973252296 -0.025354655459523208 -0.007883270271122454
v 0.022975021973252296 -0.025354655459523208 -0.007883270271122454
v 0.022975021973252296 -0.025354655459523208 -0.007883270271122454
v 0.022975021973252296 -0.025354655459523208 -0.007883270271122454
v 0.022975021973252296 -0.025354655459523208 -0.007883270271122454
v 0.020821793004870415 -0.026947489008307464 -0.005496429745107888
v 0.020821793004870415 -0.026947489008307464 -0.005496429745107888
v 0.020821793004870415 -0.026947489008307464 -0.005496429745107888
v 0.020821793004870415 -0.026947489008307464 -0.005496429745107888
v 0.020821793004870415 -0.026947489008307464 -0.005496429745107888
v 0.020821793004870415 -0.026947489008307464 -0.005496429745107888
v 0.021334214136004448 -0.02640585601329804 -0.0083880927413702
v 0.021334214136004448 -0.02640585601329804 -0.0083880927413702
v 0.021334214136004448 -0.02640585601329804 -0.0083880927413702
v 0.021334214136004448 -0.02640585601329804 -0.0083880927413702
v 0.021334214136004448 -0.02640585601329804 -0.0083880927413702
v 0.021334214136004448 -0.02640585601329804 -0.0083880927413702
v 0.01939578354358673 -0.02770641632378102 -0.0066929934546351415
v 0.01939578354358673 -0.02770641632378102 -0.0066929934546351415
v 0.01939578354358673 -0.02770641632378102 -0.0066929934546351415
v 0.01939578354358673 -0.02770641632378102 -0.0066929934546351415
v 0.01939578354358673 -0.02770641632378102 -0.0066929934546351415
v 0.01960124261677265 -0.027397574856877334 -0.008643890731036661
v 0.01960124261677265 -0.027397574856877334 -0.008643890731036661
v 0.01960124261677265 -0.027397574856877334 -0.008643890731036661
v 0.01960124261677265 -0.027397574856877334 -0.008643890731036661
v 0.01960124261677265 -0.027397574856877334 -0.008643890731036661
v 0.017872270196676254 -0.028362600132822997 -0.007971375249326227
v 0.017872270196676254 -0.028362600132822997 -0.007971375249326227
v 0.017872270196676254 -0.028362600132822997 -0.007971375249326227
v 0.017872270196676254 -0.028362600132822997 -0.007971375249326227
v 0.017872270196676254 -0.028362600132822997 -0.007971375249326227
v 0.017846696078777313 -0.028372317552566535 -0.00799282919615507
v 0.017846696078777313 -0.028372317552566535 -0.00799282919615507
v 0.017846696078777313 -0.028372317552566535 -0.00799282919615507
v 0.017846696078777313 -0.028372317552566535 -0.00799282919615507
v 0.017846696078777313 -0.028372317552566535 -0.00799282919615507
v 0.017846696078777313 -0.028372317552566535 -0.00799282919615507
v 0.017846696078777313 -0.028372317552566535 -0.00799282919615507
v 0.017846696078777313 -0.028372317552566535 -0.00799282919615507
v 0.03078765980899334 -0.015747550874948505 0.0028659058734774585
v 0.03078765980899334 -0.015747550874948505 0.0028659058734774585
v 0.03078765980899334 -0.015747550874948505 0.0028659058734774585
v 0.03078765980899334 -0.015747550874948505 0.0028659058734774585
v 0.03078765980899334 -0.015747550874948505 0.0028659058734774585
v 0.03078765980899334 -0.015747550874948505 0.0028659058734774585
v 0.029305635020136833 -0.01842913590371609 0.0016223450656980272
v 0.029305635020136833 -0.01842913590371609 0.0016223450656980272
v 0.029305635020136833 -0.01842913590371609 0.0016223450656980272
v 0.029305635020136833 -0.01842913590371609 0.0016223450656980272
v 0.029305635020136833 -0.01842913590371609 0.0016223450656980272
v 0.029305635020136833 -0.01842913590371609 0.0016223450656980272
v 0.029305635020136833 -0.01842913590371609 0.0016223450656980272
v 0.029305635020136833 -0.01842913590371609 0.0016223450656980272
v 0.029305635020136833 -0.01842913590371609 0.0016223450656980272
v 0.029305635020136833 -0.01842913590371609 0.0016223450656980272
v 0.029305635020136833 -0.01842913590371609 0.0016223450656980272
v 0.029305635020136833 -0.01842913590371609 0.0016223450656980272
v 0.029288865625858307 -0.018456159159541134 0.001608276390470564
v 0.029288865625858307 -0.018456159159541134 0.001608276390470564
v 0.029288865625858307 -0.018456159159541134 0.001608276390470564
v 0.029288865625858307 -0.018456159159541134 0.001608276390470564
v 0.029288865625858307 -0.018456159159541134 0.001608276390470564
v 0.0322851724922657 -0.012186903506517414 0.004122497979551553
v 0.0322851724922657 -0.012186903506517414 0.004122497979551553
v 0.0322851724922657 -0.012186903506517414 0.004122497979551553
v 0.0322851724922657 -0.012186903506517414 0.004122497979551553
v 0.0322851724922657 -0.012186903506517414 0.004122497979551553
v 0.0322851724922657 -0.012186903506517414 0.004122497979551553
v 0.0322851724922657 -0.012186903506517414 0.004122497979551553
v 0.03197035193443298 -0.013037486001849178 0.0038583376444876185
v 0.03197035193443298 -0.013037486001849178 0.0038583376444876185
v 0.03197035193443298 -0.013037486001849178 0.0038583376444876185
v 0.03197035193443298 -0.013037486001849178 0.0038583376444876185
v 0.03197035193443298 -0.013037486001849178 0.0038583376444876185
v 0.03215254470705986 -0.013788958080112938 0.0018474732059985395
v 0.03215254470705986 -0.013788958080112938 0.0018474732059985395
v 0.03215254470705986 -0.013788958080112938 0.0018474732059985395
v 0.03215254470705986 -0.013788958080112938 0.0018474732059985395
v 0.03215254470705986 -0.013788958080112938 0.0018474732059985395
v 0.03215254470705986 -0.013788958080112938 0.0018474732059985395
v 0.03215254470705986 -0.013788958080112938 0.0018474732059985395
v 0.03184916824102402 -0.013347666710615162 0.0037566530518233767
v 0.03184916824102402 -0.013347666710615162 0.0037566530518233767
v 0.03184916824102402 -0.013347666710615162 0.0037566530518233767
v 0.03184916824102402 -0.013347666710615162 0.0037566530518233767
v 0.03184916824102402 -0.013347666710615162 0.0037566530518233767
v 0.03184916824102402 -0.013347666710615162 0.0037566530518233767
v 0.03184916824102402 -0.013347666710615162 0.0037566530518233767
v 0.03184916824102402 -0.013347666710615162 0.0037566530518233767
v 0.03184916824102402 -0.013347666710615162 0.0037566530518233767
v 0.03184916824102402 -0.013347666710615162 0.0037566530518233767
v 0.03184916824102402 -0.013347666710615162 0.0037566530518233767
v 0.03184916824102402 -0.013347666710615162 0.0037566530518233767
v 0.03184916824102402 -0.013347666710615162 0.0037566530518233767
v 0.03184916824102402 -0.013347666710615162 0.0037566530518233767
v 0.03184916824102402 -0.013347666710615162 0.0037566530518233767
v 0.033368103206157684 -0.008530966006219389 0.005031158681958913
v 0.033368103206157684 -0.008530966006219389 0.005031158681958913
v 0.033368103206157684 -0.008530966006219389 0.005031158681958913
v 0.033368103206157684 -0.008530966006219389 0.005031158681958913
v 0.033368103206157684 -0.008530966006219389 0.005031158681958913
v 0.03375914320349693 -0.009097292087972166 0.0031637575011700383
v 0.03375914320349693 -0.009097292087972166 0.0031637575011700383
v 0.03375914320349693 -0.009097292087972166 0.0031637575011700383
v 0.03375914320349693 -0.009097292087972166 0.0031637575011700383
v 0.03375914320349693 -0.009097292087972166 0.0031637575011700383
v 0.034021470695734024 -0.010144455358386041 0.0004002685600426047
v 0.034021470695734024 -0.010144455358386041 0.0004002685600426047
v 0.034021470695734024 -0.010144455358386041 0.0004002685600426047
v 0.034021470695734024 -0.010144455358386041 0.0004002685600426047
v 0.034021470695734024 -0.010144455358386041 0.0004002685600426047
v 0.035044725984334946 -0.005116930231451989 0.001991729717701673
v 0.035044725984334946 -0.005116930231451989 0.001991729717701673
v 0.035044725984334946 -0.005116930231451989 0.001991729717701673
v 0.035044725984334946 -0.005116930231451989 0.001991729717701673
v 0.035044725984334946 -0.005116930231451989 0.001991729717701673
v 0.03498878702521324 4.7834397264523445e-05 0.004149414133280515
v 0.03498878702521324 4.7834397264523445e-05 0.004149414133280515
v 0.03498878702521324 4.7834397264523445e-05 0.004149414133280515
v 0.03498878702521324 4.7834397264523445e-05 0.004149414133280515
v 0.03498878702521324 4.7834397264523445e-05 0.004149414133280515
v 0.03441900759935379 0.0004929314018227161 0.0059129945002496225
v 0.03441900759935379 0.0004929314018227161 0.0059129945002496225
v 0.03441900759935379 0.0004929314018227161 0.0059129945002496225
v 0.03441900759935379 0.0004929314018227161 0.0059129945002496225
v 0.03441900759935379 0.0004929314018227161 0.0059129945002496225
v 0.03441900759935379 0.0004929314018227161 0.0059129945002496225
v 0.03507106006145477 0.004236223641783 0.0030003662686794988
v 0.03507106006145477 0.004236223641783 0.0030003662686794988
v 0.03507106006145477 0.004236223641783 0.0030003662686794988
v 0.03507106006145477 0.004236223641783 0.0030003662686794988
v 0.03507106006145477 0.004236223641783 0.0030003662686794988
v 0.03422331437468529 0.00434472505003214 0.0057487795129418364
v 0.03422331437468529 0.00434472505003214 0.0057487795129418364
v 0.03422331437468529 0.00434472505003214 0.0057487795129418364
v 0.03422331437468529 0.00434472505003214 0.0057487795129418364
v 0.03422331437468529 0.00434472505003214 0.0057487795129418364
v 0.03422331437468529 0.00434472505003214 0.0057487795129418364
v 0.03422331437468529 0.00434472505003214 0.0057487795129418364
v 0.03422331437468529 0.00434472505003214 0.0057487795129418364
v 0.03422331437468529 0.00434472505003214 0.0057487795129418364
v 0.03422331437468529 0.00434472505003214 0.0057487795129418364
v 0.03422331437468529 0.00434472505003214 0.0057487795129418364
v 0.03422331437468529 0.00434472505003214 0.0057487795129418364
v 0.03422331437468529 0.00434472505003214 0.0057487795129418364
v 0.03315437585115433 0.010252260603010656 0.004851806908845901
v 0.03315437585115433 0.010252260603010656 0.004851806908845901
v 0.03315437585115433 0.010252260603010656 0.004851806908845901
v 0.03315437585115433 0.010252260603010656 0.004851806908845901
v 0.03315437585115433 0.010252260603010656 0.004851806908845901
v 0.03315437585115433 0.010252260603010656 0.004851806908845901
v 0.03315437585115433 0.010252260603010656 0.004851806908845901
v 0.03315437585115433 0.010252260603010656 0.004851806908845901
v 0.03315437585115433 0.010252260603010656 0.004851806908845901
v 0.03315437585115433 0.010252260603010656 0.004851806908845901
v 0.03315437585115433 0.010252260603010656 0.004851806908845901
v 0.03315437585115433 0.010252260603010656 0.004851806908845901
v 0.03315437585115433 0.010252260603010656 0.004851806908845901
v 0.03315437585115433 0.010252260603010656 0.004851806908845901
v 0.03315437585115433 0.010252260603010656 0.004851806908845901
v 0.03315437585115433 0.010252260603010656 0.004851806908845901
v 0.03315437585115433 0.010252260603010656 0.004851806908845901
v 0.03341856598854065 0.009192919358611109 0.005073486361652612
v 0.03341856598854065 0.009192919358611109 0.005073486361652612
v 0.03341856598854065 0.009192919358611109 0.005073486361652612
v 0.03341856598854065 0.009192919358611109 0.005073486361652612
v 0.03341856598854065 0.009192919358611109 0.005073486361652612
v 0.034585922956466675 0.00835461635142565 0.0017069092718884345
v 0.034585922956466675 0.00835461635142565 0.0017069092718884345
v 0.034585922956466675 0.00835461635142565 0.0017069092718884345
v 0.034585922956466675 0.00835461635142565 0.0017069092718884345
v 0.034585922956466675 0.00835461635142565 0.0017069092718884345
v 0.034585922956466675 0.00835461635142565 0.0017069092718884345
v 0.031196366995573044 0.01575797982513905 0.003208831883966922
v 0.031196366995573044 0.01575797982513905 0.003208831883966922
v 0.031196366995573044 0.01575797982513905 0.003208831883966922
v 0.031196366995573044 0.01575797982513905 0.003208831883966922
v 0.031196366995573044 0.01575797982513905 0.003208831883966922
v 0.031196366995573044 0.01575797982513905 0.003208831883966922
v 0.031196366995573044 0.01575797982513905 0.003208831883966922
v 0.031196366995573044 0.01575797982513905 0.003208831883966922
v 0.031196366995573044 0.01575797982513905 0.003208831883966922
v 0.031196366995573044 0.01575797982513905 0.003208831883966922
v 0.031196366995573044 0.01575797982513905 0.003208831883966922
v 0.031196366995573044 0.01575797982513905 0.003208831883966922
v 0.031196366995573044 0.01575797982513905 0.003208831883966922
v 0.031196366995573044 0.01575797982513905 0.003208831883966922
v 0.031196366995573044 0.01575797982513905 0.003208831883966922
v 0.031196366995573044 0.01575797982513905 0.003208831883966922
v 0.03221461549401283 0.013258547522127632 0.004063263069838285
v 0.03221461549401283 0.013258547522127632 0.004063263069838285
v 0.03221461549401283 0.013258547522127632 0.004063263069838285
v 0.03221461549401283 0.013258547522127632 0.004063263069838285
v 0.03221461549401283 0.013258547522127632 0.004063263069838285
v 0.03354236111044884 0.0123271131888032 0.0002927246096078306
v 0.03354236111044884 0.0123271131888032 0.0002927246096078306
v 0.03354236111044884 0.0123271131888032 0.0002927246096078306
v 0.03354236111044884 0.0123271131888032 0.0002927246096078306
v 0.03354236111044884 0.0123271131888032 0.0002927246096078306
v 0.03354236111044884 0.0123271131888032 0.0002927246096078306
v 0.03195953369140625 0.01608051545917988 -0.001216033939272165
v 0.03195953369140625 0.01608051545917988 -0.001216033939272165
v 0.03195953369140625 0.01608051545917988 -0.001216033939272165
v 0.03195953369140625 0.01608051545917988 -0.001216033939272165
v 0.03195953369140625 0.01608051545917988 -0.001216033939272165
v 0.030576569959521294 0.017044715583324436 0.0026887818239629264
v 0.030576569959521294 0.017044715583324436 0.0026887818239629264
v 0.030576569959521294 0.017044715583324436 0.0026887818239629264
v 0.030576569959521294 0.017044715583324436 0.0026887818239629264
v 0.030576569959521294 0.017044715583324436 0.0026887818239629264
v 0.030576569959521294 0.017044715583324436 0.0026887818239629264
v 0.030576569959521294 0.017044715583324436 0.0026887818239629264
v 0.03443898260593414 0.01107461377978325 -0.0037072449922561637
v 0.03443898260593414 0.01107461377978325 -0.0037072449922561637
v 0.03443898260593414 0.01107461377978325 -0.0037072449922561637
v 0.03443898260593414 0.01107461377978325 -0.0037072449922561637
v 0.03286450356245041 0.014816367067396644 -0.005253173876553773
v 0.03286450356245041 0.014816367067396644 -0.005253173876553773
v 0.03286450356245041 0.014816367067396644 -0.005253173876553773
v 0.03286450356245041 0.014816367067396644 -0.005253173876553773
v 0.034817978739738464 0.00956173148006201 -0.007699707522988318
v 0.034817978739738464 0.00956173148006201 -0.007699707522988318
v 0.034817978739738464 0.00956173148006201 -0.007699707522988318
v 0.034817978739738464 0.00956173148006201 -0.007699707522988318
v 0.033247027546167374 0.01328941993415356 -0.00928277615457773
v 0.033247027546167374 0.01328941993415356 -0.00928277615457773
v 0.033247027546167374 0.01328941993415356 -0.00928277615457773
v 0.033247027546167374 0.01328941993415356 -0.00928277615457773
v 0.03467242419719696 0.007816122844815256 -0.011611725203692911
v 0.03467242419719696 0.007816122844815256 -0.011611725203692911
v 0.03467242419719696 0.007816122844815256 -0.011611725203692911
v 0.03467242419719696 0.007816122844815256 -0.011611725203692911
v 0.03310011327266693 0.011527574621140959 -0.013231202028691765
v 0.03310011327266693 0.011527574621140959 -0.013231202028691765
v 0.03310011327266693 0.011527574621140959 -0.013231202028691765
v 0.03310011327266693 0.011527574621140959 -0.013231202028691765
v 0.034004975110292435 0.0058696884661912935 -0.015371826477348801
v 0.034004975110292435 0.0058696884661912935 -0.015371826477348801
v 0.034004975110292435 0.0058696884661912935 -0.015371826477348801
v 0.034004975110292435 0.0058696884661912935 -0.015371826477348801
v 0.03242646902799606 0.009563039988279344 -0.017026245594024655
v 0.03242646902799606 0.009563039988279344 -0.017026245594024655
v 0.03242646902799606 0.009563039988279344 -0.017026245594024655
v 0.03242646902799606 0.009563039988279344 -0.017026245594024655
v 0.03282785043120384 0.0037579976487904796 -0.018911255523562428
v 0.03282785043120384 0.0037579976487904796 -0.018911255523562428
v 0.03282785043120384 0.0037579976487904796 -0.018911255523562428
v 0.03282785043120384 0.0037579976487904796 -0.018911255523562428
v 0.031238390132784843 0.007431715261191131 -0.020598573610186573
v 0.031238390132784843 0.007431715261191131 -0.020598573610186573
v 0.031238390132784843 0.007431715261191131 -0.020598573610186573
v 0.031238390132784843 0.007431715261191131 -0.020598573610186573
v 0.031162522733211517 0.0015196553431451325 -0.022165315225720402
v 0.031162522733211517 0.0015196553431451325 -0.022165315225720402
v 0.031162522733211517 0.0015196553431451325 -0.022165315225720402
v 0.031162522733211517 0.0015196553431451325 -0.022165315225720402
v 0.029557572677731514 0.005172556266188622 -0.023882875218987458
v 0.029557572677731514 0.005172556266188622 -0.023882875218987458
v 0.029557572677731514 0.005172556266188622 -0.023882875218987458
v 0.029557572677731514 0.005172556266188622 -0.023882875218987458
v 0.02903946116566658 -0.0008044319692999127 -0.025074524804949753
v 0.02903946116566658 -0.0008044319692999127 -0.025074524804949753
v 0.02903946116566658 -0.0008044319692999127 -0.025074524804949753
v 0.02903946116566658 -0.0008044319692999127 -0.025074524804949753
v 0.027414780110120773 0.0028268566820770506 -0.026819184422492974
v 0.027414780110120773 0.0028268566820770506 -0.026819184422492974
v 0.027414780110120773 0.0028268566820770506 -0.026819184422492974
v 0.027414780110120773 0.0028268566820770506 -0.026819184422492974
v 0.027414780110120773 0.0028268566820770506 -0.026819184422492974
v 0.026497483253479004 -0.003171789227053524 -0.027585724368691437
v 0.026497483253479004 -0.003171789227053524 -0.027585724368691437
v 0.026497483253479004 -0.003171789227053524 -0.027585724368691437
v 0.026497483253479004 -0.003171789227053524 -0.027585724368691437
v 0.024849137291312218 0.0004374847630970181 -0.02935373038053512
v 0.024849137291312218 0.0004374847630970181 -0.02935373038053512
v 0.024849137291312218 0.0004374847630970181 -0.02935373038053512
v 0.024849137291312218 0.0004374847630970181 -0.02935373038053512
v 0.02358299307525158 -0.005539144854992629 -0.029653046280145638
v 0.02358299307525158 -0.005539144854992629 -0.029653046280145638
v 0.02358299307525158 -0.005539144854992629 -0.029653046280145638
v 0.02358299307525158 -0.005539144854992629 -0.029653046280145638
v 0.021907562389969826 -0.0019518872722983365 -0.031440246850252145
v 0.021907562389969826 -0.0019518872722983365 -0.031440246850252145
v 0.021907562389969826 -0.0019518872722983365 -0.031440246850252145
v 0.021907562389969826 -0.0019518872722983365 -0.031440246850252145
v 0.021907562389969826 -0.0019518872722983365 -0.031440246850252145
v 0.020349305123090744 -0.00786323379725218 -0.031238678842782967
v 0.020349305123090744 -0.00786323379725218 -0.031238678842782967
v 0.020349305123090744 -0.00786323379725218 -0.031238678842782967
v 0.020349305123090744 -0.00786323379725218 -0.031238678842782967
v 0.020349305123090744 -0.00786323379725218 -0.031238678842782967
v 0.018643800169229507 -0.004297588486224414 -0.033040650188922875
v 0.018643800169229507 -0.004297588486224414 -0.033040650188922875
v 0.018643800169229507 -0.004297588486224414 -0.033040650188922875
v 0.018643800169229507 -0.004297588486224414 -0.033040650188922875
v 0.018643800169229507 -0.004297588486224414 -0.033040650188922875
v 0.016855500638484955 -0.01010157633572817 -0.032313629984855645
v 0.016855500638484955 -0.01010157633572817 -0.032313629984855645
v 0.016855500638484955 -0.01010157633572817 -0.032313629984855645
v 0.016855500638484955 -0.01010157633572817 -0.032313629984855645
v 0.016855500638484955 -0.01010157633572817 -0.032313629984855645
v 0.015117524191737175 -0.006556745618581774 -0.03412561118602752
v 0.015117524191737175 -0.006556745618581774 -0.03412561118602752
v 0.015117524191737175 -0.006556745618581774 -0.03412561118602752
v 0.015117524191737175 -0.006556745618581774 -0.03412561118602752
v 0.015117524191737175 -0.006556745618581774 -0.03412561118602752
v 0.01316545158624649 -0.012213264591991905 -0.032858248800039284
v 0.01316545158624649 -0.012213264591991905 -0.032858248800039284
v 0.01316545158624649 -0.012213264591991905 -0.032858248800039284
v 0.01316545158624649 -0.012213264591991905 -0.032858248800039284
v 0.011393158696591854 -0.008688070811331274 -0.03467529639601707
v 0.011393158696591854 -0.008688070811331274 -0.03467529639601707
v 0.011393158696591854 -0.008688070811331274 -0.03467529639601707
v 0.011393158696591854 -0.008688070811331274 -0.03467529639601707
v 0.00934660341590643 -0.014159699901938442 -0.03286264091730117
v 0.00934660341590643 -0.014159699901938442 -0.03286264091730117
v 0.00934660341590643 -0.014159699901938442 -0.03286264091730117
v 0.00934660341590643 -0.014159699901938442 -0.03286264091730117
v 0.0075387731194496155 -0.010652607306838037 -0.03467971831560134
v 0.0075387731194496155 -0.010652607306838037 -0.03467971831560134
v 0.0075387731194496155 -0.010652607306838037 -0.03467971831560134
v 0.0075387731194496155 -0.010652607306838037 -0.03467971831560134
v 0.03545770421624184 0.00713684316724539 -0.0021821595728397365
v 0.03545770421624184 0.00713684316724539 -0.0021821595728397365
v 0.03545770421624184 0.00713684316724539 -0.0021821595728397365
v 0.03545770421624184 0.00713684316724539 -0.0021821595728397365
v 0.03582620248198509 0.00566591089591384 -0.00606393441557884
v 0.03582620248198509 0.00566591089591384 -0.00606393441557884
v 0.03582620248198509 0.00566591089591384 -0.00606393441557884
v 0.03582620248198509 0.00566591089591384 -0.00606393441557884
v 0.03582620248198509 0.00566591089591384 -0.00606393441557884
v 0.035684678703546524 0.003968698903918267 -0.009867523796856402
v 0.035684678703546524 0.003968698903918267 -0.009867523796856402
v 0.035684678703546524 0.003968698903918267 -0.009867523796856402
v 0.035684678703546524 0.003968698903918267 -0.009867523796856402
v 0.03503573685884476 0.0020762311760336165 -0.013523346744477745
v 0.03503573685884476 0.0020762311760336165 -0.013523346744477745
v 0.03503573685884476 0.0020762311760336165 -0.013523346744477745
v 0.03503573685884476 0.0020762311760336165 -0.013523346744477745
v 0.033891238272190094 2.3094178686733364e-05 -0.016964631155133244
v 0.033891238272190094 2.3094178686733364e-05 -0.016964631155133244
v 0.033891238272190094 2.3094178686733364e-05 -0.016964631155133244
v 0.033891238272190094 2.3094178686733364e-05 -0.016964631155133244
v 0.0322720967233181 -0.002153186826035381 -0.020128449425101277
v 0.0322720967233181 -0.002153186826035381 -0.020128449425101277
v 0.0322720967233181 -0.002153186826035381 -0.020128449425101277
v 0.0322720967233181 -0.002153186826035381 -0.020128449425101277
v 0.030207917094230652 -0.004412834532558919 -0.022957002744078633
v 0.030207917094230652 -0.004412834532558919 -0.022957002744078633
v 0.030207917094230652 -0.004412834532558919 -0.022957002744078633
v 0.030207917094230652 -0.004412834532558919 -0.022957002744078633
v 0.027736390009522438 -0.006714552175253631 -0.025398591533303254
v 0.027736390009522438 -0.006714552175253631 -0.025398591533303254
v 0.027736390009522438 -0.006714552175253631 -0.025398591533303254
v 0.027736390009522438 -0.006714552175253631 -0.025398591533303254
v 0.027736390009522438 -0.006714552175253631 -0.025398591533303254
v 0.024902725592255592 -0.009016269817948343 -0.027408601716160767
v 0.024902725592255592 -0.009016269817948343 -0.027408601716160767
v 0.024902725592255592 -0.009016269817948343 -0.027408601716160767
v 0.024902725592255592 -0.009016269817948343 -0.027408601716160767
v 0.021758683025836945 -0.011275919154286386 -0.028950257226824753
v 0.021758683025836945 -0.011275919154286386 -0.028950257226824753
v 0.021758683025836945 -0.011275919154286386 -0.028950257226824753
v 0.021758683025836945 -0.011275919154286386 -0.028950257226824753
v 0.018361756578087807 -0.013452200219035152 -0.029995424672961228
v 0.018361756578087807 -0.013452200219035152 -0.029995424672961228
v 0.018361756578087807 -0.013452200219035152 -0.029995424672961228
v 0.018361756578087807 -0.013452200219035152 -0.029995424672961228
v 0.014774017967283726 -0.015505337156355384 -0.030524933710694306
v 0.014774017967283726 -0.015505337156355384 -0.030524933710694306
v 0.014774017967283726 -0.015505337156355384 -0.030524933710694306
v 0.014774017967283726 -0.015505337156355384 -0.030524933710694306
v 0.014774017967283726 -0.015505337156355384 -0.030524933710694306
v 0.011061050929129124 -0.017397804185748104 -0.030529206618666642
v 0.011061050929129124 -0.017397804185748104 -0.030529206618666642
v 0.011061050929129124 -0.017397804185748104 -0.030529206618666642
v 0.011061050929129124 -0.017397804185748104 -0.030529206618666642
v 0.03590190410614014 0.0030756208579987296 -0.0007060852367430924
v 0.03590190410614014 0.0030756208579987296 -0.0007060852367430924
v 0.03590190410614014 0.0030756208579987296 -0.0007060852367430924
v 0.03590190410614014 0.0030756208579987296 -0.0007060852367430924
v 0.03625309839844704 0.0016737424302846198 -0.0044056400656700126
v 0.03625309839844704 0.0016737424302846198 -0.0044056400656700126
v 0.03625309839844704 0.0016737424302846198 -0.0044056400656700126
v 0.03625309839844704 0.0016737424302846198 -0.0044056400656700126
v 0.03611822798848152 5.620575393550099e-05 -0.008030639961361883
v 0.03611822798848152 5.620575393550099e-05 -0.008030639961361883
v 0.03611822798848152 5.620575393550099e-05 -0.008030639961361883
v 0.03611822798848152 5.620575393550099e-05 -0.008030639961361883
v 0.03611822798848152 5.620575393550099e-05 -0.008030639961361883
v 0.03611822798848152 5.620575393550099e-05 -0.008030639961361883
v 0.03549974411725998 -0.001747419475577772 -0.011514832265675066
v 0.03549974411725998 -0.001747419475577772 -0.011514832265675066
v 0.03549974411725998 -0.001747419475577772 -0.011514832265675066
v 0.03549974411725998 -0.001747419475577772 -0.011514832265675066
v 0.03440898284316063 -0.0037041723262518653 -0.01479458715766668
v 0.03440898284316063 -0.0037041723262518653 -0.01479458715766668
v 0.03440898284316063 -0.0037041723262518653 -0.01479458715766668
v 0.03440898284316063 -0.0037041723262518653 -0.01479458715766668
v 0.032865844666957855 -0.0057782898657023915 -0.01780990697443485
v 0.032865844666957855 -0.0057782898657023915 -0.01780990697443485
v 0.032865844666957855 -0.0057782898657023915 -0.01780990697443485
v 0.032865844666957855 -0.0057782898657023915 -0.01780990697443485
v 0.032865844666957855 -0.0057782898657023915 -0.01780990697443485
v 0.030898544937372208 -0.007931858301162721 -0.020505677908658978
v 0.030898544937372208 -0.007931858301162721 -0.020505677908658978
v 0.030898544937372208 -0.007931858301162721 -0.020505677908658978
v 0.030898544937372208 -0.007931858301162721 -0.020505677908658978
v 0.02854306250810623 -0.010125523433089258 -0.022832643240690228
v 0.02854306250810623 -0.010125523433089258 -0.022832643240690228
v 0.02854306250810623 -0.010125523433089258 -0.022832643240690228
v 0.02854306250810623 -0.010125523433089258 -0.022832643240690228
v 0.025842424482107162 -0.012319185771048072 -0.02474826201796531
v 0.025842424482107162 -0.012319185771048072 -0.02474826201796531
v 0.025842424482107162 -0.012319185771048072 -0.02474826201796531
v 0.025842424482107162 -0.012319185771048072 -0.02474826201796531
v 0.025842424482107162 -0.012319185771048072 -0.02474826201796531
v 0.02284599468111992 -0.014472756534814838 -0.02621756121516227
v 0.02284599468111992 -0.014472756534814838 -0.02621756121516227
v 0.02284599468111992 -0.014472756534814838 -0.02621756121516227
v 0.02284599468111992 -0.014472756534814838 -0.02621756121516227
v 0.019608521834015846 -0.016546871513128284 -0.02721362374722957
v 0.019608521834015846 -0.016546871513128284 -0.02721362374722957
v 0.019608521834015846 -0.016546871513128284 -0.02721362374722957
v 0.019608521834015846 -0.016546871513128284 -0.02721362374722957
v 0.01618921011686325 -0.018503624945878986 -0.027718294411897652
v 0.01618921011686325 -0.018503624945878986 -0.027718294411897652
v 0.01618921011686325 -0.018503624945878986 -0.027718294411897652
v 0.01618921011686325 -0.018503624945878986 -0.027718294411897652
v 0.012650543823838234 -0.02030725218355656 -0.027722353115677827
v 0.012650543823838234 -0.02030725218355656 -0.027722353115677827
v 0.012650543823838234 -0.02030725218355656 -0.027722353115677827
v 0.012650543823838234 -0.02030725218355656 -0.027722353115677827
v 0.03576338291168213 -0.0010342140449211004 0.0006937866564840077
v 0.03576338291168213 -0.0010342140449211004 0.0006937866564840077
v 0.03576338291168213 -0.0010342140449211004 0.0006937866564840077
v 0.03576338291168213 -0.0010342140449211004 0.0006937866564840077
v 0.03609080612659454 -0.002341209445148707 -0.002755340654402971
v 0.03609080612659454 -0.002341209445148707 -0.002755340654402971
v 0.03609080612659454 -0.002341209445148707 -0.002755340654402971
v 0.03609080612659454 -0.002341209445148707 -0.002755340654402971
v 0.035965073853731155 -0.0038492623716592797 -0.006134979426860808
v 0.035965073853731155 -0.0038492623716592797 -0.006134979426860808
v 0.035965073853731155 -0.0038492623716592797 -0.006134979426860808
v 0.035965073853731155 -0.0038492623716592797 -0.006134979426860808
v 0.035388458520174026 -0.00553080951794982 -0.009383392520248888
v 0.035388458520174026 -0.00553080951794982 -0.009383392520248888
v 0.035388458520174026 -0.00553080951794982 -0.009383392520248888
v 0.035388458520174026 -0.00553080951794982 -0.009383392520248888
v 0.035388458520174026 -0.00553080951794982 -0.009383392520248888
v 0.034371521323919296 -0.0073551218956708925 -0.01244110148400068
v 0.034371521323919296 -0.0073551218956708925 -0.01244110148400068
v 0.034371521323919296 -0.0073551218956708925 -0.01244110148400068
v 0.034371521323919296 -0.0073551218956708925 -0.01244110148400068
v 0.0329328328371048 -0.00928885117173195 -0.015252320095896717
v 0.0329328328371048 -0.00928885117173195 -0.015252320095896717
v 0.0329328328371048 -0.00928885117173195 -0.015252320095896717
v 0.0329328328371048 -0.00928885117173195 -0.015252320095896717
v 0.03109869547188282 -0.011296657845377924 -0.01776565611362457
v 0.03109869547188282 -0.011296657845377924 -0.01776565611362457
v 0.03109869547188282 -0.011296657845377924 -0.01776565611362457
v 0.03109869547188282 -0.011296657845377924 -0.01776565611362457
v 0.03109869547188282 -0.011296657845377924 -0.01776565611362457
v 0.028902634978294373 -0.01334184501320124 -0.01993509009480476
v 0.028902634978294373 -0.01334184501320124 -0.01993509009480476
v 0.028902634978294373 -0.01334184501320124 -0.01993509009480476
v 0.028902634978294373 -0.01334184501320124 -0.01993509009480476
v 0.026384782046079636 -0.015387032181024555 -0.021721100434660908
v 0.026384782046079636 -0.015387032181024555 -0.021721100434660908
v 0.026384782046079636 -0.015387032181024555 -0.021721100434660908
v 0.026384782046079636 -0.015387032181024555 -0.021721100434660908
v 0.02359115704894066 -0.01739483699202538 -0.02309094369411468
v 0.02359115704894066 -0.01739483699202538 -0.02309094369411468
v 0.02359115704894066 -0.01739483699202538 -0.02309094369411468
v 0.02359115704894066 -0.01739483699202538 -0.02309094369411468
v 0.020572831854224205 -0.019328568130731586 -0.02401959337294101
v 0.020572831854224205 -0.019328568130731586 -0.02401959337294101
v 0.020572831854224205 -0.019328568130731586 -0.02401959337294101
v 0.020572831854224205 -0.019328568130731586 -0.02401959337294101
v 0.017384950071573257 -0.02115287818014622 -0.024490114301443093
v 0.017384950071573257 -0.02115287818014622 -0.024490114301443093
v 0.017384950071573257 -0.02115287818014622 -0.024490114301443093
v 0.017384950071573257 -0.02115287818014622 -0.024490114301443093
v 0.014085785485804081 -0.022834427654743198 -0.02449389733374118
v 0.014085785485804081 -0.022834427654743198 -0.02449389733374118
v 0.014085785485804081 -0.022834427654743198 -0.02449389733374118
v 0.014085785485804081 -0.022834427654743198 -0.02449389733374118
v -0.000277122511761263 -0.013941401615738872 -0.03306228667497634
v -0.000277122511761263 -0.013941401615738872 -0.03306228667497634
v -0.000277122511761263 -0.013941401615738872 -0.03306228667497634
v -0.000277122511761263 -0.013941401615738872 -0.03306228667497634
v 0.0016026993980631232 -0.017418190836906437 -0.03126013278961181
v 0.0016026993980631232 -0.017418190836906437 -0.03126013278961181
v 0.0016026993980631232 -0.017418190836906437 -0.03126013278961181
v 0.0016026993980631232 -0.017418190836906437 -0.03126013278961181
v 0.0016026993980631232 -0.017418190836906437 -0.03126013278961181
v 0.003531868103891611 -0.02056594751775265 -0.028971102088689797
v 0.003531868103891611 -0.02056594751775265 -0.028971102088689797
v 0.003531868103891611 -0.02056594751775265 -0.028971102088689797
v 0.003531868103891611 -0.02056594751775265 -0.028971102088689797
v 0.00547482306137681 -0.023326667025685314 -0.026237428188323968
v 0.00547482306137681 -0.023326667025685314 -0.026237428188323968
v 0.00547482306137681 -0.023326667025685314 -0.026237428188323968
v 0.00547482306137681 -0.023326667025685314 -0.026237428188323968
v 0.007395752239972353 -0.025649476796388633 -0.023109467700123783
v 0.007395752239972353 -0.025649476796388633 -0.023109467700123783
v 0.007395752239972353 -0.025649476796388633 -0.023109467700123783
v 0.007395752239972353 -0.025649476796388633 -0.023109467700123783
v 0.035342346876859665 -0.006304954644292595 -0.0011434631887823341
v 0.035342346876859665 -0.006304954644292595 -0.0011434631887823341
v 0.035342346876859665 -0.006304954644292595 -0.0011434631887823341
v 0.035342346876859665 -0.006304954644292595 -0.0011434631887823341
v 0.03522805869579315 -0.007675735745579006 -0.004215484950691461
v 0.03522805869579315 -0.007675735745579006 -0.004215484950691461
v 0.03522805869579315 -0.007675735745579006 -0.004215484950691461
v 0.03522805869579315 -0.007675735745579006 -0.004215484950691461
v 0.034703921526670456 -0.009204220026731493 -0.0071681826375424845
v 0.034703921526670456 -0.009204220026731493 -0.0071681826375424845
v 0.034703921526670456 -0.009204220026731493 -0.0071681826375424845
v 0.034703921526670456 -0.009204220026731493 -0.0071681826375424845
v 0.03377954289317131 -0.01086247153580189 -0.009947570972144602
v 0.03377954289317131 -0.01086247153580189 -0.009947570972144602
v 0.03377954289317131 -0.01086247153580189 -0.009947570972144602
v 0.03377954289317131 -0.01086247153580189 -0.009947570972144602
v 0.03247181698679924 -0.012620182707905773 -0.01250289939343929
v 0.03247181698679924 -0.012620182707905773 -0.01250289939343929
v 0.03247181698679924 -0.012620182707905773 -0.01250289939343929
v 0.03247181698679924 -0.012620182707905773 -0.01250289939343929
v 0.030804628506302834 -0.01444522757083178 -0.014787445776164528
v 0.030804628506302834 -0.01444522757083178 -0.014787445776164528
v 0.030804628506302834 -0.01444522757083178 -0.014787445776164528
v 0.030804628506302834 -0.01444522757083178 -0.014787445776164528
v 0.0288084726780653 -0.016304248943924907 -0.016759430989623066
v 0.0288084726780653 -0.016304248943924907 -0.016759430989623066
v 0.0288084726780653 -0.016304248943924907 -0.016759430989623066
v 0.0288084726780653 -0.016304248943924907 -0.016759430989623066
v 0.026519807055592537 -0.01816326938569546 -0.018382843583822247
v 0.026519807055592537 -0.01816326938569546 -0.018382843583822247
v 0.026519807055592537 -0.01816326938569546 -0.018382843583822247
v 0.026519807055592537 -0.01816326938569546 -0.018382843583822247
v 0.02398047037422657 -0.01998831704258919 -0.019627992063760754
v 0.02398047037422657 -0.01998831704258919 -0.019627992063760754
v 0.02398047037422657 -0.01998831704258919 -0.019627992063760754
v 0.02398047037422657 -0.01998831704258919 -0.019627992063760754
v 0.02123689278960228 -0.021746026352047924 -0.02047210745513439
v 0.02123689278960228 -0.021746026352047924 -0.02047210745513439
v 0.02123689278960228 -0.021746026352047924 -0.02047210745513439
v 0.02123689278960228 -0.021746026352047924 -0.02047210745513439
v 0.018339188769459724 -0.02340427972376347 -0.0208998117595911
v 0.018339188769459724 -0.02340427972376347 -0.0208998117595911
v 0.018339188769459724 -0.02340427972376347 -0.0208998117595911
v 0.018339188769459724 -0.02340427972376347 -0.0208998117595911
v 0.015340332873165607 -0.024932762607932098 -0.020903229713439938
v 0.015340332873165607 -0.024932762607932098 -0.020903229713439938
v 0.015340332873165607 -0.024932762607932098 -0.020903229713439938
v 0.015340332873165607 -0.024932762607932098 -0.020903229713439938
v 0.003624832257628441 -0.012414452619850639 -0.034138735383749
v 0.003624832257628441 -0.012414452619850639 -0.034138735383749
v 0.003624832257628441 -0.012414452619850639 -0.034138735383749
v 0.003624832257628441 -0.012414452619850639 -0.034138735383749
v 0.0054687196388840675 -0.01590531133115292 -0.032326661050319665
v 0.0054687196388840675 -0.01590531133115292 -0.032326661050319665
v 0.0054687196388840675 -0.01590531133115292 -0.032326661050319665
v 0.0054687196388840675 -0.01590531133115292 -0.032326661050319665
v 0.0072906953282654285 -0.019095012918114666 -0.03000808879733085
v 0.0072906953282654285 -0.019095012918114666 -0.03000808879733085
v 0.0072906953282654285 -0.019095012918114666 -0.03000808879733085
v 0.0072906953282654285 -0.019095012918114666 -0.03000808879733085
v 0.009057190269231796 -0.021924786269664768 -0.02722570858895778
v 0.009057190269231796 -0.021924786269664768 -0.02722570858895778
v 0.009057190269231796 -0.021924786269664768 -0.02722570858895778
v 0.009057190269231796 -0.021924786269664768 -0.02722570858895778
v 0.010735657066106796 -0.02434248104691506 -0.02403085492551326
v 0.010735657066106796 -0.02434248104691506 -0.02403085492551326
v 0.010735657066106796 -0.02434248104691506 -0.02403085492551326
v 0.010735657066106796 -0.02434248104691506 -0.02403085492551326
v 0.012295151129364967 -0.026303544640541084 -0.020482361316680905
v 0.012295151129364967 -0.026303544640541084 -0.020482361316680905
v 0.012295151129364967 -0.026303544640541084 -0.020482361316680905
v 0.012295151129364967 -0.026303544640541084 -0.020482361316680905
v 0.013706940226256847 -0.02777183987200261 -0.016645601019263264
v 0.013706940226256847 -0.02777183987200261 -0.016645601019263264
v 0.013706940226256847 -0.02777183987200261 -0.016645601019263264
v 0.013706940226256847 -0.02777183987200261 -0.016645601019263264
v 0.013706940226256847 -0.02777183987200261 -0.016645601019263264
v 0.013006928376853466 -0.029492499306797988 -0.012053864076733586
v 0.013006928376853466 -0.029492499306797988 -0.012053864076733586
v 0.013006928376853466 -0.029492499306797988 -0.012053864076733586
v 0.013006928376853466 -0.029492499306797988 -0.012053864076733586
v 0.013006928376853466 -0.029492499306797988 -0.012053864076733586
v 0.03392073139548302 -0.011352703906595709 -0.0023074646014720197
v 0.03392073139548302 -0.011352703906595709 -0.0023074646014720197
v 0.03392073139548302 -0.011352703906595709 -0.0023074646014720197
v 0.03392073139548302 -0.011352703906595709 -0.0023074646014720197
v 0.03345874324440956 -0.012699959799647335 -0.00491009559482336
v 0.03345874324440956 -0.012699959799647335 -0.00491009559482336
v 0.03345874324440956 -0.012699959799647335 -0.00491009559482336
v 0.03345874324440956 -0.012699959799647335 -0.00491009559482336
v 0.032643966376781464 -0.01416159421205521 -0.007359924726188181
v 0.032643966376781464 -0.01416159421205521 -0.007359924726188181
v 0.032643966376781464 -0.01416159421205521 -0.007359924726188181
v 0.032643966376781464 -0.01416159421205521 -0.007359924726188181
v 0.03149130567908287 -0.01571089588105679 -0.00961230508983135
v 0.03149130567908287 -0.01571089588105679 -0.00961230508983135
v 0.03149130567908287 -0.01571089588105679 -0.00961230508983135
v 0.03149130567908287 -0.01571089588105679 -0.00961230508983135
v 0.0300217904150486 -0.017319547012448314 -0.01162594649940729
v 0.0300217904150486 -0.017319547012448314 -0.01162594649940729
v 0.0300217904150486 -0.017319547012448314 -0.01162594649940729
v 0.0300217904150486 -0.017319547012448314 -0.01162594649940729
v 0.028262315317988396 -0.018958147615194324 -0.013364105485379692
v 0.028262315317988396 -0.018958147615194324 -0.013364105485379692
v 0.028262315317988396 -0.018958147615194324 -0.013364105485379692
v 0.028262315317988396 -0.018958147615194324 -0.013364105485379692
v 0.026245011016726494 -0.020596750080585483 -0.014795044437050816
v 0.026245011016726494 -0.020596750080585483 -0.014795044437050816
v 0.026245011016726494 -0.020596750080585483 -0.014795044437050816
v 0.026245011016726494 -0.020596750080585483 -0.014795044437050816
v 0.024006761610507965 -0.02220539934933186 -0.015892548486590382
v 0.024006761610507965 -0.02220539934933186 -0.015892548486590382
v 0.024006761610507965 -0.02220539934933186 -0.015892548486590382
v 0.024006761610507965 -0.02220539934933186 -0.015892548486590382
v 0.021588487550616264 -0.023754701018333442 -0.016636567190289494
v 0.021588487550616264 -0.023754701018333442 -0.016636567190289494
v 0.021588487550616264 -0.023754701018333442 -0.016636567190289494
v 0.021588487550616264 -0.023754701018333442 -0.016636567190289494
v 0.019034363329410553 -0.025216337293386466 -0.017013581469655033
v 0.019034363329410553 -0.025216337293386466 -0.017013581469655033
v 0.019034363329410553 -0.025216337293386466 -0.017013581469655033
v 0.019034363329410553 -0.025216337293386466 -0.017013581469655033
v 0.016391083598136902 -0.026563590392470367 -0.017016602680087086
v 0.016391083598136902 -0.026563590392470367 -0.017016602680087086
v 0.016391083598136902 -0.026563590392470367 -0.017016602680087086
v 0.016391083598136902 -0.026563590392470367 -0.017016602680087086
v 0.032067202031612396 -0.014812410809099678 -0.0004461670177988707
v 0.032067202031612396 -0.014812410809099678 -0.0004461670177988707
v 0.032067202031612396 -0.014812410809099678 -0.0004461670177988707
v 0.032067202031612396 -0.014812410809099678 -0.0004461670177988707
v 0.03167589008808136 -0.015953609719872478 -0.0026506958529353137
v 0.03167589008808136 -0.015953609719872478 -0.0026506958529353137
v 0.03167589008808136 -0.015953609719872478 -0.0026506958529353137
v 0.03167589008808136 -0.015953609719872478 -0.0026506958529353137
v 0.030985718593001366 -0.017191693186759952 -0.004725860897451638
v 0.030985718593001366 -0.017191693186759952 -0.004725860897451638
v 0.030985718593001366 -0.017191693186759952 -0.004725860897451638
v 0.030985718593001366 -0.017191693186759952 -0.004725860897451638
v 0.030009355396032333 -0.018504036590456966 -0.006633728276938198
v 0.030009355396032333 -0.018504036590456966 -0.006633728276938198
v 0.030009355396032333 -0.018504036590456966 -0.006633728276938198
v 0.030009355396032333 -0.018504036590456966 -0.006633728276938198
v 0.028764603659510612 -0.019866652786731723 -0.008339417167007921
v 0.028764603659510612 -0.019866652786731723 -0.008339417167007921
v 0.028764603659510612 -0.019866652786731723 -0.008339417167007921
v 0.028764603659510612 -0.019866652786731723 -0.008339417167007921
v 0.02727421745657921 -0.021254636347293857 -0.009811737574636934
v 0.02727421745657921 -0.021254636347293857 -0.009811737574636934
v 0.02727421745657921 -0.021254636347293857 -0.009811737574636934
v 0.02727421745657921 -0.021254636347293857 -0.009811737574636934
v 0.02556544542312622 -0.02264262177050114 -0.011023804545402525
v 0.02556544542312622 -0.02264262177050114 -0.011023804545402525
v 0.02556544542312622 -0.02264262177050114 -0.011023804545402525
v 0.02556544542312622 -0.02264262177050114 -0.011023804545402525
v 0.023669540882110596 -0.024005234241485603 -0.011953431181609627
v 0.023669540882110596 -0.024005234241485603 -0.011953431181609627
v 0.023669540882110596 -0.024005234241485603 -0.011953431181609627
v 0.023669540882110596 -0.024005234241485603 -0.011953431181609627
v 0.023669540882110596 -0.024005234241485603 -0.011953431181609627
v 0.02162112481892109 -0.025317577645182616 -0.012583710253238675
v 0.02162112481892109 -0.025317577645182616 -0.012583710253238675
v 0.02162112481892109 -0.025317577645182616 -0.012583710253238675
v 0.02162112481892109 -0.025317577645182616 -0.012583710253238675
v 0.01945764198899269 -0.02655566297471524 -0.01290301606059074
v 0.01945764198899269 -0.02655566297471524 -0.01290301606059074
v 0.01945764198899269 -0.02655566297471524 -0.01290301606059074
v 0.01945764198899269 -0.02655566297471524 -0.01290301606059074
v 0.01721864379942417 -0.027696859091520316 -0.012905579060316082
v 0.01721864379942417 -0.027696859091520316 -0.012905579060316082
v 0.01721864379942417 -0.027696859091520316 -0.012905579060316082
v 0.01721864379942417 -0.027696859091520316 -0.012905579060316082
v 0.006329452618956566 0.030068133026361472 1.828003041737247e-05
v 0.006329452618956566 0.030068133026361472 1.828003041737247e-05
v 0.006329452618956566 0.030068133026361472 1.828003041737247e-05
v 0.006329452618956566 0.030068133026361472 1.828003041737247e-05
v -0.011989998631179333 0.030068133026361472 0.02185052633285522
v -0.011989998631179333 0.030068133026361472 0.02185052633285522
v -0.011989998631179333 0.030068133026361472 0.02185052633285522
v -0.011989998631179333 0.030068133026361472 0.02185052633285522
v -0.010478317737579346 0.029687430709600456 0.023118957877159115
v -0.010478317737579346 0.029687430709600456 0.023118957877159115
v -0.010478317737579346 0.029687430709600456 0.023118957877159115
v -0.010478317737579346 0.029687430709600456 0.023118957877159115
v -0.010478317737579346 0.029687430709600456 0.023118957877159115
v 0.02536848559975624 0.005130518227815629 0.016124451532959935
v 0.02536848559975624 0.005130518227815629 0.016124451532959935
v 0.02536848559975624 0.005130518227815629 0.016124451532959935
v 0.02536848559975624 0.005130518227815629 0.016124451532959935
v 0.02536848559975624 0.005130518227815629 0.016124451532959935
v 0.007113327272236347 0.005130518227815629 0.037880130112171166
v 0.007113327272236347 0.005130518227815629 0.037880130112171166
v 0.007113327272236347 0.005130518227815629 0.037880130112171166
v 0.007113327272236347 0.005130518227815629 0.037880130112171166
v 0.007200516294687986 0.00434472505003214 0.037953279912471764
v 0.007200516294687986 0.00434472505003214 0.037953279912471764
v 0.007200516294687986 0.00434472505003214 0.037953279912471764
v 0.007200516294687986 0.00434472505003214 0.037953279912471764
v 0.007200516294687986 0.00434472505003214 0.037953279912471764
v 0.007200516294687986 0.00434472505003214 0.037953279912471764
v 0.007200516294687986 0.00434472505003214 0.037953279912471764
v 0.007200516294687986 0.00434472505003214 0.037953279912471764
v 0.023381944745779037 -0.01273483689874411 0.014326996169984337
v 0.023381944745779037 -0.01273483689874411 0.014326996169984337
v 0.023381944745779037 -0.01273483689874411 0.014326996169984337
v 0.023381944745779037 -0.01273483689874411 0.014326996169984337
v 0.023381944745779037 -0.01273483689874411 0.014326996169984337
v 0.005062500014901161 -0.01273483689874411 0.03615924343466758
v 0.005062500014901161 -0.01273483689874411 0.03615924343466758
v 0.005062500014901161 -0.01273483689874411 0.03615924343466758
v 0.005062500014901161 -0.01273483689874411 0.03615924343466758
v 0.0048263706266880035 -0.013347666710615162 0.03596115112304687
v 0.0048263706266880035 -0.013347666710615162 0.03596115112304687
v 0.0048263706266880035 -0.013347666710615162 0.03596115112304687
v 0.0048263706266880035 -0.013347666710615162 0.03596115112304687
v 0.0048263706266880035 -0.013347666710615162 0.03596115112304687
v 0.0048263706266880035 -0.013347666710615162 0.03596115112304687
v 0.005533767864108086 -0.029466707259416587 -0.0026075134519487615
v 0.005533767864108086 -0.029466707259416587 -0.0026075134519487615
v 0.005533767864108086 -0.029466707259416587 -0.0026075134519487615
v 0.005533767864108086 -0.029466707259416587 -0.0026075134519487615
v 0.005533767864108086 -0.029466707259416587 -0.0026075134519487615
v 0.0036985476035624743 -0.02956251613795758 -0.004147430416196584
v 0.0036985476035624743 -0.02956251613795758 -0.004147430416196584
v 0.0036985476035624743 -0.02956251613795758 -0.004147430416196584
v 0.0036985476035624743 -0.02956251613795758 -0.004147430416196584
v 0.0036985476035624743 -0.02956251613795758 -0.004147430416196584
v 0.008866577409207821 -0.02956251613795758 -0.010306457988917826
v 0.008866577409207821 -0.02956251613795758 -0.010306457988917826
v 0.008866577409207821 -0.02956251613795758 -0.010306457988917826
v 0.008866577409207821 -0.02956251613795758 -0.010306457988917826
v 0.008866577409207821 -0.02956251613795758 -0.010306457988917826
v 0.0008848572033457458 -0.029336817562580116 -0.006508423015475271
v 0.0008848572033457458 -0.029336817562580116 -0.006508423015475271
v 0.0008848572033457458 -0.029336817562580116 -0.006508423015475271
v 0.0008848572033457458 -0.029336817562580116 -0.006508423015475271
v 0.0008848572033457458 -0.029336817562580116 -0.006508423015475271
v 0.0008848572033457458 -0.029336817562580116 -0.006508423015475271
v 0.008677841164171696 -0.028849886730313308 3.070068487431853e-05
v 0.008677841164171696 -0.028849886730313308 3.070068487431853e-05
v 0.008677841164171696 -0.028849886730313308 3.070068487431853e-05
v 0.008677841164171696 -0.028849886730313308 3.070068487431853e-05
v 0.008677841164171696 -0.028849886730313308 3.070068487431853e-05
v 0.008677841164171696 -0.028849886730313308 3.070068487431853e-05
v 0.008677841164171696 -0.028849886730313308 3.070068487431853e-05
v 0.008677841164171696 -0.028849886730313308 3.070068487431853e-05
v 0.008677841164171696 -0.028849886730313308 3.070068487431853e-05
v 0.008677841164171696 -0.028849886730313308 3.070068487431853e-05
v 0.008677841164171696 -0.028849886730313308 3.070068487431853e-05
v 0.008677841164171696 -0.028849886730313308 3.070068487431853e-05
v 0.009503616951406002 -0.028446337208151824 0.0015467834891751404
v 0.009503616951406002 -0.028446337208151824 0.0015467834891751404
v 0.009503616951406002 -0.028446337208151824 0.0015467834891751404
v 0.009503616951406002 -0.028446337208151824 0.0015467834891751404
v 0.009503616951406002 -0.028446337208151824 0.0015467834891751404
v 0.009020386263728142 -0.028516165912151344 0.001729003968648612
v 0.009020386263728142 -0.028516165912151344 0.001729003968648612
v 0.009020386263728142 -0.028516165912151344 0.001729003968648612
v 0.009020386263728142 -0.028516165912151344 0.001729003968648612
v -0.009637069888412952 -0.028540292754769332 0.02382486127316951
v -0.009637069888412952 -0.028540292754769332 0.02382486127316951
v -0.009637069888412952 -0.028540292754769332 0.02382486127316951
v -0.009637069888412952 -0.028540292754769332 0.02382486127316951
v -0.010605782270431519 -0.028849886730313308 0.023012025281786915
v -0.010605782270431519 -0.028849886730313308 0.023012025281786915
v -0.010605782270431519 -0.028849886730313308 0.023012025281786915
v -0.010605782270431519 -0.028849886730313308 0.023012025281786915
v -0.010605782270431519 -0.028849886730313308 0.023012025281786915
v 0.008618103340268135 -0.028540292754769332 0.0020692138932645317
v 0.008618103340268135 -0.028540292754769332 0.0020692138932645317
v 0.008618103340268135 -0.028540292754769332 0.0020692138932645317
v 0.008618103340268135 -0.028540292754769332 0.0020692138932645317
v 0.008913177996873856 -0.02852641604840756 0.0017978211399167772
v 0.008913177996873856 -0.02852641604840756 0.0017978211399167772
v 0.008913177996873856 -0.02852641604840756 0.0017978211399167772
v 0.008913177996873856 -0.02852641604840756 0.0017978211399167772
v 0.008913177996873856 -0.02852641604840756 0.0017978211399167772
v 0.011211853474378586 -0.027619475498795516 0.003422027686610817
v 0.011211853474378586 -0.027619475498795516 0.003422027686610817
v 0.011211853474378586 -0.027619475498795516 0.003422027686610817
v 0.011211853474378586 -0.027619475498795516 0.003422027686610817
v 0.011211853474378586 -0.027619475498795516 0.003422027686610817
v 0.011211853474378586 -0.027619475498795516 0.003422027686610817
v 0.011211853474378586 -0.027619475498795516 0.003422027686610817
v 0.011211853474378586 -0.027619475498795516 0.003422027686610817
v 0.011211853474378586 -0.027619475498795516 0.003422027686610817
v 0.0112608652561903 -0.02775597572326661 0.0027913819067180152
v 0.0112608652561903 -0.02775597572326661 0.0027913819067180152
v 0.0112608652561903 -0.02775597572326661 0.0027913819067180152
v 0.0112608652561903 -0.02775597572326661 0.0027913819067180152
v 0.0112608652561903 -0.02775597572326661 0.0027913819067180152
v 0.0112608652561903 -0.02775597572326661 0.0027913819067180152
v 0.0112608652561903 -0.02775597572326661 0.0027913819067180152
v 0.0112608652561903 -0.02775597572326661 0.0027913819067180152
v -0.005151764024049044 -0.026292715221643455 0.02758850157260894
v -0.005151764024049044 -0.026292715221643455 0.02758850157260894
v -0.005151764024049044 -0.026292715221643455 0.02758850157260894
v -0.005151764024049044 -0.026292715221643455 0.02758850157260894
v -0.005151764024049044 -0.026292715221643455 0.02758850157260894
v -0.007349296938627958 -0.027569929137825973 0.02574453875422477
v -0.007349296938627958 -0.027569929137825973 0.02574453875422477
v -0.007349296938627958 -0.027569929137825973 0.02574453875422477
v -0.007349296938627958 -0.027569929137825973 0.02574453875422477
v -0.007349296938627958 -0.027569929137825973 0.02574453875422477
v 0.013103409670293331 -0.026292715221643455 0.005832824856042861
v 0.013103409670293331 -0.026292715221643455 0.005832824856042861
v 0.013103409670293331 -0.026292715221643455 0.005832824856042861
v 0.013103409670293331 -0.026292715221643455 0.005832824856042861
v 0.01090586930513382 -0.027569929137825973 0.003988861106336116
v 0.01090586930513382 -0.027569929137825973 0.003988861106336116
v 0.01090586930513382 -0.027569929137825973 0.003988861106336116
v 0.01090586930513382 -0.027569929137825973 0.003988861106336116
v 0.01090586930513382 -0.027569929137825973 0.003988861106336116
v 0.01090586930513382 -0.027569929137825973 0.003988861106336116
v 0.013395401649177074 -0.02626841142773629 0.005558868870139121
v 0.013395401649177074 -0.02626841142773629 0.005558868870139121
v 0.013395401649177074 -0.02626841142773629 0.005558868870139121
v 0.013395401649177074 -0.02626841142773629 0.005558868870139121
v 0.013395401649177074 -0.02626841142773629 0.005558868870139121
v 0.013500336557626724 -0.02625051140785218 0.0054881288670003405
v 0.013500336557626724 -0.02625051140785218 0.0054881288670003405
v 0.013500336557626724 -0.02625051140785218 0.0054881288670003405
v 0.013500336557626724 -0.02625051140785218 0.0054881288670003405
v 0.013500336557626724 -0.02625051140785218 0.0054881288670003405
v 0.013968201354146004 -0.026129597797989852 0.005292999558150767
v 0.013968201354146004 -0.026129597797989852 0.005292999558150767
v 0.013968201354146004 -0.026129597797989852 0.005292999558150767
v 0.013968201354146004 -0.026129597797989852 0.005292999558150767
v 0.013968201354146004 -0.026129597797989852 0.005292999558150767
v 0.010684769600629807 -0.028115820139646537 0.0018452149815857406
v 0.010684769600629807 -0.028115820139646537 0.0018452149815857406
v 0.010684769600629807 -0.028115820139646537 0.0018452149815857406
v 0.010684769600629807 -0.028115820139646537 0.0018452149815857406
v 0.01013424713164568 -0.028302974998950965 0.0015644227387383576
v 0.01013424713164568 -0.028302974998950965 0.0015644227387383576
v 0.01013424713164568 -0.028302974998950965 0.0015644227387383576
v 0.01013424713164568 -0.028302974998950965 0.0015644227387383576
v 0.01013424713164568 -0.028302974998950965 0.0015644227387383576
v 0.009836426004767418 -0.02837828733026982 0.0015213928418233986
v 0.009836426004767418 -0.02837828733026982 0.0015213928418233986
v 0.009836426004767418 -0.02837828733026982 0.0015213928418233986
v 0.009836426004767418 -0.02837828733026982 0.0015213928418233986
v 0.009836426004767418 -0.02837828733026982 0.0015213928418233986
v 0.009836426004767418 -0.02837828733026982 0.0015213928418233986
v 0.0096243591979146 -0.028423471376299865 0.0015289612347260113
v 0.0096243591979146 -0.028423471376299865 0.0015289612347260113
v 0.0096243591979146 -0.028423471376299865 0.0015289612347260113
v 0.0096243591979146 -0.028423471376299865 0.0015289612347260113
v 0.011041320860385895 -0.027946326881647117 0.0022138978820294137
v 0.011041320860385895 -0.027946326881647117 0.0022138978820294137
v 0.011041320860385895 -0.027946326881647117 0.0022138978820294137
v 0.011041320860385895 -0.027946326881647117 0.0022138978820294137
v 0.011041320860385895 -0.027946326881647117 0.0022138978820294137
v 0.011041320860385895 -0.027946326881647117 0.0022138978820294137
v 0.010787002742290497 -0.028072450309991843 0.0019309998024255033
v 0.010787002742290497 -0.028072450309991843 0.0019309998024255033
v 0.010787002742290497 -0.028072450309991843 0.0019309998024255033
v 0.010787002742290497 -0.028072450309991843 0.0019309998024255033
v 0.010787002742290497 -0.028072450309991843 0.0019309998024255033
v 0.010787002742290497 -0.028072450309991843 0.0019309998024255033
v 0.010787002742290497 -0.028072450309991843 0.0019309998024255033
v 0.014047928154468536 -0.026102963835001 0.00527682527899742
v 0.014047928154468536 -0.026102963835001 0.00527682527899742
v 0.014047928154468536 -0.026102963835001 0.00527682527899742
v 0.014047928154468536 -0.026102963835001 0.00527682527899742
v 0.014047928154468536 -0.026102963835001 0.00527682527899742
v 0.01456773467361927 -0.025886569172143943 0.005284545943140983
v 0.01456773467361927 -0.025886569172143943 0.005284545943140983
v 0.01456773467361927 -0.025886569172143943 0.005284545943140983
v 0.01456773467361927 -0.025886569172143943 0.005284545943140983
v 0.01456773467361927 -0.025886569172143943 0.005284545943140983
v 0.01456773467361927 -0.025886569172143943 0.005284545943140983
v 0.015502686612308025 -0.02479811944067479 0.007022430654615162
v 0.015502686612308025 -0.02479811944067479 0.007022430654615162
v 0.015502686612308025 -0.02479811944067479 0.007022430654615162
v 0.015502686612308025 -0.02479811944067479 0.007022430654615162
v 0.015502686612308025 -0.02479811944067479 0.007022430654615162
v 0.015502686612308025 -0.02479811944067479 0.007022430654615162
v 0.021588440984487534 -0.024546511471271522 0.00036846924922429014
v 0.021588440984487534 -0.024546511471271522 0.00036846924922429014
v 0.021588440984487534 -0.024546511471271522 0.00036846924922429014
v 0.021588440984487534 -0.024546511471271522 0.00036846924922429014
v 0.021588440984487534 -0.024546511471271522 0.00036846924922429014
v 0.021588440984487534 -0.024546511471271522 0.00036846924922429014
v 0.021588440984487534 -0.024546511471271522 0.00036846924922429014
v 0.021588440984487534 -0.024546511471271522 0.00036846924922429014
v 0.021588440984487534 -0.024546511471271522 0.00036846924922429014
v 0.021588440984487534 -0.024546511471271522 0.00036846924922429014
v 0.015186631120741367 -0.024722633883357055 0.007580841425806282
v 0.015186631120741367 -0.024722633883357055 0.007580841425806282
v 0.015186631120741367 -0.024722633883357055 0.007580841425806282
v 0.015186631120741367 -0.024722633883357055 0.007580841425806282
v -0.003068534890189767 -0.024722633883357055 0.029336519539356225
v -0.003068534890189767 -0.024722633883357055 0.029336519539356225
v -0.003068534890189767 -0.024722633883357055 0.029336519539356225
v -0.003068534890189767 -0.024722633883357055 0.029336519539356225
v -0.003068534890189767 -0.024722633883357055 0.029336519539356225
v -0.003068534890189767 -0.024722633883357055 0.029336519539356225
v -0.003068534890189767 -0.024722633883357055 0.029336519539356225
v -0.003068534890189767 -0.024722633883357055 0.029336519539356225
v 0.015579590573906898 -0.02500811032950879 0.006415222305804489
v 0.015579590573906898 -0.02500811032950879 0.006415222305804489
v 0.015579590573906898 -0.02500811032950879 0.006415222305804489
v 0.015579590573906898 -0.02500811032950879 0.006415222305804489
v 0.015579590573906898 -0.02500811032950879 0.006415222305804489
v 0.015579590573906898 -0.02500811032950879 0.006415222305804489
v 0.015579590573906898 -0.02500811032950879 0.006415222305804489
v 0.015399384312331676 -0.025306446477770812 0.005870758555829523
v 0.015399384312331676 -0.025306446477770812 0.005870758555829523
v 0.015399384312331676 -0.025306446477770812 0.005870758555829523
v 0.015399384312331676 -0.025306446477770812 0.005870758555829523
v 0.015399384312331676 -0.025306446477770812 0.005870758555829523
v 0.01517146360129118 -0.025508122518658645 0.005610016174614429
v 0.01517146360129118 -0.025508122518658645 0.005610016174614429
v 0.01517146360129118 -0.025508122518658645 0.005610016174614429
v 0.01517146360129118 -0.025508122518658645 0.005610016174614429
v 0.01517146360129118 -0.025508122518658645 0.005610016174614429
v 0.01517146360129118 -0.025508122518658645 0.005610016174614429
v 0.015078354626893997 -0.025578293949365623 0.00553192151710391
v 0.015078354626893997 -0.025578293949365623 0.00553192151710391
v 0.015078354626893997 -0.025578293949365623 0.00553192151710391
v 0.015078354626893997 -0.025578293949365623 0.00553192151710391
v -0.0011224518530070782 -0.022876897826790813 0.03096948377788066
v -0.0011224518530070782 -0.022876897826790813 0.03096948377788066
v -0.0011224518530070782 -0.022876897826790813 0.03096948377788066
v -0.0011224518530070782 -0.022876897826790813 0.03096948377788066
v 0.017132721841335297 -0.022876897826790813 0.009213806129992006
v 0.017132721841335297 -0.022876897826790813 0.009213806129992006
v 0.017132721841335297 -0.022876897826790813 0.009213806129992006
v 0.017132721841335297 -0.022876897826790813 0.009213806129992006
v 0.017132721841335297 -0.022876897826790813 0.009213806129992006
v 0.017420044168829918 -0.022843232378363613 0.00893594417721033
v 0.017420044168829918 -0.022843232378363613 0.00893594417721033
v 0.017420044168829918 -0.022843232378363613 0.00893594417721033
v 0.017420044168829918 -0.022843232378363613 0.00893594417721033
v 0.017420044168829918 -0.022843232378363613 0.00893594417721033
v 0.017420044168829918 -0.022843232378363613 0.00893594417721033
v 0.0022747728507965803 -0.018442127853631977 0.03382010012865066
v 0.0022747728507965803 -0.018442127853631977 0.03382010012865066
v 0.0022747728507965803 -0.018442127853631977 0.03382010012865066
v 0.0022747728507965803 -0.018442127853631977 0.03382010012865066
v 0.0022747728507965803 -0.018442127853631977 0.03382010012865066
v 0.0006651840521954 -0.02077572047710419 0.032469484955072396
v 0.0006651840521954 -0.02077572047710419 0.032469484955072396
v 0.0006651840521954 -0.02077572047710419 0.032469484955072396
v 0.0006651840521954 -0.02077572047710419 0.032469484955072396
v 0.0006651840521954 -0.02077572047710419 0.032469484955072396
v 0.020594239234924316 -0.018442127853631977 0.011987823992967602
v 0.020594239234924316 -0.018442127853631977 0.011987823992967602
v 0.020594239234924316 -0.018442127853631977 0.011987823992967602
v 0.020594239234924316 -0.018442127853631977 0.011987823992967602
v 0.018920350819826126 -0.02077572047710419 0.010713806375861166
v 0.018920350819826126 -0.02077572047710419 0.010713806375861166
v 0.018920350819826126 -0.02077572047710419 0.010713806375861166
v 0.018920350819826126 -0.02077572047710419 0.010713806375861166
v 0.018920350819826126 -0.02077572047710419 0.010713806375861166
v 0.020752808079123497 -0.018427193164825443 0.011817627586424347
v 0.020752808079123497 -0.018427193164825443 0.011817627586424347
v 0.020752808079123497 -0.018427193164825443 0.011817627586424347
v 0.020752808079123497 -0.018427193164825443 0.011817627586424347
v 0.020752808079123497 -0.018427193164825443 0.011817627586424347
v 0.020752808079123497 -0.018427193164825443 0.011817627586424347
v 0.020752808079123497 -0.018427193164825443 0.011817627586424347
v 0.019250381737947464 -0.020873848348855976 0.010167145170271395
v 0.019250381737947464 -0.020873848348855976 0.010167145170271395
v 0.019250381737947464 -0.020873848348855976 0.010167145170271395
v 0.019250381737947464 -0.020873848348855976 0.010167145170271395
v 0.019250381737947464 -0.020873848348855976 0.010167145170271395
v 0.019250381737947464 -0.020873848348855976 0.010167145170271395
v 0.019250381737947464 -0.020873848348855976 0.010167145170271395
v 0.019366273656487465 -0.021148150786757473 0.009592621587216852
v 0.019366273656487465 -0.021148150786757473 0.009592621587216852
v 0.019366273656487465 -0.021148150786757473 0.009592621587216852
v 0.019366273656487465 -0.021148150786757473 0.009592621587216852
v 0.019366273656487465 -0.021148150786757473 0.009592621587216852
v 0.019366273656487465 -0.021148150786757473 0.009592621587216852
v 0.019366273656487465 -0.021148150786757473 0.009592621587216852
v 0.019366273656487465 -0.021148150786757473 0.009592621587216852
v 0.019241776317358017 -0.021541431546211246 0.009094879962503908
v 0.019241776317358017 -0.021541431546211246 0.009094879962503908
v 0.019241776317358017 -0.021541431546211246 0.009094879962503908
v 0.019241776317358017 -0.021541431546211246 0.009094879962503908
v 0.019241776317358017 -0.021541431546211246 0.009094879962503908
v 0.019241776317358017 -0.021541431546211246 0.009094879962503908
v 0.019051697105169296 -0.021809848025441173 0.008865936659276484
v 0.019051697105169296 -0.021809848025441173 0.008865936659276484
v 0.019051697105169296 -0.021809848025441173 0.008865936659276484
v 0.019051697105169296 -0.021809848025441173 0.008865936659276484
v 0.019051697105169296 -0.021809848025441173 0.008865936659276484
v 0.019051697105169296 -0.021809848025441173 0.008865936659276484
v 0.019051697105169296 -0.021809848025441173 0.008865936659276484
v 0.018971802666783333 -0.021903753280639652 0.008798859082162378
v 0.018971802666783333 -0.021903753280639652 0.008798859082162378
v 0.018971802666783333 -0.021903753280639652 0.008798859082162378
v 0.018971802666783333 -0.021903753280639652 0.008798859082162378
v 0.018519487231969833 -0.022319676354527477 0.008600433357059954
v 0.018519487231969833 -0.022319676354527477 0.008600433357059954
v 0.018519487231969833 -0.022319676354527477 0.008600433357059954
v 0.018519487231969833 -0.022319676354527477 0.008600433357059954
v 0.018519487231969833 -0.022319676354527477 0.008600433357059954
v 0.018519487231969833 -0.022319676354527477 0.008600433357059954
v 0.018074525520205498 -0.022597901523113254 0.008619446307420729
v 0.018074525520205498 -0.022597901523113254 0.008619446307420729
v 0.018074525520205498 -0.022597901523113254 0.008619446307420729
v 0.018074525520205498 -0.022597901523113254 0.008619446307420729
v 0.017966262996196747 -0.02265175059437752 0.008647766895592211
v 0.017966262996196747 -0.02265175059437752 0.008647766895592211
v 0.017966262996196747 -0.02265175059437752 0.008647766895592211
v 0.017966262996196747 -0.02265175059437752 0.008647766895592211
v 0.017966262996196747 -0.02265175059437752 0.008647766895592211
v 0.01771286129951477 -0.022757804021239284 0.008749756030738352
v 0.01771286129951477 -0.022757804021239284 0.008749756030738352
v 0.01771286129951477 -0.022757804021239284 0.008749756030738352
v 0.01771286129951477 -0.022757804021239284 0.008749756030738352
v 0.02179686166346073 -0.01631875336170197 0.012996949255466458
v 0.02179686166346073 -0.01631875336170197 0.012996949255466458
v 0.02179686166346073 -0.01631875336170197 0.012996949255466458
v 0.02179686166346073 -0.01631875336170197 0.012996949255466458
v 0.02179686166346073 -0.01631875336170197 0.012996949255466458
v 0.022128144279122353 -0.01643382385373116 0.012480988167226311
v 0.022128144279122353 -0.01643382385373116 0.012480988167226311
v 0.022128144279122353 -0.01643382385373116 0.012480988167226311
v 0.022128144279122353 -0.01643382385373116 0.012480988167226311
v 0.022128144279122353 -0.01643382385373116 0.012480988167226311
v 0.022128144279122353 -0.01643382385373116 0.012480988167226311
v 0.02225070260465145 -0.016638081520795826 0.012116913683712479
v 0.02225070260465145 -0.016638081520795826 0.012116913683712479
v 0.02225070260465145 -0.016638081520795826 0.012116913683712479
v 0.02225070260465145 -0.016638081520795826 0.012116913683712479
v 0.02225070260465145 -0.016638081520795826 0.012116913683712479
v 0.02227209508419037 -0.01675413548946381 0.011965760029852387
v 0.02227209508419037 -0.01675413548946381 0.011965760029852387
v 0.02227209508419037 -0.01675413548946381 0.011965760029852387
v 0.02227209508419037 -0.01675413548946381 0.011965760029852387
v 0.02227209508419037 -0.01675413548946381 0.011965760029852387
v 0.022249970585107803 -0.01703109405934811 0.011687225662171839
v 0.022249970585107803 -0.01703109405934811 0.011687225662171839
v 0.022249970585107803 -0.01703109405934811 0.011687225662171839
v 0.022249970585107803 -0.01703109405934811 0.011687225662171839
v 0.022249970585107803 -0.01703109405934811 0.011687225662171839
v 0.02219577133655548 -0.017211224883794788 0.011549530550837515
v 0.02219577133655548 -0.017211224883794788 0.011549530550837515
v 0.02219577133655548 -0.017211224883794788 0.011549530550837515
v 0.02219577133655548 -0.017211224883794788 0.011549530550837515
v 0.02219577133655548 -0.017211224883794788 0.011549530550837515
v 0.02219577133655548 -0.017211224883794788 0.011549530550837515
v 0.022111741825938225 -0.017397992312908176 0.011436585336923598
v 0.022111741825938225 -0.017397992312908176 0.011436585336923598
v 0.022111741825938225 -0.017397992312908176 0.011436585336923598
v 0.022111741825938225 -0.017397992312908176 0.011436585336923598
v 0.022111741825938225 -0.017397992312908176 0.011436585336923598
v 0.021724015474319458 -0.017876049503684047 0.011337189003825186
v 0.021724015474319458 -0.017876049503684047 0.011337189003825186
v 0.021724015474319458 -0.017876049503684047 0.011337189003825186
v 0.021724015474319458 -0.017876049503684047 0.011337189003825186
v 0.021724015474319458 -0.017876049503684047 0.011337189003825186
v 0.021399948745965958 -0.018140152096748356 0.011403046548366545
v 0.021399948745965958 -0.018140152096748356 0.011403046548366545
v 0.021399948745965958 -0.018140152096748356 0.011403046548366545
v 0.021399948745965958 -0.018140152096748356 0.011403046548366545
v 0.021399948745965958 -0.018140152096748356 0.011403046548366545
v 0.021399948745965958 -0.018140152096748356 0.011403046548366545
v 0.021237244829535484 -0.018241763114929203 0.011471711099147795
v 0.021237244829535484 -0.018241763114929203 0.011471711099147795
v 0.021237244829535484 -0.018241763114929203 0.011471711099147795
v 0.021237244829535484 -0.018241763114929203 0.011471711099147795
v 0.021237244829535484 -0.018241763114929203 0.011471711099147795
v 0.020935701206326485 -0.018378844484686855 0.011660370044410227
v 0.020935701206326485 -0.018378844484686855 0.011660370044410227
v 0.020935701206326485 -0.018378844484686855 0.011660370044410227
v 0.020935701206326485 -0.018378844484686855 0.011660370044410227
v 0.006534271407872438 -0.007701834198087456 0.03739422932267188
v 0.006534271407872438 -0.007701834198087456 0.03739422932267188
v 0.006534271407872438 -0.007701834198087456 0.03739422932267188
v 0.006534271407872438 -0.007701834198087456 0.03739422932267188
v 0.006534271407872438 -0.007701834198087456 0.03739422932267188
v 0.005869857966899872 -0.010313555598258974 0.03683670237660407
v 0.005869857966899872 -0.010313555598258974 0.03683670237660407
v 0.005869857966899872 -0.010313555598258974 0.03683670237660407
v 0.005869857966899872 -0.010313555598258974 0.03683670237660407
v 0.005869857966899872 -0.010313555598258974 0.03683670237660407
v 0.005869857966899872 -0.010313555598258974 0.03683670237660407
v 0.0241893008351326 -0.010313555598258974 0.015004456043243405
v 0.0241893008351326 -0.010313555598258974 0.015004456043243405
v 0.0241893008351326 -0.010313555598258974 0.015004456043243405
v 0.0241893008351326 -0.010313555598258974 0.015004456043243405
v 0.0241893008351326 -0.010313555598258974 0.015004456043243405
v 0.02454190142452717 -0.01044315565377474 0.014506317675113675
v 0.02454190142452717 -0.01044315565377474 0.014506317675113675
v 0.02454190142452717 -0.01044315565377474 0.014506317675113675
v 0.02454190142452717 -0.01044315565377474 0.014506317675113675
v 0.02454190142452717 -0.01044315565377474 0.014506317675113675
v 0.02454190142452717 -0.01044315565377474 0.014506317675113675
v 0.02470225654542446 -0.010673535056412222 0.014174011535942551
v 0.02470225654542446 -0.010673535056412222 0.014174011535942551
v 0.02470225654542446 -0.010673535056412222 0.014174011535942551
v 0.02470225654542446 -0.010673535056412222 0.014174011535942551
v 0.02470225654542446 -0.010673535056412222 0.014174011535942551
v 0.02474522590637207 -0.010804849676787855 0.01404080260545015
v 0.02474522590637207 -0.010804849676787855 0.01404080260545015
v 0.02474522590637207 -0.010804849676787855 0.01404080260545015
v 0.02474522590637207 -0.010804849676787855 0.01404080260545015
v 0.02474522590637207 -0.010804849676787855 0.01404080260545015
v 0.024774491786956787 -0.011118355207145216 0.01380557287484407
v 0.024774491786956787 -0.011118355207145216 0.01380557287484407
v 0.024774491786956787 -0.011118355207145216 0.01380557287484407
v 0.024774491786956787 -0.011118355207145216 0.01380557287484407
v 0.024774491786956787 -0.011118355207145216 0.01380557287484407
v 0.02475372515618801 -0.011323342099785806 0.013695801608264443
v 0.02475372515618801 -0.011323342099785806 0.013695801608264443
v 0.02475372515618801 -0.011323342099785806 0.013695801608264443
v 0.02475372515618801 -0.011323342099785806 0.013695801608264443
v 0.02475372515618801 -0.011323342099785806 0.013695801608264443
v 0.02475372515618801 -0.011323342099785806 0.013695801608264443
v 0.024704575538635254 -0.01153549086302519 0.013612244278192517
v 0.024704575538635254 -0.01153549086302519 0.013612244278192517
v 0.024704575538635254 -0.01153549086302519 0.013612244278192517
v 0.024704575538635254 -0.01153549086302519 0.013612244278192517
v 0.024704575538635254 -0.01153549086302519 0.013612244278192517
v 0.024704575538635254 -0.01153549086302519 0.013612244278192517
v 0.024405870586633682 -0.012082665227353576 0.013587525114417073
v 0.024405870586633682 -0.012082665227353576 0.013587525114417073
v 0.024405870586633682 -0.012082665227353576 0.013587525114417073
v 0.024405870586633682 -0.012082665227353576 0.013587525114417073
v 0.024405870586633682 -0.012082665227353576 0.013587525114417073
v 0.024405870586633682 -0.012082665227353576 0.013587525114417073
v 0.024405870586633682 -0.012082665227353576 0.013587525114417073
v 0.024131136015057564 -0.012386345304548744 0.013694764114916321
v 0.024131136015057564 -0.012386345304548744 0.013694764114916321
v 0.024131136015057564 -0.012386345304548744 0.013694764114916321
v 0.024131136015057564 -0.012386345304548744 0.013694764114916321
v 0.024131136015057564 -0.012386345304548744 0.013694764114916321
v 0.023987503722310066 -0.012503401376307014 0.013779328204691407
v 0.023987503722310066 -0.012503401376307014 0.013779328204691407
v 0.023987503722310066 -0.012503401376307014 0.013779328204691407
v 0.023987503722310066 -0.012503401376307014 0.013779328204691407
v 0.023987503722310066 -0.012503401376307014 0.013779328204691407
v 0.0237115491181612 -0.01266169268637896 0.013989593833684918
v 0.0237115491181612 -0.01266169268637896 0.013989593833684918
v 0.0237115491181612 -0.01266169268637896 0.013989593833684918
v 0.0237115491181612 -0.01266169268637896 0.013989593833684918
v 0.02353788912296295 -0.012717539444565776 0.01415429729968309
v 0.02353788912296295 -0.012717539444565776 0.01415429729968309
v 0.02353788912296295 -0.012717539444565776 0.01415429729968309
v 0.02353788912296295 -0.012717539444565776 0.01415429729968309
v 0.02353788912296295 -0.012717539444565776 0.01415429729968309
v 0.003477417165413499 -0.01631875336170197 0.034829225391149514
v 0.003477417165413499 -0.01631875336170197 0.034829225391149514
v 0.003477417165413499 -0.01631875336170197 0.034829225391149514
v 0.003477417165413499 -0.01631875336170197 0.034829225391149514
v 0.003477417165413499 -0.01631875336170197 0.034829225391149514
v 0.007336609065532684 -0.0017227745847776537 0.038067474961280816
v 0.007336609065532684 -0.0017227745847776537 0.038067474961280816
v 0.007336609065532684 -0.0017227745847776537 0.038067474961280816
v 0.007336609065532684 -0.0017227745847776537 0.038067474961280816
v 0.007336609065532684 -0.0017227745847776537 0.038067474961280816
v 0.007113327272236347 -0.00425555044785142 0.037880130112171166
v 0.007113327272236347 -0.00425555044785142 0.037880130112171166
v 0.007113327272236347 -0.00425555044785142 0.037880130112171166
v 0.007113327272236347 -0.00425555044785142 0.037880130112171166
v 0.007113327272236347 -0.00425555044785142 0.037880130112171166
v 0.02536848559975624 -0.00425555044785142 0.016124451532959935
v 0.02536848559975624 -0.00425555044785142 0.016124451532959935
v 0.02536848559975624 -0.00425555044785142 0.016124451532959935
v 0.02536848559975624 -0.00425555044785142 0.016124451532959935
v 0.026102174073457718 -0.005868486594408752 0.014781983569264408
v 0.026102174073457718 -0.005868486594408752 0.014781983569264408
v 0.026102174073457718 -0.005868486594408752 0.014781983569264408
v 0.026102174073457718 -0.005868486594408752 0.014781983569264408
v 0.02590649574995041 -0.006483608391135933 0.014798889867961403
v 0.02590649574995041 -0.006483608391135933 0.014798889867961403
v 0.02590649574995041 -0.006483608391135933 0.014798889867961403
v 0.02590649574995041 -0.006483608391135933 0.014798889867961403
v 0.02590649574995041 -0.006483608391135933 0.014798889867961403
v 0.02590649574995041 -0.006483608391135933 0.014798889867961403
v 0.02575712651014328 -0.0043928814120590695 0.015626924112439152
v 0.02575712651014328 -0.0043928814120590695 0.015626924112439152
v 0.02575712651014328 -0.0043928814120590695 0.015626924112439152
v 0.02575712651014328 -0.0043928814120590695 0.015626924112439152
v 0.02575712651014328 -0.0043928814120590695 0.015626924112439152
v 0.02575712651014328 -0.0043928814120590695 0.015626924112439152
v 0.026037568226456642 -0.004779674578458072 0.015190522186458107
v 0.026037568226456642 -0.004779674578458072 0.015190522186458107
v 0.026037568226456642 -0.004779674578458072 0.015190522186458107
v 0.026037568226456642 -0.004779674578458072 0.015190522186458107
v 0.026037568226456642 -0.004779674578458072 0.015190522186458107
v 0.026037568226456642 -0.004779674578458072 0.015190522186458107
v 0.026037568226456642 -0.004779674578458072 0.015190522186458107
v 0.02615092508494854 -0.005341962911188603 0.014892335049808022
v 0.02615092508494854 -0.005341962911188603 0.014892335049808022
v 0.02615092508494854 -0.005341962911188603 0.014892335049808022
v 0.02615092508494854 -0.005341962911188603 0.014892335049808022
v 0.02615092508494854 -0.005341962911188603 0.014892335049808022
v 0.02615092508494854 -0.005341962911188603 0.014892335049808022
v 0.02612452767789364 -0.005731212906539441 0.014800720848143097
v 0.02612452767789364 -0.005731212906539441 0.014800720848143097
v 0.02612452767789364 -0.005731212906539441 0.014800720848143097
v 0.02612452767789364 -0.005731212906539441 0.014800720848143097
v 0.025634873658418655 -0.00690187467262149 0.014963349327445027
v 0.025634873658418655 -0.00690187467262149 0.014963349327445027
v 0.025634873658418655 -0.00690187467262149 0.014963349327445027
v 0.025634873658418655 -0.00690187467262149 0.014963349327445027
v 0.02556033432483673 -0.006983480881899597 0.015019989572465416
v 0.02556033432483673 -0.006983480881899597 0.015019989572465416
v 0.02556033432483673 -0.006983480881899597 0.015019989572465416
v 0.02556033432483673 -0.006983480881899597 0.015019989572465416
v 0.02556033432483673 -0.006983480881899597 0.015019989572465416
v 0.0252203531563282 -0.007237527985125782 0.015322388149797913
v 0.0252203531563282 -0.007237527985125782 0.015322388149797913
v 0.0252203531563282 -0.007237527985125782 0.015322388149797913
v 0.0252203531563282 -0.007237527985125782 0.015322388149797913
v 0.006613189820200205 -0.007327087689191105 0.03746045008301734
v 0.006613189820200205 -0.007327087689191105 0.03746045008301734
v 0.006613189820200205 -0.007327087689191105 0.03746045008301734
v 0.006613189820200205 -0.007327087689191105 0.03746045008301734
v 0.02486836351454258 -0.007327087689191105 0.01570477336645126
v 0.02486836351454258 -0.007327087689191105 0.01570477336645126
v 0.02486836351454258 -0.007327087689191105 0.01570477336645126
v 0.02486836351454258 -0.007327087689191105 0.01570477336645126
v 0.02486836351454258 -0.007327087689191105 0.01570477336645126
v 0.025134461000561714 -0.007275463547557594 0.015409119427204129
v 0.025134461000561714 -0.007275463547557594 0.015409119427204129
v 0.025134461000561714 -0.007275463547557594 0.015409119427204129
v 0.025134461000561714 -0.007275463547557594 0.015409119427204129
v 0.025134461000561714 -0.007275463547557594 0.015409119427204129
v 0.0253012552857399 0.008067618124186994 0.015244415961205956
v 0.0253012552857399 0.008067618124186994 0.015244415961205956
v 0.0253012552857399 0.008067618124186994 0.015244415961205956
v 0.0253012552857399 0.008067618124186994 0.015244415961205956
v 0.0253012552857399 0.008067618124186994 0.015244415961205956
v 0.0253012552857399 0.008067618124186994 0.015244415961205956
v 0.02486836351454258 0.008202055469155313 0.01570477336645126
v 0.02486836351454258 0.008202055469155313 0.01570477336645126
v 0.02486836351454258 0.008202055469155313 0.01570477336645126
v 0.02486836351454258 0.008202055469155313 0.01570477336645126
v 0.006131576839834452 0.010252260603010656 0.03705633804202079
v 0.006131576839834452 0.010252260603010656 0.03705633804202079
v 0.006131576839834452 0.010252260603010656 0.03705633804202079
v 0.006131576839834452 0.010252260603010656 0.03705633804202079
v 0.006131576839834452 0.010252260603010656 0.03705633804202079
v 0.006613189820200205 0.008202055469155313 0.03746045008301734
v 0.006613189820200205 0.008202055469155313 0.03746045008301734
v 0.006613189820200205 0.008202055469155313 0.03746045008301734
v 0.006613189820200205 0.008202055469155313 0.03746045008301734
v 0.006613189820200205 0.008202055469155313 0.03746045008301734
v 0.025706574320793152 0.007687540259212257 0.014912750571966168
v 0.025706574320793152 0.007687540259212257 0.014912750571966168
v 0.025706574320793152 0.007687540259212257 0.014912750571966168
v 0.025706574320793152 0.007687540259212257 0.014912750571966168
v 0.025706574320793152 0.007687540259212257 0.014912750571966168
v 0.025706574320793152 0.007687540259212257 0.014912750571966168
v 0.025706574320793152 0.007687540259212257 0.014912750571966168
v 0.02600204572081566 0.007131224032491447 0.014767426066100594
v 0.02600204572081566 0.007131224032491447 0.014767426066100594
v 0.02600204572081566 0.007131224032491447 0.014767426066100594
v 0.02600204572081566 0.007131224032491447 0.014767426066100594
v 0.02600204572081566 0.007131224032491447 0.014767426066100594
v 0.02600204572081566 0.007131224032491447 0.014767426066100594
v 0.026102174073457718 0.00674345623701811 0.014781983569264408
v 0.026102174073457718 0.00674345623701811 0.014781983569264408
v 0.026102174073457718 0.00674345623701811 0.014781983569264408
v 0.026102174073457718 0.00674345623701811 0.014781983569264408
v 0.026102174073457718 0.00674345623701811 0.014781983569264408
v 0.02612452767789364 0.0066061806865036505 0.014800720848143097
v 0.02612452767789364 0.0066061806865036505 0.014800720848143097
v 0.02612452767789364 0.0066061806865036505 0.014800720848143097
v 0.02612452767789364 0.0066061806865036505 0.014800720848143097
v 0.026129717007279396 0.005987688433378937 0.014986176043748852
v 0.026129717007279396 0.005987688433378937 0.014986176043748852
v 0.026129717007279396 0.005987688433378937 0.014986176043748852
v 0.026129717007279396 0.005987688433378937 0.014986176043748852
v 0.026129717007279396 0.005987688433378937 0.014986176043748852
v 0.026129717007279396 0.005987688433378937 0.014986176043748852
v 0.025995194911956787 0.005563955754041673 0.015265717171132561
v 0.025995194911956787 0.005563955754041673 0.015265717171132561
v 0.025995194911956787 0.005563955754041673 0.015265717171132561
v 0.025995194911956787 0.005563955754041673 0.015265717171132561
v 0.025947464630007744 0.005480981897562743 0.015344788320362564
v 0.025947464630007744 0.005480981897562743 0.015344788320362564
v 0.025947464630007744 0.005480981897562743 0.015344788320362564
v 0.025947464630007744 0.005480981897562743 0.015344788320362564
v 0.025947464630007744 0.005480981897562743 0.015344788320362564
v 0.025691010057926178 0.005222036503255368 0.01571731641888618
v 0.025691010057926178 0.005222036503255368 0.01571731641888618
v 0.025691010057926178 0.005222036503255368 0.01571731641888618
v 0.025691010057926178 0.005222036503255368 0.01571731641888618
v 0.025617584586143494 0.005183286964893342 0.0158145148307085
v 0.025617584586143494 0.005183286964893342 0.0158145148307085
v 0.025617584586143494 0.005183286964893342 0.0158145148307085
v 0.025617584586143494 0.005183286964893342 0.0158145148307085
v 0.025617584586143494 0.005183286964893342 0.0158145148307085
v 0.02360031194984913 0.013933119364082817 0.013817169703543183
v 0.02360031194984913 0.013933119364082817 0.013817169703543183
v 0.02360031194984913 0.013933119364082817 0.013817169703543183
v 0.02360031194984913 0.013933119364082817 0.013817169703543183
v 0.02360031194984913 0.013933119364082817 0.013817169703543183
v 0.02360031194984913 0.013933119364082817 0.013817169703543183
v 0.023146621882915497 0.014057200402021412 0.014260071329772469
v 0.023146621882915497 0.014057200402021412 0.014260071329772469
v 0.023146621882915497 0.014057200402021412 0.014260071329772469
v 0.023146621882915497 0.014057200402021412 0.014260071329772469
v 0.004173568915575743 0.01575797982513905 0.03541336208581924
v 0.004173568915575743 0.01575797982513905 0.03541336208581924
v 0.004173568915575743 0.01575797982513905 0.03541336208581924
v 0.004173568915575743 0.01575797982513905 0.03541336208581924
v 0.004173568915575743 0.01575797982513905 0.03541336208581924
v 0.004891449119895697 0.014057200402021412 0.036015748977661126
v 0.004891449119895697 0.014057200402021412 0.036015748977661126
v 0.004891449119895697 0.014057200402021412 0.036015748977661126
v 0.004891449119895697 0.014057200402021412 0.036015748977661126
v 0.024064529687166214 0.013581579551100734 0.013534943573176857
v 0.024064529687166214 0.013581579551100734 0.013534943573176857
v 0.024064529687166214 0.013581579551100734 0.013534943573176857
v 0.024064529687166214 0.013581579551100734 0.013534943573176857
v 0.024064529687166214 0.013581579551100734 0.013534943573176857
v 0.024064529687166214 0.013581579551100734 0.013534943573176857
v 0.024064529687166214 0.013581579551100734 0.013534943573176857
v 0.0244463961571455 0.013065058737993244 0.013462067581713196
v 0.0244463961571455 0.013065058737993244 0.013462067581713196
v 0.0244463961571455 0.013065058737993244 0.013462067581713196
v 0.0244463961571455 0.013065058737993244 0.013462067581713196
v 0.0244463961571455 0.013065058737993244 0.013462067581713196
v 0.0244463961571455 0.013065058737993244 0.013462067581713196
v 0.024606842547655106 0.012703654356300834 0.013527252711355683
v 0.024606842547655106 0.012703654356300834 0.013527252711355683
v 0.024606842547655106 0.012703654356300834 0.013527252711355683
v 0.024606842547655106 0.012703654356300834 0.013527252711355683
v 0.024606842547655106 0.012703654356300834 0.013527252711355683
v 0.0246505755931139 0.012575445696711544 0.013563934713602063
v 0.0246505755931139 0.012575445696711544 0.013563934713602063
v 0.0246505755931139 0.012575445696711544 0.013563934713602063
v 0.0246505755931139 0.012575445696711544 0.013563934713602063
v 0.024752214550971985 0.01199608109891415 0.013830322772264477
v 0.024752214550971985 0.01199608109891415 0.013830322772264477
v 0.024752214550971985 0.01199608109891415 0.013830322772264477
v 0.024752214550971985 0.01199608109891415 0.013830322772264477
v 0.024752214550971985 0.01199608109891415 0.013830322772264477
v 0.024752214550971985 0.01199608109891415 0.013830322772264477
v 0.024683885276317596 0.011597540229558946 0.014165406115353104
v 0.024683885276317596 0.011597540229558946 0.014165406115353104
v 0.024683885276317596 0.011597540229558946 0.014165406115353104
v 0.024683885276317596 0.011597540229558946 0.014165406115353104
v 0.02464914135634899 0.011519342660903932 0.01425537187606096
v 0.02464914135634899 0.011519342660903932 0.01425537187606096
v 0.02464914135634899 0.011519342660903932 0.01425537187606096
v 0.02464914135634899 0.011519342660903932 0.01425537187606096
v 0.02464914135634899 0.011519342660903932 0.01425537187606096
v 0.02443319745361805 0.011274996213614942 0.014661866240203377
v 0.02443319745361805 0.011274996213614942 0.014661866240203377
v 0.02443319745361805 0.011274996213614942 0.014661866240203377
v 0.02443319745361805 0.011274996213614942 0.014661866240203377
v 0.005869857966899872 0.011188524775207044 0.03683670237660407
v 0.005869857966899872 0.011188524775207044 0.03683670237660407
v 0.005869857966899872 0.011188524775207044 0.03683670237660407
v 0.005869857966899872 0.011188524775207044 0.03683670237660407
v 0.02412501722574234 0.011188524775207044 0.015081055462360379
v 0.02412501722574234 0.011188524775207044 0.015081055462360379
v 0.02412501722574234 0.011188524775207044 0.015081055462360379
v 0.02412501722574234 0.011188524775207044 0.015081055462360379
v 0.0243658609688282 0.011238390579819681 0.014764160849153992
v 0.0243658609688282 0.011238390579819681 0.014764160849153992
v 0.0243658609688282 0.011238390579819681 0.014764160849153992
v 0.0243658609688282 0.011238390579819681 0.014764160849153992
v 0.0243658609688282 0.011238390579819681 0.014764160849153992
v 0.02100236527621746 0.019208796322345737 0.011637207120656965
v 0.02100236527621746 0.019208796322345737 0.011637207120656965
v 0.02100236527621746 0.019208796322345737 0.011637207120656965
v 0.02100236527621746 0.019208796322345737 0.011637207120656965
v 0.02100236527621746 0.019208796322345737 0.011637207120656965
v 0.02100236527621746 0.019208796322345737 0.011637207120656965
v 0.028429429978132248 0.020636472851037983 0.0008871155441738663
v 0.028429429978132248 0.020636472851037983 0.0008871155441738663
v 0.028429429978132248 0.020636472851037983 0.0008871155441738663
v 0.028429429978132248 0.020636472851037983 0.0008871155441738663
v 0.028429429978132248 0.020636472851037983 0.0008871155441738663
v 0.028429429978132248 0.020636472851037983 0.0008871155441738663
v 0.028429429978132248 0.020636472851037983 0.0008871155441738663
v 0.028429429978132248 0.020636472851037983 0.0008871155441738663
v 0.028429429978132248 0.020636472851037983 0.0008871155441738663
v 0.028429429978132248 0.020636472851037983 0.0008871155441738663
v 0.028429429978132248 0.020636472851037983 0.0008871155441738663
v 0.028429429978132248 0.020636472851037983 0.0008871155441738663
v 0.028429429978132248 0.020636472851037983 0.0008871155441738663
v 0.028429429978132248 0.020636472851037983 0.0008871155441738663
v 0.028429429978132248 0.020636472851037983 0.0008871155441738663
v 0.028429429978132248 0.020636472851037983 0.0008871155441738663
v 0.028429429978132248 0.020636472851037983 0.0008871155441738663
v 0.02052995376288891 0.019317096099257473 0.012064423412084576
v 0.02052995376288891 0.019317096099257473 0.012064423412084576
v 0.02052995376288891 0.019317096099257473 0.012064423412084576
v 0.02052995376288891 0.019317096099257473 0.012064423412084576
v 0.02052995376288891 0.019317096099257473 0.012064423412084576
v 0.0014066315488889813 0.020636472851037983 0.03309164568781852
v 0.0014066315488889813 0.020636472851037983 0.03309164568781852
v 0.0014066315488889813 0.020636472851037983 0.03309164568781852
v 0.0014066315488889813 0.020636472851037983 0.03309164568781852
v 0.0014066315488889813 0.020636472851037983 0.03309164568781852
v 0.0022747728507965803 0.019317096099257473 0.03382010012865066
v 0.0022747728507965803 0.019317096099257473 0.03382010012865066
v 0.0022747728507965803 0.019317096099257473 0.03382010012865066
v 0.0022747728507965803 0.019317096099257473 0.03382010012865066
v 0.0022747728507965803 0.019317096099257473 0.03382010012865066
v 0.021519653499126434 0.018901156261563305 0.01139953639358282
v 0.021519653499126434 0.018901156261563305 0.01139953639358282
v 0.021519653499126434 0.018901156261563305 0.01139953639358282
v 0.021519653499126434 0.018901156261563305 0.01139953639358282
v 0.021519653499126434 0.018901156261563305 0.01139953639358282
v 0.021519653499126434 0.018901156261563305 0.01139953639358282
v 0.021519653499126434 0.018901156261563305 0.01139953639358282
v 0.021979661658406258 0.018447006121277813 0.011392243206501005
v 0.021979661658406258 0.018447006121277813 0.011392243206501005
v 0.021979661658406258 0.018447006121277813 0.011392243206501005
v 0.021979661658406258 0.018447006121277813 0.011392243206501005
v 0.021979661658406258 0.018447006121277813 0.011392243206501005
v 0.021979661658406258 0.018447006121277813 0.011392243206501005
v 0.022447846829891205 0.017499309033155445 0.011896729469299313
v 0.022447846829891205 0.017499309033155445 0.011896729469299313
v 0.022447846829891205 0.017499309033155445 0.011896729469299313
v 0.022447846829891205 0.017499309033155445 0.011896729469299313
v 0.022447846829891205 0.017499309033155445 0.011896729469299313
v 0.022447846829891205 0.017499309033155445 0.011896729469299313
v 0.022258102893829346 0.018014227971434597 0.011556427925825117
v 0.022258102893829346 0.018014227971434597 0.011556427925825117
v 0.022258102893829346 0.018014227971434597 0.011556427925825117
v 0.022258102893829346 0.018014227971434597 0.011556427925825117
v 0.022258102893829346 0.018014227971434597 0.011556427925825117
v 0.022194916382431984 0.01812776550650597 0.011503388173878191
v 0.022194916382431984 0.01812776550650597 0.011503388173878191
v 0.022194916382431984 0.01812776550650597 0.011503388173878191
v 0.022194916382431984 0.01812776550650597 0.011503388173878191
v 0.02244027890264988 0.017143374308943752 0.012282776646316048
v 0.02244027890264988 0.017143374308943752 0.012282776646316048
v 0.02244027890264988 0.017143374308943752 0.012282776646316048
v 0.02244027890264988 0.017143374308943752 0.012282776646316048
v 0.022417450323700905 0.017073374241590503 0.012382782995700833
v 0.022417450323700905 0.017073374241590503 0.012382782995700833
v 0.022417450323700905 0.017073374241590503 0.012382782995700833
v 0.022417450323700905 0.017073374241590503 0.012382782995700833
v 0.022417450323700905 0.017073374241590503 0.012382782995700833
v 0.022238846868276596 0.01685430854558945 0.012820587493479248
v 0.022238846868276596 0.01685430854558945 0.012820587493479248
v 0.022238846868276596 0.01685430854558945 0.012820587493479248
v 0.022238846868276596 0.01685430854558945 0.012820587493479248
v 0.003688697936013341 0.01677665673196316 0.03500653058290481
v 0.003688697936013341 0.01677665673196316 0.03500653058290481
v 0.003688697936013341 0.01677665673196316 0.03500653058290481
v 0.003688697936013341 0.01677665673196316 0.03500653058290481
v 0.021943863481283188 0.01677665673196316 0.013250854797661301
v 0.021943863481283188 0.01677665673196316 0.013250854797661301
v 0.021943863481283188 0.01677665673196316 0.013250854797661301
v 0.021943863481283188 0.01677665673196316 0.013250854797661301
v 0.02217707969248295 0.01682144030928612 0.012927551753818985
v 0.02217707969248295 0.01682144030928612 0.012927551753818985
v 0.02217707969248295 0.01682144030928612 0.012927551753818985
v 0.02217707969248295 0.01682144030928612 0.012927551753818985
v 0.02217707969248295 0.01682144030928612 0.012927551753818985
v 0.017620911821722984 0.023664077743887908 0.00879983603954315
v 0.017620911821722984 0.023664077743887908 0.00879983603954315
v 0.017620911821722984 0.023664077743887908 0.00879983603954315
v 0.017620911821722984 0.023664077743887908 0.00879983603954315
v 0.017620911821722984 0.023664077743887908 0.00879983603954315
v 0.017620911821722984 0.023664077743887908 0.00879983603954315
v 0.02496684342622757 0.024688022211194045 -0.002018341096118092
v 0.02496684342622757 0.024688022211194045 -0.002018341096118092
v 0.02496684342622757 0.024688022211194045 -0.002018341096118092
v 0.02496684342622757 0.024688022211194045 -0.002018341096118092
v 0.02496684342622757 0.024688022211194045 -0.002018341096118092
v 0.02496684342622757 0.024688022211194045 -0.002018341096118092
v 0.02496684342622757 0.024688022211194045 -0.002018341096118092
v 0.02496684342622757 0.024688022211194045 -0.002018341096118092
v 0.02496684342622757 0.024688022211194045 -0.002018341096118092
v 0.02496684342622757 0.024688022211194045 -0.002018341096118092
v 0.02496684342622757 0.024688022211194045 -0.002018341096118092
v 0.02496684342622757 0.024688022211194045 -0.002018341096118092
v 0.02496684342622757 0.024688022211194045 -0.002018341096118092
v 0.02496684342622757 0.024688022211194045 -0.002018341096118092
v 0.02496684342622757 0.024688022211194045 -0.002018341096118092
v 0.02496684342622757 0.024688022211194045 -0.002018341096118092
v 0.017132721841335297 0.023751864209771163 0.009213806129992006
v 0.017132721841335297 0.023751864209771163 0.009213806129992006
v 0.017132721841335297 0.023751864209771163 0.009213806129992006
v 0.017132721841335297 0.023751864209771163 0.009213806129992006
v -0.002055954188108444 0.024688022211194045 0.030186189338564866
v -0.002055954188108444 0.024688022211194045 0.030186189338564866
v -0.002055954188108444 0.024688022211194045 0.030186189338564866
v -0.002055954188108444 0.024688022211194045 0.030186189338564866
v -0.002055954188108444 0.024688022211194045 0.030186189338564866
v -0.002055954188108444 0.024688022211194045 0.030186189338564866
v -0.0011224518530070782 0.023751864209771163 0.03096948377788066
v -0.0011224518530070782 0.023751864209771163 0.03096948377788066
v -0.0011224518530070782 0.023751864209771163 0.03096948377788066
v -0.0011224518530070782 0.023751864209771163 0.03096948377788066
v -0.0011224518530070782 0.023751864209771163 0.03096948377788066
v 0.018183136358857155 0.023413782939314846 0.008599854074418543
v 0.018183136358857155 0.023413782939314846 0.008599854074418543
v 0.018183136358857155 0.023413782939314846 0.008599854074418543
v 0.018183136358857155 0.023413782939314846 0.008599854074418543
v 0.018183136358857155 0.023413782939314846 0.008599854074418543
v 0.018183136358857155 0.023413782939314846 0.008599854074418543
v 0.018183136358857155 0.023413782939314846 0.008599854074418543
v 0.018709655851125717 0.023041849955916408 0.008648407645523546
v 0.018709655851125717 0.023041849955916408 0.008648407645523546
v 0.018709655851125717 0.023041849955916408 0.008648407645523546
v 0.018709655851125717 0.023041849955916408 0.008648407645523546
v 0.018709655851125717 0.023041849955916408 0.008648407645523546
v 0.018709655851125717 0.023041849955916408 0.008648407645523546
v 0.026130983605980873 0.023504793643951423 -0.0010415039723739026
v 0.026130983605980873 0.023504793643951423 -0.0010415039723739026
v 0.026130983605980873 0.023504793643951423 -0.0010415039723739026
v 0.026130983605980873 0.023504793643951423 -0.0010415039723739026
v 0.026130983605980873 0.023504793643951423 -0.0010415039723739026
v 0.018971802666783333 0.02277871966362 0.008798859082162378
v 0.018971802666783333 0.02277871966362 0.008798859082162378
v 0.018971802666783333 0.02277871966362 0.008798859082162378
v 0.018971802666783333 0.02277871966362 0.008798859082162378
v 0.018971802666783333 0.02277871966362 0.008798859082162378
v 0.019051697105169296 0.02268481813371182 0.008865936659276484
v 0.019051697105169296 0.02268481813371182 0.008865936659276484
v 0.019051697105169296 0.02268481813371182 0.008865936659276484
v 0.019051697105169296 0.02268481813371182 0.008865936659276484
v 0.019317353144288063 0.022256851196289066 0.00926992855966091
v 0.019317353144288063 0.022256851196289066 0.00926992855966091
v 0.019317353144288063 0.022256851196289066 0.00926992855966091
v 0.019317353144288063 0.022256851196289066 0.00926992855966091
v 0.019317353144288063 0.022256851196289066 0.00926992855966091
v 0.019317353144288063 0.022256851196289066 0.00926992855966091
v 0.01936241239309311 0.021959083154797557 0.009700134396553038
v 0.01936241239309311 0.021959083154797557 0.009700134396553038
v 0.01936241239309311 0.021959083154797557 0.009700134396553038
v 0.01936241239309311 0.021959083154797557 0.009700134396553038
v 0.0193499606102705 0.02190034091472626 0.009808838367462156
v 0.0193499606102705 0.02190034091472626 0.009808838367462156
v 0.0193499606102705 0.02190034091472626 0.009808838367462156
v 0.0193499606102705 0.02190034091472626 0.009808838367462156
v 0.0193499606102705 0.02190034091472626 0.009808838367462156
v 0.019203796982765198 0.02171612158417702 0.010273896157741545
v 0.019203796982765198 0.02171612158417702 0.010273896157741545
v 0.019203796982765198 0.02171612158417702 0.010273896157741545
v 0.019203796982765198 0.02171612158417702 0.010273896157741545
v 0.0006651840521954 0.021650686860084537 0.032469484955072396
v 0.0006651840521954 0.021650686860084537 0.032469484955072396
v 0.0006651840521954 0.021650686860084537 0.032469484955072396
v 0.0006651840521954 0.021650686860084537 0.032469484955072396
v 0.018920350819826126 0.021650686860084537 0.010713806375861166
v 0.018920350819826126 0.021650686860084537 0.010713806375861166
v 0.018920350819826126 0.021650686860084537 0.010713806375861166
v 0.018920350819826126 0.021650686860084537 0.010713806375861166
v 0.019146928563714027 0.021688437089324 0.010384979657828806
v 0.019146928563714027 0.021688437089324 0.010384979657828806
v 0.019146928563714027 0.021688437089324 0.010384979657828806
v 0.019146928563714027 0.021688437089324 0.010384979657828806
v 0.019146928563714027 0.021688437089324 0.010384979657828806
v 0.013603790663182735 0.027104247361421592 0.0054290774278342715
v 0.013603790663182735 0.027104247361421592 0.0054290774278342715
v 0.013603790663182735 0.027104247361421592 0.0054290774278342715
v 0.013603790663182735 0.027104247361421592 0.0054290774278342715
v 0.013603790663182735 0.027104247361421592 0.0054290774278342715
v 0.013603790663182735 0.027104247361421592 0.0054290774278342715
v 0.020950378850102425 0.027746750041842468 -0.005388519726693629
v 0.020950378850102425 0.027746750041842468 -0.005388519726693629
v 0.020950378850102425 0.027746750041842468 -0.005388519726693629
v 0.020950378850102425 0.027746750041842468 -0.005388519726693629
v 0.020950378850102425 0.027746750041842468 -0.005388519726693629
v 0.020950378850102425 0.027746750041842468 -0.005388519726693629
v 0.020950378850102425 0.027746750041842468 -0.005388519726693629
v 0.020950378850102425 0.027746750041842468 -0.005388519726693629
v 0.020950378850102425 0.027746750041842468 -0.005388519726693629
v 0.020950378850102425 0.027746750041842468 -0.005388519726693629
v 0.020950378850102425 0.027746750041842468 -0.005388519726693629
v 0.020950378850102425 0.027746750041842468 -0.005388519726693629
v 0.020950378850102425 0.027746750041842468 -0.005388519726693629
v 0.020950378850102425 0.027746750041842468 -0.005388519726693629
v 0.020950378850102425 0.027746750041842468 -0.005388519726693629
v 0.020950378850102425 0.027746750041842468 -0.005388519726693629
v 0.020950378850102425 0.027746750041842468 -0.005388519726693629
v 0.013103409670293331 0.0271676816046238 0.005832824856042861
v 0.013103409670293331 0.0271676816046238 0.005832824856042861
v 0.013103409670293331 0.0271676816046238 0.005832824856042861
v 0.013103409670293331 0.0271676816046238 0.005832824856042861
v -0.006072410847991705 0.027746750041842468 0.026815980672836297
v -0.006072410847991705 0.027746750041842468 0.026815980672836297
v -0.006072410847991705 0.027746750041842468 0.026815980672836297
v -0.006072410847991705 0.027746750041842468 0.026815980672836297
v -0.006072410847991705 0.027746750041842468 0.026815980672836297
v -0.005151764024049044 0.0271676816046238 0.02758850157260894
v -0.005151764024049044 0.0271676816046238 0.02758850157260894
v -0.005151764024049044 0.0271676816046238 0.02758850157260894
v -0.005151764024049044 0.0271676816046238 0.02758850157260894
v -0.005151764024049044 0.0271676816046238 0.02758850157260894
v 0.014200806617736816 0.02692223712801934 0.005258300807327031
v 0.014200806617736816 0.02692223712801934 0.005258300807327031
v 0.014200806617736816 0.02692223712801934 0.005258300807327031
v 0.014200806617736816 0.02692223712801934 0.005258300807327031
v 0.014200806617736816 0.02692223712801934 0.005258300807327031
v 0.014200806617736816 0.02692223712801934 0.005258300807327031
v 0.014200806617736816 0.02692223712801934 0.005258300807327031
v 0.014779297634959221 0.026648776605725295 0.005350403022021054
v 0.014779297634959221 0.026648776605725295 0.005350403022021054
v 0.014779297634959221 0.026648776605725295 0.005350403022021054
v 0.014779297634959221 0.026648776605725295 0.005350403022021054
v 0.014779297634959221 0.026648776605725295 0.005350403022021054
v 0.014779297634959221 0.026648776605725295 0.005350403022021054
v 0.023395096883177757 0.026056839153170593 -0.00333718885667622
v 0.023395096883177757 0.026056839153170593 -0.00333718885667622
v 0.023395096883177757 0.026056839153170593 -0.00333718885667622
v 0.023395096883177757 0.026056839153170593 -0.00333718885667622
v 0.023395096883177757 0.026056839153170593 -0.00333718885667622
v 0.023395096883177757 0.026056839153170593 -0.00333718885667622
v 0.023395096883177757 0.026056839153170593 -0.00333718885667622
v 0.015497528947889805 0.026060782372951515 0.006064727902412413
v 0.015497528947889805 0.026060782372951515 0.006064727902412413
v 0.015497528947889805 0.026060782372951515 0.006064727902412413
v 0.015497528947889805 0.026060782372951515 0.006064727902412413
v 0.015497528947889805 0.026060782372951515 0.006064727902412413
v 0.015497528947889805 0.026060782372951515 0.006064727902412413
v 0.01517146360129118 0.02638309076428414 0.005610016174614429
v 0.01517146360129118 0.02638309076428414 0.005610016174614429
v 0.01517146360129118 0.02638309076428414 0.005610016174614429
v 0.01517146360129118 0.02638309076428414 0.005610016174614429
v 0.01517146360129118 0.02638309076428414 0.005610016174614429
v 0.015078354626893997 0.02645326219499112 0.00553192151710391
v 0.015078354626893997 0.02645326219499112 0.00553192151710391
v 0.015078354626893997 0.02645326219499112 0.00553192151710391
v 0.015078354626893997 0.02645326219499112 0.00553192151710391
v 0.015584808774292469 0.025834193453192718 0.006530334707349537
v 0.015584808774292469 0.025834193453192718 0.006530334707349537
v 0.015584808774292469 0.025834193453192718 0.006530334707349537
v 0.015584808774292469 0.025834193453192718 0.006530334707349537
v 0.015580689534544945 0.025789275765419013 0.006646026857197283
v 0.015580689534544945 0.025789275765419013 0.006646026857197283
v 0.015580689534544945 0.025789275765419013 0.006646026857197283
v 0.015580689534544945 0.025789275765419013 0.006646026857197283
v 0.015580689534544945 0.025789275765419013 0.006646026857197283
v 0.015460754744708538 0.02564796060323716 0.007133117876946924
v 0.015460754744708538 0.02564796060323716 0.007133117876946924
v 0.015460754744708538 0.02564796060323716 0.007133117876946924
v 0.015460754744708538 0.02564796060323716 0.007133117876946924
v -0.003068534890189767 0.02559760212898255 0.029336519539356225
v -0.003068534890189767 0.02559760212898255 0.029336519539356225
v -0.003068534890189767 0.02559760212898255 0.029336519539356225
v -0.003068534890189767 0.02559760212898255 0.029336519539356225
v 0.015186631120741367 0.02559760212898255 0.007580841425806282
v 0.015186631120741367 0.02559760212898255 0.007580841425806282
v 0.015186631120741367 0.02559760212898255 0.007580841425806282
v 0.015186631120741367 0.02559760212898255 0.007580841425806282
v 0.015186631120741367 0.02559760212898255 0.007580841425806282
v 0.015407822094857693 0.025626663118600852 0.007247467525303362
v 0.015407822094857693 0.025626663118600852 0.007247467525303362
v 0.015407822094857693 0.025626663118600852 0.007247467525303362
v 0.015407822094857693 0.025626663118600852 0.007247467525303362
v 0.015407822094857693 0.025626663118600852 0.007247467525303362
v 0.008618103340268135 0.02941525913774968 0.0020692138932645317
v 0.008618103340268135 0.02941525913774968 0.0020692138932645317
v 0.008618103340268135 0.02941525913774968 0.0020692138932645317
v 0.008618103340268135 0.02941525913774968 0.0020692138932645317
v 0.00912651140242815 0.02937894687056542 0.001672210753895342
v 0.00912651140242815 0.02937894687056542 0.001672210753895342
v 0.00912651140242815 0.02937894687056542 0.001672210753895342
v 0.00912651140242815 0.02937894687056542 0.001672210753895342
v 0.00912651140242815 0.02937894687056542 0.001672210753895342
v 0.00912651140242815 0.02937894687056542 0.001672210753895342
v 0.016544464975595474 0.029687430709600456 -0.009085541591048239
v 0.016544464975595474 0.029687430709600456 -0.009085541591048239
v 0.016544464975595474 0.029687430709600456 -0.009085541591048239
v 0.016544464975595474 0.029687430709600456 -0.009085541591048239
v 0.016544464975595474 0.029687430709600456 -0.009085541591048239
v 0.016544464975595474 0.029687430709600456 -0.009085541591048239
v 0.016544464975595474 0.029687430709600456 -0.009085541591048239
v 0.016544464975595474 0.029687430709600456 -0.009085541591048239
v 0.016544464975595474 0.029687430709600456 -0.009085541591048239
v 0.016544464975595474 0.029687430709600456 -0.009085541591048239
v 0.016544464975595474 0.029687430709600456 -0.009085541591048239
v 0.016544464975595474 0.029687430709600456 -0.009085541591048239
v 0.016544464975595474 0.029687430709600456 -0.009085541591048239
v 0.016544464975595474 0.029687430709600456 -0.009085541591048239
v 0.016544464975595474 0.029687430709600456 -0.009085541591048239
v 0.016544464975595474 0.029687430709600456 -0.009085541591048239
v 0.016544464975595474 0.029687430709600456 -0.009085541591048239
v 0.009746704250574112 0.02927317842841149 0.0015208435943350192
v 0.009746704250574112 0.02927317842841149 0.0015208435943350192
v 0.009746704250574112 0.02927317842841149 0.0015208435943350192
v 0.009746704250574112 0.02927317842841149 0.0015208435943350192
v 0.009746704250574112 0.02927317842841149 0.0015208435943350192
v 0.009746704250574112 0.02927317842841149 0.0015208435943350192
v 0.009746704250574112 0.02927317842841149 0.0015208435943350192
v 0.010360336862504482 0.029110141098499305 0.0016424561617895956
v 0.010360336862504482 0.029110141098499305 0.0016424561617895956
v 0.010360336862504482 0.029110141098499305 0.0016424561617895956
v 0.010360336862504482 0.029110141098499305 0.0016424561617895956
v 0.010360336862504482 0.029110141098499305 0.0016424561617895956
v 0.010360336862504482 0.029110141098499305 0.0016424561617895956
v 0.017109040170907974 0.029509631916880615 -0.008611786179244517
v 0.017109040170907974 0.029509631916880615 -0.008611786179244517
v 0.017109040170907974 0.029509631916880615 -0.008611786179244517
v 0.017109040170907974 0.029509631916880615 -0.008611786179244517
v 0.017109040170907974 0.029509631916880615 -0.008611786179244517
v 0.010684769600629807 0.028990786522626884 0.0018452149815857406
v 0.010684769600629807 0.028990786522626884 0.0018452149815857406
v 0.010684769600629807 0.028990786522626884 0.0018452149815857406
v 0.010684769600629807 0.028990786522626884 0.0018452149815857406
v 0.010684769600629807 0.028990786522626884 0.0018452149815857406
v 0.010787002742290497 0.02894741855561734 0.0019309998024255033
v 0.010787002742290497 0.02894741855561734 0.0019309998024255033
v 0.010787002742290497 0.02894741855561734 0.0019309998024255033
v 0.010787002742290497 0.02894741855561734 0.0019309998024255033
v 0.011155335232615471 0.028744850307703025 0.0024211732670664783
v 0.011155335232615471 0.028744850307703025 0.0024211732670664783
v 0.011155335232615471 0.028744850307703025 0.0024211732670664783
v 0.011155335232615471 0.028744850307703025 0.0024211732670664783
v 0.011155335232615471 0.028744850307703025 0.0024211732670664783
v 0.011155335232615471 0.028744850307703025 0.0024211732670664783
v 0.011272568255662918 0.02859934605658055 0.00291195698082447
v 0.011272568255662918 0.02859934605658055 0.00291195698082447
v 0.011272568255662918 0.02859934605658055 0.00291195698082447
v 0.011272568255662918 0.02859934605658055 0.00291195698082447
v 0.011274399235844612 0.028570216149091728 0.003032654058188199
v 0.011274399235844612 0.028570216149091728 0.003032654058188199
v 0.011274399235844612 0.028570216149091728 0.003032654058188199
v 0.011274399235844612 0.028570216149091728 0.003032654058188199
v 0.011274399235844612 0.028570216149091728 0.003032654058188199
v 0.011173279024660587 0.02847797796130181 0.0035354921128600827
v 0.011173279024660587 0.02847797796130181 0.0035354921128600827
v 0.011173279024660587 0.02847797796130181 0.0035354921128600827
v 0.011173279024660587 0.02847797796130181 0.0035354921128600827
v -0.007349296938627958 0.02844489552080632 0.02574453875422477
v -0.007349296938627958 0.02844489552080632 0.02574453875422477
v -0.007349296938627958 0.02844489552080632 0.02574453875422477
v -0.007349296938627958 0.02844489552080632 0.02574453875422477
v -0.007349296938627958 0.02844489552080632 0.02574453875422477
v 0.01090586930513382 0.02844489552080632 0.003988861106336116
v 0.01090586930513382 0.02844489552080632 0.003988861106336116
v 0.01090586930513382 0.02844489552080632 0.003988861106336116
v 0.01090586930513382 0.02844489552080632 0.003988861106336116
v 0.01112318504601717 0.02846400439739228 0.003652252256870269
v 0.01112318504601717 0.02846400439739228 0.003652252256870269
v 0.01112318504601717 0.02846400439739228 0.003652252256870269
v 0.01112318504601717 0.02846400439739228 0.003652252256870269
v 0.01112318504601717 0.02846400439739228 0.003652252256870269
v -0.015093307942152023 0.030430613085627563 0.01924655213952064
v -0.015093307942152023 0.030430613085627563 0.01924655213952064
v -0.015093307942152023 0.030430613085627563 0.01924655213952064
v -0.015093307942152023 0.030430613085627563 0.01924655213952064
v -0.015093307942152023 0.030430613085627563 0.01924655213952064
v -0.013999992981553078 0.030366042628884322 0.020163910463452336
v -0.013999992981553078 0.030366042628884322 0.020163910463452336
v -0.013999992981553078 0.030366042628884322 0.020163910463452336
v -0.013999992981553078 0.030366042628884322 0.020163910463452336
v -0.013999992981553078 0.030366042628884322 0.020163910463452336
v 0.004319450352340937 0.030366042628884322 -0.0016683350550010796
v 0.004319450352340937 0.030366042628884322 -0.0016683350550010796
v 0.004319450352340937 0.030366042628884322 -0.0016683350550010796
v 0.004319450352340937 0.030366042628884322 -0.0016683350550010796
v 0.004319450352340937 0.030366042628884322 -0.0016683350550010796
v 0.004816574510186911 0.030356135219335563 -0.0020451662130653854
v 0.004816574510186911 0.030356135219335563 -0.0020451662130653854
v 0.004816574510186911 0.030356135219335563 -0.0020451662130653854
v 0.004816574510186911 0.030356135219335563 -0.0020451662130653854
v 0.004816574510186911 0.030356135219335563 -0.0020451662130653854
v 0.004816574510186911 0.030356135219335563 -0.0020451662130653854
v 0.01192948967218399 0.030430613085627563 -0.01295794732868671
v 0.01192948967218399 0.030430613085627563 -0.01295794732868671
v 0.01192948967218399 0.030430613085627563 -0.01295794732868671
v 0.01192948967218399 0.030430613085627563 -0.01295794732868671
v 0.01192948967218399 0.030430613085627563 -0.01295794732868671
v 0.01192948967218399 0.030430613085627563 -0.01295794732868671
v 0.01192948967218399 0.030430613085627563 -0.01295794732868671
v 0.01192948967218399 0.030430613085627563 -0.01295794732868671
v 0.01192948967218399 0.030430613085627563 -0.01295794732868671
v 0.01192948967218399 0.030430613085627563 -0.01295794732868671
v 0.01192948967218399 0.030430613085627563 -0.01295794732868671
v 0.01192948967218399 0.030430613085627563 -0.01295794732868671
v 0.01192948967218399 0.030430613085627563 -0.01295794732868671
v 0.0052356724627316 0.03033689036965371 -0.002160400385037064
v 0.0052356724627316 0.03033689036965371 -0.002160400385037064
v 0.0052356724627316 0.03033689036965371 -0.002160400385037064
v 0.0052356724627316 0.03033689036965371 -0.002160400385037064
v 0.0052356724627316 0.03033689036965371 -0.002160400385037064
v 0.005426849704235792 0.030324988067150123 -0.0021690675057470794
v 0.005426849704235792 0.030324988067150123 -0.0021690675057470794
v 0.005426849704235792 0.030324988067150123 -0.0021690675057470794
v 0.005426849704235792 0.030324988067150123 -0.0021690675057470794
v 0.005426849704235792 0.030324988067150123 -0.0021690675057470794
v 0.0058136750012636185 0.030293719843029983 -0.0021044616587460037
v 0.0058136750012636185 0.030293719843029983 -0.0021044616587460037
v 0.0058136750012636185 0.030293719843029983 -0.0021044616587460037
v 0.0058136750012636185 0.030293719843029983 -0.0021044616587460037
v 0.006028381641954184 0.03027117811143399 -0.002016510115936398
v 0.006028381641954184 0.03027117811143399 -0.002016510115936398
v 0.006028381641954184 0.03027117811143399 -0.002016510115936398
v 0.006028381641954184 0.03027117811143399 -0.002016510115936398
v 0.006028381641954184 0.03027117811143399 -0.002016510115936398
v 0.006028381641954184 0.03027117811143399 -0.002016510115936398
v 0.013578674755990505 0.030307017266750343 -0.011574158445000647
v 0.013578674755990505 0.030307017266750343 -0.011574158445000647
v 0.013578674755990505 0.030307017266750343 -0.011574158445000647
v 0.013578674755990505 0.030307017266750343 -0.011574158445000647
v 0.013578674755990505 0.030307017266750343 -0.011574158445000647
v 0.006225647404789925 0.03024593740701676 -0.0018934326944872733
v 0.006225647404789925 0.03024593740701676 -0.0018934326944872733
v 0.006225647404789925 0.03024593740701676 -0.0018934326944872733
v 0.006225647404789925 0.03024593740701676 -0.0018934326944872733
v 0.006225647404789925 0.03024593740701676 -0.0018934326944872733
v 0.006225647404789925 0.03024593740701676 -0.0018934326944872733
v 0.006569778546690941 0.030172416940331466 -0.0013787231873720882
v 0.006569778546690941 0.030172416940331466 -0.0013787231873720882
v 0.006569778546690941 0.030172416940331466 -0.0013787231873720882
v 0.006569778546690941 0.030172416940331466 -0.0013787231873720882
v 0.006569778546690941 0.030172416940331466 -0.0013787231873720882
v 0.006657531950622797 0.03012614324688912 -0.0009673157474026082
v 0.006657531950622797 0.03012614324688912 -0.0009673157474026082
v 0.006657531950622797 0.03012614324688912 -0.0009673157474026082
v 0.006657531950622797 0.03012614324688912 -0.0009673157474026082
v 0.006657531950622797 0.03012614324688912 -0.0009673157474026082
v 0.006657531950622797 0.03012614324688912 -0.0009673157474026082
v 0.006654724478721619 0.030107242986559875 -0.0007644653669558463
v 0.006654724478721619 0.030107242986559875 -0.0007644653669558463
v 0.006654724478721619 0.030107242986559875 -0.0007644653669558463
v 0.006654724478721619 0.030107242986559875 -0.0007644653669558463
v 0.006654724478721619 0.030107242986559875 -0.0007644653669558463
v 0.006570206023752689 0.030080752447247512 -0.00039367677527479817
v 0.006570206023752689 0.030080752447247512 -0.00039367677527479817
v 0.006570206023752689 0.030080752447247512 -0.00039367677527479817
v 0.006570206023752689 0.030080752447247512 -0.00039367677527479817
v 0.006464248988777399 0.030071135610342033 -0.0001719055289868265
v 0.006464248988777399 0.030071135610342033 -0.0001719055289868265
v 0.006464248988777399 0.030071135610342033 -0.0001719055289868265
v 0.006464248988777399 0.030071135610342033 -0.0001719055289868265
v 0.006464248988777399 0.030071135610342033 -0.0001719055289868265
v -0.009637069888412952 0.02941525913774968 0.02382486127316951
v -0.009637069888412952 0.02941525913774968 0.02382486127316951
v -0.009637069888412952 0.02941525913774968 0.02382486127316951
v -0.009637069888412952 0.02941525913774968 0.02382486127316951
v -0.009637069888412952 0.02941525913774968 0.02382486127316951
v 0.007294357754290104 0.029945880174636848 -0.01684729009866714
v 0.007294357754290104 0.029945880174636848 -0.01684729009866714
v 0.007294357754290104 0.029945880174636848 -0.01684729009866714
v 0.007294357754290104 0.029945880174636848 -0.01684729009866714
v 0.007294357754290104 0.029945880174636848 -0.01684729009866714
v 0.007294357754290104 0.029945880174636848 -0.01684729009866714
v 0.007294357754290104 0.029945880174636848 -0.01684729009866714
v 0.007294357754290104 0.029945880174636848 -0.01684729009866714
v 0.007294357754290104 0.029945880174636848 -0.01684729009866714
v 0.007294357754290104 0.029945880174636848 -0.01684729009866714
v 0.007294357754290104 0.029945880174636848 -0.01684729009866714
v 0.007294357754290104 0.029945880174636848 -0.01684729009866714
v 0.007294357754290104 0.029945880174636848 -0.01684729009866714
v 0.007294357754290104 0.029945880174636848 -0.01684729009866714
v 0.007294357754290104 0.029945880174636848 -0.01684729009866714
v 0.007294357754290104 0.029945880174636848 -0.01684729009866714
v -0.01972842589020729 0.029945880174636848 0.015357239171862599
v -0.01972842589020729 0.029945880174636848 0.015357239171862599
v -0.01972842589020729 0.029945880174636848 0.015357239171862599
v -0.01972842589020729 0.029945880174636848 0.015357239171862599
v -0.01972842589020729 0.029945880174636848 0.015357239171862599
v -0.0008607025374658406 0.030068133026361472 -0.006015014834702013
v -0.0008607025374658406 0.030068133026361472 -0.006015014834702013
v -0.0008607025374658406 0.030068133026361472 -0.006015014834702013
v -0.0008607025374658406 0.030068133026361472 -0.006015014834702013
v -0.0008607025374658406 0.030068133026361472 -0.006015014834702013
v -0.019180146977305412 0.030068133026361472 0.015817292034626004
v -0.019180146977305412 0.030068133026361472 0.015817292034626004
v -0.019180146977305412 0.030068133026361472 0.015817292034626004
v -0.019180146977305412 0.030068133026361472 0.015817292034626004
v -0.019180146977305412 0.030068133026361472 0.015817292034626004
v -0.00036454774090088904 0.03008955344557763 -0.0063927005976438505
v -0.00036454774090088904 0.03008955344557763 -0.0063927005976438505
v -0.00036454774090088904 0.03008955344557763 -0.0063927005976438505
v -0.00036454774090088904 0.03008955344557763 -0.0063927005976438505
v -0.00036454774090088904 0.03008955344557763 -0.0063927005976438505
v -0.00036454774090088904 0.03008955344557763 -0.0063927005976438505
v 5.291748311719857e-05 0.03012614324688912 -0.006509247235953806
v 5.291748311719857e-05 0.03012614324688912 -0.006509247235953806
v 5.291748311719857e-05 0.03012614324688912 -0.006509247235953806
v 5.291748311719857e-05 0.03012614324688912 -0.006509247235953806
v 5.291748311719857e-05 0.03012614324688912 -0.006509247235953806
v 0.00024358369410037994 0.030146148055791862 -0.006518554873764513
v 0.00024358369410037994 0.030146148055791862 -0.006518554873764513
v 0.00024358369410037994 0.030146148055791862 -0.006518554873764513
v 0.00024358369410037994 0.030146148055791862 -0.006518554873764513
v 0.00024358369410037994 0.030146148055791862 -0.006518554873764513
v 0.0006288147415034473 0.03019137121737004 -0.006455078255385159
v 0.0006288147415034473 0.03019137121737004 -0.006455078255385159
v 0.0006288147415034473 0.03019137121737004 -0.006455078255385159
v 0.0006288147415034473 0.03019137121737004 -0.006455078255385159
v 0.0008433914626948535 0.030218990519642837 -0.006367370951920746
v 0.0008433914626948535 0.030218990519642837 -0.006367370951920746
v 0.0008433914626948535 0.030218990519642837 -0.006367370951920746
v 0.0008433914626948535 0.030218990519642837 -0.006367370951920746
v 0.0008433914626948535 0.030218990519642837 -0.006367370951920746
v 0.0008433914626948535 0.030218990519642837 -0.006367370951920746
v 0.009772232733666897 0.030358599498867996 -0.014768128283321854
v 0.009772232733666897 0.030358599498867996 -0.014768128283321854
v 0.009772232733666897 0.030358599498867996 -0.014768128283321854
v 0.009772232733666897 0.030358599498867996 -0.014768128283321854
v 0.009772232733666897 0.030358599498867996 -0.014768128283321854
v 0.009772232733666897 0.030358599498867996 -0.014768128283321854
v 0.009772232733666897 0.030358599498867996 -0.014768128283321854
v 0.008866577409207821 0.030437484383583076 -0.010306457988917826
v 0.008866577409207821 0.030437484383583076 -0.010306457988917826
v 0.008866577409207821 0.030437484383583076 -0.010306457988917826
v 0.008866577409207821 0.030437484383583076 -0.010306457988917826
v 0.008866577409207821 0.030437484383583076 -0.010306457988917826
v 0.008866577409207821 0.030437484383583076 -0.010306457988917826
v 0.008866577409207821 0.030437484383583076 -0.010306457988917826
v 0.008866577409207821 0.030437484383583076 -0.010306457988917826
v 0.008866577409207821 0.030437484383583076 -0.010306457988917826
v 0.0010399628663435578 0.03024593740701676 -0.006244720891118048
v 0.0010399628663435578 0.03024593740701676 -0.006244720891118048
v 0.0010399628663435578 0.03024593740701676 -0.006244720891118048
v 0.0010399628663435578 0.03024593740701676 -0.006244720891118048
v 0.0010399628663435578 0.03024593740701676 -0.006244720891118048
v 0.0013854446588084102 0.030307609587907798 -0.005728912539780139
v 0.0013854446588084102 0.030307609587907798 -0.005728912539780139
v 0.0013854446588084102 0.030307609587907798 -0.005728912539780139
v 0.0013854446588084102 0.030307609587907798 -0.005728912539780139
v 0.0013854446588084102 0.030307609587907798 -0.005728912539780139
v 0.0013854446588084102 0.030307609587907798 -0.005728912539780139
v 0.0013854446588084102 0.030307609587907798 -0.005728912539780139
v 0.0014748001703992486 0.03033688664436341 -0.005316162481904029
v 0.0014748001703992486 0.03033688664436341 -0.005316162481904029
v 0.0014748001703992486 0.03033688664436341 -0.005316162481904029
v 0.0014748001703992486 0.03033688664436341 -0.005316162481904029
v 0.0014748001703992486 0.03033688664436341 -0.005316162481904029
v 0.0014727783855050802 0.030347213149070747 -0.005112762562930583
v 0.0014727783855050802 0.030347213149070747 -0.005112762562930583
v 0.0014727783855050802 0.030347213149070747 -0.005112762562930583
v 0.0014727783855050802 0.030347213149070747 -0.005112762562930583
v 0.0014727783855050802 0.030347213149070747 -0.005112762562930583
v 0.0013894577277824283 0.030360320582985885 -0.004740905947983264
v 0.0013894577277824283 0.030360320582985885 -0.004740905947983264
v 0.0013894577277824283 0.030360320582985885 -0.004740905947983264
v 0.0013894577277824283 0.030360320582985885 -0.004740905947983264
v 0.0012840500567108393 0.030364707112312324 -0.004518860019743442
v 0.0012840500567108393 0.030364707112312324 -0.004518860019743442
v 0.0012840500567108393 0.030364707112312324 -0.004518860019743442
v 0.0012840500567108393 0.030364707112312324 -0.004518860019743442
v 0.0012840500567108393 0.030364707112312324 -0.004518860019743442
v 0.001149292103946209 0.030366042628884322 -0.004328399896621703
v 0.001149292103946209 0.030366042628884322 -0.004328399896621703
v 0.001149292103946209 0.030366042628884322 -0.004328399896621703
v 0.001149292103946209 0.030366042628884322 -0.004328399896621703
v -0.015585076063871384 0.030437484383583076 0.01883389428257942
v -0.015585076063871384 0.030437484383583076 0.01883389428257942
v -0.015585076063871384 0.030437484383583076 0.01883389428257942
v -0.015585076063871384 0.030437484383583076 0.01883389428257942
v -0.015585076063871384 0.030437484383583076 0.01883389428257942
v -0.017170151695609093 0.030366042628884322 0.017503846436738964
v -0.017170151695609093 0.030366042628884322 0.017503846436738964
v -0.017170151695609093 0.030366042628884322 0.017503846436738964
v -0.017170151695609093 0.030366042628884322 0.017503846436738964
v -0.005060562398284674 0.02849444560706616 -0.01023217849433422
v -0.005060562398284674 0.02849444560706616 -0.01023217849433422
v -0.005060562398284674 0.02849444560706616 -0.01023217849433422
v -0.005060562398284674 0.02849444560706616 -0.01023217849433422
v -0.005060562398284674 0.02849444560706616 -0.01023217849433422
v -0.005060562398284674 0.02849444560706616 -0.01023217849433422
v 0.0028288881294429302 0.02825306728482247 -0.0205942690372467
v 0.0028288881294429302 0.02825306728482247 -0.0205942690372467
v 0.0028288881294429302 0.02825306728482247 -0.0205942690372467
v 0.0028288881294429302 0.02825306728482247 -0.0205942690372467
v 0.0028288881294429302 0.02825306728482247 -0.0205942690372467
v 0.0028288881294429302 0.02825306728482247 -0.0205942690372467
v 0.0028288881294429302 0.02825306728482247 -0.0205942690372467
v 0.0028288881294429302 0.02825306728482247 -0.0205942690372467
v 0.0028288881294429302 0.02825306728482247 -0.0205942690372467
v 0.0028288881294429302 0.02825306728482247 -0.0205942690372467
v 0.0028288881294429302 0.02825306728482247 -0.0205942690372467
v 0.0028288881294429302 0.02825306728482247 -0.0205942690372467
v 0.0028288881294429302 0.02825306728482247 -0.0205942690372467
v 0.0028288881294429302 0.02825306728482247 -0.0205942690372467
v 0.0028288881294429302 0.02825306728482247 -0.0205942690372467
v -0.005565674044191837 0.02844489552080632 -0.009832398034632204
v -0.005565674044191837 0.02844489552080632 -0.009832398034632204
v -0.005565674044191837 0.02844489552080632 -0.009832398034632204
v -0.005565674044191837 0.02844489552080632 -0.009832398034632204
v -0.024193909019231796 0.02825306728482247 0.011610230430960653
v -0.024193909019231796 0.02825306728482247 0.011610230430960653
v -0.024193909019231796 0.02825306728482247 0.011610230430960653
v -0.024193909019231796 0.02825306728482247 0.011610230430960653
v -0.024193909019231796 0.02825306728482247 0.011610230430960653
v -0.023820847272872925 0.02844489552080632 0.011923248879611489
v -0.023820847272872925 0.02844489552080632 0.011923248879611489
v -0.023820847272872925 0.02844489552080632 0.011923248879611489
v -0.023820847272872925 0.02844489552080632 0.011923248879611489
v -0.023820847272872925 0.02844489552080632 0.011923248879611489
v -0.004448021296411753 0.028630942106246955 -0.01038992404937744
v -0.004448021296411753 0.028630942106246955 -0.01038992404937744
v -0.004448021296411753 0.028630942106246955 -0.01038992404937744
v -0.004448021296411753 0.028630942106246955 -0.01038992404937744
v -0.004448021296411753 0.028630942106246955 -0.01038992404937744
v -0.004448021296411753 0.028630942106246955 -0.01038992404937744
v -0.004448021296411753 0.028630942106246955 -0.01038992404937744
v -0.0038411866407841444 0.028821296989917762 -0.01027401816099882
v -0.0038411866407841444 0.028821296989917762 -0.01027401816099882
v -0.0038411866407841444 0.028821296989917762 -0.01027401816099882
v -0.0038411866407841444 0.028821296989917762 -0.01027401816099882
v -0.0038411866407841444 0.028821296989917762 -0.01027401816099882
v -0.0038411866407841444 0.028821296989917762 -0.01027401816099882
v 0.0033898698166012764 0.028537841513752944 -0.020123535767197605
v 0.0033898698166012764 0.028537841513752944 -0.020123535767197605
v 0.0033898698166012764 0.028537841513752944 -0.020123535767197605
v 0.0033898698166012764 0.028537841513752944 -0.020123535767197605
v 0.0033898698166012764 0.028537841513752944 -0.020123535767197605
v -0.0035184479784220457 0.02894741855561734 -0.010072693228721617
v -0.0035184479784220457 0.02894741855561734 -0.010072693228721617
v -0.0035184479784220457 0.02894741855561734 -0.010072693228721617
v -0.0035184479784220457 0.02894741855561734 -0.010072693228721617
v -0.0035184479784220457 0.02894741855561734 -0.010072693228721617
v 0.0052357944659888744 0.02932440862059594 -0.018574647605419155
v 0.0052357944659888744 0.02932440862059594 -0.018574647605419155
v 0.0052357944659888744 0.02932440862059594 -0.018574647605419155
v 0.0052357944659888744 0.02932440862059594 -0.018574647605419155
v 0.0052357944659888744 0.02932440862059594 -0.018574647605419155
v 0.0052357944659888744 0.02932440862059594 -0.018574647605419155
v -0.003416206454858184 0.028990786522626884 -0.009986878372728823
v -0.003416206454858184 0.028990786522626884 -0.009986878372728823
v -0.003416206454858184 0.028990786522626884 -0.009986878372728823
v -0.003416206454858184 0.028990786522626884 -0.009986878372728823
v -0.003416206454858184 0.028990786522626884 -0.009986878372728823
v -0.003416206454858184 0.028990786522626884 -0.009986878372728823
v 0.005463867448270321 0.02940619923174382 -0.01838327199220657
v 0.005463867448270321 0.02940619923174382 -0.01838327199220657
v 0.005463867448270321 0.02940619923174382 -0.01838327199220657
v 0.005463867448270321 0.02940619923174382 -0.01838327199220657
v 0.00723533658310771 0.029931651428341872 -0.01689682155847549
v 0.00723533658310771 0.029931651428341872 -0.01689682155847549
v 0.00723533658310771 0.029931651428341872 -0.01689682155847549
v 0.00723533658310771 0.029931651428341872 -0.01689682155847549
v 0.00723533658310771 0.029931651428341872 -0.01689682155847549
v 0.00723533658310771 0.029931651428341872 -0.01689682155847549
v 0.00723533658310771 0.029931651428341872 -0.01689682155847549
v -0.0030440445989370346 0.02917794324457646 -0.009493499994277952
v -0.0030440445989370346 0.02917794324457646 -0.009493499994277952
v -0.0030440445989370346 0.02917794324457646 -0.009493499994277952
v -0.0030440445989370346 0.02917794324457646 -0.009493499994277952
v -0.0030440445989370346 0.02917794324457646 -0.009493499994277952
v -0.0030440445989370346 0.02917794324457646 -0.009493499994277952
v -0.0030440445989370346 0.02917794324457646 -0.009493499994277952
v -0.002920585684478283 0.02929843775928021 -0.00899749808013439
v -0.002920585684478283 0.02929843775928021 -0.00899749808013439
v -0.002920585684478283 0.02929843775928021 -0.00899749808013439
v -0.002920585684478283 0.02929843775928021 -0.00899749808013439
v -0.0029171754140406847 0.02932130731642247 -0.00887548830360174
v -0.0029171754140406847 0.02932130731642247 -0.00887548830360174
v -0.0029171754140406847 0.02932130731642247 -0.00887548830360174
v -0.0029171754140406847 0.02932130731642247 -0.00887548830360174
v -0.0029171754140406847 0.02932130731642247 -0.00887548830360174
v -0.0030127260833978653 0.02939113602042199 -0.008367981761693953
v -0.0030127260833978653 0.02939113602042199 -0.008367981761693953
v -0.0030127260833978653 0.02939113602042199 -0.008367981761693953
v -0.0030127260833978653 0.02939113602042199 -0.008367981761693953
v -0.02153308130800724 0.02941525913774968 0.013842926360666748
v -0.02153308130800724 0.02941525913774968 0.013842926360666748
v -0.02153308130800724 0.02941525913774968 0.013842926360666748
v -0.02153308130800724 0.02941525913774968 0.013842926360666748
v -0.003277915995568037 0.02941525913774968 -0.007912720553576945
v -0.003277915995568037 0.02941525913774968 -0.007912720553576945
v -0.003277915995568037 0.02941525913774968 -0.007912720553576945
v -0.003277915995568037 0.02941525913774968 -0.007912720553576945
v -0.0030618899036198854 0.029401386156678207 -0.008250458166003225
v -0.0030618899036198854 0.029401386156678207 -0.008250458166003225
v -0.0030618899036198854 0.029401386156678207 -0.008250458166003225
v -0.0030618899036198854 0.029401386156678207 -0.008250458166003225
v -0.0030618899036198854 0.029401386156678207 -0.008250458166003225
v -0.009351387619972229 0.025673087686300285 -0.013832611963152882
v -0.009351387619972229 0.025673087686300285 -0.013832611963152882
v -0.009351387619972229 0.025673087686300285 -0.013832611963152882
v -0.009351387619972229 0.025673087686300285 -0.013832611963152882
v -0.009351387619972229 0.025673087686300285 -0.013832611963152882
v -0.009351387619972229 0.025673087686300285 -0.013832611963152882
v -0.0038553010672330856 0.025421481579542167 -0.020981354638934132
v -0.0038553010672330856 0.025421481579542167 -0.020981354638934132
v -0.0038553010672330856 0.025421481579542167 -0.020981354638934132
v -0.0038553010672330856 0.025421481579542167 -0.020981354638934132
v -0.0038553010672330856 0.025421481579542167 -0.020981354638934132
v -0.0038553010672330856 0.025421481579542167 -0.020981354638934132
v -0.0038553010672330856 0.025421481579542167 -0.020981354638934132
v -0.0038553010672330856 0.025421481579542167 -0.020981354638934132
v -0.0038553010672330856 0.025421481579542167 -0.020981354638934132
v -0.0038553010672330856 0.025421481579542167 -0.020981354638934132
v -0.0038553010672330856 0.025421481579542167 -0.020981354638934132
v -0.0038553010672330856 0.025421481579542167 -0.020981354638934132
v -0.0038553010672330856 0.025421481579542167 -0.020981354638934132
v -0.0038553010672330856 0.025421481579542167 -0.020981354638934132
v -0.009846435859799385 0.02559760212898255 -0.013424377888441082
v -0.009846435859799385 0.02559760212898255 -0.013424377888441082
v -0.009846435859799385 0.02559760212898255 -0.013424377888441082
v -0.009846435859799385 0.02559760212898255 -0.013424377888441082
v -0.009846435859799385 0.02559760212898255 -0.013424377888441082
v -0.028306948021054268 0.025421481579542167 0.00815896689891815
v -0.028306948021054268 0.025421481579542167 0.00815896689891815
v -0.028306948021054268 0.025421481579542167 0.00815896689891815
v -0.028306948021054268 0.025421481579542167 0.00815896689891815
v -0.028306948021054268 0.025421481579542167 0.00815896689891815
v -0.028306948021054268 0.025421481579542167 0.00815896689891815
v -0.02810160256922245 0.02559760212898255 0.00833126902580261
v -0.02810160256922245 0.02559760212898255 0.00833126902580261
v -0.02810160256922245 0.02559760212898255 0.00833126902580261
v -0.02810160256922245 0.02559760212898255 0.00833126902580261
v -0.02810160256922245 0.02559760212898255 0.00833126902580261
v -0.008766739629209042 0.025883078575134284 -0.014013764448463913
v -0.008766739629209042 0.025883078575134284 -0.014013764448463913
v -0.008766739629209042 0.025883078575134284 -0.014013764448463913
v -0.008766739629209042 0.025883078575134284 -0.014013764448463913
v -0.008766739629209042 0.025883078575134284 -0.014013764448463913
v -0.008766739629209042 0.025883078575134284 -0.014013764448463913
v -0.008766739629209042 0.025883078575134284 -0.014013764448463913
v -0.008199256844818592 0.026181414723396308 -0.013930878601968285
v -0.008199256844818592 0.026181414723396308 -0.013930878601968285
v -0.008199256844818592 0.026181414723396308 -0.013930878601968285
v -0.008199256844818592 0.026181414723396308 -0.013930878601968285
v -0.008199256844818592 0.026181414723396308 -0.013930878601968285
v -0.007902909070253372 0.02638309076428414 -0.013751679100096222
v -0.007902909070253372 0.02638309076428414 -0.013751679100096222
v -0.007902909070253372 0.02638309076428414 -0.013751679100096222
v -0.007902909070253372 0.02638309076428414 -0.013751679100096222
v -0.007902909070253372 0.02638309076428414 -0.013751679100096222
v -0.007902909070253372 0.02638309076428414 -0.013751679100096222
v -0.007381782867014408 0.027004566043615348 -0.012621765956282612
v -0.007381782867014408 0.027004566043615348 -0.012621765956282612
v -0.007381782867014408 0.027004566043615348 -0.012621765956282612
v -0.007381782867014408 0.027004566043615348 -0.012621765956282612
v -0.007381782867014408 0.027004566043615348 -0.012621765956282612
v -0.007492683827877045 0.027125479653477676 -0.01212710607796907
v -0.007492683827877045 0.027125479653477676 -0.01212710607796907
v -0.007492683827877045 0.027125479653477676 -0.01212710607796907
v -0.007492683827877045 0.027125479653477676 -0.01212710607796907
v -0.026018381118774414 0.0271676816046238 0.010079315863549708
v -0.026018381118774414 0.0271676816046238 0.010079315863549708
v -0.026018381118774414 0.0271676816046238 0.010079315863549708
v -0.026018381118774414 0.0271676816046238 0.010079315863549708
v -0.026018381118774414 0.0271676816046238 0.010079315863549708
v -0.007763206958770752 0.0271676816046238 -0.011676331050693987
v -0.007763206958770752 0.0271676816046238 -0.011676331050693987
v -0.007763206958770752 0.0271676816046238 -0.011676331050693987
v -0.007763206958770752 0.0271676816046238 -0.011676331050693987
v -0.007544121239334345 0.027143377810716636 -0.012011474929749962
v -0.007544121239334345 0.027143377810716636 -0.012011474929749962
v -0.007544121239334345 0.027143377810716636 -0.012011474929749962
v -0.007544121239334345 0.027143377810716636 -0.012011474929749962
v -0.007544121239334345 0.027143377810716636 -0.012011474929749962
v -0.01309909112751484 0.02174881659448147 -0.016977295279502865
v -0.01309909112751484 0.02174881659448147 -0.016977295279502865
v -0.01309909112751484 0.02174881659448147 -0.016977295279502865
v -0.01309909112751484 0.02174881659448147 -0.016977295279502865
v -0.01309909112751484 0.02174881659448147 -0.016977295279502865
v -0.01309909112751484 0.02174881659448147 -0.016977295279502865
v -0.004876358434557915 0.02156704664230347 -0.0270597543567419
v -0.004876358434557915 0.02156704664230347 -0.0270597543567419
v -0.004876358434557915 0.02156704664230347 -0.0270597543567419
v -0.004876358434557915 0.02156704664230347 -0.0270597543567419
v -0.004876358434557915 0.02156704664230347 -0.0270597543567419
v -0.004876358434557915 0.02156704664230347 -0.0270597543567419
v -0.004876358434557915 0.02156704664230347 -0.0270597543567419
v -0.004876358434557915 0.02156704664230347 -0.0270597543567419
v -0.004876358434557915 0.02156704664230347 -0.0270597543567419
v -0.004876358434557915 0.02156704664230347 -0.0270597543567419
v -0.004876358434557915 0.02156704664230347 -0.0270597543567419
v -0.004876358434557915 0.02156704664230347 -0.0270597543567419
v -0.004876358434557915 0.02156704664230347 -0.0270597543567419
v -0.004876358434557915 0.02156704664230347 -0.0270597543567419
v -0.01358016300946474 0.021650686860084537 -0.016557343304157254
v -0.01358016300946474 0.021650686860084537 -0.016557343304157254
v -0.01358016300946474 0.021650686860084537 -0.016557343304157254
v -0.01358016300946474 0.021650686860084537 -0.016557343304157254
v -0.03189914673566818 0.02156704664230347 0.005144745111465453
v -0.03189914673566818 0.02156704664230347 0.005144745111465453
v -0.03189914673566818 0.02156704664230347 0.005144745111465453
v -0.03189914673566818 0.02156704664230347 0.005144745111465453
v -0.03189914673566818 0.02156704664230347 0.005144745111465453
v -0.03183532878756523 0.021650686860084537 0.00519830361008644
v -0.03183532878756523 0.021650686860084537 0.00519830361008644
v -0.03183532878756523 0.021650686860084537 0.00519830361008644
v -0.03183532878756523 0.021650686860084537 0.00519830361008644
v -0.03183532878756523 0.021650686860084537 0.00519830361008644
v -0.012553436681628227 0.022023120895028118 -0.01719119399785995
v -0.012553436681628227 0.022023120895028118 -0.01719119399785995
v -0.012553436681628227 0.022023120895028118 -0.01719119399785995
v -0.012553436681628227 0.022023120895028118 -0.01719119399785995
v -0.012553436681628227 0.022023120895028118 -0.01719119399785995
v -0.012553436681628227 0.022023120895028118 -0.01719119399785995
v -0.012553436681628227 0.022023120895028118 -0.01719119399785995
v -0.012041633948683739 0.022416399791836742 -0.017155030742287632
v -0.012041633948683739 0.022416399791836742 -0.017155030742287632
v -0.012041633948683739 0.022416399791836742 -0.017155030742287632
v -0.012041633948683739 0.022416399791836742 -0.017155030742287632
v -0.012041633948683739 0.022416399791836742 -0.017155030742287632
v -0.012041633948683739 0.022416399791836742 -0.017155030742287632
v -0.00423997500911355 0.022372657433152202 -0.026525758206844323
v -0.00423997500911355 0.022372657433152202 -0.026525758206844323
v -0.00423997500911355 0.022372657433152202 -0.026525758206844323
v -0.00423997500911355 0.022372657433152202 -0.026525758206844323
v -0.00423997500911355 0.022372657433152202 -0.026525758206844323
v -0.011783142574131489 0.02268481813371182 -0.017007600516080853
v -0.011783142574131489 0.02268481813371182 -0.017007600516080853
v -0.011783142574131489 0.02268481813371182 -0.017007600516080853
v -0.011783142574131489 0.02268481813371182 -0.017007600516080853
v -0.011783142574131489 0.02268481813371182 -0.017007600516080853
v -0.003262542886659503 0.02349719963967801 -0.025705598294734948
v -0.003262542886659503 0.02349719963967801 -0.025705598294734948
v -0.003262542886659503 0.02349719963967801 -0.025705598294734948
v -0.003262542886659503 0.02349719963967801 -0.025705598294734948
v -0.003262542886659503 0.02349719963967801 -0.025705598294734948
v -0.003262542886659503 0.02349719963967801 -0.025705598294734948
v -0.01170324720442295 0.02277871966362 -0.016940522938966748
v -0.01170324720442295 0.02277871966362 -0.016940522938966748
v -0.01170324720442295 0.02277871966362 -0.016940522938966748
v -0.01170324720442295 0.02277871966362 -0.016940522938966748
v -0.01170324720442295 0.02277871966362 -0.016940522938966748
v -0.002268753247335553 0.02451771497726441 -0.024871705099940293
v -0.002268753247335553 0.02451771497726441 -0.024871705099940293
v -0.002268753247335553 0.02451771497726441 -0.024871705099940293
v -0.002268753247335553 0.02451771497726441 -0.024871705099940293
v -0.002268753247335553 0.02451771497726441 -0.024871705099940293
v -0.002268753247335553 0.02451771497726441 -0.024871705099940293
v -0.01142929121851921 0.023194644600152973 -0.01652957312762737
v -0.01142929121851921 0.023194644600152973 -0.01652957312762737
v -0.01142929121851921 0.023194644600152973 -0.01652957312762737
v -0.01142929121851921 0.023194644600152973 -0.01652957312762737
v -0.01142929121851921 0.023194644600152973 -0.01652957312762737
v -0.01142929121851921 0.023194644600152973 -0.01652957312762737
v -0.01142929121851921 0.023194644600152973 -0.01652957312762737
v -0.01142929121851921 0.023194644600152973 -0.01652957312762737
v -0.0012841568095609546 0.025421481579542167 -0.0240455325692892
v -0.0012841568095609546 0.025421481579542167 -0.0240455325692892
v -0.0012841568095609546 0.025421481579542167 -0.0240455325692892
v -0.0012841568095609546 0.025421481579542167 -0.0240455325692892
v -0.0012841568095609546 0.025421481579542167 -0.0240455325692892
v -0.0012841568095609546 0.025421481579542167 -0.0240455325692892
v -0.000264663714915514 0.02625671401619912 -0.023190096020698544
v -0.000264663714915514 0.02625671401619912 -0.023190096020698544
v -0.000264663714915514 0.02625671401619912 -0.023190096020698544
v -0.000264663714915514 0.02625671401619912 -0.023190096020698544
v -0.000264663714915514 0.02625671401619912 -0.023190096020698544
v -0.000264663714915514 0.02625671401619912 -0.023190096020698544
v 0.0008408584981225431 0.027057815343141563 -0.02226242236793041
v 0.0008408584981225431 0.027057815343141563 -0.02226242236793041
v 0.0008408584981225431 0.027057815343141563 -0.02226242236793041
v 0.0008408584981225431 0.027057815343141563 -0.02226242236793041
v 0.0008408584981225431 0.027057815343141563 -0.02226242236793041
v 0.0008408584981225431 0.027057815343141563 -0.02226242236793041
v -0.007809807080775499 0.02645326219499112 -0.013673554174602028
v -0.007809807080775499 0.02645326219499112 -0.013673554174602028
v -0.007809807080775499 0.02645326219499112 -0.013673554174602028
v -0.007809807080775499 0.02645326219499112 -0.013673554174602028
v -0.007809807080775499 0.02645326219499112 -0.013673554174602028
v 0.002013511722907424 0.02779896184802056 -0.021278474479913708
v 0.002013511722907424 0.02779896184802056 -0.021278474479913708
v 0.002013511722907424 0.02779896184802056 -0.021278474479913708
v 0.002013511722907424 0.02779896184802056 -0.021278474479913708
v 0.002013511722907424 0.02779896184802056 -0.021278474479913708
v 0.002013511722907424 0.02779896184802056 -0.021278474479913708
v -0.007477539591491222 0.026761539280414588 -0.013213623315095898
v -0.007477539591491222 0.026761539280414588 -0.013213623315095898
v -0.007477539591491222 0.026761539280414588 -0.013213623315095898
v -0.007477539591491222 0.026761539280414588 -0.013213623315095898
v -0.007477539591491222 0.026761539280414588 -0.013213623315095898
v -0.007477539591491222 0.026761539280414588 -0.013213623315095898
v -0.007477539591491222 0.026761539280414588 -0.013213623315095898
v -0.007380180526524782 0.02696534991264344 -0.012739563360810276
v -0.007380180526524782 0.02696534991264344 -0.012739563360810276
v -0.007380180526524782 0.02696534991264344 -0.012739563360810276
v -0.007380180526524782 0.02696534991264344 -0.012739563360810276
v -0.011370751075446606 0.023472869768738754 -0.016088044270873066
v -0.011370751075446606 0.023472869768738754 -0.016088044270873066
v -0.011370751075446606 0.023472869768738754 -0.016088044270873066
v -0.011370751075446606 0.023472869768738754 -0.016088044270873066
v -0.011379829607903957 0.02352671697735787 -0.015976533293724057
v -0.011379829607903957 0.02352671697735787 -0.015976533293724057
v -0.011379829607903957 0.02352671697735787 -0.015976533293724057
v -0.011379829607903957 0.02352671697735787 -0.015976533293724057
v -0.011379829607903957 0.02352671697735787 -0.015976533293724057
v -0.011513900943100452 0.02369342744350434 -0.015501312911510464
v -0.011513900943100452 0.02369342744350434 -0.015501312911510464
v -0.011513900943100452 0.02369342744350434 -0.015501312911510464
v -0.011513900943100452 0.02369342744350434 -0.015501312911510464
v -0.030047692358493805 0.023751864209771163 0.006698303390294312
v -0.030047692358493805 0.023751864209771163 0.006698303390294312
v -0.030047692358493805 0.023751864209771163 0.006698303390294312
v -0.030047692358493805 0.023751864209771163 0.006698303390294312
v -0.011792526580393314 0.023751864209771163 -0.015057343058288094
v -0.011792526580393314 0.023751864209771163 -0.015057343058288094
v -0.011792526580393314 0.023751864209771163 -0.015057343058288094
v -0.011792526580393314 0.023751864209771163 -0.015057343058288094
v -0.011568771675229073 0.023718200623989112 -0.015388550236821171
v -0.011568771675229073 0.023718200623989112 -0.015388550236821171
v -0.011568771675229073 0.023718200623989112 -0.015388550236821171
v -0.011568771675229073 0.023718200623989112 -0.015388550236821171
v -0.011568771675229073 0.023718200623989112 -0.015388550236821171
v -0.007800659630447626 0.016847563907504085 -0.029513550922274583
v -0.007800659630447626 0.016847563907504085 -0.029513550922274583
v -0.007800659630447626 0.016847563907504085 -0.029513550922274583
v -0.007800659630447626 0.016847563907504085 -0.029513550922274583
v -0.007800659630447626 0.016847563907504085 -0.029513550922274583
v -0.007800659630447626 0.016847563907504085 -0.029513550922274583
v -0.007800659630447626 0.016847563907504085 -0.029513550922274583
v -0.007800659630447626 0.016847563907504085 -0.029513550922274583
v -0.007800659630447626 0.016847563907504085 -0.029513550922274583
v -0.007800659630447626 0.016847563907504085 -0.029513550922274583
v -0.007800659630447626 0.016847563907504085 -0.029513550922274583
v -0.016330674290657043 0.016819976270198825 -0.019375855103135105
v -0.016330674290657043 0.016819976270198825 -0.019375855103135105
v -0.016330674290657043 0.016819976270198825 -0.019375855103135105
v -0.016330674290657043 0.016819976270198825 -0.019375855103135105
v -0.016330674290657043 0.016819976270198825 -0.019375855103135105
v -0.016330674290657043 0.016819976270198825 -0.019375855103135105
v -0.016330674290657043 0.016819976270198825 -0.019375855103135105
v -0.016330674290657043 0.016819976270198825 -0.019375855103135105
v -0.016330674290657043 0.016819976270198825 -0.019375855103135105
v -0.01613987796008587 0.01689313352108002 -0.019528809934854504
v -0.01613987796008587 0.01689313352108002 -0.019528809934854504
v -0.01613987796008587 0.01689313352108002 -0.019528809934854504
v -0.01613987796008587 0.01689313352108002 -0.019528809934854504
v -0.01613987796008587 0.01689313352108002 -0.019528809934854504
v -0.015642616897821426 0.017219763249158863 -0.01978332549333572
v -0.015642616897821426 0.017219763249158863 -0.01978332549333572
v -0.015642616897821426 0.017219763249158863 -0.01978332549333572
v -0.015642616897821426 0.017219763249158863 -0.01978332549333572
v -0.015642616897821426 0.017219763249158863 -0.01978332549333572
v -0.015642616897821426 0.017219763249158863 -0.01978332549333572
v -0.015642616897821426 0.017219763249158863 -0.01978332549333572
v -0.015200401656329632 0.017690798267722133 -0.01980551332235336
v -0.015200401656329632 0.017690798267722133 -0.01980551332235336
v -0.015200401656329632 0.017690798267722133 -0.01980551332235336
v -0.015200401656329632 0.017690798267722133 -0.01980551332235336
v -0.015200401656329632 0.017690798267722133 -0.01980551332235336
v -0.015200401656329632 0.017690798267722133 -0.01980551332235336
v -0.007767769042402506 0.016913104802370075 -0.0294859018176794
v -0.007767769042402506 0.016913104802370075 -0.0294859018176794
v -0.007767769042402506 0.016913104802370075 -0.0294859018176794
v -0.007767769042402506 0.016913104802370075 -0.0294859018176794
v -0.007767769042402506 0.016913104802370075 -0.0294859018176794
v -0.007767769042402506 0.016913104802370075 -0.0294859018176794
v -0.007767769042402506 0.016913104802370075 -0.0294859018176794
v -0.014989555813372135 0.018014227971434597 -0.019698090851306912
v -0.014989555813372135 0.018014227971434597 -0.019698090851306912
v -0.014989555813372135 0.018014227971434597 -0.019698090851306912
v -0.014989555813372135 0.018014227971434597 -0.019698090851306912
v -0.014989555813372135 0.018014227971434597 -0.019698090851306912
v -0.00671087671071291 0.018841894343495372 -0.02859909273684024
v -0.00671087671071291 0.018841894343495372 -0.02859909273684024
v -0.00671087671071291 0.018841894343495372 -0.02859909273684024
v -0.00671087671071291 0.018841894343495372 -0.02859909273684024
v -0.00671087671071291 0.018841894343495372 -0.02859909273684024
v -0.014926369301974773 0.01812776550650597 -0.019645081833004948
v -0.014926369301974773 0.01812776550650597 -0.019645081833004948
v -0.014926369301974773 0.01812776550650597 -0.019645081833004948
v -0.014926369301974773 0.01812776550650597 -0.019645081833004948
v -0.014926369301974773 0.01812776550650597 -0.019645081833004948
v -0.014926369301974773 0.01812776550650597 -0.019645081833004948
v -0.0065648118034005165 0.019084742292761806 -0.028476532548665993
v -0.0065648118034005165 0.019084742292761806 -0.028476532548665993
v -0.0065648118034005165 0.019084742292761806 -0.028476532548665993
v -0.0065648118034005165 0.019084742292761806 -0.028476532548665993
v -0.0052946703508496284 0.021002056077122692 -0.027410738170146935
v -0.0052946703508496284 0.021002056077122692 -0.027410738170146935
v -0.0052946703508496284 0.021002056077122692 -0.027410738170146935
v -0.0052946703508496284 0.021002056077122692 -0.027410738170146935
v -0.0052946703508496284 0.021002056077122692 -0.027410738170146935
v -0.0052946703508496284 0.021002056077122692 -0.027410738170146935
v -0.0052946703508496284 0.021002056077122692 -0.027410738170146935
v -0.01472658570855856 0.018633155152201656 -0.01929632574319839
v -0.01472658570855856 0.018633155152201656 -0.01929632574319839
v -0.01472658570855856 0.018633155152201656 -0.01929632574319839
v -0.01472658570855856 0.018633155152201656 -0.01929632574319839
v -0.01472658570855856 0.018633155152201656 -0.01929632574319839
v -0.01472658570855856 0.018633155152201656 -0.01929632574319839
v -0.01472658570855856 0.018633155152201656 -0.01929632574319839
v -0.014717858284711838 0.01897363178431988 -0.018896607682108876
v -0.014717858284711838 0.01897363178431988 -0.018896607682108876
v -0.014717858284711838 0.01897363178431988 -0.018896607682108876
v -0.014717858284711838 0.01897363178431988 -0.018896607682108876
v -0.014736611396074295 0.01903975941240788 -0.01879315264523029
v -0.014736611396074295 0.01903975941240788 -0.01879315264523029
v -0.014736611396074295 0.01903975941240788 -0.01879315264523029
v -0.014736611396074295 0.01903975941240788 -0.01879315264523029
v -0.014736611396074295 0.01903975941240788 -0.01879315264523029
v -0.014900620095431805 0.01924497820436955 -0.018343079835176464
v -0.014900620095431805 0.01924497820436955 -0.018343079835176464
v -0.014900620095431805 0.01924497820436955 -0.018343079835176464
v -0.014900620095431805 0.01924497820436955 -0.018343079835176464
v -0.033444926142692566 0.019317096099257473 0.0038477175403386346
v -0.033444926142692566 0.019317096099257473 0.0038477175403386346
v -0.033444926142692566 0.019317096099257473 0.0038477175403386346
v -0.033444926142692566 0.019317096099257473 0.0038477175403386346
v -0.01518975105136633 0.019317096099257473 -0.017907960340380665
v -0.01518975105136633 0.019317096099257473 -0.017907960340380665
v -0.01518975105136633 0.019317096099257473 -0.017907960340380665
v -0.01518975105136633 0.019317096099257473 -0.017907960340380665
v -0.014959938824176788 0.01927554234862328 -0.01823410205543041
v -0.014959938824176788 0.01927554234862328 -0.01823410205543041
v -0.014959938824176788 0.01927554234862328 -0.01823410205543041
v -0.014959938824176788 0.01927554234862328 -0.01823410205543041
v -0.014959938824176788 0.01927554234862328 -0.01823410205543041
v -0.01834086701273918 0.011318262666463854 -0.021375672891736027
v -0.01834086701273918 0.011318262666463854 -0.021375672891736027
v -0.01834086701273918 0.011318262666463854 -0.021375672891736027
v -0.01834086701273918 0.011318262666463854 -0.021375672891736027
v -0.01834086701273918 0.011318262666463854 -0.021375672891736027
v -0.01834086701273918 0.011318262666463854 -0.021375672891736027
v -0.01834086701273918 0.011318262666463854 -0.021375672891736027
v -0.01834086701273918 0.011318262666463854 -0.021375672891736027
v -0.01834086701273918 0.011318262666463854 -0.021375672891736027
v -0.01834086701273918 0.011318262666463854 -0.021375672891736027
v -0.01816890761256218 0.011431520804762842 -0.021511627361178395
v -0.01816890761256218 0.011431520804762842 -0.021511627361178395
v -0.01816890761256218 0.011431520804762842 -0.021511627361178395
v -0.01816890761256218 0.011431520804762842 -0.021511627361178395
v -0.01816890761256218 0.011431520804762842 -0.021511627361178395
v -0.00993734784424305 0.011456252075731756 -0.031306426972150796
v -0.00993734784424305 0.011456252075731756 -0.031306426972150796
v -0.00993734784424305 0.011456252075731756 -0.031306426972150796
v -0.00993734784424305 0.011456252075731756 -0.031306426972150796
v -0.00993734784424305 0.011456252075731756 -0.031306426972150796
v -0.00993734784424305 0.011456252075731756 -0.031306426972150796
v -0.00993734784424305 0.011456252075731756 -0.031306426972150796
v -0.00993734784424305 0.011456252075731756 -0.031306426972150796
v -0.00993734784424305 0.011456252075731756 -0.031306426972150796
v -0.00993734784424305 0.011456252075731756 -0.031306426972150796
v -0.00993734784424305 0.011456252075731756 -0.031306426972150796
v -0.00993734784424305 0.011456252075731756 -0.031306426972150796
v -0.00993734784424305 0.011456252075731756 -0.031306426972150796
v -0.017899254336953163 0.01168294344097376 -0.021676881238818165
v -0.017899254336953163 0.01168294344097376 -0.021676881238818165
v -0.017899254336953163 0.01168294344097376 -0.021676881238818165
v -0.017899254336953163 0.01168294344097376 -0.021676881238818165
v -0.017899254336953163 0.01168294344097376 -0.021676881238818165
v -0.017899254336953163 0.01168294344097376 -0.021676881238818165
v -0.017537498846650124 0.012211149558424953 -0.021766571328043934
v -0.017537498846650124 0.012211149558424953 -0.021766571328043934
v -0.017537498846650124 0.012211149558424953 -0.021766571328043934
v -0.017537498846650124 0.012211149558424953 -0.021766571328043934
v -0.017537498846650124 0.012211149558424953 -0.021766571328043934
v -0.017225326970219612 0.0132764270529151 -0.02139300666749477
v -0.017225326970219612 0.0132764270529151 -0.02139300666749477
v -0.017225326970219612 0.0132764270529151 -0.02139300666749477
v -0.017225326970219612 0.0132764270529151 -0.02139300666749477
v -0.017225326970219612 0.0132764270529151 -0.02139300666749477
v -0.017225326970219612 0.0132764270529151 -0.02139300666749477
v -0.01733829639852047 0.012703654356300834 -0.021668916568160054
v -0.01733829639852047 0.012703654356300834 -0.021668916568160054
v -0.01733829639852047 0.012703654356300834 -0.021668916568160054
v -0.01733829639852047 0.012703654356300834 -0.021668916568160054
v -0.01733829639852047 0.012703654356300834 -0.021668916568160054
v -0.017382020130753517 0.012575445696711544 -0.02170559763908386
v -0.017382020130753517 0.012575445696711544 -0.02170559763908386
v -0.017382020130753517 0.012575445696711544 -0.02170559763908386
v -0.017382020130753517 0.012575445696711544 -0.02170559763908386
v -0.017275238409638405 0.013664274476468567 -0.02104251272976398
v -0.017275238409638405 0.013664274476468567 -0.02104251272976398
v -0.017275238409638405 0.013664274476468567 -0.02104251272976398
v -0.017275238409638405 0.013664274476468567 -0.02104251272976398
v -0.017305390909314156 0.013739790767431263 -0.02094863913953304
v -0.017305390909314156 0.013739790767431263 -0.02094863913953304
v -0.017305390909314156 0.013739790767431263 -0.02094863913953304
v -0.017305390909314156 0.013739790767431263 -0.02094863913953304
v -0.017305390909314156 0.013739790767431263 -0.02094863913953304
v -0.017305390909314156 0.013739790767431263 -0.02094863913953304
v -0.017504829913377762 0.013974554836750034 -0.02052829042077064
v -0.017504829913377762 0.013974554836750034 -0.02052829042077064
v -0.017504829913377762 0.013974554836750034 -0.02052829042077064
v -0.017504829913377762 0.013974554836750034 -0.02052829042077064
v -0.017806420102715492 0.014057200402021412 -0.020103607326745983
v -0.017806420102715492 0.014057200402021412 -0.020103607326745983
v -0.017806420102715492 0.014057200402021412 -0.020103607326745983
v -0.017806420102715492 0.014057200402021412 -0.020103607326745983
v -0.017806420102715492 0.014057200402021412 -0.020103607326745983
v -0.036061592400074005 0.014057200402021412 0.0016520691569894548
v -0.036061592400074005 0.014057200402021412 0.0016520691569894548
v -0.036061592400074005 0.014057200402021412 0.0016520691569894548
v -0.036061592400074005 0.014057200402021412 0.0016520691569894548
v -0.03485884144902229 0.01677665673196316 0.002661285456269979
v -0.03485884144902229 0.01677665673196316 0.002661285456269979
v -0.03485884144902229 0.01677665673196316 0.002661285456269979
v -0.03485884144902229 0.01677665673196316 0.002661285456269979
v -0.03485884144902229 0.01677665673196316 0.002661285456269979
v -0.01756942830979824 0.014009569771587852 -0.020423706620931622
v -0.01756942830979824 0.014009569771587852 -0.020423706620931622
v -0.01756942830979824 0.014009569771587852 -0.020423706620931622
v -0.01756942830979824 0.014009569771587852 -0.020423706620931622
v -0.01756942830979824 0.014009569771587852 -0.020423706620931622
v -0.01660366915166378 0.01677665673196316 -0.019094392657279965
v -0.01660366915166378 0.01677665673196316 -0.019094392657279965
v -0.01660366915166378 0.01677665673196316 -0.019094392657279965
v -0.01660366915166378 0.01677665673196316 -0.019094392657279965
v -0.019224733114242554 0.00565464235842228 -0.02278906293213367
v -0.019224733114242554 0.00565464235842228 -0.02278906293213367
v -0.019224733114242554 0.00565464235842228 -0.02278906293213367
v -0.019224733114242554 0.00565464235842228 -0.02278906293213367
v -0.019224733114242554 0.00565464235842228 -0.02278906293213367
v -0.018950775265693665 0.006216932553797962 -0.02295245416462421
v -0.018950775265693665 0.006216932553797962 -0.02295245416462421
v -0.018950775265693665 0.006216932553797962 -0.02295245416462421
v -0.018950775265693665 0.006216932553797962 -0.02295245416462421
v -0.018950775265693665 0.006216932553797962 -0.02295245416462421
v -0.011198929511010647 0.005613832734525205 -0.032365024089813225
v -0.011198929511010647 0.005613832734525205 -0.032365024089813225
v -0.011198929511010647 0.005613832734525205 -0.032365024089813225
v -0.011198929511010647 0.005613832734525205 -0.032365024089813225
v -0.011198929511010647 0.005613832734525205 -0.032365024089813225
v -0.011198929511010647 0.005613832734525205 -0.032365024089813225
v -0.011198929511010647 0.005613832734525205 -0.032365024089813225
v -0.011198929511010647 0.005613832734525205 -0.032365024089813225
v -0.011198929511010647 0.005613832734525205 -0.032365024089813225
v -0.018855974078178406 0.0066061806865036505 -0.022942384704947468
v -0.018855974078178406 0.0066061806865036505 -0.022942384704947468
v -0.018855974078178406 0.0066061806865036505 -0.022942384704947468
v -0.018855974078178406 0.0066061806865036505 -0.022942384704947468
v -0.018855974078178406 0.0066061806865036505 -0.022942384704947468
v -0.011069298721849918 0.006501062773168089 -0.03225625678896903
v -0.011069298721849918 0.006501062773168089 -0.03225625678896903
v -0.011069298721849918 0.006501062773168089 -0.03225625678896903
v -0.011069298721849918 0.006501062773168089 -0.03225625678896903
v -0.011069298721849918 0.006501062773168089 -0.03225625678896903
v -0.011069298721849918 0.006501062773168089 -0.03225625678896903
v -0.011069298721849918 0.006501062773168089 -0.03225625678896903
v -0.018833626061677933 0.00674345623701811 -0.022923646494746205
v -0.018833626061677933 0.00674345623701811 -0.022923646494746205
v -0.018833626061677933 0.00674345623701811 -0.022923646494746205
v -0.018833626061677933 0.00674345623701811 -0.022923646494746205
v -0.018833626061677933 0.00674345623701811 -0.022923646494746205
v -0.018833626061677933 0.00674345623701811 -0.022923646494746205
v -0.03778333589434624 0.008202055469155313 0.0002073364303214475
v -0.03778333589434624 0.008202055469155313 0.0002073364303214475
v -0.03778333589434624 0.008202055469155313 0.0002073364303214475
v -0.03778333589434624 0.008202055469155313 0.0002073364303214475
v -0.037039995193481445 0.011188524775207044 0.0008310546982102094
v -0.037039995193481445 0.011188524775207044 0.0008310546982102094
v -0.037039995193481445 0.011188524775207044 0.0008310546982102094
v -0.037039995193481445 0.011188524775207044 0.0008310546982102094
v -0.037039995193481445 0.011188524775207044 0.0008310546982102094
v -0.037039995193481445 0.011188524775207044 0.0008310546982102094
v -0.019528169184923172 0.008202055469155313 -0.021548340097069737
v -0.019528169184923172 0.008202055469155313 -0.021548340097069737
v -0.019528169184923172 0.008202055469155313 -0.021548340097069737
v -0.019528169184923172 0.008202055469155313 -0.021548340097069737
v -0.019528169184923172 0.008202055469155313 -0.021548340097069737
v -0.01878482848405838 0.011188524775207044 -0.02092456072568893
v -0.01878482848405838 0.011188524775207044 -0.02092456072568893
v -0.01878482848405838 0.011188524775207044 -0.02092456072568893
v -0.01878482848405838 0.011188524775207044 -0.02092456072568893
v -0.01878482848405838 0.011188524775207044 -0.02092456072568893
v -0.01878482848405838 0.011188524775207044 -0.02092456072568893
v -0.018931107595562935 0.007776842452585699 -0.022431947290897366
v -0.018931107595562935 0.007776842452585699 -0.022431947290897366
v -0.018931107595562935 0.007776842452585699 -0.022431947290897366
v -0.018931107595562935 0.007776842452585699 -0.022431947290897366
v -0.018973907455801964 0.007858450524508955 -0.02234869450330734
v -0.018973907455801964 0.007858450524508955 -0.02234869450330734
v -0.018973907455801964 0.007858450524508955 -0.02234869450330734
v -0.018973907455801964 0.007858450524508955 -0.02234869450330734
v -0.018973907455801964 0.007858450524508955 -0.02234869450330734
v -0.01921270042657852 0.00811249762773514 -0.02196136489510536
v -0.01921270042657852 0.00811249762773514 -0.02196136489510536
v -0.01921270042657852 0.00811249762773514 -0.02196136489510536
v -0.01921270042657852 0.00811249762773514 -0.02196136489510536
v -0.01921270042657852 0.00811249762773514 -0.02196136489510536
v -0.019283181056380272 0.008150431327521803 -0.021861726418137547
v -0.019283181056380272 0.008150431327521803 -0.021861726418137547
v -0.019283181056380272 0.008150431327521803 -0.021861726418137547
v -0.019283181056380272 0.008150431327521803 -0.021861726418137547
v -0.019283181056380272 0.008150431327521803 -0.021861726418137547
v -0.01881629228591919 0.007358576171100141 -0.022727997973561283
v -0.01881629228591919 0.007358576171100141 -0.022727997973561283
v -0.01881629228591919 0.007358576171100141 -0.022727997973561283
v -0.01881629228591919 0.007358576171100141 -0.022727997973561283
v -0.01881629228591919 0.007358576171100141 -0.022727997973561283
v -0.01881629228591919 0.007358576171100141 -0.022727997973561283
v -0.01881629228591919 0.007358576171100141 -0.022727997973561283
v -0.010488464497029781 0.00942339561879635 -0.03176886215806007
v -0.010488464497029781 0.00942339561879635 -0.03176886215806007
v -0.010488464497029781 0.00942339561879635 -0.03176886215806007
v -0.010488464497029781 0.00942339561879635 -0.03176886215806007
v -0.01153376791626215 -0.000440509815234691 -0.03264596685767173
v -0.01153376791626215 -0.000440509815234691 -0.03264596685767173
v -0.01153376791626215 -0.000440509815234691 -0.03264596685767173
v -0.01153376791626215 -0.000440509815234691 -0.03264596685767173
v -0.01153376791626215 -0.000440509815234691 -0.03264596685767173
v -0.01153376791626215 -0.000440509815234691 -0.03264596685767173
v -0.01153376791626215 -0.000440509815234691 -0.03264596685767173
v -0.01153376791626215 -0.000440509815234691 -0.03264596685767173
v -0.01153376791626215 -0.000440509815234691 -0.03264596685767173
v -0.01153376791626215 -0.000440509815234691 -0.03264596685767173
v -0.01153376791626215 -0.000440509815234691 -0.03264596685767173
v -0.01153376791626215 -0.000440509815234691 -0.03264596685767173
v -0.01153376791626215 -0.000440509815234691 -0.03264596685767173
v -0.01153376791626215 -0.000440509815234691 -0.03264596685767173
v -0.03855656459927559 -0.000440509815234691 -0.0004414673021528869
v -0.03855656459927559 -0.000440509815234691 -0.0004414673021528869
v -0.03855656459927559 -0.000440509815234691 -0.0004414673021528869
v -0.03855656459927559 -0.000440509815234691 -0.0004414673021528869
v -0.03855656459927559 -0.000440509815234691 -0.0004414673021528869
v -0.03855656459927559 -0.000440509815234691 -0.0004414673021528869
v -0.03828347101807594 0.005130518227815629 -0.0002123107988154515
v -0.03828347101807594 0.005130518227815629 -0.0002123107988154515
v -0.03828347101807594 0.005130518227815629 -0.0002123107988154515
v -0.03828347101807594 0.005130518227815629 -0.0002123107988154515
v -0.03828347101807594 0.005130518227815629 -0.0002123107988154515
v -0.03828347101807594 0.005130518227815629 -0.0002123107988154515
v -0.020028306171298027 0.005130518227815629 -0.021967988461256024
v -0.020028306171298027 0.005130518227815629 -0.021967988461256024
v -0.020028306171298027 0.005130518227815629 -0.021967988461256024
v -0.020028306171298027 0.005130518227815629 -0.021967988461256024
v -0.020028306171298027 0.005130518227815629 -0.021967988461256024
v -0.019605835899710655 0.005267851054668427 -0.022437104955315586
v -0.019605835899710655 0.005267851054668427 -0.022437104955315586
v -0.019605835899710655 0.005267851054668427 -0.022437104955315586
v -0.019605835899710655 0.005267851054668427 -0.022437104955315586
v -0.019605835899710655 0.005267851054668427 -0.022437104955315586
v -0.019261369481682777 0.005603368859738112 -0.022759430110454556
v -0.019261369481682777 0.005603368859738112 -0.022759430110454556
v -0.019261369481682777 0.005603368859738112 -0.022759430110454556
v -0.019261369481682777 0.005603368859738112 -0.022759430110454556
v -0.019261369481682777 0.005603368859738112 -0.022759430110454556
v -0.019261369481682777 0.005603368859738112 -0.022759430110454556
v -0.019039513543248177 -0.005112722516059876 -0.022915314882993695
v -0.019039513543248177 -0.005112722516059876 -0.022915314882993695
v -0.019039513543248177 -0.005112722516059876 -0.022915314882993695
v -0.019039513543248177 -0.005112722516059876 -0.022915314882993695
v -0.019039513543248177 -0.005112722516059876 -0.022915314882993695
v -0.019039513543248177 -0.005112722516059876 -0.022915314882993695
v -0.018855974078178406 -0.005731212906539441 -0.022942384704947468
v -0.018855974078178406 -0.005731212906539441 -0.022942384704947468
v -0.018855974078178406 -0.005731212906539441 -0.022942384704947468
v -0.018855974078178406 -0.005731212906539441 -0.022942384704947468
v -0.018855974078178406 -0.005731212906539441 -0.022942384704947468
v -0.01128653809428215 -0.00403722980991006 -0.032438509166240685
v -0.01128653809428215 -0.00403722980991006 -0.032438509166240685
v -0.01128653809428215 -0.00403722980991006 -0.032438509166240685
v -0.01128653809428215 -0.00403722980991006 -0.032438509166240685
v -0.01128653809428215 -0.00403722980991006 -0.032438509166240685
v -0.018833626061677933 -0.005868486594408752 -0.022923646494746205
v -0.018833626061677933 -0.005868486594408752 -0.022923646494746205
v -0.018833626061677933 -0.005868486594408752 -0.022923646494746205
v -0.018833626061677933 -0.005868486594408752 -0.022923646494746205
v -0.018833626061677933 -0.005868486594408752 -0.022923646494746205
v -0.010928154923021793 -0.006458906456828119 -0.03213781863451003
v -0.010928154923021793 -0.006458906456828119 -0.03213781863451003
v -0.010928154923021793 -0.006458906456828119 -0.03213781863451003
v -0.010928154923021793 -0.006458906456828119 -0.03213781863451003
v -0.010928154923021793 -0.006458906456828119 -0.03213781863451003
v -0.010928154923021793 -0.006458906456828119 -0.03213781863451003
v -0.010928154923021793 -0.006458906456828119 -0.03213781863451003
v -0.010928154923021793 -0.006458906456828119 -0.03213781863451003
v -0.01880190335214138 -0.006256256252527239 -0.022827547043561932
v -0.01880190335214138 -0.006256256252527239 -0.022827547043561932
v -0.01880190335214138 -0.006256256252527239 -0.022827547043561932
v -0.01880190335214138 -0.006256256252527239 -0.022827547043561932
v -0.01880190335214138 -0.006256256252527239 -0.022827547043561932
v -0.01881510205566883 -0.006473640911281111 -0.02273309417068958
v -0.01881510205566883 -0.006473640911281111 -0.02273309417068958
v -0.01881510205566883 -0.006473640911281111 -0.02273309417068958
v -0.01881510205566883 -0.006473640911281111 -0.02273309417068958
v -0.01881510205566883 -0.006473640911281111 -0.02273309417068958
v -0.019291428849101067 -0.004688989836722613 -0.022734284400939938
v -0.019291428849101067 -0.004688989836722613 -0.022734284400939938
v -0.019291428849101067 -0.004688989836722613 -0.022734284400939938
v -0.019291428849101067 -0.004688989836722613 -0.022734284400939938
v -0.01936103217303753 -0.004606012720614673 -0.022673554718494412
v -0.01936103217303753 -0.004606012720614673 -0.022673554718494412
v -0.01936103217303753 -0.004606012720614673 -0.022673554718494412
v -0.01936103217303753 -0.004606012720614673 -0.022673554718494412
v -0.01936103217303753 -0.004606012720614673 -0.022673554718494412
v -0.0196833573281765 -0.00434706686064601 -0.0223562940955162
v -0.0196833573281765 -0.00434706686064601 -0.0223562940955162
v -0.0196833573281765 -0.00434706686064601 -0.0223562940955162
v -0.0196833573281765 -0.00434706686064601 -0.0223562940955162
v -0.03828347101807594 -0.00425555044785142 -0.0002123107988154515
v -0.03828347101807594 -0.00425555044785142 -0.0002123107988154515
v -0.03828347101807594 -0.00425555044785142 -0.0002123107988154515
v -0.03828347101807594 -0.00425555044785142 -0.0002123107988154515
v -0.03828347101807594 -0.00425555044785142 -0.0002123107988154515
v -0.020028306171298027 -0.00425555044785142 -0.021967988461256024
v -0.020028306171298027 -0.00425555044785142 -0.021967988461256024
v -0.020028306171298027 -0.00425555044785142 -0.021967988461256024
v -0.020028306171298027 -0.00425555044785142 -0.021967988461256024
v -0.019766319543123245 -0.004308317322283984 -0.02226712182164192
v -0.019766319543123245 -0.004308317322283984 -0.02226712182164192
v -0.019766319543123245 -0.004308317322283984 -0.02226712182164192
v -0.019766319543123245 -0.004308317322283984 -0.02226712182164192
v -0.019766319543123245 -0.004308317322283984 -0.02226712182164192
v -0.01743895746767521 -0.01153549086302519 -0.021750397980213162
v -0.01743895746767521 -0.01153549086302519 -0.021750397980213162
v -0.01743895746767521 -0.01153549086302519 -0.021750397980213162
v -0.01743895746767521 -0.01153549086302519 -0.021750397980213162
v -0.01743895746767521 -0.01153549086302519 -0.021750397980213162
v -0.01743895746767521 -0.01153549086302519 -0.021750397980213162
v -0.01743895746767521 -0.01153549086302519 -0.021750397980213162
v -0.017729125916957855 -0.010983915999531748 -0.02176791429519653
v -0.017729125916957855 -0.010983915999531748 -0.02176791429519653
v -0.017729125916957855 -0.010983915999531748 -0.02176791429519653
v -0.017729125916957855 -0.010983915999531748 -0.02176791429519653
v -0.017729125916957855 -0.010983915999531748 -0.02176791429519653
v -0.019149964675307274 -0.0071926484815776365 -0.022054597735404965
v -0.019149964675307274 -0.0071926484815776365 -0.022054597735404965
v -0.019149964675307274 -0.0071926484815776365 -0.022054597735404965
v -0.019149964675307274 -0.0071926484815776365 -0.022054597735404965
v -0.019149964675307274 -0.0071926484815776365 -0.022054597735404965
v -0.019149964675307274 -0.0071926484815776365 -0.022054597735404965
v -0.019149964675307274 -0.0071926484815776365 -0.022054597735404965
v -0.019149964675307274 -0.0071926484815776365 -0.022054597735404965
v -0.019149964675307274 -0.0071926484815776365 -0.022054597735404965
v -0.019149964675307274 -0.0071926484815776365 -0.022054597735404965
v -0.017991792410612106 -0.01067354064434767 -0.02165054343640804
v -0.017991792410612106 -0.01067354064434767 -0.02165054343640804
v -0.017991792410612106 -0.01067354064434767 -0.02165054343640804
v -0.017991792410612106 -0.01067354064434767 -0.02165054343640804
v -0.017991792410612106 -0.01067354064434767 -0.02165054343640804
v -0.017991792410612106 -0.01067354064434767 -0.02165054343640804
v -0.037039995193481445 -0.010313555598258974 0.0008310546982102094
v -0.037039995193481445 -0.010313555598258974 0.0008310546982102094
v -0.037039995193481445 -0.010313555598258974 0.0008310546982102094
v -0.037039995193481445 -0.010313555598258974 0.0008310546982102094
v -0.03778333589434624 -0.007327087689191105 0.0002073364303214475
v -0.03778333589434624 -0.007327087689191105 0.0002073364303214475
v -0.03778333589434624 -0.007327087689191105 0.0002073364303214475
v -0.03778333589434624 -0.007327087689191105 0.0002073364303214475
v -0.03778333589434624 -0.007327087689191105 0.0002073364303214475
v -0.03778333589434624 -0.007327087689191105 0.0002073364303214475
v -0.018720543012022972 -0.010313555598258974 -0.02100119180977344
v -0.018720543012022972 -0.010313555598258974 -0.02100119180977344
v -0.018720543012022972 -0.010313555598258974 -0.02100119180977344
v -0.018720543012022972 -0.010313555598258974 -0.02100119180977344
v -0.019528169184923172 -0.007327087689191105 -0.021548340097069737
v -0.019528169184923172 -0.007327087689191105 -0.021548340097069737
v -0.019528169184923172 -0.007327087689191105 -0.021548340097069737
v -0.019528169184923172 -0.007327087689191105 -0.021548340097069737
v -0.019528169184923172 -0.007327087689191105 -0.021548340097069737
v -0.019528169184923172 -0.007327087689191105 -0.021548340097069737
v -0.01812942512333393 -0.010553026571869852 -0.021560821682214733
v -0.01812942512333393 -0.010553026571869852 -0.021560821682214733
v -0.01812942512333393 -0.010553026571869852 -0.021560821682214733
v -0.01812942512333393 -0.010553026571869852 -0.021560821682214733
v -0.01812942512333393 -0.010553026571869852 -0.021560821682214733
v -0.018395813181996346 -0.010389454662799837 -0.021342683583497998
v -0.018395813181996346 -0.010389454662799837 -0.021342683583497998
v -0.018395813181996346 -0.010389454662799837 -0.021342683583497998
v -0.018395813181996346 -0.010389454662799837 -0.021342683583497998
v -0.018395813181996346 -0.010389454662799837 -0.021342683583497998
v -0.018565941601991653 -0.010331488214433195 -0.021174743771553036
v -0.018565941601991653 -0.010331488214433195 -0.021174743771553036
v -0.018565941601991653 -0.010331488214433195 -0.021174743771553036
v -0.018565941601991653 -0.010331488214433195 -0.021174743771553036
v -0.018565941601991653 -0.010331488214433195 -0.021174743771553036
v -0.00940687581896782 -0.01219496410340071 -0.03086129948496818
v -0.00940687581896782 -0.01219496410340071 -0.03086129948496818
v -0.00940687581896782 -0.01219496410340071 -0.03086129948496818
v -0.00940687581896782 -0.01219496410340071 -0.03086129948496818
v -0.00940687581896782 -0.01219496410340071 -0.03086129948496818
v -0.00940687581896782 -0.01219496410340071 -0.03086129948496818
v -0.00940687581896782 -0.01219496410340071 -0.03086129948496818
v -0.00940687581896782 -0.01219496410340071 -0.03086129948496818
v -0.00940687581896782 -0.01219496410340071 -0.03086129948496818
v -0.00940687581896782 -0.01219496410340071 -0.03086129948496818
v -0.017373383045196533 -0.012201027944684032 -0.021362824365496632
v -0.017373383045196533 -0.012201027944684032 -0.021362824365496632
v -0.017373383045196533 -0.012201027944684032 -0.021362824365496632
v -0.017373383045196533 -0.012201027944684032 -0.021362824365496632
v -0.017373383045196533 -0.012201027944684032 -0.021362824365496632
v -0.01736411452293396 -0.011950170621275905 -0.021552948281168934
v -0.01736411452293396 -0.011950170621275905 -0.021552948281168934
v -0.01736411452293396 -0.011950170621275905 -0.021552948281168934
v -0.01736411452293396 -0.011950170621275905 -0.021552948281168934
v -0.01889372430741787 -0.006812572944909336 -0.022511323913931843
v -0.01889372430741787 -0.006812572944909336 -0.022511323913931843
v -0.01889372430741787 -0.006812572944909336 -0.022511323913931843
v -0.01889372430741787 -0.006812572944909336 -0.022511323913931843
v -0.01889372430741787 -0.006812572944909336 -0.022511323913931843
v -0.01889372430741787 -0.006812572944909336 -0.022511323913931843
v -0.01889372430741787 -0.006812572944909336 -0.022511323913931843
v -0.01889372430741787 -0.006812572944909336 -0.022511323913931843
v -0.01889372430741787 -0.006812572944909336 -0.022511323913931843
v -0.017388420179486275 -0.011747499927878383 -0.02166555821895599
v -0.017388420179486275 -0.011747499927878383 -0.02166555821895599
v -0.017388420179486275 -0.011747499927878383 -0.02166555821895599
v -0.017388420179486275 -0.011747499927878383 -0.02166555821895599
v -0.017388420179486275 -0.011747499927878383 -0.02166555821895599
v -0.010543076321482658 -0.008318143896758558 -0.03181469812989234
v -0.010543076321482658 -0.008318143896758558 -0.03181469812989234
v -0.010543076321482658 -0.008318143896758558 -0.03181469812989234
v -0.010543076321482658 -0.008318143896758558 -0.03181469812989234
v -0.010543076321482658 -0.008318143896758558 -0.03181469812989234
v -0.03464755415916443 -0.01631875336170197 0.0028385927435010667
v -0.03464755415916443 -0.01631875336170197 0.0028385927435010667
v -0.03464755415916443 -0.01631875336170197 0.0028385927435010667
v -0.03464755415916443 -0.01631875336170197 0.0028385927435010667
v -0.03464755415916443 -0.01631875336170197 0.0028385927435010667
v -0.036232635378837585 -0.01273483689874411 0.0015085450140759345
v -0.036232635378837585 -0.01273483689874411 0.0015085450140759345
v -0.036232635378837585 -0.01273483689874411 0.0015085450140759345
v -0.036232635378837585 -0.01273483689874411 0.0015085450140759345
v -0.036232635378837585 -0.01273483689874411 0.0015085450140759345
v -0.036232635378837585 -0.01273483689874411 0.0015085450140759345
v -0.016328101977705956 -0.01631875336170197 -0.018993683159351345
v -0.016328101977705956 -0.01631875336170197 -0.018993683159351345
v -0.016328101977705956 -0.01631875336170197 -0.018993683159351345
v -0.016328101977705956 -0.01631875336170197 -0.018993683159351345
v -0.01791318506002426 -0.01273483689874411 -0.0203237310051918
v -0.01791318506002426 -0.01273483689874411 -0.0203237310051918
v -0.01791318506002426 -0.01273483689874411 -0.0203237310051918
v -0.01791318506002426 -0.01273483689874411 -0.0203237310051918
v -0.01791318506002426 -0.01273483689874411 -0.0203237310051918
v -0.01791318506002426 -0.01273483689874411 -0.0203237310051918
v -0.01791318506002426 -0.01273483689874411 -0.0203237310051918
v -0.01791318506002426 -0.01273483689874411 -0.0203237310051918
v -0.01617039553821087 -0.016334718093276027 -0.01916488818824291
v -0.01617039553821087 -0.016334718093276027 -0.01916488818824291
v -0.01617039553821087 -0.016334718093276027 -0.01916488818824291
v -0.01617039553821087 -0.016334718093276027 -0.01916488818824291
v -0.01617039553821087 -0.016334718093276027 -0.01916488818824291
v -0.015990890562534332 -0.016386173665523533 -0.019324708729982373
v -0.015990890562534332 -0.016386173665523533 -0.019324708729982373
v -0.015990890562534332 -0.016386173665523533 -0.019324708729982373
v -0.015990890562534332 -0.016386173665523533 -0.019324708729982373
v -0.015697555616497993 -0.01653135940432549 -0.01952038705348968
v -0.015697555616497993 -0.01653135940432549 -0.01952038705348968
v -0.015697555616497993 -0.01653135940432549 -0.01952038705348968
v -0.015697555616497993 -0.01653135940432549 -0.01952038705348968
v -0.015697555616497993 -0.01653135940432549 -0.01952038705348968
v -0.015697555616497993 -0.01653135940432549 -0.01952038705348968
v -0.017568757757544518 -0.012609861791133884 -0.02082867547869682
v -0.017568757757544518 -0.012609861791133884 -0.02082867547869682
v -0.017568757757544518 -0.012609861791133884 -0.02082867547869682
v -0.017568757757544518 -0.012609861791133884 -0.02082867547869682
v -0.017568757757544518 -0.012609861791133884 -0.02082867547869682
v -0.017568757757544518 -0.012609861791133884 -0.02082867547869682
v -0.017568757757544518 -0.012609861791133884 -0.02082867547869682
v -0.017568757757544518 -0.012609861791133884 -0.02082867547869682
v -0.017568757757544518 -0.012609861791133884 -0.02082867547869682
v -0.017568757757544518 -0.012609861791133884 -0.02082867547869682
v -0.01554021518677473 -0.016638090834021572 -0.019593445584177967
v -0.01554021518677473 -0.016638090834021572 -0.019593445584177967
v -0.01554021518677473 -0.016638090834021572 -0.019593445584177967
v -0.01554021518677473 -0.016638090834021572 -0.019593445584177967
v -0.01554021518677473 -0.016638090834021572 -0.019593445584177967
v -0.017420662567019463 -0.01238635461777449 -0.021171325817704197
v -0.017420662567019463 -0.01238635461777449 -0.021171325817704197
v -0.017420662567019463 -0.01238635461777449 -0.021171325817704197
v -0.017420662567019463 -0.01238635461777449 -0.021171325817704197
v -0.017420662567019463 -0.01238635461777449 -0.021171325817704197
v -0.017383461818099022 -0.01225840020924807 -0.02130920439958572
v -0.017383461818099022 -0.01225840020924807 -0.02130920439958572
v -0.017383461818099022 -0.01225840020924807 -0.02130920439958572
v -0.017383461818099022 -0.01225840020924807 -0.02130920439958572
v -0.017383461818099022 -0.01225840020924807 -0.02130920439958572
v -0.017383461818099022 -0.01225840020924807 -0.02130920439958572
v -0.011783142574131489 -0.021809848025441173 -0.017007600516080853
v -0.011783142574131489 -0.021809848025441173 -0.017007600516080853
v -0.011783142574131489 -0.021809848025441173 -0.017007600516080853
v -0.011783142574131489 -0.021809848025441173 -0.017007600516080853
v -0.011783142574131489 -0.021809848025441173 -0.017007600516080853
v -0.012227150611579418 -0.02138188108801842 -0.017199035733938214
v -0.012227150611579418 -0.02138188108801842 -0.017199035733938214
v -0.012227150611579418 -0.02138188108801842 -0.017199035733938214
v -0.012227150611579418 -0.02138188108801842 -0.017199035733938214
v -0.012227150611579418 -0.02138188108801842 -0.017199035733938214
v -0.012227150611579418 -0.02138188108801842 -0.017199035733938214
v -0.012227150611579418 -0.02138188108801842 -0.017199035733938214
v -0.012227150611579418 -0.02138188108801842 -0.017199035733938214
v -0.012227150611579418 -0.02138188108801842 -0.017199035733938214
v -0.03183532878756523 -0.02077572047710419 0.00519830361008644
v -0.03183532878756523 -0.02077572047710419 0.00519830361008644
v -0.03183532878756523 -0.02077572047710419 0.00519830361008644
v -0.03183532878756523 -0.02077572047710419 0.00519830361008644
v -0.03183532878756523 -0.02077572047710419 0.00519830361008644
v -0.033444926142692566 -0.018442127853631977 0.0038477175403386346
v -0.033444926142692566 -0.018442127853631977 0.0038477175403386346
v -0.033444926142692566 -0.018442127853631977 0.0038477175403386346
v -0.033444926142692566 -0.018442127853631977 0.0038477175403386346
v -0.033444926142692566 -0.018442127853631977 0.0038477175403386346
v -0.01358016300946474 -0.02077572047710419 -0.016557343304157254
v -0.01358016300946474 -0.02077572047710419 -0.016557343304157254
v -0.01358016300946474 -0.02077572047710419 -0.016557343304157254
v -0.01358016300946474 -0.02077572047710419 -0.016557343304157254
v -0.015125473961234093 -0.018442127853631977 -0.01798455975949764
v -0.015125473961234093 -0.018442127853631977 -0.01798455975949764
v -0.015125473961234093 -0.018442127853631977 -0.01798455975949764
v -0.015125473961234093 -0.018442127853631977 -0.01798455975949764
v -0.015125473961234093 -0.018442127853631977 -0.01798455975949764
v -0.015125473961234093 -0.018442127853631977 -0.01798455975949764
v -0.015125473961234093 -0.018442127853631977 -0.01798455975949764
v -0.015125473961234093 -0.018442127853631977 -0.01798455975949764
v -0.013295655138790607 -0.020813470706343654 -0.016837585717439648
v -0.013295655138790607 -0.020813470706343654 -0.016837585717439648
v -0.013295655138790607 -0.020813470706343654 -0.016837585717439648
v -0.013295655138790607 -0.020813470706343654 -0.016837585717439648
v -0.013295655138790607 -0.020813470706343654 -0.016837585717439648
v -0.01319615263491869 -0.020841153338551525 -0.016912873834371563
v -0.01319615263491869 -0.020841153338551525 -0.016912873834371563
v -0.01319615263491869 -0.020841153338551525 -0.016912873834371563
v -0.01319615263491869 -0.020841153338551525 -0.016912873834371563
v -0.01276352722197771 -0.021025372669100765 -0.017137544229626652
v -0.01276352722197771 -0.021025372669100765 -0.017137544229626652
v -0.01276352722197771 -0.021025372669100765 -0.017137544229626652
v -0.01276352722197771 -0.021025372669100765 -0.017137544229626652
v -0.01276352722197771 -0.021025372669100765 -0.017137544229626652
v -0.01276352722197771 -0.021025372669100765 -0.017137544229626652
v -0.014801285229623318 -0.018333947286009792 -0.018506562337279316
v -0.014801285229623318 -0.018333947286009792 -0.018506562337279316
v -0.014801285229623318 -0.018333947286009792 -0.018506562337279316
v -0.014801285229623318 -0.018333947286009792 -0.018506562337279316
v -0.014801285229623318 -0.018333947286009792 -0.018506562337279316
v -0.014801285229623318 -0.018333947286009792 -0.018506562337279316
v -0.014801285229623318 -0.018333947286009792 -0.018506562337279316
v -0.014801285229623318 -0.018333947286009792 -0.018506562337279316
v -0.012658638879656792 -0.021084113046526912 -0.017168702557682988
v -0.012658638879656792 -0.021084113046526912 -0.017168702557682988
v -0.012658638879656792 -0.021084113046526912 -0.017168702557682988
v -0.012658638879656792 -0.021084113046526912 -0.017168702557682988
v -0.0146894920617342 -0.018140155822038654 -0.018879609182476994
v -0.0146894920617342 -0.018140155822038654 -0.018879609182476994
v -0.0146894920617342 -0.018140155822038654 -0.018879609182476994
v -0.0146894920617342 -0.018140155822038654 -0.018879609182476994
v -0.0146894920617342 -0.018140155822038654 -0.018879609182476994
v -0.0146894920617342 -0.018140155822038654 -0.018879609182476994
v -0.014673066325485706 -0.01802884601056576 -0.01903506554663181
v -0.014673066325485706 -0.01802884601056576 -0.01903506554663181
v -0.014673066325485706 -0.01802884601056576 -0.01903506554663181
v -0.014673066325485706 -0.01802884601056576 -0.01903506554663181
v -0.014673066325485706 -0.01802884601056576 -0.01903506554663181
v -0.014703797176480293 -0.01776056364178658 -0.019320679828524586
v -0.014703797176480293 -0.01776056364178658 -0.019320679828524586
v -0.014703797176480293 -0.01776056364178658 -0.019320679828524586
v -0.014703797176480293 -0.01776056364178658 -0.019320679828524586
v -0.014761201106011868 -0.01758319512009621 -0.019461182877421376
v -0.014761201106011868 -0.01758319512009621 -0.019461182877421376
v -0.014761201106011868 -0.01758319512009621 -0.019461182877421376
v -0.014761201106011868 -0.01758319512009621 -0.019461182877421376
v -0.014761201106011868 -0.01758319512009621 -0.019461182877421376
v -0.014846107922494411 -0.017397992312908176 -0.01957473903894424
v -0.014846107922494411 -0.017397992312908176 -0.01957473903894424
v -0.014846107922494411 -0.017397992312908176 -0.01957473903894424
v -0.014846107922494411 -0.017397992312908176 -0.01957473903894424
v -0.014846107922494411 -0.017397992312908176 -0.01957473903894424
v -0.014846107922494411 -0.017397992312908176 -0.01957473903894424
v -0.015226639807224274 -0.01691249012947083 -0.019668091088533398
v -0.015226639807224274 -0.01691249012947083 -0.019668091088533398
v -0.015226639807224274 -0.01691249012947083 -0.019668091088533398
v -0.015226639807224274 -0.01691249012947083 -0.019668091088533398
v -0.015226639807224274 -0.01691249012947083 -0.019668091088533398
v -0.015226639807224274 -0.01691249012947083 -0.019668091088533398
v -0.011469627730548382 -0.02278910949826241 -0.015610016882419583
v -0.011469627730548382 -0.02278910949826241 -0.015610016882419583
v -0.011469627730548382 -0.02278910949826241 -0.015610016882419583
v -0.011469627730548382 -0.02278910949826241 -0.015610016882419583
v -0.011469627730548382 -0.02278910949826241 -0.015610016882419583
v -0.011469627730548382 -0.02278910949826241 -0.015610016882419583
v -0.011469627730548382 -0.02278910949826241 -0.015610016882419583
v -0.011469627730548382 -0.02278910949826241 -0.015610016882419583
v -0.011469627730548382 -0.02278910949826241 -0.015610016882419583
v -0.011469627730548382 -0.02278910949826241 -0.015610016882419583
v -0.011469627730548382 -0.02278910949826241 -0.015610016882419583
v -0.00840732641518116 -0.02518581040203572 -0.013993836008012291
v -0.00840732641518116 -0.02518581040203572 -0.013993836008012291
v -0.00840732641518116 -0.02518581040203572 -0.013993836008012291
v -0.00840732641518116 -0.02518581040203572 -0.013993836008012291
v -0.00840732641518116 -0.02518581040203572 -0.013993836008012291
v -0.00840732641518116 -0.02518581040203572 -0.013993836008012291
v -0.008881042711436749 -0.024959223344922073 -0.013998932205140587
v -0.008881042711436749 -0.024959223344922073 -0.013998932205140587
v -0.008881042711436749 -0.024959223344922073 -0.013998932205140587
v -0.008881042711436749 -0.024959223344922073 -0.013998932205140587
v -0.02810160256922245 -0.024722633883357055 0.00833126902580261
v -0.02810160256922245 -0.024722633883357055 0.00833126902580261
v -0.02810160256922245 -0.024722633883357055 0.00833126902580261
v -0.02810160256922245 -0.024722633883357055 0.00833126902580261
v -0.030047692358493805 -0.022876897826790813 0.006698303390294312
v -0.030047692358493805 -0.022876897826790813 0.006698303390294312
v -0.030047692358493805 -0.022876897826790813 0.006698303390294312
v -0.030047692358493805 -0.022876897826790813 0.006698303390294312
v -0.030047692358493805 -0.022876897826790813 0.006698303390294312
v -0.030047692358493805 -0.022876897826790813 0.006698303390294312
v -0.009846435859799385 -0.024722633883357055 -0.013424377888441082
v -0.009846435859799385 -0.024722633883357055 -0.013424377888441082
v -0.009846435859799385 -0.024722633883357055 -0.013424377888441082
v -0.009846435859799385 -0.024722633883357055 -0.013424377888441082
v -0.011792526580393314 -0.022876897826790813 -0.015057343058288094
v -0.011792526580393314 -0.022876897826790813 -0.015057343058288094
v -0.011792526580393314 -0.022876897826790813 -0.015057343058288094
v -0.011792526580393314 -0.022876897826790813 -0.015057343058288094
v -0.011792526580393314 -0.022876897826790813 -0.015057343058288094
v -0.011792526580393314 -0.022876897826790813 -0.015057343058288094
v -0.008994262665510178 -0.024914307519793517 -0.013974793255329129
v -0.008994262665510178 -0.024914307519793517 -0.013974793255329129
v -0.008994262665510178 -0.024914307519793517 -0.013974793255329129
v -0.008994262665510178 -0.024914307519793517 -0.013974793255329129
v -0.008994262665510178 -0.024914307519793517 -0.013974793255329129
v -0.009453102946281433 -0.024772990494966514 -0.013772095553576943
v -0.009453102946281433 -0.024772990494966514 -0.013772095553576943
v -0.009453102946281433 -0.024772990494966514 -0.013772095553576943
v -0.009453102946281433 -0.024772990494966514 -0.013772095553576943
v -0.009453102946281433 -0.024772990494966514 -0.013772095553576943
v -0.00955654215067625 -0.024751694872975356 -0.013700104318559166
v -0.00955654215067625 -0.024751694872975356 -0.013700104318559166
v -0.00955654215067625 -0.024751694872975356 -0.013700104318559166
v -0.00955654215067625 -0.024751694872975356 -0.013700104318559166
v -0.00955654215067625 -0.024751694872975356 -0.013700104318559166
v -0.007948853075504303 -0.025473942980170257 -0.01378826983273029
v -0.007948853075504303 -0.025473942980170257 -0.01378826983273029
v -0.007948853075504303 -0.025473942980170257 -0.01378826983273029
v -0.007948853075504303 -0.025473942980170257 -0.01378826983273029
v -0.007948853075504303 -0.025473942980170257 -0.01378826983273029
v -0.007948853075504303 -0.025473942980170257 -0.01378826983273029
v -0.007902909070253372 -0.025508122518658645 -0.013751679100096222
v -0.007902909070253372 -0.025508122518658645 -0.013751679100096222
v -0.007902909070253372 -0.025508122518658645 -0.013751679100096222
v -0.007902909070253372 -0.025508122518658645 -0.013751679100096222
v -0.011370292864739895 -0.02253881469368935 -0.016198426485061642
v -0.011370292864739895 -0.02253881469368935 -0.016198426485061642
v -0.011370292864739895 -0.02253881469368935 -0.016198426485061642
v -0.011370292864739895 -0.02253881469368935 -0.016198426485061642
v -0.011370292864739895 -0.02253881469368935 -0.016198426485061642
v -0.011370292864739895 -0.02253881469368935 -0.016198426485061642
v -0.011370292864739895 -0.02253881469368935 -0.016198426485061642
v -0.011509514413774014 -0.022166881710290912 -0.016708526760339733
v -0.011509514413774014 -0.022166881710290912 -0.016708526760339733
v -0.011509514413774014 -0.022166881710290912 -0.016708526760339733
v -0.011509514413774014 -0.022166881710290912 -0.016708526760339733
v -0.011509514413774014 -0.022166881710290912 -0.016708526760339733
v -0.011509514413774014 -0.022166881710290912 -0.016708526760339733
v -0.01170324720442295 -0.021903753280639652 -0.016940522938966748
v -0.01170324720442295 -0.021903753280639652 -0.016940522938966748
v -0.01170324720442295 -0.021903753280639652 -0.016940522938966748
v -0.01170324720442295 -0.021903753280639652 -0.016940522938966748
v -0.01170324720442295 -0.021903753280639652 -0.016940522938966748
v -0.011704834178090096 -0.02190189622342587 -0.016941864043474194
v -0.011704834178090096 -0.02190189622342587 -0.016941864043474194
v -0.011704834178090096 -0.02190189622342587 -0.016941864043474194
v -0.011704834178090096 -0.02190189622342587 -0.016941864043474194
v -0.007452492136508226 -0.026229277253150947 -0.012239228002727028
v -0.007452492136508226 -0.026229277253150947 -0.012239228002727028
v -0.007452492136508226 -0.026229277253150947 -0.012239228002727028
v -0.007452492136508226 -0.026229277253150947 -0.012239228002727028
v -0.007452492136508226 -0.026229277253150947 -0.012239228002727028
v -0.007452492136508226 -0.026229277253150947 -0.012239228002727028
v -0.007452492136508226 -0.026229277253150947 -0.012239228002727028
v -0.007452492136508226 -0.026229277253150947 -0.012239228002727028
v -0.007452492136508226 -0.026229277253150947 -0.012239228002727028
v -0.007452492136508226 -0.026229277253150947 -0.012239228002727028
v -0.007452492136508226 -0.026229277253150947 -0.012239228002727028
v -0.007387962657958269 -0.026047267019748695 -0.012856842949986454
v -0.007387962657958269 -0.026047267019748695 -0.012856842949986454
v -0.007387962657958269 -0.026047267019748695 -0.012856842949986454
v -0.007387962657958269 -0.026047267019748695 -0.012856842949986454
v -0.007387962657958269 -0.026047267019748695 -0.012856842949986454
v -0.007387962657958269 -0.026047267019748695 -0.012856842949986454
v -0.007387962657958269 -0.026047267019748695 -0.012856842949986454
v -0.007387962657958269 -0.026047267019748695 -0.012856842949986454
v -0.023820847272872925 -0.027569929137825973 0.011923248879611489
v -0.023820847272872925 -0.027569929137825973 0.011923248879611489
v -0.023820847272872925 -0.027569929137825973 0.011923248879611489
v -0.023820847272872925 -0.027569929137825973 0.011923248879611489
v -0.023820847272872925 -0.027569929137825973 0.011923248879611489
v -0.026018381118774414 -0.026292715221643455 0.010079315863549708
v -0.026018381118774414 -0.026292715221643455 0.010079315863549708
v -0.026018381118774414 -0.026292715221643455 0.010079315863549708
v -0.026018381118774414 -0.026292715221643455 0.010079315863549708
v -0.026018381118774414 -0.026292715221643455 0.010079315863549708
v -0.005565674044191837 -0.027569929137825973 -0.009832398034632204
v -0.005565674044191837 -0.027569929137825973 -0.009832398034632204
v -0.005565674044191837 -0.027569929137825973 -0.009832398034632204
v -0.005565674044191837 -0.027569929137825973 -0.009832398034632204
v -0.007763206958770752 -0.026292715221643455 -0.011676331050693987
v -0.007763206958770752 -0.026292715221643455 -0.011676331050693987
v -0.007763206958770752 -0.026292715221643455 -0.011676331050693987
v -0.007763206958770752 -0.026292715221643455 -0.011676331050693987
v -0.007763206958770752 -0.026292715221643455 -0.011676331050693987
v -0.007763206958770752 -0.026292715221643455 -0.011676331050693987
v -0.004568802192807198 -0.027724375948309905 -0.010380524210631846
v -0.004568802192807198 -0.027724375948309905 -0.010380524210631846
v -0.004568802192807198 -0.027724375948309905 -0.010380524210631846
v -0.004568802192807198 -0.027724375948309905 -0.010380524210631846
v -0.0046879807487130165 -0.02769524790346623 -0.010361359454691408
v -0.0046879807487130165 -0.02769524790346623 -0.010361359454691408
v -0.0046879807487130165 -0.02769524790346623 -0.010361359454691408
v -0.0046879807487130165 -0.02769524790346623 -0.010361359454691408
v -0.0046879807487130165 -0.02769524790346623 -0.010361359454691408
v -0.005165619309991598 -0.027603009715676315 -0.010174469090998171
v -0.005165619309991598 -0.027603009715676315 -0.010174469090998171
v -0.005165619309991598 -0.027603009715676315 -0.010174469090998171
v -0.005165619309991598 -0.027603009715676315 -0.010174469090998171
v -0.005165619309991598 -0.027603009715676315 -0.010174469090998171
v -0.005271904170513153 -0.027589034289121635 -0.010104859247803686
v -0.005271904170513153 -0.027589034289121635 -0.010104859247803686
v -0.005271904170513153 -0.027589034289121635 -0.010104859247803686
v -0.005271904170513153 -0.027589034289121635 -0.010104859247803686
v -0.005271904170513153 -0.027589034289121635 -0.010104859247803686
v -0.007579147815704346 -0.02577380649745465 -0.01341055333614349
v -0.007579147815704346 -0.02577380649745465 -0.01341055333614349
v -0.007579147815704346 -0.02577380649745465 -0.01341055333614349
v -0.007579147815704346 -0.02577380649745465 -0.01341055333614349
v -0.007579147815704346 -0.02577380649745465 -0.01341055333614349
v -0.007579147815704346 -0.02577380649745465 -0.01341055333614349
v -0.007809807080775499 -0.025578293949365623 -0.013673554174602028
v -0.007809807080775499 -0.025578293949365623 -0.013673554174602028
v -0.007809807080775499 -0.025578293949365623 -0.013673554174602028
v -0.007809807080775499 -0.025578293949365623 -0.013673554174602028
v -0.001280731288716197 -0.028849886730313308 -0.008325561881065367
v -0.001280731288716197 -0.028849886730313308 -0.008325561881065367
v -0.001280731288716197 -0.028849886730313308 -0.008325561881065367
v -0.001280731288716197 -0.028849886730313308 -0.008325561881065367
v -0.001280731288716197 -0.028849886730313308 -0.008325561881065367
v -0.001280731288716197 -0.028849886730313308 -0.008325561881065367
v -0.001280731288716197 -0.028849886730313308 -0.008325561881065367
v -0.020564362406730652 -0.028849886730313308 0.014655762352049347
v -0.020564362406730652 -0.028849886730313308 0.014655762352049347
v -0.020564362406730652 -0.028849886730313308 0.014655762352049347
v -0.020564362406730652 -0.028849886730313308 0.014655762352049347
v -0.02153308130800724 -0.028540292754769332 0.013842926360666748
v -0.02153308130800724 -0.028540292754769332 0.013842926360666748
v -0.02153308130800724 -0.028540292754769332 0.013842926360666748
v -0.02153308130800724 -0.028540292754769332 0.013842926360666748
v -0.02153308130800724 -0.028540292754769332 0.013842926360666748
v -0.02153308130800724 -0.028540292754769332 0.013842926360666748
v -0.003277915995568037 -0.028540292754769332 -0.007912720553576945
v -0.003277915995568037 -0.028540292754769332 -0.007912720553576945
v -0.003277915995568037 -0.028540292754769332 -0.007912720553576945
v -0.003277915995568037 -0.028540292754769332 -0.007912720553576945
v -0.0029752198606729507 -0.028503978624939925 -0.008482361212372778
v -0.0029752198606729507 -0.028503978624939925 -0.008482361212372778
v -0.0029752198606729507 -0.028503978624939925 -0.008482361212372778
v -0.0029752198606729507 -0.028503978624939925 -0.008482361212372778
v -0.0029752198606729507 -0.028503978624939925 -0.008482361212372778
v -0.0029752198606729507 -0.028503978624939925 -0.008482361212372778
v -0.0029338609892874956 -0.028398208320140846 -0.009119415655732153
v -0.0029338609892874956 -0.028398208320140846 -0.009119415655732153
v -0.0029338609892874956 -0.028398208320140846 -0.009119415655732153
v -0.0029338609892874956 -0.028398208320140846 -0.009119415655732153
v -0.0029338609892874956 -0.028398208320140846 -0.009119415655732153
v -0.0029338609892874956 -0.028398208320140846 -0.009119415655732153
v -0.0029338609892874956 -0.028398208320140846 -0.009119415655732153
v -0.0029338609892874956 -0.028398208320140846 -0.009119415655732153
v -0.003160194493830204 -0.02823517285287381 -0.009702607057988642
v -0.003160194493830204 -0.02823517285287381 -0.009702607057988642
v -0.003160194493830204 -0.02823517285287381 -0.009702607057988642
v -0.003160194493830204 -0.02823517285287381 -0.009702607057988642
v -0.003160194493830204 -0.02823517285287381 -0.009702607057988642
v -0.003416206454858184 -0.028115820139646537 -0.009986878372728823
v -0.003416206454858184 -0.028115820139646537 -0.009986878372728823
v -0.003416206454858184 -0.028115820139646537 -0.009986878372728823
v -0.003416206454858184 -0.028115820139646537 -0.009986878372728823
v -0.0035184479784220457 -0.028072450309991843 -0.010072693228721617
v -0.0035184479784220457 -0.028072450309991843 -0.010072693228721617
v -0.0035184479784220457 -0.028072450309991843 -0.010072693228721617
v -0.0035184479784220457 -0.028072450309991843 -0.010072693228721617
v -0.0037346803583204746 -0.027985585853457458 -0.010221313685178755
v -0.0037346803583204746 -0.027985585853457458 -0.010221313685178755
v -0.0037346803583204746 -0.027985585853457458 -0.010221313685178755
v -0.0037346803583204746 -0.027985585853457458 -0.010221313685178755
v -0.0037346803583204746 -0.027985585853457458 -0.010221313685178755
v -0.0037346803583204746 -0.027985585853457458 -0.010221313685178755
v -0.0040651168674230576 -0.02786988206207753 -0.010350281372666357
v -0.0040651168674230576 -0.02786988206207753 -0.010350281372666357
v -0.0040651168674230576 -0.02786988206207753 -0.010350281372666357
v -0.0040651168674230576 -0.02786988206207753 -0.010350281372666357
v -0.0040651168674230576 -0.02786988206207753 -0.010350281372666357
v -0.008721520192921162 0.009972262196242811 -0.03248175233602523
v -0.008721520192921162 0.009972262196242811 -0.03248175233602523
v -0.008721520192921162 0.009972262196242811 -0.03248175233602523
v -0.008721520192921162 0.009972262196242811 -0.03248175233602523
v -0.008721520192921162 0.009972262196242811 -0.03248175233602523
v -0.007146263495087624 0.014663928188383583 -0.031128143891692155
v -0.007146263495087624 0.014663928188383583 -0.031128143891692155
v -0.007146263495087624 0.014663928188383583 -0.031128143891692155
v -0.007146263495087624 0.014663928188383583 -0.031128143891692155
v -0.007146263495087624 0.014663928188383583 -0.031128143891692155
v 0.02986665442585945 0.019545661285519603 -0.002791534643620252
v 0.02986665442585945 0.019545661285519603 -0.002791534643620252
v 0.02986665442585945 0.019545661285519603 -0.002791534643620252
v 0.02986665442585945 0.019545661285519603 -0.002791534643620252
v 0.02986665442585945 0.019545661285519603 -0.002791534643620252
v 0.027302293106913567 0.022658687084913257 -0.004404815845191478
v 0.027302293106913567 0.022658687084913257 -0.004404815845191478
v 0.027302293106913567 0.022658687084913257 -0.004404815845191478
v 0.027302293106913567 0.022658687084913257 -0.004404815845191478
v 0.027302293106913567 0.022658687084913257 -0.004404815845191478
v 0.027302293106913567 0.022658687084913257 -0.004404815845191478
v 0.024313675239682198 0.025362238287925727 -0.006026123184710739
v 0.024313675239682198 0.025362238287925727 -0.006026123184710739
v 0.024313675239682198 0.025362238287925727 -0.006026123184710739
v 0.024313675239682198 0.025362238287925727 -0.006026123184710739
v 0.024313675239682198 0.025362238287925727 -0.006026123184710739
v 0.02095588855445385 0.027606490999460227 -0.007625580299645661
v 0.02095588855445385 0.027606490999460227 -0.007625580299645661
v 0.02095588855445385 0.027606490999460227 -0.007625580299645661
v 0.02095588855445385 0.027606490999460227 -0.007625580299645661
v 0.02095588855445385 0.027606490999460227 -0.007625580299645661
v 0.01729080267250538 0.029350088909268386 -0.00917373690754175
v 0.01729080267250538 0.029350088909268386 -0.00917373690754175
v 0.01729080267250538 0.029350088909268386 -0.00917373690754175
v 0.01729080267250538 0.029350088909268386 -0.00917373690754175
v 0.01729080267250538 0.029350088909268386 -0.00917373690754175
v 0.014006592333316803 0.029693968594074256 -0.013410614803433415
v 0.014006592333316803 0.029693968594074256 -0.013410614803433415
v 0.014006592333316803 0.029693968594074256 -0.013410614803433415
v 0.014006592333316803 0.029693968594074256 -0.013410614803433415
v 0.014006592333316803 0.029693968594074256 -0.013410614803433415
v 0.01006123423576355 0.02959528379142285 -0.01668933220207691
v 0.01006123423576355 0.02959528379142285 -0.01668933220207691
v 0.01006123423576355 0.02959528379142285 -0.01668933220207691
v 0.01006123423576355 0.02959528379142285 -0.01668933220207691
v 0.01006123423576355 0.02959528379142285 -0.01668933220207691
v 0.01006123423576355 0.02959528379142285 -0.01668933220207691
v 0.005365234799683094 0.02827254496514798 -0.02058932557702064
v 0.005365234799683094 0.02827254496514798 -0.02058932557702064
v 0.005365234799683094 0.02827254496514798 -0.02058932557702064
v 0.005365234799683094 0.02827254496514798 -0.02058932557702064
v 0.005365234799683094 0.02827254496514798 -0.02058932557702064
v 0.005365234799683094 0.02827254496514798 -0.02058932557702064
v 0.0056786807253956795 0.029186656698584564 -0.018823487684130665
v 0.0056786807253956795 0.029186656698584564 -0.018823487684130665
v 0.0056786807253956795 0.029186656698584564 -0.018823487684130665
v 0.0056786807253956795 0.029186656698584564 -0.018823487684130665
v 0.0056786807253956795 0.029186656698584564 -0.018823487684130665
v 0.0056786807253956795 0.029186656698584564 -0.018823487684130665
v -0.0026887436397373676 0.020771903917193416 -0.028545778244733803
v -0.0026887436397373676 0.020771903917193416 -0.028545778244733803
v -0.0026887436397373676 0.020771903917193416 -0.028545778244733803
v -0.0026887436397373676 0.020771903917193416 -0.028545778244733803
v -0.0026887436397373676 0.020771903917193416 -0.028545778244733803
v -0.0026887436397373676 0.020771903917193416 -0.028545778244733803
v -0.0026887436397373676 0.020771903917193416 -0.028545778244733803
v -0.0010479431366547942 0.02182310447096825 -0.028040925040841096
v -0.0010479431366547942 0.02182310447096825 -0.028040925040841096
v -0.0010479431366547942 0.02182310447096825 -0.028040925040841096
v -0.0010479431366547942 0.02182310447096825 -0.028040925040841096
v -0.0010479431366547942 0.02182310447096825 -0.028040925040841096
v 0.00047070314758457243 0.022914573550224308 -0.02729626558721065
v 0.00047070314758457243 0.022914573550224308 -0.02729626558721065
v 0.00047070314758457243 0.022914573550224308 -0.02729626558721065
v 0.00047070314758457243 0.022914573550224308 -0.02729626558721065
v 0.00047070314758457243 0.022914573550224308 -0.02729626558721065
v 0.0018394470680505037 0.02402636222541333 -0.026325380429625504
v 0.0018394470680505037 0.02402636222541333 -0.026325380429625504
v 0.0018394470680505037 0.02402636222541333 -0.026325380429625504
v 0.0018394470680505037 0.02402636222541333 -0.026325380429625504
v 0.0018394470680505037 0.02402636222541333 -0.026325380429625504
v 0.003033256623893976 0.025138152763247497 -0.02514602802693843
v 0.003033256623893976 0.025138152763247497 -0.02514602802693843
v 0.003033256623893976 0.025138152763247497 -0.02514602802693843
v 0.003033256623893976 0.025138152763247497 -0.02514602802693843
v 0.003033256623893976 0.025138152763247497 -0.02514602802693843
v 0.004030311945825815 0.026229625567793853 -0.02377978712320327
v 0.004030311945825815 0.026229625567793853 -0.02377978712320327
v 0.004030311945825815 0.026229625567793853 -0.02377978712320327
v 0.004030311945825815 0.026229625567793853 -0.02377978712320327
v 0.004030311945825815 0.026229625567793853 -0.02377978712320327
v 0.0048123933374881744 0.027280826121568687 -0.022251557558774945
v 0.0048123933374881744 0.027280826121568687 -0.022251557558774945
v 0.0048123933374881744 0.027280826121568687 -0.022251557558774945
v 0.0048123933374881744 0.027280826121568687 -0.022251557558774945
v 0.0048123933374881744 0.027280826121568687 -0.022251557558774945
v -0.006215187255293131 0.01886607334017754 -0.02880359068512916
v -0.006215187255293131 0.01886607334017754 -0.02880359068512916
v -0.006215187255293131 0.01886607334017754 -0.02880359068512916
v -0.006215187255293131 0.01886607334017754 -0.02880359068512916
v -0.006215187255293131 0.01886607334017754 -0.02880359068512916
v -0.006215187255293131 0.01886607334017754 -0.02880359068512916
v -0.004421722609549761 0.019780185073614124 -0.028801545500755303
v -0.004421722609549761 0.019780185073614124 -0.028801545500755303
v -0.004421722609549761 0.019780185073614124 -0.028801545500755303
v -0.004421722609549761 0.019780185073614124 -0.028801545500755303
v -0.00487265782430768 0.015687379986047748 -0.03144238516688346
v -0.00487265782430768 0.015687379986047748 -0.03144238516688346
v -0.00487265782430768 0.015687379986047748 -0.03144238516688346
v -0.00487265782430768 0.015687379986047748 -0.03144238516688346
v -0.00487265782430768 0.015687379986047748 -0.03144238516688346
v -0.006045593414455652 0.011019422672688963 -0.03321997076272964
v -0.006045593414455652 0.011019422672688963 -0.03321997076272964
v -0.006045593414455652 0.011019422672688963 -0.03321997076272964
v -0.006045593414455652 0.011019422672688963 -0.03321997076272964
v -0.006045593414455652 0.011019422672688963 -0.03321997076272964
v -0.007790535222738981 0.005991899874061348 -0.033951357007026665
v -0.007790535222738981 0.005991899874061348 -0.033951357007026665
v -0.007790535222738981 0.005991899874061348 -0.033951357007026665
v -0.007790535222738981 0.005991899874061348 -0.033951357007026665
v -0.007790535222738981 0.005991899874061348 -0.033951357007026665
v -0.010761612094938755 0.005008345004171134 -0.03271249681711196
v -0.010761612094938755 0.005008345004171134 -0.03271249681711196
v -0.010761612094938755 0.005008345004171134 -0.03271249681711196
v -0.010761612094938755 0.005008345004171134 -0.03271249681711196
v -0.008788459934294224 -0.0033612558618187913 -0.03380212560296058
v -0.008788459934294224 -0.0033612558618187913 -0.03380212560296058
v -0.008788459934294224 -0.0033612558618187913 -0.03380212560296058
v -0.008788459934294224 -0.0033612558618187913 -0.03380212560296058
v -0.008788459934294224 -0.0033612558618187913 -0.03380212560296058
v -0.008788459934294224 -0.0033612558618187913 -0.03380212560296058
v 0.00997590646147728 0.028571825474500663 -0.01898294128477573
v 0.00997590646147728 0.028571825474500663 -0.01898294128477573
v 0.00997590646147728 0.028571825474500663 -0.01898294128477573
v 0.00997590646147728 0.028571825474500663 -0.01898294128477573
v 0.00997590646147728 0.028571825474500663 -0.01898294128477573
v 0.00958457961678505 0.027430633082985885 -0.02118747122585773
v 0.00958457961678505 0.027430633082985885 -0.02118747122585773
v 0.00958457961678505 0.027430633082985885 -0.02118747122585773
v 0.00958457961678505 0.027430633082985885 -0.02118747122585773
v 0.00958457961678505 0.027430633082985885 -0.02118747122585773
v 0.008894439786672592 0.026192545890808112 -0.02326266653835773
v 0.008894439786672592 0.026192545890808112 -0.02326266653835773
v 0.008894439786672592 0.026192545890808112 -0.02326266653835773
v 0.008894439786672592 0.026192545890808112 -0.02326266653835773
v 0.007918045856058598 0.0248802024871111 -0.025170503184199326
v 0.007918045856058598 0.0248802024871111 -0.025170503184199326
v 0.007918045856058598 0.0248802024871111 -0.025170503184199326
v 0.007918045856058598 0.0248802024871111 -0.025170503184199326
v 0.006673294585198164 0.02351758815348149 -0.026876222342252724
v 0.006673294585198164 0.02351758815348149 -0.026876222342252724
v 0.006673294585198164 0.02351758815348149 -0.026876222342252724
v 0.006673294585198164 0.02351758815348149 -0.026876222342252724
v 0.005182922817766666 0.022129602730274204 -0.028348542749881737
v 0.005182922817766666 0.022129602730274204 -0.028348542749881737
v 0.005182922817766666 0.022129602730274204 -0.028348542749881737
v 0.005182922817766666 0.022129602730274204 -0.028348542749881737
v 0.0034741670824587345 0.02074162289500237 -0.029560608789324753
v 0.0034741670824587345 0.02074162289500237 -0.029560608789324753
v 0.0034741670824587345 0.02074162289500237 -0.029560608789324753
v 0.0034741670824587345 0.02074162289500237 -0.029560608789324753
v 0.0015782471746206284 0.019379004836082462 -0.03049026615917682
v 0.0015782471746206284 0.019379004836082462 -0.03049026615917682
v 0.0015782471746206284 0.019379004836082462 -0.03049026615917682
v 0.0015782471746206284 0.019379004836082462 -0.03049026615917682
v -0.00047016909229569137 0.018066661432385448 -0.031120514497160905
v -0.00047016909229569137 0.018066661432385448 -0.031120514497160905
v -0.00047016909229569137 0.018066661432385448 -0.031120514497160905
v -0.00047016909229569137 0.018066661432385448 -0.031120514497160905
v -0.00263365195132792 0.016828577965497974 -0.03143982216715812
v -0.00263365195132792 0.016828577965497974 -0.03143982216715812
v -0.00263365195132792 0.016828577965497974 -0.03143982216715812
v -0.00263365195132792 0.016828577965497974 -0.03143982216715812
v 0.014268921688199043 0.028646808117628104 -0.016174072399735447
v 0.014268921688199043 0.028646808117628104 -0.016174072399735447
v 0.014268921688199043 0.028646808117628104 -0.016174072399735447
v 0.014268921688199043 0.028646808117628104 -0.016174072399735447
v 0.014268921688199043 0.028646808117628104 -0.016174072399735447
v 0.01416818331927061 0.027438560500741012 -0.018881836906075474
v 0.01416818331927061 0.027438560500741012 -0.018881836906075474
v 0.01416818331927061 0.027438560500741012 -0.018881836906075474
v 0.01416818331927061 0.027438560500741012 -0.018881836906075474
v 0.013706192374229431 0.026091303676366813 -0.02148443646728992
v 0.013706192374229431 0.026091303676366813 -0.02148443646728992
v 0.013706192374229431 0.026091303676366813 -0.02148443646728992
v 0.013706192374229431 0.026091303676366813 -0.02148443646728992
v 0.012891419231891632 0.024629669263958938 -0.023934297263622277
v 0.012891419231891632 0.024629669263958938 -0.023934297263622277
v 0.012891419231891632 0.024629669263958938 -0.023934297263622277
v 0.012891419231891632 0.024629669263958938 -0.023934297263622277
v 0.01173875480890274 0.023080367594957355 -0.026186646893620484
v 0.01173875480890274 0.023080367594957355 -0.026186646893620484
v 0.01173875480890274 0.023080367594957355 -0.026186646893620484
v 0.01173875480890274 0.023080367594957355 -0.026186646893620484
v 0.010269241407513618 0.02147171646356583 -0.02820028737187385
v 0.010269241407513618 0.02147171646356583 -0.02820028737187385
v 0.010269241407513618 0.02147171646356583 -0.02820028737187385
v 0.010269241407513618 0.02147171646356583 -0.02820028737187385
v 0.008509766310453415 0.01983311772346497 -0.029938448220491402
v 0.008509766310453415 0.01983311772346497 -0.029938448220491402
v 0.008509766310453415 0.01983311772346497 -0.029938448220491402
v 0.008509766310453415 0.01983311772346497 -0.029938448220491402
v 0.0064924624748528 0.01819451339542866 -0.0313693881034851
v 0.0064924624748528 0.01819451339542866 -0.0313693881034851
v 0.0064924624748528 0.01819451339542866 -0.0313693881034851
v 0.0064924624748528 0.01819451339542866 -0.0313693881034851
v 0.00425421167165041 0.016585864126682285 -0.032466921955347054
v 0.00425421167165041 0.016585864126682285 -0.032466921955347054
v 0.00425421167165041 0.016585864126682285 -0.032466921955347054
v 0.00425421167165041 0.016585864126682285 -0.032466921955347054
v 0.001835937611758709 0.015036562457680706 -0.033210970461368554
v 0.001835937611758709 0.015036562457680706 -0.033210970461368554
v 0.001835937611758709 0.015036562457680706 -0.033210970461368554
v 0.001835937611758709 0.015036562457680706 -0.033210970461368554
v -0.0007181930704973638 0.013574927113950256 -0.03358792141079902
v -0.0007181930704973638 0.013574927113950256 -0.03358792141079902
v -0.0007181930704973638 0.013574927113950256 -0.03358792141079902
v -0.0007181930704973638 0.013574927113950256 -0.03358792141079902
v -0.003361473325639963 0.012227671220898632 -0.03359097614884376
v -0.003361473325639963 0.012227671220898632 -0.03359097614884376
v -0.003361473325639963 0.012227671220898632 -0.03359097614884376
v -0.003361473325639963 0.012227671220898632 -0.03359097614884376
v 0.01799490489065647 0.028366534039378173 -0.012314759194850918
v 0.01799490489065647 0.028366534039378173 -0.012314759194850918
v 0.01799490489065647 0.028366534039378173 -0.012314759194850918
v 0.01799490489065647 0.028366534039378173 -0.012314759194850918
v 0.01799490489065647 0.028366534039378173 -0.012314759194850918
v 0.01829252764582634 0.02717851288616658 -0.015449982136487957
v 0.01829252764582634 0.02717851288616658 -0.015449982136487957
v 0.01829252764582634 0.02717851288616658 -0.015449982136487957
v 0.01829252764582634 0.02717851288616658 -0.015449982136487957
v 0.018178239464759827 0.025807730853557594 -0.018521973863244053
v 0.018178239464759827 0.025807730853557594 -0.018521973863244053
v 0.018178239464759827 0.025807730853557594 -0.018521973863244053
v 0.018178239464759827 0.025807730853557594 -0.018521973863244053
v 0.017654115334153175 0.02427924610674382 -0.021474670618772503
v 0.017654115334153175 0.02427924610674382 -0.021474670618772503
v 0.017654115334153175 0.02427924610674382 -0.021474670618772503
v 0.017654115334153175 0.02427924610674382 -0.021474670618772503
v 0.01672973670065403 0.02262099459767342 -0.02425409108400344
v 0.01672973670065403 0.02262099459767342 -0.02425409108400344
v 0.01672973670065403 0.02262099459767342 -0.02425409108400344
v 0.01672973670065403 0.02262099459767342 -0.02425409108400344
v 0.015422012656927109 0.020863283425569538 -0.02680938877165317
v 0.015422012656927109 0.020863283425569538 -0.02680938877165317
v 0.015422012656927109 0.020863283425569538 -0.02680938877165317
v 0.015422012656927109 0.020863283425569538 -0.02680938877165317
v 0.013754822313785553 0.019038241356611255 -0.029093934223055833
v 0.013754822313785553 0.019038241356611255 -0.029093934223055833
v 0.013754822313785553 0.019038241356611255 -0.029093934223055833
v 0.013754822313785553 0.019038241356611255 -0.029093934223055833
v 0.011758667416870594 0.017179217189550403 -0.031065920367836945
v 0.011758667416870594 0.017179217189550403 -0.031065920367836945
v 0.011758667416870594 0.017179217189550403 -0.031065920367836945
v 0.011758667416870594 0.017179217189550403 -0.031065920367836945
v 0.009469985961914062 0.01532019674777985 -0.032689332962036126
v 0.009469985961914062 0.01532019674777985 -0.032689332962036126
v 0.009469985961914062 0.01532019674777985 -0.032689332962036126
v 0.009469985961914062 0.01532019674777985 -0.032689332962036126
v 0.0069306641817092896 0.013495150022208694 -0.03393448144197463
v 0.0069306641817092896 0.013495150022208694 -0.03393448144197463
v 0.0069306641817092896 0.013495150022208694 -0.03393448144197463
v 0.0069306641817092896 0.013495150022208694 -0.03393448144197463
v 0.004187080543488264 0.011737440712749962 -0.034778628498315804
v 0.004187080543488264 0.011737440712749962 -0.034778628498315804
v 0.004187080543488264 0.011737440712749962 -0.034778628498315804
v 0.004187080543488264 0.011737440712749962 -0.034778628498315804
v 0.0012893753591924906 0.010079188272356989 -0.03520629927515983
v 0.0012893753591924906 0.010079188272356989 -0.03520629927515983
v 0.0012893753591924906 0.010079188272356989 -0.03520629927515983
v 0.0012893753591924906 0.010079188272356989 -0.03520629927515983
v -0.001709472737275064 0.008550703525543215 -0.035209748893976205
v -0.001709472737275064 0.008550703525543215 -0.035209748893976205
v -0.001709472737275064 0.008550703525543215 -0.035209748893976205
v -0.001709472737275064 0.008550703525543215 -0.035209748893976205
v -0.0047546615824103355 0.007179922424256803 -0.034788850694894784
v -0.0047546615824103355 0.007179922424256803 -0.034788850694894784
v -0.0047546615824103355 0.007179922424256803 -0.034788850694894784
v -0.0047546615824103355 0.007179922424256803 -0.034788850694894784
v 0.021730484440922737 0.02652444317936898 -0.011081177741289137
v 0.021730484440922737 0.02652444317936898 -0.011081177741289137
v 0.021730484440922737 0.02652444317936898 -0.011081177741289137
v 0.021730484440922737 0.02652444317936898 -0.011081177741289137
v 0.022057922556996346 0.025217449292540557 -0.014530335552990433
v 0.022057922556996346 0.025217449292540557 -0.014530335552990433
v 0.022057922556996346 0.025217449292540557 -0.014530335552990433
v 0.022057922556996346 0.025217449292540557 -0.014530335552990433
v 0.021932175382971764 0.023709395900368697 -0.017909973859786984
v 0.021932175382971764 0.023709395900368697 -0.017909973859786984
v 0.021932175382971764 0.023709395900368697 -0.017909973859786984
v 0.021932175382971764 0.023709395900368697 -0.017909973859786984
v 0.021355561912059784 0.022027846425771717 -0.021158356219530102
v 0.021355561912059784 0.022027846425771717 -0.021158356219530102
v 0.021355561912059784 0.022027846425771717 -0.021158356219530102
v 0.021355561912059784 0.022027846425771717 -0.021158356219530102
v 0.020338624715805054 0.020203536376357082 -0.024216126650571816
v 0.020338624715805054 0.020203536376357082 -0.024216126650571816
v 0.020338624715805054 0.020203536376357082 -0.024216126650571816
v 0.020338624715805054 0.020203536376357082 -0.024216126650571816
v 0.018899934366345406 0.018269805237650875 -0.02702734433114528
v 0.018899934366345406 0.018269805237650875 -0.02702734433114528
v 0.018899934366345406 0.018269805237650875 -0.02702734433114528
v 0.018899934366345406 0.018269805237650875 -0.02702734433114528
v 0.01706579700112343 0.01626200042665005 -0.029540620744228356
v 0.01706579700112343 0.01626200042665005 -0.029540620744228356
v 0.01706579700112343 0.01626200042665005 -0.029540620744228356
v 0.01706579700112343 0.01626200042665005 -0.029540620744228356
v 0.01486973650753498 0.014216815121471885 -0.03171011433005332
v 0.01486973650753498 0.014216815121471885 -0.03171011433005332
v 0.01486973650753498 0.014216815121471885 -0.03171011433005332
v 0.01486973650753498 0.014216815121471885 -0.03171011433005332
v 0.012351898476481438 0.012171626091003421 -0.03349609673023223
v 0.012351898476481438 0.012171626091003421 -0.03349609673023223
v 0.012351898476481438 0.012171626091003421 -0.03349609673023223
v 0.012351898476481438 0.012171626091003421 -0.03349609673023223
v 0.00955827347934246 0.010163820348680021 -0.03486590832471847
v 0.00955827347934246 0.010163820348680021 -0.03486590832471847
v 0.00955827347934246 0.010163820348680021 -0.03486590832471847
v 0.00955827347934246 0.010163820348680021 -0.03486590832471847
v 0.006539932452142239 0.008230089209973814 -0.03579458966851234
v 0.006539932452142239 0.008230089209973814 -0.03579458966851234
v 0.006539932452142239 0.008230089209973814 -0.03579458966851234
v 0.006539932452142239 0.008230089209973814 -0.03579458966851234
v 0.0033520509023219347 0.006405779160559179 -0.03626510873436927
v 0.0033520509023219347 0.006405779160559179 -0.03626510873436927
v 0.0033520509023219347 0.006405779160559179 -0.03626510873436927
v 0.0033520509023219347 0.006405779160559179 -0.03626510873436927
v 5.288696411298588e-05 0.004724230151623488 -0.03626889362931251
v 5.288696411298588e-05 0.004724230151623488 -0.03626889362931251
v 5.288696411298588e-05 0.004724230151623488 -0.03626889362931251
v 5.288696411298588e-05 0.004724230151623488 -0.03626889362931251
v -0.003297249088063836 0.003216177225112916 -0.03580584749579429
v -0.003297249088063836 0.003216177225112916 -0.03580584749579429
v -0.003297249088063836 0.003216177225112916 -0.03580584749579429
v -0.003297249088063836 0.003216177225112916 -0.03580584749579429
v -0.006637138780206442 0.0019091817084699873 -0.03488446027040481
v -0.006637138780206442 0.0019091817084699873 -0.03488446027040481
v -0.006637138780206442 0.0019091817084699873 -0.03488446027040481
v -0.006637138780206442 0.0019091817084699873 -0.03488446027040481
v -0.009905739687383175 0.0008271331898868086 -0.03352157771587371
v -0.009905739687383175 0.0008271331898868086 -0.03352157771587371
v -0.009905739687383175 0.0008271331898868086 -0.03352157771587371
v -0.009905739687383175 0.0008271331898868086 -0.03352157771587371
v -0.009905739687383175 0.0008271331898868086 -0.03352157771587371
v 0.025144517421722412 0.024201637133955962 -0.009732605889439581
v 0.025144517421722412 0.024201637133955962 -0.009732605889439581
v 0.025144517421722412 0.024201637133955962 -0.009732605889439581
v 0.025144517421722412 0.024201637133955962 -0.009732605889439581
v 0.02549571357667446 0.022799754515290264 -0.01343216001987457
v 0.02549571357667446 0.022799754515290264 -0.01343216001987457
v 0.02549571357667446 0.022799754515290264 -0.01343216001987457
v 0.02549571357667446 0.022799754515290264 -0.01343216001987457
v 0.025360841304063797 0.021182220429182056 -0.01705715991556644
v 0.025360841304063797 0.021182220429182056 -0.01705715991556644
v 0.025360841304063797 0.021182220429182056 -0.01705715991556644
v 0.025360841304063797 0.021182220429182056 -0.01705715991556644
v 0.024742357432842255 0.019378593191504482 -0.020541382953524586
v 0.024742357432842255 0.019378593191504482 -0.020541382953524586
v 0.024742357432842255 0.019378593191504482 -0.020541382953524586
v 0.024742357432842255 0.019378593191504482 -0.020541382953524586
v 0.023651598021388054 0.01742184348404408 -0.023821076378226273
v 0.023651598021388054 0.01742184348404408 -0.023821076378226273
v 0.023651598021388054 0.01742184348404408 -0.023821076378226273
v 0.023651598021388054 0.01742184348404408 -0.023821076378226273
v 0.02210845984518528 0.01534772384911776 -0.026836397126317017
v 0.02210845984518528 0.01534772384911776 -0.026836397126317017
v 0.02210845984518528 0.01534772384911776 -0.026836397126317017
v 0.02210845984518528 0.01534772384911776 -0.026836397126317017
v 0.020141160115599632 0.013194154947996143 -0.029532166197895997
v 0.020141160115599632 0.013194154947996143 -0.029532166197895997
v 0.020141160115599632 0.013194154947996143 -0.029532166197895997
v 0.020141160115599632 0.013194154947996143 -0.029532166197895997
v 0.017785675823688507 0.01100049074739218 -0.031859163194894784
v 0.017785675823688507 0.01100049074739218 -0.031859163194894784
v 0.017785675823688507 0.01100049074739218 -0.031859163194894784
v 0.017785675823688507 0.01100049074739218 -0.031859163194894784
v 0.015085037797689438 0.008806825615465643 -0.03377478197216987
v 0.015085037797689438 0.008806825615465643 -0.03377478197216987
v 0.015085037797689438 0.008806825615465643 -0.03377478197216987
v 0.015085037797689438 0.008806825615465643 -0.03377478197216987
v 0.012088607996702194 0.006653257645666601 -0.03524408116936683
v 0.012088607996702194 0.006653257645666601 -0.03524408116936683
v 0.012088607996702194 0.006653257645666601 -0.03524408116936683
v 0.012088607996702194 0.006653257645666601 -0.03524408116936683
v 0.008851136080920696 0.0045791417360305795 -0.036240175366401665
v 0.008851136080920696 0.0045791417360305795 -0.036240175366401665
v 0.008851136080920696 0.0045791417360305795 -0.036240175366401665
v 0.008851136080920696 0.0045791417360305795 -0.036240175366401665
v 0.008851136080920696 0.0045791417360305795 -0.036240175366401665
v 0.005431823898106813 0.002622389001771808 -0.0367448441684246
v 0.005431823898106813 0.002622389001771808 -0.0367448441684246
v 0.005431823898106813 0.002622389001771808 -0.0367448441684246
v 0.005431823898106813 0.002622389001771808 -0.0367448441684246
v 0.001893158070743084 0.0008187618805095556 -0.03674890473484992
v 0.001893158070743084 0.0008187618805095556 -0.03674890473484992
v 0.001893158070743084 0.0008187618805095556 -0.03674890473484992
v 0.001893158070743084 0.0008187618805095556 -0.03674890473484992
v -0.0017002030508592725 -0.0007987728458829226 -0.03625223040580749
v -0.0017002030508592725 -0.0007987728458829226 -0.03625223040580749
v -0.0017002030508592725 -0.0007987728458829226 -0.03625223040580749
v -0.0017002030508592725 -0.0007987728458829226 -0.03625223040580749
v -0.005282570142298937 -0.0022006530780345206 -0.03526394814252853
v -0.005282570142298937 -0.0022006530780345206 -0.03526394814252853
v -0.005282570142298937 -0.0022006530780345206 -0.03526394814252853
v -0.005282570142298937 -0.0022006530780345206 -0.03526394814252853
v -0.005282570142298937 -0.0022006530780345206 -0.03526394814252853
v 0.02817404270172119 0.021440917626023296 -0.008293854072690008
v 0.02817404270172119 0.021440917626023296 -0.008293854072690008
v 0.02817404270172119 0.021440917626023296 -0.008293854072690008
v 0.02817404270172119 0.021440917626023296 -0.008293854072690008
v 0.028542542830109596 0.01996998116374016 -0.012175659649074074
v 0.028542542830109596 0.01996998116374016 -0.012175659649074074
v 0.028542542830109596 0.01996998116374016 -0.012175659649074074
v 0.028542542830109596 0.01996998116374016 -0.012175659649074074
v 0.028401032090187073 0.0182727724313736 -0.01597918756306171
v 0.028401032090187073 0.0182727724313736 -0.01597918756306171
v 0.028401032090187073 0.0182727724313736 -0.01597918756306171
v 0.028401032090187073 0.0182727724313736 -0.01597918756306171
v 0.027752092108130455 0.016380304470658306 -0.019635040313005444
v 0.027752092108130455 0.016380304470658306 -0.019635040313005444
v 0.027752092108130455 0.016380304470658306 -0.019635040313005444
v 0.027752092108130455 0.016380304470658306 -0.019635040313005444
v 0.026607591658830643 0.014327170327305797 -0.023076325654983517
v 0.026607591658830643 0.014327170327305797 -0.023076325654983517
v 0.026607591658830643 0.014327170327305797 -0.023076325654983517
v 0.026607591658830643 0.014327170327305797 -0.023076325654983517
v 0.02498845010995865 0.012150885537266735 -0.026240173727273934
v 0.02498845010995865 0.012150885537266735 -0.026240173727273934
v 0.02498845010995865 0.012150885537266735 -0.026240173727273934
v 0.02498845010995865 0.012150885537266735 -0.026240173727273934
v 0.02498845010995865 0.012150885537266735 -0.026240173727273934
v 0.022924255579710007 0.009891238063573839 -0.029068697243928902
v 0.022924255579710007 0.009891238063573839 -0.029068697243928902
v 0.022924255579710007 0.009891238063573839 -0.029068697243928902
v 0.022924255579710007 0.009891238063573839 -0.029068697243928902
v 0.020452745258808136 0.007589521817862989 -0.03151028603315353
v 0.020452745258808136 0.007589521817862989 -0.03151028603315353
v 0.020452745258808136 0.007589521817862989 -0.03151028603315353
v 0.020452745258808136 0.007589521817862989 -0.03151028603315353
v 0.017619065940380096 0.00528780184686184 -0.03352029621601104
v 0.017619065940380096 0.00528780184686184 -0.03352029621601104
v 0.017619065940380096 0.00528780184686184 -0.03352029621601104
v 0.017619065940380096 0.00528780184686184 -0.03352029621601104
v 0.014475037343800068 0.00302815460599959 -0.03506195172667503
v 0.014475037343800068 0.00302815460599959 -0.03506195172667503
v 0.014475037343800068 0.00302815460599959 -0.03506195172667503
v 0.014475037343800068 0.00302815460599959 -0.03506195172667503
v 0.011078109964728355 0.0008518734248355033 -0.036107089370489114
v 0.011078109964728355 0.0008518734248355033 -0.036107089370489114
v 0.011078109964728355 0.0008518734248355033 -0.036107089370489114
v 0.011078109964728355 0.0008518734248355033 -0.036107089370489114
v 0.011078109964728355 0.0008518734248355033 -0.036107089370489114
v 0.007490372285246849 -0.0012012635124847295 -0.03663665801286697
v 0.007490372285246849 -0.0012012635124847295 -0.03663665801286697
v 0.007490372285246849 -0.0012012635124847295 -0.03663665801286697
v 0.007490372285246849 -0.0012012635124847295 -0.03663665801286697
v 0.007490372285246849 -0.0012012635124847295 -0.03663665801286697
v 0.003777389647439122 -0.0030937311239540586 -0.036640901118516915
v 0.003777389647439122 -0.0030937311239540586 -0.036640901118516915
v 0.003777389647439122 -0.0030937311239540586 -0.036640901118516915
v 0.003777389647439122 -0.0030937311239540586 -0.036640901118516915
v 7.041931439744076e-06 -0.004790941253304482 -0.03611978143453597
v 7.041931439744076e-06 -0.004790941253304482 -0.03611978143453597
v 7.041931439744076e-06 -0.004790941253304482 -0.03611978143453597
v 7.041931439744076e-06 -0.004790941253304482 -0.03611978143453597
v -0.0037517778109759092 -0.006261875387281181 -0.03508282452821731
v -0.0037517778109759092 -0.006261875387281181 -0.03508282452821731
v -0.0037517778109759092 -0.006261875387281181 -0.03508282452821731
v -0.0037517778109759092 -0.006261875387281181 -0.03508282452821731
v -0.0074303592555224895 -0.007479647174477579 -0.0335489809513092
v -0.0074303592555224895 -0.007479647174477579 -0.0335489809513092
v -0.0074303592555224895 -0.007479647174477579 -0.0335489809513092
v -0.0074303592555224895 -0.007479647174477579 -0.0335489809513092
v -0.0074303592555224895 -0.007479647174477579 -0.0335489809513092
v -0.0074303592555224895 -0.007479647174477579 -0.0335489809513092
v 0.0307632926851511 0.018293159082531932 -0.006791504099965094
v 0.0307632926851511 0.018293159082531932 -0.006791504099965094
v 0.0307632926851511 0.018293159082531932 -0.006791504099965094
v 0.0307632926851511 0.018293159082531932 -0.006791504099965094
v 0.03114228881895542 0.016780279576778415 -0.010783966630697249
v 0.03114228881895542 0.016780279576778415 -0.010783966630697249
v 0.03114228881895542 0.016780279576778415 -0.010783966630697249
v 0.03114228881895542 0.016780279576778415 -0.010783966630697249
v 0.030996736139059067 0.015034670941531662 -0.014696015045046803
v 0.030996736139059067 0.015034670941531662 -0.014696015045046803
v 0.030996736139059067 0.015034670941531662 -0.014696015045046803
v 0.030996736139059067 0.015034670941531662 -0.014696015045046803
v 0.030329301953315735 0.0130882328376174 -0.018456116318702694
v 0.030329301953315735 0.0130882328376174 -0.018456116318702694
v 0.030329301953315735 0.0130882328376174 -0.018456116318702694
v 0.030329301953315735 0.0130882328376174 -0.018456116318702694
v 0.02915216237306595 0.01097654551267624 -0.02199551463127136
v 0.02915216237306595 0.01097654551267624 -0.02199551463127136
v 0.02915216237306595 0.01097654551267624 -0.02199551463127136
v 0.02915216237306595 0.01097654551267624 -0.02199551463127136
v 0.027486832812428474 0.008738203905522825 -0.02524957433342933
v 0.027486832812428474 0.008738203905522825 -0.02524957433342933
v 0.027486832812428474 0.008738203905522825 -0.02524957433342933
v 0.027486832812428474 0.008738203905522825 -0.02524957433342933
v 0.027486832812428474 0.008738203905522825 -0.02524957433342933
v 0.02536378614604473 0.006414114497601988 -0.028158783912658684
v 0.02536378614604473 0.006414114497601988 -0.028158783912658684
v 0.02536378614604473 0.006414114497601988 -0.028158783912658684
v 0.02536378614604473 0.006414114497601988 -0.028158783912658684
v 0.02536378614604473 0.006414114497601988 -0.028158783912658684
v 0.022821778431534767 0.004046758636832238 -0.03066998347640037
v 0.022821778431534767 0.004046758636832238 -0.03066998347640037
v 0.022821778431534767 0.004046758636832238 -0.03066998347640037
v 0.022821778431534767 0.004046758636832238 -0.03066998347640037
v 0.019907303154468536 0.001679401495493949 -0.03273730725049972
v 0.019907303154468536 0.001679401495493949 -0.03273730725049972
v 0.019907303154468536 0.001679401495493949 -0.03273730725049972
v 0.019907303154468536 0.001679401495493949 -0.03273730725049972
v 0.019907303154468536 0.001679401495493949 -0.03273730725049972
v 0.0166736152023077 -0.0006446876795962454 -0.03432293981313705
v 0.0166736152023077 -0.0006446876795962454 -0.03432293981313705
v 0.0166736152023077 -0.0006446876795962454 -0.03432293981313705
v 0.0166736152023077 -0.0006446876795962454 -0.03432293981313705
v 0.0166736152023077 -0.0006446876795962454 -0.03432293981313705
v 0.013179809786379337 -0.002883030101656914 -0.035397890955209725
v 0.013179809786379337 -0.002883030101656914 -0.035397890955209725
v 0.013179809786379337 -0.002883030101656914 -0.035397890955209725
v 0.013179809786379337 -0.002883030101656914 -0.035397890955209725
v 0.009489761665463448 -0.004994718823581935 -0.035942535847425454
v 0.009489761665463448 -0.004994718823581935 -0.035942535847425454
v 0.009489761665463448 -0.004994718823581935 -0.035942535847425454
v 0.009489761665463448 -0.004994718823581935 -0.035942535847425454
v 0.009489761665463448 -0.004994718823581935 -0.035942535847425454
v 0.0056708985939621925 -0.00694115459918976 -0.03594690188765525
v 0.0056708985939621925 -0.00694115459918976 -0.03594690188765525
v 0.0056708985939621925 -0.00694115459918976 -0.03594690188765525
v 0.0056708985939621925 -0.00694115459918976 -0.03594690188765525
v 0.0017930222675204277 -0.008686764165759088 -0.03541095182299613
v 0.0017930222675204277 -0.008686764165759088 -0.03541095182299613
v 0.0017930222675204277 -0.008686764165759088 -0.03541095182299613
v 0.0017930222675204277 -0.008686764165759088 -0.03541095182299613
v -0.002072982955724001 -0.01019964460283518 -0.03434439375996589
v -0.002072982955724001 -0.01019964460283518 -0.03434439375996589
v -0.002072982955724001 -0.01019964460283518 -0.03434439375996589
v -0.002072982955724001 -0.01019964460283518 -0.03434439375996589
v -0.005856476258486509 -0.011452144943177702 -0.032766815274953835
v -0.005856476258486509 -0.011452144943177702 -0.032766815274953835
v -0.005856476258486509 -0.011452144943177702 -0.032766815274953835
v -0.005856476258486509 -0.011452144943177702 -0.032766815274953835
v -0.005856476258486509 -0.011452144943177702 -0.032766815274953835
v -0.03551144525408745 -0.0009783401619642975 -0.0016719971317797895
v -0.03551144525408745 -0.0009783401619642975 -0.0016719971317797895
v -0.03551144525408745 -0.0009783401619642975 -0.0016719971317797895
v -0.03551144525408745 -0.0009783401619642975 -0.0016719971317797895
v -0.03513193503022194 -0.0010625153081491592 -0.0013535461621358989
v -0.03513193503022194 -0.0010625153081491592 -0.0013535461621358989
v -0.03513193503022194 -0.0010625153081491592 -0.0013535461621358989
v -0.03513193503022194 -0.0010625153081491592 -0.0013535461621358989
v -0.03513193503022194 0.0019374829716980462 -0.0013535461621358989
v -0.03513193503022194 0.0019374829716980462 -0.0013535461621358989
v -0.03513193503022194 0.0019374829716980462 -0.0013535461621358989
v -0.034446001052856445 0.0018533096881583337 -0.0007779846782796083
v -0.034446001052856445 0.0018533096881583337 -0.0007779846782796083
v -0.034446001052856445 0.0018533096881583337 -0.0007779846782796083
v -0.03482551872730255 0.0019374829716980462 -0.0010964355897158382
v -0.03482551872730255 0.0019374829716980462 -0.0010964355897158382
v -0.03482551872730255 0.0019374829716980462 -0.0010964355897158382
v -0.03482551872730255 0.0019374829716980462 -0.0010964355897158382
v -0.034446001052856445 -0.0009783401619642975 -0.0007779846782796083
v -0.034446001052856445 -0.0009783401619642975 -0.0007779846782796083
v -0.034446001052856445 -0.0009783401619642975 -0.0007779846782796083
v -0.03482551872730255 -0.0010625153081491592 -0.0010964355897158382
v -0.03482551872730255 -0.0010625153081491592 -0.0010964355897158382
v -0.03482551872730255 -0.0010625153081491592 -0.0010964355897158382
v -0.03482551872730255 -0.0010625153081491592 -0.0010964355897158382
v -0.03598008304834366 0.001449489616788924 -0.0020652161911129947
v -0.03598008304834366 0.001449489616788924 -0.0020652161911129947
v -0.03598008304834366 0.001449489616788924 -0.0020652161911129947
v -0.036246173083782196 0.000803995179012418 -0.0022884828504174943
v -0.036246173083782196 0.000803995179012418 -0.0022884828504174943
v -0.036246173083782196 0.000803995179012418 -0.0022884828504174943
v -0.036246173083782196 7.097435445757584e-05 -0.0022884828504174943
v -0.036246173083782196 7.097435445757584e-05 -0.0022884828504174943
v -0.036246173083782196 7.097435445757584e-05 -0.0022884828504174943
v -0.033711280673742294 0.000803995179012418 -0.00016146851703524587
v -0.033711280673742294 0.000803995179012418 -0.00016146851703524587
v -0.033711280673742294 0.000803995179012418 -0.00016146851703524587
v -0.03397737443447113 0.001449489616788924 -0.0003847351181320845
v -0.03397737443447113 0.001449489616788924 -0.0003847351181320845
v -0.03397737443447113 0.001449489616788924 -0.0003847351181320845
v -0.03397737443447113 0.001449489616788924 -0.0003847351181320845
v -0.033711280673742294 7.097435445757584e-05 -0.00016146851703524587
v -0.033711280673742294 7.097435445757584e-05 -0.00016146851703524587
v -0.033711280673742294 7.097435445757584e-05 -0.00016146851703524587
v -0.033711280673742294 7.097435445757584e-05 -0.00016146851703524587
v -0.03397737443447113 -0.0005745220696553589 -0.0003847351181320845
v -0.03397737443447113 -0.0005745220696553589 -0.0003847351181320845
v -0.03397737443447113 -0.0005745220696553589 -0.0003847351181320845
v -0.03551144525408745 0.0018533096881583337 -0.0016719971317797895
v -0.03551144525408745 0.0018533096881583337 -0.0016719971317797895
v -0.03551144525408745 0.0018533096881583337 -0.0016719971317797895
v -0.03551144525408745 0.0018533096881583337 -0.0016719971317797895
v -0.03598008304834366 -0.0005745220696553589 -0.0020652161911129947
v -0.03598008304834366 -0.0005745220696553589 -0.0020652161911129947
v -0.03598008304834366 -0.0005745220696553589 -0.0020652161911129947
v 0.007157227024435997 -0.0009783401619642975 0.034131288528442376
v 0.007157227024435997 -0.0009783401619642975 0.034131288528442376
v 0.007157227024435997 -0.0009783401619642975 0.034131288528442376
v 0.007536743301898241 0.0019374829716980462 0.034449737519025796
v 0.007536743301898241 0.0019374829716980462 0.034449737519025796
v 0.007536743301898241 0.0019374829716980462 0.034449737519025796
v 0.007536743301898241 0.0019374829716980462 0.034449737519025796
v 0.007536743301898241 0.0019374829716980462 0.034449737519025796
v 0.007157227024435997 0.0018533096881583337 0.034131288528442376
v 0.007157227024435997 0.0018533096881583337 0.034131288528442376
v 0.007157227024435997 0.0018533096881583337 0.034131288528442376
v 0.006422515958547592 7.097435445757584e-05 0.03351477161049842
v 0.006422515958547592 7.097435445757584e-05 0.03351477161049842
v 0.006422515958547592 7.097435445757584e-05 0.03351477161049842
v 0.00668859900906682 -0.0005745220696553589 0.03373803943395614
v 0.00668859900906682 -0.0005745220696553589 0.03373803943395614
v 0.00668859900906682 -0.0005745220696553589 0.03373803943395614
v 0.006422515958547592 0.000803995179012418 0.03351477161049842
v 0.006422515958547592 0.000803995179012418 0.03351477161049842
v 0.006422515958547592 0.000803995179012418 0.03351477161049842
v 0.00668859900906682 0.001449489616788924 0.03373803943395614
v 0.00668859900906682 0.001449489616788924 0.03373803943395614
v 0.00668859900906682 0.001449489616788924 0.03373803943395614
v 0.00838488806039095 -0.0005745220696553589 0.03516140952706336
v 0.00838488806039095 -0.0005745220696553589 0.03516140952706336
v 0.00838488806039095 -0.0005745220696553589 0.03516140952706336
v 0.00838488806039095 -0.0005745220696553589 0.03516140952706336
v 0.008650986477732658 7.097435445757584e-05 0.03538467735052108
v 0.008650986477732658 7.097435445757584e-05 0.03538467735052108
v 0.008650986477732658 7.097435445757584e-05 0.03538467735052108
v 0.008650986477732658 0.000803995179012418 0.03538467735052108
v 0.008650986477732658 0.000803995179012418 0.03538467735052108
v 0.008650986477732658 0.000803995179012418 0.03538467735052108
v 0.007536743301898241 -0.0010625153081491592 0.034449737519025796
v 0.007536743301898241 -0.0010625153081491592 0.034449737519025796
v 0.007536743301898241 -0.0010625153081491592 0.034449737519025796
v 0.007536743301898241 -0.0010625153081491592 0.034449737519025796
v 0.00791626051068306 -0.0009783401619642975 0.034768160432577126
v 0.00791626051068306 -0.0009783401619642975 0.034768160432577126
v 0.00791626051068306 -0.0009783401619642975 0.034768160432577126
v 0.00791626051068306 -0.0009783401619642975 0.034768160432577126
v 0.00791626051068306 -0.0009783401619642975 0.034768160432577126
v 0.00791626051068306 0.0018533096881583337 0.034768160432577126
v 0.00791626051068306 0.0018533096881583337 0.034768160432577126
v 0.00791626051068306 0.0018533096881583337 0.034768160432577126
v 0.00791626051068306 0.0018533096881583337 0.034768160432577126
v 0.00838488806039095 0.001449489616788924 0.03516140952706336
v 0.00838488806039095 0.001449489616788924 0.03516140952706336
v 0.00838488806039095 0.001449489616788924 0.03516140952706336
v 0.00838488806039095 0.001449489616788924 0.03516140952706336
v -0.011631233617663383 0.027937484905123718 0.014121888205409047
v -0.011631233617663383 0.027937484905123718 0.014121888205409047
v -0.011631233617663383 0.027937484905123718 0.014121888205409047
v -0.011631233617663383 0.027937484905123718 0.014121888205409047
v -0.011631233617663383 0.027937484905123718 0.014121888205409047
v -0.011631233617663383 0.027937484905123718 0.014121888205409047
v -0.011631233617663383 0.027937484905123718 0.014121888205409047
v -0.011631233617663383 0.027937484905123718 0.014121888205409047
v -0.011631233617663383 0.027937484905123718 0.014121888205409047
v -0.011631233617663383 0.027937484905123718 0.014121888205409047
v -0.011631233617663383 0.027937484905123718 0.014121888205409047
v -0.011631233617663383 0.027937484905123718 0.014121888205409047
v -0.011631233617663383 0.027937484905123718 0.014121888205409047
v -0.011631233617663383 0.027937484905123718 0.014121888205409047
v -0.011185494251549244 0.02763205952942372 0.015476380474865433
v -0.011185494251549244 0.02763205952942372 0.015476380474865433
v -0.011185494251549244 0.02763205952942372 0.015476380474865433
v -0.011185494251549244 0.02763205952942372 0.015476380474865433
v -0.011185494251549244 0.028242912143468864 0.015476380474865433
v -0.011185494251549244 0.028242912143468864 0.015476380474865433
v -0.011185494251549244 0.028242912143468864 0.015476380474865433
v -0.011185494251549244 0.028242912143468864 0.015476380474865433
v -0.011407227255403996 0.027094146236777313 0.01529031433165073
v -0.011407227255403996 0.027094146236777313 0.01529031433165073
v -0.011407227255403996 0.027094146236777313 0.01529031433165073
v -0.011407227255403996 0.027094146236777313 0.01529031433165073
v -0.011797760613262653 0.02675763331353665 0.014962647110223767
v -0.011797760613262653 0.02675763331353665 0.014962647110223767
v -0.011797760613262653 0.02675763331353665 0.014962647110223767
v -0.011797760613262653 0.02675763331353665 0.014962647110223767
v -0.012114021927118301 0.026687484234571464 0.014697266742587086
v -0.012114021927118301 0.026687484234571464 0.014697266742587086
v -0.012114021927118301 0.026687484234571464 0.014697266742587086
v -0.012114021927118301 0.026687484234571464 0.014697266742587086
v -0.011797760613262653 0.029117340222001083 0.014962647110223767
v -0.011797760613262653 0.029117340222001083 0.014962647110223767
v -0.011797760613262653 0.029117340222001083 0.014962647110223767
v -0.011797760613262653 0.029117340222001083 0.014962647110223767
v -0.012114021927118301 0.029187483713030822 0.014697266742587086
v -0.012114021927118301 0.029187483713030822 0.014697266742587086
v -0.012114021927118301 0.029187483713030822 0.014697266742587086
v -0.012114021927118301 0.029187483713030822 0.014697266742587086
v -0.011407227255403996 0.028780821710824973 0.01529031433165073
v -0.011407227255403996 0.028780821710824973 0.01529031433165073
v -0.011407227255403996 0.028780821710824973 0.01529031433165073
v -0.011407227255403996 0.028780821710824973 0.01529031433165073
v -0.013042549602687359 0.028242912143468864 0.013918122276663777
v -0.013042549602687359 0.028242912143468864 0.013918122276663777
v -0.013042549602687359 0.028242912143468864 0.013918122276663777
v -0.013042549602687359 0.028242912143468864 0.013918122276663777
v -0.013042549602687359 0.02763205952942372 0.013918122276663777
v -0.013042549602687359 0.02763205952942372 0.013918122276663777
v -0.013042549602687359 0.02763205952942372 0.013918122276663777
v -0.013042549602687359 0.02763205952942372 0.013918122276663777
v -0.01282080914825201 0.028780821710824973 0.014104187488555905
v -0.01282080914825201 0.028780821710824973 0.014104187488555905
v -0.01282080914825201 0.028780821710824973 0.014104187488555905
v -0.01282080914825201 0.028780821710824973 0.014104187488555905
v -0.01243028324097395 0.029117340222001083 0.01443188544362783
v -0.01243028324097395 0.029117340222001083 0.01443188544362783
v -0.01243028324097395 0.029117340222001083 0.01443188544362783
v -0.01243028324097395 0.029117340222001083 0.01443188544362783
v -0.01243028324097395 0.02675763331353665 0.01443188544362783
v -0.01243028324097395 0.02675763331353665 0.01443188544362783
v -0.01243028324097395 0.02675763331353665 0.01443188544362783
v -0.01243028324097395 0.02675763331353665 0.01443188544362783
v -0.01282080914825201 0.027094146236777313 0.014104187488555905
v -0.01282080914825201 0.027094146236777313 0.014104187488555905
v -0.01282080914825201 0.027094146236777313 0.014104187488555905
v -0.01282080914825201 0.027094146236777313 0.014104187488555905
v -0.029875123873353004 -0.01331251580268145 -0.0011865539709106086
v -0.029875123873353004 -0.01331251580268145 -0.0011865539709106086
v -0.029875123873353004 -0.01331251580268145 -0.0011865539709106086
v -0.029875123873353004 -0.01331251580268145 -0.0011865539709106086
v -0.029875123873353004 -0.01331251580268145 -0.0011865539709106086
v -0.029875123873353004 -0.01331251580268145 -0.0011865539709106086
v -0.029875123873353004 -0.01331251580268145 -0.0011865539709106086
v -0.029875123873353004 -0.01331251580268145 -0.0011865539709106086
v -0.029875123873353004 -0.01331251580268145 -0.0011865539709106086
v -0.029875123873353004 -0.01331251580268145 -0.0011865539709106086
v -0.029875123873353004 -0.01331251580268145 -0.0011865539709106086
v -0.029875123873353004 -0.01331251580268145 -0.0011865539709106086
v -0.029875123873353004 -0.01331251580268145 -0.0011865539709106086
v -0.029875123873353004 -0.01331251580268145 -0.0011865539709106086
v -0.029429368674755096 -0.013617941178381446 0.00016796875570435074
v -0.029429368674755096 -0.013617941178381446 0.00016796875570435074
v -0.029429368674755096 -0.013617941178381446 0.00016796875570435074
v -0.029429368674755096 -0.013617941178381446 0.00016796875570435074
v -0.029429368674755096 -0.013007090426981453 0.00016796875570435074
v -0.029429368674755096 -0.013007090426981453 0.00016796875570435074
v -0.029429368674755096 -0.013007090426981453 0.00016796875570435074
v -0.029429368674755096 -0.013007090426981453 0.00016796875570435074
v -0.029651116579771042 -0.014155854471027855 -1.812744267226662e-05
v -0.029651116579771042 -0.014155854471027855 -1.812744267226662e-05
v -0.029651116579771042 -0.014155854471027855 -1.812744267226662e-05
v -0.029651116579771042 -0.014155854471027855 -1.812744267226662e-05
v -0.030041642487049103 -0.014492371119558815 -0.0003457946877460926
v -0.030041642487049103 -0.014492371119558815 -0.0003457946877460926
v -0.030041642487049103 -0.014492371119558815 -0.0003457946877460926
v -0.030041642487049103 -0.014492371119558815 -0.0003457946877460926
v -0.030357904732227325 -0.014562515541911129 -0.0006111755501478909
v -0.030357904732227325 -0.014562515541911129 -0.0006111755501478909
v -0.030357904732227325 -0.014562515541911129 -0.0006111755501478909
v -0.030357904732227325 -0.014562515541911129 -0.0006111755501478909
v -0.030041642487049103 -0.012132662348449234 -0.0003457946877460926
v -0.030041642487049103 -0.012132662348449234 -0.0003457946877460926
v -0.030041642487049103 -0.012132662348449234 -0.0003457946877460926
v -0.030041642487049103 -0.012132662348449234 -0.0003457946877460926
v -0.030357904732227325 -0.01206251606345177 -0.0006111755501478909
v -0.030357904732227325 -0.01206251606345177 -0.0006111755501478909
v -0.030357904732227325 -0.01206251606345177 -0.0006111755501478909
v -0.030357904732227325 -0.01206251606345177 -0.0006111755501478909
v -0.029651116579771042 -0.012469178065657619 -1.812744267226662e-05
v -0.029651116579771042 -0.012469178065657619 -1.812744267226662e-05
v -0.029651116579771042 -0.012469178065657619 -1.812744267226662e-05
v -0.029651116579771042 -0.012469178065657619 -1.812744267226662e-05
v -0.031286440789699554 -0.013007090426981453 -0.0013903198996558783
v -0.031286440789699554 -0.013007090426981453 -0.0013903198996558783
v -0.031286440789699554 -0.013007090426981453 -0.0013903198996558783
v -0.031286440789699554 -0.013007090426981453 -0.0013903198996558783
v -0.031286440789699554 -0.013617941178381446 -0.0013903198996558783
v -0.031286440789699554 -0.013617941178381446 -0.0013903198996558783
v -0.031286440789699554 -0.013617941178381446 -0.0013903198996558783
v -0.031286440789699554 -0.013617941178381446 -0.0013903198996558783
v -0.03106469102203846 -0.012469178065657619 -0.001204254222102463
v -0.03106469102203846 -0.012469178065657619 -0.001204254222102463
v -0.03106469102203846 -0.012469178065657619 -0.001204254222102463
v -0.03106469102203846 -0.012469178065657619 -0.001204254222102463
v -0.0306741651147604 -0.012132662348449234 -0.0008765564416535197
v -0.0306741651147604 -0.012132662348449234 -0.0008765564416535197
v -0.0306741651147604 -0.012132662348449234 -0.0008765564416535197
v -0.0306741651147604 -0.012132662348449234 -0.0008765564416535197
v -0.0306741651147604 -0.014492371119558815 -0.0008765564416535197
v -0.0306741651147604 -0.014492371119558815 -0.0008765564416535197
v -0.0306741651147604 -0.014492371119558815 -0.0008765564416535197
v -0.0306741651147604 -0.014492371119558815 -0.0008765564416535197
v -0.03106469102203846 -0.014155854471027855 -0.001204254222102463
v -0.03106469102203846 -0.014155854471027855 -0.001204254222102463
v -0.03106469102203846 -0.014155854471027855 -0.001204254222102463
v -0.03106469102203846 -0.014155854471027855 -0.001204254222102463
v 0.00661265617236495 -0.01331251580268145 0.029430329799652093
v 0.00661265617236495 -0.01331251580268145 0.029430329799652093
v 0.00661265617236495 -0.01331251580268145 0.029430329799652093
v 0.00661265617236495 -0.01331251580268145 0.029430329799652093
v 0.00661265617236495 -0.01331251580268145 0.029430329799652093
v 0.00661265617236495 -0.01331251580268145 0.029430329799652093
v 0.00661265617236495 -0.01331251580268145 0.029430329799652093
v 0.00661265617236495 -0.01331251580268145 0.029430329799652093
v 0.00661265617236495 -0.01331251580268145 0.029430329799652093
v 0.00661265617236495 -0.01331251580268145 0.029430329799652093
v 0.00661265617236495 -0.01331251580268145 0.029430329799652093
v 0.00661265617236495 -0.01331251580268145 0.029430329799652093
v 0.00661265617236495 -0.01331251580268145 0.029430329799652093
v 0.00661265617236495 -0.01331251580268145 0.029430329799652093
v 0.007058410905301571 -0.013617941178381446 0.030784821137785905
v 0.007058410905301571 -0.013617941178381446 0.030784821137785905
v 0.007058410905301571 -0.013617941178381446 0.030784821137785905
v 0.007058410905301571 -0.013617941178381446 0.030784821137785905
v 0.007058410905301571 -0.013007090426981453 0.030784821137785905
v 0.007058410905301571 -0.013007090426981453 0.030784821137785905
v 0.007058410905301571 -0.013007090426981453 0.030784821137785905
v 0.007058410905301571 -0.013007090426981453 0.030784821137785905
v 0.006836655084043741 -0.014155854471027855 0.030598755925893777
v 0.006836655084043741 -0.014155854471027855 0.030598755925893777
v 0.006836655084043741 -0.014155854471027855 0.030598755925893777
v 0.006836655084043741 -0.014155854471027855 0.030598755925893777
v 0.006446136627346277 -0.014492371119558815 0.030271058902144425
v 0.006446136627346277 -0.014492371119558815 0.030271058902144425
v 0.006446136627346277 -0.014492371119558815 0.030271058902144425
v 0.006446136627346277 -0.014492371119558815 0.030271058902144425
v 0.006129867862910032 -0.014562515541911129 0.030005708336830132
v 0.006129867862910032 -0.014562515541911129 0.030005708336830132
v 0.006129867862910032 -0.014562515541911129 0.030005708336830132
v 0.006129867862910032 -0.014562515541911129 0.030005708336830132
v 0.006446136627346277 -0.012132662348449234 0.030271058902144425
v 0.006446136627346277 -0.012132662348449234 0.030271058902144425
v 0.006446136627346277 -0.012132662348449234 0.030271058902144425
v 0.006446136627346277 -0.012132662348449234 0.030271058902144425
v 0.006129867862910032 -0.01206251606345177 0.030005708336830132
v 0.006129867862910032 -0.01206251606345177 0.030005708336830132
v 0.006129867862910032 -0.01206251606345177 0.030005708336830132
v 0.006129867862910032 -0.01206251606345177 0.030005708336830132
v 0.006836655084043741 -0.012469178065657619 0.030598755925893777
v 0.006836655084043741 -0.012469178065657619 0.030598755925893777
v 0.006836655084043741 -0.012469178065657619 0.030598755925893777
v 0.006836655084043741 -0.012469178065657619 0.030598755925893777
v 0.005201324820518494 -0.013007090426981453 0.029226563870906823
v 0.005201324820518494 -0.013007090426981453 0.029226563870906823
v 0.005201324820518494 -0.013007090426981453 0.029226563870906823
v 0.005201324820518494 -0.013007090426981453 0.029226563870906823
v 0.005201324820518494 -0.013617941178381446 0.029226563870906823
v 0.005201324820518494 -0.013617941178381446 0.029226563870906823
v 0.005201324820518494 -0.013617941178381446 0.029226563870906823
v 0.005201324820518494 -0.013617941178381446 0.029226563870906823
v 0.005423080641776323 -0.012469178065657619 0.02941262908279895
v 0.005423080641776323 -0.012469178065657619 0.02941262908279895
v 0.005423080641776323 -0.012469178065657619 0.02941262908279895
v 0.005423080641776323 -0.012469178065657619 0.02941262908279895
v 0.005813599098473787 -0.012132662348449234 0.02974032796919345
v 0.005813599098473787 -0.012132662348449234 0.02974032796919345
v 0.005813599098473787 -0.012132662348449234 0.02974032796919345
v 0.005813599098473787 -0.012132662348449234 0.02974032796919345
v 0.005813599098473787 -0.014492371119558815 0.02974032796919345
v 0.005813599098473787 -0.014492371119558815 0.02974032796919345
v 0.005813599098473787 -0.014492371119558815 0.02974032796919345
v 0.005813599098473787 -0.014492371119558815 0.02974032796919345
v 0.005423080641776323 -0.014155854471027855 0.02941262908279895
v 0.005423080641776323 -0.014155854471027855 0.02941262908279895
v 0.005423080641776323 -0.014155854471027855 0.02941262908279895
v 0.005423080641776323 -0.014155854471027855 0.02941262908279895
v 0.006384354084730148 0.02920325472950936 -0.00162567151710391
v 0.006384354084730148 0.02920325472950936 -0.00162567151710391
v 0.006384354084730148 0.02920325472950936 -0.00162567151710391
v 0.006384354084730148 0.02920325472950936 -0.00162567151710391
v 0.006384354084730148 0.02920325472950936 -0.00162567151710391
v 0.006286087445914745 0.029225571081042297 -0.0017869569128379221
v 0.006286087445914745 0.029225571081042297 -0.0017869569128379221
v 0.006286087445914745 0.029225571081042297 -0.0017869569128379221
v 0.006286087445914745 0.029225571081042297 -0.0017869569128379221
v 0.006286087445914745 0.029225571081042297 -0.0017869569128379221
v 0.006286087445914745 0.029225571081042297 -0.0017869569128379221
v 0.006286087445914745 0.029225571081042297 -0.0017869569128379221
v 0.006286087445914745 0.029225571081042297 -0.0017869569128379221
v 0.006286087445914745 0.029225571081042297 -0.0017869569128379221
v 0.006286087445914745 0.029225571081042297 -0.0017869569128379221
v 0.004279350396245718 0.029367266222834594 -0.0017019959632307287
v 0.004279350396245718 0.029367266222834594 -0.0017019959632307287
v 0.004279350396245718 0.029367266222834594 -0.0017019959632307287
v 0.004279350396245718 0.029367266222834594 -0.0017019959632307287
v 0.004279350396245718 0.029367266222834594 -0.0017019959632307287
v 0.004279350396245718 0.029367266222834594 -0.0017019959632307287
v 0.004279350396245718 0.029367266222834594 -0.0017019959632307287
v 0.004279350396245718 0.029367266222834594 -0.0017019959632307287
v 0.004279350396245718 0.029367266222834594 -0.0017019959632307287
v 0.006495422683656216 0.029101852327585227 -0.0006364441360346972
v 0.006495422683656216 0.029101852327585227 -0.0006364441360346972
v 0.006495422683656216 0.029101852327585227 -0.0006364441360346972
v 0.006495422683656216 0.029101852327585227 -0.0006364441360346972
v 0.006495422683656216 0.029101852327585227 -0.0006364441360346972
v 0.006495422683656216 0.029101852327585227 -0.0006364441360346972
v 0.006537704728543758 0.0291383694857359 -0.0010678711114451287
v 0.006537704728543758 0.0291383694857359 -0.0010678711114451287
v 0.006537704728543758 0.0291383694857359 -0.0010678711114451287
v 0.006537704728543758 0.0291383694857359 -0.0010678711114451287
v 0.006537704728543758 0.0291383694857359 -0.0010678711114451287
v 0.006513809319585562 0.02915825136005879 -0.0012568054953590033
v 0.006513809319585562 0.02915825136005879 -0.0012568054953590033
v 0.006513809319585562 0.02915825136005879 -0.0012568054953590033
v 0.006513809319585562 0.02915825136005879 -0.0012568054953590033
v 0.004945633001625538 0.029350532218813903 -0.0021425476297736164
v 0.004945633001625538 0.029350532218813903 -0.0021425476297736164
v 0.004945633001625538 0.029350532218813903 -0.0021425476297736164
v 0.004945633001625538 0.029350532218813903 -0.0021425476297736164
v 0.004945633001625538 0.029350532218813903 -0.0021425476297736164
v 0.004643860273063183 0.029361495748162277 -0.0020101014524698253
v 0.004643860273063183 0.029361495748162277 -0.0020101014524698253
v 0.004643860273063183 0.029361495748162277 -0.0020101014524698253
v 0.004643860273063183 0.029361495748162277 -0.0020101014524698253
v 0.004437545780092478 0.02936601266264916 -0.0018625794909894462
v 0.004437545780092478 0.02936601266264916 -0.0018625794909894462
v 0.004437545780092478 0.02936601266264916 -0.0018625794909894462
v 0.004437545780092478 0.02936601266264916 -0.0018625794909894462
v 0.004437545780092478 0.02936601266264916 -0.0018625794909894462
v 0.0061430055648088455 0.02925137989223004 -0.0019575806800276037
v 0.0061430055648088455 0.02925137989223004 -0.0019575806800276037
v 0.0061430055648088455 0.02925137989223004 -0.0019575806800276037
v 0.0061430055648088455 0.02925137989223004 -0.0019575806800276037
v 0.0055660405196249485 0.02931237034499646 -0.0021867067553102966
v 0.0055660405196249485 0.02931237034499646 -0.0021867067553102966
v 0.0055660405196249485 0.02931237034499646 -0.0021867067553102966
v 0.0055660405196249485 0.02931237034499646 -0.0021867067553102966
v 0.0055660405196249485 0.02931237034499646 -0.0021867067553102966
v 0.0055660405196249485 0.02931237034499646 -0.0021867067553102966
v 0.005195572040975094 0.029337806627154357 -0.0021940919104963537
v 0.005195572040975094 0.029337806627154357 -0.0021940919104963537
v 0.005195572040975094 0.029337806627154357 -0.0021940919104963537
v 0.005195572040975094 0.029337806627154357 -0.0021940919104963537
v 0.005195572040975094 0.029337806627154357 -0.0021940919104963537
v -0.014040092937648296 0.029367266222834594 0.02013031020760536
v -0.014040092937648296 0.029367266222834594 0.02013031020760536
v -0.014040092937648296 0.029367266222834594 0.02013031020760536
v -0.014040092937648296 0.029367266222834594 0.02013031020760536
v -0.012109833769500256 0.029080446809530265 0.021749971434473988
v -0.012109833769500256 0.029080446809530265 0.021749971434473988
v -0.012109833769500256 0.029080446809530265 0.021749971434473988
v -0.012109833769500256 0.029080446809530265 0.021749971434473988
v -0.012109833769500256 0.029080446809530265 0.021749971434473988
v 0.006209625396877527 0.029080446809530265 -8.230590901803224e-05
v 0.006209625396877527 0.029080446809530265 -8.230590901803224e-05
v 0.006209625396877527 0.029080446809530265 -8.230590901803224e-05
v 0.006209625396877527 0.029080446809530265 -8.230590901803224e-05
v 0.006209625396877527 0.029080446809530265 -8.230590901803224e-05
v 0.010380813851952553 0.027542598545551307 0.0015902100130915637
v 0.010380813851952553 0.027542598545551307 0.0015902100130915637
v 0.010380813851952553 0.027542598545551307 0.0015902100130915637
v 0.010380813851952553 0.027542598545551307 0.0015902100130915637
v 0.010380813851952553 0.027542598545551307 0.0015902100130915637
v 0.009828521870076656 0.027730697765946395 0.0013126832200214265
v 0.009828521870076656 0.027730697765946395 0.0013126832200214265
v 0.009828521870076656 0.027730697765946395 0.0013126832200214265
v 0.009828521870076656 0.027730697765946395 0.0013126832200214265
v 0.009828521870076656 0.027730697765946395 0.0013126832200214265
v 0.009326905012130737 0.02784938737750054 0.0012793579371646044
v 0.009326905012130737 0.02784938737750054 0.0012793579371646044
v 0.009326905012130737 0.02784938737750054 0.0012793579371646044
v 0.009326905012130737 0.02784938737750054 0.0012793579371646044
v 0.009326905012130737 0.02784938737750054 0.0012793579371646044
v 0.009326905012130737 0.02784938737750054 0.0012793579371646044
v 0.010494080372154713 0.0270445290952921 0.0036433411296457044
v 0.010494080372154713 0.0270445290952921 0.0036433411296457044
v 0.010494080372154713 0.0270445290952921 0.0036433411296457044
v 0.010494080372154713 0.0270445290952921 0.0036433411296457044
v 0.010494080372154713 0.0270445290952921 0.0036433411296457044
v 0.010494080372154713 0.0270445290952921 0.0036433411296457044
v 0.010494080372154713 0.0270445290952921 0.0036433411296457044
v 0.010494080372154713 0.0270445290952921 0.0036433411296457044
v 0.010494080372154713 0.0270445290952921 0.0036433411296457044
v 0.010494080372154713 0.0270445290952921 0.0036433411296457044
v 0.010800064541399479 0.0270940586924553 0.003076477209106087
v 0.010800064541399479 0.0270940586924553 0.003076477209106087
v 0.010800064541399479 0.0270940586924553 0.003076477209106087
v 0.010800064541399479 0.0270940586924553 0.003076477209106087
v 0.010800064541399479 0.0270940586924553 0.003076477209106087
v 0.010800064541399479 0.0270940586924553 0.003076477209106087
v 0.01056312583386898 0.027237208560109145 0.002756988629698753
v 0.01056312583386898 0.027237208560109145 0.002756988629698753
v 0.01056312583386898 0.027237208560109145 0.002756988629698753
v 0.01056312583386898 0.027237208560109145 0.002756988629698753
v 0.01056312583386898 0.027237208560109145 0.002756988629698753
v 0.01056312583386898 0.027237208560109145 0.002756988629698753
v 0.010849014855921268 0.02723031491041184 0.0024458619300276037
v 0.010849014855921268 0.02723031491041184 0.0024458619300276037
v 0.010849014855921268 0.02723031491041184 0.0024458619300276037
v 0.010849014855921268 0.02723031491041184 0.0024458619300276037
v 0.010849014855921268 0.02723031491041184 0.0024458619300276037
v 0.010849014855921268 0.02723031491041184 0.0024458619300276037
v 0.010629380121827126 0.027419848367571838 0.001868316787295043
v 0.010629380121827126 0.027419848367571838 0.001868316787295043
v 0.010629380121827126 0.027419848367571838 0.001868316787295043
v 0.010629380121827126 0.027419848367571838 0.001868316787295043
v 0.010629380121827126 0.027419848367571838 0.001868316787295043
v 0.009198395535349846 0.027873717248439796 0.0012987366644665597
v 0.009198395535349846 0.027873717248439796 0.0012987366644665597
v 0.009198395535349846 0.027873717248439796 0.0012987366644665597
v 0.009198395535349846 0.027873717248439796 0.0012987366644665597
v 0.00872297678142786 0.027942236512899406 0.0014794617891311641
v 0.00872297678142786 0.027942236512899406 0.0014794617891311641
v 0.00872297678142786 0.027942236512899406 0.0014794617891311641
v 0.00872297678142786 0.027942236512899406 0.0014794617891311641
v 0.00872297678142786 0.027942236512899406 0.0014794617891311641
v -0.009934463538229465 0.02796637266874314 0.02357531897723674
v -0.009934463538229465 0.02796637266874314 0.02357531897723674
v -0.009934463538229465 0.02796637266874314 0.02357531897723674
v -0.009934463538229465 0.02796637266874314 0.02357531897723674
v -0.007761085871607065 0.0270445290952921 0.02539898827672004
v -0.007761085871607065 0.0270445290952921 0.02539898827672004
v -0.007761085871607065 0.0270445290952921 0.02539898827672004
v -0.007761085871607065 0.0270445290952921 0.02539898827672004
v -0.007761085871607065 0.0270445290952921 0.02539898827672004
v 0.008320694789290428 0.02796637266874314 0.0018196717137470837
v 0.008320694789290428 0.02796637266874314 0.0018196717137470837
v 0.008320694789290428 0.02796637266874314 0.0018196717137470837
v 0.008320694789290428 0.02796637266874314 0.0018196717137470837
v 0.008320694789290428 0.02796637266874314 0.0018196717137470837
v 0.008609818294644356 0.027952995151281364 0.0015524902846664186
v 0.008609818294644356 0.027952995151281364 0.0015524902846664186
v 0.008609818294644356 0.027952995151281364 0.0015524902846664186
v 0.008609818294644356 0.027952995151281364 0.0015524902846664186
v 0.014550400897860527 0.02511920779943467 0.005088897887617349
v 0.014550400897860527 0.02511920779943467 0.005088897887617349
v 0.014550400897860527 0.02511920779943467 0.005088897887617349
v 0.014550400897860527 0.02511920779943467 0.005088897887617349
v 0.014550400897860527 0.02511920779943467 0.005088897887617349
v 0.01403813250362873 0.02542825229465962 0.004844971001148223
v 0.01403813250362873 0.02542825229465962 0.004844971001148223
v 0.01403813250362873 0.02542825229465962 0.004844971001148223
v 0.01403813250362873 0.02542825229465962 0.004844971001148223
v 0.01403813250362873 0.02542825229465962 0.004844971001148223
v 0.013562225736677647 0.025628691539168365 0.004833221435546874
v 0.013562225736677647 0.025628691539168365 0.004833221435546874
v 0.013562225736677647 0.025628691539168365 0.004833221435546874
v 0.013562225736677647 0.025628691539168365 0.004833221435546874
v 0.013562225736677647 0.025628691539168365 0.004833221435546874
v 0.013562225736677647 0.025628691539168365 0.004833221435546874
v 0.014560791663825512 0.024339595809578903 0.007055725436657665
v 0.014560791663825512 0.024339595809578903 0.007055725436657665
v 0.014560791663825512 0.024339595809578903 0.007055725436657665
v 0.014560791663825512 0.024339595809578903 0.007055725436657665
v 0.014560791663825512 0.024339595809578903 0.007055725436657665
v 0.014560791663825512 0.024339595809578903 0.007055725436657665
v 0.014560791663825512 0.024339595809578903 0.007055725436657665
v 0.014560791663825512 0.024339595809578903 0.007055725436657665
v 0.014560791663825512 0.024339595809578903 0.007055725436657665
v 0.014560791663825512 0.024339595809578903 0.007055725436657665
v 0.01487684715539217 0.02441506832838059 0.00649728439748287
v 0.01487684715539217 0.02441506832838059 0.00649728439748287
v 0.01487684715539217 0.02441506832838059 0.00649728439748287
v 0.01487684715539217 0.02441506832838059 0.00649728439748287
v 0.01487684715539217 0.02441506832838059 0.00649728439748287
v 0.01487684715539217 0.02441506832838059 0.00649728439748287
v 0.014669190160930157 0.02463552355766297 0.006202362477779387
v 0.014669190160930157 0.02463552355766297 0.006202362477779387
v 0.014669190160930157 0.02463552355766297 0.006202362477779387
v 0.014669190160930157 0.02463552355766297 0.006202362477779387
v 0.014669190160930157 0.02463552355766297 0.006202362477779387
v 0.014669190160930157 0.02463552355766297 0.006202362477779387
v 0.01495365984737873 0.024624828249216087 0.0058900760486721975
v 0.01495365984737873 0.024624828249216087 0.0058900760486721975
v 0.01495365984737873 0.024624828249216087 0.0058900760486721975
v 0.01495365984737873 0.024624828249216087 0.0058900760486721975
v 0.01495365984737873 0.024624828249216087 0.0058900760486721975
v 0.01495365984737873 0.024624828249216087 0.0058900760486721975
v 0.014773239381611347 0.02492238953709603 0.005345428828150033
v 0.014773239381611347 0.02492238953709603 0.005345428828150033
v 0.014773239381611347 0.02492238953709603 0.005345428828150033
v 0.014773239381611347 0.02492238953709603 0.005345428828150033
v 0.014773239381611347 0.02492238953709603 0.005345428828150033
v 0.013439010828733444 0.025670375674963004 0.0048570255748927585
v 0.013439010828733444 0.025670375674963004 0.0048570255748927585
v 0.013439010828733444 0.025670375674963004 0.0048570255748927585
v 0.013439010828733444 0.025670375674963004 0.0048570255748927585
v 0.012978684157133102 0.025788959115743644 0.005050384905189275
v 0.012978684157133102 0.025788959115743644 0.005050384905189275
v 0.012978684157133102 0.025788959115743644 0.005050384905189275
v 0.012978684157133102 0.025788959115743644 0.005050384905189275
v 0.012978684157133102 0.025788959115743644 0.005050384905189275
v -0.005673431791365147 0.025831172242760665 0.027150757610797875
v -0.005673431791365147 0.025831172242760665 0.027150757610797875
v -0.005673431791365147 0.025831172242760665 0.027150757610797875
v -0.005673431791365147 0.025831172242760665 0.027150757610797875
v -0.0036943666636943817 0.024339595809578903 0.028811402618885033
v -0.0036943666636943817 0.024339595809578903 0.028811402618885033
v -0.0036943666636943817 0.024339595809578903 0.028811402618885033
v -0.0036943666636943817 0.024339595809578903 0.028811402618885033
v -0.0036943666636943817 0.024339595809578903 0.028811402618885033
v -0.0036943666636943817 0.024339595809578903 0.028811402618885033
v 0.012581742368638515 0.025831172242760665 0.005395080894231795
v 0.012581742368638515 0.025831172242760665 0.005395080894231795
v 0.012581742368638515 0.025831172242760665 0.005395080894231795
v 0.012581742368638515 0.025831172242760665 0.005395080894231795
v 0.012581742368638515 0.025831172242760665 0.005395080894231795
v 0.012867890298366547 0.02580774202942849 0.005125427618622779
v 0.012867890298366547 0.02580774202942849 0.005125427618622779
v 0.012867890298366547 0.02580774202942849 0.005125427618622779
v 0.012867890298366547 0.02580774202942849 0.005125427618622779
v 0.018242904916405678 0.0216171145439148 0.008187286555767058
v 0.018242904916405678 0.0216171145439148 0.008187286555767058
v 0.018242904916405678 0.0216171145439148 0.008187286555767058
v 0.018242904916405678 0.0216171145439148 0.008187286555767058
v 0.018242904916405678 0.0216171145439148 0.008187286555767058
v 0.017789063975214958 0.022033590823411945 0.007992370985448359
v 0.017789063975214958 0.022033590823411945 0.007992370985448359
v 0.017789063975214958 0.022033590823411945 0.007992370985448359
v 0.017789063975214958 0.022033590823411945 0.007992370985448359
v 0.017789063975214958 0.022033590823411945 0.007992370985448359
v 0.01735130324959755 0.022307021543383602 0.008012634702026842
v 0.01735130324959755 0.022307021543383602 0.008012634702026842
v 0.01735130324959755 0.022307021543383602 0.008012634702026842
v 0.01735130324959755 0.022307021543383602 0.008012634702026842
v 0.01735130324959755 0.022307021543383602 0.008012634702026842
v 0.01735130324959755 0.022307021543383602 0.008012634702026842
v 0.018107835203409195 0.020590029656887058 0.010032013058662413
v 0.018107835203409195 0.020590029656887058 0.010032013058662413
v 0.018107835203409195 0.020590029656887058 0.010032013058662413
v 0.018107835203409195 0.020590029656887058 0.010032013058662413
v 0.018107835203409195 0.020590029656887058 0.010032013058662413
v 0.018107835203409195 0.020590029656887058 0.010032013058662413
v 0.018107835203409195 0.020590029656887058 0.010032013058662413
v 0.018107835203409195 0.020590029656887058 0.010032013058662413
v 0.018107835203409195 0.020590029656887058 0.010032013058662413
v 0.018107835203409195 0.020590029656887058 0.010032013058662413
v 0.018437867984175682 0.0206881444901228 0.00948532111942768
v 0.018437867984175682 0.0206881444901228 0.00948532111942768
v 0.018437867984175682 0.0206881444901228 0.00948532111942768
v 0.018437867984175682 0.0206881444901228 0.00948532111942768
v 0.018437867984175682 0.0206881444901228 0.00948532111942768
v 0.018437867984175682 0.0206881444901228 0.00948532111942768
v 0.018271135166287422 0.020976271480321888 0.009224792942404745
v 0.018271135166287422 0.020976271480321888 0.009224792942404745
v 0.018271135166287422 0.020976271480321888 0.009224792942404745
v 0.018271135166287422 0.020976271480321888 0.009224792942404745
v 0.018271135166287422 0.020976271480321888 0.009224792942404745
v 0.018271135166287422 0.020976271480321888 0.009224792942404745
v 0.018553635105490685 0.02096223831176758 0.008910797536373137
v 0.018553635105490685 0.02096223831176758 0.008910797536373137
v 0.018553635105490685 0.02096223831176758 0.008910797536373137
v 0.018553635105490685 0.02096223831176758 0.008910797536373137
v 0.018553635105490685 0.02096223831176758 0.008910797536373137
v 0.018553635105490685 0.02096223831176758 0.008910797536373137
v 0.018428772687911987 0.021354818716645244 0.008412781171500681
v 0.018428772687911987 0.021354818716645244 0.008412781171500681
v 0.018428772687911987 0.021354818716645244 0.008412781171500681
v 0.018428772687911987 0.021354818716645244 0.008412781171500681
v 0.018428772687911987 0.021354818716645244 0.008412781171500681
v 0.01723603904247284 0.02236423455178738 0.00804312154650688
v 0.01723603904247284 0.02236423455178738 0.00804312154650688
v 0.01723603904247284 0.02236423455178738 0.00804312154650688
v 0.01723603904247284 0.02236423455178738 0.00804312154650688
v 0.016798432916402817 0.022527702152729038 0.008255554363131521
v 0.016798432916402817 0.022527702152729038 0.008255554363131521
v 0.016798432916402817 0.022527702152729038 0.008255554363131521
v 0.016798432916402817 0.022527702152729038 0.008255554363131521
v 0.016798432916402817 0.022527702152729038 0.008255554363131521
v -0.0018455811077728868 0.022586146369576458 0.030362702906131737
v -0.0018455811077728868 0.022586146369576458 0.030362702906131737
v -0.0018455811077728868 0.022586146369576458 0.030362702906131737
v -0.0018455811077728868 0.022586146369576458 0.030362702906131737
v -0.00014733124407939613 0.020590029656887058 0.03178768977522849
v -0.00014733124407939613 0.020590029656887058 0.03178768977522849
v -0.00014733124407939613 0.020590029656887058 0.03178768977522849
v -0.00014733124407939613 0.020590029656887058 0.03178768977522849
v -0.00014733124407939613 0.020590029656887058 0.03178768977522849
v 0.016409577801823616 0.022586146369576458 0.008607025258243082
v 0.016409577801823616 0.022586146369576458 0.008607025258243082
v 0.016409577801823616 0.022586146369576458 0.008607025258243082
v 0.016409577801823616 0.022586146369576458 0.008607025258243082
v 0.016409577801823616 0.022586146369576458 0.008607025258243082
v 0.016691239550709724 0.022553691640496257 0.008333618752658365
v 0.016691239550709724 0.022553691640496257 0.008333618752658365
v 0.016691239550709724 0.022553691640496257 0.008333618752658365
v 0.016691239550709724 0.022553691640496257 0.008333618752658365
v 0.02129693701863289 0.017189364880323414 0.010749939829111098
v 0.02129693701863289 0.017189364880323414 0.010749939829111098
v 0.02129693701863289 0.017189364880323414 0.010749939829111098
v 0.02129693701863289 0.017189364880323414 0.010749939829111098
v 0.02129693701863289 0.017189364880323414 0.010749939829111098
v 0.02091732807457447 0.017695074900984768 0.010617310181260107
v 0.02091732807457447 0.017695074900984768 0.010617310181260107
v 0.02091732807457447 0.017695074900984768 0.010617310181260107
v 0.02091732807457447 0.017695074900984768 0.010617310181260107
v 0.02091732807457447 0.017695074900984768 0.010617310181260107
v 0.020528534427285194 0.018029544502496723 0.010678620077669619
v 0.020528534427285194 0.018029544502496723 0.010678620077669619
v 0.020528534427285194 0.018029544502496723 0.010678620077669619
v 0.020528534427285194 0.018029544502496723 0.010678620077669619
v 0.020528534427285194 0.018029544502496723 0.010678620077669619
v 0.020528534427285194 0.018029544502496723 0.010678620077669619
v 0.020980164408683777 0.015959696844220165 0.012442231178283688
v 0.020980164408683777 0.015959696844220165 0.012442231178283688
v 0.020980164408683777 0.015959696844220165 0.012442231178283688
v 0.020980164408683777 0.015959696844220165 0.012442231178283688
v 0.020980164408683777 0.015959696844220165 0.012442231178283688
v 0.020980164408683777 0.015959696844220165 0.012442231178283688
v 0.020980164408683777 0.015959696844220165 0.012442231178283688
v 0.020980164408683777 0.015959696844220165 0.012442231178283688
v 0.020980164408683777 0.015959696844220165 0.012442231178283688
v 0.020980164408683777 0.015959696844220165 0.012442231178283688
v 0.021327469497919083 0.016076166182756427 0.01191003434360027
v 0.021327469497919083 0.016076166182756427 0.01191003434360027
v 0.021327469497919083 0.016076166182756427 0.01191003434360027
v 0.021327469497919083 0.016076166182756427 0.01191003434360027
v 0.021327469497919083 0.016076166182756427 0.01191003434360027
v 0.021327469497919083 0.016076166182756427 0.01191003434360027
v 0.02121157944202423 0.016419375315308574 0.011692108586430548
v 0.02121157944202423 0.016419375315308574 0.011692108586430548
v 0.02121157944202423 0.016419375315308574 0.011692108586430548
v 0.02121157944202423 0.016419375315308574 0.011692108586430548
v 0.02121157944202423 0.016419375315308574 0.011692108586430548
v 0.02121157944202423 0.016419375315308574 0.011692108586430548
v 0.02149159274995327 0.016402617096900943 0.011376038193702696
v 0.02149159274995327 0.016402617096900943 0.011376038193702696
v 0.02149159274995327 0.016402617096900943 0.011376038193702696
v 0.02149159274995327 0.016402617096900943 0.011376038193702696
v 0.02149159274995327 0.016402617096900943 0.011376038193702696
v 0.02149159274995327 0.016402617096900943 0.011376038193702696
v 0.021436234936118126 0.016873065382242206 0.0109363105148077
v 0.021436234936118126 0.016873065382242206 0.0109363105148077
v 0.021436234936118126 0.016873065382242206 0.0109363105148077
v 0.021436234936118126 0.016873065382242206 0.0109363105148077
v 0.021436234936118126 0.016873065382242206 0.0109363105148077
v 0.020423538982868195 0.01809978671371937 0.010717743076384066
v 0.020423538982868195 0.01809978671371937 0.010717743076384066
v 0.020423538982868195 0.01809978671371937 0.010717743076384066
v 0.020423538982868195 0.01809978671371937 0.010717743076384066
v 0.020015275105834007 0.0183009896427393 0.010954834520816801
v 0.020015275105834007 0.0183009896427393 0.010954834520816801
v 0.020015275105834007 0.0183009896427393 0.010954834520816801
v 0.020015275105834007 0.0183009896427393 0.010954834520816801
v 0.020015275105834007 0.0183009896427393 0.010954834520816801
v 0.0013817825820297003 0.01837311871349812 0.03307077288627624
v 0.0013817825820297003 0.01837311871349812 0.03307077288627624
v 0.0013817825820297003 0.01837311871349812 0.03307077288627624
v 0.0013817825820297003 0.01837311871349812 0.03307077288627624
v 0.0013817825820297003 0.01837311871349812 0.03307077288627624
v 0.002725013764575124 0.015959696844220165 0.03419787809252738
v 0.002725013764575124 0.015959696844220165 0.03419787809252738
v 0.002725013764575124 0.015959696844220165 0.03419787809252738
v 0.002725013764575124 0.015959696844220165 0.03419787809252738
v 0.002725013764575124 0.015959696844220165 0.03419787809252738
v 0.01963694766163826 0.01837311871349812 0.011315094307065008
v 0.01963694766163826 0.01837311871349812 0.011315094307065008
v 0.01963694766163826 0.01837311871349812 0.011315094307065008
v 0.01963694766163826 0.01837311871349812 0.011315094307065008
v 0.01963694766163826 0.01837311871349812 0.011315094307065008
v 0.01991276629269123 0.01833305321633816 0.01103677414357662
v 0.01991276629269123 0.01833305321633816 0.01103677414357662
v 0.01991276629269123 0.01833305321633816 0.01103677414357662
v 0.01991276629269123 0.01833305321633816 0.01103677414357662
v 0.02357904240489006 0.012029478326439861 0.012664825655519959
v 0.02357904240489006 0.012029478326439861 0.012664825655519959
v 0.02357904240489006 0.012029478326439861 0.012664825655519959
v 0.02357904240489006 0.012029478326439861 0.012664825655519959
v 0.02357904240489006 0.012029478326439861 0.012664825655519959
v 0.02328627184033394 0.012602319940924648 0.012605072930455204
v 0.02328627184033394 0.012602319940924648 0.012605072930455204
v 0.02328627184033394 0.012602319940924648 0.012605072930455204
v 0.02328627184033394 0.012602319940924648 0.012605072930455204
v 0.02328627184033394 0.012602319940924648 0.012605072930455204
v 0.022955063730478287 0.012983210384845737 0.01271475292742252
v 0.022955063730478287 0.012983210384845737 0.01271475292742252
v 0.022955063730478287 0.012983210384845737 0.01271475292742252
v 0.022955063730478287 0.012983210384845737 0.01271475292742252
v 0.022955063730478287 0.012983210384845737 0.01271475292742252
v 0.022955063730478287 0.012983210384845737 0.01271475292742252
v 0.023052262142300606 0.010650972835719587 0.014180908910930153
v 0.023052262142300606 0.010650972835719587 0.014180908910930153
v 0.023052262142300606 0.010650972835719587 0.014180908910930153
v 0.023052262142300606 0.010650972835719587 0.014180908910930153
v 0.023052262142300606 0.010650972835719587 0.014180908910930153
v 0.023052262142300606 0.010650972835719587 0.014180908910930153
v 0.023052262142300606 0.010650972835719587 0.014180908910930153
v 0.023052262142300606 0.010650972835719587 0.014180908910930153
v 0.023052262142300606 0.010650972835719587 0.014180908910930153
v 0.023052262142300606 0.010650972835719587 0.014180908910930153
v 0.02341940440237522 0.010780707001686098 0.013665344566106793
v 0.02341940440237522 0.010780707001686098 0.013665344566106793
v 0.02341940440237522 0.010780707001686098 0.013665344566106793
v 0.02341940440237522 0.010780707001686098 0.013665344566106793
v 0.02341940440237522 0.010780707001686098 0.013665344566106793
v 0.02341940440237522 0.010780707001686098 0.013665344566106793
v 0.02336200140416622 0.011163992807269098 0.013496521860361096
v 0.02336200140416622 0.011163992807269098 0.013496521860361096
v 0.02336200140416622 0.011163992807269098 0.013496521860361096
v 0.02336200140416622 0.011163992807269098 0.013496521860361096
v 0.02336200140416622 0.011163992807269098 0.013496521860361096
v 0.02336200140416622 0.011163992807269098 0.013496521860361096
v 0.023639146238565445 0.01114524342119694 0.013178071007132527
v 0.023639146238565445 0.01114524342119694 0.013178071007132527
v 0.023639146238565445 0.01114524342119694 0.013178071007132527
v 0.023639146238565445 0.01114524342119694 0.013178071007132527
v 0.023639146238565445 0.01114524342119694 0.013178071007132527
v 0.023639146238565445 0.01114524342119694 0.013178071007132527
v 0.02366415597498417 0.01167299132794142 0.01280578691512346
v 0.02366415597498417 0.01167299132794142 0.01280578691512346
v 0.02366415597498417 0.01167299132794142 0.01280578691512346
v 0.02366415597498417 0.01167299132794142 0.01280578691512346
v 0.02366415597498417 0.01167299132794142 0.01280578691512346
v 0.022862182930111885 0.013063414022326473 0.012764007784426209
v 0.022862182930111885 0.013063414022326473 0.012764007784426209
v 0.022862182930111885 0.013063414022326473 0.012764007784426209
v 0.022862182930111885 0.013063414022326473 0.012764007784426209
v 0.02248864807188511 0.01329356245696545 0.013030243106186386
v 0.02248864807188511 0.01329356245696545 0.013030243106186386
v 0.02248864807188511 0.01329356245696545 0.013030243106186386
v 0.02248864807188511 0.01329356245696545 0.013030243106186386
v 0.02248864807188511 0.01329356245696545 0.013030243106186386
v 0.0038676150143146515 0.013376215472817424 0.03515664860606193
v 0.0038676150143146515 0.013376215472817424 0.03515664860606193
v 0.0038676150143146515 0.013376215472817424 0.03515664860606193
v 0.0038676150143146515 0.013376215472817424 0.03515664860606193
v 0.0047971042804419994 0.010650972835719587 0.03593655675649642
v 0.0047971042804419994 0.010650972835719587 0.03593655675649642
v 0.0047971042804419994 0.010650972835719587 0.03593655675649642
v 0.0047971042804419994 0.010650972835719587 0.03593655675649642
v 0.0047971042804419994 0.010650972835719587 0.03593655675649642
v 0.0047971042804419994 0.010650972835719587 0.03593655675649642
v 0.022122789174318314 0.013376215472817424 0.013400970958173272
v 0.022122789174318314 0.013376215472817424 0.013400970958173272
v 0.022122789174318314 0.013376215472817424 0.013400970958173272
v 0.022122789174318314 0.013376215472817424 0.013400970958173272
v 0.022122789174318314 0.013376215472817424 0.013400970958173272
v 0.022391678765416145 0.013330294750630859 0.013116821646690365
v 0.022391678765416145 0.013330294750630859 0.013116821646690365
v 0.022391678765416145 0.013330294750630859 0.013116821646690365
v 0.022391678765416145 0.013330294750630859 0.013116821646690365
v 0.02498944289982319 0.006362966727465393 0.01384829822927713
v 0.02498944289982319 0.006362966727465393 0.01384829822927713
v 0.02498944289982319 0.006362966727465393 0.01384829822927713
v 0.02498944289982319 0.006362966727465393 0.01384829822927713
v 0.02498944289982319 0.006362966727465393 0.01384829822927713
v 0.02479231357574463 0.006977903656661512 0.013868805952370163
v 0.02479231357574463 0.006977903656661512 0.013868805952370163
v 0.02479231357574463 0.006977903656661512 0.013868805952370163
v 0.02479231357574463 0.006977903656661512 0.013868805952370163
v 0.02479231357574463 0.006977903656661512 0.013868805952370163
v 0.02452484332025051 0.007388567551970484 0.014031922444701191
v 0.02452484332025051 0.007388567551970484 0.014031922444701191
v 0.02452484332025051 0.007388567551970484 0.014031922444701191
v 0.02452484332025051 0.007388567551970484 0.014031922444701191
v 0.02452484332025051 0.007388567551970484 0.014031922444701191
v 0.02452484332025051 0.007388567551970484 0.014031922444701191
v 0.024233566597104073 0.004895868711173535 0.015172149986028668
v 0.024233566597104073 0.004895868711173535 0.015172149986028668
v 0.024233566597104073 0.004895868711173535 0.015172149986028668
v 0.024233566597104073 0.004895868711173535 0.015172149986028668
v 0.024233566597104073 0.004895868711173535 0.015172149986028668
v 0.024233566597104073 0.004895868711173535 0.015172149986028668
v 0.024233566597104073 0.004895868711173535 0.015172149986028668
v 0.024233566597104073 0.004895868711173535 0.015172149986028668
v 0.024233566597104073 0.004895868711173535 0.015172149986028668
v 0.024233566597104073 0.004895868711173535 0.015172149986028668
v 0.024622194468975067 0.005033197812736035 0.014674622565507885
v 0.024622194468975067 0.005033197812736035 0.014674622565507885
v 0.024622194468975067 0.005033197812736035 0.014674622565507885
v 0.024622194468975067 0.005033197812736035 0.014674622565507885
v 0.024622194468975067 0.005033197812736035 0.014674622565507885
v 0.024622194468975067 0.005033197812736035 0.014674622565507885
v 0.024628404527902603 0.005439809989184142 0.014559144154191014
v 0.024628404527902603 0.005439809989184142 0.014559144154191014
v 0.024628404527902603 0.005439809989184142 0.014559144154191014
v 0.024628404527902603 0.005439809989184142 0.014559144154191014
v 0.024628404527902603 0.005439809989184142 0.014559144154191014
v 0.024628404527902603 0.005439809989184142 0.014559144154191014
v 0.02490243688225746 0.005419885739684106 0.014238098636269566
v 0.02490243688225746 0.005419885739684106 0.014238098636269566
v 0.02490243688225746 0.005419885739684106 0.014238098636269566
v 0.02490243688225746 0.005419885739684106 0.014238098636269566
v 0.02490243688225746 0.005419885739684106 0.014238098636269566
v 0.02490243688225746 0.005419885739684106 0.014238098636269566
v 0.02501518279314041 0.005981878377497198 0.013939454220235344
v 0.02501518279314041 0.005981878377497198 0.013939454220235344
v 0.02501518279314041 0.005981878377497198 0.013939454220235344
v 0.02501518279314041 0.005981878377497198 0.013939454220235344
v 0.02501518279314041 0.005981878377497198 0.013939454220235344
v 0.024445390328764915 0.00747522944584489 0.014092468656599518
v 0.024445390328764915 0.00747522944584489 0.014092468656599518
v 0.024445390328764915 0.00747522944584489 0.014092468656599518
v 0.024445390328764915 0.00747522944584489 0.014092468656599518
v 0.024110443890094757 0.007724260911345484 0.01439105253666639
v 0.024110443890094757 0.007724260911345484 0.01439105253666639
v 0.024110443890094757 0.007724260911345484 0.01439105253666639
v 0.024110443890094757 0.007724260911345484 0.01439105253666639
v 0.024110443890094757 0.007724260911345484 0.01439105253666639
v 0.005503281019628048 0.007813826203346254 0.03652911633253097
v 0.005503281019628048 0.007813826203346254 0.03652911633253097
v 0.005503281019628048 0.007813826203346254 0.03652911633253097
v 0.005503281019628048 0.007813826203346254 0.03652911633253097
v 0.005978393834084272 0.004895868711173535 0.03692779690027236
v 0.005978393834084272 0.004895868711173535 0.03692779690027236
v 0.005978393834084272 0.004895868711173535 0.03692779690027236
v 0.005978393834084272 0.004895868711173535 0.03692779690027236
v 0.005978393834084272 0.004895868711173535 0.03692779690027236
v 0.005978393834084272 0.004895868711173535 0.03692779690027236
v 0.023758454248309135 0.007813826203346254 0.0147734684869647
v 0.023758454248309135 0.007813826203346254 0.0147734684869647
v 0.023758454248309135 0.007813826203346254 0.0147734684869647
v 0.023758454248309135 0.007813826203346254 0.0147734684869647
v 0.023758454248309135 0.007813826203346254 0.0147734684869647
v 0.024019639939069748 0.007764059584587814 0.014482850208878514
v 0.024019639939069748 0.007764059584587814 0.014482850208878514
v 0.024019639939069748 0.007764059584587814 0.014482850208878514
v 0.024019639939069748 0.007764059584587814 0.014482850208878514
v 0.02498944289982319 -0.005487999413162471 0.01384829822927713
v 0.02498944289982319 -0.005487999413162471 0.01384829822927713
v 0.02498944289982319 -0.005487999413162471 0.01384829822927713
v 0.02498944289982319 -0.005487999413162471 0.01384829822927713
v 0.02498944289982319 -0.005487999413162471 0.01384829822927713
v 0.024993043392896652 -0.004870165139436723 0.014037262648344036
v 0.024993043392896652 -0.004870165139436723 0.014037262648344036
v 0.024993043392896652 -0.004870165139436723 0.014037262648344036
v 0.024993043392896652 -0.004870165139436723 0.014037262648344036
v 0.024993043392896652 -0.004870165139436723 0.014037262648344036
v 0.02486015483736992 -0.004454313311725856 0.014313294552266594
v 0.02486015483736992 -0.004454313311725856 0.014313294552266594
v 0.02486015483736992 -0.004454313311725856 0.014313294552266594
v 0.02486015483736992 -0.004454313311725856 0.014313294552266594
v 0.02486015483736992 -0.004454313311725856 0.014313294552266594
v 0.02486015483736992 -0.004454313311725856 0.014313294552266594
v 0.023758454248309135 -0.006938858423382046 0.0147734684869647
v 0.023758454248309135 -0.006938858423382046 0.0147734684869647
v 0.023758454248309135 -0.006938858423382046 0.0147734684869647
v 0.023758454248309135 -0.006938858423382046 0.0147734684869647
v 0.023758454248309135 -0.006938858423382046 0.0147734684869647
v 0.023758454248309135 -0.006938858423382046 0.0147734684869647
v 0.023758454248309135 -0.006938858423382046 0.0147734684869647
v 0.023758454248309135 -0.006938858423382046 0.0147734684869647
v 0.023758454248309135 -0.006938858423382046 0.0147734684869647
v 0.023758454248309135 -0.006938858423382046 0.0147734684869647
v 0.02419133111834526 -0.006804415024816992 0.014313080348074433
v 0.02419133111834526 -0.006804415024816992 0.014313080348074433
v 0.02419133111834526 -0.006804415024816992 0.014313080348074433
v 0.02419133111834526 -0.006804415024816992 0.014313080348074433
v 0.02419133111834526 -0.006804415024816992 0.014313080348074433
v 0.02419133111834526 -0.006804415024816992 0.014313080348074433
v 0.02432882785797119 -0.006404703482985498 0.014307800680398938
v 0.02432882785797119 -0.006404703482985498 0.014307800680398938
v 0.02432882785797119 -0.006404703482985498 0.014307800680398938
v 0.02432882785797119 -0.006404703482985498 0.014307800680398938
v 0.02432882785797119 -0.006404703482985498 0.014307800680398938
v 0.02432882785797119 -0.006404703482985498 0.014307800680398938
v 0.02459642104804516 -0.006424345541745426 0.013981323689222332
v 0.02459642104804516 -0.006424345541745426 0.013981323689222332
v 0.02459642104804516 -0.006424345541745426 0.013981323689222332
v 0.02459642104804516 -0.006424345541745426 0.013981323689222332
v 0.02459642104804516 -0.006424345541745426 0.013981323689222332
v 0.02459642104804516 -0.006424345541745426 0.013981323689222332
v 0.024891266599297523 -0.005867985077202322 0.013835418969392773
v 0.024891266599297523 -0.005867985077202322 0.013835418969392773
v 0.024891266599297523 -0.005867985077202322 0.013835418969392773
v 0.024891266599297523 -0.005867985077202322 0.013835418969392773
v 0.024891266599297523 -0.005867985077202322 0.013835418969392773
v 0.024809159338474274 -0.0043662209063768396 0.014397705905139443
v 0.024809159338474274 -0.0043662209063768396 0.014397705905139443
v 0.024809159338474274 -0.0043662209063768396 0.014397705905139443
v 0.024809159338474274 -0.0043662209063768396 0.014397705905139443
v 0.024556078016757965 -0.004112417344003917 0.014764985069632527
v 0.024556078016757965 -0.004112417344003917 0.014764985069632527
v 0.024556078016757965 -0.004112417344003917 0.014764985069632527
v 0.024556078016757965 -0.004112417344003917 0.014764985069632527
v 0.024556078016757965 -0.004112417344003917 0.014764985069632527
v 0.005978393834084272 -0.004020899068564177 0.03692779690027236
v 0.005978393834084272 -0.004020899068564177 0.03692779690027236
v 0.005978393834084272 -0.004020899068564177 0.03692779690027236
v 0.005978393834084272 -0.004020899068564177 0.03692779690027236
v 0.005503281019628048 -0.006938858423382046 0.03652911633253097
v 0.005503281019628048 -0.006938858423382046 0.03652911633253097
v 0.005503281019628048 -0.006938858423382046 0.03652911633253097
v 0.005503281019628048 -0.006938858423382046 0.03652911633253097
v 0.005503281019628048 -0.006938858423382046 0.03652911633253097
v 0.005503281019628048 -0.006938858423382046 0.03652911633253097
v 0.024233566597104073 -0.004020899068564177 0.015172149986028668
v 0.024233566597104073 -0.004020899068564177 0.015172149986028668
v 0.024233566597104073 -0.004020899068564177 0.015172149986028668
v 0.024233566597104073 -0.004020899068564177 0.015172149986028668
v 0.024233566597104073 -0.004020899068564177 0.015172149986028668
v 0.02447836473584175 -0.004071769770234824 0.01486776769161224
v 0.02447836473584175 -0.004071769770234824 0.01486776769161224
v 0.02447836473584175 -0.004071769770234824 0.01486776769161224
v 0.02447836473584175 -0.004071769770234824 0.01486776769161224
v 0.02381385862827301 -0.011495718732476236 0.01299945171922445
v 0.02381385862827301 -0.011495718732476236 0.01299945171922445
v 0.02381385862827301 -0.011495718732476236 0.01299945171922445
v 0.02381385862827301 -0.011495718732476236 0.01299945171922445
v 0.02390941046178341 -0.011330553330481054 0.013000611215829846
v 0.02390941046178341 -0.011330553330481054 0.013000611215829846
v 0.02390941046178341 -0.011330553330481054 0.013000611215829846
v 0.02390941046178341 -0.011330553330481054 0.013000611215829846
v 0.02390941046178341 -0.011330553330481054 0.013000611215829846
v 0.02390941046178341 -0.011330553330481054 0.013000611215829846
v 0.02390941046178341 -0.011330553330481054 0.013000611215829846
v 0.02390941046178341 -0.011330553330481054 0.013000611215829846
v 0.02390941046178341 -0.011330553330481054 0.013000611215829846
v 0.02390941046178341 -0.011330553330481054 0.013000611215829846
v 0.023474138230085373 -0.00995518732815981 0.014404358342289921
v 0.023474138230085373 -0.00995518732815981 0.014404358342289921
v 0.023474138230085373 -0.00995518732815981 0.014404358342289921
v 0.023474138230085373 -0.00995518732815981 0.014404358342289921
v 0.023474138230085373 -0.00995518732815981 0.014404358342289921
v 0.023474138230085373 -0.00995518732815981 0.014404358342289921
v 0.023474138230085373 -0.00995518732815981 0.014404358342289921
v 0.023474138230085373 -0.00995518732815981 0.014404358342289921
v 0.023474138230085373 -0.00995518732815981 0.014404358342289921
v 0.023136673495173454 -0.012155787087976936 0.013327270746231076
v 0.023136673495173454 -0.012155787087976936 0.013327270746231076
v 0.023136673495173454 -0.012155787087976936 0.013327270746231076
v 0.023136673495173454 -0.012155787087976936 0.013327270746231076
v 0.023136673495173454 -0.012155787087976936 0.013327270746231076
v 0.023136673495173454 -0.012155787087976936 0.013327270746231076
v 0.023448273539543152 -0.011932165361940864 0.013121795840561386
v 0.023448273539543152 -0.011932165361940864 0.013121795840561386
v 0.023448273539543152 -0.011932165361940864 0.013121795840561386
v 0.023448273539543152 -0.011932165361940864 0.013121795840561386
v 0.023448273539543152 -0.011932165361940864 0.013121795840561386
v 0.023577194660902023 -0.011804468929767612 0.01306124962866306
v 0.023577194660902023 -0.011804468929767612 0.01306124962866306
v 0.023577194660902023 -0.011804468929767612 0.01306124962866306
v 0.023577194660902023 -0.011804468929767612 0.01306124962866306
v 0.023577194660902023 -0.011804468929767612 0.01306124962866306
v 0.023903153836727142 -0.010167431086301805 0.013764832168817517
v 0.023903153836727142 -0.010167431086301805 0.013764832168817517
v 0.023903153836727142 -0.010167431086301805 0.013764832168817517
v 0.023903153836727142 -0.010167431086301805 0.013764832168817517
v 0.023903153836727142 -0.010167431086301805 0.013764832168817517
v 0.023754045367240906 -0.01003109570592642 0.014025238342583176
v 0.023754045367240906 -0.01003109570592642 0.014025238342583176
v 0.023754045367240906 -0.01003109570592642 0.014025238342583176
v 0.023754045367240906 -0.01003109570592642 0.014025238342583176
v 0.023613572120666504 -0.009971947409212591 0.014228180982172486
v 0.023613572120666504 -0.009971947409212591 0.014228180982172486
v 0.023613572120666504 -0.009971947409212591 0.014228180982172486
v 0.023613572120666504 -0.009971947409212591 0.014228180982172486
v 0.023613572120666504 -0.009971947409212591 0.014228180982172486
v 0.02400216832756996 -0.011128740385174753 0.013028046116232869
v 0.02400216832756996 -0.011128740385174753 0.013028046116232869
v 0.02400216832756996 -0.011128740385174753 0.013028046116232869
v 0.02400216832756996 -0.011128740385174753 0.013028046116232869
v 0.024053223431110382 -0.010583465918898584 0.013325897976756092
v 0.024053223431110382 -0.010583465918898584 0.013325897976756092
v 0.024053223431110382 -0.010583465918898584 0.013325897976756092
v 0.024053223431110382 -0.010583465918898584 0.013325897976756092
v 0.024053223431110382 -0.010583465918898584 0.013325897976756092
v 0.024053223431110382 -0.010583465918898584 0.013325897976756092
v 0.02398703061044216 -0.010315136052668096 0.013573853299021717
v 0.02398703061044216 -0.010315136052668096 0.013573853299021717
v 0.02398703061044216 -0.010315136052668096 0.013573853299021717
v 0.02398703061044216 -0.010315136052668096 0.013573853299021717
v 0.02398703061044216 -0.010315136052668096 0.013573853299021717
v 0.005154693964868784 -0.00995518732815981 0.03623660281300544
v 0.005154693964868784 -0.00995518732815981 0.03623660281300544
v 0.005154693964868784 -0.00995518732815981 0.03623660281300544
v 0.005154693964868784 -0.00995518732815981 0.03623660281300544
v 0.004379844758659601 -0.01228077989071608 0.03558645769953727
v 0.004379844758659601 -0.01228077989071608 0.03558645769953727
v 0.004379844758659601 -0.01228077989071608 0.03558645769953727
v 0.004379844758659601 -0.01228077989071608 0.03558645769953727
v 0.004379844758659601 -0.01228077989071608 0.03558645769953727
v 0.004379844758659601 -0.01228077989071608 0.03558645769953727
v 0.022699296474456787 -0.01228077989071608 0.013754181563854214
v 0.022699296474456787 -0.01228077989071608 0.013754181563854214
v 0.022699296474456787 -0.01228077989071608 0.013754181563854214
v 0.022699296474456787 -0.01228077989071608 0.013754181563854214
v 0.022699296474456787 -0.01228077989071608 0.013754181563854214
v 0.02124122716486454 -0.017130989581346515 0.010840728878974913
v 0.02124122716486454 -0.017130989581346515 0.010840728878974913
v 0.02124122716486454 -0.017130989581346515 0.010840728878974913
v 0.02124122716486454 -0.017130989581346515 0.010840728878974913
v 0.02124122716486454 -0.017130989581346515 0.010840728878974913
v 0.021363388746976852 -0.01698718406260014 0.010864410549402235
v 0.021363388746976852 -0.01698718406260014 0.010864410549402235
v 0.021363388746976852 -0.01698718406260014 0.010864410549402235
v 0.021363388746976852 -0.01698718406260014 0.010864410549402235
v 0.021363388746976852 -0.01698718406260014 0.010864410549402235
v 0.021363388746976852 -0.01698718406260014 0.010864410549402235
v 0.021363388746976852 -0.01698718406260014 0.010864410549402235
v 0.021363388746976852 -0.01698718406260014 0.010864410549402235
v 0.021363388746976852 -0.01698718406260014 0.010864410549402235
v 0.021363388746976852 -0.01698718406260014 0.010864410549402235
v 0.021154312416911125 -0.01577403582632542 0.012457794509828087
v 0.021154312416911125 -0.01577403582632542 0.012457794509828087
v 0.021154312416911125 -0.01577403582632542 0.012457794509828087
v 0.021154312416911125 -0.01577403582632542 0.012457794509828087
v 0.021154312416911125 -0.01577403582632542 0.012457794509828087
v 0.021154312416911125 -0.01577403582632542 0.012457794509828087
v 0.021154312416911125 -0.01577403582632542 0.012457794509828087
v 0.021154312416911125 -0.01577403582632542 0.012457794509828087
v 0.021154312416911125 -0.01577403582632542 0.012457794509828087
v 0.021154312416911125 -0.01577403582632542 0.012457794509828087
v 0.02045663632452488 -0.01770463585853577 0.011078400537371634
v 0.02045663632452488 -0.01770463585853577 0.011078400537371634
v 0.02045663632452488 -0.01770463585853577 0.011078400537371634
v 0.02045663632452488 -0.01770463585853577 0.011078400537371634
v 0.02045663632452488 -0.01770463585853577 0.011078400537371634
v 0.02045663632452488 -0.01770463585853577 0.011078400537371634
v 0.020804567262530327 -0.017510790377855304 0.010903443209826945
v 0.020804567262530327 -0.017510790377855304 0.010903443209826945
v 0.020804567262530327 -0.017510790377855304 0.010903443209826945
v 0.020804567262530327 -0.017510790377855304 0.010903443209826945
v 0.020804567262530327 -0.017510790377855304 0.010903443209826945
v 0.020954454317688942 -0.017399707809090618 0.010860321111977099
v 0.020954454317688942 -0.017399707809090618 0.010860321111977099
v 0.020954454317688942 -0.017399707809090618 0.010860321111977099
v 0.020954454317688942 -0.017399707809090618 0.010860321111977099
v 0.02154841646552086 -0.015962425619363788 0.011788849718868729
v 0.02154841646552086 -0.015962425619363788 0.011788849718868729
v 0.02154841646552086 -0.015962425619363788 0.011788849718868729
v 0.02154841646552086 -0.015962425619363788 0.011788849718868729
v 0.02154841646552086 -0.015962425619363788 0.011788849718868729
v 0.021421723067760468 -0.01584143936634064 0.012068176642060276
v 0.021421723067760468 -0.01584143936634064 0.012068176642060276
v 0.021421723067760468 -0.01584143936634064 0.012068176642060276
v 0.021421723067760468 -0.01584143936634064 0.012068176642060276
v 0.02129104733467102 -0.015788938850164417 0.01227917522192001
v 0.02129104733467102 -0.015788938850164417 0.01227917522192001
v 0.02129104733467102 -0.015788938850164417 0.01227917522192001
v 0.02129104733467102 -0.015788938850164417 0.01227917522192001
v 0.02129104733467102 -0.015788938850164417 0.01227917522192001
v 0.02148941159248352 -0.016810186207294468 0.010919556021690367
v 0.02148941159248352 -0.016810186207294468 0.010919556021690367
v 0.02148941159248352 -0.016810186207294468 0.010919556021690367
v 0.02148941159248352 -0.016810186207294468 0.010919556021690367
v 0.021630005910992622 -0.01633035205304623 0.011292572133243082
v 0.021630005910992622 -0.01633035205304623 0.011292572133243082
v 0.021630005910992622 -0.01633035205304623 0.011292572133243082
v 0.021630005910992622 -0.01633035205304623 0.011292572133243082
v 0.021630005910992622 -0.01633035205304623 0.011292572133243082
v 0.021630005910992622 -0.01633035205304623 0.011292572133243082
v 0.021607957780361176 -0.016093200072646145 0.011577545665204523
v 0.021607957780361176 -0.016093200072646145 0.011577545665204523
v 0.021607957780361176 -0.016093200072646145 0.011577545665204523
v 0.021607957780361176 -0.016093200072646145 0.011577545665204523
v 0.021607957780361176 -0.016093200072646145 0.011577545665204523
v 0.0028348618652671576 -0.01577403582632542 0.03429004177451133
v 0.0028348618652671576 -0.01577403582632542 0.03429004177451133
v 0.0028348618652671576 -0.01577403582632542 0.03429004177451133
v 0.0028348618652671576 -0.01577403582632542 0.03429004177451133
v 0.0016794586554169655 -0.017812808975577358 0.03332055732607841
v 0.0016794586554169655 -0.017812808975577358 0.03332055732607841
v 0.0016794586554169655 -0.017812808975577358 0.03332055732607841
v 0.0016794586554169655 -0.017812808975577358 0.03332055732607841
v 0.0016794586554169655 -0.017812808975577358 0.03332055732607841
v 0.0016794586554169655 -0.017812808975577358 0.03332055732607841
v 0.019998902454972267 -0.017812808975577358 0.011488282121717928
v 0.019998902454972267 -0.017812808975577358 0.011488282121717928
v 0.019998902454972267 -0.017812808975577358 0.011488282121717928
v 0.019998902454972267 -0.017812808975577358 0.011488282121717928
v 0.019998902454972267 -0.017812808975577358 0.011488282121717928
v 0.018242904916405678 -0.020742144435644153 0.008187286555767058
v 0.018242904916405678 -0.020742144435644153 0.008187286555767058
v 0.018242904916405678 -0.020742144435644153 0.008187286555767058
v 0.018242904916405678 -0.020742144435644153 0.008187286555767058
v 0.018242904916405678 -0.020742144435644153 0.008187286555767058
v 0.01850643940269947 -0.020315540954470638 0.008594116196036337
v 0.01850643940269947 -0.020315540954470638 0.008594116196036337
v 0.01850643940269947 -0.020315540954470638 0.008594116196036337
v 0.01850643940269947 -0.020315540954470638 0.008594116196036337
v 0.01850643940269947 -0.020315540954470638 0.008594116196036337
v 0.018549805507063866 -0.020023334771394733 0.009018280543386934
v 0.018549805507063866 -0.020023334771394733 0.009018280543386934
v 0.018549805507063866 -0.020023334771394733 0.009018280543386934
v 0.018549805507063866 -0.020023334771394733 0.009018280543386934
v 0.018549805507063866 -0.020023334771394733 0.009018280543386934
v 0.018549805507063866 -0.020023334771394733 0.009018280543386934
v 0.017459625378251076 -0.021373048424720768 0.007993011735379694
v 0.017459625378251076 -0.021373048424720768 0.007993011735379694
v 0.017459625378251076 -0.021373048424720768 0.007993011735379694
v 0.017459625378251076 -0.021373048424720768 0.007993011735379694
v 0.017459625378251076 -0.021373048424720768 0.007993011735379694
v 0.017985215410590172 -0.021001024171710018 0.008040863089263437
v 0.017985215410590172 -0.021001024171710018 0.008040863089263437
v 0.017985215410590172 -0.021001024171710018 0.008040863089263437
v 0.017985215410590172 -0.021001024171710018 0.008040863089263437
v 0.017985215410590172 -0.021001024171710018 0.008040863089263437
v 0.017985215410590172 -0.021001024171710018 0.008040863089263437
v 0.01689808815717697 -0.021623276174068454 0.008192902430891989
v 0.01689808815717697 -0.021623276174068454 0.008192902430891989
v 0.01689808815717697 -0.021623276174068454 0.008192902430891989
v 0.01689808815717697 -0.021623276174068454 0.008192902430891989
v 0.01689808815717697 -0.021623276174068454 0.008192902430891989
v 0.01689808815717697 -0.021623276174068454 0.008192902430891989
v 0.01689808815717697 -0.021623276174068454 0.008192902430891989
v 0.017200028523802757 -0.02136017754673958 0.00832617189735174
v 0.017200028523802757 -0.02136017754673958 0.00832617189735174
v 0.017200028523802757 -0.02136017754673958 0.00832617189735174
v 0.017200028523802757 -0.02136017754673958 0.00832617189735174
v 0.017200028523802757 -0.02136017754673958 0.00832617189735174
v 0.016409577801823616 -0.021711174398660663 0.008607025258243082
v 0.016409577801823616 -0.021711174398660663 0.008607025258243082
v 0.016409577801823616 -0.021711174398660663 0.008607025258243082
v 0.016409577801823616 -0.021711174398660663 0.008607025258243082
v 0.016409577801823616 -0.021711174398660663 0.008607025258243082
v 0.016409577801823616 -0.021711174398660663 0.008607025258243082
v 0.016409577801823616 -0.021711174398660663 0.008607025258243082
v 0.016409577801823616 -0.021711174398660663 0.008607025258243082
v 0.016409577801823616 -0.021711174398660663 0.008607025258243082
v 0.016409577801823616 -0.021711174398660663 0.008607025258243082
v 0.018536224961280823 -0.01996090635657311 0.00913430843502283
v 0.018536224961280823 -0.01996090635657311 0.00913430843502283
v 0.018536224961280823 -0.01996090635657311 0.00913430843502283
v 0.018536224961280823 -0.01996090635657311 0.00913430843502283
v 0.018391281366348267 -0.019780492410063747 0.009592102840542792
v 0.018391281366348267 -0.019780492410063747 0.009592102840542792
v 0.018391281366348267 -0.019780492410063747 0.009592102840542792
v 0.018391281366348267 -0.019780492410063747 0.009592102840542792
v 0.018391281366348267 -0.019780492410063747 0.009592102840542792
v -0.00014733124407939613 -0.019715057685971264 0.03178768977522849
v -0.00014733124407939613 -0.019715057685971264 0.03178768977522849
v -0.00014733124407939613 -0.019715057685971264 0.03178768977522849
v -0.00014733124407939613 -0.019715057685971264 0.03178768977522849
v -0.0018455811077728868 -0.021711174398660663 0.030362702906131737
v -0.0018455811077728868 -0.021711174398660663 0.030362702906131737
v -0.0018455811077728868 -0.021711174398660663 0.030362702906131737
v -0.0018455811077728868 -0.021711174398660663 0.030362702906131737
v -0.0018455811077728868 -0.021711174398660663 0.030362702906131737
v -0.0018455811077728868 -0.021711174398660663 0.030362702906131737
v 0.018107835203409195 -0.019715057685971264 0.010032013058662413
v 0.018107835203409195 -0.019715057685971264 0.010032013058662413
v 0.018107835203409195 -0.019715057685971264 0.010032013058662413
v 0.018107835203409195 -0.019715057685971264 0.010032013058662413
v 0.018107835203409195 -0.019715057685971264 0.010032013058662413
v 0.018330490216612816 -0.019751286134123806 0.009710236452519892
v 0.018330490216612816 -0.019751286134123806 0.009710236452519892
v 0.018330490216612816 -0.019751286134123806 0.009710236452519892
v 0.018330490216612816 -0.019751286134123806 0.009710236452519892
v 0.014550400897860527 -0.024244241416454322 0.005088897887617349
v 0.014550400897860527 -0.024244241416454322 0.005088897887617349
v 0.014550400897860527 -0.024244241416454322 0.005088897887617349
v 0.014550400897860527 -0.024244241416454322 0.005088897887617349
v 0.014550400897860527 -0.024244241416454322 0.005088897887617349
v 0.014874115586280823 -0.02392330393195153 0.0055462345480918876
v 0.014874115586280823 -0.02392330393195153 0.0055462345480918876
v 0.014874115586280823 -0.02392330393195153 0.0055462345480918876
v 0.014874115586280823 -0.02392330393195153 0.0055462345480918876
v 0.014874115586280823 -0.02392330393195153 0.0055462345480918876
v 0.014958908781409264 -0.023701077327132232 0.006005157716572283
v 0.014958908781409264 -0.023701077327132232 0.006005157716572283
v 0.014958908781409264 -0.023701077327132232 0.006005157716572283
v 0.014958908781409264 -0.023701077327132232 0.006005157716572283
v 0.014958908781409264 -0.023701077327132232 0.006005157716572283
v 0.014958908781409264 -0.023701077327132232 0.006005157716572283
v 0.01367878820747137 -0.024710640311241157 0.004820495843887328
v 0.01367878820747137 -0.024710640311241157 0.004820495843887328
v 0.01367878820747137 -0.024710640311241157 0.004820495843887328
v 0.01367878820747137 -0.024710640311241157 0.004820495843887328
v 0.01367878820747137 -0.024710640311241157 0.004820495843887328
v 0.014256363734602928 -0.024436855688691146 0.004912017844617366
v 0.014256363734602928 -0.024436855688691146 0.004912017844617366
v 0.014256363734602928 -0.024436855688691146 0.004912017844617366
v 0.014256363734602928 -0.024436855688691146 0.004912017844617366
v 0.014256363734602928 -0.024436855688691146 0.004912017844617366
v 0.014256363734602928 -0.024436855688691146 0.004912017844617366
v 0.013082443736493587 -0.024892680346965797 0.004991180729120969
v 0.013082443736493587 -0.024892680346965797 0.004991180729120969
v 0.013082443736493587 -0.024892680346965797 0.004991180729120969
v 0.013082443736493587 -0.024892680346965797 0.004991180729120969
v 0.013082443736493587 -0.024892680346965797 0.004991180729120969
v 0.013082443736493587 -0.024892680346965797 0.004991180729120969
v 0.013082443736493587 -0.024892680346965797 0.004991180729120969
v 0.013420975767076015 -0.024701230227947242 0.005155181977897882
v 0.013420975767076015 -0.024701230227947242 0.005155181977897882
v 0.013420975767076015 -0.024701230227947242 0.005155181977897882
v 0.013420975767076015 -0.024701230227947242 0.005155181977897882
v 0.013420975767076015 -0.024701230227947242 0.005155181977897882
v 0.012581742368638515 -0.02495620213449002 0.005395080894231795
v 0.012581742368638515 -0.02495620213449002 0.005395080894231795
v 0.012581742368638515 -0.02495620213449002 0.005395080894231795
v 0.012581742368638515 -0.02495620213449002 0.005395080894231795
v 0.012581742368638515 -0.02495620213449002 0.005395080894231795
v 0.012581742368638515 -0.02495620213449002 0.005395080894231795
v 0.012581742368638515 -0.02495620213449002 0.005395080894231795
v 0.012581742368638515 -0.02495620213449002 0.005395080894231795
v 0.012581742368638515 -0.02495620213449002 0.005395080894231795
v 0.012581742368638515 -0.02495620213449002 0.005395080894231795
v 0.014954209327697754 -0.023653356358408935 0.006128631997853516
v 0.014954209327697754 -0.023653356358408935 0.006128631997853516
v 0.014954209327697754 -0.023653356358408935 0.006128631997853516
v 0.014954209327697754 -0.023653356358408935 0.006128631997853516
v 0.014834916219115257 -0.023514982312917716 0.006607971619814633
v 0.014834916219115257 -0.023514982312917716 0.006607971619814633
v 0.014834916219115257 -0.023514982312917716 0.006607971619814633
v 0.014834916219115257 -0.023514982312917716 0.006607971619814633
v 0.014834916219115257 -0.023514982312917716 0.006607971619814633
v -0.0036943666636943817 -0.023464627563953407 0.028811402618885033
v -0.0036943666636943817 -0.023464627563953407 0.028811402618885033
v -0.0036943666636943817 -0.023464627563953407 0.028811402618885033
v -0.0036943666636943817 -0.023464627563953407 0.028811402618885033
v -0.005673431791365147 -0.02495620213449002 0.027150757610797875
v -0.005673431791365147 -0.02495620213449002 0.027150757610797875
v -0.005673431791365147 -0.02495620213449002 0.027150757610797875
v -0.005673431791365147 -0.02495620213449002 0.027150757610797875
v -0.005673431791365147 -0.02495620213449002 0.027150757610797875
v -0.005673431791365147 -0.02495620213449002 0.027150757610797875
v 0.014560791663825512 -0.023464627563953407 0.007055725436657665
v 0.014560791663825512 -0.023464627563953407 0.007055725436657665
v 0.014560791663825512 -0.023464627563953407 0.007055725436657665
v 0.014560791663825512 -0.023464627563953407 0.007055725436657665
v 0.014560791663825512 -0.023464627563953407 0.007055725436657665
v 0.014778290875256062 -0.02349251694977284 0.006729584187269209
v 0.014778290875256062 -0.02349251694977284 0.006729584187269209
v 0.014778290875256062 -0.02349251694977284 0.006729584187269209
v 0.014778290875256062 -0.02349251694977284 0.006729584187269209
v 0.010380813851952553 -0.026667628437280662 0.0015902100130915637
v 0.010380813851952553 -0.026667628437280662 0.0015902100130915637
v 0.010380813851952553 -0.026667628437280662 0.0015902100130915637
v 0.010380813851952553 -0.026667628437280662 0.0015902100130915637
v 0.010380813851952553 -0.026667628437280662 0.0015902100130915637
v 0.01074658241122961 -0.02646638453006745 0.0020828247070312496
v 0.01074658241122961 -0.02646638453006745 0.0020828247070312496
v 0.01074658241122961 -0.02646638453006745 0.0020828247070312496
v 0.01074658241122961 -0.02646638453006745 0.0020828247070312496
v 0.01074658241122961 -0.02646638453006745 0.0020828247070312496
v 0.010860733687877655 -0.0263238474726677 0.0025663757696747776
v 0.010860733687877655 -0.0263238474726677 0.0025663757696747776
v 0.010860733687877655 -0.0263238474726677 0.0025663757696747776
v 0.010860733687877655 -0.0263238474726677 0.0025663757696747776
v 0.010860733687877655 -0.0263238474726677 0.0025663757696747776
v 0.010860733687877655 -0.0263238474726677 0.0025663757696747776
v 0.009448959492146969 -0.026949141174554832 0.001271270797587931
v 0.009448959492146969 -0.026949141174554832 0.001271270797587931
v 0.009448959492146969 -0.026949141174554832 0.001271270797587931
v 0.009448959492146969 -0.026949141174554832 0.001271270797587931
v 0.009448959492146969 -0.026949141174554832 0.001271270797587931
v 0.010061767883598804 -0.02678556181490422 0.0013923340011388061
v 0.010061767883598804 -0.02678556181490422 0.0013923340011388061
v 0.010061767883598804 -0.02678556181490422 0.0013923340011388061
v 0.010061767883598804 -0.02678556181490422 0.0013923340011388061
v 0.010061767883598804 -0.02678556181490422 0.0013923340011388061
v 0.010061767883598804 -0.02678556181490422 0.0013923340011388061
v 0.010061767883598804 -0.02678556181490422 0.0013923340011388061
v 0.008829453028738499 -0.02705503255128861 0.0014224854530766604
v 0.008829453028738499 -0.02705503255128861 0.0014224854530766604
v 0.008829453028738499 -0.02705503255128861 0.0014224854530766604
v 0.008829453028738499 -0.02705503255128861 0.0014224854530766604
v 0.008829453028738499 -0.02705503255128861 0.0014224854530766604
v 0.008829453028738499 -0.02705503255128861 0.0014224854530766604
v 0.008829453028738499 -0.02705503255128861 0.0014224854530766604
v 0.009192368015646935 -0.026943605393171317 0.001606933656148612
v 0.009192368015646935 -0.026943605393171317 0.001606933656148612
v 0.009192368015646935 -0.026943605393171317 0.001606933656148612
v 0.009192368015646935 -0.026943605393171317 0.001606933656148612
v 0.009192368015646935 -0.026943605393171317 0.001606933656148612
v 0.008320694789290428 -0.027091402560472495 0.0018196717137470837
v 0.008320694789290428 -0.027091402560472495 0.0018196717137470837
v 0.008320694789290428 -0.027091402560472495 0.0018196717137470837
v 0.008320694789290428 -0.027091402560472495 0.0018196717137470837
v 0.008320694789290428 -0.027091402560472495 0.0018196717137470837
v 0.008320694789290428 -0.027091402560472495 0.0018196717137470837
v 0.008320694789290428 -0.027091402560472495 0.0018196717137470837
v 0.008320694789290428 -0.027091402560472495 0.0018196717137470837
v 0.008320694789290428 -0.027091402560472495 0.0018196717137470837
v 0.008320694789290428 -0.027091402560472495 0.0018196717137470837
v 0.010862351395189762 -0.02629292197525502 0.0026951599866151805
v 0.010862351395189762 -0.02629292197525502 0.0026951599866151805
v 0.010862351395189762 -0.02629292197525502 0.0026951599866151805
v 0.010862351395189762 -0.02629292197525502 0.0026951599866151805
v 0.01076149009168148 -0.026202632114291198 0.0031899416353553525
v 0.01076149009168148 -0.026202632114291198 0.0031899416353553525
v 0.01076149009168148 -0.026202632114291198 0.0031899416353553525
v 0.01076149009168148 -0.026202632114291198 0.0031899416353553525
v 0.01076149009168148 -0.026202632114291198 0.0031899416353553525
v -0.007761085871607065 -0.026169558987021453 0.02539898827672004
v -0.007761085871607065 -0.026169558987021453 0.02539898827672004
v -0.007761085871607065 -0.026169558987021453 0.02539898827672004
v -0.007761085871607065 -0.026169558987021453 0.02539898827672004
v -0.009934463538229465 -0.027091402560472495 0.02357531897723674
v -0.009934463538229465 -0.027091402560472495 0.02357531897723674
v -0.009934463538229465 -0.027091402560472495 0.02357531897723674
v -0.009934463538229465 -0.027091402560472495 0.02357531897723674
v -0.009934463538229465 -0.027091402560472495 0.02357531897723674
v -0.009934463538229465 -0.027091402560472495 0.02357531897723674
v 0.010494080372154713 -0.026169558987021453 0.0036433411296457044
v 0.010494080372154713 -0.026169558987021453 0.0036433411296457044
v 0.010494080372154713 -0.026169558987021453 0.0036433411296457044
v 0.010494080372154713 -0.026169558987021453 0.0036433411296457044
v 0.010494080372154713 -0.026169558987021453 0.0036433411296457044
v 0.010707840323448181 -0.026187891140580184 0.0033140871673822394
v 0.010707840323448181 -0.026187891140580184 0.0033140871673822394
v 0.010707840323448181 -0.026187891140580184 0.0033140871673822394
v 0.010707840323448181 -0.026187891140580184 0.0033140871673822394
v -0.005740394815802574 -0.0275498852133751 0.000860687287058681
v -0.005740394815802574 -0.0275498852133751 0.000860687287058681
v -0.005740394815802574 -0.0275498852133751 0.000860687287058681
v -0.005020828451961279 -0.0275498852133751 -0.00036791994352824975
v -0.005020828451961279 -0.0275498852133751 -0.00036791994352824975
v -0.005020828451961279 -0.0275498852133751 -0.00036791994352824975
v 0.00040557864122092724 -0.0275498852133751 0.006017761304974554
v 0.00040557864122092724 -0.0275498852133751 0.006017761304974554
v 0.00040557864122092724 -0.0275498852133751 0.006017761304974554
v 0.0016793976537883282 -0.0275498852133751 -0.000125549326185137
v 0.0016793976537883282 -0.0275498852133751 -0.000125549326185137
v 0.0016793976537883282 -0.0275498852133751 -0.000125549326185137
v 0.002447807462885976 -0.0275498852133751 0.0018039551796391602
v 0.002447807462885976 -0.0275498852133751 0.0018039551796391602
v 0.002447807462885976 -0.0275498852133751 0.0018039551796391602
v 0.002210113685578108 -0.0275498852133751 0.0038672182708978644
v 0.002210113685578108 -0.0275498852133751 0.0038672182708978644
v 0.002210113685578108 -0.0275498852133751 0.0038672182708978644
v -0.003935860004276037 -0.0275498852133751 -0.0012898865388706324
v -0.003935860004276037 -0.0275498852133751 -0.0012898865388706324
v -0.003935860004276037 -0.0275498852133751 -0.0012898865388706324
v -0.0019452286651358008 -0.0275498852133751 -0.001882263226434588
v -0.0019452286651358008 -0.0275498852133751 -0.001882263226434588
v -0.0019452286651358008 -0.0275498852133751 -0.001882263226434588
v 8.840942609822378e-05 -0.0275498852133751 -0.0014605408068746326
v 8.840942609822378e-05 -0.0275498852133751 -0.0014605408068746326
v 8.840942609822378e-05 -0.0275498852133751 -0.0014605408068746326
v -0.005978088825941086 -0.0275498852133751 0.0029239503201097246
v -0.005978088825941086 -0.0275498852133751 0.0029239503201097246
v -0.005978088825941086 -0.0275498852133751 0.0029239503201097246
v -0.0052096787840127945 -0.0275498852133751 0.004853454884141683
v -0.0052096787840127945 -0.0275498852133751 0.004853454884141683
v -0.0052096787840127945 -0.0275498852133751 0.004853454884141683
v -0.003618690650910139 -0.0275498852133751 0.006188446190208195
v -0.003618690650910139 -0.0275498852133751 0.006188446190208195
v -0.003618690650910139 -0.0275498852133751 0.006188446190208195
v -0.0015850525815039873 -0.0275498852133751 0.0066101383417844755
v -0.0015850525815039873 -0.0275498852133751 0.0066101383417844755
v -0.0015850525815039873 -0.0275498852133751 0.0066101383417844755
v 0.0014905472053214908 -0.0275498852133751 0.005095794796943664
v 0.0014905472053214908 -0.0275498852133751 0.005095794796943664
v 0.0014905472053214908 -0.0275498852133751 0.005095794796943664
v -0.014502732083201408 -0.023520890623331077 0.019742097705602642
v -0.014502732083201408 -0.023520890623331077 0.019742097705602642
v -0.014502732083201408 -0.023520890623331077 0.019742097705602642
v -0.014502732083201408 -0.023520890623331077 0.019742097705602642
v -0.014502732083201408 0.024395858868956573 0.019742097705602642
v -0.014502732083201408 0.024395858868956573 0.019742097705602642
v -0.014502732083201408 0.024395858868956573 0.019742097705602642
v -0.014502732083201408 0.024395858868956573 0.019742097705602642
v -0.015585076063871384 -0.02356251701712609 0.01883389428257942
v -0.015585076063871384 -0.02356251701712609 0.01883389428257942
v -0.015585076063871384 -0.02356251701712609 0.01883389428257942
v -0.015585076063871384 -0.02356251701712609 0.01883389428257942
v -0.015585076063871384 -0.02356251701712609 0.01883389428257942
v -0.015585076063871384 0.024437483400106437 0.01883389428257942
v -0.015585076063871384 0.024437483400106437 0.01883389428257942
v -0.015585076063871384 0.024437483400106437 0.01883389428257942
v -0.015585076063871384 0.024437483400106437 0.01883389428257942
v -0.015585076063871384 0.024437483400106437 0.01883389428257942
v -0.01666742004454136 -0.023520890623331077 0.017925720661878582
v -0.01666742004454136 -0.023520890623331077 0.017925720661878582
v -0.01666742004454136 -0.023520890623331077 0.017925720661878582
v -0.01666742004454136 -0.023520890623331077 0.017925720661878582
v -0.01666742004454136 0.024395858868956573 0.017925720661878582
v -0.01666742004454136 0.024395858868956573 0.017925720661878582
v -0.01666742004454136 0.024395858868956573 0.017925720661878582
v -0.01666742004454136 0.024395858868956573 0.017925720661878582
v -0.01666742004454136 0.024395858868956573 0.017925720661878582
v -0.020575525239109993 -0.02266144379973412 0.014646423980593678
v -0.020575525239109993 -0.02266144379973412 0.014646423980593678
v -0.020575525239109993 -0.02266144379973412 0.014646423980593678
v -0.020575525239109993 -0.02266144379973412 0.014646423980593678
v -0.0009262771927751601 0.014922827482223514 0.031134095042943948
v -0.0009262771927751601 0.014922827482223514 0.031134095042943948
v -0.0009262771927751601 0.014922827482223514 0.031134095042943948
v -0.00364492810331285 0.01868722774088383 0.02885287627577781
v -0.00364492810331285 0.01868722774088383 0.02885287627577781
v -0.00364492810331285 0.01868722774088383 0.02885287627577781
v -0.03024386800825596 0.014922827482223514 0.006533722393214701
v -0.03024386800825596 0.014922827482223514 0.006533722393214701
v -0.03024386800825596 0.014922827482223514 0.006533722393214701
v -0.027525216341018677 0.01868722774088383 0.008814942091703413
v -0.027525216341018677 0.01868722774088383 0.008814942091703413
v -0.027525216341018677 0.01868722774088383 0.008814942091703413
v -0.027525216341018677 0.01868722774088383 0.008814942091703413
v -0.027525216341018677 0.01868722774088383 0.008814942091703413
v -0.020575525239109993 0.02353641018271447 0.014646423980593678
v -0.020575525239109993 0.02353641018271447 0.014646423980593678
v -0.020575525239109993 0.02353641018271447 0.014646423980593678
v -0.020575525239109993 0.02353641018271447 0.014646423980593678
v -0.024251732975244522 0.02160359546542168 0.01156167685985565
v -0.024251732975244522 0.02160359546542168 0.01156167685985565
v -0.024251732975244522 0.02160359546542168 0.01156167685985565
v -0.024251732975244522 0.02160359546542168 0.01156167685985565
v -0.03228135034441948 0.010485319420695307 0.004824066534638404
v -0.03228135034441948 0.010485319420695307 0.004824066534638404
v -0.03228135034441948 0.010485319420695307 0.004824066534638404
v -0.03228135034441948 0.010485319420695307 0.004824066534638404
v -0.03354297950863838 0.005580904427915812 0.0037654421757906667
v -0.03354297950863838 0.005580904427915812 0.0037654421757906667
v -0.03354297950863838 0.005580904427915812 0.0037654421757906667
v -0.03354297950863838 0.005580904427915812 0.0037654421757906667
v -0.03397013992071152 0.0004374847630970181 0.00340701313689351
v -0.03397013992071152 0.0004374847630970181 0.00340701313689351
v -0.03397013992071152 0.0004374847630970181 0.00340701313689351
v -0.03024386800825596 -0.014047860167920593 0.006533722393214701
v -0.03024386800825596 -0.014047860167920593 0.006533722393214701
v -0.03024386800825596 -0.014047860167920593 0.006533722393214701
v -0.03024386800825596 -0.014047860167920593 0.006533722393214701
v -0.027525216341018677 -0.017812261357903484 0.008814942091703413
v -0.027525216341018677 -0.017812261357903484 0.008814942091703413
v -0.027525216341018677 -0.017812261357903484 0.008814942091703413
v -0.027525216341018677 -0.017812261357903484 0.008814942091703413
v -0.024251732975244522 -0.020728627219796184 0.01156167685985565
v -0.024251732975244522 -0.020728627219796184 0.01156167685985565
v -0.024251732975244522 -0.020728627219796184 0.01156167685985565
v -0.024251732975244522 -0.020728627219796184 0.01156167685985565
v -0.010594620369374752 -0.02266144379973412 0.02302136272192001
v -0.010594620369374752 -0.02266144379973412 0.02302136272192001
v -0.010594620369374752 -0.02266144379973412 0.02302136272192001
v -0.010594620369374752 -0.02266144379973412 0.02302136272192001
v -0.006918411701917648 -0.020728627219796184 0.02610608004033565
v -0.006918411701917648 -0.020728627219796184 0.02610608004033565
v -0.006918411701917648 -0.020728627219796184 0.02610608004033565
v -0.006918411701917648 -0.020728627219796184 0.02610608004033565
v -0.006918411701917648 -0.020728627219796184 0.02610608004033565
v -0.006918411701917648 -0.020728627219796184 0.02610608004033565
v -0.00364492810331285 -0.017812261357903484 0.02885287627577781
v -0.00364492810331285 -0.017812261357903484 0.02885287627577781
v -0.00364492810331285 -0.017812261357903484 0.02885287627577781
v -0.00364492810331285 -0.017812261357903484 0.02885287627577781
v -0.0009262771927751601 -0.014047860167920593 0.031134095042943948
v -0.0009262771927751601 -0.014047860167920593 0.031134095042943948
v -0.0009262771927751601 -0.014047860167920593 0.031134095042943948
v 0.0011111984495073557 -0.009610350243747236 0.03284374997019767
v 0.0011111984495073557 -0.009610350243747236 0.03284374997019767
v 0.0011111984495073557 -0.009610350243747236 0.03284374997019767
v 0.0023728408850729465 -0.004705936647951604 0.03390237689018249
v 0.0023728408850729465 -0.004705936647951604 0.03390237689018249
v 0.0023728408850729465 -0.004705936647951604 0.03390237689018249
v 0.0023728408850729465 -0.004705936647951604 0.03390237689018249
v 0.0027999954763799906 0.0004374847630970181 0.034260805696249
v 0.0027999954763799906 0.0004374847630970181 0.034260805696249
v 0.0027999954763799906 0.0004374847630970181 0.034260805696249
v -0.006918411701917648 0.02160359546542168 0.02610608004033565
v -0.006918411701917648 0.02160359546542168 0.02610608004033565
v -0.006918411701917648 0.02160359546542168 0.02610608004033565
v -0.010594620369374752 0.02353641018271447 0.02302136272192001
v -0.010594620369374752 0.02353641018271447 0.02302136272192001
v -0.010594620369374752 0.02353641018271447 0.02302136272192001
v -0.010594620369374752 0.02353641018271447 0.02302136272192001
v -0.03354297950863838 -0.004705936647951604 0.0037654421757906667
v -0.03354297950863838 -0.004705936647951604 0.0037654421757906667
v -0.03354297950863838 -0.004705936647951604 0.0037654421757906667
v -0.03228135034441948 -0.009610350243747236 0.004824066534638404
v -0.03228135034441948 -0.009610350243747236 0.004824066534638404
v -0.03228135034441948 -0.009610350243747236 0.004824066534638404
v -0.03228135034441948 -0.009610350243747236 0.004824066534638404
v 0.0023728408850729465 0.005580904427915812 0.03390237689018249
v 0.0023728408850729465 0.005580904427915812 0.03390237689018249
v 0.0023728408850729465 0.005580904427915812 0.03390237689018249
v 0.0011111984495073557 0.010485319420695307 0.03284374997019767
v 0.0011111984495073557 0.010485319420695307 0.03284374997019767
v 0.0011111984495073557 0.010485319420695307 0.03284374997019767
v 0.0011111984495073557 0.010485319420695307 0.03284374997019767
v -0.036625321954488754 -0.0010625153081491592 0.0010484925005584953
v -0.036625321954488754 -0.0010625153081491592 0.0010484925005584953
v -0.036625321954488754 -0.0010625153081491592 0.0010484925005584953
v -0.036625321954488754 -0.0010625153081491592 0.0010484925005584953
v -0.03624580428004265 -0.0009783401619642975 0.0013669434702023862
v -0.03624580428004265 -0.0009783401619642975 0.0013669434702023862
v -0.03624580428004265 -0.0009783401619642975 0.0013669434702023862
v -0.03624580428004265 -0.0009783401619642975 0.0013669434702023862
v -0.03624580428004265 -0.0009783401619642975 0.0013669434702023862
v -0.035777170211076736 -0.0005745220696553589 0.001760192913934588
v -0.035777170211076736 -0.0005745220696553589 0.001760192913934588
v -0.035777170211076736 -0.0005745220696553589 0.001760192913934588
v -0.035777170211076736 -0.0005745220696553589 0.001760192913934588
v -0.035777170211076736 -0.0005745220696553589 0.001760192913934588
v -0.0355110801756382 7.097435445757584e-05 0.0019834595732390876
v -0.0355110801756382 7.097435445757584e-05 0.0019834595732390876
v -0.0355110801756382 7.097435445757584e-05 0.0019834595732390876
v -0.0355110801756382 7.097435445757584e-05 0.0019834595732390876
v -0.0355110801756382 0.000803995179012418 0.0019834595732390876
v -0.0355110801756382 0.000803995179012418 0.0019834595732390876
v -0.0355110801756382 0.000803995179012418 0.0019834595732390876
v -0.0355110801756382 0.000803995179012418 0.0019834595732390876
v -0.035777170211076736 0.001449489616788924 0.001760192913934588
v -0.035777170211076736 0.001449489616788924 0.001760192913934588
v -0.035777170211076736 0.001449489616788924 0.001760192913934588
v -0.035777170211076736 0.001449489616788924 0.001760192913934588
v -0.03624580428004265 0.0018533096881583337 0.0013669434702023862
v -0.03624580428004265 0.0018533096881583337 0.0013669434702023862
v -0.03624580428004265 0.0018533096881583337 0.0013669434702023862
v -0.03624580428004265 0.0018533096881583337 0.0013669434702023862
v -0.036625321954488754 0.0019374829716980462 0.0010484925005584953
v -0.036625321954488754 0.0019374829716980462 0.0010484925005584953
v -0.036625321954488754 0.0019374829716980462 0.0010484925005584953
v -0.036625321954488754 0.0019374829716980462 0.0010484925005584953
v -0.036625321954488754 0.0019374829716980462 0.0010484925005584953
v -0.036931734532117844 0.0019374829716980462 0.0007913818699307738
v -0.036931734532117844 0.0019374829716980462 0.0007913818699307738
v -0.036931734532117844 0.0019374829716980462 0.0007913818699307738
v -0.036931734532117844 0.0019374829716980462 0.0007913818699307738
v -0.03731125220656395 0.0018533096881583337 0.00047293092939071346
v -0.03731125220656395 0.0018533096881583337 0.00047293092939071346
v -0.03731125220656395 0.0018533096881583337 0.00047293092939071346
v -0.03731125220656395 0.0018533096881583337 0.00047293092939071346
v -0.03731125220656395 0.0018533096881583337 0.00047293092939071346
v -0.03777988627552986 0.001449489616788924 7.968139834702014e-05
v -0.03777988627552986 0.001449489616788924 7.968139834702014e-05
v -0.03777988627552986 0.001449489616788924 7.968139834702014e-05
v -0.03777988627552986 0.001449489616788924 7.968139834702014e-05
v -0.0380459763109684 0.000803995179012418 -0.00014358521730173376
v -0.0380459763109684 0.000803995179012418 -0.00014358521730173376
v -0.0380459763109684 0.000803995179012418 -0.00014358521730173376
v -0.0380459763109684 0.000803995179012418 -0.00014358521730173376
v -0.0380459763109684 7.097435445757584e-05 -0.00014358521730173376
v -0.0380459763109684 7.097435445757584e-05 -0.00014358521730173376
v -0.0380459763109684 7.097435445757584e-05 -0.00014358521730173376
v -0.0380459763109684 7.097435445757584e-05 -0.00014358521730173376
v -0.03777988627552986 -0.0005745220696553589 7.968139834702014e-05
v -0.03777988627552986 -0.0005745220696553589 7.968139834702014e-05
v -0.03777988627552986 -0.0005745220696553589 7.968139834702014e-05
v -0.03777988627552986 -0.0005745220696553589 7.968139834702014e-05
v -0.03731125220656395 -0.0009783401619642975 0.00047293092939071346
v -0.03731125220656395 -0.0009783401619642975 0.00047293092939071346
v -0.03731125220656395 -0.0009783401619642975 0.00047293092939071346
v -0.03731125220656395 -0.0009783401619642975 0.00047293092939071346
v -0.03731125220656395 -0.0009783401619642975 0.00047293092939071346
v -0.036931734532117844 -0.0010625153081491592 0.0007913818699307738
v -0.036931734532117844 -0.0010625153081491592 0.0007913818699307738
v -0.036931734532117844 -0.0010625153081491592 0.0007913818699307738
v -0.036931734532117844 -0.0010625153081491592 0.0007913818699307738
v -0.036931734532117844 -0.0010625153081491592 0.0007913818699307738
v 0.005736938677728176 -0.0010625153081491592 0.036594666540622704
v 0.005736938677728176 -0.0010625153081491592 0.036594666540622704
v 0.005736938677728176 -0.0010625153081491592 0.036594666540622704
v 0.005736938677728176 -0.0010625153081491592 0.036594666540622704
v 0.005736938677728176 -0.0010625153081491592 0.036594666540622704
v 0.0061164554208517075 -0.0009783401619642975 0.036913089454174035
v 0.0061164554208517075 -0.0009783401619642975 0.036913089454174035
v 0.0061164554208517075 -0.0009783401619642975 0.036913089454174035
v 0.0061164554208517075 -0.0009783401619642975 0.036913089454174035
v 0.0061164554208517075 -0.0009783401619642975 0.036913089454174035
v 0.006585083436220884 -0.0005745220696553589 0.03730633854866027
v 0.006585083436220884 -0.0005745220696553589 0.03730633854866027
v 0.006585083436220884 -0.0005745220696553589 0.03730633854866027
v 0.006585083436220884 -0.0005745220696553589 0.03730633854866027
v 0.006851166021078825 7.097435445757584e-05 0.03752960264682769
v 0.006851166021078825 7.097435445757584e-05 0.03752960264682769
v 0.006851166021078825 7.097435445757584e-05 0.03752960264682769
v 0.006851166021078825 7.097435445757584e-05 0.03752960264682769
v 0.006851166021078825 7.097435445757584e-05 0.03752960264682769
v 0.006851166021078825 0.000803995179012418 0.03752960264682769
v 0.006851166021078825 0.000803995179012418 0.03752960264682769
v 0.006851166021078825 0.000803995179012418 0.03752960264682769
v 0.006851166021078825 0.000803995179012418 0.03752960264682769
v 0.006585083436220884 0.001449489616788924 0.03730633854866027
v 0.006585083436220884 0.001449489616788924 0.03730633854866027
v 0.006585083436220884 0.001449489616788924 0.03730633854866027
v 0.006585083436220884 0.001449489616788924 0.03730633854866027
v 0.006585083436220884 0.001449489616788924 0.03730633854866027
v 0.0061164554208517075 0.0018533096881583337 0.036913089454174035
v 0.0061164554208517075 0.0018533096881583337 0.036913089454174035
v 0.0061164554208517075 0.0018533096881583337 0.036913089454174035
v 0.0061164554208517075 0.0018533096881583337 0.036913089454174035
v 0.005736938677728176 0.0019374829716980462 0.036594666540622704
v 0.005736938677728176 0.0019374829716980462 0.036594666540622704
v 0.005736938677728176 0.0019374829716980462 0.036594666540622704
v 0.005736938677728176 0.0019374829716980462 0.036594666540622704
v 0.005736938677728176 0.0019374829716980462 0.036594666540622704
v 0.005357421934604645 0.0018533096881583337 0.0362761840224266
v 0.005357421934604645 0.0018533096881583337 0.0362761840224266
v 0.005357421934604645 0.0018533096881583337 0.0362761840224266
v 0.005357421934604645 0.0018533096881583337 0.0362761840224266
v 0.005357421934604645 0.0018533096881583337 0.0362761840224266
v 0.004888794384896755 0.001449489616788924 0.03588296845555305
v 0.004888794384896755 0.001449489616788924 0.03588296845555305
v 0.004888794384896755 0.001449489616788924 0.03588296845555305
v 0.004888794384896755 0.001449489616788924 0.03588296845555305
v 0.004622711334377527 0.000803995179012418 0.03565970063209533
v 0.004622711334377527 0.000803995179012418 0.03565970063209533
v 0.004622711334377527 0.000803995179012418 0.03565970063209533
v 0.004622711334377527 0.000803995179012418 0.03565970063209533
v 0.004622711334377527 0.000803995179012418 0.03565970063209533
v 0.004622711334377527 7.097435445757584e-05 0.03565970063209533
v 0.004622711334377527 7.097435445757584e-05 0.03565970063209533
v 0.004622711334377527 7.097435445757584e-05 0.03565970063209533
v 0.004622711334377527 7.097435445757584e-05 0.03565970063209533
v 0.004888794384896755 -0.0005745220696553589 0.03588296845555305
v 0.004888794384896755 -0.0005745220696553589 0.03588296845555305
v 0.004888794384896755 -0.0005745220696553589 0.03588296845555305
v 0.004888794384896755 -0.0005745220696553589 0.03588296845555305
v 0.004888794384896755 -0.0005745220696553589 0.03588296845555305
v 0.005357421934604645 -0.0009783401619642975 0.0362761840224266
v 0.005357421934604645 -0.0009783401619642975 0.0362761840224266
v 0.005357421934604645 -0.0009783401619642975 0.0362761840224266
v 0.005357421934604645 -0.0009783401619642975 0.0362761840224266
v -0.015520790591835976 0.026687484234571464 0.018757294863462445
v -0.015520790591835976 0.026687484234571464 0.018757294863462445
v -0.015520790591835976 0.026687484234571464 0.018757294863462445
v -0.015520790591835976 0.026687484234571464 0.018757294863462445
v -0.015520790591835976 0.026687484234571464 0.018757294863462445
v -0.015204536728560925 0.02675763331353665 0.019022675231099125
v -0.015204536728560925 0.02675763331353665 0.019022675231099125
v -0.015204536728560925 0.02675763331353665 0.019022675231099125
v -0.015204536728560925 0.02675763331353665 0.019022675231099125
v -0.015204536728560925 0.02675763331353665 0.019022675231099125
v -0.014814003370702267 0.027094146236777313 0.01935034245252609
v -0.014814003370702267 0.027094146236777313 0.01935034245252609
v -0.014814003370702267 0.027094146236777313 0.01935034245252609
v -0.014814003370702267 0.027094146236777313 0.01935034245252609
v -0.014814003370702267 0.027094146236777313 0.01935034245252609
v -0.014592262916266918 0.02763205952942372 0.019536439329385754
v -0.014592262916266918 0.02763205952942372 0.019536439329385754
v -0.014592262916266918 0.02763205952942372 0.019536439329385754
v -0.014592262916266918 0.02763205952942372 0.019536439329385754
v -0.014592262916266918 0.028242912143468864 0.019536439329385754
v -0.014592262916266918 0.028242912143468864 0.019536439329385754
v -0.014592262916266918 0.028242912143468864 0.019536439329385754
v -0.014592262916266918 0.028242912143468864 0.019536439329385754
v -0.014814003370702267 0.028780821710824973 0.01935034245252609
v -0.014814003370702267 0.028780821710824973 0.01935034245252609
v -0.014814003370702267 0.028780821710824973 0.01935034245252609
v -0.014814003370702267 0.028780821710824973 0.01935034245252609
v -0.015204536728560925 0.029117340222001083 0.019022675231099125
v -0.015204536728560925 0.029117340222001083 0.019022675231099125
v -0.015204536728560925 0.029117340222001083 0.019022675231099125
v -0.015204536728560925 0.029117340222001083 0.019022675231099125
v -0.015204536728560925 0.029117340222001083 0.019022675231099125
v -0.015520790591835976 0.029187483713030822 0.018757294863462445
v -0.015520790591835976 0.029187483713030822 0.018757294863462445
v -0.015520790591835976 0.029187483713030822 0.018757294863462445
v -0.015520790591835976 0.029187483713030822 0.018757294863462445
v -0.015520790591835976 0.029187483713030822 0.018757294863462445
v -0.0158370528370142 0.029117340222001083 0.018491914495825764
v -0.0158370528370142 0.029117340222001083 0.018491914495825764
v -0.0158370528370142 0.029117340222001083 0.018491914495825764
v -0.0158370528370142 0.029117340222001083 0.018491914495825764
v -0.0158370528370142 0.029117340222001083 0.018491914495825764
v -0.016227586194872856 0.028780821710824973 0.018164215609431263
v -0.016227586194872856 0.028780821710824973 0.018164215609431263
v -0.016227586194872856 0.028780821710824973 0.018164215609431263
v -0.016227586194872856 0.028780821710824973 0.018164215609431263
v -0.016449326649308205 0.028242912143468864 0.017978150397539135
v -0.016449326649308205 0.028242912143468864 0.017978150397539135
v -0.016449326649308205 0.028242912143468864 0.017978150397539135
v -0.016449326649308205 0.028242912143468864 0.017978150397539135
v -0.016449326649308205 0.028242912143468864 0.017978150397539135
v -0.016449326649308205 0.02763205952942372 0.017978150397539135
v -0.016449326649308205 0.02763205952942372 0.017978150397539135
v -0.016449326649308205 0.02763205952942372 0.017978150397539135
v -0.016449326649308205 0.02763205952942372 0.017978150397539135
v -0.016227586194872856 0.027094146236777313 0.018164215609431263
v -0.016227586194872856 0.027094146236777313 0.018164215609431263
v -0.016227586194872856 0.027094146236777313 0.018164215609431263
v -0.016227586194872856 0.027094146236777313 0.018164215609431263
v -0.016227586194872856 0.027094146236777313 0.018164215609431263
v -0.0158370528370142 0.02675763331353665 0.018491914495825764
v -0.0158370528370142 0.02675763331353665 0.018491914495825764
v -0.0158370528370142 0.02675763331353665 0.018491914495825764
v -0.0158370528370142 0.02675763331353665 0.018491914495825764
v -0.03376467898488045 -0.014562515541911129 0.0034488528035581103
v -0.03376467898488045 -0.014562515541911129 0.0034488528035581103
v -0.03376467898488045 -0.014562515541911129 0.0034488528035581103
v -0.03376467898488045 -0.014562515541911129 0.0034488528035581103
v -0.03376467898488045 -0.014562515541911129 0.0034488528035581103
v -0.03344842046499252 -0.014492371119558815 0.0037142336368560782
v -0.03344842046499252 -0.014492371119558815 0.0037142336368560782
v -0.03344842046499252 -0.014492371119558815 0.0037142336368560782
v -0.03344842046499252 -0.014492371119558815 0.0037142336368560782
v -0.03344842046499252 -0.014492371119558815 0.0037142336368560782
v -0.033057887107133865 -0.014155854471027855 0.004041900858283042
v -0.033057887107133865 -0.014155854471027855 0.004041900858283042
v -0.033057887107133865 -0.014155854471027855 0.004041900858283042
v -0.033057887107133865 -0.014155854471027855 0.004041900858283042
v -0.033057887107133865 -0.014155854471027855 0.004041900858283042
v -0.032836154103279114 -0.013617941178381446 0.004227996803820132
v -0.032836154103279114 -0.013617941178381446 0.004227996803820132
v -0.032836154103279114 -0.013617941178381446 0.004227996803820132
v -0.032836154103279114 -0.013617941178381446 0.004227996803820132
v -0.032836154103279114 -0.013617941178381446 0.004227996803820132
v -0.032836154103279114 -0.013007090426981453 0.004227996803820132
v -0.032836154103279114 -0.013007090426981453 0.004227996803820132
v -0.032836154103279114 -0.013007090426981453 0.004227996803820132
v -0.032836154103279114 -0.013007090426981453 0.004227996803820132
v -0.033057887107133865 -0.012469178065657619 0.004041900858283042
v -0.033057887107133865 -0.012469178065657619 0.004041900858283042
v -0.033057887107133865 -0.012469178065657619 0.004041900858283042
v -0.033057887107133865 -0.012469178065657619 0.004041900858283042
v -0.033057887107133865 -0.012469178065657619 0.004041900858283042
v -0.03344842046499252 -0.012132662348449234 0.0037142336368560782
v -0.03344842046499252 -0.012132662348449234 0.0037142336368560782
v -0.03344842046499252 -0.012132662348449234 0.0037142336368560782
v -0.03344842046499252 -0.012132662348449234 0.0037142336368560782
v -0.03344842046499252 -0.012132662348449234 0.0037142336368560782
v -0.03376467898488045 -0.01206251606345177 0.0034488528035581103
v -0.03376467898488045 -0.01206251606345177 0.0034488528035581103
v -0.03376467898488045 -0.01206251606345177 0.0034488528035581103
v -0.03376467898488045 -0.01206251606345177 0.0034488528035581103
v -0.03408094123005867 -0.012132662348449234 0.0031834717374294988
v -0.03408094123005867 -0.012132662348449234 0.0031834717374294988
v -0.03408094123005867 -0.012132662348449234 0.0031834717374294988
v -0.03408094123005867 -0.012132662348449234 0.0031834717374294988
v -0.03408094123005867 -0.012132662348449234 0.0031834717374294988
v -0.03447146713733673 -0.012469178065657619 0.0028557740151882167
v -0.03447146713733673 -0.012469178065657619 0.0028557740151882167
v -0.03447146713733673 -0.012469178065657619 0.0028557740151882167
v -0.03447146713733673 -0.012469178065657619 0.0028557740151882167
v -0.03447146713733673 -0.012469178065657619 0.0028557740151882167
v -0.03469320759177208 -0.013007090426981453 0.0026697083376348014
v -0.03469320759177208 -0.013007090426981453 0.0026697083376348014
v -0.03469320759177208 -0.013007090426981453 0.0026697083376348014
v -0.03469320759177208 -0.013007090426981453 0.0026697083376348014
v -0.03469320759177208 -0.013007090426981453 0.0026697083376348014
v -0.03469320759177208 -0.013617941178381446 0.0026697083376348014
v -0.03469320759177208 -0.013617941178381446 0.0026697083376348014
v -0.03469320759177208 -0.013617941178381446 0.0026697083376348014
v -0.03469320759177208 -0.013617941178381446 0.0026697083376348014
v -0.03447146713733673 -0.014155854471027855 0.0028557740151882167
v -0.03447146713733673 -0.014155854471027855 0.0028557740151882167
v -0.03447146713733673 -0.014155854471027855 0.0028557740151882167
v -0.03447146713733673 -0.014155854471027855 0.0028557740151882167
v -0.03447146713733673 -0.014155854471027855 0.0028557740151882167
v -0.03408094123005867 -0.014492371119558815 0.0031834717374294988
v -0.03408094123005867 -0.014492371119558815 0.0031834717374294988
v -0.03408094123005867 -0.014492371119558815 0.0031834717374294988
v -0.03408094123005867 -0.014492371119558815 0.0031834717374294988
v 0.002723091281950474 -0.014562515541911129 0.03406573832035064
v 0.002723091281950474 -0.014562515541911129 0.03406573832035064
v 0.002723091281950474 -0.014562515541911129 0.03406573832035064
v 0.002723091281950474 -0.014562515541911129 0.03406573832035064
v 0.002723091281950474 -0.014562515541911129 0.03406573832035064
v 0.003039352595806122 -0.014492371119558815 0.03433111682534217
v 0.003039352595806122 -0.014492371119558815 0.03433111682534217
v 0.003039352595806122 -0.014492371119558815 0.03433111682534217
v 0.003039352595806122 -0.014492371119558815 0.03433111682534217
v 0.0034298785030841827 -0.014155854471027855 0.034658785909414284
v 0.0034298785030841827 -0.014155854471027855 0.034658785909414284
v 0.0034298785030841827 -0.014155854471027855 0.034658785909414284
v 0.0034298785030841827 -0.014155854471027855 0.034658785909414284
v 0.0036516268737614155 -0.013617941178381446 0.03484484925866126
v 0.0036516268737614155 -0.013617941178381446 0.03484484925866126
v 0.0036516268737614155 -0.013617941178381446 0.03484484925866126
v 0.0036516268737614155 -0.013617941178381446 0.03484484925866126
v 0.0036516268737614155 -0.013617941178381446 0.03484484925866126
v 0.0036516268737614155 -0.013007090426981453 0.03484484925866126
v 0.0036516268737614155 -0.013007090426981453 0.03484484925866126
v 0.0036516268737614155 -0.013007090426981453 0.03484484925866126
v 0.0036516268737614155 -0.013007090426981453 0.03484484925866126
v 0.0034298785030841827 -0.012469178065657619 0.034658785909414284
v 0.0034298785030841827 -0.012469178065657619 0.034658785909414284
v 0.0034298785030841827 -0.012469178065657619 0.034658785909414284
v 0.0034298785030841827 -0.012469178065657619 0.034658785909414284
v 0.0034298785030841827 -0.012469178065657619 0.034658785909414284
v 0.003039352595806122 -0.012132662348449234 0.03433111682534217
v 0.003039352595806122 -0.012132662348449234 0.03433111682534217
v 0.003039352595806122 -0.012132662348449234 0.03433111682534217
v 0.003039352595806122 -0.012132662348449234 0.03433111682534217
v 0.002723091281950474 -0.01206251606345177 0.03406573832035064
v 0.002723091281950474 -0.01206251606345177 0.03406573832035064
v 0.002723091281950474 -0.01206251606345177 0.03406573832035064
v 0.002723091281950474 -0.01206251606345177 0.03406573832035064
v 0.0024068299680948257 -0.012132662348449234 0.03380035609006881
v 0.0024068299680948257 -0.012132662348449234 0.03380035609006881
v 0.0024068299680948257 -0.012132662348449234 0.03380035609006881
v 0.0024068299680948257 -0.012132662348449234 0.03380035609006881
v 0.0024068299680948257 -0.012132662348449234 0.03380035609006881
v 0.0020162963774055243 -0.012469178065657619 0.03347265720367431
v 0.0020162963774055243 -0.012469178065657619 0.03347265720367431
v 0.0020162963774055243 -0.012469178065657619 0.03347265720367431
v 0.0020162963774055243 -0.012469178065657619 0.03347265720367431
v 0.001794555806554854 -0.013007090426981453 0.03328659385442733
v 0.001794555806554854 -0.013007090426981453 0.03328659385442733
v 0.001794555806554854 -0.013007090426981453 0.03328659385442733
v 0.001794555806554854 -0.013007090426981453 0.03328659385442733
v 0.001794555806554854 -0.013007090426981453 0.03328659385442733
v 0.001794555806554854 -0.013617941178381446 0.03328659385442733
v 0.001794555806554854 -0.013617941178381446 0.03328659385442733
v 0.001794555806554854 -0.013617941178381446 0.03328659385442733
v 0.001794555806554854 -0.013617941178381446 0.03328659385442733
v 0.0020162963774055243 -0.014155854471027855 0.03347265720367431
v 0.0020162963774055243 -0.014155854471027855 0.03347265720367431
v 0.0020162963774055243 -0.014155854471027855 0.03347265720367431
v 0.0020162963774055243 -0.014155854471027855 0.03347265720367431
v 0.0020162963774055243 -0.014155854471027855 0.03347265720367431
v 0.0024068299680948257 -0.014492371119558815 0.03380035609006881
v 0.0024068299680948257 -0.014492371119558815 0.03380035609006881
v 0.0024068299680948257 -0.014492371119558815 0.03380035609006881
v 0.0024068299680948257 -0.014492371119558815 0.03380035609006881
v 0.01041893009096384 0.027695700526237495 0.0016221619443967934
v 0.01041893009096384 0.027695700526237495 0.0016221619443967934
v 0.01041893009096384 0.027695700526237495 0.0016221619443967934
v 0.01041893009096384 0.027695700526237495 0.0016221619443967934
v 0.01041893009096384 0.027695700526237495 0.0016221619443967934
v 0.01041893009096384 0.027695700526237495 0.0016221619443967934
v 0.01041893009096384 0.027695700526237495 0.0016221619443967934
v 0.014612076804041862 0.025258624926209457 0.005140625406056642
v 0.014612076804041862 0.025258624926209457 0.005140625406056642
v 0.014612076804041862 0.025258624926209457 0.005140625406056642
v 0.014612076804041862 0.025258624926209457 0.005140625406056642
v 0.014612076804041862 0.025258624926209457 0.005140625406056642
v 0.014612076804041862 0.025258624926209457 0.005140625406056642
v 0.014612076804041862 0.025258624926209457 0.005140625406056642
v 0.01832544058561325 0.021736746653914455 0.008256531320512293
v 0.01832544058561325 0.021736746653914455 0.008256531320512293
v 0.01832544058561325 0.021736746653914455 0.008256531320512293
v 0.01832544058561325 0.021736746653914455 0.008256531320512293
v 0.01832544058561325 0.021736746653914455 0.008256531320512293
v 0.01832544058561325 0.021736746653914455 0.008256531320512293
v 0.01832544058561325 0.021736746653914455 0.008256531320512293
v 0.021396715193986893 0.017283987253904346 0.010833618231117724
v 0.021396715193986893 0.017283987253904346 0.010833618231117724
v 0.021396715193986893 0.017283987253904346 0.010833618231117724
v 0.021396715193986893 0.017283987253904346 0.010833618231117724
v 0.021396715193986893 0.017283987253904346 0.010833618231117724
v 0.021396715193986893 0.017283987253904346 0.010833618231117724
v 0.021396715193986893 0.017283987253904346 0.010833618231117724
v 0.023691711947321892 0.012094957754015926 0.012759369798004624
v 0.023691711947321892 0.012094957754015926 0.012759369798004624
v 0.023691711947321892 0.012094957754015926 0.012759369798004624
v 0.023691711947321892 0.012094957754015926 0.012759369798004624
v 0.023691711947321892 0.012094957754015926 0.012759369798004624
v 0.023691711947321892 0.012094957754015926 0.012759369798004624
v 0.023691711947321892 0.012094957754015926 0.012759369798004624
v 0.025110093876719475 0.006396437063813211 0.013949524611234661
v 0.025110093876719475 0.006396437063813211 0.013949524611234661
v 0.025110093876719475 0.006396437063813211 0.013949524611234661
v 0.025110093876719475 0.006396437063813211 0.013949524611234661
v 0.025110093876719475 0.006396437063813211 0.013949524611234661
v 0.025110093876719475 0.006396437063813211 0.013949524611234661
v 0.025110093876719475 0.006396437063813211 0.013949524611234661
v 0.025110093876719475 -0.005521469283849002 0.013949524611234661
v 0.025110093876719475 -0.005521469283849002 0.013949524611234661
v 0.025110093876719475 -0.005521469283849002 0.013949524611234661
v 0.025110093876719475 -0.005521469283849002 0.013949524611234661
v 0.025110093876719475 -0.005521469283849002 0.013949524611234661
v 0.025110093876719475 -0.005521469283849002 0.013949524611234661
v 0.025110093876719475 -0.005521469283849002 0.013949524611234661
v 0.01832544058561325 -0.02086177840828896 0.008256531320512293
v 0.01832544058561325 -0.02086177840828896 0.008256531320512293
v 0.01832544058561325 -0.02086177840828896 0.008256531320512293
v 0.01832544058561325 -0.02086177840828896 0.008256531320512293
v 0.01832544058561325 -0.02086177840828896 0.008256531320512293
v 0.01832544058561325 -0.02086177840828896 0.008256531320512293
v 0.01832544058561325 -0.02086177840828896 0.008256531320512293
v 0.014612076804041862 -0.02438365668058396 0.005140625406056642
v 0.014612076804041862 -0.02438365668058396 0.005140625406056642
v 0.014612076804041862 -0.02438365668058396 0.005140625406056642
v 0.014612076804041862 -0.02438365668058396 0.005140625406056642
v 0.014612076804041862 -0.02438365668058396 0.005140625406056642
v 0.014612076804041862 -0.02438365668058396 0.005140625406056642
v 0.014612076804041862 -0.02438365668058396 0.005140625406056642
v 0.01041893009096384 -0.026820734143257148 0.0016221619443967934
v 0.01041893009096384 -0.026820734143257148 0.0016221619443967934
v 0.01041893009096384 -0.026820734143257148 0.0016221619443967934
v 0.01041893009096384 -0.026820734143257148 0.0016221619443967934
v 0.01041893009096384 -0.026820734143257148 0.0016221619443967934
v 0.01041893009096384 -0.026820734143257148 0.0016221619443967934
v 0.01041893009096384 -0.026820734143257148 0.0016221619443967934
v 0.0014905472053214908 -0.028849886730313308 0.005095794796943664
v 0.0014905472053214908 -0.028849886730313308 0.005095794796943664
v 0.0014905472053214908 -0.028849886730313308 0.005095794796943664
v 0.00040557864122092724 -0.028849886730313308 0.006017761304974554
v 0.00040557864122092724 -0.028849886730313308 0.006017761304974554
v 0.00040557864122092724 -0.028849886730313308 0.006017761304974554
v -0.0015850525815039873 -0.028849886730313308 0.0066101383417844755
v -0.0015850525815039873 -0.028849886730313308 0.0066101383417844755
v -0.0015850525815039873 -0.028849886730313308 0.0066101383417844755
v -0.003618690650910139 -0.028849886730313308 0.006188446190208195
v -0.003618690650910139 -0.028849886730313308 0.006188446190208195
v -0.003618690650910139 -0.028849886730313308 0.006188446190208195
v -0.0052096787840127945 -0.028849886730313308 0.004853454884141683
v -0.0052096787840127945 -0.028849886730313308 0.004853454884141683
v -0.0052096787840127945 -0.028849886730313308 0.004853454884141683
v -0.005978088825941086 -0.028849886730313308 0.0029239503201097246
v -0.005978088825941086 -0.028849886730313308 0.0029239503201097246
v -0.005978088825941086 -0.028849886730313308 0.0029239503201097246
v -0.005740394815802574 -0.028849886730313308 0.000860687287058681
v -0.005740394815802574 -0.028849886730313308 0.000860687287058681
v -0.005740394815802574 -0.028849886730313308 0.000860687287058681
v -0.005020828451961279 -0.028849886730313308 -0.00036791994352824975
v -0.005020828451961279 -0.028849886730313308 -0.00036791994352824975
v -0.005020828451961279 -0.028849886730313308 -0.00036791994352824975
v -0.003935860004276037 -0.028849886730313308 -0.0012898865388706324
v -0.003935860004276037 -0.028849886730313308 -0.0012898865388706324
v -0.003935860004276037 -0.028849886730313308 -0.0012898865388706324
v -0.0019452286651358008 -0.028849886730313308 -0.001882263226434588
v -0.0019452286651358008 -0.028849886730313308 -0.001882263226434588
v -0.0019452286651358008 -0.028849886730313308 -0.001882263226434588
v 8.840942609822378e-05 -0.028849886730313308 -0.0014605408068746326
v 8.840942609822378e-05 -0.028849886730313308 -0.0014605408068746326
v 8.840942609822378e-05 -0.028849886730313308 -0.0014605408068746326
v 0.0016793976537883282 -0.028849886730313308 -0.000125549326185137
v 0.0016793976537883282 -0.028849886730313308 -0.000125549326185137
v 0.0016793976537883282 -0.028849886730313308 -0.000125549326185137
v 0.002447807462885976 -0.028849886730313308 0.0018039551796391602
v 0.002447807462885976 -0.028849886730313308 0.0018039551796391602
v 0.002447807462885976 -0.028849886730313308 0.0018039551796391602
v 0.002210113685578108 -0.028849886730313308 0.0038672182708978644
v 0.002210113685578108 -0.028849886730313308 0.0038672182708978644
v 0.002210113685578108 -0.028849886730313308 0.0038672182708978644
v -0.0031122819054871798 -0.026667628437280662 -0.009731842204928396
v -0.0031122819054871798 -0.026667628437280662 -0.009731842204928396
v -0.0031122819054871798 -0.026667628437280662 -0.009731842204928396
v -0.0031122819054871798 -0.026667628437280662 -0.009731842204928396
v -0.0031122819054871798 -0.026667628437280662 -0.009731842204928396
v -0.0027430651243776083 -0.0268557295203209 -0.009236115030944346
v -0.0027430651243776083 -0.0268557295203209 -0.009236115030944346
v -0.0027430651243776083 -0.0268557295203209 -0.009236115030944346
v -0.0027430651243776083 -0.0268557295203209 -0.009236115030944346
v -0.0027430651243776083 -0.0268557295203209 -0.009236115030944346
v -0.00262314616702497 -0.026974419131875045 -0.008747925050556658
v -0.00262314616702497 -0.026974419131875045 -0.008747925050556658
v -0.00262314616702497 -0.026974419131875045 -0.008747925050556658
v -0.00262314616702497 -0.026974419131875045 -0.008747925050556658
v -0.00262314616702497 -0.026974419131875045 -0.008747925050556658
v -0.00262314616702497 -0.026974419131875045 -0.008747925050556658
v -0.00515388511121273 -0.026169558987021453 -0.009486847557127474
v -0.00515388511121273 -0.026169558987021453 -0.009486847557127474
v -0.00515388511121273 -0.026169558987021453 -0.009486847557127474
v -0.00515388511121273 -0.026169558987021453 -0.009486847557127474
v -0.00515388511121273 -0.026169558987021453 -0.009486847557127474
v -0.00515388511121273 -0.026169558987021453 -0.009486847557127474
v -0.00515388511121273 -0.026169558987021453 -0.009486847557127474
v -0.00515388511121273 -0.026169558987021453 -0.009486847557127474
v -0.00515388511121273 -0.026169558987021453 -0.009486847557127474
v -0.00515388511121273 -0.026169558987021453 -0.009486847557127474
v -0.00464876601472497 -0.026219088584184654 -0.009886628016829489
v -0.00464876601472497 -0.026219088584184654 -0.009886628016829489
v -0.00464876601472497 -0.026219088584184654 -0.009886628016829489
v -0.00464876601472497 -0.026219088584184654 -0.009886628016829489
v -0.00464876601472497 -0.026219088584184654 -0.009886628016829489
v -0.00464876601472497 -0.026219088584184654 -0.009886628016829489
v -0.004292999394237995 -0.02636224031448365 -0.009708771482110022
v -0.004292999394237995 -0.02636224031448365 -0.009708771482110022
v -0.004292999394237995 -0.02636224031448365 -0.009708771482110022
v -0.004292999394237995 -0.02636224031448365 -0.009708771482110022
v -0.004292999394237995 -0.02636224031448365 -0.009708771482110022
v -0.004292999394237995 -0.02636224031448365 -0.009708771482110022
v -0.00403624726459384 -0.026355348527431495 -0.010044342838227747
v -0.00403624726459384 -0.026355348527431495 -0.010044342838227747
v -0.00403624726459384 -0.026355348527431495 -0.010044342838227747
v -0.00403624726459384 -0.026355348527431495 -0.010044342838227747
v -0.00403624726459384 -0.026355348527431495 -0.010044342838227747
v -0.00403624726459384 -0.026355348527431495 -0.010044342838227747
v -0.003429313888773322 -0.02654488384723664 -0.00992834474891424
v -0.003429313888773322 -0.02654488384723664 -0.00992834474891424
v -0.003429313888773322 -0.02654488384723664 -0.00992834474891424
v -0.003429313888773322 -0.02654488384723664 -0.00992834474891424
v -0.003429313888773322 -0.02654488384723664 -0.00992834474891424
v -0.003429313888773322 -0.02654488384723664 -0.00992834474891424
v -0.002619888400658965 -0.02699875086545945 -0.008618012070655821
v -0.002619888400658965 -0.02699875086545945 -0.008618012070655821
v -0.002619888400658965 -0.02699875086545945 -0.008618012070655821
v -0.002619888400658965 -0.02699875086545945 -0.008618012070655821
v -0.002715324517339468 -0.02706726826727391 -0.00811840873211622
v -0.002715324517339468 -0.02706726826727391 -0.00811840873211622
v -0.002715324517339468 -0.02706726826727391 -0.00811840873211622
v -0.002715324517339468 -0.02706726826727391 -0.00811840873211622
v -0.002715324517339468 -0.02706726826727391 -0.00811840873211622
v -0.021235672757029533 -0.027091402560472495 0.014092468656599518
v -0.021235672757029533 -0.027091402560472495 0.014092468656599518
v -0.021235672757029533 -0.027091402560472495 0.014092468656599518
v -0.021235672757029533 -0.027091402560472495 0.014092468656599518
v -0.023409059271216393 -0.026169558987021453 0.012268768623471257
v -0.023409059271216393 -0.026169558987021453 0.012268768623471257
v -0.023409059271216393 -0.026169558987021453 0.012268768623471257
v -0.023409059271216393 -0.026169558987021453 0.012268768623471257
v -0.023409059271216393 -0.026169558987021453 0.012268768623471257
v -0.023409059271216393 -0.026169558987021453 0.012268768623471257
v -0.002980506978929043 -0.027091402560472495 -0.0076631777919828874
v -0.002980506978929043 -0.027091402560472495 -0.0076631777919828874
v -0.002980506978929043 -0.027091402560472495 -0.0076631777919828874
v -0.002980506978929043 -0.027091402560472495 -0.0076631777919828874
v -0.002980506978929043 -0.027091402560472495 -0.0076631777919828874
v -0.0027676087338477373 -0.02707802504301072 -0.007994293235242365
v -0.0027676087338477373 -0.02707802504301072 -0.007994293235242365
v -0.0027676087338477373 -0.02707802504301072 -0.007994293235242365
v -0.0027676087338477373 -0.02707802504301072 -0.007994293235242365
v -0.007281868252903223 -0.024244241416454322 -0.013230530545115467
v -0.007281868252903223 -0.024244241416454322 -0.013230530545115467
v -0.007281868252903223 -0.024244241416454322 -0.013230530545115467
v -0.007281868252903223 -0.024244241416454322 -0.013230530545115467
v -0.007281868252903223 -0.024244241416454322 -0.013230530545115467
v -0.007281868252903223 -0.024244241416454322 -0.013230530545115467
v -0.007281868252903223 -0.024244241416454322 -0.013230530545115467
v -0.006952690426260233 -0.024553284049034126 -0.012768433429300782
v -0.006952690426260233 -0.024553284049034126 -0.012768433429300782
v -0.006952690426260233 -0.024553284049034126 -0.012768433429300782
v -0.006952690426260233 -0.024553284049034126 -0.012768433429300782
v -0.006952690426260233 -0.024553284049034126 -0.012768433429300782
v -0.006858459673821926 -0.024753725156188018 -0.012301788665354248
v -0.006858459673821926 -0.024753725156188018 -0.012301788665354248
v -0.006858459673821926 -0.024753725156188018 -0.012301788665354248
v -0.006858459673821926 -0.024753725156188018 -0.012301788665354248
v -0.006858459673821926 -0.024753725156188018 -0.012301788665354248
v -0.006858459673821926 -0.024753725156188018 -0.012301788665354248
v -0.009220612235367298 -0.023464627563953407 -0.012899261899292466
v -0.009220612235367298 -0.023464627563953407 -0.012899261899292466
v -0.009220612235367298 -0.023464627563953407 -0.012899261899292466
v -0.009220612235367298 -0.023464627563953407 -0.012899261899292466
v -0.009220612235367298 -0.023464627563953407 -0.012899261899292466
v -0.009220612235367298 -0.023464627563953407 -0.012899261899292466
v -0.009220612235367298 -0.023464627563953407 -0.012899261899292466
v -0.009220612235367298 -0.023464627563953407 -0.012899261899292466
v -0.009220612235367298 -0.023464627563953407 -0.012899261899292466
v -0.009220612235367298 -0.023464627563953407 -0.012899261899292466
v -0.00872555561363697 -0.023540101945400245 -0.013307465240359303
v -0.00872555561363697 -0.023540101945400245 -0.013307465240359303
v -0.00872555561363697 -0.023540101945400245 -0.013307465240359303
v -0.00872555561363697 -0.023540101945400245 -0.013307465240359303
v -0.00872555561363697 -0.023540101945400245 -0.013307465240359303
v -0.00872555561363697 -0.023540101945400245 -0.013307465240359303
v -0.008399056270718575 -0.023760557174682624 -0.013154175132513043
v -0.008399056270718575 -0.023760557174682624 -0.013154175132513043
v -0.008399056270718575 -0.023760557174682624 -0.013154175132513043
v -0.008399056270718575 -0.023760557174682624 -0.013154175132513043
v -0.008399056270718575 -0.023760557174682624 -0.013154175132513043
v -0.008399056270718575 -0.023760557174682624 -0.013154175132513043
v -0.00814089272171259 -0.02374986000359059 -0.01348855625838041
v -0.00814089272171259 -0.02374986000359059 -0.01348855625838041
v -0.00814089272171259 -0.02374986000359059 -0.01348855625838041
v -0.00814089272171259 -0.02374986000359059 -0.01348855625838041
v -0.00814089272171259 -0.02374986000359059 -0.01348855625838041
v -0.00814089272171259 -0.02374986000359059 -0.01348855625838041
v -0.007573181297630072 -0.024047421291470535 -0.013405457139015194
v -0.007573181297630072 -0.024047421291470535 -0.013405457139015194
v -0.007573181297630072 -0.024047421291470535 -0.013405457139015194
v -0.007573181297630072 -0.024047421291470535 -0.013405457139015194
v -0.0068605197593569756 -0.02479540742933751 -0.01217630039900541
v -0.0068605197593569756 -0.02479540742933751 -0.01217630039900541
v -0.0068605197593569756 -0.02479540742933751 -0.01217630039900541
v -0.0068605197593569756 -0.02479540742933751 -0.01217630039900541
v -0.006971023976802826 -0.024913990870118148 -0.01168939284980297
v -0.006971023976802826 -0.024913990870118148 -0.01168939284980297
v -0.006971023976802826 -0.024913990870118148 -0.01168939284980297
v -0.006971023976802826 -0.024913990870118148 -0.01168939284980297
v -0.006971023976802826 -0.024913990870118148 -0.01168939284980297
v -0.0254967138171196 -0.02495620213449002 0.010517029091715811
v -0.0254967138171196 -0.02495620213449002 0.010517029091715811
v -0.0254967138171196 -0.02495620213449002 0.010517029091715811
v -0.0254967138171196 -0.02495620213449002 0.010517029091715811
v -0.02747577801346779 -0.023464627563953407 0.008856414817273615
v -0.02747577801346779 -0.023464627563953407 0.008856414817273615
v -0.02747577801346779 -0.023464627563953407 0.008856414817273615
v -0.02747577801346779 -0.023464627563953407 0.008856414817273615
v -0.02747577801346779 -0.023464627563953407 0.008856414817273615
v -0.007241547107696533 -0.02495620213449002 -0.011238617822527884
v -0.007241547107696533 -0.02495620213449002 -0.011238617822527884
v -0.007241547107696533 -0.02495620213449002 -0.011238617822527884
v -0.007241547107696533 -0.02495620213449002 -0.011238617822527884
v -0.007241547107696533 -0.02495620213449002 -0.011238617822527884
v -0.007025680970400572 -0.024932775646448142 -0.011567230336368082
v -0.007025680970400572 -0.024932775646448142 -0.011567230336368082
v -0.007025680970400572 -0.024932775646448142 -0.011567230336368082
v -0.007025680970400572 -0.024932775646448142 -0.011567230336368082
v -0.010974381119012833 -0.020742144435644153 -0.016328888013958927
v -0.010974381119012833 -0.020742144435644153 -0.016328888013958927
v -0.010974381119012833 -0.020742144435644153 -0.016328888013958927
v -0.010974381119012833 -0.020742144435644153 -0.016328888013958927
v -0.010974381119012833 -0.020742144435644153 -0.016328888013958927
v -0.01070360653102398 -0.0211586244404316 -0.01591580361127853
v -0.01070360653102398 -0.0211586244404316 -0.01591580361127853
v -0.01070360653102398 -0.0211586244404316 -0.01591580361127853
v -0.01070360653102398 -0.0211586244404316 -0.01591580361127853
v -0.01070360653102398 -0.0211586244404316 -0.01591580361127853
v -0.010647538118064404 -0.021432051435112957 -0.015481201931834217
v -0.010647538118064404 -0.021432051435112957 -0.015481201931834217
v -0.010647538118064404 -0.021432051435112957 -0.015481201931834217
v -0.010647538118064404 -0.021432051435112957 -0.015481201931834217
v -0.010647538118064404 -0.021432051435112957 -0.015481201931834217
v -0.010647538118064404 -0.021432051435112957 -0.015481201931834217
v -0.012767654843628407 -0.019715057685971264 -0.015875579789280888
v -0.012767654843628407 -0.019715057685971264 -0.015875579789280888
v -0.012767654843628407 -0.019715057685971264 -0.015875579789280888
v -0.012767654843628407 -0.019715057685971264 -0.015875579789280888
v -0.012767654843628407 -0.019715057685971264 -0.015875579789280888
v -0.012767654843628407 -0.019715057685971264 -0.015875579789280888
v -0.012767654843628407 -0.019715057685971264 -0.015875579789280888
v -0.012767654843628407 -0.019715057685971264 -0.015875579789280888
v -0.012767654843628407 -0.019715057685971264 -0.015875579789280888
v -0.012767654843628407 -0.019715057685971264 -0.015875579789280888
v -0.012286568060517311 -0.019813176244497303 -0.01629553362727165
v -0.012286568060517311 -0.019813176244497303 -0.01629553362727165
v -0.012286568060517311 -0.019813176244497303 -0.01629553362727165
v -0.012286568060517311 -0.019813176244497303 -0.01629553362727165
v -0.012286568060517311 -0.019813176244497303 -0.01629553362727165
v -0.012286568060517311 -0.019813176244497303 -0.01629553362727165
v -0.01200101524591446 -0.02010130323469639 -0.016176575794816014
v -0.01200101524591446 -0.02010130323469639 -0.016176575794816014
v -0.01200101524591446 -0.02010130323469639 -0.016176575794816014
v -0.01200101524591446 -0.02010130323469639 -0.016176575794816014
v -0.01200101524591446 -0.02010130323469639 -0.016176575794816014
v -0.01200101524591446 -0.02010130323469639 -0.016176575794816014
v -0.011740867979824543 -0.020087270066142086 -0.016509309411048886
v -0.011740867979824543 -0.020087270066142086 -0.016509309411048886
v -0.011740867979824543 -0.020087270066142086 -0.016509309411048886
v -0.011740867979824543 -0.020087270066142086 -0.016509309411048886
v -0.011740867979824543 -0.020087270066142086 -0.016509309411048886
v -0.011740867979824543 -0.020087270066142086 -0.016509309411048886
v -0.011228722520172596 -0.020479852333664898 -0.016472809016704556
v -0.011228722520172596 -0.020479852333664898 -0.016472809016704556
v -0.011228722520172596 -0.020479852333664898 -0.016472809016704556
v -0.011228722520172596 -0.020479852333664898 -0.016472809016704556
v -0.011228722520172596 -0.020479852333664898 -0.016472809016704556
v -0.010657547041773796 -0.021489266306161884 -0.01536239683628082
v -0.010657547041773796 -0.021489266306161884 -0.01536239683628082
v -0.010657547041773796 -0.021489266306161884 -0.01536239683628082
v -0.010657547041773796 -0.021489266306161884 -0.01536239683628082
v -0.010790764354169369 -0.021652732044458393 -0.014894501306116577
v -0.010790764354169369 -0.021652732044458393 -0.014894501306116577
v -0.010790764354169369 -0.021652732044458393 -0.014894501306116577
v -0.010790764354169369 -0.021652732044458393 -0.014894501306116577
v -0.010790764354169369 -0.021652732044458393 -0.014894501306116577
v -0.029324563220143318 -0.021711174398660663 0.007305084727704523
v -0.029324563220143318 -0.021711174398660663 0.007305084727704523
v -0.029324563220143318 -0.021711174398660663 0.007305084727704523
v -0.029324563220143318 -0.021711174398660663 0.007305084727704523
v -0.031022820621728897 -0.019715057685971264 0.005880096927285193
v -0.031022820621728897 -0.019715057685971264 0.005880096927285193
v -0.031022820621728897 -0.019715057685971264 0.005880096927285193
v -0.031022820621728897 -0.019715057685971264 0.005880096927285193
v -0.031022820621728897 -0.019715057685971264 0.005880096927285193
v -0.031022820621728897 -0.019715057685971264 0.005880096927285193
v -0.011069397442042828 -0.021711174398660663 -0.014450592920184132
v -0.011069397442042828 -0.021711174398660663 -0.014450592920184132
v -0.011069397442042828 -0.021711174398660663 -0.014450592920184132
v -0.011069397442042828 -0.021711174398660663 -0.014450592920184132
v -0.011069397442042828 -0.021711174398660663 -0.014450592920184132
v -0.010849029757082462 -0.02167872339487076 -0.014775421470403668
v -0.010849029757082462 -0.02167872339487076 -0.014775421470403668
v -0.010849029757082462 -0.02167872339487076 -0.014775421470403668
v -0.010849029757082462 -0.02167872339487076 -0.014775421470403668
v -0.014473794028162956 -0.01648584753274918 -0.019127717241644856
v -0.014473794028162956 -0.01648584753274918 -0.019127717241644856
v -0.014473794028162956 -0.01648584753274918 -0.019127717241644856
v -0.014473794028162956 -0.01648584753274918 -0.019127717241644856
v -0.014353638514876366 -0.01663247309625149 -0.019105928018689152
v -0.014353638514876366 -0.01663247309625149 -0.019105928018689152
v -0.014353638514876366 -0.01663247309625149 -0.019105928018689152
v -0.014353638514876366 -0.01663247309625149 -0.019105928018689152
v -0.014353638514876366 -0.01663247309625149 -0.019105928018689152
v -0.014353638514876366 -0.01663247309625149 -0.019105928018689152
v -0.014353638514876366 -0.01663247309625149 -0.019105928018689152
v -0.014353638514876366 -0.01663247309625149 -0.019105928018689152
v -0.014353638514876366 -0.01663247309625149 -0.019105928018689152
v -0.014353638514876366 -0.01663247309625149 -0.019105928018689152
v -0.01453014463186264 -0.017812808975577358 -0.01748501695692539
v -0.01453014463186264 -0.017812808975577358 -0.01748501695692539
v -0.01453014463186264 -0.017812808975577358 -0.01748501695692539
v -0.01453014463186264 -0.017812808975577358 -0.01748501695692539
v -0.01453014463186264 -0.017812808975577358 -0.01748501695692539
v -0.01453014463186264 -0.017812808975577358 -0.01748501695692539
v -0.01453014463186264 -0.017812808975577358 -0.01748501695692539
v -0.01453014463186264 -0.017812808975577358 -0.01748501695692539
v -0.01453014463186264 -0.017812808975577358 -0.01748501695692539
v -0.01453014463186264 -0.017812808975577358 -0.01748501695692539
v -0.015234924852848053 -0.01588903740048409 -0.018870331346988675
v -0.015234924852848053 -0.01588903740048409 -0.018870331346988675
v -0.015234924852848053 -0.01588903740048409 -0.018870331346988675
v -0.015234924852848053 -0.01588903740048409 -0.018870331346988675
v -0.015234924852848053 -0.01588903740048409 -0.018870331346988675
v -0.015234924852848053 -0.01588903740048409 -0.018870331346988675
v -0.014897476881742477 -0.0160931907594204 -0.019054139032959935
v -0.014897476881742477 -0.0160931907594204 -0.019054139032959935
v -0.014897476881742477 -0.0160931907594204 -0.019054139032959935
v -0.014897476881742477 -0.0160931907594204 -0.019054139032959935
v -0.014897476881742477 -0.0160931907594204 -0.019054139032959935
v -0.014752618037164211 -0.01620886102318764 -0.01910125836730003
v -0.014752618037164211 -0.01620886102318764 -0.01910125836730003
v -0.014752618037164211 -0.01620886102318764 -0.01910125836730003
v -0.014752618037164211 -0.01620886102318764 -0.01910125836730003
v -0.014752618037164211 -0.01620886102318764 -0.01910125836730003
v -0.014147224836051464 -0.017635298892855648 -0.01816320978105068
v -0.014147224836051464 -0.017635298892855648 -0.01816320978105068
v -0.014147224836051464 -0.017635298892855648 -0.01816320978105068
v -0.014147224836051464 -0.017635298892855648 -0.01816320978105068
v -0.014147224836051464 -0.017635298892855648 -0.01816320978105068
v -0.014266976155340672 -0.01774951256811619 -0.017878174781799313
v -0.014266976155340672 -0.01774951256811619 -0.017878174781799313
v -0.014266976155340672 -0.01774951256811619 -0.017878174781799313
v -0.014266976155340672 -0.01774951256811619 -0.017878174781799313
v -0.014394440688192844 -0.01779885217547417 -0.017664307728409764
v -0.014394440688192844 -0.01779885217547417 -0.017664307728409764
v -0.014394440688192844 -0.01779885217547417 -0.017664307728409764
v -0.014394440688192844 -0.01779885217547417 -0.017664307728409764
v -0.014394440688192844 -0.01779885217547417 -0.017664307728409764
v -0.01422890555113554 -0.016810186207294468 -0.019051637500524517
v -0.01422890555113554 -0.016810186207294468 -0.019051637500524517
v -0.01422890555113554 -0.016810186207294468 -0.019051637500524517
v -0.01422890555113554 -0.016810186207294468 -0.019051637500524517
v -0.014081047847867012 -0.01728249900043011 -0.018672546371817585
v -0.014081047847867012 -0.01728249900043011 -0.018672546371817585
v -0.014081047847867012 -0.01728249900043011 -0.018672546371817585
v -0.014081047847867012 -0.01728249900043011 -0.018672546371817585
v -0.014081047847867012 -0.01728249900043011 -0.018672546371817585
v -0.014081047847867012 -0.01728249900043011 -0.018672546371817585
v -0.014094101265072823 -0.017510782927274707 -0.01838000491261482
v -0.014094101265072823 -0.017510782927274707 -0.01838000491261482
v -0.014094101265072823 -0.017510782927274707 -0.01838000491261482
v -0.014094101265072823 -0.017510782927274707 -0.01838000491261482
v -0.014094101265072823 -0.017510782927274707 -0.01838000491261482
v -0.032849594950675964 -0.017812808975577358 0.004347229376435279
v -0.032849594950675964 -0.017812808975577358 0.004347229376435279
v -0.032849594950675964 -0.017812808975577358 0.004347229376435279
v -0.032849594950675964 -0.017812808975577358 0.004347229376435279
v -0.03400500491261482 -0.01577403582632542 0.003377746790647506
v -0.03400500491261482 -0.01577403582632542 0.003377746790647506
v -0.03400500491261482 -0.01577403582632542 0.003377746790647506
v -0.03400500491261482 -0.01577403582632542 0.003377746790647506
v -0.03400500491261482 -0.01577403582632542 0.003377746790647506
v -0.03400500491261482 -0.01577403582632542 0.003377746790647506
v -0.03400500491261482 -0.01577403582632542 0.003377746790647506
v -0.015685562044382095 -0.01577403582632542 -0.01845452934503555
v -0.015685562044382095 -0.01577403582632542 -0.01845452934503555
v -0.015685562044382095 -0.01577403582632542 -0.01845452934503555
v -0.015685562044382095 -0.01577403582632542 -0.01845452934503555
v -0.015685562044382095 -0.01577403582632542 -0.01845452934503555
v -0.016926003620028496 -0.010759809985756876 -0.02118536457419395
v -0.016926003620028496 -0.010759809985756876 -0.02118536457419395
v -0.016926003620028496 -0.010759809985756876 -0.02118536457419395
v -0.016926003620028496 -0.010759809985756876 -0.02118536457419395
v -0.016926003620028496 -0.010759809985756876 -0.02118536457419395
v -0.016833443194627762 -0.010925932787358763 -0.021186525002121922
v -0.016833443194627762 -0.010925932787358763 -0.021186525002121922
v -0.016833443194627762 -0.010925932787358763 -0.021186525002121922
v -0.016833443194627762 -0.010925932787358763 -0.021186525002121922
v -0.016833443194627762 -0.010925932787358763 -0.021186525002121922
v -0.016833443194627762 -0.010925932787358763 -0.021186525002121922
v -0.016833443194627762 -0.010925932787358763 -0.021186525002121922
v -0.016833443194627762 -0.010925932787358763 -0.021186525002121922
v -0.016833443194627762 -0.010925932787358763 -0.021186525002121922
v -0.016833443194627762 -0.010925932787358763 -0.021186525002121922
v -0.017230546101927757 -0.01228077989071608 -0.01975091733038425
v -0.017230546101927757 -0.01228077989071608 -0.01975091733038425
v -0.017230546101927757 -0.01228077989071608 -0.01975091733038425
v -0.017230546101927757 -0.01228077989071608 -0.01975091733038425
v -0.017230546101927757 -0.01228077989071608 -0.01975091733038425
v -0.017230546101927757 -0.01228077989071608 -0.01975091733038425
v -0.017230546101927757 -0.01228077989071608 -0.01975091733038425
v -0.017230546101927757 -0.01228077989071608 -0.01975091733038425
v -0.017230546101927757 -0.01228077989071608 -0.01975091733038425
v -0.01757604256272316 -0.010084761306643488 -0.020834838971495625
v -0.01757604256272316 -0.010084761306643488 -0.020834838971495625
v -0.01757604256272316 -0.010084761306643488 -0.020834838971495625
v -0.01757604256272316 -0.010084761306643488 -0.020834838971495625
v -0.01757604256272316 -0.010084761306643488 -0.020834838971495625
v -0.01757604256272316 -0.010084761306643488 -0.020834838971495625
v -0.017276573926210403 -0.0103151286020875 -0.021050415933132168
v -0.017276573926210403 -0.0103151286020875 -0.021050415933132168
v -0.017276573926210403 -0.0103151286020875 -0.021050415933132168
v -0.017276573926210403 -0.0103151286020875 -0.021050415933132168
v -0.017276573926210403 -0.0103151286020875 -0.021050415933132168
v -0.017153069376945496 -0.010446091182529928 -0.021115692332386967
v -0.017153069376945496 -0.010446091182529928 -0.021115692332386967
v -0.017153069376945496 -0.010446091182529928 -0.021115692332386967
v -0.017153069376945496 -0.010446091182529928 -0.021115692332386967
v -0.016814224421977997 -0.012075655162334446 -0.020401246845722195
v -0.016814224421977997 -0.012075655162334446 -0.020401246845722195
v -0.016814224421977997 -0.012075655162334446 -0.020401246845722195
v -0.016814224421977997 -0.012075655162334446 -0.020401246845722195
v -0.016814224421977997 -0.012075655162334446 -0.020401246845722195
v -0.01695546880364418 -0.012207604013383392 -0.020134095102548596
v -0.01695546880364418 -0.012207604013383392 -0.020134095102548596
v -0.01695546880364418 -0.012207604013383392 -0.020134095102548596
v -0.01695546880364418 -0.012207604013383392 -0.020134095102548596
v -0.017092132940888405 -0.012264622375369075 -0.019928131252527233
v -0.017092132940888405 -0.012264622375369075 -0.019928131252527233
v -0.017092132940888405 -0.012264622375369075 -0.019928131252527233
v -0.017092132940888405 -0.012264622375369075 -0.019928131252527233
v -0.017092132940888405 -0.012264622375369075 -0.019928131252527233
v -0.016741668805480003 -0.011128740385174753 -0.021160095930099484
v -0.016741668805480003 -0.011128740385174753 -0.021160095930099484
v -0.016741668805480003 -0.011128740385174753 -0.021160095930099484
v -0.016741668805480003 -0.011128740385174753 -0.021160095930099484
v -0.01668200083076954 -0.011669565923511984 -0.020855011418461796
v -0.01668200083076954 -0.011669565923511984 -0.020855011418461796
v -0.01668200083076954 -0.011669565923511984 -0.020855011418461796
v -0.01668200083076954 -0.011669565923511984 -0.020855011418461796
v -0.01668200083076954 -0.011669565923511984 -0.020855011418461796
v -0.01668200083076954 -0.011669565923511984 -0.020855011418461796
v -0.0167378019541502 -0.011932154186069969 -0.020598359405994412
v -0.0167378019541502 -0.011932154186069969 -0.020598359405994412
v -0.0167378019541502 -0.011932154186069969 -0.020598359405994412
v -0.0167378019541502 -0.011932154186069969 -0.020598359405994412
v -0.0167378019541502 -0.011932154186069969 -0.020598359405994412
v -0.0167378019541502 -0.011932154186069969 -0.020598359405994412
v -0.035549990832805634 -0.01228077989071608 0.0020813294686377044
v -0.035549990832805634 -0.01228077989071608 0.0020813294686377044
v -0.035549990832805634 -0.01228077989071608 0.0020813294686377044
v -0.035549990832805634 -0.01228077989071608 0.0020813294686377044
v -0.03632483258843422 -0.00995518732815981 0.0014311524573713539
v -0.03632483258843422 -0.00995518732815981 0.0014311524573713539
v -0.03632483258843422 -0.00995518732815981 0.0014311524573713539
v -0.03632483258843422 -0.00995518732815981 0.0014311524573713539
v -0.03632483258843422 -0.00995518732815981 0.0014311524573713539
v -0.018005387857556343 -0.00995518732815981 -0.020401094108819958
v -0.018005387857556343 -0.00995518732815981 -0.020401094108819958
v -0.018005387857556343 -0.00995518732815981 -0.020401094108819958
v -0.018005387857556343 -0.00995518732815981 -0.020401094108819958
v -0.018005387857556343 -0.00995518732815981 -0.020401094108819958
v -0.017720917239785194 -0.005487999413162471 -0.021989930421113964
v -0.017720917239785194 -0.005487999413162471 -0.021989930421113964
v -0.017720917239785194 -0.005487999413162471 -0.021989930421113964
v -0.017720917239785194 -0.005487999413162471 -0.021989930421113964
v -0.017720917239785194 -0.005487999413162471 -0.021989930421113964
v -0.017706871032714844 -0.006102935876697304 -0.021792236715555188
v -0.017706871032714844 -0.006102935876697304 -0.021792236715555188
v -0.017706871032714844 -0.006102935876697304 -0.021792236715555188
v -0.017706871032714844 -0.006102935876697304 -0.021792236715555188
v -0.017706871032714844 -0.006102935876697304 -0.021792236715555188
v -0.017821067944169044 -0.006513599772006275 -0.021500488743185994
v -0.017821067944169044 -0.006513599772006275 -0.021500488743185994
v -0.017821067944169044 -0.006513599772006275 -0.021500488743185994
v -0.017821067944169044 -0.006513599772006275 -0.021500488743185994
v -0.017821067944169044 -0.006513599772006275 -0.021500488743185994
v -0.017821067944169044 -0.006513599772006275 -0.021500488743185994
v -0.017821067944169044 -0.006513599772006275 -0.021500488743185994
v -0.018893379718065262 -0.004020899068564177 -0.021015686914324757
v -0.018893379718065262 -0.004020899068564177 -0.021015686914324757
v -0.018893379718065262 -0.004020899068564177 -0.021015686914324757
v -0.018893379718065262 -0.004020899068564177 -0.021015686914324757
v -0.018893379718065262 -0.004020899068564177 -0.021015686914324757
v -0.018893379718065262 -0.004020899068564177 -0.021015686914324757
v -0.018893379718065262 -0.004020899068564177 -0.021015686914324757
v -0.018893379718065262 -0.004020899068564177 -0.021015686914324757
v -0.018893379718065262 -0.004020899068564177 -0.021015686914324757
v -0.018893379718065262 -0.004020899068564177 -0.021015686914324757
v -0.018470901995897293 -0.004158228170126677 -0.02148480340838432
v -0.018470901995897293 -0.004158228170126677 -0.02148480340838432
v -0.018470901995897293 -0.004158228170126677 -0.02148480340838432
v -0.018470901995897293 -0.004158228170126677 -0.02148480340838432
v -0.018470901995897293 -0.004158228170126677 -0.02148480340838432
v -0.018470901995897293 -0.004158228170126677 -0.02148480340838432
v -0.018358277156949043 -0.004564840346574784 -0.021510927006602284
v -0.018358277156949043 -0.004564840346574784 -0.021510927006602284
v -0.018358277156949043 -0.004564840346574784 -0.021510927006602284
v -0.018358277156949043 -0.004564840346574784 -0.021510927006602284
v -0.018358277156949043 -0.004564840346574784 -0.021510927006602284
v -0.018358277156949043 -0.004564840346574784 -0.021510927006602284
v -0.018089668825268745 -0.0045449184253811845 -0.02183657884597778
v -0.018089668825268745 -0.0045449184253811845 -0.02183657884597778
v -0.018089668825268745 -0.0045449184253811845 -0.02183657884597778
v -0.018089668825268745 -0.0045449184253811845 -0.02183657884597778
v -0.018089668825268745 -0.0045449184253811845 -0.02183657884597778
v -0.018089668825268745 -0.0045449184253811845 -0.02183657884597778
v -0.017815126106142998 -0.0051069092005491265 -0.021999452263116833
v -0.017815126106142998 -0.0051069092005491265 -0.021999452263116833
v -0.017815126106142998 -0.0051069092005491265 -0.021999452263116833
v -0.017815126106142998 -0.0051069092005491265 -0.021999452263116833
v -0.017815126106142998 -0.0051069092005491265 -0.021999452263116833
v -0.01786690577864647 -0.00660026026889682 -0.021411744877696034
v -0.01786690577864647 -0.00660026026889682 -0.021411744877696034
v -0.01786690577864647 -0.00660026026889682 -0.021411744877696034
v -0.01786690577864647 -0.00660026026889682 -0.021411744877696034
v -0.018102791160345078 -0.006849293131381275 -0.021030031144618985
v -0.018102791160345078 -0.006849293131381275 -0.021030031144618985
v -0.018102791160345078 -0.006849293131381275 -0.021030031144618985
v -0.018102791160345078 -0.006849293131381275 -0.021030031144618985
v -0.018102791160345078 -0.006849293131381275 -0.021030031144618985
v -0.03667342662811279 -0.006938858423382046 0.001138671883381903
v -0.03667342662811279 -0.006938858423382046 0.001138671883381903
v -0.03667342662811279 -0.006938858423382046 0.001138671883381903
v -0.03667342662811279 -0.006938858423382046 0.001138671883381903
v -0.03714854642748833 -0.004020899068564177 0.0007399902679026125
v -0.03714854642748833 -0.004020899068564177 0.0007399902679026125
v -0.03714854642748833 -0.004020899068564177 0.0007399902679026125
v -0.03714854642748833 -0.004020899068564177 0.0007399902679026125
v -0.01841825246810913 -0.006938858423382046 -0.020616974681615826
v -0.01841825246810913 -0.006938858423382046 -0.020616974681615826
v -0.01841825246810913 -0.006938858423382046 -0.020616974681615826
v -0.01841825246810913 -0.006938858423382046 -0.020616974681615826
v -0.01841825246810913 -0.006938858423382046 -0.020616974681615826
v -0.01817742921411991 -0.006889089941978456 -0.020924653857946392
v -0.01817742921411991 -0.006889089941978456 -0.020924653857946392
v -0.01817742921411991 -0.006889089941978456 -0.020924653857946392
v -0.01817742921411991 -0.006889089941978456 -0.020924653857946392
v -0.018230659887194633 0.00524119008332491 -0.02171698026359081
v -0.018230659887194633 0.00524119008332491 -0.02171698026359081
v -0.018230659887194633 0.00524119008332491 -0.02171698026359081
v -0.018230659887194633 0.00524119008332491 -0.02171698026359081
v -0.018230659887194633 0.00524119008332491 -0.02171698026359081
v -0.018636170774698257 0.004946737550199033 -0.02130957134068012
v -0.018636170774698257 0.004946737550199033 -0.02130957134068012
v -0.018636170774698257 0.004946737550199033 -0.02130957134068012
v -0.018636170774698257 0.004946737550199033 -0.02130957134068012
v -0.018636170774698257 0.004946737550199033 -0.02130957134068012
v -0.018893379718065262 0.004895868711173535 -0.021015686914324757
v -0.018893379718065262 0.004895868711173535 -0.021015686914324757
v -0.018893379718065262 0.004895868711173535 -0.021015686914324757
v -0.018893379718065262 0.004895868711173535 -0.021015686914324757
v -0.018893379718065262 0.004895868711173535 -0.021015686914324757
v -0.0181563813239336 0.005329279229044915 -0.02178186178207397
v -0.0181563813239336 0.005329279229044915 -0.02178186178207397
v -0.0181563813239336 0.005329279229044915 -0.02178186178207397
v -0.0181563813239336 0.005329279229044915 -0.02178186178207397
v -0.0181563813239336 0.005329279229044915 -0.02178186178207397
v -0.0181563813239336 0.005329279229044915 -0.02178186178207397
v -0.0181563813239336 0.005329279229044915 -0.02178186178207397
v -0.01841825246810913 0.007813826203346254 -0.020616974681615826
v -0.01841825246810913 0.007813826203346254 -0.020616974681615826
v -0.01841825246810913 0.007813826203346254 -0.020616974681615826
v -0.01841825246810913 0.007813826203346254 -0.020616974681615826
v -0.01841825246810913 0.007813826203346254 -0.020616974681615826
v -0.01841825246810913 0.007813826203346254 -0.020616974681615826
v -0.01841825246810913 0.007813826203346254 -0.020616974681615826
v -0.01841825246810913 0.007813826203346254 -0.020616974681615826
v -0.018058693036437035 0.007279673125594856 -0.021259583532810208
v -0.018058693036437035 0.007279673125594856 -0.021259583532810208
v -0.018058693036437035 0.007279673125594856 -0.021259583532810208
v -0.018058693036437035 0.007279673125594856 -0.021259583532810208
v -0.018058693036437035 0.007279673125594856 -0.021259583532810208
v -0.018058693036437035 0.007279673125594856 -0.021259583532810208
v -0.01804003305733204 0.0076793846674263495 -0.021123230457305905
v -0.01804003305733204 0.0076793846674263495 -0.021123230457305905
v -0.01804003305733204 0.0076793846674263495 -0.021123230457305905
v -0.01804003305733204 0.0076793846674263495 -0.021123230457305905
v -0.01804003305733204 0.0076793846674263495 -0.021123230457305905
v -0.01804003305733204 0.0076793846674263495 -0.021123230457305905
v -0.017783647403120995 0.0072993147186934965 -0.021579803898930546
v -0.017783647403120995 0.0072993147186934965 -0.021579803898930546
v -0.017783647403120995 0.0072993147186934965 -0.021579803898930546
v -0.017783647403120995 0.0072993147186934965 -0.021579803898930546
v -0.017783647403120995 0.0072993147186934965 -0.021579803898930546
v -0.017783647403120995 0.0072993147186934965 -0.021579803898930546
v -0.017907600849866867 0.0057451347820460805 -0.021960664540529248
v -0.017907600849866867 0.0057451347820460805 -0.021960664540529248
v -0.017907600849866867 0.0057451347820460805 -0.021960664540529248
v -0.017907600849866867 0.0057451347820460805 -0.021960664540529248
v -0.017907600849866867 0.0057451347820460805 -0.021960664540529248
v -0.017720917239785194 0.006362966727465393 -0.021989930421113964
v -0.017720917239785194 0.006362966727465393 -0.021989930421113964
v -0.017720917239785194 0.006362966727465393 -0.021989930421113964
v -0.017720917239785194 0.006362966727465393 -0.021989930421113964
v -0.017720917239785194 0.006362966727465393 -0.021989930421113964
v -0.017691193148493767 0.0067429528571665304 -0.021895477548241612
v -0.017691193148493767 0.0067429528571665304 -0.021895477548241612
v -0.017691193148493767 0.0067429528571665304 -0.021895477548241612
v -0.017691193148493767 0.0067429528571665304 -0.021895477548241612
v -0.017691193148493767 0.0067429528571665304 -0.021895477548241612
v -0.03714854642748833 0.004895868711173535 0.0007399902679026125
v -0.03714854642748833 0.004895868711173535 0.0007399902679026125
v -0.03714854642748833 0.004895868711173535 0.0007399902679026125
v -0.03714854642748833 0.004895868711173535 0.0007399902679026125
v -0.03667342662811279 0.007813826203346254 0.001138671883381903
v -0.03667342662811279 0.007813826203346254 0.001138671883381903
v -0.03667342662811279 0.007813826203346254 0.001138671883381903
v -0.03667342662811279 0.007813826203346254 0.001138671883381903
v -0.03667342662811279 0.007813826203346254 0.001138671883381903
v -0.03667342662811279 0.007813826203346254 0.001138671883381903
v -0.01631050929427147 0.012029478326439861 -0.020806457847356793
v -0.01631050929427147 0.012029478326439861 -0.020806457847356793
v -0.01631050929427147 0.012029478326439861 -0.020806457847356793
v -0.01631050929427147 0.012029478326439861 -0.020806457847356793
v -0.01631050929427147 0.012029478326439861 -0.020806457847356793
v -0.016593506559729576 0.011450968682765962 -0.02085803262889385
v -0.016593506559729576 0.011450968682765962 -0.02085803262889385
v -0.016593506559729576 0.011450968682765962 -0.02085803262889385
v -0.016593506559729576 0.011450968682765962 -0.02085803262889385
v -0.016593506559729576 0.011450968682765962 -0.02085803262889385
v -0.016907257959246635 0.01105992775410414 -0.02073370479047298
v -0.016907257959246635 0.01105992775410414 -0.02073370479047298
v -0.016907257959246635 0.01105992775410414 -0.02073370479047298
v -0.016907257959246635 0.01105992775410414 -0.02073370479047298
v -0.016907257959246635 0.01105992775410414 -0.02073370479047298
v -0.016907257959246635 0.01105992775410414 -0.02073370479047298
v -0.016782600432634354 0.013376215472817424 -0.019244538620114323
v -0.016782600432634354 0.013376215472817424 -0.019244538620114323
v -0.016782600432634354 0.013376215472817424 -0.019244538620114323
v -0.016782600432634354 0.013376215472817424 -0.019244538620114323
v -0.016782600432634354 0.013376215472817424 -0.019244538620114323
v -0.016782600432634354 0.013376215472817424 -0.019244538620114323
v -0.016782600432634354 0.013376215472817424 -0.019244538620114323
v -0.016782600432634354 0.013376215472817424 -0.019244538620114323
v -0.016782600432634354 0.013376215472817424 -0.019244538620114323
v -0.016782600432634354 0.013376215472817424 -0.019244538620114323
v -0.01642518676817417 0.013252123259007934 -0.019768251106142994
v -0.01642518676817417 0.013252123259007934 -0.019768251106142994
v -0.01642518676817417 0.013252123259007934 -0.019768251106142994
v -0.01642518676817417 0.013252123259007934 -0.019768251106142994
v -0.01642518676817417 0.013252123259007934 -0.019768251106142994
v -0.01642518676817417 0.013252123259007934 -0.019768251106142994
v -0.016505807638168335 0.012882341630756858 -0.019956544041633602
v -0.016505807638168335 0.012882341630756858 -0.019956544041633602
v -0.016505807638168335 0.012882341630756858 -0.019956544041633602
v -0.016505807638168335 0.012882341630756858 -0.019956544041633602
v -0.016505807638168335 0.012882341630756858 -0.019956544041633602
v -0.016505807638168335 0.012882341630756858 -0.019956544041633602
v -0.016227707266807556 0.012900541536509994 -0.0202742014080286
v -0.016227707266807556 0.012900541536509994 -0.0202742014080286
v -0.016227707266807556 0.012900541536509994 -0.0202742014080286
v -0.016227707266807556 0.012900541536509994 -0.0202742014080286
v -0.016227707266807556 0.012900541536509994 -0.0202742014080286
v -0.016227707266807556 0.012900541536509994 -0.0202742014080286
v -0.01622166484594345 0.012383806519210342 -0.020662384107708927
v -0.01622166484594345 0.012383806519210342 -0.020662384107708927
v -0.01622166484594345 0.012383806519210342 -0.020662384107708927
v -0.01622166484594345 0.012383806519210342 -0.020662384107708927
v -0.01622166484594345 0.012383806519210342 -0.020662384107708927
v -0.016995316371321678 0.010976923629641535 -0.020680390298366543
v -0.016995316371321678 0.010976923629641535 -0.020680390298366543
v -0.016995316371321678 0.010976923629641535 -0.020680390298366543
v -0.016995316371321678 0.010976923629641535 -0.020680390298366543
v -0.016995316371321678 0.010976923629641535 -0.020680390298366543
v -0.017352798953652382 0.010737444274127485 -0.02040072716772556
v -0.017352798953652382 0.010737444274127485 -0.02040072716772556
v -0.017352798953652382 0.010737444274127485 -0.02040072716772556
v -0.017352798953652382 0.010737444274127485 -0.02040072716772556
v -0.017352798953652382 0.010737444274127485 -0.02040072716772556
v -0.03596724942326546 0.010650972835719587 0.0017312318086624141
v -0.03596724942326546 0.010650972835719587 0.0017312318086624141
v -0.03596724942326546 0.010650972835719587 0.0017312318086624141
v -0.03596724942326546 0.010650972835719587 0.0017312318086624141
v -0.03596724942326546 0.010650972835719587 0.0017312318086624141
v -0.03503776714205742 0.013376215472817424 0.0025111390277743335
v -0.03503776714205742 0.013376215472817424 0.0025111390277743335
v -0.03503776714205742 0.013376215472817424 0.0025111390277743335
v -0.03503776714205742 0.013376215472817424 0.0025111390277743335
v -0.03503776714205742 0.013376215472817424 0.0025111390277743335
v -0.03503776714205742 0.013376215472817424 0.0025111390277743335
v -0.017712082713842392 0.010650972835719587 -0.020024444907903668
v -0.017712082713842392 0.010650972835719587 -0.020024444907903668
v -0.017712082713842392 0.010650972835719587 -0.020024444907903668
v -0.017712082713842392 0.010650972835719587 -0.020024444907903668
v -0.017712082713842392 0.010650972835719587 -0.020024444907903668
v -0.01744689978659153 0.010699045844376089 -0.020311677828431126
v -0.01744689978659153 0.010699045844376089 -0.020311677828431126
v -0.01744689978659153 0.010699045844376089 -0.020311677828431126
v -0.01744689978659153 0.010699045844376089 -0.020311677828431126
v -0.014028412289917469 0.017189364880323414 -0.018891541287302967
v -0.014028412289917469 0.017189364880323414 -0.018891541287302967
v -0.014028412289917469 0.017189364880323414 -0.018891541287302967
v -0.014028412289917469 0.017189364880323414 -0.018891541287302967
v -0.014028412289917469 0.017189364880323414 -0.018891541287302967
v -0.014399376697838306 0.01667546294629574 -0.019016938284039494
v -0.014399376697838306 0.01667546294629574 -0.019016938284039494
v -0.014399376697838306 0.01667546294629574 -0.019016938284039494
v -0.014399376697838306 0.01667546294629574 -0.019016938284039494
v -0.014399376697838306 0.01667546294629574 -0.019016938284039494
v -0.01477271318435669 0.016326323151588443 -0.018942628055810925
v -0.01477271318435669 0.016326323151588443 -0.018942628055810925
v -0.01477271318435669 0.016326323151588443 -0.018942628055810925
v -0.01477271318435669 0.016326323151588443 -0.018942628055810925
v -0.01477271318435669 0.016326323151588443 -0.018942628055810925
v -0.01477271318435669 0.016326323151588443 -0.018942628055810925
v -0.01429676078259945 0.01837311871349812 -0.017158661037683483
v -0.01429676078259945 0.01837311871349812 -0.017158661037683483
v -0.01429676078259945 0.01837311871349812 -0.017158661037683483
v -0.01429676078259945 0.01837311871349812 -0.017158661037683483
v -0.01429676078259945 0.01837311871349812 -0.017158661037683483
v -0.01429676078259945 0.01837311871349812 -0.017158661037683483
v -0.01429676078259945 0.01837311871349812 -0.017158661037683483
v -0.01429676078259945 0.01837311871349812 -0.017158661037683483
v -0.01429676078259945 0.01837311871349812 -0.017158661037683483
v -0.01429676078259945 0.01837311871349812 -0.017158661037683483
v -0.013958069495856762 0.018264807760715488 -0.017698060721158978
v -0.013958069495856762 0.018264807760715488 -0.017698060721158978
v -0.013958069495856762 0.018264807760715488 -0.017698060721158978
v -0.013958069495856762 0.018264807760715488 -0.017698060721158978
v -0.013958069495856762 0.018264807760715488 -0.017698060721158978
v -0.013958069495856762 0.018264807760715488 -0.017698060721158978
v -0.014094521291553974 0.017941107973456386 -0.017933228984475132
v -0.014094521291553974 0.017941107973456386 -0.017933228984475132
v -0.014094521291553974 0.017941107973456386 -0.017933228984475132
v -0.014094521291553974 0.017941107973456386 -0.017933228984475132
v -0.014094521291553974 0.017941107973456386 -0.017933228984475132
v -0.014094521291553974 0.017941107973456386 -0.017933228984475132
v -0.013813675381243229 0.017957072705030445 -0.018248597159981724
v -0.013813675381243229 0.017957072705030445 -0.018248597159981724
v -0.013813675381243229 0.017957072705030445 -0.018248597159981724
v -0.013813675381243229 0.017957072705030445 -0.018248597159981724
v -0.013813675381243229 0.017957072705030445 -0.018248597159981724
v -0.013813675381243229 0.017957072705030445 -0.018248597159981724
v -0.01388582680374384 0.01750254258513451 -0.018702393397688862
v -0.01388582680374384 0.01750254258513451 -0.018702393397688862
v -0.01388582680374384 0.01750254258513451 -0.018702393397688862
v -0.01388582680374384 0.01750254258513451 -0.018702393397688862
v -0.01388582680374384 0.01750254258513451 -0.018702393397688862
v -0.014873436652123928 0.016252031549811367 -0.018899934366345402
v -0.014873436652123928 0.016252031549811367 -0.018899934366345402
v -0.014873436652123928 0.016252031549811367 -0.018899934366345402
v -0.014873436652123928 0.016252031549811367 -0.018899934366345402
v -0.015267487615346909 0.016037348657846454 -0.018650941550731655
v -0.015267487615346909 0.016037348657846454 -0.018650941550731655
v -0.015267487615346909 0.016037348657846454 -0.018650941550731655
v -0.015267487615346909 0.016037348657846454 -0.018650941550731655
v -0.015267487615346909 0.016037348657846454 -0.018650941550731655
v -0.03389514982700348 0.015959696844220165 0.0034699097741395226
v -0.03389514982700348 0.015959696844220165 0.0034699097741395226
v -0.03389514982700348 0.015959696844220165 0.0034699097741395226
v -0.03389514982700348 0.015959696844220165 0.0034699097741395226
v -0.03255193307995796 0.01837311871349812 0.004597015678882598
v -0.03255193307995796 0.01837311871349812 0.004597015678882598
v -0.03255193307995796 0.01837311871349812 0.004597015678882598
v -0.03255193307995796 0.01837311871349812 0.004597015678882598
v -0.03255193307995796 0.01837311871349812 0.004597015678882598
v -0.03255193307995796 0.01837311871349812 0.004597015678882598
v -0.015639984980225563 0.015959696844220165 -0.018285768106579777
v -0.015639984980225563 0.015959696844220165 -0.018285768106579777
v -0.015639984980225563 0.015959696844220165 -0.018285768106579777
v -0.015639984980225563 0.015959696844220165 -0.018285768106579777
v -0.015639984980225563 0.015959696844220165 -0.018285768106579777
v -0.01536745484918356 0.016002874821424488 -0.018566804006695744
v -0.01536745484918356 0.016002874821424488 -0.018566804006695744
v -0.01536745484918356 0.016002874821424488 -0.018566804006695744
v -0.01536745484918356 0.016002874821424488 -0.018566804006695744
v -0.01536745484918356 0.016002874821424488 -0.018566804006695744
v -0.010974381119012833 0.0216171145439148 -0.016328888013958927
v -0.010974381119012833 0.0216171145439148 -0.016328888013958927
v -0.010974381119012833 0.0216171145439148 -0.016328888013958927
v -0.010974381119012833 0.0216171145439148 -0.016328888013958927
v -0.010974381119012833 0.0216171145439148 -0.016328888013958927
v -0.01142108254134655 0.02119028009474278 -0.016517853364348408
v -0.01142108254134655 0.02119028009474278 -0.016517853364348408
v -0.01142108254134655 0.02119028009474278 -0.016517853364348408
v -0.01142108254134655 0.02119028009474278 -0.016517853364348408
v -0.01142108254134655 0.02119028009474278 -0.016517853364348408
v -0.011846039444208145 0.02089830301702023 -0.01648684777319431
v -0.011846039444208145 0.02089830301702023 -0.01648684777319431
v -0.011846039444208145 0.02089830301702023 -0.01648684777319431
v -0.011846039444208145 0.02089830301702023 -0.01648684777319431
v -0.011846039444208145 0.02089830301702023 -0.01648684777319431
v -0.011846039444208145 0.02089830301702023 -0.01648684777319431
v -0.011069397442042828 0.022586146369576458 -0.014450592920184132
v -0.011069397442042828 0.022586146369576458 -0.014450592920184132
v -0.011069397442042828 0.022586146369576458 -0.014450592920184132
v -0.011069397442042828 0.022586146369576458 -0.014450592920184132
v -0.011069397442042828 0.022586146369576458 -0.014450592920184132
v -0.011069397442042828 0.022586146369576458 -0.014450592920184132
v -0.011069397442042828 0.022586146369576458 -0.014450592920184132
v -0.011069397442042828 0.022586146369576458 -0.014450592920184132
v -0.011069397442042828 0.022586146369576458 -0.014450592920184132
v -0.011069397442042828 0.022586146369576458 -0.014450592920184132
v -0.010746491141617298 0.02249834313988686 -0.015003236010670658
v -0.010746491141617298 0.02249834313988686 -0.015003236010670658
v -0.010746491141617298 0.02249834313988686 -0.015003236010670658
v -0.010746491141617298 0.02249834313988686 -0.015003236010670658
v -0.010746491141617298 0.02249834313988686 -0.015003236010670658
v -0.010746491141617298 0.02249834313988686 -0.015003236010670658
v -0.01093022245913744 0.022234881296753887 -0.015278076753020283
v -0.01093022245913744 0.022234881296753887 -0.015278076753020283
v -0.01093022245913744 0.022234881296753887 -0.015278076753020283
v -0.01093022245913744 0.022234881296753887 -0.015278076753020283
v -0.01093022245913744 0.022234881296753887 -0.015278076753020283
v -0.01093022245913744 0.022234881296753887 -0.015278076753020283
v -0.010647034272551537 0.022247912362217907 -0.015591462142765519
v -0.010647034272551537 0.022247912362217907 -0.015591462142765519
v -0.010647034272551537 0.022247912362217907 -0.015591462142765519
v -0.010647034272551537 0.022247912362217907 -0.015591462142765519
v -0.010647034272551537 0.022247912362217907 -0.015591462142765519
v -0.010647034272551537 0.022247912362217907 -0.015591462142765519
v -0.010785774327814579 0.021875455975532535 -0.0161011666059494
v -0.010785774327814579 0.021875455975532535 -0.0161011666059494
v -0.010785774327814579 0.021875455975532535 -0.0161011666059494
v -0.010785774327814579 0.021875455975532535 -0.0161011666059494
v -0.010785774327814579 0.021875455975532535 -0.0161011666059494
v -0.011957764625549316 0.020835975185036663 -0.016453430056571957
v -0.011957764625549316 0.020835975185036663 -0.016453430056571957
v -0.011957764625549316 0.020835975185036663 -0.016453430056571957
v -0.011957764625549316 0.020835975185036663 -0.016453430056571957
v -0.012383637018501759 0.020655458793044094 -0.01623108051717281
v -0.012383637018501759 0.020655458793044094 -0.01623108051717281
v -0.012383637018501759 0.020655458793044094 -0.01623108051717281
v -0.012383637018501759 0.020655458793044094 -0.01623108051717281
v -0.012383637018501759 0.020655458793044094 -0.01623108051717281
v -0.031022820621728897 0.020590029656887058 0.005880096927285193
v -0.031022820621728897 0.020590029656887058 0.005880096927285193
v -0.031022820621728897 0.020590029656887058 0.005880096927285193
v -0.031022820621728897 0.020590029656887058 0.005880096927285193
v -0.029324563220143318 0.022586146369576458 0.007305084727704523
v -0.029324563220143318 0.022586146369576458 0.007305084727704523
v -0.029324563220143318 0.022586146369576458 0.007305084727704523
v -0.029324563220143318 0.022586146369576458 0.007305084727704523
v -0.012767654843628407 0.020590029656887058 -0.015875579789280888
v -0.012767654843628407 0.020590029656887058 -0.015875579789280888
v -0.012767654843628407 0.020590029656887058 -0.015875579789280888
v -0.012767654843628407 0.020590029656887058 -0.015875579789280888
v -0.012767654843628407 0.020590029656887058 -0.015875579789280888
v -0.012488716281950474 0.020626422017812732 -0.01615127548575401
v -0.012488716281950474 0.020626422017812732 -0.01615127548575401
v -0.012488716281950474 0.020626422017812732 -0.01615127548575401
v -0.012488716281950474 0.020626422017812732 -0.01615127548575401
v -0.007281868252903223 0.02511920779943467 -0.013230530545115467
v -0.007281868252903223 0.02511920779943467 -0.013230530545115467
v -0.007281868252903223 0.02511920779943467 -0.013230530545115467
v -0.007281868252903223 0.02511920779943467 -0.013230530545115467
v -0.007281868252903223 0.02511920779943467 -0.013230530545115467
v -0.007788795977830887 0.024798098951578147 -0.013470001518726345
v -0.007788795977830887 0.024798098951578147 -0.013470001518726345
v -0.007788795977830887 0.024798098951578147 -0.013470001518726345
v -0.007788795977830887 0.024798098951578147 -0.013470001518726345
v -0.007788795977830887 0.024798098951578147 -0.013470001518726345
v -0.008255142718553543 0.024576045572757728 -0.01347375568002462
v -0.008255142718553543 0.024576045572757728 -0.01347375568002462
v -0.008255142718553543 0.024576045572757728 -0.01347375568002462
v -0.008255142718553543 0.024576045572757728 -0.01347375568002462
v -0.008255142718553543 0.024576045572757728 -0.01347375568002462
v -0.008255142718553543 0.024576045572757728 -0.01347375568002462
v -0.007241547107696533 0.025831172242760665 -0.011238617822527884
v -0.007241547107696533 0.025831172242760665 -0.011238617822527884
v -0.007241547107696533 0.025831172242760665 -0.011238617822527884
v -0.007241547107696533 0.025831172242760665 -0.011238617822527884
v -0.007241547107696533 0.025831172242760665 -0.011238617822527884
v -0.007241547107696533 0.025831172242760665 -0.011238617822527884
v -0.007241547107696533 0.025831172242760665 -0.011238617822527884
v -0.007241547107696533 0.025831172242760665 -0.011238617822527884
v -0.007241547107696533 0.025831172242760665 -0.011238617822527884
v -0.007241547107696533 0.025831172242760665 -0.011238617822527884
v -0.0069308169186115265 0.025767723098397262 -0.01180151384323835
v -0.0069308169186115265 0.025767723098397262 -0.01180151384323835
v -0.0069308169186115265 0.025767723098397262 -0.01180151384323835
v -0.0069308169186115265 0.025767723098397262 -0.01180151384323835
v -0.0069308169186115265 0.025767723098397262 -0.01180151384323835
v -0.0069308169186115265 0.025767723098397262 -0.01180151384323835
v -0.007151192054152489 0.025576006621122367 -0.012107086367905136
v -0.007151192054152489 0.025576006621122367 -0.012107086367905136
v -0.007151192054152489 0.025576006621122367 -0.012107086367905136
v -0.007151192054152489 0.025576006621122367 -0.012107086367905136
v -0.007151192054152489 0.025576006621122367 -0.012107086367905136
v -0.007151192054152489 0.025576006621122367 -0.012107086367905136
v -0.006866196170449257 0.025585535913705833 -0.012418946251273152
v -0.006866196170449257 0.025585535913705833 -0.012418946251273152
v -0.006866196170449257 0.025585535913705833 -0.012418946251273152
v -0.006866196170449257 0.025585535913705833 -0.012418946251273152
v -0.006866196170449257 0.025585535913705833 -0.012418946251273152
v -0.006866196170449257 0.025585535913705833 -0.012418946251273152
v -0.007056992035359144 0.025311430916190154 -0.012972321361303326
v -0.007056992035359144 0.025311430916190154 -0.012972321361303326
v -0.007056992035359144 0.025311430916190154 -0.012972321361303326
v -0.007056992035359144 0.025311430916190154 -0.012972321361303326
v -0.007056992035359144 0.025311430916190154 -0.012972321361303326
v -0.00837571732699871 0.0245283991098404 -0.01344769354909658
v -0.00837571732699871 0.0245283991098404 -0.01344769354909658
v -0.00837571732699871 0.0245283991098404 -0.01344769354909658
v -0.00837571732699871 0.0245283991098404 -0.01344769354909658
v -0.008827270939946175 0.024389948695898063 -0.013246948830783364
v -0.008827270939946175 0.024389948695898063 -0.013246948830783364
v -0.008827270939946175 0.024389948695898063 -0.013246948830783364
v -0.008827270939946175 0.024389948695898063 -0.013246948830783364
v -0.008827270939946175 0.024389948695898063 -0.013246948830783364
v -0.02747577801346779 0.024339595809578903 0.008856414817273615
v -0.02747577801346779 0.024339595809578903 0.008856414817273615
v -0.02747577801346779 0.024339595809578903 0.008856414817273615
v -0.02747577801346779 0.024339595809578903 0.008856414817273615
v -0.0254967138171196 0.025831172242760665 0.010517029091715811
v -0.0254967138171196 0.025831172242760665 0.010517029091715811
v -0.0254967138171196 0.025831172242760665 0.010517029091715811
v -0.0254967138171196 0.025831172242760665 0.010517029091715811
v -0.009220612235367298 0.024339595809578903 -0.012899261899292466
v -0.009220612235367298 0.024339595809578903 -0.012899261899292466
v -0.009220612235367298 0.024339595809578903 -0.012899261899292466
v -0.009220612235367298 0.024339595809578903 -0.012899261899292466
v -0.009220612235367298 0.024339595809578903 -0.012899261899292466
v -0.008936485275626183 0.024367613717913635 -0.013170594349503514
v -0.008936485275626183 0.024367613717913635 -0.013170594349503514
v -0.008936485275626183 0.024367613717913635 -0.013170594349503514
v -0.008936485275626183 0.024367613717913635 -0.013170594349503514
v -0.0031122819054871798 0.027542598545551307 -0.009731842204928396
v -0.0031122819054871798 0.027542598545551307 -0.009731842204928396
v -0.0031122819054871798 0.027542598545551307 -0.009731842204928396
v -0.0031122819054871798 0.027542598545551307 -0.009731842204928396
v -0.0031122819054871798 0.027542598545551307 -0.009731842204928396
v -0.0036612702533602715 0.027341242879629142 -0.010006592608988283
v -0.0036612702533602715 0.027341242879629142 -0.010006592608988283
v -0.0036612702533602715 0.027341242879629142 -0.010006592608988283
v -0.0036612702533602715 0.027341242879629142 -0.010006592608988283
v -0.0036612702533602715 0.027341242879629142 -0.010006592608988283
v -0.00415695970878005 0.027198817580938346 -0.010034942999482153
v -0.00415695970878005 0.027198817580938346 -0.010034942999482153
v -0.00415695970878005 0.027198817580938346 -0.010034942999482153
v -0.00415695970878005 0.027198817580938346 -0.010034942999482153
v -0.00415695970878005 0.027198817580938346 -0.010034942999482153
v -0.00415695970878005 0.027198817580938346 -0.010034942999482153
v -0.002980506978929043 0.02796637266874314 -0.0076631777919828874
v -0.002980506978929043 0.02796637266874314 -0.0076631777919828874
v -0.002980506978929043 0.02796637266874314 -0.0076631777919828874
v -0.002980506978929043 0.02796637266874314 -0.0076631777919828874
v -0.002980506978929043 0.02796637266874314 -0.0076631777919828874
v -0.002980506978929043 0.02796637266874314 -0.0076631777919828874
v -0.002980506978929043 0.02796637266874314 -0.0076631777919828874
v -0.002980506978929043 0.02796637266874314 -0.0076631777919828874
v -0.002980506978929043 0.02796637266874314 -0.0076631777919828874
v -0.002980506978929043 0.02796637266874314 -0.0076631777919828874
v -0.0026778108440339565 0.02793004177510739 -0.008232788182795046
v -0.0026778108440339565 0.02793004177510739 -0.008232788182795046
v -0.0026778108440339565 0.02793004177510739 -0.008232788182795046
v -0.0026778108440339565 0.02793004177510739 -0.008232788182795046
v -0.0026778108440339565 0.02793004177510739 -0.008232788182795046
v -0.0026778108440339565 0.02793004177510739 -0.008232788182795046
v -0.002922607585787773 0.02781845815479756 -0.008558868430554865
v -0.002922607585787773 0.02781845815479756 -0.008558868430554865
v -0.002922607585787773 0.02781845815479756 -0.008558868430554865
v -0.002922607585787773 0.02781845815479756 -0.008558868430554865
v -0.002922607585787773 0.02781845815479756 -0.008558868430554865
v -0.002922607585787773 0.02781845815479756 -0.008558868430554865
v -0.002636398421600461 0.027824064716696746 -0.008869751356542109
v -0.002636398421600461 0.027824064716696746 -0.008869751356542109
v -0.002636398421600461 0.027824064716696746 -0.008869751356542109
v -0.002636398421600461 0.027824064716696746 -0.008869751356542109
v -0.002636398421600461 0.027824064716696746 -0.008869751356542109
v -0.002636398421600461 0.027824064716696746 -0.008869751356542109
v -0.002862449735403061 0.027660289779305465 -0.009452668018639086
v -0.002862449735403061 0.027660289779305465 -0.009452668018639086
v -0.002862449735403061 0.027660289779305465 -0.009452668018639086
v -0.002862449735403061 0.027660289779305465 -0.009452668018639086
v -0.002862449735403061 0.027660289779305465 -0.009452668018639086
v -0.004283859394490719 0.027167936787009246 -0.010014251805841921
v -0.004283859394490719 0.027167936787009246 -0.010014251805841921
v -0.004283859394490719 0.027167936787009246 -0.010014251805841921
v -0.004283859394490719 0.027167936787009246 -0.010014251805841921
v -0.004753830377012491 0.027077602222561843 -0.00982891861349344
v -0.004753830377012491 0.027077602222561843 -0.00982891861349344
v -0.004753830377012491 0.027077602222561843 -0.00982891861349344
v -0.004753830377012491 0.027077602222561843 -0.00982891861349344
v -0.004753830377012491 0.027077602222561843 -0.00982891861349344
v -0.023409059271216393 0.0270445290952921 0.012268768623471257
v -0.023409059271216393 0.0270445290952921 0.012268768623471257
v -0.023409059271216393 0.0270445290952921 0.012268768623471257
v -0.023409059271216393 0.0270445290952921 0.012268768623471257
v -0.021235672757029533 0.02796637266874314 0.014092468656599518
v -0.021235672757029533 0.02796637266874314 0.014092468656599518
v -0.021235672757029533 0.02796637266874314 0.014092468656599518
v -0.021235672757029533 0.02796637266874314 0.014092468656599518
v -0.021235672757029533 0.02796637266874314 0.014092468656599518
v -0.021235672757029533 0.02796637266874314 0.014092468656599518
v -0.00515388511121273 0.0270445290952921 -0.009486847557127474
v -0.00515388511121273 0.0270445290952921 -0.009486847557127474
v -0.00515388511121273 0.0270445290952921 -0.009486847557127474
v -0.00515388511121273 0.0270445290952921 -0.009486847557127474
v -0.00515388511121273 0.0270445290952921 -0.009486847557127474
v -0.00486602820456028 0.027062945067882545 -0.009755066595971583
v -0.00486602820456028 0.027062945067882545 -0.009755066595971583
v -0.00486602820456028 0.027062945067882545 -0.009755066595971583
v -0.00486602820456028 0.027062945067882545 -0.009755066595971583
v 0.0013595200143754482 0.029294021427631385 -0.005842010956257581
v 0.0013595200143754482 0.029294021427631385 -0.005842010956257581
v 0.0013595200143754482 0.029294021427631385 -0.005842010956257581
v 0.0013595200143754482 0.029294021427631385 -0.005842010956257581
v 0.0012605285737663507 0.02927547693252564 -0.006004059221595524
v 0.0012605285737663507 0.02927547693252564 -0.006004059221595524
v 0.0012605285737663507 0.02927547693252564 -0.006004059221595524
v 0.0012605285737663507 0.02927547693252564 -0.006004059221595524
v 0.0012605285737663507 0.02927547693252564 -0.006004059221595524
v 0.0012605285737663507 0.02927547693252564 -0.006004059221595524
v 0.0012605285737663507 0.02927547693252564 -0.006004059221595524
v 0.0012605285737663507 0.02927547693252564 -0.006004059221595524
v 0.0012605285737663507 0.02927547693252564 -0.006004059221595524
v 0.0012605285737663507 0.02927547693252564 -0.006004059221595524
v -0.0007408676319755614 0.029080446809530265 -0.005914459470659493
v -0.0007408676319755614 0.029080446809530265 -0.005914459470659493
v -0.0007408676319755614 0.029080446809530265 -0.005914459470659493
v -0.0007408676319755614 0.029080446809530265 -0.005914459470659493
v -0.0007408676319755614 0.029080446809530265 -0.005914459470659493
v -0.0007408676319755614 0.029080446809530265 -0.005914459470659493
v -0.0007408676319755614 0.029080446809530265 -0.005914459470659493
v -0.0007408676319755614 0.029080446809530265 -0.005914459470659493
v 0.0014741822378709912 0.02935727685689927 -0.00484973145648837
v 0.0014741822378709912 0.02935727685689927 -0.00484973145648837
v 0.0014741822378709912 0.02935727685689927 -0.00484973145648837
v 0.0014741822378709912 0.02935727685689927 -0.00484973145648837
v 0.0014741822378709912 0.02935727685689927 -0.00484973145648837
v 0.0014741822378709912 0.02935727685689927 -0.00484973145648837
v 0.0015149154933169484 0.029337806627154357 -0.005282501690089702
v 0.0015149154933169484 0.029337806627154357 -0.005282501690089702
v 0.0015149154933169484 0.029337806627154357 -0.005282501690089702
v 0.0015149154933169484 0.029337806627154357 -0.005282501690089702
v 0.0015149154933169484 0.029337806627154357 -0.005282501690089702
v 0.0014903488336130977 0.029325781390070922 -0.005471801850944757
v 0.0014903488336130977 0.029325781390070922 -0.005471801850944757
v 0.0014903488336130977 0.029325781390070922 -0.005471801850944757
v 0.0014903488336130977 0.029325781390070922 -0.005471801850944757
v -7.63244679546915e-05 0.029115179553627975 -0.006356323603540657
v -7.63244679546915e-05 0.029115179553627975 -0.006356323603540657
v -7.63244679546915e-05 0.029115179553627975 -0.006356323603540657
v -7.63244679546915e-05 0.029115179553627975 -0.006356323603540657
v -7.63244679546915e-05 0.029115179553627975 -0.006356323603540657
v -0.00037696841172873974 0.029093062505126006 -0.006223083939403294
v -0.00037696841172873974 0.029093062505126006 -0.006223083939403294
v -0.00037696841172873974 0.029093062505126006 -0.006223083939403294
v -0.00037696841172873974 0.029093062505126006 -0.006223083939403294
v -0.0005829163128510118 0.029083251953125007 -0.006075073499232529
v -0.0005829163128510118 0.029083251953125007 -0.006075073499232529
v -0.0005829163128510118 0.029083251953125007 -0.006075073499232529
v -0.0005829163128510118 0.029083251953125007 -0.006075073499232529
v -0.0005829163128510118 0.029083251953125007 -0.006075073499232529
v 0.0011174851097166538 0.02925137989223004 -0.006174499634653328
v 0.0011174851097166538 0.02925137989223004 -0.006174499634653328
v 0.0011174851097166538 0.02925137989223004 -0.006174499634653328
v 0.0011174851097166538 0.02925137989223004 -0.006174499634653328
v 0.0005418472574092448 0.029178416356444366 -0.006402465980499981
v 0.0005418472574092448 0.029178416356444366 -0.006402465980499981
v 0.0005418472574092448 0.029178416356444366 -0.006402465980499981
v 0.0005418472574092448 0.029178416356444366 -0.006402465980499981
v 0.0005418472574092448 0.029178416356444366 -0.006402465980499981
v 0.0005418472574092448 0.029178416356444366 -0.006402465980499981
v 0.0001727676426526159 0.0291383694857359 -0.006408691871911286
v 0.0001727676426526159 0.0291383694857359 -0.006408691871911286
v 0.0001727676426526159 0.0291383694857359 -0.006408691871911286
v 0.0001727676426526159 0.0291383694857359 -0.006408691871911286
v 0.0001727676426526159 0.0291383694857359 -0.006408691871911286
v -0.01906031183898449 0.029080446809530265 0.015917846933007237
v -0.01906031183898449 0.029080446809530265 0.015917846933007237
v -0.01906031183898449 0.029080446809530265 0.015917846933007237
v -0.01906031183898449 0.029080446809530265 0.015917846933007237
v -0.017130058258771896 0.029367266222834594 0.017537506297230717
v -0.017130058258771896 0.029367266222834594 0.017537506297230717
v -0.017130058258771896 0.029367266222834594 0.017537506297230717
v -0.017130058258771896 0.029367266222834594 0.017537506297230717
v -0.017130058258771896 0.029367266222834594 0.017537506297230717
v -0.017130058258771896 0.029367266222834594 0.017537506297230717
v 0.0011893921764567494 0.029367266222834594 -0.004294739104807376
v 0.0011893921764567494 0.029367266222834594 -0.004294739104807376
v 0.0011893921764567494 0.029367266222834594 -0.004294739104807376
v 0.0011893921764567494 0.029367266222834594 -0.004294739104807376
v 0.0011893921764567494 0.029367266222834594 -0.004294739104807376
v -0.015649354085326195 0.024437483400106437 0.018910493701696392
v -0.015649354085326195 0.024437483400106437 0.018910493701696392
v -0.015649354085326195 0.024437483400106437 0.018910493701696392
v -0.015649354085326195 0.024437483400106437 0.018910493701696392
v -0.01673169806599617 0.024395858868956573 0.01800229027867317
v -0.01673169806599617 0.024395858868956573 0.01800229027867317
v -0.01673169806599617 0.024395858868956573 0.01800229027867317
v -0.020639801397919655 0.02353641018271447 0.01472299266606569
v -0.020639801397919655 0.02353641018271447 0.01472299266606569
v -0.020639801397919655 0.02353641018271447 0.01472299266606569
v -0.020639801397919655 0.02353641018271447 0.01472299266606569
v -0.02431601844727993 0.02160359546542168 0.011638306081295012
v -0.02431601844727993 0.02160359546542168 0.011638306081295012
v -0.02431601844727993 0.02160359546542168 0.011638306081295012
v -0.02431601844727993 0.02160359546542168 0.011638306081295012
v -0.027589494362473488 0.01868722774088383 0.008891510777175425
v -0.027589494362473488 0.01868722774088383 0.008891510777175425
v -0.027589494362473488 0.01868722774088383 0.008891510777175425
v -0.03030814416706562 0.014922827482223514 0.006610290613025425
v -0.03030814416706562 0.014922827482223514 0.006610290613025425
v -0.03030814416706562 0.014922827482223514 0.006610290613025425
v -0.03030814416706562 0.014922827482223514 0.006610290613025425
v -0.03030814416706562 0.014922827482223514 0.006610290613025425
v -0.03234563022851944 0.010485319420695307 0.0049006654880940905
v -0.03234563022851944 0.010485319420695307 0.0049006654880940905
v -0.03234563022851944 0.010485319420695307 0.0049006654880940905
v -0.03234563022851944 0.010485319420695307 0.0049006654880940905
v -0.033607255667448044 0.005580904427915812 0.0038420106284320346
v -0.033607255667448044 0.005580904427915812 0.0038420106284320346
v -0.033607255667448044 0.005580904427915812 0.0038420106284320346
v -0.03403441607952118 0.0004374847630970181 0.0034835818223655215
v -0.03403441607952118 0.0004374847630970181 0.0034835818223655215
v -0.03403441607952118 0.0004374847630970181 0.0034835818223655215
v -0.03403441607952118 0.0004374847630970181 0.0034835818223655215
v -0.033607255667448044 -0.004705936647951604 0.0038420106284320346
v -0.033607255667448044 -0.004705936647951604 0.0038420106284320346
v -0.033607255667448044 -0.004705936647951604 0.0038420106284320346
v -0.033607255667448044 -0.004705936647951604 0.0038420106284320346
v -0.033607255667448044 -0.004705936647951604 0.0038420106284320346
v -0.03234563022851944 -0.009610350243747236 0.0049006654880940905
v -0.03234563022851944 -0.009610350243747236 0.0049006654880940905
v -0.03234563022851944 -0.009610350243747236 0.0049006654880940905
v -0.03234563022851944 -0.009610350243747236 0.0049006654880940905
v -0.03234563022851944 -0.009610350243747236 0.0049006654880940905
v -0.03030814416706562 -0.014047860167920593 0.006610290613025425
v -0.03030814416706562 -0.014047860167920593 0.006610290613025425
v -0.03030814416706562 -0.014047860167920593 0.006610290613025425
v -0.027589494362473488 -0.017812261357903484 0.008891510777175425
v -0.027589494362473488 -0.017812261357903484 0.008891510777175425
v -0.027589494362473488 -0.017812261357903484 0.008891510777175425
v -0.027589494362473488 -0.017812261357903484 0.008891510777175425
v -0.02613418735563755 -0.01927714236080647 0.010112671181559561
v -0.02613418735563755 -0.01927714236080647 0.010112671181559561
v -0.02613418735563755 -0.01927714236080647 0.010112671181559561
v -0.02613418735563755 -0.01927714236080647 0.010112671181559561
v -0.02613418735563755 -0.01927714236080647 0.010112671181559561
v -0.02431601844727993 -0.020728627219796184 0.011638306081295012
v -0.02431601844727993 -0.020728627219796184 0.011638306081295012
v -0.02431601844727993 -0.020728627219796184 0.011638306081295012
v -0.02431601844727993 -0.020728627219796184 0.011638306081295012
v -0.020639801397919655 -0.02266144379973412 0.01472299266606569
v -0.020639801397919655 -0.02266144379973412 0.01472299266606569
v -0.020639801397919655 -0.02266144379973412 0.01472299266606569
v -0.01673169806599617 -0.023520890623331077 0.01800229027867317
v -0.01673169806599617 -0.023520890623331077 0.01800229027867317
v -0.01673169806599617 -0.023520890623331077 0.01800229027867317
v -0.01673169806599617 -0.023520890623331077 0.01800229027867317
v -0.015649354085326195 -0.02356251701712609 0.018910493701696392
v -0.015649354085326195 -0.02356251701712609 0.018910493701696392
v -0.015649354085326195 -0.02356251701712609 0.018910493701696392
v -0.014567001722753048 -0.023520890623331077 0.019818695262074467
v -0.014567001722753048 -0.023520890623331077 0.019818695262074467
v -0.014567001722753048 -0.023520890623331077 0.019818695262074467
v -0.014567001722753048 -0.023520890623331077 0.019818695262074467
v -0.010658897459506989 -0.02266144379973412 0.02309799380600452
v -0.010658897459506989 -0.02266144379973412 0.02309799380600452
v -0.010658897459506989 -0.02266144379973412 0.02309799380600452
v -0.010658897459506989 -0.02266144379973412 0.02309799380600452
v -0.006982689257711172 -0.020728627219796184 0.026182679459452622
v -0.006982689257711172 -0.020728627219796184 0.026182679459452622
v -0.006982689257711172 -0.020728627219796184 0.026182679459452622
v -0.006982689257711172 -0.020728627219796184 0.026182679459452622
v -0.005164520349353552 -0.019277147948741916 0.027708314359188073
v -0.005164520349353552 -0.019277147948741916 0.027708314359188073
v -0.005164520349353552 -0.019277147948741916 0.027708314359188073
v -0.005164520349353552 -0.019277147948741916 0.027708314359188073
v -0.0037092058919370174 -0.017812261357903484 0.028929475694894784
v -0.0037092058919370174 -0.017812261357903484 0.028929475694894784
v -0.0037092058919370174 -0.017812261357903484 0.028929475694894784
v -0.0009905548067763448 -0.014047860167920593 0.03121069446206092
v -0.0009905548067763448 -0.014047860167920593 0.03121069446206092
v -0.0009905548067763448 -0.014047860167920593 0.03121069446206092
v 0.0010469284607097507 -0.009610350243747236 0.03292031958699226
v 0.0010469284607097507 -0.009610350243747236 0.03292031958699226
v 0.0010469284607097507 -0.009610350243747236 0.03292031958699226
v 0.0010469284607097507 -0.009610350243747236 0.03292031958699226
v 0.0010469284607097507 -0.009610350243747236 0.03292031958699226
v 0.002308555645868182 -0.004705936647951604 0.03397897630929946
v 0.002308555645868182 -0.004705936647951604 0.03397897630929946
v 0.002308555645868182 -0.004705936647951604 0.03397897630929946
v 0.002308555645868182 -0.004705936647951604 0.03397897630929946
v 0.002735710237175226 0.0004374847630970181 0.034337405115365975
v 0.002735710237175226 0.0004374847630970181 0.034337405115365975
v 0.002735710237175226 0.0004374847630970181 0.034337405115365975
v 0.002308555645868182 0.005580904427915812 0.03397897630929946
v 0.002308555645868182 0.005580904427915812 0.03397897630929946
v 0.002308555645868182 0.005580904427915812 0.03397897630929946
v 0.002308555645868182 0.005580904427915812 0.03397897630929946
v 0.0010469284607097507 0.010485319420695307 0.03292031958699226
v 0.0010469284607097507 0.010485319420695307 0.03292031958699226
v 0.0010469284607097507 0.010485319420695307 0.03292031958699226
v -0.0009905548067763448 0.014922827482223514 0.03121069446206092
v -0.0009905548067763448 0.014922827482223514 0.03121069446206092
v -0.0009905548067763448 0.014922827482223514 0.03121069446206092
v -0.0037092058919370174 0.01868722774088383 0.028929475694894784
v -0.0037092058919370174 0.01868722774088383 0.028929475694894784
v -0.0037092058919370174 0.01868722774088383 0.028929475694894784
v -0.006982689257711172 0.02160359546542168 0.026182679459452622
v -0.006982689257711172 0.02160359546542168 0.026182679459452622
v -0.006982689257711172 0.02160359546542168 0.026182679459452622
v -0.006982689257711172 0.02160359546542168 0.026182679459452622
v -0.010658897459506989 0.02353641018271447 0.02309799380600452
v -0.010658897459506989 0.02353641018271447 0.02309799380600452
v -0.010658897459506989 0.02353641018271447 0.02309799380600452
v -0.010658897459506989 0.02353641018271447 0.02309799380600452
v -0.014567001722753048 0.024395858868956573 0.019818695262074467
v -0.014567001722753048 0.024395858868956573 0.019818695262074467
v -0.014567001722753048 0.024395858868956573 0.019818695262074467
v -0.014567001722753048 0.024395858868956573 0.019818695262074467
v -0.03675387054681778 -0.0012625161325559022 0.001201690756715834
v -0.03675387054681778 -0.0012625161325559022 0.001201690756715834
v -0.03675387054681778 -0.0012625161325559022 0.001201690756715834
v -0.03675387054681778 -0.0012625161325559022 0.001201690756715834
v -0.03675387054681778 -0.0012625161325559022 0.001201690756715834
v -0.03632376343011856 -0.0011671180836856367 0.0015626221429556604
v -0.03632376343011856 -0.0011671180836856367 0.0015626221429556604
v -0.03632376343011856 -0.0011671180836856367 0.0015626221429556604
v -0.03632376343011856 -0.0011671180836856367 0.0015626221429556604
v -0.03579264134168625 -0.0007094555185176433 0.00200830097310245
v -0.03579264134168625 -0.0007094555185176433 0.00200830097310245
v -0.03579264134168625 -0.0007094555185176433 0.00200830097310245
v -0.03579264134168625 -0.0007094555185176433 0.00200830097310245
v -0.03549107536673546 2.2106170945335183e-05 0.002261322224512696
v -0.03549107536673546 2.2106170945335183e-05 0.002261322224512696
v -0.03549107536673546 2.2106170945335183e-05 0.002261322224512696
v -0.03549107536673546 2.2106170945335183e-05 0.002261322224512696
v -0.03549107536673546 0.0008528633625246587 0.002261322224512696
v -0.03549107536673546 0.0008528633625246587 0.002261322224512696
v -0.03549107536673546 0.0008528633625246587 0.002261322224512696
v -0.03549107536673546 0.0008528633625246587 0.002261322224512696
v -0.03579264134168625 0.0015844251029193406 0.00200830097310245
v -0.03579264134168625 0.0015844251029193406 0.00200830097310245
v -0.03579264134168625 0.0015844251029193406 0.00200830097310245
v -0.03579264134168625 0.0015844251029193406 0.00200830097310245
v -0.03632376343011856 0.002042085630819202 0.0015626221429556604
v -0.03632376343011856 0.002042085630819202 0.0015626221429556604
v -0.03632376343011856 0.002042085630819202 0.0015626221429556604
v -0.03632376343011856 0.002042085630819202 0.0015626221429556604
v -0.03675387054681778 0.002137483796104789 0.001201690756715834
v -0.03675387054681778 0.002137483796104789 0.001201690756715834
v -0.03675387054681778 0.002137483796104789 0.001201690756715834
v -0.03675387054681778 0.002137483796104789 0.001201690756715834
v -0.03706029802560806 0.002137483796104789 0.0009445801260881124
v -0.03706029802560806 0.002137483796104789 0.0009445801260881124
v -0.03706029802560806 0.002137483796104789 0.0009445801260881124
v -0.03706029802560806 0.002137483796104789 0.0009445801260881124
v -0.03749041259288788 0.002042085630819202 0.0005836792406626045
v -0.03749041259288788 0.002042085630819202 0.0005836792406626045
v -0.03749041259288788 0.002042085630819202 0.0005836792406626045
v -0.03749041259288788 0.002042085630819202 0.0005836792406626045
v -0.03802153095602989 0.0015844251029193406 0.00013800049782730636
v -0.03802153095602989 0.0015844251029193406 0.00013800049782730636
v -0.03802153095602989 0.0015844251029193406 0.00013800049782730636
v -0.03832310065627098 0.0008528633625246587 -0.00011505127622513098
v -0.03832310065627098 0.0008528633625246587 -0.00011505127622513098
v -0.03832310065627098 0.0008528633625246587 -0.00011505127622513098
v -0.03832310065627098 0.0008528633625246587 -0.00011505127622513098
v -0.03832310065627098 2.2106170945335183e-05 -0.00011505127622513098
v -0.03832310065627098 2.2106170945335183e-05 -0.00011505127622513098
v -0.03832310065627098 2.2106170945335183e-05 -0.00011505127622513098
v -0.03832310065627098 2.2106170945335183e-05 -0.00011505127622513098
v -0.03802153095602989 -0.0007094555185176433 0.00013800049782730636
v -0.03802153095602989 -0.0007094555185176433 0.00013800049782730636
v -0.03802153095602989 -0.0007094555185176433 0.00013800049782730636
v -0.03802153095602989 -0.0007094555185176433 0.00013800049782730636
v -0.03749041259288788 -0.0011671180836856367 0.0005836792406626045
v -0.03749041259288788 -0.0011671180836856367 0.0005836792406626045
v -0.03749041259288788 -0.0011671180836856367 0.0005836792406626045
v -0.03749041259288788 -0.0011671180836856367 0.0005836792406626045
v -0.03749041259288788 -0.0011671180836856367 0.0005836792406626045
v -0.03706029802560806 -0.0012625161325559022 0.0009445801260881124
v -0.03706029802560806 -0.0012625161325559022 0.0009445801260881124
v -0.03706029802560806 -0.0012625161325559022 0.0009445801260881124
v -0.03706029802560806 -0.0012625161325559022 0.0009445801260881124
v 0.0056083835661411285 -0.0012625161325559022 0.03674786537885665
v 0.0056083835661411285 -0.0012625161325559022 0.03674786537885665
v 0.0056083835661411285 -0.0012625161325559022 0.03674786537885665
v 0.0056083835661411285 -0.0012625161325559022 0.03674786537885665
v 0.0056083835661411285 -0.0012625161325559022 0.03674786537885665
v 0.006038498133420944 -0.0011671180836856367 0.037108767777681344
v 0.006038498133420944 -0.0011671180836856367 0.037108767777681344
v 0.006038498133420944 -0.0011671180836856367 0.037108767777681344
v 0.006038498133420944 -0.0011671180836856367 0.037108767777681344
v 0.00656961090862751 -0.0007094555185176433 0.03755444660782813
v 0.00656961090862751 -0.0007094555185176433 0.03755444660782813
v 0.00656961090862751 -0.0007094555185176433 0.03755444660782813
v 0.00656961090862751 -0.0007094555185176433 0.03755444660782813
v 0.00656961090862751 -0.0007094555185176433 0.03755444660782813
v 0.006871185731142759 2.2106170945335183e-05 0.03780746459960937
v 0.006871185731142759 2.2106170945335183e-05 0.03780746459960937
v 0.006871185731142759 2.2106170945335183e-05 0.03780746459960937
v 0.006871185731142759 2.2106170945335183e-05 0.03780746459960937
v 0.006871185731142759 0.0008528633625246587 0.03780746459960937
v 0.006871185731142759 0.0008528633625246587 0.03780746459960937
v 0.006871185731142759 0.0008528633625246587 0.03780746459960937
v 0.006871185731142759 0.0008528633625246587 0.03780746459960937
v 0.006871185731142759 0.0008528633625246587 0.03780746459960937
v 0.00656961090862751 0.0015844251029193406 0.03755444660782813
v 0.00656961090862751 0.0015844251029193406 0.03755444660782813
v 0.00656961090862751 0.0015844251029193406 0.03755444660782813
v 0.00656961090862751 0.0015844251029193406 0.03755444660782813
v 0.006038498133420944 0.002042085630819202 0.037108767777681344
v 0.006038498133420944 0.002042085630819202 0.037108767777681344
v 0.006038498133420944 0.002042085630819202 0.037108767777681344
v 0.006038498133420944 0.002042085630819202 0.037108767777681344
v 0.006038498133420944 0.002042085630819202 0.037108767777681344
v 0.0056083835661411285 0.002137483796104789 0.03674786537885665
v 0.0056083835661411285 0.002137483796104789 0.03674786537885665
v 0.0056083835661411285 0.002137483796104789 0.03674786537885665
v 0.0056083835661411285 0.002137483796104789 0.03674786537885665
v 0.0056083835661411285 0.002137483796104789 0.03674786537885665
v 0.0051782685332000256 0.002042085630819202 0.03638693317770957
v 0.0051782685332000256 0.002042085630819202 0.03638693317770957
v 0.0051782685332000256 0.002042085630819202 0.03638693317770957
v 0.0051782685332000256 0.002042085630819202 0.03638693317770957
v 0.004647140856832266 0.0015844251029193406 0.03594128414988517
v 0.004647140856832266 0.0015844251029193406 0.03594128414988517
v 0.004647140856832266 0.0015844251029193406 0.03594128414988517
v 0.004647140856832266 0.0015844251029193406 0.03594128414988517
v 0.004647140856832266 0.0015844251029193406 0.03594128414988517
v 0.0043455734848976135 0.0008528633625246587 0.035688266158103936
v 0.0043455734848976135 0.0008528633625246587 0.035688266158103936
v 0.0043455734848976135 0.0008528633625246587 0.035688266158103936
v 0.0043455734848976135 0.0008528633625246587 0.035688266158103936
v 0.0043455734848976135 0.0008528633625246587 0.035688266158103936
v 0.0043455734848976135 0.0008528633625246587 0.035688266158103936
v 0.0043455734848976135 2.2106170945335183e-05 0.035688266158103936
v 0.0043455734848976135 2.2106170945335183e-05 0.035688266158103936
v 0.0043455734848976135 2.2106170945335183e-05 0.035688266158103936
v 0.0043455734848976135 2.2106170945335183e-05 0.035688266158103936
v 0.0043455734848976135 2.2106170945335183e-05 0.035688266158103936
v 0.004647140856832266 -0.0007094555185176433 0.03594128414988517
v 0.004647140856832266 -0.0007094555185176433 0.03594128414988517
v 0.004647140856832266 -0.0007094555185176433 0.03594128414988517
v 0.004647140856832266 -0.0007094555185176433 0.03594128414988517
v 0.0051782685332000256 -0.0011671180836856367 0.03638693317770957
v 0.0051782685332000256 -0.0011671180836856367 0.03638693317770957
v 0.0051782685332000256 -0.0011671180836856367 0.03638693317770957
v 0.0051782685332000256 -0.0011671180836856367 0.03638693317770957
v 0.0051782685332000256 -0.0011671180836856367 0.03638693317770957
v -0.015649354085326195 0.02648748271167279 0.018910493701696392
v -0.015649354085326195 0.02648748271167279 0.018910493701696392
v -0.015649354085326195 0.02648748271167279 0.018910493701696392
v -0.015649354085326195 0.02648748271167279 0.018910493701696392
v -0.015282494015991688 0.026568854227662093 0.019218323752284047
v -0.015282494015991688 0.026568854227662093 0.019218323752284047
v -0.015282494015991688 0.026568854227662093 0.019218323752284047
v -0.015282494015991688 0.026568854227662093 0.019218323752284047
v -0.014829476363956928 0.026959212496876724 0.01959845051169395
v -0.014829476363956928 0.026959212496876724 0.01959845051169395
v -0.014829476363956928 0.026959212496876724 0.01959845051169395
v -0.014572259038686752 0.027583191171288497 0.019814271479845044
v -0.014572259038686752 0.027583191171288497 0.019814271479845044
v -0.014572259038686752 0.027583191171288497 0.019814271479845044
v -0.014572259038686752 0.028291778638958938 0.019814271479845044
v -0.014572259038686752 0.028291778638958938 0.019814271479845044
v -0.014572259038686752 0.028291778638958938 0.019814271479845044
v -0.014829476363956928 0.02891575917601586 0.01959845051169395
v -0.014829476363956928 0.02891575917601586 0.01959845051169395
v -0.014829476363956928 0.02891575917601586 0.01959845051169395
v -0.014829476363956928 0.02891575917601586 0.01959845051169395
v -0.015282494015991688 0.02930611744523049 0.019218323752284047
v -0.015282494015991688 0.02930611744523049 0.019218323752284047
v -0.015282494015991688 0.02930611744523049 0.019218323752284047
v -0.015282494015991688 0.02930611744523049 0.019218323752284047
v -0.015282494015991688 0.02930611744523049 0.019218323752284047
v -0.015649354085326195 0.029387485235929496 0.018910493701696392
v -0.015649354085326195 0.029387485235929496 0.018910493701696392
v -0.015649354085326195 0.029387485235929496 0.018910493701696392
v -0.015649354085326195 0.029387485235929496 0.018910493701696392
v -0.015649354085326195 0.029387485235929496 0.018910493701696392
v -0.016016213223338127 0.02930611744523049 0.01860266178846359
v -0.016016213223338127 0.02930611744523049 0.01860266178846359
v -0.016016213223338127 0.02930611744523049 0.01860266178846359
v -0.01646922342479229 0.02891575917601586 0.018222535029053685
v -0.01646922342479229 0.02891575917601586 0.018222535029053685
v -0.01646922342479229 0.02891575917601586 0.018222535029053685
v -0.01646922342479229 0.02891575917601586 0.018222535029053685
v -0.01646922342479229 0.02891575917601586 0.018222535029053685
v -0.016726449131965637 0.028291778638958938 0.018006714060902592
v -0.016726449131965637 0.028291778638958938 0.018006714060902592
v -0.016726449131965637 0.028291778638958938 0.018006714060902592
v -0.016726449131965637 0.028291778638958938 0.018006714060902592
v -0.016726449131965637 0.027583191171288497 0.018006714060902592
v -0.016726449131965637 0.027583191171288497 0.018006714060902592
v -0.016726449131965637 0.027583191171288497 0.018006714060902592
v -0.016726449131965637 0.027583191171288497 0.018006714060902592
v -0.01646922342479229 0.026959212496876724 0.018222535029053685
v -0.01646922342479229 0.026959212496876724 0.018222535029053685
v -0.01646922342479229 0.026959212496876724 0.018222535029053685
v -0.016016213223338127 0.026568854227662093 0.01860266178846359
v -0.016016213223338127 0.026568854227662093 0.01860266178846359
v -0.016016213223338127 0.026568854227662093 0.01860266178846359
v -0.016016213223338127 0.026568854227662093 0.01860266178846359
v -0.03389323502779007 -0.014762517064809803 0.003602050943300127
v -0.03389323502779007 -0.014762517064809803 0.003602050943300127
v -0.03389323502779007 -0.014762517064809803 0.003602050943300127
v -0.03389323502779007 -0.014762517064809803 0.003602050943300127
v -0.03352636843919754 -0.014681147411465648 0.003909881692379712
v -0.03352636843919754 -0.014681147411465648 0.003909881692379712
v -0.03352636843919754 -0.014681147411465648 0.003909881692379712
v -0.03352636843919754 -0.014681147411465648 0.003909881692379712
v -0.03352636843919754 -0.014681147411465648 0.003909881692379712
v -0.03307335823774338 -0.014290788210928444 0.004290008917450904
v -0.03307335823774338 -0.014290788210928444 0.004290008917450904
v -0.03307335823774338 -0.014290788210928444 0.004290008917450904
v -0.03307335823774338 -0.014290788210928444 0.004290008917450904
v -0.03307335823774338 -0.014290788210928444 0.004290008917450904
v -0.03281613439321518 -0.01366680953651667 0.004505828954279422
v -0.03281613439321518 -0.01366680953651667 0.004505828954279422
v -0.03281613439321518 -0.01366680953651667 0.004505828954279422
v -0.03281613439321518 -0.01366680953651667 0.004505828954279422
v -0.03281613439321518 -0.01295822206884623 0.004505828954279422
v -0.03281613439321518 -0.01295822206884623 0.004505828954279422
v -0.03281613439321518 -0.01295822206884623 0.004505828954279422
v -0.03281613439321518 -0.01295822206884623 0.004505828954279422
v -0.03307335823774338 -0.01233424432575703 0.004290008917450904
v -0.03307335823774338 -0.01233424432575703 0.004290008917450904
v -0.03307335823774338 -0.01233424432575703 0.004290008917450904
v -0.03307335823774338 -0.01233424432575703 0.004290008917450904
v -0.03352636843919754 -0.0119438860565424 0.003909881692379712
v -0.03352636843919754 -0.0119438860565424 0.003909881692379712
v -0.03352636843919754 -0.0119438860565424 0.003909881692379712
v -0.03352636843919754 -0.0119438860565424 0.003909881692379712
v -0.03389323502779007 -0.011862515471875671 0.003602050943300127
v -0.03389323502779007 -0.011862515471875671 0.003602050943300127
v -0.03389323502779007 -0.011862515471875671 0.003602050943300127
v -0.03389323502779007 -0.011862515471875671 0.003602050943300127
v -0.03389323502779007 -0.011862515471875671 0.003602050943300127
v -0.034260094165802 -0.0119438860565424 0.003294220194220542
v -0.034260094165802 -0.0119438860565424 0.003294220194220542
v -0.034260094165802 -0.0119438860565424 0.003294220194220542
v -0.034260094165802 -0.0119438860565424 0.003294220194220542
v -0.034260094165802 -0.0119438860565424 0.003294220194220542
v -0.03471311181783676 -0.01233424432575703 0.0029140932019799943
v -0.03471311181783676 -0.01233424432575703 0.0029140932019799943
v -0.03471311181783676 -0.01233424432575703 0.0029140932019799943
v -0.03471311181783676 -0.01233424432575703 0.0029140932019799943
v -0.03471311181783676 -0.01233424432575703 0.0029140932019799943
v -0.03497033193707466 -0.01295822206884623 0.0026982729323208328
v -0.03497033193707466 -0.01295822206884623 0.0026982729323208328
v -0.03497033193707466 -0.01295822206884623 0.0026982729323208328
v -0.03497033193707466 -0.01366680953651667 0.0026982729323208328
v -0.03497033193707466 -0.01366680953651667 0.0026982729323208328
v -0.03497033193707466 -0.01366680953651667 0.0026982729323208328
v -0.03497033193707466 -0.01366680953651667 0.0026982729323208328
v -0.03471311181783676 -0.014290788210928444 0.0029140932019799943
v -0.03471311181783676 -0.014290788210928444 0.0029140932019799943
v -0.03471311181783676 -0.014290788210928444 0.0029140932019799943
v -0.034260094165802 -0.014681147411465648 0.003294220194220542
v -0.034260094165802 -0.014681147411465648 0.003294220194220542
v -0.034260094165802 -0.014681147411465648 0.003294220194220542
v -0.034260094165802 -0.014681147411465648 0.003294220194220542
v -0.034260094165802 -0.014681147411465648 0.003294220194220542
v 0.0025945359375327826 -0.014762517064809803 0.03421893343329429
v 0.0025945359375327826 -0.014762517064809803 0.03421893343329429
v 0.0025945359375327826 -0.014762517064809803 0.03421893343329429
v 0.0025945359375327826 -0.014762517064809803 0.03421893343329429
v 0.0029613878577947617 -0.014681147411465648 0.03452676534652709
v 0.0029613878577947617 -0.014681147411465648 0.03452676534652709
v 0.0029613878577947617 -0.014681147411465648 0.03452676534652709
v 0.0029613878577947617 -0.014681147411465648 0.03452676534652709
v 0.003414413658902049 -0.014290788210928444 0.034906893968582146
v 0.003414413658902049 -0.014290788210928444 0.034906893968582146
v 0.003414413658902049 -0.014290788210928444 0.034906893968582146
v 0.003414413658902049 -0.014290788210928444 0.034906893968582146
v 0.003414413658902049 -0.014290788210928444 0.034906893968582146
v 0.0036716233007609844 -0.01366680953651667 0.03512271121144294
v 0.0036716233007609844 -0.01366680953651667 0.03512271121144294
v 0.0036716233007609844 -0.01366680953651667 0.03512271121144294
v 0.0036716233007609844 -0.01295822206884623 0.03512271121144294
v 0.0036716233007609844 -0.01295822206884623 0.03512271121144294
v 0.0036716233007609844 -0.01295822206884623 0.03512271121144294
v 0.0036716233007609844 -0.01295822206884623 0.03512271121144294
v 0.003414413658902049 -0.01233424432575703 0.034906893968582146
v 0.003414413658902049 -0.01233424432575703 0.034906893968582146
v 0.003414413658902049 -0.01233424432575703 0.034906893968582146
v 0.0029613878577947617 -0.0119438860565424 0.03452676534652709
v 0.0029613878577947617 -0.0119438860565424 0.03452676534652709
v 0.0029613878577947617 -0.0119438860565424 0.03452676534652709
v 0.0025945359375327826 -0.011862515471875671 0.03421893343329429
v 0.0025945359375327826 -0.011862515471875671 0.03421893343329429
v 0.0025945359375327826 -0.011862515471875671 0.03421893343329429
v 0.0025945359375327826 -0.011862515471875671 0.03421893343329429
v 0.0025945359375327826 -0.011862515471875671 0.03421893343329429
v 0.002227668883278966 -0.0119438860565424 0.033911105245351784
v 0.002227668883278966 -0.0119438860565424 0.033911105245351784
v 0.002227668883278966 -0.0119438860565424 0.033911105245351784
v 0.002227668883278966 -0.0119438860565424 0.033911105245351784
v 0.0017746583325788379 -0.01233424432575703 0.03353097662329673
v 0.0017746583325788379 -0.01233424432575703 0.03353097662329673
v 0.0017746583325788379 -0.01233424432575703 0.03353097662329673
v 0.0017746583325788379 -0.01233424432575703 0.03353097662329673
v 0.0017746583325788379 -0.01233424432575703 0.03353097662329673
v 0.0015174332074820995 -0.01295822206884623 0.03331515565514564
v 0.0015174332074820995 -0.01295822206884623 0.03331515565514564
v 0.0015174332074820995 -0.01295822206884623 0.03331515565514564
v 0.0015174332074820995 -0.01295822206884623 0.03331515565514564
v 0.0015174332074820995 -0.01366680953651667 0.03331515565514564
v 0.0015174332074820995 -0.01366680953651667 0.03331515565514564
v 0.0015174332074820995 -0.01366680953651667 0.03331515565514564
v 0.0015174332074820995 -0.01366680953651667 0.03331515565514564
v 0.0017746583325788379 -0.014290788210928444 0.03353097662329673
v 0.0017746583325788379 -0.014290788210928444 0.03353097662329673
v 0.0017746583325788379 -0.014290788210928444 0.03353097662329673
v 0.002227668883278966 -0.014681147411465648 0.033911105245351784
v 0.002227668883278966 -0.014681147411465648 0.033911105245351784
v 0.002227668883278966 -0.014681147411465648 0.033911105245351784
v 0.002227668883278966 -0.014681147411465648 0.033911105245351784
v 0.002227668883278966 -0.014681147411465648 0.033911105245351784
v -0.02756250835955143 -0.023326149210333828 0.008914184756577013
v -0.02756250835955143 -0.023326149210333828 0.008914184756577013
v -0.02756250835955143 -0.023326149210333828 0.008914184756577013
v -0.02818833291530609 -0.024584162980318076 0.008389068767428396
v -0.02818833291530609 -0.024584162980318076 0.008389068767428396
v -0.02818833291530609 -0.024584162980318076 0.008389068767428396
v -0.02818833291530609 -0.024584162980318076 0.008389068767428396
v -0.02818833291530609 -0.024584162980318076 0.008389068767428396
v -0.030004151165485382 -0.02286198362708092 0.006865387316793202
v -0.030004151165485382 -0.02286198362708092 0.006865387316793202
v -0.030004151165485382 -0.02286198362708092 0.006865387316793202
v -0.0292810145765543 -0.021696256473660473 0.007472198922187088
v -0.0292810145765543 -0.021696256473660473 0.007472198922187088
v -0.0292810145765543 -0.021696256473660473 0.007472198922187088
v -0.0292810145765543 -0.021696256473660473 0.007472198922187088
v -0.0292810145765543 -0.021696256473660473 0.007472198922187088
v -0.0310869999229908 -0.019573513418436054 0.0059567568823695165
v -0.0310869999229908 -0.019573513418436054 0.0059567568823695165
v -0.0310869999229908 -0.019573513418436054 0.0059567568823695165
v -0.03189952298998833 -0.02063417993485928 0.005274994298815726
v -0.03189952298998833 -0.02063417993485928 0.005274994298815726
v -0.03189952298998833 -0.02063417993485928 0.005274994298815726
v -0.03189952298998833 -0.02063417993485928 0.005274994298815726
v -0.03340137004852295 -0.018456805497407917 0.004014801234006881
v -0.03340137004852295 -0.018456805497407917 0.004014801234006881
v -0.03340137004852295 -0.018456805497407917 0.004014801234006881
v -0.032806023955345154 -0.01782748103141785 0.004514343570917844
v -0.032806023955345154 -0.01782748103141785 0.004514343570917844
v -0.032806023955345154 -0.01782748103141785 0.004514343570917844
v -0.032806023955345154 -0.01782748103141785 0.004514343570917844
v -0.032806023955345154 -0.01782748103141785 0.004514343570917844
v -0.034047745168209076 -0.015636544674634937 0.0034724122378975144
v -0.034047745168209076 -0.015636544674634937 0.0034724122378975144
v -0.034047745168209076 -0.015636544674634937 0.0034724122378975144
v -0.034047745168209076 -0.015636544674634937 0.0034724122378975144
v -0.03469027206301689 -0.016181232407689098 0.002933258190751075
v -0.03469027206301689 -0.016181232407689098 0.002933258190751075
v -0.03469027206301689 -0.016181232407689098 0.002933258190751075
v -0.03469027206301689 -0.016181232407689098 0.002933258190751075
v -0.03469027206301689 -0.016181232407689098 0.002933258190751075
v -0.036194901913404465 -0.012779215350747112 0.0016707458999007936
v -0.036194901913404465 -0.012779215350747112 0.0016707458999007936
v -0.036194901913404465 -0.012779215350747112 0.0016707458999007936
v -0.0355122834444046 -0.012325182557106022 0.0022435304708778854
v -0.0355122834444046 -0.012325182557106022 0.0022435304708778854
v -0.0355122834444046 -0.012325182557106022 0.0022435304708778854
v -0.0355122834444046 -0.012325182557106022 0.0022435304708778854
v -0.0355122834444046 -0.012325182557106022 0.0022435304708778854
v -0.03634492680430412 -0.009825929999351503 0.0015448608901351686
v -0.03634492680430412 -0.009825929999351503 0.0015448608901351686
v -0.03634492680430412 -0.009825929999351503 0.0015448608901351686
v -0.03706008940935135 -0.010184300132095815 0.0009447632473893461
v -0.03706008940935135 -0.010184300132095815 0.0009447632473893461
v -0.03706008940935135 -0.010184300132095815 0.0009447632473893461
v -0.03706008940935135 -0.010184300132095815 0.0009447632473893461
v -0.03706008940935135 -0.010184300132095815 0.0009447632473893461
v -0.037753671407699585 -0.007397755049169065 0.00036279298365116114
v -0.037753671407699585 -0.007397755049169065 0.00036279298365116114
v -0.037753671407699585 -0.007397755049169065 0.00036279298365116114
v -0.036643754690885544 -0.007009523920714857 0.0012940979795530436
v -0.036643754690885544 -0.007009523920714857 0.0012940979795530436
v -0.036643754690885544 -0.007009523920714857 0.0012940979795530436
v -0.036643754690885544 -0.007009523920714857 0.0012940979795530436
v -0.036643754690885544 -0.007009523920714857 0.0012940979795530436
v -0.037149012088775635 -0.003906458150595427 0.000870147719979286
v -0.037149012088775635 -0.003906458150595427 0.000870147719979286
v -0.037149012088775635 -0.003906458150595427 0.000870147719979286
v -0.037149012088775635 -0.003906458150595427 0.000870147719979286
v -0.03828393667936325 -0.0041411113925278195 -8.21533249109052e-05
v -0.03828393667936325 -0.0041411113925278195 -8.21533249109052e-05
v -0.03828393667936325 -0.0041411113925278195 -8.21533249109052e-05
v -0.03828393667936325 -0.0041411113925278195 -8.21533249109052e-05
v -0.03828393667936325 0.005016081035137177 -8.21533249109052e-05
v -0.03828393667936325 0.005016081035137177 -8.21533249109052e-05
v -0.03828393667936325 0.005016081035137177 -8.21533249109052e-05
v -0.03828393667936325 0.005016081035137177 -8.21533249109052e-05
v -0.037149012088775635 0.004781427793204785 0.000870147719979286
v -0.037149012088775635 0.004781427793204785 0.000870147719979286
v -0.037149012088775635 0.004781427793204785 0.000870147719979286
v -0.037149012088775635 0.004781427793204785 0.000870147719979286
v -0.037149012088775635 0.004781427793204785 0.000870147719979286
v -0.037149012088775635 0.004781427793204785 0.000870147719979286
v -0.036643754690885544 0.007884493097662927 0.0012940979795530436
v -0.036643754690885544 0.007884493097662927 0.0012940979795530436
v -0.036643754690885544 0.007884493097662927 0.0012940979795530436
v -0.036643754690885544 0.007884493097662927 0.0012940979795530436
v -0.037753671407699585 0.008272722363471987 0.00036279298365116114
v -0.037753671407699585 0.008272722363471987 0.00036279298365116114
v -0.037753671407699585 0.008272722363471987 0.00036279298365116114
v -0.037753671407699585 0.008272722363471987 0.00036279298365116114
v -0.037753671407699585 0.008272722363471987 0.00036279298365116114
v -0.03706008940935135 0.011059267446398737 0.0009447632473893461
v -0.03706008940935135 0.011059267446398737 0.0009447632473893461
v -0.03706008940935135 0.011059267446398737 0.0009447632473893461
v -0.03598734363913536 0.010521711781620981 0.0018449097406119104
v -0.03598734363913536 0.010521711781620981 0.0018449097406119104
v -0.03598734363913536 0.010521711781620981 0.0018449097406119104
v -0.03598734363913536 0.010521711781620981 0.0018449097406119104
v -0.03598734363913536 0.010521711781620981 0.0018449097406119104
v -0.03499888628721237 0.013419836759567264 0.002674316521733999
v -0.03499888628721237 0.013419836759567264 0.002674316521733999
v -0.03499888628721237 0.013419836759567264 0.002674316521733999
v -0.035249896347522736 0.012761511839926246 0.0024636841844767328
v -0.035249896347522736 0.012761511839926246 0.0024636841844767328
v -0.035249896347522736 0.012761511839926246 0.0024636841844767328
v -0.035249896347522736 0.012761511839926246 0.0024636841844767328
v -0.035249896347522736 0.012761511839926246 0.0024636841844767328
v -0.036022722721099854 0.01410082541406155 0.0018151856493204828
v -0.036022722721099854 0.01410082541406155 0.0018151856493204828
v -0.036022722721099854 0.01410082541406155 0.0018151856493204828
v -0.036022722721099854 0.01410082541406155 0.0018151856493204828
v -0.036022722721099854 0.01410082541406155 0.0018151856493204828
v -0.0349004901945591 0.016638236120343212 0.002756897127255797
v -0.0349004901945591 0.016638236120343212 0.002756897127255797
v -0.0349004901945591 0.016638236120343212 0.002756897127255797
v -0.033936791121959686 0.01582126878201962 0.0035655214451253405
v -0.033936791121959686 0.01582126878201962 0.0035655214451253405
v -0.033936791121959686 0.01582126878201962 0.0035655214451253405
v -0.033936791121959686 0.01582126878201962 0.0035655214451253405
v -0.03250836208462715 0.018387785181403164 0.004764099139720201
v -0.03250836208462715 0.018387785181403164 0.004764099139720201
v -0.03250836208462715 0.018387785181403164 0.004764099139720201
v -0.03250836208462715 0.018387785181403164 0.004764099139720201
v -0.03340137004852295 0.019331775605678562 0.004014801234006881
v -0.03340137004852295 0.019331775605678562 0.004014801234006881
v -0.03340137004852295 0.019331775605678562 0.004014801234006881
v -0.03340137004852295 0.019331775605678562 0.004014801234006881
v -0.03340137004852295 0.019331775605678562 0.004014801234006881
v -0.03189952298998833 0.021509146317839626 0.005274994298815726
v -0.03189952298998833 0.021509146317839626 0.005274994298815726
v -0.03189952298998833 0.021509146317839626 0.005274994298815726
v -0.03189952298998833 0.021509146317839626 0.005274994298815726
v -0.0310869999229908 0.02044848166406155 0.0059567568823695165
v -0.0310869999229908 0.02044848166406155 0.0059567568823695165
v -0.0310869999229908 0.02044848166406155 0.0059567568823695165
v -0.0310869999229908 0.02044848166406155 0.0059567568823695165
v -0.0310869999229908 0.02044848166406155 0.0059567568823695165
v -0.0292810145765543 0.02257122285664082 0.007472198922187088
v -0.0292810145765543 0.02257122285664082 0.007472198922187088
v -0.0292810145765543 0.02257122285664082 0.007472198922187088
v -0.0292810145765543 0.02257122285664082 0.007472198922187088
v -0.030004151165485382 0.02373695373535157 0.006865387316793202
v -0.030004151165485382 0.02373695373535157 0.006865387316793202
v -0.030004151165485382 0.02373695373535157 0.006865387316793202
v -0.030004151165485382 0.02373695373535157 0.006865387316793202
v -0.02818833291530609 0.02545913308858872 0.008389068767428396
v -0.02818833291530609 0.02545913308858872 0.008389068767428396
v -0.02818833291530609 0.02545913308858872 0.008389068767428396
v -0.02818833291530609 0.02545913308858872 0.008389068767428396
v -0.02756250835955143 0.024201117455959327 0.008914184756577013
v -0.02756250835955143 0.024201117455959327 0.008914184756577013
v -0.02756250835955143 0.024201117455959327 0.008914184756577013
v -0.02756250835955143 0.024201117455959327 0.008914184756577013
v -0.02756250835955143 0.024201117455959327 0.008914184756577013
v -0.025457901880145073 0.025787314400076873 0.010680145584046839
v -0.025457901880145073 0.025787314400076873 0.010680145584046839
v -0.025457901880145073 0.025787314400076873 0.010680145584046839
v -0.02597956173121929 0.027123827487230308 0.010242432355880736
v -0.02597956173121929 0.027123827487230308 0.010242432355880736
v -0.02597956173121929 0.027123827487230308 0.010242432355880736
v -0.02392914704978466 0.028315547853708274 0.011962921358644959
v -0.02392914704978466 0.028315547853708274 0.011962921358644959
v -0.02392914704978466 0.028315547853708274 0.011962921358644959
v -0.02392914704978466 0.028315547853708274 0.011962921358644959
v -0.023517349734902382 0.02691516838967801 0.012308471836149689
v -0.023517349734902382 0.02691516838967801 0.012308471836149689
v -0.023517349734902382 0.02691516838967801 0.012308471836149689
v -0.023517349734902382 0.02691516838967801 0.012308471836149689
v -0.023517349734902382 0.02691516838967801 0.012308471836149689
v -0.021206101402640343 0.027895491570234306 0.014247833751142022
v -0.021206101402640343 0.027895491570234306 0.014247833751142022
v -0.021206101402640343 0.027895491570234306 0.014247833751142022
v -0.021206101402640343 0.027895491570234306 0.014247833751142022
v -0.021503502503037453 0.02934438735246659 0.01399826072156429
v -0.021503502503037453 0.02934438735246659 0.01399826072156429
v -0.021503502503037453 0.02934438735246659 0.01399826072156429
v -0.021503502503037453 0.02934438735246659 0.01399826072156429
v -0.021503502503037453 0.02934438735246659 0.01399826072156429
v -0.01930808275938034 0.029953559860587127 0.015840485692024227
v -0.01930808275938034 0.029953559860587127 0.015840485692024227
v -0.01930808275938034 0.029953559860587127 0.015840485692024227
v -0.01930808275938034 0.029953559860587127 0.015840485692024227
v -0.01918824017047882 0.028965866193175323 0.015941010788083073
v -0.01918824017047882 0.028965866193175323 0.015941010788083073
v -0.01918824017047882 0.028965866193175323 0.015941010788083073
v -0.01918824017047882 0.028965866193175323 0.015941010788083073
v -0.01918824017047882 0.028965866193175323 0.015941010788083073
v -0.01918824017047882 0.028965866193175323 0.015941010788083073
v -0.014184814877808094 0.029274180531501777 0.020139405503869053
v -0.014184814877808094 0.029274180531501777 0.020139405503869053
v -0.014184814877808094 0.029274180531501777 0.020139405503869053
v -0.014184814877808094 0.029274180531501777 0.020139405503869053
v -0.014184814877808094 0.029274180531501777 0.020139405503869053
v -0.014184814877808094 0.029274180531501777 0.020139405503869053
v -0.012110458686947823 0.028965866193175323 0.0218800064176321
v -0.012110458686947823 0.028965866193175323 0.0218800064176321
v -0.012110458686947823 0.028965866193175323 0.0218800064176321
v -0.011990624479949474 0.029953559860587127 0.021980561316013333
v -0.011990624479949474 0.029953559860587127 0.021980561316013333
v -0.011990624479949474 0.029953559860587127 0.021980561316013333
v -0.011990624479949474 0.029953559860587127 0.021980561316013333
v -0.009795197285711765 0.02934438735246659 0.023822724819183343
v -0.009795197285711765 0.02934438735246659 0.023822724819183343
v -0.009795197285711765 0.02934438735246659 0.023822724819183343
v -0.009795197285711765 0.02934438735246659 0.023822724819183343
v -0.010092605836689472 0.027895491570234306 0.023573150858283036
v -0.010092605836689472 0.027895491570234306 0.023573150858283036
v -0.010092605836689472 0.027895491570234306 0.023573150858283036
v -0.010092605836689472 0.027895491570234306 0.023573150858283036
v -0.010092605836689472 0.027895491570234306 0.023573150858283036
v -0.007781349588185549 0.02691516838967801 0.025512544438242905
v -0.007781349588185549 0.02691516838967801 0.025512544438242905
v -0.007781349588185549 0.02691516838967801 0.025512544438242905
v -0.007369560655206442 0.028315547853708274 0.0258580632507801
v -0.007369560655206442 0.028315547853708274 0.0258580632507801
v -0.007369560655206442 0.028315547853708274 0.0258580632507801
v -0.007369560655206442 0.028315547853708274 0.0258580632507801
v -0.006516579072922468 0.0278578456491232 0.02657379209995269
v -0.006516579072922468 0.0278578456491232 0.02657379209995269
v -0.006516579072922468 0.0278578456491232 0.02657379209995269
v -0.006516579072922468 0.0278578456491232 0.02657379209995269
v -0.006516579072922468 0.0278578456491232 0.02657379209995269
v -0.005319138057529926 0.027123827487230308 0.027578584849834435
v -0.005319138057529926 0.027123827487230308 0.027578584849834435
v -0.005319138057529926 0.027123827487230308 0.027578584849834435
v -0.005319138057529926 0.027123827487230308 0.027578584849834435
v -0.005840805359184742 0.025787314400076873 0.027140870690345757
v -0.005840805359184742 0.025787314400076873 0.027140870690345757
v -0.005840805359184742 0.025787314400076873 0.027140870690345757
v -0.005840805359184742 0.025787314400076873 0.027140870690345757
v -0.005840805359184742 0.025787314400076873 0.027140870690345757
v -0.0037361986469477415 0.024201117455959327 0.028906831517815583
v -0.0037361986469477415 0.024201117455959327 0.028906831517815583
v -0.0037361986469477415 0.024201117455959327 0.028906831517815583
v -0.0031103668734431267 0.02545913308858872 0.029431978240609162
v -0.0031103668734431267 0.02545913308858872 0.029431978240609162
v -0.0031103668734431267 0.02545913308858872 0.029431978240609162
v -0.0031103668734431267 0.02545913308858872 0.029431978240609162
v -0.0031103668734431267 0.02545913308858872 0.029431978240609162
v -0.0031103668734431267 0.02545913308858872 0.029431978240609162
v -0.0012945557245984674 0.02373695373535157 0.030955597758293145
v -0.0012945557245984674 0.02373695373535157 0.030955597758293145
v -0.0012945557245984674 0.02373695373535157 0.030955597758293145
v -0.0012945557245984674 0.02373695373535157 0.030955597758293145
v -0.002017684979364276 0.02257122285664082 0.030348848551511758
v -0.002017684979364276 0.02257122285664082 0.030348848551511758
v -0.002017684979364276 0.02257122285664082 0.030348848551511758
v -0.002017684979364276 0.02257122285664082 0.030348848551511758
v -0.002017684979364276 0.02257122285664082 0.030348848551511758
v -0.002017684979364276 0.02257122285664082 0.030348848551511758
v -0.00021170044783502817 0.02044848166406155 0.03186422958970069
v -0.00021170044783502817 0.02044848166406155 0.03186422958970069
v -0.00021170044783502817 0.02044848166406155 0.03186422958970069
v 0.0006008148193359375 0.021509146317839626 0.032546021044254296
v 0.0006008148193359375 0.021509146317839626 0.032546021044254296
v 0.0006008148193359375 0.021509146317839626 0.032546021044254296
v 0.0006008148193359375 0.021509146317839626 0.032546021044254296
v 0.0021026611793786287 0.019331775605678562 0.03380621597170829
v 0.0021026611793786287 0.019331775605678562 0.03380621597170829
v 0.0021026611793786287 0.019331775605678562 0.03380621597170829
v 0.0021026611793786287 0.019331775605678562 0.03380621597170829
v 0.0012096634600311518 0.018387785181403164 0.03305688500404357
v 0.0012096634600311518 0.018387785181403164 0.03305688500404357
v 0.0012096634600311518 0.018387785181403164 0.03305688500404357
v 0.0012096634600311518 0.018387785181403164 0.03305688500404357
v 0.0012096634600311518 0.018387785181403164 0.03305688500404357
v 0.002638092264533043 0.01582126878201962 0.03425546362996101
v 0.002638092264533043 0.01582126878201962 0.03425546362996101
v 0.002638092264533043 0.01582126878201962 0.03425546362996101
v 0.003601783886551857 0.016638236120343212 0.03506411984562873
v 0.003601783886551857 0.016638236120343212 0.03506411984562873
v 0.003601783886551857 0.016638236120343212 0.03506411984562873
v 0.003601783886551857 0.016638236120343212 0.03506411984562873
v 0.004724014550447464 0.01410082541406155 0.036005798727273934
v 0.004724014550447464 0.01410082541406155 0.036005798727273934
v 0.004724014550447464 0.01410082541406155 0.036005798727273934
v 0.004724014550447464 0.01410082541406155 0.036005798727273934
v 0.0037001878954470158 0.013419836759567264 0.03514669835567474
v 0.0037001878954470158 0.013419836759567264 0.03514669835567474
v 0.0037001878954470158 0.013419836759567264 0.03514669835567474
v 0.0037001878954470158 0.013419836759567264 0.03514669835567474
v 0.004688644781708717 0.010521711781620981 0.03597610816359519
v 0.004688644781708717 0.010521711781620981 0.03597610816359519
v 0.004688644781708717 0.010521711781620981 0.03597610816359519
v 0.004688644781708717 0.010521711781620981 0.03597610816359519
v 0.004688644781708717 0.010521711781620981 0.03597610816359519
v 0.00576139846816659 0.011059267446398737 0.036876223981380456
v 0.00576139846816659 0.011059267446398737 0.036876223981380456
v 0.00576139846816659 0.011059267446398737 0.036876223981380456
v 0.00576139846816659 0.011059267446398737 0.036876223981380456
v 0.00576139846816659 0.011059267446398737 0.036876223981380456
v 0.00576139846816659 0.011059267446398737 0.036876223981380456
v 0.006454971618950367 0.008272722363471987 0.03745825216174125
v 0.006454971618950367 0.008272722363471987 0.03745825216174125
v 0.006454971618950367 0.008272722363471987 0.03745825216174125
v 0.006454971618950367 0.008272722363471987 0.03745825216174125
v 0.005345047451555729 0.007884493097662927 0.03652688860893249
v 0.005345047451555729 0.007884493097662927 0.03652688860893249
v 0.005345047451555729 0.007884493097662927 0.03652688860893249
v 0.005345047451555729 0.007884493097662927 0.03652688860893249
v 0.005345047451555729 0.007884493097662927 0.03652688860893249
v 0.005345047451555729 0.007884493097662927 0.03652688860893249
v 0.005850311368703842 0.004781427793204785 0.03695086762309074
v 0.005850311368703842 0.004781427793204785 0.03695086762309074
v 0.005850311368703842 0.004781427793204785 0.03695086762309074
v 0.005850311368703842 0.004781427793204785 0.03695086762309074
v 0.005850311368703842 0.004781427793204785 0.03695086762309074
v 0.006985245272517204 0.005016081035137177 0.03790320083498954
v 0.006985245272517204 0.005016081035137177 0.03790320083498954
v 0.006985245272517204 0.005016081035137177 0.03790320083498954
v 0.006985245272517204 0.005016081035137177 0.03790320083498954
v 0.006985245272517204 0.005016081035137177 0.03790320083498954
v 0.006985245272517204 0.005016081035137177 0.03790320083498954
v 0.007195908110588789 -0.0017155742971226577 0.03807995840907096
v 0.007195908110588789 -0.0017155742971226577 0.03807995840907096
v 0.007195908110588789 -0.0017155742971226577 0.03807995840907096
v 0.007195908110588789 -0.0017155742971226577 0.03807995840907096
v 0.007195908110588789 -0.0017155742971226577 0.03807995840907096
v 0.007195908110588789 -0.0017155742971226577 0.03807995840907096
v 0.006985245272517204 -0.0041411113925278195 0.03790320083498954
v 0.006985245272517204 -0.0041411113925278195 0.03790320083498954
v 0.006985245272517204 -0.0041411113925278195 0.03790320083498954
v 0.006985245272517204 -0.0041411113925278195 0.03790320083498954
v 0.007060287985950708 0.004331701435148717 0.03796615824103355
v 0.007060287985950708 0.004331701435148717 0.03796615824103355
v 0.007060287985950708 0.004331701435148717 0.03796615824103355
v 0.007060287985950708 0.004331701435148717 0.03796615824103355
v 0.005850311368703842 -0.003906458150595427 0.03695086762309074
v 0.005850311368703842 -0.003906458150595427 0.03695086762309074
v 0.005850311368703842 -0.003906458150595427 0.03695086762309074
v 0.005850311368703842 -0.003906458150595427 0.03695086762309074
v 0.005850311368703842 -0.003906458150595427 0.03695086762309074
v 0.005850311368703842 -0.003906458150595427 0.03695086762309074
v 0.005345047451555729 -0.007009523920714857 0.03652688860893249
v 0.005345047451555729 -0.007009523920714857 0.03652688860893249
v 0.005345047451555729 -0.007009523920714857 0.03652688860893249
v 0.005345047451555729 -0.007009523920714857 0.03652688860893249
v 0.006454971618950367 -0.007397755049169065 0.03745825216174125
v 0.006454971618950367 -0.007397755049169065 0.03745825216174125
v 0.006454971618950367 -0.007397755049169065 0.03745825216174125
v 0.006454971618950367 -0.007397755049169065 0.03745825216174125
v 0.006454971618950367 -0.007397755049169065 0.03745825216174125
v 0.006454971618950367 -0.007397755049169065 0.03745825216174125
v 0.00576139846816659 -0.010184300132095815 0.036876223981380456
v 0.00576139846816659 -0.010184300132095815 0.036876223981380456
v 0.00576139846816659 -0.010184300132095815 0.036876223981380456
v 0.00576139846816659 -0.010184300132095815 0.036876223981380456
v 0.005046219099313021 -0.009825929999351503 0.03627615422010421
v 0.005046219099313021 -0.009825929999351503 0.03627615422010421
v 0.005046219099313021 -0.009825929999351503 0.03627615422010421
v 0.005046219099313021 -0.009825929999351503 0.03627615422010421
v 0.005046219099313021 -0.009825929999351503 0.03627615422010421
v 0.005046219099313021 -0.009825929999351503 0.03627615422010421
v 0.004213577602058649 -0.012325182557106022 0.035577487200498574
v 0.004213577602058649 -0.012325182557106022 0.035577487200498574
v 0.004213577602058649 -0.012325182557106022 0.035577487200498574
v 0.00489619467407465 -0.012779215350747112 0.036150269210338586
v 0.00489619467407465 -0.012779215350747112 0.036150269210338586
v 0.00489619467407465 -0.012779215350747112 0.036150269210338586
v 0.00489619467407465 -0.012779215350747112 0.036150269210338586
v 0.00489619467407465 -0.012779215350747112 0.036150269210338586
v 0.0033915711101144552 -0.016181232407689098 0.03488772734999656
v 0.0033915711101144552 -0.016181232407689098 0.03488772734999656
v 0.0033915711101144552 -0.016181232407689098 0.03488772734999656
v 0.0033915711101144552 -0.016181232407689098 0.03488772734999656
v 0.00404710415750742 -0.014823853969573978 0.035437807440757745
v 0.00404710415750742 -0.014823853969573978 0.035437807440757745
v 0.00404710415750742 -0.014823853969573978 0.035437807440757745
v 0.00404710415750742 -0.014823853969573978 0.035437807440757745
v 0.002749046543613076 -0.015636544674634937 0.034348573535680764
v 0.002749046543613076 -0.015636544674634937 0.034348573535680764
v 0.002749046543613076 -0.015636544674634937 0.034348573535680764
v 0.002749046543613076 -0.015636544674634937 0.034348573535680764
v 0.002749046543613076 -0.015636544674634937 0.034348573535680764
v 0.0015073242830112576 -0.01782748103141785 0.03330667316913604
v 0.0015073242830112576 -0.01782748103141785 0.03330667316913604
v 0.0015073242830112576 -0.01782748103141785 0.03330667316913604
v 0.0015073242830112576 -0.01782748103141785 0.03330667316913604
v 0.0021026611793786287 -0.018456805497407917 0.03380621597170829
v 0.0021026611793786287 -0.018456805497407917 0.03380621597170829
v 0.0021026611793786287 -0.018456805497407917 0.03380621597170829
v 0.0006008148193359375 -0.02063417993485928 0.032546021044254296
v 0.0006008148193359375 -0.02063417993485928 0.032546021044254296
v 0.0006008148193359375 -0.02063417993485928 0.032546021044254296
v 0.0016338119748979807 -0.01918357610702515 0.03341278061270713
v 0.0016338119748979807 -0.01918357610702515 0.03341278061270713
v 0.0016338119748979807 -0.01918357610702515 0.03341278061270713
v 0.0016338119748979807 -0.01918357610702515 0.03341278061270713
v -0.00021170044783502817 -0.019573513418436054 0.03186422958970069
v -0.00021170044783502817 -0.019573513418436054 0.03186422958970069
v -0.00021170044783502817 -0.019573513418436054 0.03186422958970069
v -0.00021170044783502817 -0.019573513418436054 0.03186422958970069
v -0.002017684979364276 -0.021696256473660473 0.030348848551511758
v -0.002017684979364276 -0.021696256473660473 0.030348848551511758
v -0.002017684979364276 -0.021696256473660473 0.030348848551511758
v -0.0012945557245984674 -0.02286198362708092 0.030955597758293145
v -0.0012945557245984674 -0.02286198362708092 0.030955597758293145
v -0.0012945557245984674 -0.02286198362708092 0.030955597758293145
v -0.0012945557245984674 -0.02286198362708092 0.030955597758293145
v -0.0012945557245984674 -0.02286198362708092 0.030955597758293145
v -0.0031103668734431267 -0.024584162980318076 0.029431978240609162
v -0.0031103668734431267 -0.024584162980318076 0.029431978240609162
v -0.0031103668734431267 -0.024584162980318076 0.029431978240609162
v -0.0037361986469477415 -0.023326149210333828 0.028906831517815583
v -0.0037361986469477415 -0.023326149210333828 0.028906831517815583
v -0.0037361986469477415 -0.023326149210333828 0.028906831517815583
v -0.0037361986469477415 -0.023326149210333828 0.028906831517815583
v -0.0037361986469477415 -0.023326149210333828 0.028906831517815583
v -0.005840805359184742 -0.024912344291806228 0.027140870690345757
v -0.005840805359184742 -0.024912344291806228 0.027140870690345757
v -0.005840805359184742 -0.024912344291806228 0.027140870690345757
v -0.005319138057529926 -0.02624886110424996 0.027578584849834435
v -0.005319138057529926 -0.02624886110424996 0.027578584849834435
v -0.005319138057529926 -0.02624886110424996 0.027578584849834435
v -0.005319138057529926 -0.02624886110424996 0.027578584849834435
v -0.007369560655206442 -0.02744057774543763 0.0258580632507801
v -0.007369560655206442 -0.02744057774543763 0.0258580632507801
v -0.007369560655206442 -0.02744057774543763 0.0258580632507801
v -0.006516579072922468 -0.026982877403497703 0.02657379209995269
v -0.006516579072922468 -0.026982877403497703 0.02657379209995269
v -0.006516579072922468 -0.026982877403497703 0.02657379209995269
v -0.006516579072922468 -0.026982877403497703 0.02657379209995269
v -0.006516579072922468 -0.026982877403497703 0.02657379209995269
v -0.007781349588185549 -0.026040200144052512 0.025512544438242905
v -0.007781349588185549 -0.026040200144052512 0.025512544438242905
v -0.007781349588185549 -0.026040200144052512 0.025512544438242905
v -0.007781349588185549 -0.026040200144052512 0.025512544438242905
v -0.007781349588185549 -0.026040200144052512 0.025512544438242905
v -0.010092605836689472 -0.02702052332460881 0.023573150858283036
v -0.010092605836689472 -0.02702052332460881 0.023573150858283036
v -0.010092605836689472 -0.02702052332460881 0.023573150858283036
v -0.009795197285711765 -0.028469419106841094 0.023822724819183343
v -0.009795197285711765 -0.028469419106841094 0.023822724819183343
v -0.009795197285711765 -0.028469419106841094 0.023822724819183343
v -0.009795197285711765 -0.028469419106841094 0.023822724819183343
v -0.009795197285711765 -0.028469419106841094 0.023822724819183343
v -0.01067847479134798 -0.028749886900186546 0.02308157458901405
v -0.01067847479134798 -0.028749886900186546 0.02308157458901405
v -0.01067847479134798 -0.028749886900186546 0.02308157458901405
v -0.020620232447981834 -0.028749886900186546 0.014739410951733586
v -0.020620232447981834 -0.028749886900186546 0.014739410951733586
v -0.020620232447981834 -0.028749886900186546 0.014739410951733586
v -0.020620232447981834 -0.028749886900186546 0.014739410951733586
v -0.021206101402640343 -0.02702052332460881 0.014247833751142022
v -0.021206101402640343 -0.02702052332460881 0.014247833751142022
v -0.021206101402640343 -0.02702052332460881 0.014247833751142022
v -0.021206101402640343 -0.02702052332460881 0.014247833751142022
v -0.021206101402640343 -0.02702052332460881 0.014247833751142022
v -0.021503502503037453 -0.028469419106841094 0.01399826072156429
v -0.021503502503037453 -0.028469419106841094 0.01399826072156429
v -0.021503502503037453 -0.028469419106841094 0.01399826072156429
v -0.023517349734902382 -0.026040200144052512 0.012308471836149689
v -0.023517349734902382 -0.026040200144052512 0.012308471836149689
v -0.023517349734902382 -0.026040200144052512 0.012308471836149689
v -0.02392914704978466 -0.02744057774543763 0.011962921358644959
v -0.02392914704978466 -0.02744057774543763 0.011962921358644959
v -0.02392914704978466 -0.02744057774543763 0.011962921358644959
v -0.02392914704978466 -0.02744057774543763 0.011962921358644959
v -0.025457901880145073 -0.024912344291806228 0.010680145584046839
v -0.025457901880145073 -0.024912344291806228 0.010680145584046839
v -0.025457901880145073 -0.024912344291806228 0.010680145584046839
v -0.02597956173121929 -0.02624886110424996 0.010242432355880736
v -0.02597956173121929 -0.02624886110424996 0.010242432355880736
v -0.02597956173121929 -0.02624886110424996 0.010242432355880736
v -0.014144722372293472 0.030272902920842178 0.020173035562038418
v -0.014144722372293472 0.030272902920842178 0.020173035562038418
v -0.014144722372293472 0.030272902920842178 0.020173035562038418
v -0.014144722372293472 0.030272902920842178 0.020173035562038418
v -0.003150375559926033 -0.026820734143257148 -0.009763824753463267
v -0.003150375559926033 -0.026820734143257148 -0.009763824753463267
v -0.003150375559926033 -0.026820734143257148 -0.009763824753463267
v -0.003150375559926033 -0.026820734143257148 -0.009763824753463267
v -0.003150375559926033 -0.026820734143257148 -0.009763824753463267
v -0.003150375559926033 -0.026820734143257148 -0.009763824753463267
v -0.003150375559926033 -0.026820734143257148 -0.009763824753463267
v -0.024782121181488037 -0.026982877403497703 0.011247192509472368
v -0.024782121181488037 -0.026982877403497703 0.011247192509472368
v -0.024782121181488037 -0.026982877403497703 0.011247192509472368
v -0.024782121181488037 -0.026982877403497703 0.011247192509472368
v -0.0073435138911008835 -0.02438365668058396 -0.013282287865877148
v -0.0073435138911008835 -0.02438365668058396 -0.013282287865877148
v -0.0073435138911008835 -0.02438365668058396 -0.013282287865877148
v -0.0073435138911008835 -0.02438365668058396 -0.013282287865877148
v -0.0073435138911008835 -0.02438365668058396 -0.013282287865877148
v -0.0073435138911008835 -0.02438365668058396 -0.013282287865877148
v -0.011056877672672272 -0.02086177840828896 -0.016398163512349125
v -0.011056877672672272 -0.02086177840828896 -0.016398163512349125
v -0.011056877672672272 -0.02086177840828896 -0.016398163512349125
v -0.011056877672672272 -0.02086177840828896 -0.016398163512349125
v -0.011056877672672272 -0.02086177840828896 -0.016398163512349125
v -0.011056877672672272 -0.02086177840828896 -0.016398163512349125
v -0.011056877672672272 -0.02086177840828896 -0.016398163512349125
v -0.011056877672672272 -0.02086177840828896 -0.016398163512349125
v -0.03293251246213913 -0.01918357610702515 0.004408203531056642
v -0.03293251246213913 -0.01918357610702515 0.004408203531056642
v -0.03293251246213913 -0.01918357610702515 0.004408203531056642
v -0.03293251246213913 -0.01918357610702515 0.004408203531056642
v -0.03293251246213913 -0.01918357610702515 0.004408203531056642
v -0.03526715189218521 -0.014995518140494827 0.002449218882247805
v -0.03526715189218521 -0.014995518140494827 0.002449218882247805
v -0.03526715189218521 -0.014995518140494827 0.002449218882247805
v -0.03526715189218521 -0.014995518140494827 0.002449218882247805
v -0.03526715189218521 -0.014995518140494827 0.002449218882247805
v -0.017841530963778496 -0.005521469283849002 -0.022091187536716458
v -0.017841530963778496 -0.005521469283849002 -0.022091187536716458
v -0.017841530963778496 -0.005521469283849002 -0.022091187536716458
v -0.017841530963778496 -0.005521469283849002 -0.022091187536716458
v -0.017841530963778496 -0.005521469283849002 -0.022091187536716458
v -0.017841530963778496 -0.005521469283849002 -0.022091187536716458
v -0.017841530963778496 -0.005521469283849002 -0.022091187536716458
v -0.03854295611381531 0.0013695774832740428 -0.0002994995156768709
v -0.03854295611381531 0.0013695774832740428 -0.0002994995156768709
v -0.03854295611381531 0.0013695774832740428 -0.0002994995156768709
v -0.03854295611381531 0.0013695774832740428 -0.0002994995156768709
v -0.03854295611381531 0.0013695774832740428 -0.0002994995156768709
v -0.038544267416000366 -0.00043758394895121466 -0.00030062868609093124
v -0.038544267416000366 -0.00043758394895121466 -0.00030062868609093124
v -0.038544267416000366 -0.00043758394895121466 -0.00030062868609093124
v -0.03849739208817482 -0.0016648140735924248 -0.0002612915122881531
v -0.03849739208817482 -0.0016648140735924248 -0.0002612915122881531
v -0.03849739208817482 -0.0016648140735924248 -0.0002612915122881531
v -0.03849739208817482 -0.0016648140735924248 -0.0002612915122881531
v -0.03849739208817482 -0.0016648140735924248 -0.0002612915122881531
v -0.03849739208817482 -0.0016648140735924248 -0.0002612915122881531
v -0.017841530963778496 0.006396437063813211 -0.022091187536716458
v -0.017841530963778496 0.006396437063813211 -0.022091187536716458
v -0.017841530963778496 0.006396437063813211 -0.022091187536716458
v -0.017841530963778496 0.006396437063813211 -0.022091187536716458
v -0.017841530963778496 0.006396437063813211 -0.022091187536716458
v -0.017841530963778496 0.006396437063813211 -0.022091187536716458
v -0.017841530963778496 0.006396437063813211 -0.022091187536716458
v -0.016423149034380913 0.012094957754015926 -0.020901031792163845
v -0.016423149034380913 0.012094957754015926 -0.020901031792163845
v -0.016423149034380913 0.012094957754015926 -0.020901031792163845
v -0.016423149034380913 0.012094957754015926 -0.020901031792163845
v -0.016423149034380913 0.012094957754015926 -0.020901031792163845
v -0.016423149034380913 0.012094957754015926 -0.020901031792163845
v -0.016423149034380913 0.012094957754015926 -0.020901031792163845
v -0.014128167182207108 0.017283987253904346 -0.018975282087922093
v -0.014128167182207108 0.017283987253904346 -0.018975282087922093
v -0.014128167182207108 0.017283987253904346 -0.018975282087922093
v -0.014128167182207108 0.017283987253904346 -0.018975282087922093
v -0.014128167182207108 0.017283987253904346 -0.018975282087922093
v -0.014128167182207108 0.017283987253904346 -0.018975282087922093
v -0.014128167182207108 0.017283987253904346 -0.018975282087922093
v -0.011056877672672272 0.021736746653914455 -0.016398163512349125
v -0.011056877672672272 0.021736746653914455 -0.016398163512349125
v -0.011056877672672272 0.021736746653914455 -0.016398163512349125
v -0.011056877672672272 0.021736746653914455 -0.016398163512349125
v -0.011056877672672272 0.021736746653914455 -0.016398163512349125
v -0.011056877672672272 0.021736746653914455 -0.016398163512349125
v -0.011056877672672272 0.021736746653914455 -0.016398163512349125
v -0.0073435138911008835 0.025258624926209457 -0.013282287865877148
v -0.0073435138911008835 0.025258624926209457 -0.013282287865877148
v -0.0073435138911008835 0.025258624926209457 -0.013282287865877148
v -0.0073435138911008835 0.025258624926209457 -0.013282287865877148
v -0.0073435138911008835 0.025258624926209457 -0.013282287865877148
v -0.0073435138911008835 0.025258624926209457 -0.013282287865877148
v -0.0073435138911008835 0.025258624926209457 -0.013282287865877148
v -0.024782121181488037 0.0278578456491232 0.011247192509472368
v -0.024782121181488037 0.0278578456491232 0.011247192509472368
v -0.024782121181488037 0.0278578456491232 0.011247192509472368
v -0.024782121181488037 0.0278578456491232 0.011247192509472368
v -0.003150375559926033 0.027695700526237495 -0.009763824753463267
v -0.003150375559926033 0.027695700526237495 -0.009763824753463267
v -0.003150375559926033 0.027695700526237495 -0.009763824753463267
v -0.003150375559926033 0.027695700526237495 -0.009763824753463267
v -0.003150375559926033 0.027695700526237495 -0.009763824753463267
v -0.003150375559926033 0.027695700526237495 -0.009763824753463267
v -0.003150375559926033 0.027695700526237495 -0.009763824753463267
v -0.01711389236152172 0.029274180531501777 0.01768161170184612
v -0.01711389236152172 0.029274180531501777 0.01768161170184612
v -0.01711389236152172 0.029274180531501777 0.01768161170184612
v -0.01711389236152172 0.029274180531501777 0.01768161170184612
v 0.0040057068690657616 -0.006562515627592804 0.035403046756982796
v 0.0040057068690657616 -0.006562515627592804 0.035403046756982796
v -0.02477128803730011 0.025462485849857337 0.011256286874413489
v -0.02477128803730011 0.025462485849857337 0.011256286874413489
v -0.006527412682771683 0.025462485849857337 0.026564728468656533
v -0.006527412682771683 0.025462485849857337 0.026564728468656533
v -0.03522780165076256 -0.006562515627592804 0.002482238924130797
v -0.03522780165076256 -0.006562515627592804 0.002482238924130797
v -0.01715397648513317 0.030272902920842178 0.017647949978709217
v -0.01715397648513317 0.030272902920842178 0.017647949978709217
v -0.01715397648513317 0.030272902920842178 0.017647949978709217
v -0.01715397648513317 0.030272902920842178 0.017647949978709217
v -0.01715397648513317 0.030272902920842178 0.017647949978709217
v -0.01715397648513317 0.030272902920842178 0.017647949978709217
v -0.015649354085326195 0.030337486416101463 0.018910493701696392
v -0.015649354085326195 0.030337486416101463 0.018910493701696392
v -0.015649354085326195 0.030337486416101463 0.018910493701696392
v -0.015649354085326195 0.030337486416101463 0.018910493701696392
usemtl matte_steel_002
f 1 8 16
f 21 28 3
f 36 38 43
f 43 38 22
f 44 23 48
f 2 17 19
f 20 18 54
f 24 55 49
f 59 37 33
f 53 65 45
f 46 67 70
f 47 72 41
f 42 73 78
f 40 77 34
f 35 79 83
f 32 80 56
f 88 90 13
f 14 91 94
f 15 96 50
f 51 98 100
f 52 103 64
f 85 11 104
f 106 12 7
f 108 9 110
f 111 10 4
f 113 5 116
f 120 6 30
f 119 29 122
f 129 131 140
f 142 151 136
f 132 150 155
f 134 156 141
f 117 121 158
f 168 171 177
f 180 172 57
f 186 195 202
f 201 194 205
f 196 210 207
f 206 209 215
f 208 216 223
f 222 214 225
f 224 228 235
f 234 227 238
f 237 226 242
f 239 246 249
f 247 241 254
f 248 258 261
f 259 253 267
f 260 268 271
f 270 265 275
f 274 278 285
f 287 144 296
f 295 143 137
f 292 135 281
f 280 133 130
f 279 128 286
f 58 81 181
f 183 82 76
f 182 75 302
f 301 74 69
f 303 71 310
f 68 66 309
f 308 63 102
f 307 101 315
f 314 99 97
f 312 93 321
f 95 92 322
f 319 89 87
f 318 84 324
f 325 86 105
f 107 109 326
f 329 112 114
f 330 115 332
f 335 118 159
f 211 166 217
f 218 167 176
f 219 179 231
f 230 178 300
f 229 299 245
f 244 298 306
f 243 305 257
f 256 304 313
f 255 311 269
f 269 311 320
f 266 316 276
f 277 317 323
f 282 327 293
f 294 328 331
f 297 334 289
f 288 333 157
f 152 146 193
f 191 145 290
f 192 291 165
f 170 212 163
f 164 213 198
f 160 197 190
f 124 31 25
f 169 161 174
f 175 162 124
f 173 123 60
f 61 125 26
f 62 27 39
f 352 356 366
f 371 376 386
f 392 399 404
f 402 398 419
f 403 420 422
f 421 418 428
f 427 417 438
f 426 437 441
f 439 436 448
f 440 449 452
f 450 447 465
f 451 466 468
f 467 464 473
f 472 462 485
f 474 488 498
f 375 369 503
f 508 518 522
f 525 536 540
f 539 535 547
f 538 546 550
f 548 545 556
f 549 557 560
f 559 555 574
f 558 573 577
f 576 572 585
f 575 584 588
f 586 583 599
f 587 600 604
f 601 598 610
f 602 611 615
f 613 609 622
f 612 621 626
f 625 620 633
f 623 632 637
f 636 631 643
f 635 642 512
f 510 641 651
f 507 650 517
f 655 669 528
f 527 668 674
f 526 673 537
f 678 686 691
f 690 685 708
f 353 713 716
f 714 712 679
f 715 681 721
f 357 355 725
f 729 737 367
f 742 757 739
f 774 778 781
f 783 779 756
f 801 805 808
f 810 806 772
f 815 824 799
f 800 807 816
f 817 809 825
f 817 825 831
f 832 826 833
f 832 833 839
f 840 834 842
f 840 842 848
f 847 841 850
f 847 850 856
f 855 849 859
f 855 859 864
f 863 857 867
f 863 867 872
f 870 865 875
f 870 875 881
f 878 873 884
f 878 884 889
f 887 882 892
f 887 892 898
f 895 890 901
f 896 902 908
f 905 899 912
f 905 912 918
f 915 909 921
f 915 921 926
f 924 919 929
f 924 929 934
f 773 780 811
f 812 784 935
f 812 935 827
f 828 936 939
f 828 939 835
f 836 940 945
f 836 945 844
f 843 944 950
f 843 950 852
f 851 948 954
f 851 954 860
f 858 952 958
f 858 958 868
f 866 956 962
f 866 962 876
f 874 960 967
f 874 967 885
f 883 964 971
f 883 971 893
f 891 969 975
f 891 975 903
f 900 973 979
f 900 979 913
f 910 977 983
f 911 984 922
f 920 981 988
f 920 988 930
f 755 740 782
f 785 743 990
f 785 990 937
f 938 992 994
f 938 994 941
f 943 995 1002
f 942 1001 947
f 946 998 1006
f 946 1006 951
f 949 1004 1010
f 949 1010 955
f 953 1008 1015
f 953 1015 959
f 957 1012 1019
f 957 1019 963
f 961 1017 1023
f 961 1023 968
f 965 1021 1027
f 966 1028 972
f 970 1025 1032
f 970 1032 976
f 974 1030 1036
f 974 1036 980
f 978 1034 1040
f 978 1040 985
f 982 1038 1044
f 982 1044 989
f 738 730 741
f 744 733 1047
f 744 1047 991
f 993 1049 1052
f 993 1052 996
f 997 1053 1057
f 997 1057 1003
f 1000 1056 1062
f 999 1061 1007
f 1005 1059 1066
f 1005 1066 1011
f 1009 1064 1070
f 1009 1070 1016
f 1014 1068 1075
f 1013 1074 1020
f 1018 1071 1078
f 1018 1078 1024
f 1022 1076 1082
f 1022 1082 1029
f 1026 1080 1086
f 1026 1086 1033
f 1031 1084 1090
f 1031 1090 1037
f 1035 1088 1094
f 1035 1094 1041
f 1039 1092 1098
f 1039 1098 1045
f 396 1102 416
f 416 1102 1108
f 415 1106 434
f 435 1107 1112
f 433 1111 446
f 446 1111 1116
f 445 1113 461
f 461 1113 1117
f 463 1118 486
f 486 1118 501
f 487 502 489
f 490 505 370
f 368 358 731
f 732 359 727
f 732 727 1046
f 1048 728 1123
f 1048 1123 1050
f 1051 1124 1128
f 1051 1128 1055
f 1054 1127 1132
f 1054 1132 1060
f 1058 1131 1136
f 1058 1136 1065
f 1063 1134 1140
f 1063 1140 1069
f 1067 1138 1144
f 1067 1144 1073
f 1072 1142 1148
f 1072 1148 1079
f 1077 1146 1152
f 1077 1152 1083
f 1081 1149 1155
f 1081 1155 1087
f 1085 1153 1159
f 1085 1159 1091
f 1089 1157 1163
f 1089 1163 1095
f 1093 1161 1167
f 1093 1167 1099
f 1100 1171 1105
f 1105 1171 1176
f 1104 1173 1109
f 1109 1173 1177
f 1110 1178 1114
f 1114 1178 1181
f 1115 1182 1119
f 1119 1182 1185
f 1120 1186 504
f 504 1186 1189
f 506 1190 377
f 377 1190 1193
f 378 1194 387
f 388 1195 519
f 389 520 1201
f 1202 521 516
f 354 717 724
f 726 718 722
f 726 722 1121
f 1122 723 1206
f 1122 1206 1126
f 1125 1205 1210
f 1125 1210 1130
f 1129 1209 1214
f 1129 1214 1135
f 1133 1213 1218
f 1133 1218 1139
f 1137 1216 1222
f 1137 1222 1143
f 1141 1220 1226
f 1141 1226 1147
f 1145 1224 1230
f 1145 1230 1151
f 1150 1228 1234
f 1150 1234 1156
f 1154 1231 1237
f 1154 1237 1160
f 1158 1235 1241
f 1158 1241 1164
f 1162 1239 1245
f 1162 1245 1168
f 680 692 719
f 720 693 1250
f 720 1250 1204
f 1203 1249 1254
f 1203 1254 1208
f 1207 1253 1258
f 1207 1258 1212
f 1211 1257 1262
f 1211 1262 1217
f 1215 1261 1266
f 1215 1266 1221
f 1219 1265 1270
f 1219 1270 1225
f 1223 1268 1274
f 1223 1274 1229
f 1227 1272 1279
f 1227 1279 1233
f 1232 1277 1283
f 1232 1283 1238
f 1236 1280 1286
f 1236 1286 1242
f 1240 1284 1290
f 1240 1290 1246
f 707 657 689
f 688 656 531
f 687 530 1248
f 1247 529 542
f 1247 542 1252
f 1251 541 552
f 1251 552 1256
f 1255 551 562
f 1255 562 1260
f 1259 561 579
f 1259 579 1264
f 1263 578 590
f 1263 590 1269
f 1267 589 605
f 1267 605 1273
f 1271 603 616
f 1271 616 1278
f 1275 614 627
f 1276 628 1282
f 1281 624 638
f 1281 638 1287
f 1285 634 511
f 1285 511 1291
f 1289 509 524
f 1288 523 1244
f 1244 523 1197
f 1243 1196 1166
f 1166 1196 1192
f 1165 1191 1097
f 1097 1191 1188
f 1096 1187 1043
f 1043 1187 1184
f 1042 1183 987
f 987 1183 1180
f 986 1179 928
f 928 1179 1175
f 927 1174 932
f 932 1174 1170
f 1293 1296 1300
f 1307 1311 1319
f 1324 1329 1334
f 1338 1342 1349
f 1351 1343 187
f 189 1344 1353
f 188 1352 147
f 199 204 383
f 382 203 221
f 381 220 233
f 232 236 379
f 390 240 251
f 391 252 373
f 372 250 262
f 374 264 499
f 491 263 272
f 492 273 283
f 284 126 493
f 494 127 138
f 495 139 153
f 1365 1371 1376
f 1380 1384 1388
f 1388 1384 1361
f 1389 1362 1392
f 1393 1364 1375
f 644 1360 515
f 514 1359 1340
f 513 1339 1200
f 1198 1337 1348
f 1199 1350 385
f 380 1347 184
f 384 185 200
f 1397 1407 591
f 1415 1419 1424
f 1424 1419 1428
f 1425 1429 1434
f 1435 1431 1441
f 1440 1430 1399
f 1442 1400 1447
f 1449 1454 648
f 647 1453 1460
f 645 1458 1363
f 1367 1459 1466
f 1366 1465 1373
f 593 1408 608
f 606 1406 1469
f 607 1470 619
f 617 1468 1477
f 618 1478 630
f 1450 649 1475
f 1474 646 639
f 1476 640 629
f 1448 1401 1483
f 1482 1398 592
f 1484 594 1486
f 1493 1502 1508
f 1509 1503 1512
f 1492 1521 1501
f 1499 1520 1528
f 1498 1527 1533
f 564 1506 582
f 581 1500 1535
f 580 1534 597
f 596 1532 1539
f 595 1538 1487
f 1542 1513 1546
f 1547 1514 1504
f 1548 1507 1554
f 1553 1505 563
f 1559 1563 1569
f 1569 1563 1571
f 1570 1572 1580
f 1581 1573 1585
f 1579 1584 659
f 658 1583 1591
f 660 1592 672
f 670 1590 1599
f 671 1600 534
f 532 1598 1607
f 566 553 1604
f 1605 554 543
f 1608 544 533
f 1606 1612 571
f 570 1611 1616
f 569 1615 1623
f 1622 1629 568
f 567 1628 1633
f 565 1632 1555
f 1634 1640 697
f 696 1639 1646
f 1645 1651 695
f 694 1650 1656
f 698 1657 654
f 653 1655 1662
f 652 1661 667
f 1660 1667 666
f 665 1666 1672
f 664 1671 1677
f 1676 1685 663
f 662 1684 1690
f 661 1689 1582
f 1692 1697 1703
f 1692 1703 341
f 339 1702 1708
f 338 1707 1714
f 1713 1719 337
f 336 1718 1724
f 340 1725 711
f 709 1723 1729
f 710 1730 677
f 676 1728 1736
f 675 1734 683
f 684 1735 1742
f 682 1740 700
f 706 1741 1748
f 1747 1754 705
f 704 1753 1760
f 703 1759 1765
f 1768 1635 1333
f 1333 1635 699
f 1335 701 1325
f 1326 702 1764
f 1773 1778 1781
f 1785 1790 348
f 1796 1801 362
f 364 1802 1810
f 363 1809 351
f 350 1808 1815
f 349 1814 1786
f 1789 1819 347
f 346 1818 1823
f 345 1822 1828
f 1833 1693 1837
f 1838 1694 342
f 1839 343 1842
f 1843 344 1827
f 1847 769 1854
f 1853 768 1858
f 1853 1858 1862
f 1848 1865 770
f 771 1866 1873
f 767 1872 775
f 776 1874 1878
f 777 1879 745
f 1880 1883 746
f 747 1884 1887
f 748 1888 1893
f 1894 1897 749
f 750 1898 1902
f 751 1903 1906
f 1914 796 1920
f 1919 794 1924
f 1919 1924 1928
f 1915 1930 797
f 798 1931 1938
f 795 1937 802
f 803 1939 1943
f 804 1945 760
f 758 1944 1948
f 759 1949 1952
f 1953 1958 761
f 762 1959 1962
f 763 1963 1967
f 1972 1857 1976
f 1976 1857 766
f 1975 765 1980
f 1979 764 1968
f 1988 2000 2011
f 2010 1999 2013
f 2010 2013 2018
f 1989 2024 2001
f 2003 2025 2030
f 2002 2029 818
f 2035 786 2042
f 2043 791 821
f 2041 820 2047
f 2046 819 2031
f 2036 2050 787
f 788 2051 2054
f 789 2055 2059
f 2064 1923 2068
f 2068 1923 793
f 2067 792 2072
f 2071 790 2060
f 2079 2092 2100
f 2099 2090 2104
f 2099 2104 2108
f 2081 2116 2093
f 2094 2117 2121
f 2091 2120 2126
f 2127 2122 2131
f 2128 2133 1992
f 1990 2132 2136
f 1991 2137 2140
f 2141 2146 1993
f 1994 2147 2150
f 1995 2151 2155
f 2159 2012 2164
f 2164 2012 1998
f 2163 1997 2168
f 2167 1996 2156
f 2173 2188 2196
f 2195 2187 2200
f 2195 2200 2206
f 2174 2212 2189
f 2191 2213 2217
f 2190 2216 2222
f 2229 2082 2236
f 2237 2087 2225
f 2235 2224 2241
f 2240 2223 2218
f 2230 2244 2083
f 2084 2245 2248
f 2085 2249 2253
f 2257 2103 2263
f 2262 2102 2089
f 2261 2088 2267
f 2266 2086 2254
f 2272 2275 2291
f 2277 2300 2292
f 2293 2301 2306
f 2289 2305 2311
f 2312 2307 2316
f 2313 2318 2180
f 2178 2317 2321
f 2179 2322 2325
f 2326 2331 2181
f 2182 2332 2335
f 2183 2336 2340
f 2344 2199 2350
f 2350 2199 2186
f 2349 2185 2354
f 2353 2184 2341
f 2359 2363 2368
f 2369 2373 2382
f 2383 2374 2393
f 2384 2394 2398
f 2399 2402 2385
f 2386 2403 2407
f 2381 2406 2412
f 2413 2408 2417
f 2414 2419 2284
f 2281 2418 2423
f 2282 2424 2428
f 2429 2434 2283
f 2285 2435 2439
f 2286 2440 2443
f 2450 2271 1301
f 1301 2271 2290
f 1300 2288 1293
f 1292 2287 2444
f 2461 2469 2478
f 2478 2469 2482
f 2477 2489 2460
f 2459 2488 2494
f 2458 2493 2498
f 2497 2501 2457
f 2455 2500 2505
f 2456 2506 2516
f 2518 2391 2512
f 2504 2527 2515
f 2514 2526 2533
f 2513 2531 2520
f 2525 2532 2539
f 2524 2538 2544
f 2543 2549 2523
f 2522 2548 2553
f 2521 2552 2558
f 2368 2380 2359
f 2358 2379 2517
f 2358 2517 2561
f 2562 2519 2557
f 2562 2557 2566
f 2575 2581 2593
f 2594 2583 2595
f 2594 2595 2603
f 2574 2611 2580
f 2579 2610 2614
f 2582 2615 2622
f 2621 2613 2625
f 2620 2624 2633
f 2632 2623 2637
f 2631 2635 2643
f 2642 2634 2649
f 2650 2636 2653
f 2648 2651 2462
f 2652 2659 2468
f 2467 2658 2663
f 2466 2662 2668
f 2671 2470 2675
f 2675 2470 2463
f 2676 2464 2679
f 2680 2465 2667
f 2689 2695 2706
f 2708 2696 2710
f 2707 2709 2718
f 2688 2726 2694
f 2691 2725 2729
f 2690 2728 2734
f 2588 2738 2744
f 2747 2596 2752
f 2752 2596 2585
f 2753 2586 2756
f 2757 2587 2743
f 2766 2772 2783
f 2784 2773 2785
f 2784 2785 2793
f 2765 2801 2771
f 2769 2800 2805
f 2770 2806 2812
f 2811 2803 2815
f 2810 2813 2822
f 2823 2814 2826
f 2821 2824 2833
f 2834 2825 2838
f 2832 2835 2847
f 2848 2836 2699
f 2846 2693 2854
f 2853 2692 2735
f 2852 2732 2859
f 2860 2733 2863
f 2858 2861 2870
f 2871 2862 2874
f 2869 2872 2584
f 2590 2873 2880
f 2589 2879 2739
f 2837 2884 2703
f 2702 2883 2888
f 2701 2887 2893
f 2896 2711 2900
f 2900 2711 2697
f 2901 2698 2904
f 2905 2700 2892
f 2913 2924 2933
f 2932 2940 2912
f 2911 2939 2945
f 2914 2946 2953
f 2952 2944 2957
f 2951 2956 2963
f 2962 2955 2967
f 2961 2966 2973
f 2972 2964 2979
f 2980 2965 2983
f 2978 2981 2774
f 2982 2989 2780
f 2779 2988 2993
f 2778 2992 2998
f 3002 2786 3007
f 3007 2786 2775
f 3008 2776 3010
f 3011 2777 2997
f 3021 3028 3038
f 3037 3027 3047
f 3036 3046 3052
f 3055 2919 3061
f 3060 2917 3033
f 3062 3034 3066
f 3067 3035 3051
f 3054 3069 2918
f 2916 3068 3075
f 2915 3074 2928
f 2923 3073 3080
f 3086 3088 3093
f 3081 3099 2925
f 2926 3100 3084
f 2927 3085 3103
f 3104 3086 3093
f 3108 3114 3120
f 3118 3113 3127
f 3119 3128 3135
f 3134 3126 3141
f 3144 3150 3156
f 3155 3149 3162
f 3166 3170 3019
f 3020 3171 3174
f 3022 3176 3160
f 3159 3175 3180
f 3161 3181 3154
f 3165 3018 3184
f 3188 3023 3040
f 3187 3039 3138
f 3139 3041 3191
f 3140 3192 3133
f 3205 3209 3217
f 3217 3223 3205
f 3201 3222 3226
f 3203 3228 3123
f 3122 3227 3234
f 3121 3233 3109
f 3239 3196 3243
f 3245 3206 3250
f 3244 3248 3253
f 3255 3249 3263
f 3254 3262 3268
f 3267 3261 3273
f 3240 3276 3197
f 3198 3277 3281
f 3199 3282 3285
f 3289 3208 3295
f 3295 3208 3204
f 3294 3202 3300
f 3299 3200 3286
f 3301 3308 3314
f 3318 3312 3327
f 3331 3336 3342
f 3342 3336 3348
f 3328 3352 3320
f 3321 3353 3356
f 3322 3358 3346
f 3345 3357 3362
f 3347 3363 3341
f 3369 3375 3379
f 3319 3387 3305
f 3307 3388 3372
f 3306 3371 3394
f 3393 3370 3380
f 3272 3260 3391
f 3390 3259 3401
f 3389 3400 3373
f 3404 3408 3416
f 3416 3408 3424
f 3415 3423 3429
f 3428 3421 3433
f 3432 3420 3438
f 3439 3422 3447
f 3437 3445 3454
f 3449 3456 413
f 414 3457 3461
f 3374 3368 3463
f 3462 3367 395
f 3460 394 411
f 432 3469 424
f 423 3468 3475
f 425 3479 407
f 3482 3486 3493
f 3493 3486 3500
f 3492 3499 3506
f 3505 3497 3510
f 3509 3496 3515
f 3516 3498 3520
f 3514 3518 3528
f 3527 3517 3473
f 3476 3519 3529
f 3478 3530 405
f 406 3531 3535
f 408 3536 3540
f 3541 3544 409
f 410 3545 3552
f 412 3553 3448
f 3440 3549 3556
f 3443 3560 3453
f 3562 3575 3580
f 3584 3586 3595
f 3595 3586 3599
f 3581 3605 3563
f 3564 3606 3609
f 3566 3611 3597
f 3596 3610 3615
f 3598 3616 3594
f 3572 3561 3617
f 3619 3565 457
f 3618 456 3624
f 3567 3627 459
f 460 3628 3635
f 458 3634 442
f 444 3636 3641
f 443 3640 429
f 430 3642 3645
f 431 3646 3467
f 3655 3661 484
f 3670 3673 3681
f 3681 3673 3685
f 3691 3695 3651
f 3652 3696 3699
f 3654 3701 3683
f 3682 3700 3705
f 3684 3706 3680
f 482 3660 469
f 471 3662 3708
f 470 3707 453
f 454 3709 3713
f 455 3714 3623
f 154 148 496
f 497 149 1354
f 500 1356 476
f 475 1355 3718
f 3725 3728 3720
f 3720 3728 3734
f 3735 3739 3721
f 3719 3738 3744
f 3722 3745 477
f 478 3746 3752
f 479 3753 3757
f 3758 3761 480
f 481 3762 3766
f 483 3767 3653
f 3649 3765 3771
f 3650 3773 3690
f 1907 1305 752
f 753 1306 1318
f 754 1321 735
f 734 1320 1774
f 736 1775 365
f 360 1773 1781
f 361 1782 1795
f 3031 3780 3190
f 2909 2948 3782
f 3788 2006 822
f 2097 2129 3792
f 3795 2130 2005
f 3799 2228 2095
f 3806 2194 2227
f 3810 2315 2193
f 3815 2416 2295
f 2453 2510 3818
f 3820 2511 2387
f 3824 2629 3829
f 3830 2630 2640
f 3831 2641 2644
f 3838 2820 3846
f 3844 2818 2830
f 3845 2831 3851
f 3849 2829 2844
f 3850 2845 3856
f 3855 2843 2851
f 3854 2850 3861
f 3860 2849 2857
f 3859 2856 3866
f 3865 2855 2868
f 3864 2867 3871
f 3870 2866 2578
f 3869 2576 3827
f 3828 2577 2619
f 3823 2618 2628
f 2974 2768 3840
f 3839 2767 2809
f 3836 2808 2819
f 2959 2971 3876
f 3873 2970 2976
f 3874 2977 3881
f 3879 2975 3841
f 3783 2949 3886
f 3777 3030 3891
f 3896 3898 3131
f 3906 3247 3194
f 400 393 3364
f 2454 3819 2647
f 2646 3817 3909
f 2645 3908 3834
f 3833 3907 3914
f 3832 3913 3826
f 3825 3912 3918
f 3825 3918 3868
f 3867 3917 3922
f 3867 3922 3863
f 3862 3921 3925
f 3862 3925 3857
f 3858 3928 3931
f 3858 3931 3852
f 3853 3932 3935
f 3853 3935 3847
f 3848 3936 3939
f 3848 3939 3842
f 3843 3940 3943
f 3843 3943 3835
f 3837 3944 3946
f 3837 3946 3878
f 3880 3948 3883
f 3880 3883 3872
f 3875 3885 2947
f 3877 2950 2960
f 2415 3813 2390
f 2389 3812 3951
f 2388 3949 3821
f 3822 3950 3955
f 3822 3955 3911
f 3910 3954 3959
f 3910 3959 3916
f 3915 3958 3963
f 3915 3963 3920
f 3919 3962 3967
f 3919 3967 3924
f 3923 3966 3971
f 3923 3971 3927
f 3926 3970 3975
f 3926 3975 3930
f 3929 3974 3978
f 3929 3978 3933
f 3934 3981 3984
f 3934 3984 3937
f 3938 3985 3987
f 3938 3987 3941
f 3942 3989 3991
f 3942 3991 3945
f 3947 3993 3995
f 3947 3995 3882
f 3884 3997 3888
f 3884 3888 3781
f 3784 3890 3029
f 3785 3032 2910
f 2314 3808 2297
f 2296 3807 4000
f 2294 3998 3814
f 3816 3999 4003
f 3816 4003 3952
f 3953 4004 4008
f 3953 4008 3957
f 3956 4007 4012
f 3956 4012 3961
f 3960 4011 4016
f 3960 4016 3965
f 3964 4015 4020
f 3964 4020 3969
f 3968 4019 4024
f 3968 4024 3973
f 3972 4023 4028
f 3972 4028 3977
f 3976 4027 4032
f 3976 4032 3980
f 3979 4031 4036
f 3979 4036 3983
f 3982 4035 4039
f 3982 4039 3986
f 3988 4042 4044
f 3988 4044 3990
f 3992 4046 4048
f 3992 4048 3994
f 3996 4050 4052
f 3996 4052 3887
f 3889 4054 3893
f 3889 3893 3776
f 3778 3895 3129
f 3779 3130 3189
f 2192 3802 3809
f 3811 3803 4055
f 3811 4055 4001
f 4002 4056 4059
f 4002 4059 4005
f 4006 4060 4064
f 4006 4064 4010
f 4009 4063 4068
f 4009 4068 4014
f 4013 4067 4072
f 4013 4072 4018
f 4017 4071 4076
f 4017 4076 4022
f 4021 4075 4080
f 4021 4080 4026
f 4025 4079 4084
f 4025 4084 4030
f 4029 4083 4088
f 4029 4088 4034
f 4033 4087 4093
f 4033 4093 4038
f 4037 4091 4096
f 4037 4096 4040
f 4041 4098 4100
f 4041 4100 4043
f 4045 4102 4104
f 4045 4104 4047
f 4049 4106 4108
f 4049 4108 4051
f 4053 4110 4112
f 4053 4112 3892
f 3894 4114 4116
f 3894 4116 3897
f 3900 4119 3117
f 3899 3115 3132
f 2226 3797 3804
f 3805 3798 4120
f 3805 4120 4057
f 4058 4121 4124
f 4058 4124 4061
f 4062 4125 4129
f 4062 4129 4066
f 4065 4128 4133
f 4065 4133 4070
f 4069 4132 4137
f 4069 4137 4074
f 4073 4136 4141
f 4073 4141 4078
f 4077 4140 4145
f 4077 4145 4082
f 4081 4144 4149
f 4081 4149 4086
f 4085 4148 4154
f 4085 4154 4090
f 4089 4152 4158
f 4089 4158 4094
f 4092 4156 4163
f 4092 4163 4097
f 4095 4160 4166
f 4095 4166 4099
f 4101 4168 4170
f 4101 4170 4103
f 4105 4172 4174
f 4105 4174 4107
f 4109 4176 4178
f 4109 4178 4111
f 4113 4181 3902
f 4113 3902 4115
f 4117 3905 3193
f 4118 3195 3116
f 2096 3791 3800
f 3801 3793 4182
f 3801 4182 4122
f 4123 4183 4186
f 4123 4186 4126
f 4127 4187 4191
f 4127 4191 4131
f 4130 4190 4195
f 4130 4195 4135
f 4134 4194 4199
f 4134 4199 4139
f 4138 4198 4203
f 4138 4203 4143
f 4142 4202 4208
f 4142 4208 4147
f 4146 4207 4213
f 4146 4213 4151
f 4150 4211 4217
f 4150 4217 4155
f 4153 4215 4221
f 4153 4221 4159
f 4157 4219 4226
f 4157 4226 4164
f 4162 4223 4231
f 4161 4230 4167
f 4165 4228 4233
f 4165 4233 4169
f 4171 4236 4238
f 4171 4238 4173
f 4175 4240 4242
f 4175 4242 4177
f 4180 4244 4247
f 4179 4246 3901
f 3903 4249 3256
f 3904 3258 3246
f 2004 3786 3794
f 3796 3787 4251
f 3796 4251 4184
f 4185 4252 4255
f 4185 4255 4188
f 4189 4256 4260
f 4189 4260 4193
f 4192 4259 4264
f 4192 4264 4197
f 4196 4263 4268
f 4196 4268 4201
f 4200 4267 4272
f 4200 4272 4206
f 4205 4271 4279
f 4204 4278 4210
f 4209 4276 4283
f 4209 4283 4214
f 4212 4281 4288
f 4212 4288 4218
f 4216 4285 4293
f 4216 4293 4222
f 4220 4290 4297
f 4220 4297 4227
f 4224 4295 4301
f 4225 4302 4232
f 4229 4299 4305
f 4229 4305 4234
f 4235 4307 4309
f 4235 4309 4237
f 4239 4311 4313
f 4239 4313 4241
f 4243 4315 4317
f 4243 4317 4245
f 4248 4319 3397
f 4250 3399 3257
f 823 813 3789
f 3790 814 829
f 3790 829 4253
f 4254 830 837
f 4254 837 4257
f 4258 838 846
f 4258 846 4262
f 4261 845 854
f 4261 854 4266
f 4265 853 862
f 4265 862 4270
f 4269 861 871
f 4269 871 4275
f 4274 869 880
f 4273 879 4280
f 4277 877 888
f 4277 888 4284
f 4282 886 897
f 4282 897 4289
f 4287 894 907
f 4286 906 4294
f 4292 904 917
f 4291 916 4298
f 4296 914 925
f 4296 925 4303
f 4300 923 933
f 4300 933 4306
f 4304 931 1169
f 4304 1169 4308
f 4310 1172 1101
f 4310 1101 4312
f 4314 1103 397
f 4314 397 4316
f 4318 401 3365
f 4320 3366 3398
f 4324 4328 4331
f 4334 4338 4341
f 4331 4328 4338
f 4337 4327 4344
f 4338 4345 4341
f 4348 4351 4354
f 4355 4359 4362
f 4363 4360 4334
f 4363 4334 4367
f 4367 4334 4341
f 4331 4372 4324
f 4323 4371 4348
f 4323 4348 4375
f 4375 4348 4354
f 4378 4383 4386
f 4389 4392 4395
f 4395 4392 4378
f 4395 4378 4398
f 4398 4378 4386
f 4400 4403 4406
f 4378 4412 4383
f 4381 4411 4415
f 4382 4416 4420
f 4421 4417 4401
f 4421 4401 4424
f 4423 4400 4406
f 4439 4443 4447
f 4451 4442 4437
f 4455 4450 4435
f 4459 4454 4433
f 4434 4462 4467
f 4470 4463 4436
f 4446 4471 4438
f 4426 4474 4478
f 4482 4475 4428
f 4486 4483 4430
f 4466 4487 4432
f 4431 4491 4458
f 4495 4490 4429
f 4479 4494 4427
f 4509 4513 4517
f 4521 4512 4507
f 4525 4520 4505
f 4529 4524 4503
f 4504 4532 4537
f 4540 4533 4506
f 4516 4541 4508
f 4496 4544 4548
f 4552 4545 4498
f 4556 4553 4500
f 4536 4557 4502
f 4501 4561 4528
f 4565 4560 4499
f 4549 4564 4497
f 4579 4583 4587
f 4591 4582 4577
f 4595 4590 4575
f 4599 4594 4573
f 4574 4602 4607
f 4610 4603 4576
f 4586 4611 4578
f 4566 4614 4618
f 4622 4615 4568
f 4626 4623 4570
f 4606 4627 4572
f 4571 4631 4598
f 4635 4630 4569
f 4619 4634 4567
f 4637 4647 4654
f 4660 4667 4655
f 4653 4666 4672
f 4652 4671 4636
f 4676 4680 4644
f 4645 4681 4684
f 4646 4685 4651
f 4689 4694 4642
f 4641 4693 4700
f 4643 4701 4675
f 4705 4708 4657
f 4657 4708 4714
f 4656 4713 4661
f 4718 4723 4730
f 4740 4744 4754
f 4755 4745 4757
f 4753 4756 4763
f 4762 4720 4752
f 4751 4719 4732
f 4750 4729 4734
f 4735 4731 4768
f 4736 4769 4772
f 4777 4780 4786
f 4786 4780 4739
f 4785 4738 4791
f 4790 4737 4773
f 4794 4799 4806
f 4816 4820 4830
f 4831 4821 4833
f 4829 4832 4839
f 4838 4796 4828
f 4827 4795 4808
f 4826 4805 4810
f 4811 4807 4845
f 4812 4846 4849
f 4853 4856 4863
f 4863 4856 4815
f 4862 4814 4868
f 4867 4813 4850
f 4871 4876 4883
f 4893 4897 4907
f 4908 4898 4910
f 4906 4909 4916
f 4915 4873 4905
f 4904 4872 4885
f 4903 4882 4887
f 4888 4884 4922
f 4889 4923 4927
f 4929 4933 4941
f 4941 4933 4892
f 4940 4891 4946
f 4945 4890 4928
f 4947 4952 4958
f 4969 4973 4983
f 4984 4974 4986
f 4982 4985 4992
f 4991 4949 4981
f 4980 4948 4960
f 4979 4957 4963
f 4964 4959 4997
f 4965 4998 5003
f 5007 5010 5019
f 5019 5010 4968
f 5018 4967 5023
f 5022 4966 5004
f 5024 5029 5035
f 5046 5050 5060
f 5061 5051 5063
f 5059 5062 5069
f 5068 5026 5058
f 5057 5025 5037
f 5056 5034 5040
f 5041 5036 5073
f 5042 5074 5078
f 5084 5088 5096
f 5096 5088 5045
f 5095 5044 5100
f 5099 5043 5079
f 5101 5106 5112
f 5123 5127 5137
f 5138 5128 5140
f 5136 5139 5146
f 5145 5103 5135
f 5134 5102 5114
f 5133 5111 5117
f 5118 5113 5150
f 5119 5151 5154
f 5161 5165 5173
f 5173 5165 5122
f 5172 5121 5176
f 5175 5120 5155
f 5178 5183 5188
f 5201 5205 5213
f 5214 5206 5216
f 5215 5217 5223
f 5222 5180 5212
f 5211 5179 5191
f 5210 5189 5197
f 5198 5190 5227
f 5199 5228 5231
f 5237 5243 5247
f 5247 5243 5203
f 5246 5202 5252
f 5251 5200 5232
f 5256 5261 5271
f 5281 5285 5272
f 5270 5284 5290
f 5269 5289 5255
f 5295 5299 5263
f 5264 5300 5303
f 5265 5304 5275
f 5308 5313 5260
f 5259 5312 5318
f 5262 5319 5294
f 5324 5330 5274
f 5274 5330 5337
f 5273 5336 5282
f 5339 5345 5355
f 5367 5371 5356
f 5353 5370 5374
f 5354 5375 5338
f 5379 5383 5347
f 5348 5384 5387
f 5349 5388 5360
f 5392 5397 5344
f 5343 5396 5402
f 5346 5403 5378
f 5407 5412 5358
f 5359 5413 5421
f 5357 5420 5368
f 5422 5427 5432
f 5440 5443 5454
f 5455 5444 5458
f 5453 5456 5462
f 5445 5424 5460
f 5459 5423 5435
f 5457 5433 5463
f 5464 5434 5471
f 5465 5472 5475
f 5480 5484 5491
f 5491 5484 5469
f 5490 5468 5496
f 5495 5466 5476
f 5499 5504 5509
f 5517 5520 5529
f 5530 5521 5535
f 5528 5533 5538
f 5522 5501 5537
f 5536 5500 5512
f 5534 5510 5539
f 5540 5511 5548
f 5541 5549 5552
f 5557 5563 5568
f 5568 5563 5544
f 5567 5543 5573
f 5572 5542 5553
f 5576 5581 5586
f 5594 5597 5606
f 5607 5598 5612
f 5605 5611 5616
f 5599 5578 5615
f 5614 5577 5589
f 5613 5587 5617
f 5618 5588 5626
f 5619 5627 5630
f 5635 5641 5646
f 5646 5641 5622
f 5645 5621 5651
f 5650 5620 5631
f 5654 5657 5660
f 5663 5666 5669
f 5672 5675 5678
f 5681 5654 5684
f 5684 5654 5660
f 5684 5660 5687
f 5687 5660 5690
f 5678 5663 5672
f 5672 5663 5669
f 5672 5669 5657
f 5657 5669 5693
f 5657 5693 5660
f 5699 5703 5708
f 5708 5703 5713
f 5707 5712 5716
f 5716 5712 5721
f 5717 5722 5726
f 5728 5732 5699
f 5735 5722 5739
f 5739 5722 5743
f 5740 5744 5748
f 5735 5752 5722
f 5722 5752 5756
f 5722 5756 5759
f 5763 5767 5722
f 5722 5767 5771
f 5722 5771 5726
f 5775 5779 5698
f 5699 5780 5784
f 5699 5784 5787
f 5787 5789 5699
f 5699 5789 5792
f 5699 5792 5796
f 5732 5801 5699
f 5699 5801 5805
f 5699 5805 5703
f 5759 5808 5722
f 5722 5808 5812
f 5722 5812 5763
f 5796 5813 5699
f 5699 5813 5816
f 5699 5816 5728
f 4343 5821 4339
f 4339 5821 5824
f 4340 5825 4366
f 4366 5825 5829
f 4368 5830 4364
f 4364 5830 5834
f 4365 5835 4357
f 4357 5835 5839
f 4356 5838 4361
f 4361 5838 5843
f 4358 5842 4333
f 4333 5842 5847
f 4332 5846 4336
f 4336 5846 5851
f 4329 4335 5855
f 5855 4335 5850
f 4330 5856 4369
f 4369 5856 5859
f 4370 5860 4346
f 4346 5860 5865
f 4347 5866 4349
f 4349 5866 5870
f 4350 5871 4353
f 4353 5871 5875
f 4352 5874 4374
f 4374 5874 5878
f 4373 5877 4322
f 4322 5877 5881
f 4321 5880 4326
f 4326 5880 5886
f 4342 4325 5820
f 5820 4325 5885
f 4410 5891 4413
f 4413 5891 5895
f 4414 5896 4399
f 4399 5896 5900
f 4402 5901 4404
f 4404 5901 5904
f 4405 5905 4408
f 4408 5905 5910
f 4407 5909 4425
f 4425 5909 5914
f 4422 5913 4419
f 4419 5913 5919
f 4418 5918 4380
f 4380 5918 5923
f 4379 5922 4384
f 4384 5922 5927
f 4385 5928 4396
f 4396 5928 5933
f 4397 5934 4393
f 4393 5934 5939
f 4394 5940 4388
f 4388 5940 5944
f 4387 5943 4391
f 4391 5943 5948
f 4390 5947 4377
f 4377 5947 5951
f 4376 5950 4409
f 4409 5950 5890
f 4457 5955 4452
f 4452 5955 5959
f 4453 5960 4448
f 4448 5960 5964
f 4449 5965 4440
f 4440 5965 5969
f 4441 5970 4445
f 4445 5970 5974
f 4444 5973 4469
f 4469 5973 5978
f 4468 5977 4461
f 4461 5977 5982
f 4460 5981 4465
f 4465 5981 5987
f 4464 5986 4484
f 4484 5986 5991
f 4485 5992 4480
f 4480 5992 5997
f 4481 5998 4472
f 4472 5998 6003
f 4473 6004 4477
f 4477 6004 6008
f 4476 6007 4493
f 4493 6007 6012
f 4492 6011 4489
f 4489 6011 6015
f 4488 6014 4456
f 4456 6014 5954
f 4527 6019 4522
f 4522 6019 6023
f 4523 6024 4518
f 4518 6024 6028
f 4519 6029 4510
f 4510 6029 6033
f 4511 6034 4515
f 4515 6034 6039
f 4514 6038 4539
f 4539 6038 6043
f 4538 6042 4531
f 4531 6042 6048
f 4530 6047 4535
f 4535 6047 6053
f 4534 6052 4554
f 4554 6052 6056
f 4555 6057 4550
f 4550 6057 6062
f 4551 6063 4542
f 4542 6063 6069
f 4543 6070 4547
f 4547 6070 6074
f 4546 6073 4563
f 4563 6073 6078
f 4562 6077 4559
f 4559 6077 6081
f 4558 6080 4526
f 4526 6080 6018
f 4597 6085 4592
f 4592 6085 6089
f 4593 6090 4588
f 4588 6090 6093
f 4589 6094 4580
f 4580 6094 6097
f 4581 6098 4585
f 4585 6098 6103
f 4584 6102 4609
f 4609 6102 6107
f 4608 6106 4601
f 4601 6106 6112
f 4600 6111 4605
f 4605 6111 6116
f 4604 6115 4624
f 4624 6115 6119
f 4625 6120 4620
f 4620 6120 6125
f 4621 6126 4612
f 4612 6126 6131
f 4613 6132 4617
f 4617 6132 6136
f 4616 6135 4633
f 4633 6135 6140
f 4632 6139 4629
f 4629 6139 6143
f 4628 6142 4596
f 4596 6142 6084
f 4659 2372 4706
f 4706 2372 2366
f 2371 4658 4688
f 2370 4687 2378
f 4686 4683 2377
f 2376 4682 4679
f 2375 4678 2396
f 2395 4677 4702
f 2392 4699 2397
f 2400 4703 4695
f 2401 4696 2404
f 2405 4698 2410
f 2409 4697 4690
f 2411 4691 2420
f 4716 1295 2445
f 4717 2446 4662
f 2447 2441 4663
f 4664 2442 2436
f 4665 2437 4669
f 4670 2438 2433
f 4668 2432 4674
f 4673 2430 4639
f 4640 2431 2427
f 4638 2426 4650
f 4649 2425 2422
f 4648 2421 4692
f 1294 4715 1298
f 1298 4715 4711
f 4789 2274 4778
f 4778 2274 2451
f 6148 2319 2310
f 4727 4721 6147
f 6146 2309 4726
f 4725 2308 2304
f 4724 2303 4733
f 2279 2273 4787
f 4788 4793 2280
f 2278 4792 4775
f 2276 4771 2299
f 2302 4774 4770
f 2298 4767 4728
f 2323 2320 6149
f 6150 4722 4764
f 2328 2324 6152
f 6151 4765 2327
f 2329 4766 4758
f 2330 4759 2333
f 2334 4761 2339
f 2338 4760 4749
f 2337 4748 2343
f 2342 4747 2357
f 2356 4746 4743
f 2355 4742 2352
f 2351 4741 2347
f 2347 4741 4783
f 4866 2198 4854
f 4854 2198 2207
f 6155 2242 2221
f 4803 4797 6154
f 6153 2220 4802
f 4801 2219 2215
f 4800 2214 4809
f 2176 2197 4864
f 4865 4870 2177
f 2175 4869 4851
f 2172 4847 2210
f 2211 4848 4844
f 2209 4843 4804
f 2238 2243 6156
f 6157 4798 4840
f 2232 2239 6159
f 6158 4841 2231
f 2233 4842 4834
f 2234 4836 2246
f 2247 4837 2252
f 2251 4835 4825
f 2250 4824 2256
f 2255 4823 2270
f 2269 4822 4819
f 2268 4818 2265
f 2264 4817 2259
f 2259 4817 4859
f 4942 2101 4930
f 4930 2101 2109
f 6162 2134 2125
f 4880 4874 6161
f 6160 2124 4879
f 4878 2123 2119
f 4877 2118 4886
f 2078 2098 4938
f 4939 4944 2080
f 2077 4943 4926
f 2076 4924 2114
f 2115 4925 4921
f 2113 4920 4881
f 2138 2135 6163
f 6164 4875 4917
f 2143 2139 6166
f 6165 4918 2142
f 2144 4919 4912
f 2145 4914 2149
f 2148 4913 2154
f 2153 4911 4902
f 2152 4901 2158
f 2157 4900 2171
f 2170 4899 4896
f 2169 4895 2166
f 2165 4894 2161
f 2161 4894 4936
f 5017 2008 5005
f 5006 2009 2017
f 6169 2048 2034
f 4956 4950 6168
f 6167 2033 4955
f 4954 2032 2028
f 4953 2027 4962
f 1986 2007 5015
f 5016 5021 1987
f 1985 5020 5002
f 1984 5000 2022
f 2023 5001 4996
f 2026 4999 4961
f 2044 2049 6170
f 6171 4951 4993
f 2037 2045 6172
f 6173 4994 2038
f 2039 4995 4989
f 2040 4990 2053
f 2052 4988 2058
f 2057 4987 4978
f 2056 4977 2062
f 2061 4976 2075
f 2074 4975 4972
f 2073 4971 2070
f 2069 4970 2065
f 2065 4970 5013
f 5094 1918 5083
f 5083 1918 1927
f 6176 1946 1942
f 5033 5027 6175
f 6174 1941 5032
f 5031 1940 1936
f 5030 1935 5039
f 1912 1917 5092
f 5093 5098 1913
f 1911 5097 5077
f 1916 5081 1933
f 1932 5080 5075
f 1934 5076 5038
f 1950 1947 6177
f 6178 5028 5070
f 1955 1951 6179
f 6180 5072 1957
f 1954 5071 5066
f 1956 5067 1961
f 1960 5065 1966
f 1965 5064 5055
f 1964 5054 1970
f 1969 5053 1983
f 1982 5052 5049
f 1981 5048 1978
f 1977 5047 1973
f 1973 5047 5089
f 5171 1852 5160
f 5160 1852 1861
f 6183 1881 1877
f 5110 5104 6182
f 6181 1876 5109
f 5108 1875 1871
f 5107 1870 5116
f 1845 1851 5169
f 5170 5174 1846
f 1849 5177 5156
f 1850 5158 1868
f 1867 5157 5152
f 1869 5153 5115
f 1885 1882 6184
f 6186 5105 5148
f 1891 1886 6185
f 6187 5149 1892
f 1890 5147 5144
f 1889 5143 1896
f 1895 5142 1901
f 1900 5141 5132
f 1899 5131 1905
f 1904 5130 1910
f 1909 5129 5126
f 1908 5125 1309
f 1308 5124 1312
f 1312 5124 5166
f 5248 1783 5238
f 5238 1783 1779
f 6193 1817 1813
f 5187 5182 6194
f 6191 1811 5185
f 5186 1812 1807
f 5184 1806 5193
f 1798 1784 5250
f 5249 5253 1797
f 1799 5254 5233
f 1800 5235 1804
f 1803 5234 5229
f 1805 5230 5192
f 1788 1816 6192
f 6189 5181 5225
f 1793 1787 6188
f 6190 5226 1794
f 1792 5224 5221
f 1791 5220 1821
f 1820 5219 1826
f 1825 5218 5209
f 1824 5208 1830
f 1829 5207 1844
f 1840 5204 5194
f 1841 5195 1835
f 1836 5196 1832
f 1832 5196 5242
f 5276 1704 5325
f 5325 1704 1699
f 1705 5277 5305
f 1706 5306 1709
f 5307 5301 1710
f 1711 5302 5296
f 1712 5297 1715
f 1716 5298 5320
f 1717 5321 1720
f 1721 5322 5314
f 1722 5317 1727
f 1726 5315 1731
f 1732 5316 5310
f 1733 5311 1739
f 5334 1322 1763
f 5333 1762 5280
f 1761 1758 5279
f 5278 1757 1752
f 5283 1755 5286
f 5287 1756 1749
f 5288 1750 5291
f 5292 1751 1743
f 5293 1744 5257
f 5258 1745 5266
f 5267 1746 1737
f 5268 1738 5309
f 1323 5335 1328
f 1328 5335 5329
f 5361 1636 5409
f 5409 1636 1769
f 1637 5362 5389
f 1638 5390 1641
f 5391 5385 1642
f 1643 5386 5380
f 1644 5381 1647
f 1648 5382 5404
f 1649 5406 1653
f 1652 5405 5400
f 1654 5401 1659
f 1658 5398 1664
f 1665 5399 5395
f 1663 5394 1670
f 5418 1567 1578
f 5417 1577 5366
f 1576 1688 5365
f 5364 1687 1683
f 5363 1682 5369
f 5372 1686 1678
f 5373 1679 5376
f 5377 1681 5341
f 5340 1680 1673
f 5342 1674 5350
f 5351 1675 1668
f 5352 1669 5393
f 1568 5419 1558
f 1558 5419 5411
f 5492 1574 5482
f 5482 1574 1565
f 6199 1610 1601
f 5429 5426 6201
f 6200 1602 5428
f 5431 1603 1596
f 5430 1595 5436
f 1587 1575 5494
f 5493 5497 1586
f 1588 5498 5477
f 1589 5478 1593
f 1594 5479 5473
f 1597 5474 5437
f 6198 1614 1609
f 6196 5425 5447
f 1619 1613 6195
f 6197 5448 1620
f 1618 5446 5442
f 1617 5441 1624
f 1621 5438 1625
f 1626 5439 5449
f 1627 5450 1630
f 1631 5451 1551
f 1552 5452 5461
f 1556 5467 1549
f 1550 5470 1543
f 1543 5470 5485
f 5569 1510 5559
f 5559 1510 1517
f 6206 1537 1529
f 5506 5503 6208
f 6207 1530 5505
f 5507 1531 1522
f 5508 1523 5513
f 1495 1511 5571
f 5570 5574 1494
f 1496 5575 5554
f 1497 5555 1524
f 1525 5556 5550
f 1526 5551 5514
f 6205 1541 1536
f 6203 5502 5524
f 1490 1540 6202
f 6204 5525 1491
f 1489 5523 5519
f 1488 5518 1485
f 1481 5515 1444
f 1445 5516 5526
f 1446 5527 1439
f 1443 5531 1436
f 1437 5532 5545
f 1438 5546 1426
f 1427 5547 1416
f 1416 5547 5564
f 5647 1432 5637
f 5637 1432 1422
f 6213 1480 1471
f 5583 5580 6215
f 6214 1472 5582
f 5584 1473 1409
f 5585 1410 5590
f 1403 1433 5649
f 5648 5652 1402
f 1404 5653 5632
f 1405 5634 1412
f 1411 5633 5628
f 1413 5629 5591
f 6212 1452 1479
f 6211 5579 5603
f 1451 6209 1456
f 1457 6210 5602
f 1455 5600 1462
f 1463 5601 5596
f 1461 5595 1467
f 1464 5592 1370
f 1372 5593 5604
f 1374 5608 1377
f 1378 5609 1394
f 1395 5610 5623
f 1396 5624 1390
f 1391 5625 1381
f 1381 5625 5642
f 5694 6217 5662
f 5662 6217 6221
f 5661 6220 5692
f 5692 6220 6224
f 5691 6223 5688
f 5688 6223 6226
f 5689 6227 5685
f 5685 6227 6229
f 5686 6230 5682
f 5682 6230 6232
f 5683 6233 5656
f 5656 6233 6236
f 5655 6235 5659
f 5659 6235 6239
f 5658 6238 5674
f 5674 6238 6242
f 5673 6241 5676
f 5676 6241 6244
f 5677 6245 5679
f 5679 6245 6247
f 5680 6248 5664
f 5664 6248 6250
f 5665 6251 5667
f 5667 6251 6253
f 5668 6254 5671
f 5671 6254 6257
f 5670 6256 5695
f 5695 6256 6218
f 6260 6263 6271
f 6283 6289 6295
f 6294 6288 6301
f 6292 6300 6304
f 6303 6258 6290
f 6291 6259 6268
f 6293 6270 6282
f 6281 6269 6309
f 6280 6308 6313
f 6317 6324 6327
f 6327 6324 6277
f 6328 6278 6332
f 6333 6279 6312
f 6338 6343 6351
f 6363 6369 6375
f 6374 6368 6381
f 6372 6380 6384
f 6383 6336 6370
f 6371 6337 6348
f 6373 6350 6362
f 6361 6349 6387
f 6360 6386 6391
f 6395 6402 6404
f 6404 6402 6357
f 6405 6358 6409
f 6410 6359 6390
f 6415 6418 6426
f 6438 6444 6450
f 6449 6443 6456
f 6446 6455 6459
f 6458 6413 6445
f 6447 6414 6423
f 6448 6425 6437
f 6436 6424 6463
f 6435 6462 6467
f 6471 6478 6481
f 6481 6478 6432
f 6482 6433 6486
f 6487 6434 6466
f 6492 6501 6511
f 6519 6523 6510
f 6512 6524 6528
f 6513 6529 6493
f 6530 6537 6499
f 6498 6536 6543
f 6497 6541 6506
f 6545 6548 6502
f 6503 6549 6555
f 6500 6554 6531
f 6560 6566 6507
f 6508 6567 6573
f 6509 6574 6518
f 6578 6587 6596
f 6604 6608 6595
f 6597 6609 6612
f 6598 6613 6579
f 6617 6622 6585
f 6584 6621 6627
f 6583 6626 6592
f 6630 6632 6588
f 6589 6633 6641
f 6586 6640 6618
f 6646 6650 6593
f 6593 6650 6656
f 6594 6657 6603
f 6662 6667 6674
f 6680 6690 6693
f 6692 6689 6702
f 6691 6701 6706
f 6707 6660 6694
f 6695 6661 6671
f 6696 6673 6684
f 6683 6672 6711
f 6682 6710 6716
f 6719 6723 6728
f 6728 6723 6678
f 6729 6679 6732
f 6733 6681 6715
f 6736 6743 6747
f 6755 6763 6769
f 6765 6759 6775
f 6764 6774 6780
f 6786 6754 6791
f 6790 6752 6768
f 6789 6767 6796
f 6795 6766 6781
f 6799 6804 6746
f 6746 6804 6760
f 6748 6761 6737
f 6738 6762 6753
f 6811 6816 6821
f 6826 6838 6840
f 6839 6837 6846
f 6841 6847 6853
f 6854 6809 6842
f 6843 6810 6819
f 6844 6822 6832
f 6831 6820 6860
f 6830 6859 6865
f 6868 6872 6880
f 6880 6872 6827
f 6881 6828 6884
f 6885 6829 6864
f 6889 6895 6900
f 6904 6913 6919
f 6918 6912 6924
f 6920 6925 6930
f 6931 6887 6921
f 6922 6888 6898
f 6923 6901 6911
f 6910 6899 6938
f 6909 6937 6943
f 6946 6949 6957
f 6957 6949 6905
f 6958 6907 6962
f 6963 6908 6942
f 6967 6973 6978
f 6980 6991 6997
f 6996 6990 7002
f 6998 7003 7008
f 7009 6965 6999
f 7000 6966 6976
f 7001 6979 6986
f 6985 6977 7016
f 6984 7015 7021
f 7024 7026 7033
f 7033 7026 6981
f 7034 6982 7037
f 7038 6983 7020
f 7041 7046 7053
f 7055 7066 7072
f 7071 7065 7077
f 7073 7078 7083
f 7084 7039 7074
f 7075 7040 7051
f 7076 7054 7061
f 7060 7052 7091
f 7059 7090 7096
f 7099 7101 7108
f 7108 7101 7056
f 7109 7057 7112
f 7113 7058 7095
f 7116 7121 7128
f 7130 7141 7147
f 7146 7140 7152
f 7148 7153 7158
f 7159 7114 7149
f 7150 7115 7126
f 7151 7129 7136
f 7135 7127 7166
f 7134 7165 7171
f 7174 7176 7185
f 7185 7176 7131
f 7186 7132 7189
f 7190 7133 7170
f 7191 7195 7210
f 7214 7219 7209
f 7211 7220 7224
f 7211 7224 7192
f 7231 7236 7198
f 7197 7235 7241
f 7196 7240 7212
f 7242 7247 7200
f 7201 7248 7256
f 7199 7255 7232
f 7259 7261 7207
f 7207 7261 7267
f 7208 7268 7213
f 5709 7273 5719
f 5718 7272 7276
f 5720 7277 5741
f 5741 7277 7279
f 5742 7280 5745
f 5746 7281 7283
f 5747 7285 5737
f 5736 7284 7287
f 5738 7288 5733
f 5733 7288 7290
f 5734 7291 5749
f 5750 7292 7295
f 5751 7297 5754
f 5753 7296 7299
f 5755 7300 5758
f 5758 7300 7303
f 5757 7302 5807
f 5807 7302 7308
f 5806 7306 5810
f 5811 7307 7313
f 5809 7312 5762
f 5761 7311 7317
f 5760 7316 5765
f 7316 7320 5765
f 5764 7319 7324
f 5766 7325 5770
f 5769 7323 7330
f 5768 7329 5725
f 5724 7328 7333
f 5723 7332 5715
f 5715 7332 7337
f 5714 7335 5704
f 5705 7336 7339
f 5706 7340 5696
f 5696 7340 7342
f 5697 7343 5772
f 5773 7344 7346
f 5774 7348 5777
f 7347 7350 5776
f 5778 7351 7354
f 5781 7357 5785
f 5782 7355 7358
f 5783 7359 5786
f 5786 7359 7361
f 5788 7363 5790
f 5790 7363 7366
f 5791 7367 5793
f 5794 7368 7371
f 5795 7372 5797
f 5797 7372 7374
f 5798 7375 5815
f 5815 7375 7379
f 5814 7378 5819
f 5818 7377 7382
f 5817 7381 5729
f 5729 7381 7385
f 5727 7383 5731
f 5731 7383 7387
f 5730 7386 5800
f 5800 7386 7391
f 5799 7389 5803
f 5804 7390 7395
f 5802 7394 5702
f 5701 7393 7399
f 5700 7397 5710
f 5711 7398 7274
f 5823 7403 5827
f 5826 7402 7406
f 5828 7409 5832
f 5831 7408 7412
f 5833 7413 5836
f 5836 7413 7416
f 5837 7417 5841
f 5841 7417 7421
f 5840 7420 5845
f 5845 7420 7425
f 5844 7424 5849
f 5849 7424 7429
f 5848 7426 5853
f 5854 7427 7431
f 5858 5852 7436
f 7436 5852 7430
f 5857 7435 5863
f 5862 7434 7439
f 5861 7438 5867
f 5867 7438 7443
f 5864 7442 5868
f 5868 7442 7445
f 5869 7446 5873
f 5873 7446 7450
f 5872 7449 5876
f 5876 7449 7453
f 5879 7454 5882
f 5883 7455 7457
f 5884 7458 5887
f 5888 7459 7462
f 7463 7401 5889
f 5889 7401 5822
f 5894 7467 5897
f 5898 7468 7471
f 5899 7474 5902
f 5902 7474 7477
f 5903 7479 5907
f 5906 7478 7482
f 5908 7483 5912
f 5912 7483 7488
f 5911 7487 5917
f 5916 7486 7492
f 5915 7491 5921
f 5921 7491 7497
f 5920 7493 5925
f 5926 7494 7500
f 5924 7499 5931
f 5930 7498 7504
f 5929 7503 5935
f 5935 7503 7509
f 5932 7507 5936
f 5937 7508 7512
f 5938 7513 5942
f 5942 7513 7520
f 5941 7519 5946
f 5945 7518 7523
f 5949 7524 5952
f 5952 7524 7527
f 5953 7528 5892
f 5893 7529 7466
f 5958 7533 5961
f 5962 7534 7536
f 5963 7539 5967
f 5966 7538 7541
f 5968 7542 5971
f 5971 7542 7544
f 5972 7545 5976
f 5976 7545 7548
f 5975 7547 5980
f 5980 7547 7552
f 5979 7550 5984
f 5985 7551 7557
f 5983 7554 5990
f 5989 7553 7560
f 5988 7559 5995
f 5994 7558 7564
f 5993 7563 5999
f 5999 7563 7568
f 5996 7566 6000
f 6001 7567 7571
f 6002 7572 6006
f 6006 7572 7577
f 6005 7576 6010
f 6009 7575 7579
f 6013 7580 6016
f 6016 7580 7582
f 6017 7583 5956
f 5957 7584 7532
f 6022 7588 6026
f 6025 7587 7590
f 6027 7593 6030
f 6031 7594 7597
f 6032 7599 6036
f 6035 7598 7602
f 6037 7603 6041
f 6041 7603 7607
f 6040 7606 6046
f 6045 7605 7611
f 6044 7609 6050
f 6051 7610 7615
f 6049 7612 6055
f 6055 7612 7618
f 6054 7617 6060
f 6059 7616 7623
f 6058 7621 6064
f 6065 7622 7628
f 6061 7626 6066
f 6067 7627 7631
f 6068 7632 6072
f 6072 7632 7636
f 6071 7635 6076
f 6075 7634 7638
f 6079 7639 6082
f 6082 7639 7641
f 6083 7642 6020
f 6021 7643 7586
f 6088 7647 6091
f 6091 7647 7650
f 6092 7653 6095
f 6095 7653 7656
f 6096 7657 6099
f 6100 7658 7660
f 6101 7661 6105
f 6105 7661 7665
f 6104 7663 6109
f 6110 7664 7668
f 6108 7667 6114
f 6114 7667 7671
f 6113 7669 6118
f 6118 7669 7674
f 6117 7673 6123
f 6122 7672 7678
f 6121 7677 6127
f 6127 7677 7683
f 6124 7681 6128
f 6129 7682 7686
f 6130 7687 6134
f 6134 7687 7692
f 6133 7691 6138
f 6137 7690 7694
f 6141 7695 6144
f 6144 7695 7697
f 6145 7698 6086
f 6087 7699 7646
f 7702 7706 6401
f 6399 7705 3582
f 7712 7716 3590
f 3591 7717 6474
f 6473 7714 6479
f 6480 7715 7720
f 7718 7722 6477
f 6476 7721 3481
f 7726 7730 3487
f 3487 7730 6561
f 6562 7731 6568
f 6569 7732 7736
f 7733 7738 6565
f 6564 7737 3403
f 7743 7747 3410
f 3409 7746 6645
f 6647 7749 6652
f 6651 7748 7752
f 7750 7753 6649
f 6649 7753 3330
f 7758 7761 3334
f 3335 7762 6718
f 6720 7765 6724
f 6724 7765 7769
f 7766 7770 6722
f 6722 7770 3288
f 7774 7778 3214
f 3215 7779 6798
f 6800 7782 6805
f 6806 7783 7787
f 7784 7789 6803
f 6802 7788 3143
f 7793 7796 3147
f 3148 7797 6867
f 7803 6875 7806
f 7807 6876 6869
f 7808 6870 7800
f 7802 7811 6874
f 6873 7810 3089
f 7814 7817 3092
f 3092 7817 6945
f 6947 7820 6953
f 6952 7819 7824
f 7823 7826 6950
f 6951 7827 3003
f 7830 7834 2791
f 2792 7835 7023
f 7025 7838 7028
f 7028 7838 7841
f 7842 7846 7029
f 7029 7846 2899
f 7847 7851 2715
f 2717 7852 7098
f 7100 7855 7103
f 7103 7855 7857
f 7858 7861 7104
f 7104 7861 2751
f 7862 7866 2600
f 2601 7867 7172
f 7175 7868 7177
f 7178 7869 7871
f 7874 7879 7181
f 7180 7878 2674
f 7880 7885 2480
f 2479 7884 7257
f 4707 7892 4709
f 4710 7893 7896
f 7898 7902 4712
f 4712 7902 1299
f 1297 7899 1303
f 1304 7900 7905
f 1302 7904 2452
f 7903 7908 2449
f 2448 7907 4776
f 7912 4781 7909
f 7910 4782 4779
f 2348 4784 7918
f 7918 4784 7914
f 2346 7915 7920
f 2345 7919 2201
f 2203 7921 7926
f 2202 7925 2208
f 4852 2205 7929
f 7928 2204 7924
f 7933 4858 7931
f 7930 4857 4855
f 2260 4861 7941
f 7940 4860 7935
f 2258 7936 2106
f 2107 7937 7944
f 2105 7943 2112
f 4931 2110 7946
f 7947 2111 7942
f 7952 4935 7949
f 7948 4934 4932
f 2162 4937 7958
f 7958 4937 7954
f 2160 7955 2015
f 2016 7956 7961
f 2014 7959 2019
f 5009 2020 7965
f 7966 2021 7960
f 7968 5012 7964
f 7963 5011 5008
f 2066 5014 7974
f 7974 5014 7970
f 2063 7971 1921
f 1925 7972 7976
f 1922 7975 1926
f 5085 1929 7981
f 7981 1929 7977
f 7983 5087 7980
f 7979 5086 5082
f 1974 5091 7993
f 7992 5090 7987
f 1971 7988 1855
f 1859 7989 7995
f 1856 7994 1860
f 5162 1864 8001
f 8000 1863 7996
f 8004 5164 7999
f 7998 5163 5159
f 1313 5167 8011
f 8012 5168 8005
f 1315 1310 8010
f 8018 8021 1777
f 8009 8025 1314
f 1317 8026 8017
f 1316 8016 1772
f 1771 8015 1776
f 5239 1780 8031
f 8031 1780 8022
f 8035 5240 8029
f 8030 5241 5236
f 1834 5244 8042
f 8043 5245 8036
f 8045 1696 8040
f 8041 1698 1695
f 8039 1691 1831
f 5326 1700 8053
f 8054 1701 8048
f 8055 5328 8050
f 8049 5327 5323
f 1330 5331 8060
f 8061 5332 8056
f 8063 1766 8067
f 8068 1767 1332
f 8069 1336 8059
f 8058 1331 1327
f 5410 1770 8075
f 8075 1770 8066
f 8076 5415 8072
f 8071 5414 5408
f 1561 5416 8081
f 8081 5416 8077
f 8083 1564 8088
f 8086 1562 1557
f 8087 1560 8080
f 5483 1566 8093
f 8093 1566 8085
f 8095 5488 8090
f 8091 5489 5481
f 1544 5487 8098
f 8097 5486 8094
f 8102 1515 8099
f 8100 1516 1545
f 5560 1518 8108
f 8109 1519 8104
f 8111 5565 8105
f 8106 5566 5558
f 1414 5561 8113
f 8114 5562 8110
f 8117 1421 8122
f 8120 1420 1417
f 8121 1418 8115
f 5638 1423 8129
f 8129 1423 8119
f 8131 5644 8126
f 8125 5643 5636
f 1379 5640 8134
f 8133 5639 8130
f 8138 1386 8136
f 8135 1385 1382
f 3726 1387 8141
f 8141 1387 8139
f 6320 3733 8149
f 8148 3732 8152
f 8154 6325 8145
f 8146 6326 6318
f 3668 6321 8156
f 8157 6322 8153
f 6398 3677 8162
f 8162 3677 8165
f 6397 8161 6403
f 6403 8161 7704
f 8166 7891 2365
f 2364 7890 4704
f 3723 1357 1368
f 1368 1357 1345
f 1369 1346 1341
f 6246 6243 3717
f 6225 6222 1383
f 6246 3717 6249
f 6249 3717 1358
f 6249 1358 6252
f 6225 1383 6228
f 6228 1383 3724
f 6228 3724 6231
f 6222 6219 1383
f 1383 6219 6216
f 1383 6216 1358
f 1358 6216 6255
f 1358 6255 6252
f 6243 6240 3717
f 3717 6240 6237
f 3717 6237 3724
f 3724 6237 6234
f 3724 6234 6231
f 8150 3729 8142
f 8143 3730 3727
f 6329 3736 6319
f 6319 3736 3731
f 8174 3760 3754
f 6264 6262 8175
f 8176 3755 6265
f 6266 3756 3747
f 6267 3749 6272
f 3741 3737 6331
f 6330 6334 3740
f 3742 6335 6314
f 3743 6316 3751
f 3748 6315 6310
f 3750 6311 6273
f 3764 3759 8173
f 8170 6261 6306
f 3763 8172 3770
f 3769 8171 6307
f 3768 6305 3775
f 3774 6302 6299
f 3772 6298 3689
f 3688 6296 3692
f 3693 6297 6284
f 3694 6285 3697
f 3698 6286 3702
f 3703 6287 6274
f 3704 6275 3678
f 3679 6276 3669
f 3669 6276 6323
f 8164 3675 8180
f 8177 3674 3671
f 8179 3672 8159
f 6406 3686 6396
f 6396 3686 3676
f 8184 3716 3710
f 6344 6342 8185
f 8186 3711 6345
f 6346 3712 3663
f 6347 3665 6352
f 3657 3687 6408
f 6407 6411 3656
f 3658 6412 6392
f 3659 6394 3667
f 3664 6393 6388
f 3666 6389 6353
f 3626 3715 8183
f 3625 8181 3621
f 3622 8182 6341
f 3620 6339 3576
f 6340 6385 3577
f 3574 6382 6379
f 3573 6378 3579
f 3578 6376 3602
f 3603 6377 6364
f 3604 6365 3607
f 3608 6366 3612
f 3613 6367 6354
f 3614 6355 3592
f 3593 6356 3583
f 3583 6356 6400
f 3585 7708 3588
f 3589 7709 7711
f 6483 3600 6472
f 6472 3600 3587
f 8192 3644 3637
f 6419 6417 8193
f 8194 3638 6420
f 6421 3639 3630
f 6422 3633 6428
f 3569 3601 6485
f 6484 6488 3568
f 3570 6489 6468
f 3571 6470 3632
f 3629 6469 6464
f 3631 6465 6427
f 3643 8191 3648
f 3647 8190 3470
f 8189 6416 6461
f 3474 3466 8187
f 8188 6460 3477
f 3472 6457 6454
f 3471 6453 3526
f 3525 6452 3513
f 3511 6451 6439
f 3512 6440 3507
f 3508 6441 3502
f 3503 6442 6429
f 3504 6430 3490
f 3491 6431 3480
f 3480 6431 6475
f 7727 3489 8199
f 8197 3488 3483
f 8198 3484 7724
f 6504 3494 6559
f 6559 3494 3485
f 3495 6505 6539
f 3501 6540 3521
f 6542 6535 3522
f 3523 6538 6532
f 3524 6533 3532
f 3533 6534 6556
f 3534 6557 3538
f 3539 6558 6553
f 3537 6552 3543
f 3542 6550 3547
f 3548 6551 6547
f 3546 6546 3554
f 6571 3413 3427
f 6570 3426 6516
f 3425 3431 6515
f 6514 3430 3434
f 6517 3435 6520
f 6521 3436 3450
f 6522 3451 6525
f 6526 3452 3555
f 6527 3557 6490
f 6491 3558 6494
f 6495 3559 3550
f 6496 3551 6544
f 3414 6572 3402
f 3402 6572 6563
f 7744 3412 8204
f 8202 3411 3405
f 8203 3406 7741
f 6590 3417 6644
f 6644 3417 3407
f 3418 6591 6623
f 3419 6624 3441
f 6625 6619 3442
f 3444 6620 6614
f 3446 6615 3455
f 3458 6616 6638
f 3459 6639 3464
f 3465 6643 3378
f 3377 6642 6635
f 3376 6634 3381
f 3382 6637 3396
f 3395 6636 6631
f 3392 6629 3304
f 6654 3339 3361
f 6653 3360 6600
f 3359 3354 6599
f 6601 3355 3349
f 6602 3350 6605
f 6606 3351 3323
f 6607 3324 6610
f 6611 3326 6576
f 6575 3325 3309
f 6577 3310 6580
f 6581 3311 3302
f 6582 3303 6628
f 3340 6655 3329
f 3329 6655 6648
f 3332 7756 3337
f 3338 7757 7760
f 6725 3343 6717
f 6717 3343 3333
f 6664 6659 8209
f 3386 6670 3270
f 3269 6669 6663
f 3271 6665 3265
f 3266 6666 8211
f 3264 8210 3252
f 3315 3344 6727
f 6726 6730 3313
f 3316 6731 6712
f 3317 6714 3384
f 3383 6713 6708
f 3385 6709 6668
f 3242 3251 8208
f 8207 6658 6705
f 3238 3241 8206
f 8205 6704 3237
f 3236 6703 6700
f 3235 6699 3275
f 3274 6698 3280
f 3279 6697 6688
f 3278 6687 3284
f 3283 6686 3298
f 3297 6685 6677
f 3296 6675 3292
f 3293 6676 3287
f 3287 6676 6721
f 7777 3218 8215
f 8214 3216 3207
f 8216 3212 8219
f 8218 3211 8225
f 8223 3210 3290
f 8224 3291 7773
f 6745 3220 6797
f 6797 3220 3213
f 6784 6787 8226
f 6741 6734 3229
f 3231 6735 6749
f 3232 6750 3105
f 3106 6751 6782
f 3107 6783 3110
f 3111 6785 8227
f 3112 8228 3124
f 3230 3225 6742
f 6740 3224 3221
f 6739 3219 6744
f 3136 3125 8230
f 8231 6788 6793
f 3185 3137 8232
f 8229 6792 3183
f 3186 6794 6779
f 3182 6778 3164
f 3163 6777 3169
f 3168 6776 6773
f 3167 6772 3173
f 3172 6771 3179
f 3178 6770 6758
f 3177 6757 3153
f 3152 6756 3142
f 3142 6756 6801
f 3145 7792 3151
f 3151 7792 7795
f 6879 3158 6866
f 6866 3158 3146
f 6813 3048 3045
f 3064 3050 8235
f 8234 3049 6815
f 8233 6814 6807
f 3015 3157 6877
f 6878 6883 3016
f 3014 6882 6861
f 3017 6862 3024
f 3025 6863 6856
f 3026 6857 3042
f 3043 6858 6817
f 3044 6818 6812
f 3059 3065 8236
f 8238 6808 6852
f 3056 3063 8239
f 8237 6851 3053
f 3058 6855 6850
f 3057 6849 3071
f 3070 6848 3077
f 3076 6845 6836
f 3072 6835 3079
f 3078 6834 3098
f 3097 6833 6825
f 3096 6824 3083
f 3082 6823 3087
f 3087 6823 6871
f 3090 7813 3095
f 3094 7812 7816
f 6956 3102 6944
f 6944 3102 3091
f 8242 2954 2943
f 6893 6886 8240
f 8241 2942 6894
f 6892 2941 2938
f 6891 2937 6897
f 3101 6954 2921
f 2922 6955 6961
f 2920 6959 2929
f 2930 6960 6940
f 2931 6941 2935
f 2934 6939 6935
f 2936 6936 6896
f 2968 2958 8243
f 8245 6890 6933
f 2985 2969 8246
f 8244 6932 2984
f 2987 6934 6929
f 2986 6928 2991
f 2990 6927 2996
f 2995 6926 6917
f 2994 6916 3000
f 2999 6915 3013
f 3012 6914 6906
f 3009 6903 3006
f 3005 6902 3001
f 3001 6902 6948
f 3004 7828 2788
f 2789 7829 7833
f 2787 7832 2794
f 7032 2782 7022
f 7022 2782 2790
f 8249 2816 2807
f 6971 6964 8247
f 8248 2804 6972
f 6970 2802 2799
f 6969 2798 6975
f 2763 2781 7030
f 7031 7036 2764
f 2762 7035 7019
f 2761 7017 2795
f 2796 7018 7013
f 2797 7014 6974
f 2827 2817 8250
f 8252 6968 7011
f 2840 2828 8253
f 8251 7010 2839
f 2841 7012 7004
f 2842 7005 2885
f 2886 7007 2891
f 2890 7006 6995
f 2889 6994 2895
f 2894 6993 2908
f 2907 6992 6989
f 2906 6988 2903
f 2902 6987 2897
f 2897 6987 7027
f 2898 7844 2713
f 2714 7845 7850
f 2712 7849 2719
f 7107 2705 7097
f 7097 2705 2716
f 8256 2736 2731
f 7047 7042 8254
f 8255 2730 7048
f 7045 2727 2724
f 7044 2723 7050
f 2686 2704 7105
f 7106 7111 2687
f 2685 7110 7094
f 2684 7092 2721
f 2722 7093 7089
f 2720 7088 7049
f 2864 2737 8257
f 8259 7043 7086
f 2876 2865 8260
f 8258 7085 2875
f 2877 7087 7079
f 2878 7080 2881
f 2882 7081 2741
f 2742 7082 7070
f 2740 7069 2746
f 2745 7068 2760
f 2759 7067 7064
f 2758 7063 2755
f 2754 7062 2750
f 2750 7062 7102
f 2749 7860 8264
f 2748 8261 2597
f 2599 8263 7865
f 2598 7864 2604
f 7184 2592 7173
f 7173 2592 2602
f 8267 2626 2617
f 7122 7117 8265
f 8266 2616 7123
f 7120 2612 2609
f 7119 2608 7125
f 2572 2591 7182
f 7183 7188 2573
f 2571 7187 7169
f 2570 7167 2606
f 2607 7168 7164
f 2605 7163 7124
f 2638 2627 8268
f 8269 7118 7160
f 2655 2639 8271
f 8270 7161 2654
f 2656 7162 7154
f 2657 7155 2660
f 2661 7156 2665
f 2666 7157 7145
f 2664 7144 2670
f 2669 7143 2683
f 2682 7142 7139
f 2681 7138 2678
f 2677 7137 2673
f 2673 7137 7179
f 2672 7875 2472
f 2473 7876 7882
f 2471 7881 2483
f 7206 2476 7258
f 7258 2476 2481
f 2475 7205 7239
f 2474 7238 2487
f 7237 7234 2486
f 2485 7233 7230
f 2484 7229 2492
f 2491 7228 7253
f 2490 7252 2495
f 2496 7254 7246
f 2499 7249 2502
f 2503 7251 2508
f 2507 7250 7243
f 2509 7244 2528
f 7270 2560 2554
f 7271 2555 7215
f 2556 2550 7216
f 7217 2551 2545
f 7218 2546 7222
f 7223 2547 2542
f 7221 2541 7227
f 7226 2540 2537
f 7225 2536 7194
f 7193 2535 7204
f 7203 2534 2530
f 7202 2529 7245
f 2559 7269 2568
f 2568 7269 7264
f 7260 7887 7263
f 7262 7886 8272
f 7985 7982 8276
f 7801 7815 7809
f 8222 8213 8217
f 7815 7801 7818
f 8092 8084 8089
f 8128 8118 8124
f 8158 8155 7331
f 8140 8137 8132
f 8147 8151 8144
f 7353 7349 8132
f 8132 7349 7345
f 8132 7345 8140
f 8140 7345 7341
f 8140 7341 7338
f 7331 8155 7334
f 7334 8155 8147
f 7334 8147 7338
f 7338 8147 8144
f 7338 8144 8140
f 8103 8101 8107
f 8107 8101 8096
f 8132 8128 7353
f 7352 8127 8123
f 7353 8124 8112
f 8112 8124 8116
f 8112 8107 7353
f 7353 8107 8096
f 7353 8096 7356
f 7356 8096 8092
f 8092 8089 7356
f 7356 8089 8082
f 7356 8082 8079
f 8070 8276 7662
f 7676 7670 8276
f 8276 7670 7666
f 8276 7666 7662
f 7662 7659 8070
f 8070 7659 7655
f 8070 7655 8065
f 8064 7654 7651
f 8065 7652 8074
f 8074 7652 7649
f 8073 7648 8078
f 8078 7648 7700
f 8079 7701 7356
f 7356 7701 7696
f 7356 7696 7360
f 7360 7696 7362
f 7696 7693 7362
f 7362 7693 7689
f 7362 7689 7365
f 7688 7684 7364
f 7365 7685 7680
f 7365 7680 7370
f 7982 7384 7380
f 7380 7376 7982
f 7982 7376 7373
f 7982 7373 8276
f 8276 7373 7370
f 8276 7370 7676
f 7675 7369 7679
f 7967 7962 7957
f 7384 7953 7951
f 7945 7938 7950
f 7951 7939 7934
f 7951 7934 7384
f 7932 7392 7934
f 7934 7392 7388
f 7934 7388 7384
f 7957 7953 7967
f 7967 7953 7384
f 7967 7384 7969
f 7969 7384 7982
f 7969 7982 7973
f 7973 7982 7978
f 8279 7286 7282
f 7282 7278 8279
f 8279 7278 7275
f 8279 7275 8281
f 8281 7275 7400
f 8281 7400 7396
f 7856 7854 7289
f 7289 7854 7294
f 7836 7831 7825
f 7825 7821 7836
f 7837 7822 7294
f 7837 7294 7840
f 7839 7293 7853
f 7840 7854 7843
f 7843 7854 7848
f 8282 7309 7304
f 8283 7305 7805
f 7822 7818 7294
f 7294 7818 7801
f 7294 7801 7298
f 7298 7801 7805
f 7298 7805 7301
f 7301 7805 7305
f 7318 7315 7608
f 7608 7604 7318
f 7318 7604 7601
f 7318 7601 7322
f 7321 7600 7595
f 7321 7595 7326
f 7327 7596 7729
f 7729 7596 7592
f 7728 7591 7734
f 7735 7592 7589
f 7735 7589 7740
f 7740 7589 7645
f 7739 7644 8200
f 7644 7640 8200
f 8200 7640 7637
f 8200 7637 7633
f 7633 7629 8282
f 8283 7630 7625
f 8282 7624 7309
f 7310 7625 7620
f 7310 7620 7315
f 7314 7619 7613
f 7315 7614 7608
f 8196 7723 7719
f 7703 8160 7331
f 7713 7710 7707
f 8158 7331 8178
f 8178 7331 8160
f 8178 8160 8163
f 7707 7703 7713
f 7713 7703 7331
f 7713 7331 7719
f 7719 7331 7327
f 7719 7327 8196
f 8196 7327 7729
f 8195 7728 7725
f 7633 8282 8200
f 8201 8283 7745
f 8201 7745 7742
f 7759 7754 7763
f 7764 7755 7751
f 7422 7418 7804
f 7794 7791 7799
f 7798 7790 7785
f 7799 7786 7781
f 7804 7418 8282
f 8283 7419 7415
f 8282 7414 7410
f 7804 7798 7422
f 7423 7799 7781
f 7423 7781 7428
f 7428 7781 7433
f 7407 7768 7411
f 7411 7768 7764
f 7411 7764 8283
f 8283 7764 7751
f 8283 7751 7745
f 8220 7451 8212
f 8212 7451 7447
f 8212 7447 7775
f 7448 7444 7776
f 7776 7444 7441
f 7776 7441 7781
f 7780 7440 7437
f 7780 7437 7432
f 7407 7405 7768
f 7767 7404 7464
f 7768 7465 7772
f 7771 7464 7460
f 7772 7461 8221
f 8221 7461 7456
f 8221 7456 7452
f 8262 7859 7856
f 7873 7870 8279
f 7289 7286 7856
f 7856 7286 8279
f 7856 8279 8262
f 8262 8279 7870
f 8262 7870 7863
f 7883 7877 7889
f 7889 7877 7873
f 7906 7901 7911
f 7911 7901 7897
f 8279 7581 7578
f 7562 7556 7895
f 7894 7555 7549
f 7894 7549 7897
f 7897 7549 7546
f 7897 7546 7911
f 7911 7546 7543
f 7872 8278 7888
f 7889 8279 7578
f 7889 7578 8274
f 8274 7578 7574
f 8273 7573 8286
f 7894 8169 7561
f 7561 8169 8293
f 7561 8293 7565
f 7565 8293 8287
f 7565 8287 7570
f 7569 8286 7573
f 7922 7916 8280
f 8281 7917 7913
f 8281 7913 7911
f 7543 7540 7911
f 7911 7540 7537
f 7911 7537 8281
f 8281 7537 7535
f 8281 7535 8279
f 8279 7535 7585
f 8279 7585 7581
f 7396 7392 8281
f 8281 7392 7932
f 8281 7932 7923
f 7923 7932 7927
f 8020 8028 7485
f 8276 8038 8034
f 7510 8006 7514
f 7516 8008 8003
f 7530 7526 8033
f 8032 7525 7521
f 8034 7522 8276
f 8276 7522 7516
f 8277 7517 7986
f 7984 7515 8002
f 7984 8002 7990
f 7991 8003 7997
f 7511 7505 8007
f 8008 7506 7502
f 8008 7502 8014
f 8013 7501 7495
f 8013 7495 8027
f 8028 7496 7490
f 8027 7489 7484
f 7485 7481 8020
f 8019 7480 7475
f 8019 7475 8023
f 8024 7476 7473
f 8024 7473 8034
f 8033 7472 7469
f 8034 7470 7531
f 8047 8044 8038
f 8046 8037 8051
f 8052 8038 8276
f 8052 8276 8057
f 8057 8276 8070
f 8057 8070 8062
f 2563 8290 2361
f 2362 8291 8168
f 2360 8167 2367
f 8275 8289 7266
f 7265 8288 2569
f 2567 8284 2564
f 2565 8285 8292
