# File produced by Open Asset Import Library (http://www.assimp.sf.net)
# (assimp v5.0.1937526254)

mtllib arm_r_link6.mtl

# 2799 vertex positions
v  0.000661038503 -0.131124914 0.0264999922
v  -0.00290660956 -0.129069075 0.0264967848
v  0.000619257393 -0.131187782 0.0285129379
v  -0.00283140643 -0.129122749 0.0283612665
v  -0.000118257849 -0.134197533 0.0284555163
v  -0.000661034021 -0.125475138 0.026499996
v  0.00290662074 -0.127530903 0.0264967848
v  -0.000624234322 -0.125413045 0.0285066608
v  0.00282985275 -0.127480432 0.0283527207
v  -2.42486021e-06 -0.120000653 0.0285652298
v  0.0117263058 -0.120000027 0.0260872561
v  -0.0117848366 -0.119996123 0.0261128303
v  -0.0116982125 -0.109999999 0.0260282066
v  0.0117608281 -0.109999999 0.0260364208
v  -0.000433064561 -0.109999999 0.0286317486
v  -0.0116925081 -0.0849999487 0.0260531828
v  0.000433068315 -0.0850000009 0.0286317486
v  0.0116848378 -0.0850000009 0.0260282326
v  -0.0117318276 -0.075000383 0.0260238051
v  0.0116617149 -0.0750009269 0.0260478463
v  -0.000433064677 -0.075000003 0.0286317486
v  -0.0094129499 -0.0668000132 0.026900677
v  0.000433068431 -0.0668000132 0.0286317486
v  0.00406538695 -0.0667981207 0.0218697898
v  -0.00602339813 -0.0668000132 0.021159362
v  0.0142394677 -0.0668048561 0.0248907749
v  -0.00614451058 -0.134317443 0.0276880879
v  0.00788071379 -0.134323791 0.0272799004
v  -0.0127046173 -0.134191111 0.0254825652
v  -0.00364593393 -0.134299189 0.0256218351
v  0.00619076798 -0.134279445 0.0248711742
v  -0.0119404513 -0.134277105 0.0226769205
v  -0.0180663057 -0.0668001622 0.0221738964
v  0.0115864817 -0.0668000132 0.0187016986
v  -0.00105147506 -0.129503697 0.0264998358
v  0.00133829704 -0.129312798 0.0264991913
v  0.000451212021 -0.12987791 0.0250036921
v  -0.00154765649 -0.128742278 0.0249558147
v  -0.00133828493 -0.127287209 0.0264991913
v  0.00154774531 -0.127858043 0.0249554832
v  0.00105147669 -0.127096325 0.0264998358
v  -0.000451422617 -0.126721993 0.0250043906
v  0.0155159589 -0.134198695 0.0238211788
v  0.011959983 -0.134337246 0.0226981472
v  -0.00965973083 -0.116090015 0.0260006022
v  -0.0112104975 -0.115008526 0.0259997174
v  0.0112105198 -0.114991479 0.0259997156
v  0.00915545877 -0.115936317 0.0259996001
v  -0.00895390753 -0.115544833 0.0233434811
v  -0.0107100504 -0.115879737 0.0225935373
v  0.0108472779 -0.115735032 0.0225253683
v  0.00946563855 -0.115954988 0.0231411215
v  -0.00915545691 -0.114063688 0.025999628
v  -0.0108469436 -0.11426466 0.0225242339
v  0.00895397458 -0.114455126 0.0233422648
v  -0.00946591329 -0.11404492 0.0231414828
v  0.00965975225 -0.113909967 0.0260007214
v  0.010709703 -0.114120059 0.0225964952
v  -0.00988871045 -0.0812113807 0.0260015428
v  -0.0109500792 -0.0791983455 0.025999967
v  0.0110905711 -0.080315657 0.0260002688
v  0.00916883536 -0.0809445679 0.0259994287
v  0.00997262262 -0.0810695067 0.0229450949
v  -0.0110661406 -0.0805173665 0.0190229453
v  -0.00992015656 -0.0810662359 0.0229792204
v  -0.00897125155 -0.0804915801 0.0200875308
v  -0.00899250153 -0.0794193819 0.0259997696
v  0.00911038741 -0.0806956366 0.0201076381
v  0.0110623231 -0.0805536881 0.0190200247
v  -0.00991324149 -0.0788135827 0.0196487959
v  0.00996483024 -0.0787846372 0.0260004867
v  0.00965640694 -0.0787997618 0.0197897255
v  -5.90807758e-09 -0.130500004 0.0254999958
v  -0.00538939936 -0.130500793 0.0247655306
v  0.00584891113 -0.130501702 0.0246092603
v  -0.016994467 -0.134278551 0.0191858914
v  -0.0201909114 -0.134336248 0.0199583303
v  -0.000485553319 -0.0808000565 0.0250617992
v  -0.00362165249 -0.0808024928 0.0219251588
v  -0.0135339946 -0.130492449 0.0211329795
v  0.013499599 -0.130493432 0.021147972
v  -0.0137149123 -0.0667989105 0.0174739603
v  -0.0188088976 -0.125956491 0.0214533377
v  0.0189017113 -0.0667978749 0.0117173381
v  0.0210363884 -0.0668000132 0.019228112
v  0.0182330143 -0.127175167 0.0219118278
v  0.020520471 -0.125421152 0.0198075306
v  0.0189307537 -0.134542182 0.0203769654
v  0.0186804626 -0.130297616 0.0215244237
v  -0.0181803368 -0.129340172 0.0219367575
v  0.0170022473 -0.134275332 0.0191752501
v  -0.0137724187 -0.0808000118 0.020864334
v  0.0137724224 -0.0808000118 0.020864334
v  -0.020537328 -0.131172508 0.0197918564
v  -0.0180525891 -0.130493149 0.017470751
v  0.0181608032 -0.130490139 0.0174377263
v  -0.0167248119 -0.128478438 0.0207481645
v  0.0167263635 -0.128117248 0.0207463726
v  -0.0177573338 -0.125834197 0.0197191052
v  0.0183114093 -0.130892083 0.0198734701
v  -0.0210586563 -0.134305373 0.0146912374
v  0.0177886672 -0.125800937 0.0196902007
v  -0.0177888442 -0.130799174 0.01969002
v  -0.0177044105 -0.129998282 0.0176616367
v  -0.0165285803 -0.128264263 0.0187562425
v  0.0165302251 -0.128335476 0.018758107
v  0.0177986789 -0.129986182 0.0175877828
v  -0.0162641164 -0.0808000118 0.0148148052
v  -0.0208799131 -0.0807953104 0.014106445
v  -0.0177944526 -0.12661314 0.0175833143
v  0.0207611229 -0.0807945058 0.0143672638
v  0.0177053846 -0.12660113 0.0176632199
v  -0.0182461534 -0.12980701 0.019229643
v  -0.0177334063 -0.127582416 0.0197442304
v  0.0177335124 -0.12901783 0.0197441131
v  0.0182422083 -0.126796216 0.0192338135
v  -0.0211771838 -0.125912264 0.0190865677
v  -0.0200511813 -0.126066983 0.0174329318
v  0.0201378837 -0.130879313 0.0187546108
v  0.0206266977 -0.134439662 0.0191763733
v  0.0201833826 -0.126190335 0.0172985978
v  -0.0196874849 -0.130747065 0.0177906379
v  0.0192369185 -0.129803807 0.0182391871
v  0.018707715 -0.131102771 0.0187663045
v  -0.0192369614 -0.126796201 0.0182391666
v  0.0210965462 -0.134308994 0.0145778079
v  0.0211476386 -0.13076131 0.019165501
v  -0.0250969734 -0.0668000132 0.0135052614
v  0.0250969697 -0.0668000132 0.0135052614
v  0.0247357544 -0.13423945 0.0139842648
v  0.0204912014 -0.129756525 0.016975686
v  -0.0220625941 -0.128308013 0.0180288218
v  -0.0253046472 -0.134271786 0.0128126089
v  0.0220686272 -0.128207132 0.0180237908
v  0.0162641201 -0.0808000118 0.0148148052
v  0.0197434947 -0.12759009 0.0177342873
v  -0.0197453797 -0.1290043 0.0177323949
v  -0.0206931606 -0.128665313 0.0167818349
v  -0.0218146797 -0.130503342 0.0124679226
v  0.0220004823 -0.130496144 0.0120867286
v  0.0187582523 -0.128301784 0.016517343
v  -0.0187594276 -0.128294289 0.0165195875
v  -0.0240087043 -0.134314939 0.00913114101
v  -0.0211155117 -0.0803729892 0.00667472696
v  -0.0196988042 -0.0668000132 0.00979575142
v  0.0206110105 -0.08080367 0.00788704865
v  0.0239501186 -0.134273365 0.00911861099
v  0.0272737313 -0.134256437 0.00790709443
v  -0.0276361462 -0.0668000132 0.00696369587
v  -0.0276479851 -0.0802864954 0.00703851273
v  -0.0267541353 -0.0835586265 0.0098267328
v  -0.0268217642 -0.107238524 0.00966088288
v  0.0222218167 -0.0667977333 0.000518442597
v  0.028417062 -0.0668013766 0.00362167554
v  0.0267578643 -0.106464997 0.00982120261
v  0.0268178489 -0.0827774256 0.00966686755
v  0.0281838663 -0.0798904523 0.00537569774
v  0.0276191123 -0.109599359 0.00721349148
v  -0.0277513154 -0.10976249 0.00659013772
v  -0.0241303593 -0.130502701 0.00741543574
v  0.0241702013 -0.130498588 0.00717037125
v  -0.0277430955 -0.134265363 0.00600250019
v  -0.0257513504 -0.134304687 5.00218011e-05
v  -0.0245554969 -0.110084027 0.00520185893
v  -0.0231553186 -0.107669115 0.00948746316
v  0.0229843166 -0.106400378 0.00984569639
v  0.0240112022 -0.109558359 0.00733069098
v  -0.0235081986 -0.0812183321 0.00847910345
v  -0.0229469724 -0.0840050504 0.00992543064
v  0.0236904956 -0.0808977783 0.0079728961
v  0.0229691081 -0.0837342367 0.0098743625
v  -0.0221402645 -0.066798985 0.00143058691
v  0.0219895542 -0.0799317434 0.0025343881
v  0.0257407725 -0.134284407 -4.25642356e-05
v  0.0283316653 -0.134270772 0.00170698343
v  -0.0284170546 -0.0668013766 -0.0036216476
v  -0.028189145 -0.0798753202 -0.00534482487
v  -0.0284558386 -0.125570729 0.000843198039
v  -0.0283295363 -0.128319308 0.00284914812
v  0.0283550639 -0.127765685 0.00289534917
v  0.0285401866 -0.12541759 -0.000403000973
v  0.028517751 -0.131170765 0.000527885742
v  -0.0251081996 -0.13006109 0.000145589001
v  0.0251081996 -0.13006109 -0.000145614613
v  -0.0249533933 -0.128420159 0.00173118897
v  0.0249569379 -0.128638834 0.00159340166
v  0.0250161979 -0.12675114 0.000365008134
v  -0.0250162128 -0.126751155 -0.000365014188
v  -0.0285141468 -0.131186113 0.000703576952
v  -0.0284072105 -0.134256005 -0.000315253157
v  -0.0284999963 -0.109999999 -3.7252903e-09
v  0.0245554969 -0.110084027 -0.00520185893
v  0.0279675871 -0.109969653 -0.0059185084
v  -0.0211389251 -0.080277957 -0.00651558675
v  0.0279306192 -0.134280831 -0.00486884732
v  -0.0264994446 -0.129796118 0.000704778824
v  -0.026501717 -0.130799204 0.00134429382
v  -0.0264973864 -0.128478438 0.00284494786
v  -0.026500674 -0.127582163 0.00142170256
v  0.0264969654 -0.130856395 0.00126360264
v  0.0265006833 -0.12901783 0.00142171653
v  0.0264973994 -0.128121749 0.00284494599
v  -0.0264969468 -0.125743523 0.00126347039
v  0.0264994707 -0.12680389 0.000704815146
v  0.0265017226 -0.125800908 0.00134454342
v  0.0264994577 -0.129796118 -0.00070473738
v  -0.0264994577 -0.126803905 -0.000704866834
v  -0.0264969524 -0.130856395 -0.00126361847
v  0.0265017301 -0.130799204 -0.00134430313
v  -0.0265017096 -0.125800908 -0.00134455063
v  0.0264969617 -0.125743523 -0.00126349693
v  -0.0284689702 -0.125883207 -0.00147983199
v  -0.0241701733 -0.130498573 -0.00717057521
v  -0.0249569248 -0.128638923 -0.00159336906
v  0.0241303593 -0.130502701 -0.00741544319
v  0.0240087025 -0.134314939 -0.00913118105
v  -0.0275791399 -0.109586358 -0.00724715367
v  -0.0277297124 -0.131792665 -0.00656425115
v  -0.0283439085 -0.129025936 -0.0029076396
v  -0.0240111854 -0.109558478 -0.00733028818
v  0.0276307799 -0.0803314447 -0.00710447226
v  0.0276361499 -0.0668000132 -0.00696370378
v  0.0194244981 -0.0667988062 -0.0108950092
v  -0.027417548 -0.134477898 -0.00627393695
v  -0.0265006702 -0.12901783 -0.00142171187
v  0.0265006851 -0.127582148 -0.00142169348
v  0.0249533914 -0.128420144 -0.00173120666
v  0.0283278897 -0.128853813 -0.00288944296
v  -0.0264973864 -0.128121734 -0.00284494646
v  0.0264973994 -0.128478438 -0.00284494553
v  -0.0198180936 -0.0667979345 -0.0100281648
v  0.0209548417 -0.0804567561 -0.00689516915
v  -0.0239738598 -0.134333909 -0.00913545955
v  0.0255418196 -0.1342922 -0.0122417565
v  0.0218146667 -0.130503342 -0.0124679422
v  -0.0220004488 -0.130496144 -0.0120867984
v  -0.0267679002 -0.134499073 -0.00822162908
v  -0.0263607148 -0.131659031 -0.00787429325
v  -0.0267828014 -0.131809697 -0.00629977649
v  0.02105866 -0.134305373 -0.0146912318
v  -0.0236904845 -0.0808977783 -0.00797289889
v  0.023780467 -0.0808000118 -0.00771293417
v  0.0231553093 -0.107669093 -0.00948747061
v  -0.0273506977 -0.131630048 -0.00800650287
v  0.0250969697 -0.0668000132 -0.0135052539
v  -0.0250969734 -0.0668000132 -0.0135052539
v  0.0268215295 -0.107238464 -0.00966090709
v  -0.0268179309 -0.0827774405 -0.00966687035
v  -0.0267551858 -0.106437117 -0.00983541552
v  -0.0207610317 -0.0807944983 -0.0143674426
v  0.0208795406 -0.0807943717 -0.0141070895
v  0.0230850074 -0.0826898292 -0.00963457953
v  -0.0153720574 -0.0808010325 -0.0159850735
v  0.0159949362 -0.0808005929 -0.0154101383
v  -0.0206932276 -0.066704087 -0.0196600053
v  -0.0249107108 -0.134231314 -0.0137131698
v  -0.0229843166 -0.106400378 -0.00984569639
v  0.026754139 -0.0835586116 -0.00982673001
v  -0.0229691025 -0.0837342367 -0.00987436995
v  -0.0210840646 -0.13427408 -0.0145673901
v  0.0206807014 -0.134338632 -0.0194492172
v  -0.0181613415 -0.130490139 -0.0174371172
v  -0.0177986361 -0.129986182 -0.0175877679
v  -0.0187582467 -0.128301769 -0.0165173393
v  0.0187600106 -0.12829785 -0.0165188368
v  0.0180526692 -0.130493149 -0.0174706616
v  0.0177944414 -0.12661314 -0.0175832808
v  0.01699448 -0.134278536 -0.0191858672
v  -0.0124355135 -0.0667978525 -0.0182536095
v  0.0137724224 -0.0808000118 -0.0208643265
v  0.0208264627 -0.0667296872 -0.0195055529
v  0.0121570779 -0.0668128729 -0.018405674
v  0.0205474775 -0.131168857 -0.0197862517
v  0.0220621787 -0.128308162 -0.0180284288
v  -0.0186275914 -0.134277657 -0.0215734374
v  -0.0220390502 -0.12835972 -0.0180142
v  -0.020516431 -0.125417888 -0.0198323093
v  0.0211765617 -0.125912502 -0.0190855116
v  -0.0211774092 -0.130686179 -0.0190829057
v  -0.0170022342 -0.134275332 -0.0191752631
v  0.0192369707 -0.126796201 -0.0182391591
v  0.0197435077 -0.129009888 -0.0177342668
v  -0.0192369204 -0.129803792 -0.0182391927
v  -0.0197434947 -0.127590105 -0.017734278
v  0.0177036785 -0.12999855 -0.0176625494
v  -0.0177053791 -0.12660113 -0.0176632237
v  -0.0200509969 -0.130533263 -0.0174331255
v  -0.0206931755 -0.127934858 -0.0167818256
v  0.0200511813 -0.126066998 -0.0174329374
v  0.0206931625 -0.128665328 -0.0167818423
v  -0.0134966234 -0.130493462 -0.0211500302
v  0.0135318385 -0.130492479 -0.021134425
v  -0.0137724187 -0.0808000118 -0.0208643265
v  0.0196874812 -0.130747065 -0.0177906416
v  -0.0196874551 -0.125852883 -0.0177906789
v  -0.0182422064 -0.126796216 -0.0192338191
v  0.0182422716 -0.129803777 -0.0192337353
v  -0.00632880814 -0.0807998031 -0.0215436108
v  0.00631897384 -0.0807993338 -0.0215945523
v  0.0061978572 -0.0807991177 -0.0243188813
v  -0.0177335106 -0.129017845 -0.0197441056
v  0.0177335311 -0.127582133 -0.0197440963
v  -0.0177572649 -0.130765736 -0.0197191685
v  -0.018807305 -0.130646706 -0.0214387532
v  0.0177888479 -0.130799174 -0.0196900275
v  -0.0177886821 -0.125800937 -0.0196901783
v  0.0177573357 -0.125834197 -0.0197191071
v  0.0187923461 -0.125946119 -0.0214096941
v  -0.0165302157 -0.128335461 -0.0187580995
v  0.0165286325 -0.128264278 -0.018756222
v  -0.0119404662 -0.13427712 -0.0226769131
v  0.0119404821 -0.13427712 -0.0226769056
v  -0.016171487 -0.0986140445 -0.0235309843
v  0.0161240492 -0.0987129584 -0.0235333741
v  -0.01672481 -0.128121749 -0.020748172
v  0.016724797 -0.128478438 -0.0207481701
v  0.0134013249 -0.134253532 -0.0250399932
v  0.00615065545 -0.0661157593 -0.0218646228
v  -0.00667173974 -0.0662554651 -0.0212456957
v  0.0181808546 -0.129335672 -0.0219401214
v  -0.0181887932 -0.127265766 -0.0219489168
v  -0.00620896369 -0.0807983726 -0.0243294407
v  0.015854165 -0.0648489073 -0.0240040738
v  -0.0152437519 -0.0643929169 -0.0248081684
v  -0.00585198496 -0.13050139 -0.0245923568
v  -0.00972518697 -0.116121918 -0.0230380055
v  -0.0112101501 -0.11465694 -0.0223505851
v  0.011210124 -0.115343153 -0.0223501474
v  0.00367029058 -0.130500883 -0.0254489295
v  0.00972512923 -0.113878094 -0.0230379254
v  -0.00596562773 -0.0637419745 -0.0253839344
v  -0.00878735352 -0.134328574 -0.0270170514
v  -0.0112349931 -0.115233667 -0.0259987842
v  0.0112350183 -0.11476633 -0.0259987842
v  -0.00364576606 -0.134299189 -0.0256218519
v  0.00619081175 -0.134279445 -0.0248711631
v  -0.00939275511 -0.113961183 -0.0260006841
v  0.00939275976 -0.116038822 -0.0260006841
v  0.00900667813 -0.115670763 -0.0233252142
v  -0.009006612 -0.114329323 -0.0233252421
v  -0.00933131389 -0.115944825 -0.0259998776
v  0.0093312813 -0.114055179 -0.0259998869
v  0.00650622137 -0.134277493 -0.0276096836
v  -0.00587443262 -0.0771104172 -0.0242984258
v  0.00567911519 -0.0780682936 -0.0243543219
v  0.00590634067 -0.0770888105 -0.0338776074
v  0.00187269587 -0.13049975 -0.0249532945
v  0.0117124012 -0.119997881 -0.0261176694
v  -0.0116310632 -0.109999388 -0.0260504913
v  -0.0117819905 -0.119998842 -0.0260761455
v  0.0150545891 -0.0984959379 -0.0256852042
v  -0.0061480985 -0.0771194845 -0.0343410522
v  -0.00621969113 -0.0694254488 -0.0357705168
v  0.0062205242 -0.069067277 -0.0358264111
v  0.00600080658 -0.0604570024 -0.0275106579
v  0.0149456561 -0.0605851151 -0.0275312662
v  0.0116638876 -0.109999686 -0.0260243751
v  0.0139893573 -0.0998902842 -0.0250965953
v  -0.0128262453 -0.0257800445 -0.0239809547
v  -0.000569333322 -0.028650742 -0.0280000027
v  0.000569337048 -0.028650742 -0.0239999946
v  2.27179262e-05 -0.0250922702 -0.0242454074
v  0.0155124292 -0.025285352 -0.0280006249
v  0.013255137 -0.0254712217 -0.0239828955
v  0.00641997904 -0.0243007541 -0.0242222417
v  -0.00930414163 -0.0269385129 -0.0280000009
v  -0.00655917777 -0.0242140815 -0.0242466964
v  0.0181664154 -0.0219927132 -0.0280813742
v  0.0123364367 -0.0218354985 -0.024262609
v  -0.0123341596 -0.0218286589 -0.0242657959
v  -0.0180334523 -0.0220721662 -0.027868934
v  -0.0195671599 -0.020728536 -0.0241960641
v  0.0183278248 -0.0218290389 -0.0256481357
v  0.0202457849 -0.0200640783 -0.0241261777
v  0.0176399052 -0.0177819133 -0.0242804028
v  -0.0176757146 -0.0177484676 -0.0242774989
v  -0.026625067 -0.0113917403 -0.0239781402
v  -0.0212734137 -0.0189702958 -0.0246619564
v  0.0220430475 -0.0120034367 -0.0242264383
v  0.026575679 -0.0115463957 -0.0239629801
v  -0.0220565274 -0.01197524 -0.0242284331
v  -0.0220629107 -0.0180167183 -0.027734438
v  -0.0231603775 -0.0164195672 -0.0320829898
v  -0.0266698878 -0.0101223066 -0.0319521986
v  0.022086544 -0.0180310979 -0.0262850653
v  0.0231148489 -0.0165038928 -0.0320829302
v  0.0267163794 -0.0100175254 -0.0319706164
v  0.0241667219 -0.00677412003 -0.0242024735
v  -0.0241707824 -0.0066761151 -0.0242626946
v  -0.0285104178 -0.000464946032 -0.0241918489
v  -0.0283685606 -0.00286743045 -0.0262838639
v  0.0283655394 -0.00283599645 -0.0273378342
v  0.0284891967 -0.00113101304 -0.0241743475
v  -0.0250946991 1.53332949e-05 -0.0242039692
v  0.0268227048 -0.000979699194 -0.0242693406
v  0.0250786599 -1.26883388e-05 -0.024254119
v  -0.0272933282 0.00962982327 -0.0239566918
v  0.0267505534 0.00089609623 -0.0243141223
v  0.0241773743 0.00673037022 -0.0241993833
v  -0.0241630655 0.00670833141 -0.0242656022
v  0.0284759458 0.00113558024 -0.0241762158
v  0.0272286404 0.00973098725 -0.0239961091
v  -0.0283606127 0.00286721438 -0.0277153626
v  -0.0284689404 0.00161827356 -0.0246506482
v  -0.0285344552 0.000858433545 -0.0320410952
v  -0.0265384875 0.0104797184 -0.0319343582
v  0.0283546392 0.00286849588 -0.0272508357
v  0.0285564754 0.00067897886 -0.032078892
v  0.0265961792 0.0103244781 -0.0319678336
v  0.0220568869 0.0119745135 -0.0242284834
v  -0.0220430903 0.0120033473 -0.0242264438
v  -0.0210199561 0.0192828551 -0.0242785979
v  -0.0220492482 0.0180529505 -0.0276288018
v  0.0220422577 0.0180421472 -0.0263878293
v  0.0201377627 0.0201994479 -0.0241159517
v  0.0176757313 0.0177484602 -0.0242774971
v  -0.0176399015 0.017781876 -0.0242804177
v  -0.0123365028 0.0218353942 -0.0242626313
v  -0.0140704261 0.0251039639 -0.0239651166
v  0.0123341493 0.0218286663 -0.0242657941
v  0.0165295545 0.0232168585 -0.0239999928
v  -0.00633912766 0.0241504908 -0.0243542138
v  0.00587859284 0.0242509395 -0.0243639611
v  -0.0180252511 0.0220801607 -0.0277149547
v  -0.0189828593 0.0212764442 -0.0246541854
v  -0.0204586815 0.0199635848 -0.0320060365
v  -0.0133366361 0.0251869783 -0.0319999978
v  0.0180294327 0.0220855847 -0.0262877978
v  0.0134389615 0.0251430348 -0.031990476
v  0.0066885096 0.0279408991 -0.0239582211
v  2.60048328e-05 0.0251212046 -0.0241638571
v  -0.00351764844 0.0282820612 -0.0239999928
v  -0.00279216212 0.0283800885 -0.0320633873
v  0.00619024411 0.0277007744 -0.0321132168
v  -0.000620185165 0.0284923837 -0.0242606215
v  -0.00286832498 0.0283652619 -0.0262885969
v  0.00286641694 0.0283519551 -0.0277150851
v  0.00162478327 0.0284658298 -0.0246571396
v  -0.0150385303 -0.0984577537 -0.0258287247
v  -0.0140510304 -0.0998724923 -0.0249545965
v  -0.0198460612 -0.0176336318 -0.0246298406
v  -0.019000886 -0.0184774958 -0.0254448969
v  -0.0179015901 -0.0195748359 -0.024346184
v  0.0179274995 -0.0195478871 -0.0259234998
v  0.0191316176 -0.0183459111 -0.0255285185
v  0.0195879359 -0.0178883597 -0.0243474692
v  0.0176375341 -0.0198402852 -0.0246595722
v  -0.0265020989 0.00156443566 -0.0246298444
v  -0.0264994763 -0.00131233037 -0.0244394429
v  -0.026499087 0.00114607811 -0.025923593
v  -0.0264998004 -0.00101649016 -0.0256600175
v  0.0264991 -0.00114583969 -0.0259235129
v  0.0264998153 0.00101593137 -0.0256600063
v  -0.0179273244 0.0195480511 -0.0259235688
v  -0.0191316027 0.0183459297 -0.0255285203
v  -0.0182014946 0.0192749575 -0.0241096597
v  0.0202414617 0.017239131 -0.0249597579
v  0.0190009139 0.0184774771 -0.0254448913
v  0.0178131182 0.0196632296 -0.0244281292
v  0.00156438688 0.0265021101 -0.0246298201
v  -0.000768213882 0.0265013576 -0.0254415572
v  -0.00130822731 0.026499778 -0.0244281422
v  -0.00290952111 -0.0806701854 -0.0249110386
v  -0.00520901801 -0.0787907094 -0.0335893035
v  0.00460414961 -0.0793321505 -0.033351507
v  -0.0038790626 -0.0799322277 -0.032892298
v  0.026499074 0.00247049332 -0.0256407205
v  -0.0204873644 0.0169905797 -0.025632441
v  0.00152448309 0.0264990702 -0.0265548807
v  0.000118853633 -0.0251058452 -0.0319995433
v  0.0060422821 -0.0243603885 -0.032000076
v  -0.00601376174 -0.0243337378 -0.0320002139
v  -0.0164359491 -0.0188432261 -0.0319859423
v  0.0137724224 -0.0208643228 -0.0319999941
v  -0.0164134298 -0.0188705884 -0.0270585865
v  -0.0176476445 -0.017729111 -0.0254504085
v  0.0169199537 -0.0184034668 -0.025734514
v  0.0184967797 -0.0168476552 -0.02594891
v  -0.0186433382 -0.0166755952 -0.0263098516
v  -0.0238075592 -0.00900037587 -0.0320177674
v  0.0203895587 -0.0146891586 -0.0319886915
v  0.0186078567 -0.0166949257 -0.0277485084
v  0.0248574857 -0.00264449418 -0.0319917761
v  -0.0249511916 -0.00173735619 -0.0270589329
v  -0.0250157453 -5.74961305e-05 -0.0254507102
v  0.0250157509 5.7503581e-05 -0.0254507102
v  0.024950657 -0.00173739344 -0.026938675
v  -0.0249506775 0.00173768401 -0.0269390382
v  -0.024857346 0.002644822 -0.0319917575
v  0.0249512568 0.00173764676 -0.0270587094
v  0.0238078926 0.00899915397 -0.0320147537
v  -0.0203891061 0.0146899223 -0.0319905914
v  -0.0186078753 0.0166949257 -0.0277484618
v  -0.0184965041 0.016847752 -0.025948856
v  0.0186433084 0.016675517 -0.0263098739
v  0.0176476445 0.0177291036 -0.0254504066
v  -0.0169197265 0.0184037909 -0.0257345624
v  -0.0120553998 0.0221675858 -0.0320043787
v  0.0164134875 0.0188705847 -0.0270585809
v  0.0164361466 0.0188429505 -0.0319859348
v  0.0054841591 0.0246065855 -0.0320003964
v  -0.00177122245 0.0249621272 -0.0319996327
v  -0.00173535908 0.0249411017 -0.0270583034
v  -4.57253773e-05 0.0250176489 -0.0254482497
v  0.00166764599 0.0249408484 -0.0268894471
v  0.00315307523 -0.0803195611 -0.0328193232
v  0.00230857823 -0.0806222409 -0.0249016713
v  -0.00168295158 -0.0807638466 -0.0327572525
v  0.00154765905 -0.128742278 -0.0249558389
v  0.000451229105 -0.126721948 -0.0250064824
v  -0.0017070804 -0.128385916 -0.0249507632
v  4.85734199e-05 -0.129842535 -0.0250034425
v  0.00159297511 -0.128748626 -0.0265014879
v  -0.00156764616 -0.128685862 -0.0265015643
v  -4.75659108e-05 -0.126600161 -0.0264988169
v  0.00153623684 -0.0810273811 -0.0334056504
v  -1.5401567e-05 -0.129838943 -0.0264981855
v  -0.0177771542 -0.0196989626 -0.026258098
v  -0.0167516321 -0.0207245871 -0.026998464
v  0.0167400166 -0.0207380429 -0.0268958621
v  -0.0198471025 -0.0176298395 -0.0270007271
v  -0.0207354315 -0.0167399719 -0.0268402211
v  0.0207353923 -0.0167400166 -0.027159974
v  -0.0264991149 -0.0028251633 -0.0271599591
v  0.0265019536 -0.00283434242 -0.0269774497
v  -0.0264991149 0.00282520056 -0.0268402174
v  0.0198472384 0.0176297054 -0.0270017665
v  -0.0167399887 0.0207354352 -0.02684021
v  0.0177771561 0.0196989477 -0.0262580849
v  0.0167400297 0.0207353979 -0.027159974
v  -0.00282515702 0.0264991224 -0.0271599665
v  0.00282520894 0.0264991224 -0.0268402062
v  0.000340272731 -0.134204641 -0.028446272
v  0.019847041 -0.0176299289 -0.0269996598
v  -0.0198470764 0.0176298842 -0.0269994102
v  2.53120743e-06 -0.120000653 -0.0285651907
v  0.000433094508 -0.109999999 -0.0286317486
v  -0.00600000378 -0.0586922355 -0.0278696511
v  -0.014999859 -0.0589504205 -0.0278056264
v  0.0177773517 -0.0196987614 -0.0277422871
v  0.0264998171 -0.00101594627 -0.0283401124
v  -0.026499806 0.00101526082 -0.0283401161
v  0.0264996476 0.00240951031 -0.0284690354
v  -0.0202413872 0.0172391981 -0.0290402714
v  0.0204872638 0.016990684 -0.028367782
v  -0.0177773666 0.0196987465 -0.027742153
v  -0.000688516011 -0.13111116 -0.0265007652
v  0.00290659885 -0.129069075 -0.0264967941
v  0.000440644566 -0.131183535 -0.0285126995
v  -0.0029067276 -0.127518579 -0.0264968388
v  -0.00290739699 -0.128978074 -0.0283411965
v  0.00280872779 -0.128427252 -0.0283574574
v  0.000661016617 -0.125475079 -0.0265000015
v  0.00151581084 -0.12594144 -0.028462043
v  -0.000987935229 -0.125634998 -0.0284877233
v  -0.0179275256 -0.019547835 -0.0280765388
v  -0.0264990702 -0.00114566088 -0.0280765519
v  0.0264990833 0.00114566088 -0.02807655
v  0.0179274492 0.019547902 -0.0280765072
v  -0.000983922044 0.0264999196 -0.0282944776
v  0.0171707999 -0.0181875154 -0.0285271239
v  -0.0181833338 -0.0171956196 -0.0285172053
v  0.0181822982 0.0171968862 -0.0285173841
v  -0.0171713699 0.0181873068 -0.0285271462
v  -0.0147782508 -0.0989134833 -0.0297388081
v  -0.0136180129 -0.0997566283 -0.0299108922
v  0.0139330793 -0.0998358801 -0.0294585843
v  0.0148591744 -0.09863884 -0.0297080986
v  -0.0147625767 -0.0701231956 -0.0357087776
v  0.014746421 -0.0698170885 -0.0357639231
v  -0.000433090725 -0.100000009 -0.0286317468
v  -0.0175719094 -0.0199053735 -0.0292972643
v  -0.019131545 -0.0183459781 -0.0284714382
v  0.0190009121 -0.0184774697 -0.0285551008
v  0.019846037 -0.0176336691 -0.0293701664
v  -0.026502464 -0.00154431909 -0.0293560717
v  -0.01900094 0.0184774548 -0.0285551064
v  0.0191315468 0.0183459818 -0.0284714419
v  0.0182014164 0.019275032 -0.0298902504
v  -0.00156443007 0.0265021101 -0.0293701459
v  0.000900961866 0.0265002698 -0.0282503497
v  0.0264978576 -0.000974558294 -0.0298278723
v  0.0177228078 -0.0197468996 -0.0295868292
v  -0.0195887405 -0.017887488 -0.0296518058
v  0.0208936501 -0.019425448 -0.0297895074
v  -0.028463861 -0.00163699687 -0.0292971246
v  -0.0264997687 0.00130800158 -0.0295719374
v  0.0210752916 0.0191823468 -0.0296032894
v  -0.017813284 0.0196630657 -0.0295719467
v  0.0189762972 0.0212803707 -0.0293389205
v  -0.00162727793 0.0284555331 -0.0293396059
v  0.00130801229 0.026499778 -0.029571943
v  0.0214559846 0.0187225789 -0.0320768207
v  0.0250146035 -5.72651625e-05 -0.0285491068
v  -0.0250145961 5.72651625e-05 -0.0285491068
v  6.66606793e-05 0.0250062272 -0.0285627022
v  -0.0152226528 -0.026925426 -0.0279989485
v  -0.0148724252 -0.0276197344 -0.0357876047
v  -0.00541235693 -0.0369384736 -0.0280000027
v  0.00562798511 -0.0379340425 -0.0280000027
v  0.00585863739 -0.0384424888 -0.0319999978
v  -0.00589118106 -0.0386431105 -0.0319999978
v  0.00241430104 -0.0349989347 -0.0319999978
v  0.00185416592 -0.0348857567 -0.0280000027
v  -0.00366754457 -0.0356748477 -0.0319999978
v  0.0148743261 -0.0275673606 -0.0358043388
v  -0.0166408811 -0.0235204138 -0.0321332477
v  0.0164704211 -0.0229403749 -0.0358215272
v  0.0167450476 -0.0233819485 -0.0321280658
v  -0.0189736728 -0.021265693 -0.0293655898
v  0.0284884181 0.0014032349 -0.0294471029
v  0.0284984391 -0.0010997653 -0.0295969229
v  -0.00944481324 -0.0621677004 -0.0289982129
v  -0.0107080173 -0.0631218851 -0.0289532635
v  -0.0111132311 -0.0618876442 -0.0284046214
v  -0.010351521 -0.0608801804 -0.0289837606
v  0.0115551967 -0.0621676967 -0.0289982129
v  0.0102552138 -0.0631001219 -0.0289714597
v  0.0104999933 -0.0619999915 -0.0284189023
v  0.0106784916 -0.0608989932 -0.0289872028
v  0.00948828552 -0.0617307052 -0.0289943181
v  -0.0104542477 -0.0258304402 -0.0289447308
v  -0.00953467749 -0.0274801627 -0.0289846882
v  -0.0105000045 -0.0269999951 -0.0284189023
v  -0.0114568239 -0.0276456401 -0.0289654564
v  0.0115551958 -0.0271677002 -0.028998211
v  0.0102919489 -0.0281218812 -0.0289532691
v  0.00988675933 -0.0268876515 -0.0284046251
v  0.0106484508 -0.025880184 -0.0289837644
v  -0.0206514169 -0.0196414627 -0.0297026783
v  -0.0285128802 0.000669136643 -0.029726686
v  -0.020086281 0.0202513412 -0.0298745502
v  0.00062878849 0.0284956098 -0.0297368765
v  0.0107755261 -0.063011907 -0.035999909
v  0.00948286615 -0.0624870025 -0.0359998383
v  -0.0107792644 -0.0631486252 -0.0360000096
v  -0.00939892698 -0.0617255159 -0.0360000841
v  0.0116010876 -0.0617255159 -0.0360001028
v  -0.011243959 -0.0611349419 -0.036000073
v  0.0100856861 -0.0610174648 -0.03600014
v  -0.0100211669 -0.0279686376 -0.0360000543
v  -0.0116010755 -0.027274482 -0.0360000804
v  0.0110362787 -0.02795773 -0.0359999724
v  0.00930803362 -0.026896596 -0.0360000059
v  -0.00992177986 -0.0259064138 -0.0360000469
v  0.0113433907 -0.026252158 -0.0360000096
v  0.0140356747 -0.099302642 -0.0301087573
v  -0.0142448051 -0.0982088447 -0.0303380731
v  -0.00293278159 -0.0810859129 -0.0336257555
v  0.00330580678 -0.0810563266 -0.0337088034
v  0.00632331567 -0.0785622373 -0.0342456177
v  -0.00634637801 -0.0239564851 -0.0358245149
v  0.00636145566 -0.0238281786 -0.0357662439
v  -0.0164565258 -0.0231429636 -0.0357718542
v  -0.00780371949 -0.0213201195 -0.0319996402
v  0.0169781614 -0.0150449127 -0.0319999978
v  0.00762624107 -0.0214734748 -0.0319993384
v  -0.00782901142 -0.0215285644 -0.0357153229
v  0.00771543197 -0.0217298865 -0.0358121991
v  -0.0162883028 -0.0157760158 -0.0319968052
v  -0.0118755074 -0.0195531175 -0.0339930542
v  -0.0104193659 -0.0202193409 -0.0357432589
v  0.0102067413 -0.0202552602 -0.0357781835
v  0.0162883736 -0.0157758594 -0.0339972563
v  0.0119911395 -0.0195538402 -0.033998888
v  -0.0234360173 -0.0127677172 -0.0340033695
v  -0.0161755066 -0.021277342 -0.033965461
v  0.0162279606 -0.0212108791 -0.0340611041
v  -0.0171148311 -0.0148589239 -0.0340000018
v  0.0238372181 -0.0119125918 -0.0340033546
v  -0.0220957398 -0.00513667241 -0.0319999978
v  0.0223221555 -0.00404089689 -0.0319999978
v  0.0220957473 -0.00513666496 -0.0340000018
v  -0.0266857892 -0.00031658262 -0.0340039283
v  -0.0223221481 -0.00404090434 -0.0340000018
v  0.0266407542 0.0006268695 -0.0340033546
v  -0.0215504598 0.00708414614 -0.0319999978
v  0.021174917 0.00813820958 -0.0319999978
v  0.0215504467 0.00708418339 -0.0340000018
v  -0.022025397 0.00459696352 -0.0339999981
v  -0.0237311237 0.0122074783 -0.0340047143
v  0.0232499484 0.0130202398 -0.0340040252
v  -0.0181963593 0.0135462284 -0.0340000018
v  -0.0147384051 0.0172449052 -0.0319999978
v  0.0138701042 0.0179506913 -0.0319999978
v  0.0147383632 0.017244935 -0.0340000018
v  -0.0152604543 0.0218940526 -0.0340039283
v  -0.00851617474 0.0210257545 -0.0340000018
v  -0.00364045962 0.0223909542 -0.0319999978
v  0.0060666441 0.0216667205 -0.0319999941
v  0.00364043936 0.0223909542 -0.0340000018
v  0.0144548127 0.022387065 -0.0340033546
v  -0.000848660944 0.0268762857 -0.0340107083
v  -0.0160646439 -0.0215719715 -0.0357753485
v  -0.0146553051 -0.0203835927 -0.0357783176
v  0.0146515071 -0.0203694403 -0.0357948206
v  0.000995082315 -0.139164135 0.0249822512
v  0.00230382173 -0.131002009 0.0249308888
v  -0.000477110007 -0.138839632 0.0249968302
v  -0.000337108737 -0.138758793 0.0206411071
v  -0.000506942044 -0.130898684 0.0250784494
v  0.00103310496 -0.128893241 0.0249811504
v  -0.000473339605 -0.129267037 0.0249975268
v  -0.000328242022 -0.12935853 0.020632606
v  -5.90807758e-09 -0.126299992 0.0250000022
v  -0.00238608592 -0.126302719 0.0248941649
v  0.000473338645 -0.127332985 0.024997497
v  -0.00103309727 -0.127706796 0.0249808561
v  0.000328259572 -0.127241477 0.0206326004
v  0.00305156573 -0.126303926 0.0248296633
v  -5.90807758e-09 -0.126299992 0.00400000392
v  -0.0042798114 -0.144799992 0.0246309433
v  -0.00753791397 -0.144799963 0.0198773723
v  0.00251586037 -0.144798517 0.024943402
v  0.000347191817 -0.140855983 0.0250044316
v  0.00198265235 -0.130944043 0.0230044071
v  -0.00739798741 -0.130996913 0.0242543686
v  -0.00766072003 -0.130935803 0.021953566
v  -0.00108196924 -0.140025824 0.0249762703
v  -0.000333849719 -0.14084281 0.0206413958
v  0.00114905415 -0.139790058 0.0206232779
v  0.00104235031 -0.128593758 0.0206329674
v  -0.000834835111 -0.128075257 0.0201771837
v  -0.000820093032 -0.139801726 0.0202365164
v  0.00432246272 -0.144799992 0.000247924589
v  0.00941289775 -0.130933285 0.021110978
v  0.0102123693 -0.131000012 0.0229374208
v  -0.0127356872 -0.126290068 0.0219213013
v  -0.0105338329 -0.13090001 0.0227565933
v  0.0127593353 -0.130903527 0.0219087806
v  -0.00232805638 -0.126300007 0.00344456593
v  0.0130421352 -0.126293495 0.0216524117
v  0.00333023746 -0.126300007 0.00275325263
v  -0.00831028447 -0.144800127 0.0216755271
v  -0.0131371366 -0.144801676 0.0215463098
v  0.00739338621 -0.144800112 0.0208358131
v  0.010188601 -0.144799992 0.0228840355
v  -0.00965349469 -0.144799992 0.0202081036
v  0.00893658958 -0.144800156 0.0215569269
v  0.00955054816 -0.144799814 0.0200603772
v  0.0154406056 -0.144799992 0.0196618289
v  -0.0170562547 -0.131001726 0.0183261093
v  0.0164502766 -0.130926132 0.016298553
v  0.0186155457 -0.131001219 0.0168580972
v  -0.0173824262 -0.130897239 0.0179981273
v  -0.0164509881 -0.130926117 0.0162978321
v  0.00833269767 -0.138786256 0.0216772165
v  -0.00867984351 -0.138779774 0.0216692854
v  -0.00748448214 -0.13879393 0.0208305866
v  -0.00851470791 -0.138184115 0.020556327
v  0.00954492111 -0.13879393 0.0208306126
v  0.00851471163 -0.138184115 0.020556327
v  -0.00958099775 -0.138790801 0.0203698706
v  0.00744019495 -0.138798073 0.0203858074
v  -0.00820274372 -0.1387887 0.0194703154
v  0.00876340549 -0.138769433 0.0194364134
v  0.0213718172 -0.14480038 0.0136172399
v  -0.0197720248 -0.144800261 0.0154345054
v  0.00823407713 -0.144799873 0.019525826
v  -0.0178007465 -0.140879974 0.0175580438
v  -0.0168365464 -0.139790982 0.0184839778
v  0.0177228954 -0.140940204 0.017638538
v  0.016916858 -0.139854282 0.0184068307
v  -0.0178391971 -0.1387209 0.0175191928
v  0.0176379643 -0.138659805 0.0177226979
v  -0.0169630907 -0.129044265 0.0183738209
v  0.0196661018 -0.130900681 0.0155598167
v  0.0175559558 -0.129379779 0.0177992526
v  0.0169157349 -0.128352195 0.0184077453
v  -0.0196695123 -0.126297876 0.0155550614
v  -0.0177216586 -0.127160013 0.0176373087
v  0.0175166838 -0.127221093 0.017837083
v  0.0210983437 -0.126295283 0.0139797814
v  -0.0137666799 -0.127874061 0.0147618707
v  -0.0141786244 -0.129301056 0.0149998404
v  0.0139080081 -0.140272036 0.0152975712
v  0.0142050199 -0.138791531 0.0149629787
v  0.0139022777 -0.128761485 0.015300747
v  0.0142134419 -0.127273172 0.0149417166
v  -0.0138435792 -0.139509559 0.0153575707
v  -0.0144146224 -0.14085415 0.0147645418
v  0.0149998358 -0.140801057 0.0141786318
v  -0.0149416924 -0.138773173 0.0142134558
v  0.0147645436 -0.129354149 0.0144146327
v  -0.0149629619 -0.12729153 0.0142050274
v  -0.0184040852 -0.128760815 0.0169233475
v  -0.0153007507 -0.140261486 0.0139022674
v  0.01476188 -0.139374077 0.0137666762
v  -0.0152975703 -0.12877205 0.0139080044
v  0.0184846874 -0.128290847 0.0168369822
v  0.0153575866 -0.128009588 0.0138435867
v  -0.018408047 -0.139852285 0.0169160105
v  0.0184075851 -0.139747292 0.01691637
v  -0.0219057724 -0.131000012 0.0122049693
v  0.0212314297 -0.130930632 0.00910946727
v  -0.0222538076 -0.13090001 0.0115582068
v  0.0141662601 -0.128299996 0.014166262
v  -0.0141662564 -0.139799997 0.014166262
v  -0.0212318134 -0.130930617 0.00910868309
v  0.0194350015 -0.144800127 0.00823521428
v  0.0206617322 -0.144799978 0.00966627151
v  -0.0246815663 -0.144801691 0.00522237504
v  0.023839457 -0.131000012 0.00770321628
v  -0.0246813148 -0.126292467 0.00572308106
v  0.0246877298 -0.130902812 0.00570423855
v  -0.0248259641 -0.130999416 0.00379848061
v  0.0229863152 -0.13094157 0.00211944943
v  -0.0248285271 -0.130901232 0.00362443039
v  -0.00406007655 -0.126300007 0.000144202262
v  0.0248247907 -0.126296341 0.00364374137
v  0.0196702871 -0.138797745 0.00914655253
v  0.0213108975 -0.138779148 0.00935494713
v  0.0205563251 -0.138184115 0.0085147135
v  0.021499617 -0.144800112 0.00775451446
v  0.0248420574 -0.144800305 0.00332847284
v  0.0212482959 -0.138769895 0.00764699792
v  0.0197395291 -0.138801754 0.00782261603
v  -0.0229863692 -0.13094157 0.00211825734
v  0.0250233579 -0.131001502 5.68106771e-08
v  -0.0248181447 -0.144800603 -0.00374360383
v  -0.00794251449 -0.144799992 -0.0101401843
v  -0.00410058862 -0.144799992 0.00138936657
v  0.00056926487 -0.144799992 0.00414608466
v  0.00147418433 -0.144799992 -0.00385074504
v  0.0246861223 -0.144800529 -0.00511335349
v  -0.0249770787 -0.140034944 0.00108078169
v  -0.0250012334 -0.140862957 -0.000310227275
v  0.0249932818 -0.140739471 0.000850776676
v  -0.0247021299 -0.130999178 -0.00522341393
v  -0.0249996427 -0.138786361 0.000401971396
v  0.0250007659 -0.1387375 0.000356996432
v  -0.0249920692 -0.129064724 0.000906994101
v  -0.0246877316 -0.130902812 -0.00570425065
v  0.024828501 -0.130901232 -0.00362454611
v  0.0250038579 -0.129457936 -3.56584787e-05
v  0.0249914359 -0.127589256 0.000994183589
v  -0.0248248093 -0.126296341 -0.00364368572
v  -0.0250033773 -0.127117634 0.000130032189
v  0.0246813204 -0.126292467 -0.0057230494
v  0.0206232872 -0.139809906 0.00114906207
v  0.0206033159 -0.127216429 0.00045344606
v  0.0206370838 -0.12916021 0.000772042666
v  0.0200341139 -0.128299996 -3.7252903e-09
v  -0.0206421968 -0.140841618 0.000342189334
v  -0.0206412785 -0.139800355 0.00106361229
v  -0.0200341102 -0.139799997 -3.7252903e-09
v  -0.0206426475 -0.138756171 0.000338104554
v  -0.0206545871 -0.129274517 0.000458980445
v  -0.0206076764 -0.127635613 0.000975724775
v  -0.0200341102 -0.128299996 -3.7252903e-09
v  0.00301860995 -0.126300007 -0.00307869702
v  0.0206424594 -0.140842423 -0.000341287348
v  0.0202365164 -0.139798269 -0.000820087735
v  0.0206430089 -0.1387555 -0.000338019338
v  -0.0206232909 -0.139809906 -0.00114905415
v  -0.0224523041 -0.130932122 -0.00544393202
v  0.0224525221 -0.130932137 -0.00544292293
v  -0.024983041 -0.128861159 -0.00102085387
v  -0.0206391215 -0.12894021 -0.000890950207
v  0.0206030887 -0.128653333 -0.00112881325
v  -0.0206503719 -0.127526939 -0.000750448089
v  0.0249834433 -0.127738699 -0.00102079893
v  -0.0249794479 -0.139426455 -0.00106257573
v  0.0249741878 -0.139801487 -0.00116066216
v  -0.00264049158 -0.126300007 -0.00321916677
v  -0.00232805195 -0.144799992 -0.00344456104
v  -0.021098515 -0.126295269 -0.0139793176
v  0.0237374101 -0.131000012 -0.0081072608
v  0.0196695123 -0.126297876 -0.0155551266
v  -0.0130419927 -0.126293495 -0.0216524843
v  0.0127358465 -0.126290053 -0.0219212342
v  -5.90807758e-09 -0.126299992 -0.00399999693
v  -0.00305210613 -0.126303926 -0.0248295832
v  0.00238629477 -0.126302734 -0.0248941202
v  -5.90807758e-09 -0.126299992 -0.0249999948
v  0.0222537909 -0.13090001 -0.0115582338
v  -0.0216099862 -0.144799992 -0.00809320621
v  -0.0195490047 -0.144799992 -0.00782589242
v  -0.0207377151 -0.14480032 -0.0143405274
v  0.0194865782 -0.144799992 -0.00833742507
v  0.0213474594 -0.144799933 -0.00755182188
v  0.0197721571 -0.144800186 -0.0154342465
v  -0.0206897985 -0.13877365 -0.00738461222
v  0.0195692461 -0.138779163 -0.00796600059
v  0.0214657765 -0.138766855 -0.00781599898
v  0.0205563251 -0.138184115 -0.00851470605
v  -0.0195618253 -0.138721466 -0.00917847361
v  -0.0205563214 -0.138184115 -0.00851470605
v  0.0194136836 -0.130929142 -0.0125253545
v  -0.0194133017 -0.130929172 -0.0125258993
v  -0.018615013 -0.131001219 -0.016858777
v  -0.02160074 -0.138779148 -0.00894433446
v  0.0206245109 -0.138761252 -0.00969686918
v  -0.0206791852 -0.144799992 -0.00965356175
v  0.0205920953 -0.144800127 -0.00968978088
v  0.0181847233 -0.131001234 -0.0172675308
v  -0.0196661558 -0.130900681 -0.0155598037
v  0.0173825771 -0.130897239 -0.0179980285
v  -0.0149998395 -0.140801057 -0.0141786188
v  -0.0184075814 -0.139747262 -0.01691637
v  -0.0147618651 -0.139374062 -0.0137666762
v  0.0149417222 -0.138773188 -0.0142134242
v  0.0184080452 -0.139852285 -0.0169160143
v  0.0153007545 -0.140261471 -0.0139022656
v  0.0141662601 -0.139799997 -0.0141662546
v  0.0149629833 -0.12729153 -0.0142050087
v  0.018404074 -0.12876083 -0.016923368
v  0.0152975749 -0.128772035 -0.0139080025
v  0.0137666855 -0.127874061 -0.0147618651
v  -0.017722901 -0.140940189 -0.0176385175
v  -0.0147645334 -0.129354149 -0.0144146234
v  -0.0184846763 -0.128290877 -0.0168369655
v  -0.0153575772 -0.128009573 -0.0138435923
v  -0.0141662564 -0.128299996 -0.0141662546
v  0.0177216697 -0.127160028 -0.0176372901
v  0.0178392008 -0.1387209 -0.0175192077
v  0.0178007558 -0.140879974 -0.0175580364
v  0.0144146234 -0.14085415 -0.0147645548
v  -0.0176379792 -0.13865982 -0.0177226905
v  -0.0142049957 -0.138791546 -0.0149630085
v  -0.0175559614 -0.129379779 -0.0177992117
v  0.0141786169 -0.129301056 -0.0149998665
v  -0.0175167024 -0.127221107 -0.0178370755
v  -0.0142133869 -0.127273202 -0.0149417482
v  -0.01390801 -0.140272066 -0.0152975712
v  0.0138435978 -0.139509559 -0.0153575651
v  -0.0139022721 -0.1287615 -0.0153007507
v  0.0169630982 -0.129044265 -0.0183738228
v  -0.00956837274 -0.144799992 -0.0201348197
v  -0.0132158734 -0.144801274 -0.0214839485
v  -0.00750739174 -0.144799992 -0.0198675059
v  -0.00251608645 -0.144799128 -0.0249433443
v  0.00744496332 -0.144799992 -0.0203790385
v  0.00930584967 -0.144799933 -0.0195934381
v  0.00427979883 -0.144799992 -0.0246309396
v  0.0132047022 -0.144801363 -0.0214873366
v  -0.0149205318 -0.130918413 -0.0175789818
v  0.0134628834 -0.130926698 -0.0188471954
v  0.016836578 -0.139790922 -0.0184839834
v  -0.0169168524 -0.139854312 -0.0184068084
v  -0.016915733 -0.128352225 -0.0184077229
v  -0.0127595151 -0.130903527 -0.0219087005
v  -0.00941293221 -0.130933285 -0.0211109612
v  -0.0102024954 -0.131000012 -0.0229150914
v  0.0105338898 -0.13090001 -0.0227565728
v  -0.00864818506 -0.13877365 -0.0194262266
v  0.00752763124 -0.138779163 -0.020007614
v  0.00942416303 -0.138766855 -0.0198576096
v  0.00851471163 -0.138184115 -0.0205563195
v  0.00732226018 -0.130996913 -0.0242585391
v  -0.00752021279 -0.138721466 -0.0212200899
v  -0.00851470791 -0.138184115 -0.0205563195
v  0.00555125251 -0.130928978 -0.0224269144
v  -0.00955912657 -0.138779148 -0.0209859498
v  0.000333850534 -0.14084281 -0.0206414033
v  -0.00114906568 -0.139790088 -0.0206232928
v  0.000820067828 -0.139801726 -0.0202365369
v  0.000337142934 -0.138758793 -0.0206411183
v  0.000328242022 -0.12935853 -0.0206326116
v  -0.00104235567 -0.128593788 -0.0206329823
v  0.00083483319 -0.128075272 -0.0201771893
v  -0.000328259484 -0.127241477 -0.0206326097
v  0.00858289935 -0.138761252 -0.0217384826
v  -0.000347124907 -0.140855998 -0.0250044167
v  0.0010819491 -0.140025899 -0.0249762777
v  -0.000995075912 -0.13916412 -0.0249822531
v  0.000477174384 -0.138839647 -0.0249968097
v  0.000473339867 -0.129267037 -0.0249975231
v  -0.00103311939 -0.128893226 -0.0249811597
v  0.00103308528 -0.127706796 -0.0249808654
v  -0.00047333879 -0.127332985 -0.0249974933
v  -0.00863757078 -0.144799992 -0.0216951761
v  0.00855047628 -0.144800141 -0.0217313953
v  -0.00198277575 -0.130944028 -0.0230044127
v  -0.00230389484 -0.131002009 -0.0249308646
v  0.000507141871 -0.130898669 -0.0250784066
v  -0.00801829621 -0.126300007 0.0241087563
v  0.00705570169 -0.126300007 0.0243816711
v  -0.00303040608 -0.126300022 0.00308502233
v  0.00943334959 -0.0808000118 0.0234065987
v  -0.000990238623 -0.0807999447 0.00417537568
v  -0.0105089117 -0.0808000118 0.0227766149
v  0.00177494599 -0.126300022 0.00366491778
v  -0.0197910629 -0.126300007 0.0156579167
v  -0.0190889668 -0.0808000118 0.0165066067
v  0.0176029317 -0.126300007 0.0178703144
v  0.0181445796 -0.0808000118 0.0173200928
v  0.00322372443 -0.0808000118 0.00251327036
v  0.00385945966 -0.126300022 0.00142332958
v  0.0235518757 -0.126300007 0.00906455703
v  -0.00400794763 -0.0808000118 0.000799580943
v  0.0229388643 -0.0808000118 0.0101498868
v  -0.0243423488 -0.126300007 0.0060548936
v  -0.0247596279 -0.0808000118 0.00488034775
v  0.0252300128 -0.0808000118 -0.000550721772
v  -0.024759626 -0.126300007 -0.00488037057
v  -0.00385945686 -0.126300022 -0.0014233184
v  0.0250208862 -0.126300007 -0.00177953579
v  0.00400794437 -0.0808000118 -0.000799595378
v  0.00303038093 -0.126300022 -0.0030850519
v  -0.0239250027 -0.0808000118 -0.00802815892
v  -0.00322371419 -0.0808000118 -0.00251328689
v  0.0226156395 -0.0808000118 -0.0108510135
v  0.0229388811 -0.126300007 -0.0101498468
v  -0.0190889686 -0.126300007 -0.016506603
v  0.000990268076 -0.0807999447 -0.0041753687
v  0.015966814 -0.0808000118 -0.019542709
v  0.0181446224 -0.126300007 -0.0173200499
v  -0.00177490222 -0.126300022 -0.00366493803
v  0.0080183167 -0.126300007 -0.024108747
v  -0.0181445889 -0.0808000118 -0.0173200853
v  -0.0112049095 -0.0808000118 -0.0224423967
v  -0.00705568399 -0.126300007 -0.0243816692
v  0.00643647555 -0.0808000118 -0.0242442396
v  -0.0035000057 -0.0386641882 0.0399999991
v  -0.00500000175 -0.0379975289 0.0393333323
v  -0.00488108955 -0.0389102511 0.039999973
v  -0.00493696332 -0.0388985611 0.037932124
v  -0.00349973538 -0.0381404832 0.0379343405
v  -0.00350000546 -0.0379975289 0.0389999971
v  0.003498493 -0.0383979902 0.0379381552
v  0.00495511759 -0.0388041213 0.0399999358
v  0.00349999568 -0.0381403826 0.0394285694
v  0.0049424069 -0.0388806649 0.0379287414
v  0.00500000408 -0.0379975289 0.0389999971
v  -0.00500000129 -0.0319975168 0.0389999971
v  -0.0035000057 -0.031854663 0.0394285694
v  -0.00495144399 -0.031197615 0.0400000177
v  0.00500000408 -0.0319975168 0.0393333323
v  0.00487944251 -0.0310905501 0.0399999432
v  0.00349999382 -0.0313308612 0.0399999991
v  0.00349902757 -0.031905327 0.0384233557
v  0.00492273737 -0.0311041772 0.0382122658
v  -0.00492448686 -0.0311174132 0.0382117331
v  -0.00350001431 -0.0315973982 0.0382042751
v  0.00920053013 0.00990124792 0.0395851173
v  0.000425293751 0.0188362449 0.0391436405
v  -0.0018244267 0.00648169219 0.0398073234
v  -0.0131839383 -0.00160679966 0.0395824015
v  0.0103123803 -0.00640191138 0.039467562
v  -0.0128040155 0.00886771828 0.0394606143
v  0.0157016665 0.000551313162 0.039368663
v  -0.0217097029 0.00511139631 0.0385123752
v  0.0217706487 0.00182387978 0.0386003666
v  0.0137534495 0.0154770985 0.0388353653
v  -0.0124725085 0.017311044 0.0387890078
v  -0.0222326256 -0.00342331827 0.0383529924
v  0.00013762957 -0.0367758758 0.0389998332
v  -0.00170693651 -0.0347034 0.0389999971
v  0.00164184556 -0.0344551876 0.0390002131
v  -0.000137414943 -0.0367686525 0.0255000312
v  0.00167827762 -0.0346157178 0.0255004056
v  -0.00166349357 -0.0349141955 0.0255000703
v  -2.80405529e-05 -0.0333473235 0.0389997885
v  -0.000278092339 -0.033305604 0.0255000275
v  2.13274543e-05 -0.0305348262 0.0382674113
v  0.0133389467 -0.0317743085 0.0379695855
v  0.0250487104 0.00681447238 0.0373186581
v  0.0193456691 0.0178323835 0.0373025723
v  0.0100292983 0.0240433887 0.0374001451
v  0.00335341808 0.0260244831 0.0373692997
v  -0.0134511963 -0.0318787619 0.0379484184
v  -0.0185668543 0.0182316825 0.0374010727
v  -0.0108797094 0.0247779042 0.0370106027
v  -0.0197784007 -0.0380806141 0.0367627479
v  0.0274707843 -0.00430782139 0.0364957526
v  -0.027628595 -0.00415865332 0.0364212282
v  0.00378785352 -0.0630038902 0.0370123982
v  0.0179851558 -0.0391864218 0.0369385481
v  -0.0242680181 -0.0374327786 0.0358043201
v  0.00513741095 0.0143132284 0.0375026315
v  0.0113859857 0.00361347944 0.0377410203
v  -0.0072664218 0.00379541516 0.0377873518
v  -0.00703758653 -0.0630283877 0.0366377309
v  -0.00755151408 0.0162423328 0.0372775868
v  -0.0159854367 0.00852046907 0.037224818
v  -0.0178474151 -0.00408449024 0.0370580293
v  -0.0268833395 0.0075179413 0.0363299511
v  -0.0225764886 0.0168008283 0.0362374969
v  -0.00505930651 0.0288468525 0.0357181653
v  0.0197109673 0.00527514517 0.0367785245
v  0.0150423357 0.0177446976 0.0362824909
v  -0.00126040273 0.0224896595 0.0364285931
v  0.00500242319 -0.0319976844 0.0361869037
v  -0.00500416849 -0.0319972597 0.0361825079
v  -0.022253016 0.00452281535 0.0362591743
v  0.0265158564 -0.0369668491 0.0351164117
v  -0.0168464147 -0.0356904604 0.0353476219
v  0.0180734396 -0.00509595498 0.0369564965
v  -0.0123641202 -0.0791651979 0.0338839814
v  0.0246592965 -0.00326479226 0.0355874337
v  -0.0230607688 -0.0037008822 0.0360470451
v  -0.0158324074 0.0180776417 0.0360756144
v  0.0285382364 0.00770439953 0.0351234004
v  0.0237679258 0.0177421346 0.0351040959
v  0.0160180759 0.0252041891 0.0351179168
v  0.00530303596 0.0295393616 0.0349965617
v  -0.000573253026 -0.119970329 0.0317793712
v  -0.00763623836 -0.113786809 0.0313028134
v  0.00347800623 -0.104076259 0.0330360085
v  0.023779355 0.00742688775 0.0355900377
v  0.00638748193 0.02408012 0.035717044
v  -0.0161860473 0.0259586051 0.0345606841
v  -0.0271373354 -0.0381223261 0.0345700979
v  -0.00891920924 -0.0776512623 0.0348493159
v  -0.00742178317 -0.080833368 0.0348128863
v  0.00741333794 -0.0802096426 0.0348748118
v  0.00947464723 -0.0774162114 0.0347614214
v  0.0217792764 -0.0540419593 0.0341300406
v  -0.0046781227 -0.0320242755 0.0254951641
v  0.00525000459 -0.0321556404 0.0255001243
v  -0.0046666679 -0.0379975289 0.0255000852
v  -0.00496299099 -0.0379960835 0.0359196812
v  0.00500000408 -0.0322610587 0.0284719858
v  -0.0148835769 -0.0367788114 0.0355406404
v  0.0150025925 -0.0374154337 0.0354627557
v  0.00501725683 -0.0380319618 0.0358741395
v  -0.0274471361 0.00405291468 0.0339450762
v  -0.0241726507 0.0113978386 0.0346994065
v  -0.0179021619 0.0200714916 0.0347011611
v  -0.00868929084 0.0255492702 0.0346998684
v  0.00345975393 0.0271091387 0.0345741734
v  0.00433333591 -0.0379975289 0.0284719896
v  -0.00199999497 -0.0379975289 0.0284719858
v  -0.00399999926 -0.0379975289 0.0284719858
v  -0.011286254 -0.0778171122 0.0342762209
v  -0.00304249441 -0.0624789931 0.0350688845
v  0.0313906781 -0.00449091196 0.0332164094
v  -0.030707093 0.00491994619 0.0333746523
v  -0.0316007435 -0.00480948761 0.0328671336
v  0.00414185738 -0.0633508414 0.0348863713
v  0.0248222258 -0.0367669761 0.0337016843
v  -0.028627865 0.0114405975 0.0337958522
v  -0.0248725135 0.0185100362 0.033807043
v  -0.0279810932 -0.00322819501 0.0338462293
v  -0.0300612096 -0.0363488086 0.0324496925
v  -0.0150359068 -0.0467974097 0.0347612724
v  0.0149901519 -0.0457770489 0.0347811095
v  -0.0227154586 -0.0367696919 0.0342550948
v  0.0226575676 0.0160470456 0.0340940095
v  0.0272579752 0.00592211634 0.0338199325
v  0.0145627623 0.0238107294 0.0340953059
v  -0.0150018726 -0.0377786346 0.0354302488
v  -0.0150000136 -0.0374455005 0.0255001001
v  -0.0179999974 -0.0367788225 0.0255000982
v  -0.0189999994 -0.0367788225 0.0284719896
v  0.0210000053 -0.0367788225 0.0284719896
v  0.0149999959 -0.0371121615 0.0255001001
v  -0.0150193851 -0.0457746163 0.0347461775
v  -0.018666666 -0.0377787799 0.0284719896
v  0.0200000051 -0.0377788395 0.0255000982
v  0.0213333387 -0.0377788395 0.0284719896
v  0.0199650209 -0.0377948843 0.0347862057
v  0.00969716068 -0.0749977827 0.0329224318
v  -0.0255002044 -0.0377795994 0.0334819928
v  -0.0124278665 -0.11384131 0.0297095459
v  0.0126190223 -0.079263106 0.0337611735
v  0.031496007 0.0063886866 0.0316803269
v  0.0300918818 0.0120432377 0.0314005092
v  0.0263893139 0.0192663148 0.0311680641
v  0.0207504034 0.0250632912 0.0316330977
v  0.0145169562 0.0292769447 0.0314004198
v  0.00649486948 0.032115005 0.0314635932
v  -0.00528475922 0.0315797254 0.0328692794
v  0.0301093254 -0.0371787809 0.0321971476
v  -0.0257513486 -0.0367597677 0.0332455523
v  -0.00734078093 -0.0793011039 0.0289995093
v  0.0074140178 -0.0798939094 0.0290008988
v  0.0284353215 -0.00290197134 0.033386793
v  0.00939252041 -0.077500917 0.0290009249
v  -0.0223849341 -0.0457504727 0.0331236571
v  0.0237128511 -0.0457771383 0.0326483734
v  -0.00999930315 -0.0774443001 0.0289999712
v  -0.0180000123 -0.0457766503 0.0252692979
v  -0.0179999974 -0.0457788259 0.0284719858
v  -0.0149978949 -0.0462823771 0.025179822
v  0.0200000051 -0.0457788259 0.0284719858
v  0.020000048 -0.0457466468 0.0253041703
v  0.0141904466 -0.0457295924 0.0253292024
v  -0.0269999988 -0.0367788635 0.0284719896
v  0.0087024197 -0.0822618678 0.0344010293
v  0.0086541241 -0.0821117982 0.0289998744
v  0.0150019499 -0.0467802808 0.0250696875
v  0.0150427679 -0.0467853658 0.0347829908
v  -0.028569445 0.00971655548 0.0314250402
v  -0.0245596673 0.0168689117 0.0322423205
v  -0.0205556434 0.0218831673 0.0320327953
v  -0.0146445706 0.026698038 0.0314985886
v  -0.00816708617 0.0290826261 0.0318317637
v  0.000621161889 0.0292140171 0.0329141282
v  -0.018666666 -0.0467788428 0.0284719896
v  -0.0179999974 -0.0467788428 0.0250578467
v  0.0213333387 -0.0467788428 0.0284719896
v  -0.0255047008 -0.0594267286 0.0310158525
v  -0.00931586139 -0.0757918507 0.0329208672
v  -0.00902255066 -0.0823718011 0.0289994087
v  -0.0101177879 -0.0825608298 0.034033116
v  0.024858227 -0.0378011651 0.03356345
v  -0.0199804977 0.0251390785 0.0322364308
v  -0.0244043451 -0.0467777178 0.0321225375
v  -0.0125948237 -0.0791623518 0.0289996248
v  0.0120028649 -0.0784125626 0.0289995093
v  0.0240927804 -0.0687723607 0.0301033389
v  0.0282142162 -0.0367396176 0.0314459912
v  -0.00970070716 -0.112404153 0.0308910292
v  0.0113022905 -0.0822699815 0.033761546
v  0.0107134636 -0.0824917853 0.0290004108
v  0.0255593434 -0.0467788912 0.0315170847
v  0.0200606678 -0.0636981055 0.0310759861
v  0.0072145774 -0.07702218 0.0332007669
v  0.00514328573 -0.0797413439 0.0332561843
v  0.00949599408 -0.0760222375 0.0328439735
v  0.00333940866 -0.100197777 0.0313728042
v  -0.00499413023 -0.0802971721 0.0332108326
v  -0.00586543279 -0.0794394761 0.0331775658
v  -0.00552513031 -0.1001978 0.0310889278
v  0.0243385304 0.0171193555 0.0321778581
v  0.0294504222 0.00692402571 0.0311585683
v  0.0177786611 0.0248803049 0.0310735945
v  0.0103096291 0.0281041935 0.0321785323
v  -0.0200431682 -0.101863414 0.0273485277
v  -0.0112732947 -0.0822024047 0.0290008467
v  -0.0121802865 -0.0813592523 0.033608146
v  -0.0200000014 -0.0457788259 0.0284719858
v  0.0124181742 -0.0805795118 0.0290002096
v  0.00972969458 -0.112402506 0.0308857653
v  -0.0221077967 -0.0679449141 0.0293961484
v  -0.0266666673 -0.0377787836 0.0284719896
v  -0.0281377546 -0.0367543176 0.0315161049
v  -0.0104562212 -0.0751941949 0.0327061974
v  -0.00499688322 -0.0799989849 0.0260000657
v  0.0053374893 -0.079535991 0.0259999987
v  0.00532283308 -0.0803863853 0.025999967
v  -0.00586698949 -0.0799990669 0.0260000434
v  -0.00713325292 -0.0769820958 0.0260001291
v  0.00699362298 -0.0772459581 0.0260001048
v  -0.0261309613 -0.0457683206 0.031302426
v  0.0220000017 -0.0457788259 0.0284719858
v  0.0058222916 -0.0807607099 0.0330530517
v  -0.00593601353 -0.0807160735 0.0330380574
v  0.010206243 -0.0756891891 0.0260001402
v  0.0262066927 -0.0457505174 0.0311925765
v  -0.0325062722 0.00635109842 0.029039083
v  -0.0303999856 0.0121538565 0.0304110628
v  -0.0267329197 0.0195921436 0.0298854392
v  -0.0147858812 0.0295076072 0.030410802
v  -0.00955102965 -0.0755039304 0.0259999372
v  0.0100000314 -0.075011313 0.0260000881
v  -0.00711094402 -0.082981497 0.0260002594
v  -0.0300799329 0.00490324199 0.0304431636
v  -0.00225005066 0.0310064778 0.0302129071
v  -0.0104293209 -0.0754896253 0.0260010771
v  0.00725832675 -0.0830135494 0.0260000285
v  0.0294812676 -0.0367890187 0.0286671165
v  -0.00934712309 -0.0842683166 0.031975273
v  0.0286643431 -0.0377937295 0.0306019653
v  0.0294145923 -0.0377975106 0.028622603
v  -0.01293818 -0.0771299005 0.0317952447
v  0.0106855687 -0.0757533014 0.0326027349
v  -0.000502961338 0.033260785 0.0297783073
v  0.030654991 -0.00303150713 0.0302963834
v  -0.0306417141 -0.00329626352 0.0303380173
v  0.00772235077 -0.116304718 0.031172974
v  0.00948460586 -0.084247902 0.031936232
v  -0.0200001299 -0.0457739495 0.0252789836
v  -0.0259999987 -0.0457788259 0.0284719858
v  -0.00782235898 -0.116429083 0.0310403462
v  -0.0259999987 -0.0467788428 0.0284719858
v  -0.0259999987 -0.0467788428 0.0250331853
v  -0.0200023651 -0.046778895 0.0250533484
v  0.0281181801 -0.0457972251 0.0285073314
v  0.0219998453 -0.0457607023 0.025301056
v  0.0280000027 -0.0457774699 0.0252247285
v  0.0109277554 -0.100196935 0.0296930578
v  -0.030804731 -0.0191128664 0.0291682389
v  0.0302071981 -0.0322077461 0.0286432486
v  -0.0130576901 -0.0771932676 0.0260009505
v  0.0255282056 0.0177856237 0.0296601113
v  0.00941646565 0.0297476426 0.0296670478
v  0.01409599 -0.0793873519 0.031110188
v  0.0095627699 -0.0845002607 0.0259998348
v  -0.00957081094 -0.0845084265 0.0260001794
v  -0.0139715662 -0.0794983357 0.0311412383
v  0.0076491842 -0.113786288 0.0313126929
v  0.0334768407 -0.00657999143 0.0285990443
v  -0.0335199684 -0.00621969998 0.028352363
v  -0.0104199201 -0.0844513178 0.0316633135
v  0.0104985004 -0.0846002623 0.0316270888
v  0.0143566085 -0.0793893188 0.0260006655
v  -0.0293901414 -0.0377986431 0.0293580946
v  -0.0104301358 -0.084400855 0.0260003414
v  0.0104347197 -0.084502615 0.025999764
v  -0.031851206 -0.035553392 0.0290492084
v  -0.0291396473 -0.0570977144 0.0270170253
v  0.00042936299 -0.134132206 0.0309665781
v  -0.0163001996 -0.100197606 0.027539691
v  0.00325001334 -0.100197479 0.0286792945
v  0.0317765363 -0.0361582488 0.0290419329
v  0.0122671202 -0.113682702 0.0299455468
v  -0.00325002917 -0.101197489 0.0286792945
v  0.00547498604 -0.101198301 0.0310082491
v  -0.00245766947 -0.101196848 0.0314358659
v  2.8704304e-05 -0.11820069 0.0301165674
v  -0.027992934 -0.0467817411 0.028495403
v  0.0228827875 -0.0702283233 0.0283356253
v  0.0220000017 -0.0467788428 0.0250502918
v  0.0279984474 -0.0467801429 0.0250003822
v  0.0124628535 -0.0831655413 0.0260000378
v  -0.012928254 -0.0829213038 0.0260004606
v  -0.00823314674 -0.100197479 0.0277205426
v  -0.013334482 -0.0822632983 0.0310150255
v  -0.0148448125 -0.0802917331 0.0307349693
v  -0.0206125788 0.026613839 0.0278106201
v  -0.00940987933 0.0322670862 0.0283661727
v  0.00773546053 -0.116323657 0.0289998148
v  0.00813437626 -0.113139041 0.0289988611
v  -0.00739832455 -0.115003586 0.0289993901
v  0.00823316909 -0.101197504 0.0277205389
v  -0.00915178843 -0.11262124 0.0290018152
v  0.0147088328 -0.080217883 0.030781189
v  0.0055566025 -0.114521928 0.0296485256
v  0.00694820797 -0.111892305 0.0295973215
v  -0.0121121164 -0.101198621 0.0292229708
v  -0.00575336907 -0.114496507 0.0296112057
v  -0.00718578883 -0.111721426 0.0295538437
v  -0.00521450955 -0.115287878 0.0296500493
v  -0.0147503195 -0.0795593709 0.0259998869
v  -0.0295400042 -0.036779128 0.0291246828
v  0.0146611352 -0.0803362951 0.026000075
v  -0.00674729282 -0.134180129 0.0302224513
v  -0.00971434917 -0.117594868 0.0303847883
v  0.00711199408 -0.133945569 0.0301357005
v  0.00970602036 -0.117594838 0.0303817932
v  -0.0143381581 -0.0804471299 0.0260010939
v  0.0179603416 -0.100197963 0.0265462603
v  0.0288425572 -0.0595890917 0.0267567094
v  -0.00923612248 -0.117427073 0.0290008318
v  -0.00314543024 -0.13494496 0.0300267208
v  -0.0118712513 -0.113146827 0.0290005486
v  0.0109545412 -0.112652816 0.0290014539
v  0.0104774525 -0.117507733 0.0290012788
v  0.00677751983 -0.134940296 0.0294282045
v  0.0117161665 -0.100197509 0.0262544099
v  -0.0262624417 0.0178876966 0.0269950014
v  -0.0215380825 0.0234198347 0.0269934032
v  -0.0099373525 0.0303103477 0.0269989613
v  -0.0280244388 -0.0457834788 0.02855899
v  0.0142148854 -0.101197585 0.0283113364
v  0.00998157263 -0.110274926 0.0288987588
v  -0.0155480327 -0.101197526 0.0244189519
v  -0.00997070037 -0.110304274 0.028898662
v  -0.0259920768 -0.0560127497 0.0284733307
v  0.0279824343 -0.0467783548 0.028473882
v  -0.0121461134 -0.116606288 0.0289983544
v  -0.0121356696 -0.11646308 0.0296415221
v  0.0123331333 -0.116273984 0.0295713861
v  0.0126136588 -0.115613393 0.029004911
v  0.0166170243 -0.134372503 0.0259834696
v  -0.00530716917 -0.114995301 0.026000753
v  0.00514470926 -0.115466155 0.0296406318
v  0.00536045851 -0.114578135 0.0260017589
v  0.0296813548 0.0111074597 0.0269794781
v  0.0262316931 0.0180119947 0.0269857328
v  0.0226819888 0.0223249272 0.0269890856
v  0.0161545407 0.0274344981 0.0269885529
v  0.00938873366 0.0304575786 0.0269926507
v  -3.48360918e-05 0.0319885537 0.0269880164
v  0.0131682968 -0.134199619 0.0280079227
v  0.00549777318 -0.115462087 0.0260006543
v  0.0067942678 -0.118164472 0.0279890243
v  -0.00760442484 -0.11862532 0.0275431033
v  -0.0032500301 -0.134997532 0.0286792945
v  0.00686819479 -0.112039112 0.026000319
v  -0.00694458 -0.111940339 0.026000917
v  -0.0126192188 -0.133945882 0.0283071082
v  -0.0124016879 -0.134917468 0.0275343191
v  0.00679984223 -0.117899112 0.0290893633
v  -0.00714767678 -0.118189923 0.0289807897
v  -0.00283964048 -0.119201243 0.0284555312
v  0.00845838338 -0.119089112 0.0273296405
v  0.00019956498 -0.11919757 0.0299455356
v  0.0330485925 0.00616263598 0.024435658
v  0.0310764425 0.0131030977 0.024031559
v  0.0277261343 0.0193594843 0.024368234
v  0.0235946123 0.0243010595 0.0240734722
v  0.018258106 0.028632313 0.0244155992
v  0.0135117872 0.0311247334 0.0240090638
v  0.00853239838 0.0329667702 0.0243837871
v  0.00158806634 0.0339222327 0.0239984673
v  -0.0248390175 -0.100946337 0.0227351412
v  0.00920604263 -0.129998833 0.0276191775
v  0.00258549326 -0.12999931 0.028997479
v  0.00949957222 -0.119273983 0.0282292124
v  -0.00508241402 -0.130000234 0.0287197474
v  -0.00950256269 -0.119330086 0.0282424707
v  0.00823327247 -0.134998024 0.027720524
v  -0.0315689258 -0.0045732595 0.0270041507
v  -0.0304562766 0.00872706622 0.0269759241
v  0.0315426514 -0.00081589818 0.0270210113
v  0.00999021716 -0.110336155 0.0260011647
v  -0.0100049423 -0.110306643 0.0260009822
v  0.00706486404 -0.118088223 0.0260040015
v  -0.00686383154 -0.117907733 0.0260097701
v  -0.0318085663 0.0110660568 0.0246018153
v  -0.0254946649 0.022278063 0.0245123301
v  -0.0150572211 0.0304643884 0.0244360194
v  -0.00282193976 0.0339566693 0.0246535037
v  0.0212750565 -0.116548777 0.0241753254
v  -0.0180644318 -0.134218052 0.0251017306
v  -0.0292799193 -0.0457357466 0.0252289027
v  -0.00998442248 -0.0815766156 0.02900015
v  0.0090730181 -0.0813641101 0.0290000718
v  0.0114935916 -0.0802563354 0.0290000718
v  -0.0114555303 -0.0800131038 0.0290003363
v  -0.00854451861 -0.0799848959 0.02900034
v  0.0111543592 -0.0810438544 0.0260000341
v  0.00895914063 -0.0810629353 0.0260000341
v  -0.0089524854 -0.0811120421 0.026000265
v  -0.0110232588 -0.0810536593 0.0259999037
v  -0.0110475486 -0.078885898 0.0260002501
v  -0.00897682458 -0.0789442658 0.0259999037
v  0.00950384326 -0.0784210861 0.0290000718
v  0.00884568132 -0.078954123 0.0260000341
v  0.0110408943 -0.0789350271 0.0260000341
v  -0.0100156935 -0.0784212872 0.0290001538
v  -0.00919717178 -0.116320409 0.0290000569
v  0.0090730181 -0.116364107 0.0290000569
v  -0.0110666445 -0.115963146 0.0290000569
v  0.0114935925 -0.115256332 0.0290000569
v  0.0111543592 -0.116043851 0.0260000173
v  0.00895914156 -0.116062932 0.0260000192
v  -0.00925705116 -0.116354972 0.026000049
v  -0.011120311 -0.115878135 0.026000049
v  -0.00875454396 -0.114154875 0.0290000569
v  -0.011210666 -0.113971561 0.0290000569
v  -0.00864629075 -0.114342384 0.026000049
v  -0.0110274451 -0.113788344 0.0260000471
v  0.00950384233 -0.113421082 0.0290000569
v  0.00884568039 -0.113954119 0.0260000192
v  0.0110408952 -0.113935024 0.0260000192
v  -0.0311329439 -0.0271802992 0.0255066305
v  -0.0303616393 -0.0367783196 0.02550756
v  0.0131548392 -0.112000205 0.0274723973
v  -0.0280000027 -0.0367788225 0.0255001131
v  -0.0132418852 -0.112174854 0.0274166893
v  -0.0149896964 0.0281363726 0.0269905198
v  0.0255395137 -0.0706253126 0.0252290163
v  -0.0130984653 -0.112003371 0.0260015801
v  -0.0179999974 -0.065997526 0.000500151422
v  -0.0179999974 -0.065997526 0.0284719858
v  -0.0200000014 -0.065997526 0.0284719858
v  -0.0200000014 -0.065997526 0.000500151422
v  -0.0200031064 -0.0518424883 0.0233931784
v  -0.0199946035 -0.0596191958 0.0183018111
v  -0.0200000051 -0.0635706931 0.0097525809
v  -0.018000003 -0.0636015609 0.00943515822
v  -0.0179999974 -0.0611562505 0.0157861914
v  -0.0180024058 -0.0577121153 0.0198848993
v  -0.0179997049 -0.0521717742 0.0232270155
v  -0.00999999605 -0.065997526 0.000500151422
v  -0.00999999605 -0.065997526 0.0284719858
v  -0.0120000001 -0.065997526 0.0284719858
v  -0.0120000001 -0.065997526 0.000500151422
v  -0.0120014511 -0.0569628961 0.0205358621
v  -0.0120000001 -0.0611520112 0.0157929771
v  -0.0120000001 -0.0635806695 0.00971916877
v  -0.0120000001 -0.0322610587 0.0284719858
v  -0.0120029021 -0.0467134491 0.0252308454
v  -0.00999999605 -0.0322610587 0.0284719858
v  -0.00999999978 -0.063496992 0.0107095111
v  -0.0100047514 -0.0583118014 0.0195218716
v  -0.0100011649 -0.0471504442 0.0252472255
v  -0.00399999926 -0.065997526 0.000500151422
v  -0.00199999497 -0.065997526 0.000500151422
v  -0.00399999926 -0.065997526 0.0284719858
v  -0.00199999497 -0.065997526 0.0284719858
v  -0.0039999946 -0.0634699613 0.0108679924
v  -0.00401003379 -0.0526817217 0.0231157113
v  -0.00400048634 -0.0592449158 0.0184130911
v  -0.00400442583 -0.0449676365 0.0253924262
v  -0.00199175044 -0.0636285394 0.00868886709
v  -0.00199380703 -0.0620211437 0.0144366007
v  -0.00199666782 -0.0572056435 0.0203430448
v  -0.00198892481 -0.0502916351 0.024003813
v  -0.0019862263 -0.0451141521 0.0253918953
v  0.00600000611 -0.065997526 0.000500151422
v  0.00600000611 -0.065997526 0.0284719858
v  0.00400000205 -0.065997526 0.0284719858
v  0.00400000205 -0.065997526 0.000500151422
v  0.00399879506 -0.063455686 0.0107066538
v  0.00399950752 -0.0445262976 0.025428528
v  0.0039901929 -0.0510854647 0.0237705149
v  0.00400640117 -0.0581325777 0.0198058635
v  0.00600000611 -0.0322610587 0.0284719858
v  0.00600491464 -0.0634984598 0.0105505213
v  0.00599777931 -0.0597813986 0.0177979115
v  0.00601604581 -0.0525499769 0.0231659561
v  0.00600236841 -0.0449336804 0.0254185721
v  0.014124996 -0.065997526 0.00450015953
v  0.013999993 -0.065997526 0.0284719858
v  0.0120000038 -0.065997526 0.0284719858
v  0.0120000038 -0.065997526 0.000500151422
v  0.0120032197 -0.0571561083 0.0203341674
v  0.0119998027 -0.0611032844 0.0158410929
v  0.0120021868 -0.0635556355 0.0099670589
v  0.0120000038 -0.0322610587 0.0284719858
v  0.0120002525 -0.0472701043 0.0252212547
v  0.013999993 -0.0322610587 0.0284719858
v  0.0139999976 -0.0634984821 0.00985647179
v  0.0139999939 -0.0611542985 0.0157889724
v  0.0139978081 -0.0570685938 0.0204569716
v  0.0139989676 -0.0502343886 0.0240721293
v  0.0220000017 -0.065997526 0.000500151422
v  0.0220000017 -0.065997526 0.0284719858
v  0.0200000051 -0.065997526 0.0284719858
v  0.0200000051 -0.065997526 0.000500151422
v  0.0200000051 -0.0467788428 0.0250550453
v  0.0200019237 -0.0597457401 0.0180031322
v  0.0200000107 -0.0635808185 0.00971671566
v  0.0199924763 -0.0529286824 0.0229240265
v  0.0220000092 -0.0636018664 0.00943127461
v  0.0220052544 -0.0600910969 0.0176125765
v  0.0220000651 -0.0531576127 0.0228260607
v  -0.0259909127 -0.0533467196 0.0227612257
v  -0.0260038096 -0.0596384965 0.0182143934
v  -0.0259918608 -0.0660005882 0.0256276149
v  -0.0280002728 -0.0457768701 0.0252290592
v  -0.0280027054 -0.0377927423 0.0255894661
v  -0.0260000024 -0.0457756035 0.025240656
v  -0.0260003936 -0.0378119871 0.0255841538
v  -0.0200004354 -0.0377894752 0.0255959649
v  -0.0180001631 -0.037793979 0.0255643222
v  0.0280006379 -0.0378093012 0.0256144404
v  -0.00199999521 -0.0379975289 0.0255000684
v  0.00400000205 -0.0379975289 0.0255000833
v  0.0220000017 -0.0377788395 0.0255001131
v  -0.0280000027 -0.0322610587 0.0284719858
v  -0.0259999987 -0.0367788225 0.0255001131
v  -0.0259999987 -0.0322610587 0.0284719858
v  -0.0200000014 -0.0367788225 0.0255000982
v  -0.0200000014 -0.0322610587 0.0284719858
v  -0.0179999974 -0.0322610587 0.0284719858
v  0.0200000051 -0.0367788225 0.0255000982
v  0.0200000051 -0.0322610587 0.0284719858
v  0.0220000017 -0.0367788225 0.0255001131
v  0.0220000017 -0.0322610587 0.0284719858
v  0.027999999 -0.0367788225 0.0255001131
v  0.027999999 -0.0322610587 0.0284719858
v  0.030198345 -0.0367948338 0.0255764071
v  0.0300000031 -0.0322610587 0.025500128
v  -0.0270000007 -0.0322610587 0.0255001206
v  -0.0189999994 -0.0322610587 0.0255001076
v  -0.0109999981 -0.0322610587 0.0255000945
v  0.0129999993 -0.0322610587 0.0255001001
v  0.0210000053 -0.0322610587 0.0255001169
v  0.027999999 -0.0322610587 0.025500128
v  -0.0280395374 -0.046784196 0.0250131655
v  -0.027981177 -0.0659789741 0.0207776204
v  -0.0290032253 -0.0468156636 0.0253361724
v  0.0279849153 -0.0659926087 0.0211155098
v  -0.0117161628 -0.134997532 0.0262544099
v  -0.0136906598 -0.130000919 0.0257278774
v  0.0205251332 -0.135008976 0.0219822358
v  -0.00954818726 -0.119434215 0.0260006506
v  0.0100366194 -0.119282968 0.0260996409
v  0.015046753 -0.115007907 0.0261713956
v  0.0210975166 -0.100197509 0.0198222324
v  -0.0104868887 -0.119282052 0.0278604236
v  -0.0105779031 -0.119328462 0.0261041
v  0.0152141461 -0.130000293 0.0250236932
v  0.0104964962 -0.119321488 0.0278921034
v  0.0101666898 -0.119998977 0.0260000192
v  -0.0236847531 -0.10019321 0.021414591
v  0.0233573038 -0.100197971 0.0217741951
v  -0.0302188378 -0.0378090814 0.0255807377
v  0.0129630817 -0.111886404 0.0260006301
v  0.0252250005 -0.101350635 0.0220166016
v  -0.0206120741 -0.126255199 0.0236624964
v  -0.0148042412 -0.114617795 0.0262440052
v  0.0314027481 -0.0221881047 0.0254999455
v  -0.0317377485 -0.00414056331 0.0255015623
v  0.0316953622 -0.00503192469 0.0255054161
v  -0.0316651314 -0.0436469577 0.0243061353
v  0.0317919552 -0.0425148718 0.0243900288
v  -0.0135398153 -0.11917644 0.0258599855
v  -0.0183457844 -0.119195879 0.0238316059
v  -0.0201861132 -0.100197531 0.0207496323
v  0.0201861244 -0.101197526 0.0207496136
v  -0.021720564 -0.101195902 0.0236081369
v  0.0218505766 -0.101197109 0.0234437231
v  -0.0200615283 -0.134966254 0.0223962087
v  -0.0142068891 -0.118211888 0.0253269076
v  -0.0179008394 -0.118196465 0.0242341384
v  -0.0132120177 -0.118017755 0.026187798
v  0.0198236704 -0.118197121 0.0229948498
v  0.01410376 -0.118234202 0.0256229863
v  0.0133242253 -0.117972657 0.0262792837
v  0.0144892326 -0.115026593 0.0261062477
v  -0.0321205035 0.00134018809 0.0269972403
v  0.0321307145 0.00117002428 0.026997013
v  -0.0321174078 -0.000932328403 0.0235000066
v  0.032014247 -0.00230354816 0.0234992616
v  -0.0299654324 0.0119740069 0.0234986413
v  0.0313733481 0.0065978691 0.0234985799
v  0.0276652053 0.0165978149 0.0234987978
v  -0.0214070305 0.0241515562 0.023498442
v  0.0176095385 0.0270241797 0.0234991908
v  -0.00804385636 0.0312814042 0.0234990343
v  0.00513548031 0.0317778513 0.0234991405
v  -0.0328315683 0.0062603727 0.0237243548
v  -0.0296667963 0.0161645189 0.0240736306
v  -0.0207171123 0.0268243253 0.0241436679
v  -0.00884141028 0.0328188464 0.0242372323
v  0.0336824767 -0.00360679626 0.0237107482
v  0.0331811868 -0.0282054543 0.0241619069
v  -0.0338127017 -0.00342069566 0.0243635438
v  -0.0333439484 -0.0258604065 0.0242562499
v  -0.0146388179 -0.115441173 0.0261624288
v  0.0300000031 -0.0377788395 0.025500128
v  0.0301660728 -0.0377974398 0.0255064629
v  0.0300000962 -0.0377788991 0.0268126037
v  0.021366924 -0.132318452 0.0225077067
v  0.0132070128 -0.119234115 0.0258620679
v  0.0191414505 -0.119197004 0.0231030919
v  -0.0210974347 -0.134998664 0.0198223274
v  -0.018114686 -0.130003154 0.0226862356
v  0.0201859679 -0.134998813 0.0207497664
v  0.0279889219 -0.051422704 0.0235874336
v  -0.0280102082 -0.0549897365 0.0220517367
v  -0.0312263723 -0.0541533679 0.0212341603
v  0.0311848652 -0.0523948632 0.0219644345
v  0.0212279093 -0.133727044 0.0226835627
v  -0.0260000024 -0.0636020675 0.00942969881
v  -0.0259999987 -0.065997526 0.000500151422
v  0.00488766469 -0.031689696 0.023499405
v  -0.00290946779 -0.0319765396 0.0236348528
v  -0.0122550316 -0.0296201482 0.0234947242
v  -0.0190024395 -0.0259977952 0.0254995804
v  -0.0215393845 -0.0240256861 0.0234957822
v  -0.0285793114 -0.0148361772 0.0254986137
v  -0.0294252429 -0.013016399 0.0234991889
v  0.0281844791 -0.0156571716 0.0254916828
v  0.0298886336 -0.0114949606 0.0235001165
v  0.0243334211 -0.0211255699 0.0234994423
v  0.0112103866 -0.0302462578 0.0255004112
v  0.0205452852 -0.0246278793 0.0255006421
v  0.0133932037 -0.0292295739 0.0235000551
v  0.0210008491 -0.118200749 0.0199843291
v  0.020859329 -0.119197585 0.0199382901
v  -0.0147522762 -0.0520367473 0.0233500674
v  0.0299769659 -0.069287695 0.0206538253
v  -0.0266414043 0.0204770043 0.0236566495
v  0.022434989 -0.132101983 0.0214395076
v  -0.0216357782 -0.118193962 0.0207218044
v  -0.0290599838 -0.0567947924 0.0206685234
v  -0.0277609173 -0.0794286802 0.0183184575
v  0.0313700289 -0.0418450832 0.0235528331
v  -0.0334612727 -0.010163676 0.02354379
v  0.0324097537 0.00684184581 0.0235540215
v  -0.031307172 -0.0420773402 0.0235670842
v  -0.0159932375 0.0295107141 0.0235599931
v  -0.00521990983 0.0331313834 0.0235489774
v  0.0269743446 0.0194669664 0.0235338733
v  0.017919343 0.0281820521 0.0235346593
v  0.00664117932 0.0327928811 0.0235356651
v  -0.0232670195 -0.134203658 0.0203698222
v  0.030672824 -0.0455347858 0.0232394375
v  -0.0307398867 -0.0454471558 0.0232739206
v  -0.0291207377 0.0158461109 0.0235167481
v  0.0280007198 -0.0596933104 0.0180828497
v  -0.0218404923 -0.119198889 0.0203273967
v  0.0306408275 -0.0523710996 0.021142181
v  -0.0303701237 -0.0507464372 0.0217100326
v  -0.0224010292 -0.130002096 0.018532414
v  0.021740729 -0.129999205 0.0192672424
v  0.0255635474 -0.125181735 0.0180715956
v  0.0203847606 -0.132201359 0.0216177478
v  -0.0253398046 -0.101197526 0.0139971748
v  0.0217835456 -0.135001853 0.0203609727
v  -0.0287607834 -0.122371025 0.0124218073
v  -0.0228540357 -0.118197516 0.0174429212
v  -0.0253398046 -0.119197525 0.0139971748
v  0.0248462856 -0.119199008 0.0161490068
v  -0.0310366657 -0.0541232079 0.0201440081
v  -0.0283249281 -0.065997526 0.000500151422
v  0.0216560103 -0.132390514 0.0203473493
v  0.0304449517 -0.0809004679 0.0116727129
v  0.0226120744 -0.133925155 0.0211816784
v  0.0336313918 -0.0619962029 0.0112162754
v  0.031859979 -0.0583754629 0.0176613592
v  0.0329840295 -0.0835203975 0.0100494437
v  -0.0280003082 -0.0611341149 0.0157926138
v  -0.0279978812 -0.0635775179 0.009773653
v  0.0280000046 -0.0635709614 0.00975005701
v  0.0280000009 -0.0659975186 -0.000214274507
v  0.0271909032 -0.134322166 0.014874272
v  -0.0322221518 -0.0598801784 0.016429523
v  0.0309774783 -0.0572855435 0.0175159089
v  0.0285084117 -0.100197375 0.0122077372
v  -0.0312425923 -0.0573839471 0.0175107103
v  -0.0289123151 -0.10119947 0.0114077348
v  0.0291337296 -0.101200119 0.0110000782
v  -0.026702486 -0.133926734 0.015655946
v  -0.0274626389 -0.134935424 0.0129355527
v  -0.0303888097 -0.061590597 0.0152930152
v  0.0279484764 -0.134953365 0.01159334
v  0.0320388377 -0.0598214194 0.014321046
v  0.026992511 -0.118197739 0.0122300237
v  -0.0274952129 -0.119198553 0.0112436526
v  0.0274377968 -0.129999176 0.00979041867
v  0.0300026592 -0.0659988523 0.0155446064
v  -0.0278220847 -0.134997874 0.00785632618
v  -0.027546091 -0.129999802 0.00936917961
v  0.0274877995 -0.134995669 0.0089673195
v  -0.0274098273 -0.118197627 0.00915784761
v  0.0274098255 -0.119197607 0.00915784761
v  -0.0284684245 -0.118198082 0.00871750899
v  0.0277809706 -0.118197523 0.00797469728
v  -0.0274098273 -0.100197531 0.00915784575
v  0.0264540669 -0.100697525 0.0112580936
v  0.0298435483 -0.065997526 0.000500152819
v  -0.0320075862 -0.0595428944 0.0147134084
v  0.0299990904 -0.0635075644 0.010426227
v  0.0300451443 -0.0608299896 0.0164037365
v  0.0293443967 -0.124696448 0.0106510185
v  -0.0326408073 -0.060783837 0.0121713188
v  0.0316384248 -0.0633254051 0.0108680688
v  -0.0325514823 -0.0805630311 0.00500082923
v  -0.0319627859 -0.0635292605 0.00955954008
v  -0.0285610836 -0.134190992 0.0117883943
v  -0.0305773169 -0.100197814 0.00680641038
v  -0.0349061824 -0.0624637045 0.0058062165
v  -0.0344051644 -0.0801691189 0.00601936551
v  -0.0304646604 -0.124357596 0.00733606471
v  0.0287581515 -0.11919795 0.0075029931
v  0.0333527513 -0.0616327561 0.00913508981
v  -0.0304170456 -0.134229913 0.00575677259
v  0.0302824173 -0.134265035 0.00645797281
v  -0.029081611 -0.130001068 0.000591439661
v  0.0300506558 -0.134944484 -0.000494017266
v  -0.0287982784 -0.118997514 0.000554052647
v  -0.0288438089 -0.101197526 0.000573134515
v  0.0289042778 -0.101197511 0.000742316712
v  0.0288229361 -0.100175291 0.000553057995
v  -0.0335409939 -0.0616472661 0.0082056094
v  0.0319305472 -0.100196786 0.000559934881
v  0.031014476 -0.125353113 0.00458562234
v  0.0302975234 -0.118196152 0.000823994167
v  -0.0300700776 -0.134945333 -0.000494177453
v  0.0337703042 -0.063710086 0.000552111771
v  -0.0339110345 -0.0637195632 0.000507975928
v  0.0334729478 -0.0777653158 0.000507284421
v  0.0140833287 -0.0636869818 0.00450019212
v  0.0351770706 -0.0623590685 0.00421578763
v  0.035214439 -0.0836191177 3.8840808e-06
v  -0.0349187888 -0.0876208097 2.64914706e-06
v  -0.0313908719 -0.125836849 4.46895137e-06
v  -0.00199999521 -0.0636851713 0.000500151422
v  0.00400000205 -0.0636851639 0.000500151422
v  -0.01383333 -0.0636858419 0.00450015953
v  -0.0299716592 -0.119196646 0.000511247665
v  0.0290832631 -0.130004361 0.000538452063
v  -0.0316660926 -0.101197399 0.000517837703
v  -0.0300811622 -0.118197359 0.000510652084
v  0.0299372263 -0.119197063 0.000509310048
v  0.0316610038 -0.101197384 0.000508975238
v  0.0310302116 -0.13375695 -0.000478723552
v  0.0356021561 -0.0619192086 -0.000500045251
v  -0.0354460739 -0.0618362166 -0.000496820547
v  -0.0144999977 -0.0636858195 0.000500151422
v  -0.0141666634 -0.065997526 0.00450015953
v  -0.01383333 -0.065997526 0.000500151422
v  0.0145000014 -0.065997526 0.000500151422
v  0.0145000014 -0.0636858195 0.000500151422
v  -0.0127499979 -0.0636851788 0.000500151422
v  0.0200000051 -0.0636851341 0.000500151422
v  -0.0287456568 -0.134997532 -0.000499999616
v  0.028745655 -0.134997532 -0.000499999616
v  0.0287456531 -0.118597515 0.000500148162
v  -0.0287537128 -0.100077502 -0.000165699981
v  -0.0314779133 -0.10018678 0.000548320822
v  -0.03578135 -0.0626814589 -2.59028748e-05
v  0.0358320326 -0.0634070709 -1.99917704e-05
v  -0.00399999926 -0.0636851639 0.000500151422
v  0.00600000611 -0.0636851639 0.000500151422
v  0.0120000038 -0.0636851639 0.000500151422
v  -0.00999999605 -0.0636851639 0.000500151422
v  -0.0179999974 -0.0636851341 0.000500151422
v  -0.0200000014 -0.0636851341 0.000500151422
v  0.0300000031 -0.0636851341 0.000500151422
v  0.0220000017 -0.0636851341 0.000500151422
v  0.027999999 -0.0636851341 0.000500151422
v  -0.0280000027 -0.0636851341 0.000500151422
v  -0.0259999987 -0.0636851341 0.000500151422
v  0.0313240029 -0.12636131 -5.42961061e-07
v  -0.0310106613 -0.133725017 -0.000492029823
v  0.0296451487 -0.0899975151 0.000500151422
v  0.028745655 -0.0999975055 -0.000499999616
v  0.0304999985 -0.0999975055 -5.54877333e-05
v  -0.0305000003 -0.0999975055 -0.000499999616
v  -0.0305000003 -0.0899975151 7.59027898e-08
v  0.0300725736 -0.0899975151 -0.000499999616
v  -0.0291372444 -0.0899975151 0.000250113662
v  0.0298435483 -0.065997526 -0.000500015449
v  -0.0281421579 -0.065997526 -0.000500012655
v  -0.0259999987 -0.065997526 -0.000500028022
v  -0.0200000014 -0.065997526 -0.000500044785
v  -0.0179999974 -0.065997526 -0.000500091817
v  -0.0120000001 -0.065997526 -0.000500015914
v  -0.00999999605 -0.065997526 -0.000500044785
v  0.0120000048 -0.065997526 -0.000500044785
v  0.013999993 -0.065997526 -0.000499999616
v  0.020000007 -0.065997526 -0.000500021968
v  0.0220000036 -0.065997526 -0.000500028022
v  0.0319999978 -0.0616833419 -0.000499999151
v  -0.0319999978 -0.061682865 -0.000499999616
v  -0.0307426974 -0.133489802 -0.00200080592
v  0.0307647493 -0.133507714 -0.00200082827
v  -0.0360589325 -0.0628341064 -0.00200491189
v  0.0360428356 -0.0634792224 -0.00200407207
v  -0.013928568 -0.0649975091 -0.000499831513
v  -0.0179999974 -0.0636818111 -0.000499863643
v  -0.014499994 -0.063683033 -0.000499918126
v  -0.014055552 -0.0649937391 -0.00549980346
v  -0.0134999957 -0.0636826456 -0.000499883201
v  -0.0139425956 -0.063677296 -0.00549825421
v  0.0144000007 -0.0649975091 -0.000499861315
v  0.0145000024 -0.0636826679 -0.000499883201
v  0.0141818151 -0.0649937391 -0.00549980346
v  0.0142269842 -0.0637119636 -0.00552858412
v  -0.0319999978 -0.0636818185 -0.000500001479
v  -0.0280000027 -0.0636824891 -0.000499885064
v  -0.0199992657 -0.0638780966 -0.000929012429
v  -0.0259999987 -0.0636818111 -0.000499863178
v  0.020000007 -0.063683033 -0.00049991766
v  0.0220000036 -0.063681826 -0.000499863178
v  0.0280000009 -0.0636822805 -0.000499879476
v  0.0319999978 -0.0636822805 -0.000499883201
v  0.0300000049 -0.0636818334 -0.000499862712
v  0.0347185135 -0.063446641 -0.000500384718
v  -0.0120000029 -0.0636830181 -0.000499918591
v  0.0120000048 -0.0636850074 -0.000500187743
v  -0.00999999605 -0.0636817366 -0.000499864575
v  -0.0295716301 -0.133475438 -0.000499999616
v  0.0295049101 -0.133483171 -0.000499241054
v  -0.0295760203 -0.133499518 -0.00199999521
v  0.0295313299 -0.133453935 -0.00199841289
v  -0.0346252881 -0.0627620146 -0.000499999616
v  -0.0347156376 -0.0627507716 -0.00199999521
v  0.0347374342 -0.0635375828 -0.00200249744
v  -0.0279999934 -0.0653480962 -0.0216916725
v  -0.0259999987 -0.0657690242 -0.0202823617
v  -0.028000053 -0.0636294931 -0.00696430495
v  -0.0260000173 -0.0635349452 -0.00850766432
v  -0.0199999399 -0.0653480962 -0.0216916706
v  -0.0179999974 -0.0657690242 -0.0202823617
v  -0.0180004928 -0.0633793399 -0.00971643999
v  -0.0120001007 -0.0653480962 -0.0216916706
v  -0.00999999605 -0.0657690242 -0.0202823617
v  -0.0119985268 -0.063210085 -0.0106461598
v  -0.00999933761 -0.0635385066 -0.0085531231
v  0.0120000048 -0.0653480962 -0.0216916725
v  0.0139999939 -0.0657690242 -0.0202823617
v  0.011999893 -0.063627094 -0.00711237965
v  0.0220000036 -0.0657690242 -0.0202823617
v  0.020000007 -0.0653480962 -0.0216916725
v  0.0200002436 -0.0633491576 -0.00965841394
v  0.022000039 -0.0634225905 -0.00955042243
v  0.0280000009 -0.0656141862 -0.0213194918
v  0.0280000567 -0.0633976907 -0.00952484552
v  0.0300000049 -0.0656652078 -0.0204949398
v  0.029999895 -0.0634221211 -0.00955009554
v  -0.0319995917 -0.0614276305 -0.0084364349
v  0.0319998041 -0.0615732893 -0.00765300775
v  -0.0320002623 -0.063404195 -0.00966786128
v  0.0319998935 -0.0633960441 -0.00953267608
v  -0.0279997047 -0.0614582822 -0.0145732537
v  -0.0200001337 -0.0620658286 -0.0130829588
v  0.0139999939 -0.0624015778 -0.0120217586
v  0.0119985817 -0.0613465719 -0.0145195555
v  -0.0320002288 -0.0575888157 -0.0165501405
v  0.0319999345 -0.0596933961 -0.0133383758
v  -0.0260003638 -0.0589625053 -0.0182506461
v  -0.00999898184 -0.0598451868 -0.0167401787
v  -0.0319998674 -0.0581563115 -0.0188097823
v  0.0319999829 -0.0581577159 -0.0188565496
v  0.030000031 -0.0577950068 -0.0191331971
v  0.027999986 -0.0581584796 -0.0188558884
v  0.0199999996 -0.0581292175 -0.0188851319
v  0.0219999813 -0.0577779002 -0.0191504974
v  -0.0180005245 -0.0580937378 -0.0188765433
v  0.0139999613 -0.0577394478 -0.0191876534
v  0.0319994166 -0.0562129952 -0.0180404037
v  -0.019999994 -0.0566517636 -0.0204215217
v  -0.0119995764 -0.0574136078 -0.0196131766
v  0.0300000049 -0.061689198 -0.0253505725
v  0.0220000036 -0.061689198 -0.0253505725
v  -0.0179999974 -0.061689198 -0.0253505725
v  0.0139999939 -0.061689198 -0.0253505725
v  -0.0259999987 -0.061689198 -0.0253505725
v  -0.0280010644 -0.0544828624 -0.0220325068
v  0.0119981933 -0.0549440272 -0.02168178
v  -0.00999999605 -0.061689198 -0.0253505725
v  -0.00999764074 -0.0559443645 -0.0207772423
v  -0.0319997407 -0.0463951975 -0.0252040979
v  -0.0319997407 -0.0520589352 -0.0230788589
v  0.0280000009 -0.0602799021 -0.0257714931
v  0.020000007 -0.0602799021 -0.0257714931
v  -0.0200000312 -0.0602799021 -0.0257714931
v  -0.027999986 -0.0602799021 -0.0257714931
v  -0.0120000038 -0.0602799021 -0.0257714931
v  -0.0319999419 -0.05149455 -0.0211224649
v  0.032000076 -0.0498219058 -0.0220784079
v  0.0120000048 -0.0602799021 -0.0257714931
v  0.0319999978 -0.0520162992 -0.0231230408
v  0.0300000049 -0.0520009845 -0.0231319889
v  0.0280000009 -0.0520003513 -0.023130849
v  0.0220000036 -0.0519590192 -0.0231528748
v  0.020000007 -0.0519473143 -0.0231585354
v  0.0139999939 -0.0519270301 -0.0231683273
v  -0.0179998837 -0.0519765317 -0.023120109
v  -0.0260001235 -0.0512507707 -0.0235288627
v  -0.0319997966 -0.0458647013 -0.0232195761
v  -0.0119992187 -0.0468346067 -0.0255643707
v  -0.00999831222 -0.0516649932 -0.0232929438
v  0.0319985896 -0.0460782796 -0.025248101
v  -0.0199994221 -0.0467451178 -0.0253135767
v  0.0319994986 -0.0439526923 -0.0234638341
v  0.0119992075 -0.0467154011 -0.0251925848
v  -0.00999957882 -0.0455326289 -0.0253795292
v  -0.010309644 -0.0325602107 -0.0235000551
v  0.00380945136 -0.0339333788 -0.0234999806
v  -0.00410928112 -0.0339430533 -0.0255012289
v  0.0117872851 -0.0321372226 -0.0255410802
v  0.0188119393 -0.0286848918 -0.0235077981
v  -0.0179195479 -0.0289386585 -0.0255000498
v  -0.0185405221 -0.028497532 -0.0235000607
v  -0.0319999978 -0.028497532 -0.0235000756
v  0.0185405407 -0.028497532 -0.0255000498
v  -0.0220000055 -0.028497532 -0.0255000647
v  0.0319999978 -0.028497532 -0.0235000756
v  0.0319999978 -0.028097529 -0.0255000386
v  0.0220000036 -0.0288438275 -0.02550002
v  -0.0319999978 -0.0292766839 -0.0256667454
v  -0.0319999978 -0.0374455005 -0.0255000945
v  0.0319999978 -0.0371121615 -0.0255000945
v  0.0319999978 -0.0295364186 -0.0257499907
v  0.0299983211 -0.0466971882 -0.0255403798
v  0.0279994998 -0.046745725 -0.0255382694
v  0.0219992362 -0.0467144735 -0.0255529806
v  0.0200000051 -0.046778813 -0.0250275191
v  0.0200000051 -0.0467788428 -0.0259999987
v  -0.0179962218 -0.0467189066 -0.0255495645
v  0.0139999622 -0.0467434339 -0.0257060044
v  -0.0259990543 -0.046722047 -0.0255375691
v  -0.027998969 -0.0467437245 -0.025528837
v  0.010000132 -0.0464472957 -0.0251168665
v  -0.00999999605 -0.046175193 -0.0263775438
v  -0.0319999978 -0.0463242903 -0.0267411899
v  0.0319999978 -0.0467788428 -0.0266726073
v  0.0319999978 -0.0457788259 -0.0268234815
v  0.0100000007 -0.0462074056 -0.0267588254
v  0.0120001314 -0.0457329266 -0.0253422353
v  -0.0279997829 -0.0457301699 -0.0254055243
v  0.0300000794 -0.0457541421 -0.0252815299
v  -0.0199997779 -0.0457493663 -0.0254268143
v  -0.0259999987 -0.0457788259 -0.0259999987
v  -0.0259988308 -0.0456916876 -0.0253130589
v  0.0299998857 -0.0377796851 -0.0256645828
v  0.0220003463 -0.0377809368 -0.0256858226
v  0.0279994104 -0.0457410216 -0.0253976379
v  0.0219998993 -0.0457598455 -0.0253179427
v  0.0140001085 -0.045763135 -0.0253236443
v  0.0200009532 -0.0377833694 -0.0256470256
v  0.0199999921 -0.0457463302 -0.0254260153
v  0.0120000597 -0.0377799012 -0.0256316029
v  0.0140003068 -0.0377804115 -0.0256824531
v  0.0319999978 -0.0272975117 -0.0264999773
v  0.0220000036 -0.0272975266 -0.0259999912
v  0.0300000031 -0.0322610624 -0.0257000476
v  0.0300000031 -0.0367788225 -0.0256667286
v  0.0220000017 -0.0295364112 -0.0265000071
v  0.0280000009 -0.0322610587 -0.0256000627
v  0.0220000036 -0.0322610624 -0.0257000383
v  0.0200000089 -0.0322610624 -0.0256250482
v  0.0139999948 -0.0367788225 -0.0256000627
v  0.00999999978 -0.0374455005 -0.0255000647
v  -0.00999999605 -0.0367788225 -0.0255000647
v  0.0120000048 -0.0367788225 -0.0257500317
v  -0.0179999974 -0.0367788225 -0.0256250594
v  -0.0179999974 -0.0322610587 -0.0257000383
v  0.0139999948 -0.0322610587 -0.02566671
v  -0.0200000014 -0.0322610587 -0.0256000515
v  -0.0259999987 -0.0322610587 -0.0256429128
v  -0.0220000055 -0.0295364112 -0.0259000659
v  0.00999999978 -0.0370788276 -0.0270000007
v  -0.00999999605 -0.0367788225 -0.0270000007
v  -0.00999999605 -0.0377788395 -0.0264999997
v  -0.0200000014 -0.0367788225 -0.025833359
v  -0.0259999987 -0.0367788225 -0.0256667286
v  0.020000007 -0.0367788225 -0.025833359
v  0.0220000036 -0.0367788225 -0.0256667193
v  -0.0220000055 -0.0272975154 -0.0258333944
v  -0.0319999978 -0.0272975191 -0.0261667334
v  -0.0179994162 -0.0457479246 -0.0253633205
v  -0.0120000001 -0.0377788395 -0.0256667193
v  -0.0119999964 -0.0457451791 -0.0254226048
v  -0.0259999987 -0.0377788395 -0.0257500466
v  -0.0200000014 -0.0377788395 -0.0257500391
v  -0.0179999974 -0.0377788395 -0.025833359
v  0.0280000009 -0.0377788395 -0.0257500466
v  0.0280000009 -0.0367788225 -0.0258333646
v  -0.0280000027 -0.0367788225 -0.0258333646
v  -0.0280000027 -0.0322610587 -0.0256250594
v  -0.0319999978 -0.0372074023 -0.0270000007
v  -0.0280000027 -0.0377788395 -0.0257500466
v  0.0319999978 -0.0374788344 -0.0270000007
v  0.0309273582 -0.134164006 -0.000500943977
v  0.0296153594 -0.133494407 -0.00050000567
v  0.0289366227 -0.135051548 -0.000500944443
v  -0.0318915211 -0.101059362 -0.000514092855
v  -0.0295737404 -0.133501634 -0.000500270631
v  -0.0301058087 -0.118453041 -0.000511385035
v  0.0295464322 -0.134978116 -0.00524737034
v  -0.0359909162 -0.0620760247 -0.00929669943
v  -0.0358965322 -0.0626805723 -0.00200002571
v  -0.0357355252 -0.0622000918 -0.000499956775
v  -0.0345084183 -0.0626840964 -0.000499997754
v  -0.0333699547 -0.0826727971 -0.000499974936
v  -0.0338880494 -0.0646843836 -0.000503116753
v  -0.0300000068 -0.0640191436 -0.000500162132
v  -0.0319999978 -0.0636863634 -0.000500000548
v  -0.0294823758 -0.119201824 -0.00544539234
v  -0.0289993901 -0.130004331 -0.000496813096
v  -0.0282370001 -0.130004764 -0.00700706942
v  -0.0287456568 -0.135000005 -0.000499999616
v  -0.0286780037 -0.11819917 -0.000564528629
v  -0.0285490565 -0.119206175 -0.000513669569
v  -0.0287456643 -0.100533344 -0.000500025693
v  -0.0318184271 -0.100196414 -0.00421952875
v  -0.0353235304 -0.0615118891 -0.00831804518
v  0.0301814266 -0.134272054 -0.00689459872
v  0.0339877494 -0.0646853074 -0.00357576925
v  0.0336835384 -0.0770794079 -0.00627303682
v  0.0341394953 -0.0647756234 -0.000504556578
v  0.0335741565 -0.0873815566 -0.000499999616
v  0.034524437 -0.063392587 -0.000499987043
v  -0.0286731385 -0.135069087 -0.00660340209
v  -0.0301461536 -0.134927779 -0.000504467636
v  0.0289726295 -0.130007893 -0.000496377703
v  0.0273447316 -0.13500002 -0.00937774684
v  -0.0310276989 -0.133674815 -0.000500321388
v  -0.0308130011 -0.13372682 -0.00201937556
v  -0.0295715202 -0.133477807 -0.00199997774
v  0.0296549257 -0.133515984 -0.001999981
v  0.030802248 -0.133470207 -0.002017383
v  0.0284535363 -0.130004689 -0.00620360626
v  0.029993454 -0.118533336 -0.000499999616
v  0.0294617135 -0.119202517 -0.00552425673
v  0.0347347893 -0.0634824038 -0.00200001011
v  0.028877195 -0.119074993 -0.000543537084
v  0.0274709798 -0.118199989 -0.00890347734
v  0.0317467302 -0.100533202 -0.000499899033
v  0.0291883573 -0.118200086 -0.00801822543
v  -0.0279306974 -0.101199999 -0.00681460509
v  -0.0273447409 -0.100199968 -0.00937771611
v  0.031380035 -0.101200588 -0.00632723747
v  0.0287456438 -0.100866675 -0.00049998844
v  0.0273447316 -0.101199947 -0.00937774777
v  0.0269501824 -0.10020002 -0.0104577281
v  0.0314475112 -0.100199625 -0.00705630472
v  -0.0346242972 -0.0627231076 -0.0019999512
v  -0.0338980667 -0.0706999674 -0.00611059088
v  -0.0300000068 -0.064685449 -0.00804670714
v  -0.030000018 -0.0635186732 -0.00802050624
v  0.0309999976 -0.064685449 -0.00804670714
v  0.0310000125 -0.0640610307 -0.000500119757
v  0.032000009 -0.0636860058 -0.000500000082
v  0.0319999978 -0.0616853684 -0.000499999616
v  -0.0319999978 -0.0616853684 -0.000499999616
v  -0.0319996662 -0.0613498688 -0.00941596273
v  0.0357922018 -0.0633865371 -0.000500071328
v  0.0356688015 -0.0619397275 -0.000501274131
v  0.0360973291 -0.0631904602 -0.00202650717
v  0.0353256948 -0.061441265 -0.00847915187
v  0.031998083 -0.0613260455 -0.00960668363
v  -0.0353902914 -0.0823783875 -0.00200517173
v  0.0352572165 -0.086887762 -0.00212906487
v  -0.0320007503 -0.0634977371 -0.00804583915
v  0.0318123959 -0.0635068044 -0.00803394988
v  -0.0265733544 -0.119206287 -0.011212321
v  -0.0300905779 -0.134220719 -0.00702288328
v  0.0301243681 -0.125362828 -0.00913130213
v  -0.0300988723 -0.132298648 -0.00718506332
v  -0.035072796 -0.080855161 -0.00970634539
v  -0.0340001807 -0.0636960715 -0.00435849139
v  -0.0340000018 -0.0641922206 -0.00435318658
v  -0.0340000018 -0.0636961311 -0.00435054908
v  0.0340000018 -0.0641922206 -0.00435318658
v  0.0340001807 -0.0636960715 -0.00435849139
v  0.0340000018 -0.0636961311 -0.00435054908
v  -0.0340000018 -0.0636591464 -0.00583746145
v  -0.0339804851 -0.0646850914 -0.00804483891
v  -0.0340162553 -0.0636567697 -0.00588840386
v  0.0339765325 -0.0646844208 -0.00804432575
v  0.0340166278 -0.0636590496 -0.0058391667
v  0.0340000018 -0.0636604875 -0.0058124722
v  -0.0264126714 -0.118199989 -0.0107061174
v  -0.0287660491 -0.118200168 -0.00903598033
v  -0.0292272884 -0.101200625 -0.0154417753
v  0.0256387852 -0.119200125 -0.0133371186
v  0.0275942758 -0.119204387 -0.0119652273
v  -0.0324483216 -0.0747788474 -0.0159311816
v  0.0337588266 -0.0621352457 -0.012816675
v  0.0321016349 -0.0783016831 -0.015905058
v  0.0340002105 -0.0635424703 -0.00733523676
v  0.0340000018 -0.0641243905 -0.00712620327
v  -0.0340002105 -0.0635424703 -0.00733523676
v  -0.0340000018 -0.0641243905 -0.00712620327
v  -0.0335807689 -0.0614662357 -0.0144489575
v  -0.029865196 -0.122269809 -0.0106867244
v  -0.0297656264 -0.132167131 -0.008723896
v  0.034162797 -0.0735921189 -0.0179936439
v  -0.028757764 -0.132187963 -0.00858660601
v  -0.0289315768 -0.134955257 -0.00884366594
v  -0.0292181075 -0.132392928 -0.00687090121
v  -0.0247801635 -0.13000378 -0.015258044
v  -0.0239875633 -0.13500002 -0.0161329824
v  0.0251450427 -0.134946793 -0.0168136302
v  0.0247638579 -0.130004883 -0.0153322127
v  -0.0239875615 -0.101200014 -0.0161329843
v  0.02860252 -0.101200134 -0.0166933015
v  -0.0299768951 -0.100199237 -0.0129889045
v  -0.0276234113 -0.119204178 -0.0119042778
v  -0.0340000018 -0.0635414273 -0.007344699
v  0.0340000018 -0.0635414273 -0.007344699
v  0.0355293676 -0.0596647784 -0.0153720379
v  -0.032000605 -0.0620808974 -0.0129242046
v  -0.0339857154 -0.0634498149 -0.00804668479
v  0.0339805782 -0.0634497255 -0.00804670714
v  -0.029620694 -0.133948252 -0.00898566656
v  0.0279650651 -0.134228915 -0.0132000279
v  -0.027374588 -0.133998469 -0.0144614242
v  0.0320016555 -0.0619236007 -0.0132857766
v  -0.0350680239 -0.0595134981 -0.0137716159
v  0.0281754527 -0.122140199 -0.0146554541
v  -0.0250284411 -0.118199527 -0.0176607836
v  -0.0219542682 -0.118201442 -0.018364856
v  -0.0335591845 -0.0801681131 -0.0172935612
v  0.0270451419 -0.100197911 -0.0204456709
v  0.0233011656 -0.119208261 -0.0196542796
v  0.0214458592 -0.118199989 -0.0193727016
v  0.0350243933 -0.0595790148 -0.0135308765
v  -0.0353095233 -0.0577037297 -0.0180192273
v  -0.0269315224 -0.123396471 -0.016628515
v  -0.0229372177 -0.134959131 -0.0196391009
v  0.0206684694 -0.135001287 -0.0202111714
v  0.0197544862 -0.134988546 -0.0223044697
v  -0.0222984012 -0.100200012 -0.0181478318
v  0.0206685849 -0.101200104 -0.0202110354
v  0.0222983975 -0.100200012 -0.0181478318
v  -0.0320005491 -0.0566508546 -0.017669037
v  0.0320011638 -0.0570763685 -0.0171078388
v  0.0345632881 -0.0565225184 -0.0177127831
v  -0.0234902706 -0.119203545 -0.0194209646
v  0.0235771742 -0.118199497 -0.0196573082
v  0.0332328267 -0.0591885969 -0.0177282263
v  -0.0319995768 -0.0580118857 -0.0190633629
v  0.0320000611 -0.0588797592 -0.0180812404
v  0.024709437 -0.134025097 -0.0185904317
v  -0.0240823533 -0.134046584 -0.0194195844
v  -0.0347036272 -0.0565765165 -0.0175802875
v  -0.0255612396 -0.100200139 -0.0227459949
v  -0.0295281578 -0.0771537051 -0.0243173409
v  -0.0177251697 -0.119208328 -0.0226910766
v  0.029690152 -0.0729447156 -0.0256487671
v  -0.0329948217 -0.0565055385 -0.0203140583
v  0.0172217786 -0.11920549 -0.0233237371
v  0.0204188414 -0.129990354 -0.0207092892
v  0.0350514986 -0.0541171879 -0.0204791259
v  -0.0329124108 -0.0515370965 -0.0234430097
v  -0.0201200899 -0.12999849 -0.0212275032
v  0.0229160842 -0.119306296 -0.0234281197
v  -0.023728963 -0.124551557 -0.0209577102
v  0.0314020962 -0.0687020645 -0.0286522526
v  -0.0307877492 -0.0800563246 -0.0253762417
v  -0.01510577 -0.129984617 -0.0249546729
v  -0.0147359958 -0.135000035 -0.0248701964
v  -0.0157133285 -0.100199677 -0.0242645331
v  -0.0147359949 -0.101200007 -0.0248701982
v  -0.0233175363 -0.101199731 -0.0255220123
v  0.0235444847 -0.101201005 -0.0251668282
v  0.0147360079 -0.10020002 -0.0248701926
v  -0.0344729349 -0.0520870499 -0.0210312624
v  0.0320015587 -0.0519670546 -0.0209830552
v  0.0319993533 -0.0536831021 -0.0222657397
v  -0.0349566229 -0.0512344129 -0.0225091502
v  0.0328637362 -0.0526814014 -0.0229776744
v  0.0192761272 -0.134360865 -0.024227256
v  0.0343427025 -0.0510334596 -0.0214032419
v  -0.0196071211 -0.124000989 -0.0227416307
v  -0.0203265436 -0.134251371 -0.0232957602
v  -0.0340945385 -0.0448707528 -0.0305943582
v  0.0204188954 -0.126512796 -0.0241614003
v  0.0319991335 -0.0462975241 -0.0251643434
v  -0.0319997221 -0.0465402789 -0.0232015941
v  -0.0208888445 -0.124123894 -0.0241133943
v  -0.0124446508 -0.118206985 -0.0258716308
v  -0.0177837871 -0.118199974 -0.0255726818
v  -0.0216509104 0.0224400535 -0.023499053
v  -0.0252187457 0.018355079 -0.0209987592
v  -0.0141437799 0.0278109238 -0.0209983904
v  -0.0096181836 0.0296543837 -0.0234984346
v  -0.0176763553 0.0245220289 -0.0209995769
v  -0.0123327207 0.0272604302 -0.0234977193
v  -0.00289745838 0.0305667445 -0.0210074559
v  -0.0187021587 0.0233672857 -0.0234974213
v  -0.0292997807 0.0106861442 -0.0235001091
v  -0.0307933129 0.00486923009 -0.0210009441
v  -0.0295446124 0.00620872527 -0.0210061613
v  -0.0252317246 0.0162258893 -0.0209998693
v  -0.0238339696 0.0181322247 -0.023498999
v  -0.0274908282 0.0119102225 -0.0235000085
v  -0.00350381806 0.0297893509 -0.0234997422
v  0.00376605219 0.0299929008 -0.0209995937
v  0.00506309932 0.0294728205 -0.0234987419
v  0.00740532624 0.030231759 -0.0209998731
v  0.0024319021 0.0309866592 -0.0235095639
v  -0.0293393973 0.00583913177 -0.0234991312
v  0.0150117036 0.0273474753 -0.0234998986
v  0.0169106964 0.0253689289 -0.0210112762
v  0.0111387214 0.0278288573 -0.0234983712
v  -0.0300015938 -0.00159294903 -0.0234999396
v  -0.0288013574 -0.00933137536 -0.0210055802
v  0.0186960865 0.0233668312 -0.0234963521
v  0.0231905896 0.0193908736 -0.0209996533
v  -0.0310186781 -0.00338059664 -0.0234999731
v  -0.0296156127 -0.00974146277 -0.020999793
v  0.0251803175 0.0184181854 -0.020999942
v  -0.0283890758 -0.00977960229 -0.0234994255
v  0.0259518269 0.0173143372 -0.0234999452
v  0.0238382742 0.0181252658 -0.0234988276
v  -0.0244362131 -0.018286787 -0.021008255
v  -0.0239913519 -0.0178853124 -0.0234971233
v  0.0284499917 0.00980558246 -0.023503216
v  0.029544631 0.00620852411 -0.0210053604
v  -0.0260671191 -0.0171620473 -0.0235001761
v  0.0308429599 0.00469668955 -0.0209999885
v  -0.0179920197 -0.0248508528 -0.0209996533
v  -0.0179583281 -0.0240783542 -0.0234991834
v  0.0310170148 0.00336125493 -0.023499988
v  0.0299224053 0.00215385854 -0.0234999862
v  0.02972777 -0.00658702478 -0.021008851
v  0.0301788095 -0.00709046423 -0.023500016
v  0.0262765214 -0.0168225467 -0.0210000407
v  0.0285764821 -0.00938456506 -0.0234984383
v  0.025731666 -0.0158702955 -0.0209997594
v  0.02952669 -0.00531046093 -0.023500016
v  0.0255261492 -0.017940864 -0.023500042
v  0.0242193639 -0.0176497102 -0.0234974176
v  0.0180014148 -0.0246209875 -0.0210137777
v  0.0179171897 -0.0241471902 -0.0234935433
v  0.017023664 -0.11921563 -0.0258065742
v  0.0174802151 -0.118201353 -0.0257861465
v  0.0125848902 -0.118218623 -0.0259476043
v  -0.032000497 -0.051302623 -0.0235265512
v  0.0350015573 -0.0472281985 -0.0239626095
v  -0.0145497732 -0.134881854 -0.0265683252
v  -0.0171960201 -0.119197421 -0.0257487111
v  0.0319995508 -0.0453767069 -0.023296399
v  0.0345244221 -0.0447545238 -0.0233915765
v  -0.0343438797 -0.044909589 -0.0233911332
v  -0.0320998542 -0.0463913158 -0.0251386166
v  -0.0350121967 -0.0448832139 -0.0239663236
v  0.0297975037 -0.0634721294 -0.0331289954
v  0.0172137152 -0.129995614 -0.0236624833
v  -0.00982772373 -0.130003676 -0.0274761897
v  0.00998753589 -0.13500084 -0.0271279551
v  0.00967765041 -0.130008399 -0.0276071969
v  -0.0159878433 -0.10119985 -0.0309665781
v  0.00998744555 -0.101200089 -0.027127983
v  0.0177723579 -0.101199113 -0.0299088303
v  -0.0212768931 -0.100199975 -0.0277879424
v  0.0197032653 -0.100199386 -0.0292584114
v  0.0271424986 -0.0708402693 -0.0308787189
v  0.0312522091 -0.0467888005 -0.0319289342
v  0.0319999568 -0.0374515764 -0.0255339462
v  -0.0320001841 -0.037124183 -0.0255738292
v  0.00186742411 0.0297993124 -0.025503736
v  -0.00175286387 0.0297906026 -0.0255015381
v  0.00440033432 0.0332241803 -0.0235381834
v  -0.00710750697 0.0331064537 -0.0236772541
v  -0.000976649579 0.033875294 -0.0239004306
v  0.0139537677 0.0265083015 -0.0255016033
v  -0.0133475158 0.0268396065 -0.0255044922
v  0.0154362004 0.0301028565 -0.0237180572
v  -0.0195004605 0.0270446464 -0.02351222
v  0.0240205117 0.0230964646 -0.0235184319
v  -0.0323725194 0.00839432329 -0.0236296076
v  -0.0207223203 0.021426931 -0.0254999306
v  -0.0215089284 0.0207487941 -0.0255020205
v  0.0211233739 0.0210417882 -0.025500752
v  -0.0271396507 0.01991494 -0.0236755032
v  0.026249405 0.0142363682 -0.0254994538
v  -0.0281075798 0.0103923753 -0.0255027507
v  0.0290571135 0.00660807639 -0.0254998058
v  0.0316812843 0.0100831911 -0.0235801507
v  0.0298090763 0.000106759369 -0.0235000048
v  0.033370465 0.00101973861 -0.0236011483
v  0.0298057888 -0.000502482057 -0.0255000051
v  0.0288639814 -0.00748566911 -0.0254989918
v  0.0298057888 0.000497534871 -0.0254999902
v  0.0296065919 0.000497810543 -0.0299999807
v  -0.0298088789 9.65222716e-05 -0.0234999973
v  -0.029805785 0.000497534871 -0.0254999902
v  -0.0176047254 -0.028349556 -0.0235000793
v  -0.0163910035 -0.026701957 -0.0234996714
v  -0.0298774559 -0.000541187823 -0.0254994556
v  -0.0276252702 -0.0114753395 -0.02549766
v  0.0324995108 0.000973053277 -0.0253760312
v  0.0328182913 -0.000999540091 -0.0234653391
v  0.0324996784 -0.000803016126 -0.0259627514
v  -0.0345794559 -0.0279412791 -0.0235454347
v  -0.029462181 0.000497154891 -0.0300000869
v  0.0241517853 -0.0177197419 -0.0255059656
v  -0.0219952259 -0.0200961195 -0.0255002342
v  0.0347599424 -0.0225841515 -0.0236492325
v  -0.0172884967 -0.0242871195 -0.0255000498
v  -0.0164042003 -0.0270395465 -0.0254998859
v  0.01648774 -0.0255319402 -0.0254991595
v  0.0164101981 -0.0265247449 -0.0235007256
v  0.0174291488 -0.0282956734 -0.0234996919
v  -0.0319999978 -0.0285000056 -0.0235000756
v  0.0319999978 -0.0285000056 -0.0235000756
v  -0.0177765805 -0.0283926651 -0.0255001169
v  0.0331879891 -0.028448265 -0.0255027227
v  0.0171382893 -0.0281578824 -0.0254999306
v  -0.0319999978 -0.0285000056 -0.0255000796
v  0.0068910569 0.0333035663 -0.0240087882
v  -0.0337814614 0.000313334167 -0.0241743512
v  0.0352194794 -0.0319725499 -0.0242813881
v  -0.0128532229 0.0314228237 -0.0241612494
v  -0.0180761609 0.0286882892 -0.0240911506
v  -0.0231815316 0.0246185586 -0.0240646917
v  0.0299471393 0.015582934 -0.0241185781
v  0.0251428001 0.0227945596 -0.024405729
v  -0.0304010231 0.0145007968 -0.0240801461
v  0.0338975452 -0.00109077245 -0.0246191993
v  -0.0352898017 -0.03832867 -0.024393525
v  0.0326310843 0.00809574872 -0.0242015459
v  0.0203234963 0.0271436572 -0.0242576413
v  0.0340088196 -0.040947292 -0.0319156162
v  -0.0323024876 -0.0572826415 -0.0310309026
v  -0.0139942048 -0.13375622 -0.0278416313
v  0.0329080224 -0.0467812978 -0.02498064
v  -0.0346045606 -0.0158982798 -0.0289823655
v  0.0345993079 -0.0159948431 -0.02909871
v  -0.033197362 0.00310583413 -0.0282983966
v  -0.031737987 0.0101624429 -0.0280528776
v  0.0336474888 0.000371269882 -0.026105592
v  0.0330659971 0.0015148297 -0.0305715129
v  -0.0231918544 0.02375184 -0.0297407415
v  -0.0273066442 0.0189375505 -0.0295965821
v  0.0198490731 0.02692274 -0.0287631806
v  -0.018060768 0.0283917114 -0.0285854824
v  0.0131210983 0.0308964923 -0.0289570149
v  0.00540729193 0.0331027284 -0.0288161542
v  -0.00263117277 0.0334143192 -0.0292899068
v  -0.0102670714 0.0319718868 -0.0285778716
v  0.0278523453 0.0187467188 -0.027487902
v  0.0317454524 0.0100893602 -0.0281437207
v  -0.0277022123 -0.0705134347 -0.0301902536
v  0.0154395029 -0.12439061 -0.0280077737
v  -0.015352495 -0.12412066 -0.0281032547
v  -0.0312282424 -0.0467858091 -0.0318676718
v  0.0105284341 -0.119346261 -0.0261952821
v  -0.0291278977 -0.0645944253 -0.0335940309
v  -0.0326120183 -0.0467846133 -0.0270213615
v  -0.0319999978 -0.0457812995 -0.0268234815
v  0.0320000052 -0.0463527404 -0.0267372597
v  -0.0105187306 -0.119404659 -0.0261001419
v  0.010546471 -0.13493526 -0.0282241404
v  -0.0329074822 -0.0457791202 -0.02520255
v  0.0328934528 -0.0457501225 -0.0252817813
v  -0.0332789756 -0.0378068425 -0.0255432371
v  -0.0221637506 0.0228704885 -0.0258680452
v  -0.0179800224 0.0263749585 -0.0258851983
v  0.0145908566 0.0286953971 -0.0255040135
v  0.0184861794 0.0260597467 -0.0260394309
v  0.0221589934 0.0228621364 -0.0259264838
v  -0.0113444533 0.0299670994 -0.0258820243
v  0.00232422701 0.0319915712 -0.0257175677
v  -0.00233582756 0.0319438428 -0.0259479936
v  -0.00234613591 0.0310253352 -0.0301528275
v  -0.00229981379 0.0291132033 -0.0300000068
v  -0.00129959756 0.0291749984 -0.0300000068
v  0.00231264997 0.0307915583 -0.0307601225
v  0.00229960284 0.0291132182 -0.0300000068
v  -0.00129575969 0.0311614871 -0.0296821166
v  -0.00129240728 0.0319411382 -0.0257706698
v  0.00129697996 0.0319454893 -0.0259618182
v  0.00129981758 0.0291749835 -0.0300000068
v  0.00671263691 0.0312601849 -0.0260080043
v  0.0121878516 0.0295548737 -0.026019197
v  -0.031837713 0.000496126711 -0.0257905703
v  -0.0310780052 0.0063323155 -0.025881473
v  -0.0286430065 0.0145740658 -0.0254999325
v  -0.029063452 0.012700595 -0.0260273926
v  -0.0260026846 0.0182338059 -0.0259923227
v  -0.0229973327 0.0222924426 -0.0259242691
v  0.0230878294 0.0223560557 -0.0256204363
v  -0.021002207 0.0202926546 -0.0300000068
v  -0.0202096887 0.0209143907 -0.0300004091
v  0.022246249 0.0215355381 -0.0300586913
v  0.0210017525 0.0202931315 -0.0300002582
v  -0.0215196889 0.0222547874 -0.0300406385
v  0.0201529935 0.0208571702 -0.0300001726
v  0.0267822668 0.0171341375 -0.025995329
v  0.0305228122 0.00919053704 -0.0259907879
v  0.0304225087 0.0107545331 -0.0254963879
v  -0.0304905344 0.000523552299 -0.0319699496
v  0.0319752507 0.000497110188 -0.0257662591
v  0.0318915807 -0.000517889857 -0.0256603863
v  0.0310450885 -0.000503592193 -0.0308246035
v  0.0323347114 -0.016958721 -0.0311158169
v  -0.0319032222 -0.000519327819 -0.0255654361
v  -0.0289989822 -0.000502660871 -0.0300001241
v  0.0288981404 -0.000503070652 -0.03000018
v  0.0332247019 -0.0367794223 -0.0254995301
v  -0.0332292467 -0.0367763229 -0.0254991464
v  -0.0323468223 -0.0377804562 -0.031480182
v  -0.0319999978 -0.0377813131 -0.0270000007
v  -0.0319999978 -0.0367813259 -0.0270000007
v  0.0323172323 -0.0377819613 -0.0314701758
v  0.0331645831 -0.0377813131 -0.0255001094
v  0.0319999978 -0.0377813131 -0.0270000007
v  -0.0323797874 -0.0367807113 -0.0312599204
v  0.0319999978 -0.0367813259 -0.0270000007
v  0.0318743214 -0.036782559 -0.03292441
v  -0.0323215127 -0.0187885389 -0.0314305499
v  -0.0311545115 -0.000504523516 -0.0305849947
v  0.0146212131 -0.115424119 -0.0280523542
v  -0.00427621556 -0.129986852 -0.0288103484
v  -0.00262897625 -0.13500008 -0.0287882835
v  -0.00632781396 -0.100200012 -0.0280449893
v  -0.00262897601 -0.101199962 -0.0287882835
v  0.00907826051 -0.10120444 -0.0334059447
v  -0.0108369198 -0.100199841 -0.0332776457
v  0.00262897159 -0.100200057 -0.0287882853
v  -0.0299045108 0.00699549913 -0.0305204634
v  -0.0245792381 0.0190572441 -0.0293371025
v  -0.0101977568 -0.119895503 -0.0289888941
v  -0.00957618933 -0.119611941 -0.0260025226
v  -0.00949989911 -0.119067758 -0.0268877987
v  -0.0142241782 -0.1151402 -0.0259989519
v  -0.0110274162 -0.116210632 -0.0259998646
v  0.0106941089 -0.116301268 -0.0259998646
v  0.00956589635 -0.119615547 -0.02600885
v  0.00950336456 -0.119870409 -0.0292485245
v  0.00924881734 -0.119001947 -0.0269805118
v  0.0104991077 -0.119606197 -0.0289569721
v  -0.0086462684 -0.115656599 -0.0259998646
v  -0.00718481373 -0.117910028 -0.0259992965
v  0.0072044516 -0.11797303 -0.0260015316
v  0.0113446061 -0.114191718 -0.0259998646
v  -0.00761801517 -0.118195541 -0.0274643991
v  0.00865538325 -0.115808278 -0.0259998646
v  -0.0127510652 -0.118103392 -0.0283660367
v  0.0129260607 -0.117938414 -0.0283277575
v  0.00541551365 -0.115427159 -0.0311857462
v  0.00748659717 -0.118185073 -0.0302214641
v  0.00547805522 -0.115422733 -0.0260006152
v  -0.0074954452 -0.118185036 -0.0302191265
v  -0.00548626157 -0.115424387 -0.0311764441
v  0.0142102335 -0.115463138 -0.0260000285
v  -0.00580663234 -0.115465723 -0.025999872
v  -0.0139971552 -0.115502842 -0.0283507481
v  -0.00897257868 -0.116210639 -0.0279998686
v  0.00930588879 -0.116301268 -0.0279998686
v  0.0113446144 -0.115808278 -0.0279998686
v  -0.0110666053 -0.115964167 -0.0279998686
v  -0.0150000099 -0.115000002 -0.0259998646
v  -0.0147291804 -0.114713922 -0.0281529557
v  -0.00552285323 -0.11456611 -0.0260000993
v  -0.00872757845 -0.111055374 -0.025999926
v  -0.0104463715 -0.11049673 -0.0260001402
v  -0.00903583504 -0.113933392 -0.0259998646
v  0.00549282786 -0.114547826 -0.026000483
v  0.00959927589 -0.110312 -0.0260004252
v  0.0148159349 -0.114563949 -0.0259998646
v  0.0104483655 -0.110746689 -0.0260007083
v  0.00865539256 -0.114191726 -0.0279998686
v  -0.0112454994 -0.114155948 -0.0279998686
v  -0.010844063 -0.113754511 -0.0259998646
v  -0.0127623007 -0.112015672 -0.0259996969
v  -0.00915591884 -0.113754518 -0.0279998686
v  0.00930592883 -0.113698706 -0.0259998646
v  0.0106940689 -0.113698699 -0.0279998686
v  -0.00579277379 -0.114526495 -0.0312992968
v  0.00564164389 -0.114369802 -0.0313527174
v  0.00701495679 -0.112205572 -0.0260004792
v  0.0143427216 -0.114542425 -0.0283893589
v  0.0129781524 -0.112260029 -0.0260038581
v  -0.0130357146 -0.11229229 -0.0295239557
v  -0.00689474586 -0.11245203 -0.0314772129
v  0.0128406938 -0.112097874 -0.029648548
v  -0.00942172669 -0.11085628 -0.0311631877
v  0.00977719855 -0.110279404 -0.0311823841
v  -0.01050088 -0.11102137 -0.0307706594
v  -0.00950000249 -0.109999999 -0.0259998646
v  0.0105012581 -0.111018732 -0.0307718441
v  -0.00999262091 -0.11000064 -0.0311759431
v  0.0298908446 0.00719737262 -0.0302962977
v  0.0280294511 0.0128264427 -0.0297033843
v  0.0242267512 0.0191635117 -0.030120967
v  -0.0157707911 0.0269981548 -0.0293696597
v  -0.0317886695 -0.0457730219 -0.0312617905
v  0.0318007618 -0.0457723923 -0.0312565081
v  0.0126565378 -0.133952543 -0.0282737408
v  -0.0114825787 -0.127139196 -0.0294997189
v  -0.0150000062 -0.0467813164 -0.0266726073
v  -0.0150000183 -0.0457812548 -0.0319998711
v  -0.0150000062 -0.0457812995 -0.0268234815
v  -0.0150000062 -0.0467813164 -0.0359998718
v  -0.0191435702 -0.0467815734 -0.039547503
v  -0.0280870181 -0.0467852876 -0.0357364006
v  0.015000008 -0.0457812622 -0.0319998711
v  0.014999995 -0.0462358519 -0.0359998718
v  0.0149999969 -0.0466048419 -0.0266992301
v  0.026752267 -0.0467812382 -0.0367942974
v  0.0181870256 -0.0467813388 -0.0396784171
v  -0.023878593 -0.0738609731 -0.0329683051
v  -0.00947789289 -0.119253129 -0.0295063313
v  -0.000163068224 -0.119216479 -0.0287972502
v  0.00139810552 -0.119199097 -0.0310274512
v  -0.0150000099 -0.0369392186 -0.0270000547
v  -0.0150000192 -0.0377813652 -0.0319998711
v  0.0149999987 -0.0369392186 -0.0269999988
v  0.015000009 -0.0377813317 -0.0319998711
v  -0.0149999801 -0.0372813195 -0.0359999016
v  -0.0202668998 -0.0367777534 -0.0401895083
v  -0.0283591226 -0.0367752351 -0.0370398127
v  0.0149999959 -0.0372358672 -0.0359998718
v  0.0277083162 -0.036778383 -0.0374106169
v  0.0199321099 -0.0367771536 -0.0402279645
v  0.0240866542 0.0224569589 -0.030267423
v  -0.034365423 -0.0310493782 -0.032133311
v  -0.00328705669 -0.134949505 -0.0301976688
v  0.0247970708 -0.0735418648 -0.0349558182
v  -0.0242024455 -0.0774669796 -0.0343815237
v  0.00050352572 -0.118203439 -0.028649224
v  0.0215986054 -0.0748432577 -0.0342192091
v  -0.00853841659 -0.117760316 -0.0280071832
v  -0.0122601353 -0.117220156 -0.0280052479
v  -0.0099062575 -0.118072763 -0.0316357054
v  0.0124096246 -0.117067486 -0.0280042533
v  0.00856716931 -0.117895231 -0.028000813
v  0.00912869908 -0.118094735 -0.0318623334
v  -0.0126803806 -0.116586879 -0.0309322886
v  0.0126435878 -0.116681486 -0.0309296586
v  -0.00693645421 -0.115046494 -0.0279997867
v  -0.00687006069 -0.115633667 -0.0329220071
v  0.00693803886 -0.114803314 -0.0279998835
v  0.00689558452 -0.115182981 -0.0330035463
v  -0.0124784587 -0.112964131 -0.0279999282
v  0.0123901181 -0.112799302 -0.0279993191
v  -0.00854626484 -0.112218618 -0.0279997755
v  0.0122508118 -0.112721555 -0.0319580957
v  -0.0122180311 -0.11273504 -0.0319660343
v  0.00873030443 -0.112185918 -0.0279996451
v  0.00861444883 -0.112195559 -0.0332184844
v  -0.00883227121 -0.112120047 -0.0331779458
v  0.00246948563 -0.129998371 -0.0291137155
v  -0.00296560978 -0.101198405 -0.0345044732
v  0.00478570303 -0.100201018 -0.0346128866
v  0.00129616749 0.0308474749 -0.0304140281
v  0.0214031357 0.0221332684 -0.0303040966
v  0.0136612728 0.0276370719 -0.0308055151
v  -0.00830048602 0.0290565863 -0.0318677612
v  -0.000189020691 -0.118198842 -0.0311150309
v  0.00649656262 -0.134297699 -0.0302770026
v  -0.0266058501 0.0114922002 -0.033454448
v  0.0255975574 0.0187167898 -0.0329710878
v  -0.00640067272 -0.133962914 -0.0303292479
v  -0.0284227636 0.0144826993 -0.0324332081
v  0.0299659949 0.0103278086 -0.0329812765
v  0.0302605219 0.000513479114 -0.0324798971
v  0.00539202336 -0.126018554 -0.0313384607
v  0.0174201392 -0.0736570135 -0.0384972394
v  -0.0311640389 0.00540816784 -0.033594124
v  -0.0211386848 -0.0662455633 -0.0362938903
v  0.0320048481 -0.023689203 -0.0325563028
v  -0.0328977592 -0.0125693679 -0.0345983692
v  -0.0225186702 0.0190747306 -0.0325072519
v  -0.0206802376 0.0199638903 -0.0334494077
v  -0.0287285857 0.000507935882 -0.0348428376
v  -0.0283277724 -0.000495634973 -0.0355710685
v  0.0286405794 -0.000124201179 -0.0350788645
v  0.0206435639 0.0199097022 -0.0334793665
v  -0.0202104785 0.0210389718 -0.0330747701
v  0.0194544774 0.0202002227 -0.0341116786
v  -0.00229238672 0.0285359845 -0.0336297117
v  0.00143080181 0.0287490413 -0.0335335843
v  -0.00127853267 0.0290842205 -0.0331612714
v  0.0335135609 -0.0256456695 -0.0345510393
v  -0.0193227008 0.0245123431 -0.0337027907
v  0.018970741 0.0245011002 -0.0341190211
v  -0.0119354874 0.0285112038 -0.0343987457
v  0.0144476499 0.0279865116 -0.0333575793
v  0.00738716125 0.0307594463 -0.0333607197
v  -0.00244603842 0.0307716206 -0.0344615765
v  0.0188287105 0.0228034779 -0.0325631648
v  -0.0140467314 0.0261900797 -0.0324353203
v  -0.00253053149 -0.12691313 -0.0315624401
v  0.000162068463 -0.133910015 -0.0310130827
v  0.0164363123 -0.0728648603 -0.0367963985
v  0.0115111126 -0.0954145938 -0.0359855294
v  -0.0182851627 -0.0704942495 -0.0388296656
v  0.0268558785 0.00953596085 -0.0341136754
v  -0.0306864791 -0.0226275101 -0.0352671556
v  -0.0234619677 0.0187951103 -0.0349949971
v  0.0141972732 0.0242150575 -0.0341452695
v  0.00739751477 0.0278091356 -0.0335367769
v  -0.00882373191 0.0255566165 -0.0349861197
v  0.00336018926 -0.0966471285 -0.0373453088
v  -0.00668085972 -0.0887516737 -0.0383743607
v  0.031404566 -0.00016707927 -0.0348412506
v  -0.0318537466 -0.0378021225 -0.0328020714
v  -0.0305151474 -0.0457937643 -0.0333742425
v  0.030955581 -0.0457652174 -0.0324926525
v  0.0318202488 -0.0377789922 -0.0325536542
v  -0.0150000062 -0.0457812995 -0.0359998718
v  -0.018934356 -0.0457808673 -0.0396585651
v  -0.024744112 -0.0457774997 -0.037861336
v  0.0260827038 -0.0457786843 -0.0371325277
v  0.0197679885 -0.0457799993 -0.0395338014
v  0.0293171704 -0.0457599573 -0.0347803161
v  -0.0281488393 -0.037783239 -0.0370060392
v  -0.0201635696 -0.0377791338 -0.0401363261
v  0.0181579478 -0.0377827883 -0.0403672792
v  0.0248790532 -0.0377824903 -0.0386937149
v  0.0293480139 -0.0377808176 -0.0361041613
v  -0.0314902291 -0.0415727347 -0.0361256935
v  0.0316575877 -0.0371877551 -0.0365871638
v  0.0302947704 -0.021015875 -0.0356618576
v  -0.0146571212 0.0233953521 -0.0344063565
v  -0.0327009857 -0.0312457979 -0.0356509984
v  -0.0189761575 0.0175752789 -0.0355486348
v  0.0266871452 0.0103155077 -0.0366828181
v  0.0233432446 0.0182186961 -0.035419751
v  0.0223450921 0.0136525184 -0.035596475
v  0.0267380998 -0.0553136691 -0.0376020446
v  -0.0267883763 0.0101118386 -0.036683362
v  -0.0144201247 0.023883678 -0.0366475992
v  0.0136249196 0.0240256861 -0.0367886312
v  0.00687294174 0.0269827396 -0.0367928445
v  0.00159962487 0.0267470405 -0.0349607319
v  0.00737740938 0.0240443125 -0.0357988887
v  -0.0229098648 0.0102788582 -0.0364443175
v  0.0288273599 -0.000897869468 -0.0379479565
v  0.00315581611 -0.0822726712 -0.0377370305
v  -0.00627809111 -0.0788096264 -0.0378949977
v  -0.0209553689 0.0153108761 -0.0380817428
v  0.0139412126 0.0167618692 -0.0370516144
v  -0.0267315302 -0.04823393 -0.0388562232
v  -0.0285505373 -0.00100757927 -0.0381756425
v  -0.0282414164 -0.0107268617 -0.0368885808
v  0.0277382992 -0.0113133378 -0.0374042727
v  0.0246360768 0.00208470225 -0.0375359282
v  -0.00348399905 0.0232132301 -0.0363541879
v  0.0193423945 0.0106610805 -0.0375346951
v  -0.012483377 0.0176326111 -0.0370627493
v  0.0204588361 0.0153657198 -0.0382224359
v  -0.030013511 -0.0268882513 -0.0389146991
v  -0.010378398 -0.0670255497 -0.0388912484
v  0.0202686135 -0.0500202179 -0.0410838947
v  0.0297541637 -0.020718053 -0.0389509611
v  -0.0071668895 0.0247250721 -0.0376845114
v  0.000289917836 0.025635995 -0.0377609655
v  -0.0103522688 -0.0661283955 -0.0359997675
v  -0.0111018065 -0.0661614761 -0.0388121493
v  -0.0106666638 -0.067015633 -0.0359998718
v  -0.0092893634 -0.0630430356 -0.0359998718
v  -0.0117454948 -0.0628596991 -0.0359998718
v  -0.00593885314 -0.062162783 -0.0360007025
v  -0.0146136396 -0.0621631518 -0.0359997489
v  -0.0134396581 -0.0648035184 -0.0360065289
v  -0.00772726489 -0.0650236532 -0.0360007621
v  -0.00931276195 -0.0659872442 -0.0390913375
v  0.0149183702 -0.0624098033 -0.036001157
v  0.0113440854 -0.0632611141 -0.0359998718
v  0.0105149169 -0.0666526332 -0.036000412
v  0.00772200571 -0.0650116205 -0.0360001773
v  0.00934214424 -0.0660046339 -0.0390850715
v  0.0105263721 -0.0667806864 -0.0388404205
v  0.0131604038 -0.0650802031 -0.0360030755
v  -0.0144777372 -0.0631934851 -0.0385652371
v  0.00925450306 -0.0628596991 -0.0359998718
v  0.0134029612 -0.0648652166 -0.0385641232
v  -0.00642115297 -0.0626403093 -0.0397344865
v  0.00638410402 -0.0618751049 -0.0359998047
v  0.0064194086 -0.0626527667 -0.0397372209
v  -0.00925450865 -0.0628596991 -0.0379998758
v  -0.0113440836 -0.0632611141 -0.0379998758
v  0.00965591427 -0.0632611141 -0.0379998758
v  0.0117454985 -0.0628597066 -0.0379998758
v  0.0117455032 -0.0611715466 -0.0359998718
v  -0.0155041637 -0.0621810295 -0.0385049023
v  -0.0155000063 -0.0618489534 -0.0359998718
v  -0.00653137872 -0.0615156144 -0.0359998718
v  -0.00598993385 -0.0617685877 -0.0398602597
v  0.00549999764 -0.0621822923 -0.0359998718
v  0.00542690745 -0.0625409037 -0.0399686396
v  0.00965591148 -0.0607701391 -0.0359998718
v  0.0106585985 -0.0578943305 -0.0359989107
v  0.0144782467 -0.0625195876 -0.0386493579
v  0.0151710687 -0.0619804263 -0.0386067033
v  0.0150230099 -0.0615710691 -0.0359998718
v  -0.0133691086 -0.0591619238 -0.0360011421
v  -0.011566652 -0.0610514954 -0.0359998718
v  -0.0118682869 -0.0615739413 -0.0379998758
v  -0.00996526703 -0.0605205297 -0.0379998758
v  -0.00984343421 -0.060661871 -0.0359998718
v  0.00913171098 -0.0615739413 -0.0379998758
v  0.0110347476 -0.0605205335 -0.0379998758
v  -0.0146870511 -0.0613854788 -0.0387589224
v  -0.00764431106 -0.0591281801 -0.0360006206
v  -0.0106478622 -0.0579056591 -0.0359996073
v  0.00621484173 -0.0614677221 -0.0399331637
v  0.00764040323 -0.0591303222 -0.0360005647
v  0.0134999035 -0.0592476167 -0.0360021256
v  -0.0118000787 -0.058069516 -0.0396012664
v  -0.00982919894 -0.0576186106 -0.0399134718
v  0.00983836502 -0.0576137565 -0.039883893
v  0.013255422 -0.0589949004 -0.0392935425
v  -0.0103333304 -0.0570156127 -0.0359998718
v  -0.0110000269 -0.0570156462 -0.0397974923
v  0.0103333341 -0.0570156127 -0.0359998718
v  0.0108945183 -0.0574373491 -0.0397765264
v  -0.00999998022 -0.0461813062 -0.0359998681
v  -0.0100010056 -0.0461813658 -0.0407002382
v  0.00999216549 -0.0463536493 -0.0407237113
v  0.0100000035 -0.0461813062 -0.0359998755
v  -0.00999999326 -0.0372813195 -0.0359998718
v  -0.00999021996 -0.0372951664 -0.0411156602
v  0.00997952279 -0.0374474935 -0.0411944874
v  0.0100000007 -0.0371146575 -0.0359998718
v  -0.0199986622 0.00347524881 -0.0388320573
v  0.0284504965 -0.0378898606 -0.0391092636
v  0.027183339 -0.026954785 -0.0382261612
v  -0.0246983729 -0.00245720893 -0.0380635858
v  -0.02585431 -0.0182724074 -0.0389173776
v  0.0143348174 0.0152431428 -0.0395492278
v  0.0201788712 0.000362120569 -0.0391024612
v  -0.0115712974 0.0046646148 -0.0396443829
v  0.00709142582 0.00700836629 -0.0395082533
v  0.0118548032 0.00351302326 -0.0396907069
v  0.00193985726 -0.0779899508 -0.0403875858
v  0.0237286221 -0.00182274729 -0.0406185724
v  0.0073562637 0.0151427016 -0.0401349626
v  0.0124937966 -0.0643449202 -0.0379958972
v  0.0101504112 -0.0650389344 -0.0379986614
v  0.0104048513 -0.0651095882 -0.0410740338
v  -0.0135624344 -0.0629275516 -0.0380038954
v  -0.00967997499 -0.0652286932 -0.0379992314
v  -0.0112167327 -0.0649909377 -0.0409681909
v  0.00788926892 -0.0636395812 -0.0379992686
v  0.0135181323 -0.0634015724 -0.0407858901
v  -0.00851653609 -0.0644393787 -0.0414204858
v  -0.0132787023 -0.0633618087 -0.0408221036
v  0.00816650782 -0.0639823303 -0.0415091068
v  0.0135552138 -0.061191529 -0.0380004272
v  -0.00742295478 -0.0622050054 -0.0379983969
v  0.00781171536 -0.0606009476 -0.0380010419
v  0.00739049539 -0.0614780635 -0.0417746641
v  -0.0074554733 -0.0615891889 -0.0417624488
v  -0.00908283889 -0.0591462776 -0.0380000435
v  -0.0124000469 -0.0595771931 -0.0379988402
v  0.0105666788 -0.0588533506 -0.0379984453
v  -0.0131723564 -0.0604244024 -0.041178558
v  0.0123713221 -0.0595205985 -0.0414438546
v  0.00954681076 -0.0590970926 -0.041824922
v  -0.00968665816 -0.0589172617 -0.0418313034
v  0.0200634673 -0.0167409852 -0.0404688381
v  -0.0121598886 0.0128908679 -0.0403627865
v  -0.0235119257 -0.00137585402 -0.0406091437
v  0.0246765576 -0.0376234055 -0.0409045331
v  -0.0247610081 -0.0259261131 -0.0415488444
v  -0.0176910851 -0.0172139406 -0.0407218225
v  0.024454331 -0.021552112 -0.0415354036
v  0.0159002002 -0.00136753172 -0.0419395901
v  -0.0203560051 -0.0436452962 -0.0416116677
v  -0.00170450401 -0.0197355747 -0.0413001664
v  0.000679963385 -0.0643265247 -0.0418594703
v  -0.0137922764 -0.00395877659 -0.0423909202
v  0.0149048129 -0.0298950449 -0.0431307964
v  -0.0159818567 -0.0290981829 -0.0430252701
v  -0.00463787001 -0.0427604206 -0.0431670919
v  0.0102769425 -0.0172039159 -0.0431242511

# 0 UV coordinates

# 7124 vertex normals
vn 0.49890694 0.865848303 0.0373974256
vn 0.509122252 0.860580444 0.0139969829
vn 0.50291723 0.863870919 0.0283062272
vn 0.513380826 0.858151495 0.00399712147
vn -0.191494435 -7.01478639e-05 0.981493711
vn 0.00863755774 -0.0399867781 0.999162912
vn 0.0865176097 -0.0401919559 0.995439231
vn -0.498920321 -0.865902185 0.0359435603
vn -0.509227097 -0.860545814 0.0121929245
vn -0.502947271 -0.863902688 0.0267622937
vn -0.513500392 -0.858086824 0.00209460221
vn 0.176611841 0.00514977193 0.984267116
vn -0.000977985444 0.0341835693 0.9994151
vn -0.0189644136 -0.00864018127 0.999782801
vn -0.858790815 0.509940088 -0.049389869
vn -0.856058121 0.515626073 -0.0359764211
vn -0.851177454 0.524691284 -0.0139967967
vn -0.848069787 0.529883504 -0.0010534703
vn 0.85919565 -0.509265006 -0.04931584
vn 0.856377542 -0.515132666 -0.0354422554
vn 0.851309955 -0.524511218 -0.0126275914
vn 0.848064959 -0.529891491 0.000844234426
vn 0.000167188788 0.999999464 0.00104390143
vn 0.000167188802 0.999999523 0.00104390155
vn -0.545566022 0.0103582535 0.838003814
vn 0.428344458 0.00712715555 0.903587461
vn 0 -1 0
vn -0.318660587 0.00451271329 0.947858155
vn -0.388220012 -0.000709519663 0.921566486
vn -0.0108738225 -0.00285834097 0.999936819
vn 0.0110659897 0.0028788012 0.999934614
vn 0.421060234 -0.000385611085 0.907032609
vn 2.2413044e-06 1 9.68637596e-06
vn 2.24130417e-06 1 9.68637596e-06
vn 0.281266928 -0.000810351747 0.959629297
vn -2.35040661e-05 -0.99999994 0.000247530872
vn -2.35040643e-05 -0.99999994 0.000247530843
vn -2.35040661e-05 -1 0.000247530872
vn -0.319923848 0.00672644563 0.947419405
vn -0.330503762 -0.00265574595 0.943800986
vn -0.006868836 -0.0145648979 0.99987036
vn 0.0416376926 0.0120118912 0.999060571
vn 0.260046691 0.00589235919 0.965578079
vn 0.000275667466 0.999999881 0.000433109031
vn -4.6613055e-05 1 7.82783391e-05
vn 6.11374198e-05 0.99999994 0.000241868154
vn -7.41838494e-06 0.99999994 -4.379659e-06
vn 0.000273839716 0.999999821 0.00055156392
vn 0.475432724 0.0223942231 0.87946701
vn -0.257689804 0.0392412171 0.965430439
vn 0.283150285 -0.0232286993 0.958794236
vn -0.43636179 -0.0121299857 0.899689496
vn 0.00787736569 -0.999918878 0.0100121582
vn -0.00267228764 -0.999996305 -0.000551158213
vn -0.00368211372 -0.999175727 0.0404284187
vn 0.00168051326 -0.99999702 0.00175815751
vn -0.00481209205 -0.999875426 -0.0150320763
vn -0.0187519658 -0.999598205 0.0212538224
vn -0.0187561922 -0.999594033 0.0214454234
vn -7.42707198e-05 1 0.000141974553
vn -0.646400988 0.0151639776 0.762847185
vn 0.000399026583 0.999999762 0.00061144249
vn -0.00158718403 -0.00113791961 0.999998152
vn -0.00174423342 -0.000335196703 0.99999845
vn 8.46315379e-05 -9.16066347e-05 1
vn 0.00139449071 -6.39594655e-05 0.999998987
vn 0.0017445155 0.000334243407 0.99999845
vn -0.0757145882 0.946779132 -0.312852502
vn -0.0757145882 0.946779072 -0.312852502
vn 0.471765131 0.841474295 0.263360292
vn 0.471765071 0.841474295 0.263360292
vn 0.471765101 0.841474354 0.263360292
vn 0.960884333 0.124264859 -0.247506514
vn 0.960884452 0.124264874 -0.247506529
vn 0.960884333 0.124264874 -0.247506544
vn -0.00139207591 6.13657685e-05 0.999998987
vn -0.829696834 0.458036155 0.319070727
vn -0.829696774 0.458036125 0.319070727
vn -0.829696774 0.458036095 0.319070697
vn -0.960889816 -0.124270983 -0.247482419
vn -0.960889816 -0.124270968 -0.247482389
vn -0.960889816 -0.124270976 -0.247482404
vn 0.00158677436 0.00113580097 0.999998093
vn 0.829742789 -0.457903236 0.319141835
vn 0.829742849 -0.457903236 0.319141835
vn 0.82974273 -0.457903236 0.319141835
vn -8.41092333e-05 8.9163208e-05 1
vn -0.471728355 -0.84146744 0.26344797
vn -0.471728325 -0.8414675 0.26344797
vn 0.0757037327 -0.946712255 -0.313057154
vn 0.0757037401 -0.946712375 -0.313057214
vn 0.0757037178 -0.946712196 -0.313057154
vn 0.545889497 -0.0562233739 0.835968614
vn 0.0108412467 -0.999609411 0.0257556755
vn 0.0119942259 -0.996313989 0.0849389508
vn -0.0100488337 0.0197621621 0.99975419
vn 0.00508691231 0.0183523837 0.999818623
vn 0.0132643534 0.0249752197 0.999600053
vn 0.0775532424 0.0071000671 0.996962905
vn 0.00945479609 -0.00574674923 0.999938786
vn -0.0673896745 0.00559591083 0.997711003
vn -0.00212601433 0.0127724148 0.999916196
vn -0.00895253103 -0.00736645423 0.999932706
vn -0.240337595 0.961474836 0.133430973
vn -0.24033761 0.961474836 0.133430988
vn -0.240337625 0.961474895 0.133431002
vn -0.28521204 0.954814315 -0.0835688487
vn -0.16787833 0.985499382 -0.0246539786
vn -0.358108401 0.925839603 -0.120745294
vn 0.567603707 0.813795209 -0.1247532
vn 0.567603707 0.813795149 -0.1247532
vn -0.413051218 0.898421526 -0.149088874
vn -0.950043619 0.236330882 -0.203874707
vn -0.950043619 0.236330897 -0.203874707
vn -0.950043619 0.236330882 -0.203874692
vn 0.000570670876 -0.00423930632 0.99999088
vn 0.988471985 0.0890370756 0.1224562
vn 0.988472044 0.0890370831 0.1224562
vn 0.988471925 0.0890370756 0.122456193
vn 0.945686996 0.309121251 0.100599431
vn 0.945686936 0.309121251 0.100599431
vn -0.945638657 -0.30924052 0.100686185
vn -0.945638716 -0.30924049 0.100686185
vn -0.945638716 -0.30924049 0.100686193
vn -0.00138906704 -0.00616014004 0.999980092
vn 0.950067759 -0.236328676 -0.203764781
vn 0.950067699 -0.236328661 -0.203764781
vn 0.950067699 -0.236328647 -0.203764781
vn -0.988414407 -0.089595966 0.122513033
vn -0.988414526 -0.0895959735 0.122513041
vn 0.285255283 -0.954796791 -0.0836216435
vn 0.358153105 -0.925818205 -0.120777003
vn 0.413056523 -0.898420036 -0.149083078
vn -0.567611456 -0.813775837 -0.124843858
vn -0.567611456 -0.813775897 -0.124843858
vn -0.567611456 -0.813775957 -0.124843858
vn 0.167847499 -0.985503376 -0.0247031786
vn 0.240168244 -0.961519539 0.133414134
vn 0.240168244 -0.961519599 0.133414134
vn 0.00569823384 0.00809645467 0.999951005
vn 0.0264534 0.000498982787 0.999649942
vn -0.0389279053 -0.000811730511 0.99924165
vn -0.000569209165 0.00404766947 0.999991715
vn -0.360346466 0.927755058 -0.0970613137
vn -0.467802227 0.882603824 -0.0466002859
vn -0.308740765 0.943565667 -0.119846039
vn 0.879967093 0.463880807 -0.102335751
vn 0.879966974 0.463880748 -0.102335744
vn 0.879967093 0.463880807 -0.102335766
vn 0.308656543 0.950227082 0.0424224958
vn 0.308656543 0.950227141 0.0424224958
vn -0.406196356 0.91252172 0.0480494872
vn -0.406196296 0.912521601 0.0480494872
vn -0.406196296 0.91252166 0.0480494834
vn -0.891255915 0.445649028 -0.0840228721
vn -0.891255856 0.445648998 -0.0840228721
vn -2.90496928e-06 -0.00289138849 0.999995828
vn 0.291096836 0.955958366 0.0375020094
vn 0.291096836 0.955958247 0.0375020094
vn -0.506438076 0.861842692 -0.0273399632
vn -0.878067732 -0.471400291 0.0823335424
vn -0.878067732 -0.471400261 0.082333535
vn -0.878067672 -0.471400261 0.0823335424
vn -0.00446959212 -0.00754136918 0.999961555
vn 0.954640329 -0.296493143 -0.027451355
vn 0.93733722 -0.345412582 -0.0457065403
vn 0.942147493 -0.332689732 -0.0409344174
vn 0.959763706 -0.279996067 -0.0213510636
vn -0.798825741 -0.600969255 0.0267087854
vn -0.778715909 -0.626325905 0.0362966247
vn -0.805430055 -0.592226624 0.0234547816
vn 0.807510674 -0.581893206 0.0965753719
vn 0.807510674 -0.581893146 0.0965753645
vn 0.807510793 -0.581893206 0.0965753794
vn -0.771042466 -0.635536373 0.0398372672
vn -0.111863747 -0.990635812 -0.0782760307
vn -0.111863747 -0.990635872 -0.0782760307
vn -0.11186374 -0.990635812 -0.0782760233
vn -0.0348963775 -0.032578744 -0.998859763
vn -0.244775623 -0.0685390532 -0.967154205
vn 0.152526811 -0.0729213879 -0.985605419
vn -5.98251499e-05 -0.999998868 0.00151427451
vn -5.98251427e-05 -0.999998748 0.00151427439
vn -5.98251463e-05 -0.999998808 0.00151427451
vn -0.250965267 -0.0422973074 -0.967071474
vn 0.251480103 -0.0473338999 -0.966704309
vn 0.0136945285 -0.999905884 0.000902837375
vn 0.0134897744 -0.999900281 -0.00416625571
vn -0.0210435465 0.294825017 -0.955319524
vn 0.0431569852 0.0122689735 -0.99899298
vn 0.00891508255 -0.0150658404 -0.999846697
vn -0.0655047446 0.00449002674 -0.997842133
vn 0.0129376343 0.0012596444 -0.999915481
vn 0.357535392 -0.00794442464 -0.933865845
vn 0.0160116144 -0.988310039 -0.151614219
vn 0.0182319526 -0.998504937 -0.051532153
vn -0.00934773032 -0.999905109 0.0101227798
vn -0.0120401438 -0.994916022 -0.0999860391
vn -0.349322975 -0.00844895653 -0.936964333
vn 0.447750062 -0.141440079 -0.882901251
vn 0.527477086 -0.0720658004 -0.846507192
vn -0.527742147 -0.0738366023 -0.84618932
vn -0.453876585 -0.148498327 -0.878603697
vn -5.0706687e-05 1 0.00017159422
vn -0.607922018 0.000932945986 0.793996215
vn 0.000190082312 0.99999994 0.000250218989
vn -0.000176267538 0.999999881 0.000334797805
vn 0.606830478 -0.00104511867 0.794830561
vn 0.72348845 0.00860937778 0.690282762
vn 0.734728217 0.000238759312 0.678361595
vn 0.694696069 -0.149256721 0.703647494
vn 0.631282747 -0.0567046255 0.773477077
vn -0.566403925 -0.0174274892 0.823943496
vn -0.714905858 -0.0611013211 0.696545839
vn -0.0436270535 -0.993727803 -0.102965117
vn 0.432522565 0.00356845604 -0.901616037
vn 0.378968418 0.00240538456 -0.925406516
vn -0.382291824 0.000448542152 -0.924041569
vn -0.387010127 0.00316108554 -0.922070086
vn -0.444129616 0.00324330619 -0.895956755
vn 0.00894734915 -0.981338084 -0.192081973
vn 0.383302569 0.000735122128 -0.923622549
vn -0.00990134291 -0.991767406 -0.127668872
vn -0.44342798 -0.00114359963 -0.896309197
vn -0.0577851497 -0.993428409 -0.0987968817
vn 0.452214658 -0.00120348949 -0.891908288
vn 0.590213835 -0.00494735502 -0.807231665
vn -0.585563719 -0.00433559204 -0.810614824
vn 0.0414597318 -0.996724844 -0.0694304705
vn 0.0452876016 -0.995247424 -0.0862072706
vn 0.00830780901 -0.990148604 -0.139773607
vn -0.0214926861 -0.996425271 -0.0816986188
vn -0.0326571353 -0.995844305 -0.0850160941
vn -0.00121575093 -0.991430759 -0.130627796
vn -0.749321818 -0.0509821586 0.660240531
vn 0.664737761 -0.138590798 -0.734109223
vn 0.715924144 -0.0931123644 -0.691941261
vn -0.720603943 -0.231961116 -0.653394282
vn -0.651520252 -0.119886741 -0.749098361
vn -0.682921827 -0.391996533 -0.616406202
vn -0.61780858 -0.308277011 -0.723379433
vn -0.537515044 -0.216293588 -0.815042734
vn 0.529621959 0.178772032 -0.829180896
vn 0.529621959 0.178772047 -0.829181015
vn 0.529621959 0.178772032 -0.829180956
vn -0.168297827 -0.00289478945 -0.98573184
vn -0.241375625 0.0353425369 -0.969787955
vn 0.110199124 0.0184331797 -0.993738532
vn 0.260605633 -0.0297315344 -0.964987457
vn -0.737265289 -0.47489658 -0.480534345
vn 0.902021348 0.30056867 -0.30986464
vn 0.754260898 0.545703053 -0.36510101
vn 0.861116827 0.385605097 -0.331340283
vn 0.0199238453 -0.999759734 -0.00914291944
vn 0.700076163 -0.536129475 -0.47165516
vn 0.700076222 -0.536129475 -0.47165519
vn 0.700076163 -0.536129415 -0.47165516
vn -0.701237321 0.535895407 -0.470193833
vn -0.701237381 0.535895467 -0.470193863
vn 0.13856566 -0.82960552 -0.540882826
vn 0.138565674 -0.829605579 -0.540882885
vn -0.132071346 0.820662379 -0.555940986
vn -0.132071331 0.820662439 -0.555940986
vn -0.132071346 0.820662439 -0.555940986
vn 0.352400571 -0.00261159451 -0.935845554
vn -0.439214438 -0.018830277 -0.898184896
vn 0.440149099 -0.0123703629 -0.897839546
vn 0.626869142 -0.0171476658 -0.77893573
vn -0.546442151 -0.0198980346 -0.837260544
vn 0.62673825 -0.104069553 -0.772249162
vn 0.639724135 0.0162882246 -0.768432021
vn -0.637932599 0.0186833031 -0.769865513
vn -0.692381501 -0.147059202 -0.706386209
vn 0.0129474215 -0.999737322 -0.0189087279
vn 0.048946999 -0.997755826 -0.0456910431
vn 0.708956301 -0.00387374894 -0.705241799
vn 0.806987345 -0.0104073007 -0.59047693
vn -0.00892801583 -0.999953628 0.00360661582
vn -0.806065381 -0.011345976 -0.59171772
vn -0.705882072 -0.00327711762 -0.70832175
vn 0.957374752 0.126635626 -0.259609371
vn -0.706960797 0.00126371067 0.707251608
vn -0.707271099 0.00203297869 0.706939518
vn -0.706075311 -4.27114319e-05 0.708136857
vn -0.705976784 5.45238036e-05 0.708234906
vn 0.834616184 0.122155741 0.53711611
vn 0.765772223 0.202286258 0.610469699
vn 0.733402133 0.0658845305 0.676594794
vn -0.706531823 -0.000416732684 0.707681239
vn 0.7065745 -0.00173693243 0.707636595
vn 0.706858218 -0.00224760547 0.707351685
vn -0.0665279925 -0.996631861 0.0479470529
vn -0.00555383973 -0.999558508 0.0291868001
vn 0.0435052179 -0.998954952 0.0140112238
vn 0.106453091 -0.994302094 -0.00556720095
vn -0.751982629 0.00530244503 0.659161687
vn 0.527365148 0.192715272 0.827494323
vn 0.510574102 0.201922327 0.835787952
vn 0.544879556 0.182883114 0.818327606
vn 0.562095165 0.172981173 0.808780968
vn -0.0333043076 -0.997828364 -0.0568281971
vn 0.120702744 -0.953516662 0.276109964
vn 0.120702758 -0.953516781 0.276109964
vn -0.127374396 0.979794145 0.154205233
vn -0.127374396 0.979794085 0.154205233
vn -0.127374381 0.979794025 0.154205203
vn 0.752544463 0.025013594 0.658066154
vn 0.875118852 -0.17316103 0.451865345
vn -0.705317616 -0.00233422779 0.708887517
vn -0.151867136 0.959575593 -0.236962229
vn -0.151867136 0.959575534 -0.236962214
vn -0.496107012 0.302599698 -0.81382513
vn -0.496106982 0.302599669 -0.813825071
vn 0.4966335 -0.300735682 -0.814194739
vn 0.496633559 -0.300735712 -0.814194858
vn 0.49663353 -0.300735682 -0.814194798
vn 0.681470454 -0.660595834 -0.314978004
vn -0.680728912 0.66095984 -0.31581676
vn 0.00396330794 -0.999815702 -0.0187859815
vn 0.643561482 0.705302179 -0.297283828
vn 0.643561423 0.70530206 -0.297283798
vn 0.643561423 0.705302119 -0.297283798
vn 0.0688191876 0.910850227 -0.406959325
vn 0.0688191801 0.910850167 -0.406959295
vn 0.0688191876 0.910850227 -0.406959355
vn -0.643451214 -0.705066979 -0.298079163
vn -0.643451154 -0.705066979 -0.298079133
vn -0.0692835897 -0.910953283 -0.40664956
vn -0.0692835972 -0.910953343 -0.40664956
vn -0.0692835972 -0.910953343 -0.40664953
vn -0.381991416 0.0568253696 0.922417104
vn -0.381991446 0.0568253733 0.922417164
vn -0.381991446 0.0568253696 0.922417164
vn -4.93566367e-05 1 -4.85221153e-06
vn -0.865535855 0.00631294679 0.500807285
vn 0.000349582289 1 0.000137665513
vn 0.887377083 0.0102635538 0.460930169
vn -0.707109213 0.000543634931 0.707104206
vn -0.705639601 -0.00230662199 0.708567202
vn 0.706872642 -0.00214789226 0.707337558
vn 0.872529745 -0.0243063346 0.487956107
vn 0.799535751 -0.0646939725 0.597124219
vn 0.781523824 -0.108866386 0.61430335
vn 0.574252903 0.0184618067 -0.818469703
vn -0.581567168 0.00333568058 -0.813491583
vn -0.204362586 0.845612407 0.493128359
vn -0.128624514 0.849955618 0.51091212
vn -0.205840454 0.845475495 0.49274838
vn -0.288533151 0.834510803 0.469404101
vn 0.637188673 -0.39610821 0.661126912
vn 0.663605034 -0.433498114 0.609678388
vn 0.699157119 -0.488773108 0.52180481
vn -0.825699389 -0.0245894063 0.563574314
vn -0.891659558 -0.0213817284 0.452201217
vn 0.019373782 -0.999810934 0.00164209353
vn -0.749267459 -0.598246217 0.284077048
vn -0.74926734 -0.598246217 0.284077048
vn 0.815911174 -0.00723321876 0.578131974
vn 0.661097229 0.599738419 0.450848311
vn 0.650586784 0.586406827 0.482559711
vn 0.671584666 0.613393128 0.415599465
vn 0.757150412 0.0184551105 -0.65297997
vn -0.741474152 0.0131059689 -0.670853496
vn 0.00627854886 -0.998688996 0.050801754
vn -0.8533898 -0.0184445698 -0.52094698
vn -0.760363996 0.473090231 0.445008099
vn -0.760363996 0.473090261 0.445008099
vn -0.437309653 -0.898513556 0.0378651507
vn -0.437309623 -0.898513436 0.0378651433
vn -0.437309623 -0.898513496 0.0378651433
vn 0.707772672 -0.00220443076 0.706436813
vn 0.438640267 0.897678494 0.0420471132
vn 0.438640326 0.897678435 0.0420471132
vn 0.438640326 0.897678435 0.0420471169
vn -0.707426965 -0.000470918749 0.706786275
vn 0.631826103 0.563263535 0.532475352
vn 0.586946011 -0.330251724 0.739207804
vn 0.709465683 -0.00228909659 0.704736233
vn -0.465291291 -0.1195767 0.877043664
vn -0.465291262 -0.1195767 0.877043605
vn -0.465291262 -0.119576693 0.877043605
vn 0.865023553 -0.0523031168 -0.498997629
vn -0.867708385 -0.0706584007 -0.492026061
vn -0.816057563 -0.130651206 -0.563010156
vn -0.382662833 0.640893042 0.665451229
vn 0.383630693 -0.640901387 0.664885581
vn 0.383630723 -0.640901387 0.664885581
vn 0.383630693 -0.640901387 0.66488564
vn -0.344367802 -0.661844909 0.665862024
vn -0.344367772 -0.66184485 0.665861964
vn 0.344795913 0.660498857 0.666975975
vn 0.344795942 0.660498857 0.666975975
vn 0.344795942 0.660498917 0.666975975
vn -0.708352625 -0.00118876295 0.705857754
vn 0.785823703 -0.198637068 -0.585682869
vn -0.819615126 0.299016654 0.488692224
vn -0.819615185 0.299016684 0.488692224
vn -0.819615185 0.299016654 0.488692224
vn 0.818565667 -0.300787956 0.48936379
vn 0.818565667 -0.300787896 0.48936376
vn 0.818565667 -0.300787926 0.48936376
vn -0.0208756179 -0.999777198 0.00314658484
vn -0.0190524329 -0.999808371 0.00448169047
vn 0.780575931 -0.00673067011 -0.625024796
vn 0.194515333 -0.978950858 -0.0617971942
vn -0.787893295 0.0290095247 -0.61512816
vn 0.888476789 -0.0195229128 -0.458506018
vn 0.958560467 0.0340849124 -0.282842696
vn -0.925349355 -0.00928276964 -0.379001737
vn 0.00548055768 -0.996600807 -0.0822002888
vn -4.29085449e-05 1 -6.53058214e-06
vn 0.00400679931 -0.999988914 -0.00246690004
vn 0.00761311315 -0.999966443 0.00304855313
vn -0.000108152468 1 2.23689422e-05
vn -0.974485695 0.011399786 0.224159911
vn -0.920272291 0.00512181129 0.391244918
vn -0.919654846 -0.00576136587 0.392685354
vn -0.977128923 -0.00541108521 0.21257855
vn 0.000628492213 0.999999762 -0.000141353696
vn 0.000511915074 0.999999881 -1.34619359e-06
vn 0.914033651 -0.00559179578 0.405599862
vn 0.924460173 0.0079930108 0.381195039
vn 0.984679163 0.0111167971 0.174021065
vn 0.994133413 -0.00322378031 0.108112291
vn 0.958977044 -0.0108318003 0.283276767
vn 0.972840488 0.00329207419 0.231453076
vn -0.972595096 -0.00875729136 0.232340455
vn 0.961469531 -0.0397457406 -0.272023112
vn -0.962673604 -0.0511541851 -0.265787125
vn -0.933104277 -0.0988248587 -0.345760077
vn 0.924927831 -0.142190859 -0.352548152
vn -0.971538842 -0.0219142772 0.235864848
vn -0.0102822464 -0.999855936 0.0135033792
vn -0.0120021617 -0.9999246 0.00258983788
vn 0.984181345 -0.0100841206 -0.176876932
vn 0.917614639 0.00221921527 -0.39746514
vn -0.90811342 -0.00164794887 -0.418721169
vn -0.964552343 -0.0120850513 -0.263614744
vn 0.289571255 -0.955050886 -0.0634524673
vn 0.900625825 -0.0141966213 -0.434363395
vn 0.906496227 -0.0357815959 -0.420695037
vn -0.0285895243 -0.891446114 -0.452223867
vn -0.908405662 -0.0474319458 -0.415390611
vn -0.902641416 -0.0209528767 -0.429883212
vn 0.0481306203 -0.327637702 -0.943576694
vn -0.00238323212 -0.202765286 -0.979224443
vn -0.0381185375 0.0177336913 -0.999115825
vn -0.0450251997 0.0188820474 -0.998807371
vn -0.0484623425 0.00030323182 -0.998825073
vn -0.00660191802 -0.00649844529 -0.999956965
vn -0.0114436978 -0.0057124286 -0.999918163
vn -0.054138232 0.00122652878 -0.998532653
vn -0.000251552439 1 7.86339911e-07
vn 0.999064803 -0.00698081264 -0.0426725298
vn -0.99948287 -0.0188553017 -0.0260455981
vn -0.994461536 -0.00694614742 -0.104871705
vn 0.00622643391 -0.739368081 -0.673272729
vn -0.0486950129 -0.712162793 -0.700323582
vn 0.0980763733 -0.571230948 -0.814908743
vn -0.0069911317 0.630864918 -0.775861263
vn 0.00561527489 0.624081612 -0.78133899
vn -0.00499195466 0.629799008 -0.776742101
vn -0.0178116113 0.636569679 -0.771013498
vn 0.0240316503 -0.932449579 -0.360500038
vn 0.00461298274 -0.999988377 0.00137041579
vn 0.0043820315 -0.999988556 0.00192693679
vn -0.0183278639 0.82400471 -0.566286445
vn 0.00869269203 0.940317094 -0.340188503
vn 0.0590473339 0.76234293 -0.64447403
vn -0.0309719555 -0.974480867 -0.222323403
vn -0.0209653713 -0.989766657 -0.141146421
vn -0.0220668893 0.978356302 -0.20574744
vn -0.000363597064 0.99999994 -2.49709046e-05
vn -0.994104326 -0.00304408371 -0.108385637
vn -0.984737277 0.0114595424 -0.1736698
vn -0.998436034 0.00672563724 0.0554990768
vn -0.989410341 -0.00771435676 0.144940257
vn 0.988091469 -0.0124108801 0.153366014
vn 0.999769688 0.018401267 -0.011039352
vn 0.996318579 -0.0291415807 0.0806222558
vn 0.998219669 -0.0497377142 0.0329177976
vn 0.997006059 -0.0749077275 -0.0191795677
vn -0.997082829 -0.0738997906 0.0190940592
vn -0.991267204 -0.131039858 0.0147600453
vn 0.990973413 -0.133196101 -0.0151796043
vn 0.0283769332 -0.99908185 -0.0320974253
vn 0.993328333 0.0125863021 -0.114632018
vn -0.99230212 0.014881622 -0.122943737
vn -0.99934864 -0.022532966 -0.0281902831
vn 0.999348402 -0.0225308463 0.0281981286
vn -0.998639941 -0.0486140065 0.018837614
vn -0.998139024 -0.0151676247 -0.0590622276
vn -0.0208195206 -0.999618471 0.0181512926
vn -0.0226842612 0.999186575 0.0333413929
vn -0.999965847 0.00366873341 -0.00740201259
vn -0.984181166 -0.0100836903 0.176877946
vn 0.00183557079 0.999219477 -0.0394602567
vn -0.0318463072 0.999007463 -0.0311406311
vn 0.0100065684 0.999089599 -0.0414714627
vn -0.0396156162 0.998787761 -0.0292148981
vn 0.98320514 0.00596089708 -0.182406902
vn 0.00853040442 -0.979535997 0.201088384
vn 0.0449585468 -0.994265139 0.0970342532
vn 0.960509837 0.036014799 0.275905102
vn 0.00318422681 -0.999994636 0.000703793892
vn -0.999999762 0.000529372483 -0.000530647521
vn -0.999998152 0.00160267553 -0.00103953865
vn -0.999998391 0.000418059994 0.00171902671
vn -0.999996424 0.00130628597 0.00230267388
vn 0.160920843 0.535703123 -0.828931034
vn 0.116728291 0.561127126 -0.819457769
vn 0.0861536562 0.577736318 -0.811663926
vn 0.0499610603 0.596377134 -0.801148057
vn 0.999998152 -0.0013913936 0.00131699396
vn 0.999996543 -0.0013040948 0.00229849899
vn 0.99999845 -0.000418019335 0.00172147236
vn -0.123528473 0.520363808 -0.844962895
vn -0.173137829 0.539215267 -0.824178576
vn -0.0722738504 0.499291629 -0.863414407
vn -0.999998093 0.00140024803 0.00132158783
vn 0.0126465438 -0.530703962 -0.847463012
vn 0.0699376538 -0.558564305 -0.826507449
vn -0.0454152562 -0.500065207 -0.864796102
vn 0.999999702 -0.000519114314 -0.000526620657
vn 0.999998271 -0.00158725039 -0.0010316103
vn 0.125867456 -0.538762689 -0.833001912
vn 0.125867456 -0.538762629 -0.833001852
vn 0.121293776 -0.581517994 -0.804440558
vn -0.208244503 0.551613629 -0.807685971
vn 0.999999702 0.000529471377 0.000530753925
vn -0.999999702 -0.000518632587 0.000526813848
vn -0.336328089 -0.758173406 -0.558620274
vn -0.336328059 -0.758173347 -0.558620274
vn 0.336405814 0.290284723 -0.895860493
vn 0.336405814 0.290284693 -0.895860434
vn 0.336405784 0.290284693 -0.895860374
vn -0.0530414507 -0.398759305 -0.91552043
vn 0.0369819142 -0.460557371 -0.886859238
vn -0.178539023 -0.303202897 -0.93605125
vn 0.169432089 -0.541268289 -0.823602736
vn -0.302118063 0.895251334 -0.327490181
vn -0.302118033 0.895251215 -0.327490121
vn 0.120717362 0.773541749 -0.622141838
vn 0.120717347 0.773541689 -0.622141838
vn 0.120717362 0.773541749 -0.622141898
vn 0.111433044 -0.933259845 -0.341480166
vn -0.0448312052 -0.891053438 -0.451679111
vn -0.162699848 -0.836025 -0.524014235
vn -0.289633572 -0.752994299 -0.59085691
vn -0.150646791 0.694261491 -0.703780174
vn -0.150646791 0.694261491 -0.703780234
vn -0.999998212 -0.00139137846 -0.00131698954
vn -0.182030991 0.983049154 -0.0218905136
vn -0.182030991 0.983049095 -0.0218905136
vn -0.182030961 0.983048975 -0.0218905099
vn 0.999998212 0.00160264177 0.00103950978
vn 0.161473423 0.98663342 0.021931611
vn 0.161473423 0.98663336 0.0219316129
vn 0.161473408 0.986633301 0.0219316073
vn -0.999998271 -0.00158704608 0.00103196548
vn -0.041366905 -0.996832192 0.0679295659
vn -0.0231856387 -0.996187389 0.0841014981
vn -0.0925453976 -0.995463789 0.0220722295
vn 0.999998152 0.00139854685 -0.00132094626
vn 0.166515529 -0.985793471 -0.0219942573
vn 0.166515529 -0.985793471 -0.0219942555
vn 0.166515544 -0.985793531 -0.0219942573
vn 0.978915155 -0.0315617509 -0.201814532
vn 0.0322900712 -0.990581393 0.133063391
vn -0.997633755 0.00444347411 -0.0686088279
vn 0.96261853 -0.0536270291 0.265499294
vn 0.992301643 0.0148775233 0.122947782
vn -0.961469412 -0.0397466794 0.272023499
vn -0.9249686 -0.141909018 0.352554739
vn -0.0151619622 0.998933315 0.0436165035
vn -0.971674085 0.00139194238 -0.236321047
vn -0.98708564 -0.0555179939 -0.150265127
vn -0.989238381 -0.0346425511 -0.142152786
vn 0.964561164 -0.0120836282 0.263582796
vn -0.00683773682 0.999110878 0.0416017957
vn -0.0243888069 -0.923228085 0.383477658
vn 0.977209628 -0.00552554708 -0.212204888
vn 0.974171817 0.0109585784 -0.225542203
vn -0.000975627627 0.999991655 0.00397479767
vn 0.000112851732 1 7.12981855e-05
vn 0.0454106443 -0.998765349 0.020134788
vn -0.990895271 -0.0805005208 -0.107917204
vn 0.302133471 0.895248532 0.327483475
vn 0.302133441 0.895248532 0.327483445
vn -0.12068744 0.773553014 0.622133732
vn -0.120687447 0.773552954 0.622133672
vn 0.16269353 -0.836025298 0.524015903
vn -0.111422449 -0.933257759 0.341489255
vn 0.0448377244 -0.891049087 0.451687008
vn 0.289622426 -0.752997518 0.5908584
vn -0.993328512 0.0125853121 0.114630863
vn -0.999996543 -0.00130409852 -0.00229848595
vn 0.150615916 0.694258392 0.70378989
vn 0.150615901 0.694258332 0.70378983
vn 0.150615901 0.694258332 0.703789949
vn 0.999996424 0.00130499073 -0.00230119983
vn -0.358423948 0.763332248 0.537453413
vn -0.358423978 0.763332248 0.537453353
vn -0.358423948 0.763332248 0.537453353
vn 0.99076581 -0.0160933938 -0.134625822
vn -0.999998391 -0.000418021373 -0.00172147714
vn 0.999998391 0.000418090349 -0.00171799911
vn -0.0370196737 -0.460534602 0.886869431
vn 0.0530049242 -0.398737401 0.915532053
vn -0.169464186 -0.541240931 0.823614061
vn 0.350510865 0.796363711 0.492896646
vn 0.350510865 0.796363592 0.492896646
vn 0.350510865 0.796363652 0.492896676
vn -0.336421162 0.290292799 0.895852089
vn -0.336421162 0.29029277 0.89585197
vn -0.336421132 0.29029277 0.89585197
vn 0.178501606 -0.303185195 0.936064065
vn 0.130665779 0.538505137 0.832429409
vn 0.130665779 0.538505137 0.832429349
vn 0.101870522 -0.451004505 0.886688948
vn -0.0350111201 -0.542628944 0.839242458
vn 0.0424205773 -0.492683858 0.869173825
vn 0.166464657 -0.402363688 0.900218189
vn -0.264710873 0.482698023 0.834823787
vn -0.264710844 0.482698053 0.834823787
vn -0.264710844 0.482697994 0.834823847
vn -0.0813406929 -0.498931378 0.862815857
vn -0.143775523 -0.523618162 0.83973366
vn -0.203990042 -0.545159876 0.813135207
vn -0.244734168 -0.558426261 0.792631924
vn 0.892968357 -0.0232793484 0.449517101
vn -0.950134099 0.0222780257 0.311044842
vn -0.0295030214 -0.995974004 0.0846490487
vn 0.000223322946 0.999989808 0.00452655274
vn -0.876219094 -0.0238535088 0.481322229
vn 0.932622135 -0.10256236 0.345972121
vn 0.0389138944 -0.999154627 -0.0132562844
vn 0.0129691083 -0.999915779 0.000377647229
vn 0.0114970356 -0.999933422 -0.000973274233
vn -0.865023613 -0.0523028448 0.498997539
vn 0.867149532 -0.0710931197 0.492947876
vn 0.0637473613 -0.997859895 0.0145559711
vn -0.942481518 0.202270105 -0.266111463
vn -0.933885276 0.172218621 -0.313367397
vn -0.93906939 0.189117774 -0.287024677
vn -0.946706593 0.22296381 -0.232451752
vn 0.26707679 -0.0728414878 -0.960918427
vn 0.26707679 -0.0728414804 -0.960918367
vn 0.267076761 -0.0728414804 -0.960918367
vn -0.785823643 -0.198637187 0.585682988
vn 0.0754484385 -0.895462692 0.438695848
vn -0.0205672588 -0.882352054 0.470140159
vn -0.917567074 0.00220209849 0.397574902
vn 0.0161418039 0.850172043 0.526257575
vn -0.0100439219 0.834246576 0.551300049
vn 0.0697523132 0.878656447 0.472331941
vn 0.000574659789 -0.994897783 -0.100886136
vn -0.00545964576 -0.994230628 -0.107123941
vn 0.0080951862 -0.995623767 -0.0931012109
vn 0.901817083 -0.0208955407 -0.431612551
vn -0.94354713 -0.0376786515 -0.32908833
vn 0.879524887 0.00297286082 -0.475843579
vn -0.00408533588 0.99997592 0.00560449623
vn -0.886345029 0.0103680715 -0.462909251
vn 0.00211349828 0.999989271 0.00413055951
vn -0.0136429127 -0.993205547 -0.115570918
vn -0.0651099086 0.796451688 0.601186633
vn 0.918585658 -0.00566921243 -0.395181328
vn 0.0490436256 -0.712452173 0.700004756
vn -0.924694836 0.00816083979 -0.380621433
vn -0.789926946 -0.0255628377 -0.612667859
vn 0.0404811054 -0.997579634 0.0565350689
vn -0.0234432053 -0.998987198 0.0384054966
vn -0.80915904 -0.013997905 0.587422848
vn -0.903191149 -0.043233335 0.427055746
vn -0.907424569 -0.084606193 0.411609411
vn -0.0714497715 -0.662357032 0.745773435
vn 0.702866673 0.0180922486 0.711091518
vn 0.00295581436 -0.999910414 0.0130543169
vn -0.716628075 0.0209962744 0.697139263
vn -0.00155105873 -0.999951541 0.00971007813
vn 0.00572770741 0.992699027 0.120481879
vn -0.134603679 -0.101253666 0.985712647
vn -0.134603664 -0.101253659 0.985712647
vn -0.134603664 -0.101253673 0.985712707
vn -0.00254128897 -0.99983573 -0.0179475639
vn -0.875212312 -0.0468522832 -0.481464595
vn -0.931831002 -0.165053725 -0.32318452
vn 0.908118248 -0.00164671731 0.418710679
vn -0.00394669641 0.62380147 0.781572878
vn 0.0037185296 0.627900898 0.778284371
vn 0.00522386376 0.628699601 0.777630746
vn 0.0130934045 0.632841051 0.774170995
vn -0.107185647 -0.623892307 0.77412498
vn 0.920110762 0.00502265198 -0.391626209
vn 0.902641296 -0.0209541488 0.429883122
vn 0.80606246 -0.0113457358 0.591721594
vn 0.908405602 -0.0474342853 0.415390402
vn -0.0980709717 -0.571231067 0.814909339
vn 0.815669894 -0.129431337 0.563853085
vn -0.0114574041 -0.999908745 -0.00716503989
vn -0.0186087936 -0.999790967 0.00846698601
vn -0.0133154783 -0.999889731 0.00658191321
vn 0.00804923009 -0.00626336504 0.999948025
vn 0.0480124354 0.000230343227 0.99884671
vn 0.00279564061 -0.0071161082 0.999970734
vn 0.0541382842 0.00122684427 0.998532712
vn 0.0472031608 0.00611349428 0.998866618
vn 0.0531580895 0.00702021457 0.998561442
vn 0.0465481207 0.00601375708 0.99889791
vn 0.0539837964 0.00714594359 0.998516202
vn 0.720996916 -0.231416792 0.653153658
vn 0.69233501 -0.146959409 0.706452549
vn 0.787889898 0.0290152337 0.615132153
vn -0.780591249 -0.00674922764 0.625005484
vn -0.715967596 -0.0930621251 0.691903114
vn -0.708977938 -0.00387115963 0.705220103
vn -0.66473037 -0.13861002 0.734112263
vn 0.59858489 -0.0161631964 0.800896347
vn 0.000147890401 -1 -0.00016681377
vn -0.00751424395 0.993860841 0.110381715
vn -0.00732997293 0.99401325 0.109013207
vn 0.00701969583 0.991447747 0.130315021
vn -0.596987307 -0.00679623522 0.802221894
vn 0.74507618 -0.0538387522 -0.664802849
vn 0.831696987 -0.028943086 -0.55447489
vn 0.740911961 -0.0499471389 -0.669742227
vn -0.000942687679 -0.999997914 0.00179564324
vn -0.815726459 -0.0080372896 -0.578382075
vn -0.745191872 -0.00459109433 -0.666834295
vn -0.727918863 0.00669557834 -0.6856305
vn 0.746827364 0.00881463662 -0.66495961
vn 0.739530563 -0.0021972151 -0.673119545
vn -0.777244449 -0.0669633225 -0.625625193
vn -0.629596889 -0.0482334681 -0.775423348
vn 0.651585162 -0.118740313 0.749224603
vn 0.0003399454 -0.999999642 0.000738915289
vn -0.0133230537 -0.999900281 0.00467688451
vn -0.819877923 -0.29897052 -0.488279462
vn -0.819877923 -0.298970491 -0.488279462
vn 0.819609702 0.299023211 -0.488697231
vn 0.819609761 0.299023211 -0.48869729
vn 0.819609761 0.299023211 -0.488697261
vn 0.38266632 0.640892446 -0.665449739
vn 0.382666349 0.640892506 -0.665449739
vn 0.38266629 0.640892386 -0.665449679
vn -0.383774757 -0.640337944 -0.665345311
vn -0.383774757 -0.640337884 -0.665345311
vn -0.383774757 -0.640337825 -0.665345311
vn -0.344136119 0.661709011 -0.666116774
vn -0.344136149 0.661709011 -0.666116774
vn -0.62690109 -0.103841022 0.772147655
vn 0.344369859 -0.661850452 -0.665855467
vn 0.344369859 -0.661850393 -0.665855408
vn 0.344369829 -0.661850333 -0.665855408
vn 0.705880463 -0.00327617535 0.708323419
vn -0.707436323 0.000464713754 -0.706776917
vn -0.705634296 0.00231020385 -0.708572388
vn -0.708351076 0.00118956307 -0.705859184
vn 0.65790236 0.437969953 -0.612655461
vn 0.630798995 0.399061769 -0.665463984
vn 0.578729928 0.329963207 -0.745785415
vn 0.707436264 -0.000467860518 -0.706777036
vn 0.705638826 -0.00230547995 -0.708567917
vn 0.708350539 -0.00119039312 -0.70585984
vn -0.663625777 -0.433478504 -0.609669805
vn -0.637174249 -0.396059602 -0.661169946
vn -0.58694315 -0.330251485 -0.739210129
vn 0.526828349 -0.0721470863 0.846904218
vn -0.524840057 -0.0727660581 0.848084867
vn -0.000248937227 -0.999999881 -0.000326672453
vn 0.556051791 -0.00760396058 0.831112921
vn -0.559815347 -0.00850588083 0.828573763
vn -0.705310464 0.00233972701 -0.70889461
vn 0.694815934 0.49639523 -0.520406187
vn 0.707137644 0.000511193706 -0.707075775
vn -0.65016979 0.585889339 -0.483748853
vn -0.660442412 0.598897159 -0.452921748
vn -0.63181603 0.563267291 -0.532483339
vn -0.707138419 -0.000511236547 -0.707074881
vn 0.665079057 -0.582192123 -0.467677295
vn 0.674785018 -0.593937099 -0.43806836
vn 0.648029387 -0.562073588 -0.513936877
vn 0.705315173 -0.00233390369 -0.70889008
vn -0.699179709 -0.48872292 -0.52182132
vn 0.437313825 -0.89851135 -0.0378678255
vn 0.437313855 -0.898511291 -0.0378678255
vn 0.437313855 -0.89851135 -0.0378678255
vn -0.436920792 0.898681283 -0.0383682474
vn -0.436920851 0.898681343 -0.0383682512
vn -0.436920822 0.898681283 -0.0383682474
vn 0.706939816 0.00119454728 -0.707272589
vn -0.670775354 0.612315476 -0.418485671
vn -0.706936896 -0.00118476129 -0.707275689
vn 0.684084773 -0.605452359 -0.406762302
vn 0.506437898 0.018312918 0.862081885
vn -1.29319096e-05 -0.999999881 -0.00044881989
vn -0.52672708 0.0261476878 0.849632263
vn -8.17636319e-05 -1 -7.56751106e-05
vn -8.27595577e-05 -1 -7.45798752e-05
vn -0.0688108429 0.910852969 0.406954467
vn -0.0688108429 0.910852969 0.406954497
vn 0.0692496076 -0.910990894 0.406571239
vn 0.0692496076 -0.910990775 0.406571239
vn -0.706534147 0.000424747443 -0.707678795
vn 0.043577373 0.998940945 -0.0147606293
vn -0.0645940155 0.996742785 -0.0482840911
vn -0.00492700888 0.999542594 -0.0298376083
vn 0.105304129 0.994429827 0.00453243172
vn 0.707227886 0.00192583958 -0.70698297
vn 0.126021445 0.980179369 -0.152862579
vn 0.126021445 0.980179369 -0.152862564
vn 0.12602143 0.980179369 -0.152862579
vn -0.707221508 -0.00190802908 -0.706989467
vn -0.129376322 -0.979230642 -0.156105787
vn -0.129376337 -0.979230642 -0.156105801
vn -0.129376337 -0.979230762 -0.156105801
vn 0.706531465 -0.00042152917 -0.707681537
vn -0.0429227091 -0.998937607 -0.0167767834
vn 0.0630415082 -0.996744931 -0.0502529182
vn 0.00518963346 -0.999473631 -0.032022953
vn -0.10344997 -0.994631469 0.00251390249
vn -0.643571019 0.705292642 0.297285557
vn -0.64357096 0.705292583 0.297285527
vn 0.637901843 0.0187146626 0.769890249
vn 0.643502593 -0.705041528 0.29802829
vn -0.639681697 0.016275581 0.768467605
vn 0.681313217 0.660540283 0.315434426
vn -0.681467116 -0.660598993 0.31497851
vn -0.681467116 -0.660599053 0.31497851
vn 0.497032851 0.300794601 0.8139292
vn 0.497032911 0.300794631 0.813929319
vn 0.497032851 0.300794631 0.81392926
vn -0.496630341 -0.300729185 0.814199209
vn -0.496630371 -0.300729185 0.814199209
vn -0.496630311 -0.300729156 0.81419909
vn -0.705976248 -7.07901927e-05 -0.708235502
vn 0.705970228 6.83128164e-05 -0.708241463
vn 0.449238449 -0.139745146 0.882414997
vn -0.448742062 -0.152210191 0.880603552
vn -0.657213867 -0.0045718411 -0.753690302
vn -0.706673801 -0.00521286577 -0.707520247
vn 0.713007569 -0.00933847856 -0.70109427
vn -0.706046343 2.42152801e-05 -0.708165646
vn 0.706043601 -2.65885574e-05 -0.708168447
vn 0.00200158567 -0.9999277 0.0118575329
vn 0.00469357101 -0.999970436 -0.006095096
vn 0.00258120755 -0.999983609 -0.00513376622
vn 0.0214561876 0.80681932 0.590408564
vn -0.498122185 0.0102373241 0.867046416
vn -0.0140482374 0.899686933 0.436309576
vn 0.461265922 -0.00729749305 0.887232006
vn 0.613932371 0.0042388048 -0.789347351
vn -0.616997898 0.311183214 0.722826898
vn -0.681612968 0.393436521 0.61693716
vn -0.735979378 0.475099027 0.48230201
vn 0.700855017 0.535954475 0.470696211
vn 0.700855136 0.535954535 0.470696241
vn 0.700855136 0.535954475 0.470696241
vn 0.129400209 0.820780396 0.556394637
vn 0.129400223 0.820780516 0.556394696
vn 0.129400194 0.820780456 0.556394637
vn -0.700208783 -0.535981059 0.471626848
vn -0.700208724 -0.535981059 0.471626848
vn -0.700208783 -0.535981119 0.471626908
vn -0.143916503 -0.818445623 0.556268632
vn -0.143916488 -0.818445683 0.556268573
vn -0.143916503 -0.818445683 0.556268632
vn 0.613886178 -0.311765134 0.725221455
vn 0.681188285 -0.395169109 0.616298556
vn 0.736118793 -0.475070417 0.482117563
vn -1.89082766e-05 -0.999999881 -0.000514309038
vn -0.537902296 0.221153766 0.81348139
vn 0.534990132 -0.223994359 0.814623892
vn 0.0210319683 0.815547287 0.578307986
vn 0.00901312754 0.894895017 0.446185678
vn 0.559667945 -0.0117386542 -0.828633845
vn -0.350406051 -0.0271505453 -0.936204314
vn 0.257405013 -0.0596803129 0.964458883
vn 0.39791128 0.00408789376 0.917414784
vn 0.448643565 -0.00186480524 0.893708766
vn -0.44675985 0.00161142752 0.894652545
vn -0.102455057 -0.0191097278 0.994554102
vn 0.257388622 -0.011691683 0.966237247
vn -0.20620212 -0.00632609287 0.978488982
vn -0.394022644 -0.00508544222 0.919086635
vn 0.895085871 -0.00831781048 -0.445816278
vn 0.474421799 -0.0337414071 -0.879650712
vn -0.957909167 0.00260775303 -0.287059367
vn 0.99362433 -0.0438025929 0.103884816
vn 0.999579668 0.0047248411 0.0286009386
vn 0.983533204 0.0195098463 0.179671198
vn -0.0281049032 0.856479883 0.515414655
vn 0.00341913872 -0.999957085 0.00861740112
vn 0.579755843 0.813148975 -0.0516886674
vn 0.478375047 0.877940238 0.0194467306
vn 0.668326139 0.734028757 -0.120590329
vn -0.579755366 -0.81314832 -0.0517075509
vn -0.478365064 -0.87794596 0.0194352269
vn -0.668319702 -0.734032094 -0.120605193
vn 0.144429132 -0.117132857 0.982558012
vn -0.271451026 -0.0340003744 0.961851478
vn 0.563946307 -0.816265643 0.125199422
vn 0.563946366 -0.816265702 0.125199422
vn -0.563944459 0.816267073 0.125198409
vn -0.563944459 0.816267133 0.125198409
vn -0.0813562721 0.985733509 -0.147345319
vn -0.0813562721 0.985733509 -0.147345304
vn -0.0813562647 0.985733449 -0.147345304
vn -0.380632788 0.0044555068 0.924715519
vn 0.0813674852 -0.985727489 -0.147379681
vn 0.0813674852 -0.985727429 -0.147379681
vn 0.378237337 -0.00348706846 0.925702035
vn 0.348174572 0.931862116 0.10201747
vn -0.34816286 -0.931867421 0.102007844
vn 0.0079512801 -0.999859273 -0.0147717111
vn -0.00291336654 -0.999984086 -0.0048249457
vn -0.00531476876 -0.999983609 -0.00214919192
vn -0.975316525 0.220323414 -0.0146733345
vn -0.991523802 0.121019199 0.0472748093
vn -0.928887963 0.355969071 -0.10224086
vn 0.975328088 -0.220271379 -0.014683024
vn 0.991529465 -0.12097951 0.0472585298
vn 0.928915262 -0.35589841 -0.10223864
vn 0.984715402 0.158587977 0.072011143
vn 0.994967997 -0.0906122029 0.0427563041
vn -0.978608906 0.190831035 0.0768642202
vn -0.981600404 -0.185896754 0.0436246768
vn -0.986409009 -0.0973497182 0.13236478
vn -0.999878287 0.00794518366 0.0134260822
vn -0.972489238 0.232923716 0.00334970001
vn -0.989867687 -0.030603718 0.138655245
vn 0.989870727 0.0306230653 0.138629779
vn 0.118093304 0.00452970061 0.992992222
vn 0.423374325 0.00429405039 -0.905944645
vn -0.415493399 -0.000132823872 -0.909596145
vn -0.459022939 0.00814931002 -0.888387024
vn -0.327306867 -0.0313926563 -0.944396436
vn 0.966846168 0.000407978485 -0.255359113
vn 0.978863358 0.202759981 -0.02674108
vn 0.99959749 -0.00122119184 -0.0283418465
vn -0.999812722 0.0118006002 -0.0153401624
vn -0.999797165 -0.0165880192 -0.0114181787
vn 0.0528659374 0.672391474 0.738305509
vn 0.011748164 0.706417799 0.70769769
vn 0.383939862 0.0178373307 -0.923185825
vn 0.742024839 -0.644597471 -0.184101254
vn 0.741072297 -0.645147741 -0.186000511
vn 0.646316171 -0.657348633 -0.387515485
vn -0.434175521 -0.898297608 -0.0674770325
vn -0.037151929 -0.99917239 0.0165666286
vn 0.0373415053 -0.999298573 0.00281775021
vn 0.00360731035 0.071530439 0.997431874
vn 0.0216192361 0.0722241253 0.997154057
vn -0.000411542191 0.07079909 0.997490466
vn 0.233478189 -0.970779717 0.055449713
vn 0.241985947 -0.965977788 0.0912672356
vn -0.0201039165 0.0762143657 0.996888816
vn -0.0282969475 0.0673198551 0.997330129
vn -0.272681564 -0.961348116 0.0381380878
vn 0.0165262688 0.102640025 0.994581282
vn 0.887042344 -0.446027547 0.119227983
vn 0.702442229 -0.710198104 0.0468353182
vn 0.674073875 -0.702559114 0.228112012
vn -0.036459703 0.0674951375 0.997053206
vn 0.0209453516 0.0617809705 0.997869968
vn -0.571496844 -0.820427895 -0.0170124322
vn -0.60001272 -0.798902512 0.0417073034
vn 0.0239956565 0.0215519369 0.999479771
vn 0.599825561 -0.795308053 0.0877171904
vn 0.718434155 -0.683309555 0.130155548
vn -0.0316274874 0.0373294465 0.998802364
vn -0.0320420861 0.0349762328 0.998874366
vn 0.0280930046 0.0136751821 0.999511778
vn -0.921079934 -0.389341623 -0.00499608181
vn -0.742759347 -0.557908177 0.370198607
vn -0.681753755 -0.527192831 0.507227242
vn 0.05615969 0.0280566271 0.998027503
vn -0.0578509495 0.0234024059 0.998050809
vn -0.0561659411 0.023737736 0.998139203
vn 0.0590549 0.0344252922 0.997660995
vn -0.807655931 -0.589654088 4.22505545e-05
vn -0.730816782 -0.542528212 -0.414210141
vn -0.864916801 -0.291040152 -0.408918917
vn 0.805464506 -0.590312183 0.0525219664
vn 0.919092298 -0.393869758 -0.0116589656
vn 0.734209359 -0.53298831 -0.420547366
vn 0.865342259 -0.277401447 -0.417410076
vn -0.0434042588 0.0246961862 0.998752356
vn 0.051126156 0.0244117212 0.998393774
vn -0.976181269 -0.0981077477 0.193507031
vn -0.982169151 -0.183303297 0.0417577252
vn 0.0140644833 -0.00965954922 0.999854505
vn 0.98271507 -0.184749618 -0.0117787365
vn 0.982080042 -0.179246634 0.0582177825
vn -0.0503364243 0.0335814171 0.998167634
vn 0.0152570941 -0.014643928 0.999776363
vn -0.0103794411 0.0177909583 0.999787867
vn 0.00720088417 -0.00275324471 0.999970317
vn 0.0619390868 -0.0188915357 0.997901082
vn 0.0355727151 -0.0039645806 0.99935925
vn -0.0401177518 -0.0220503397 0.998951614
vn 0.0846294388 -0.0146693569 0.996304452
vn -0.0619418137 -0.0434618853 0.997133076
vn -0.0480518043 -0.0221921448 0.998598278
vn -0.987564802 0.156378165 -0.0161764733
vn -0.954902887 0.116464339 0.273123473
vn -0.938330173 0.345325232 -0.0169402435
vn -0.919327915 0.0435245484 -0.391077727
vn -0.85765022 0.326221466 -0.397512048
vn 0.98890996 0.142636731 0.0413761884
vn 0.986675084 0.162537903 -0.00733639486
vn 0.935890794 0.351883858 -0.0169188827
vn 0.919854462 0.0138822272 -0.392014146
vn 0.853654444 0.323810995 -0.407946557
vn -0.0590861104 -0.0328662209 0.997711718
vn 0.047620371 -0.00669196388 0.998843074
vn -0.81333524 0.571712255 0.107846566
vn -0.833538651 0.552428424 -0.00601784606
vn 0.00349400006 -0.0109359203 0.999934137
vn 0.833259046 0.548827291 0.0668428391
vn 0.737944305 0.66721493 0.101303011
vn -0.0375886261 -0.0303045511 0.998833716
vn -0.0378032029 -0.0368119292 0.99860692
vn 0.00059786893 -0.023152614 0.999731779
vn 0.0443663932 -0.06719172 0.996753216
vn 0.0339812934 -0.0689352825 0.997042239
vn -0.0382246077 -0.0662167892 0.997072816
vn -0.0377085991 -0.081770964 0.995937586
vn 0.0237172972 -0.094865784 0.995207489
vn -0.0137096168 -0.103774071 0.994506419
vn -0.57036829 0.818850279 -0.0645317659
vn -0.612047434 0.73137933 0.300802499
vn -0.457643569 0.889063835 -0.0113040395
vn -0.66535753 0.623210967 -0.410983443
vn -0.386090696 0.82888639 -0.404822528
vn 0.602342427 0.798230469 -0.00342653855
vn 0.544579566 0.838452578 0.020742476
vn 0.422024995 0.823595107 -0.378927559
vn 0.261326313 0.965248287 0.00203718361
vn -0.0163986422 -0.0978678688 0.995064259
vn -0.00557835819 -0.0708931312 0.997468352
vn -0.00224226248 -0.0782745779 0.996929348
vn -0.193749741 0.981049955 -0.0013897873
vn -0.143256158 0.916837931 -0.372673988
vn 0.209983379 0.862968326 -0.459556937
vn 0.0191171132 0.663483024 0.747946978
vn 0.0191171132 0.663483024 0.747947097
vn 0.0191171132 0.663483024 0.747947037
vn -0.0429802947 0.996384084 0.0732896551
vn -0.105677873 0.994388461 0.00486697769
vn 0.123297617 0.991805136 -0.0334694274
vn 0.0746942759 0.978242159 0.193553314
vn 0.482138038 -0.0330201723 -0.875472844
vn -0.766213775 -0.625574768 -0.146876305
vn -0.723262966 -0.665406942 -0.18472743
vn -0.643638492 -0.673666775 -0.363183945
vn -0.468534708 -0.0163763948 -0.883293331
vn -0.707012117 -0.707201302 -0.000531401951
vn -0.706651509 -0.707561731 -0.000248338445
vn -0.70664078 -0.70757246 -2.33456285e-05
vn 0.0584660284 -0.133395061 -0.989336908
vn 0.082401745 -0.131043121 -0.987946212
vn 0.00648155808 -0.138225839 -0.990379572
vn 0.707763553 -0.706449151 -0.000542630092
vn 0.706938624 -0.707274318 0.00087892334
vn 0.707301021 -0.706912518 0.000191658211
vn 0.707766831 -0.706445456 -0.001056507
vn 0.196890905 -0.0401034132 -0.979604781
vn 0.196890935 -0.0401034206 -0.979604781
vn 0.19689095 -0.0401034243 -0.9796049
vn -0.0703199729 -0.143464401 -0.987153947
vn -0.149056211 -0.0654389784 -0.986661077
vn -0.0898740366 -0.124330871 -0.98816216
vn 0.00443983683 -0.215163514 -0.976567924
vn -0.999998987 -0.000646975997 -0.001218891
vn -1 -8.38758569e-05 0.000154084046
vn -0.999999881 -0.000285630987 -0.000278628839
vn -0.999997497 -0.00106303778 -0.00198428007
vn 0.985736251 0.0702693984 -0.152925879
vn 0.992221236 0.00841174368 -0.124202006
vn 0.982416332 0.0190652292 -0.185727507
vn 0.978820801 0.0554790981 -0.19705832
vn -0.707034409 0.707179129 -0.000246510055
vn -0.706886828 0.707326531 8.77074417e-05
vn -0.706816137 0.707397342 -0.000157296497
vn 0.7064569 0.707755566 -0.000783529133
vn 0.706536412 0.707676649 -0.000322480279
vn 0.706582487 0.707630694 -6.58281351e-05
vn 0.0652072653 0.275649279 -0.959044099
vn 0.0652072579 0.27564925 -0.95904398
vn 0.0573931374 -0.241162702 -0.96878612
vn 0.0573931411 -0.241162717 -0.96878612
vn 0.0573931411 -0.241162702 -0.968786061
vn -0.000104284431 0.999999464 -0.00106419495
vn -0.000900894462 0.999999523 0.000317694183
vn -0.00118793896 0.999998808 0.000925601227
vn -0.110024646 0.0632360131 -0.991915226
vn -0.126582399 0.0448809676 -0.990940273
vn -0.0697160289 0.107451461 -0.991762936
vn -0.174022689 -0.00834704656 -0.984706283
vn 0.104828693 -0.0077090119 0.994460404
vn 0.174452946 -0.024102807 0.98437053
vn -0.144713983 -0.000797715038 0.989473164
vn 0.139280379 -0.125128254 -0.9823156
vn 0.788229167 0.611660004 -0.0675763562
vn -0.741255701 0.671198487 -0.00572117558
vn 0.603975534 0.779955208 -0.163961649
vn 0.437343359 0.89879334 -0.0300224163
vn 0.998283207 0.00128519663 -0.0585579202
vn -0.706683815 0.707529604 5.74752812e-05
vn 0.0526632704 0.516876698 -0.854438543
vn 0.0526632667 0.516876638 -0.854438424
vn 0.0526632667 0.516876638 -0.854438484
vn -5.1416002e-05 0.999999702 -0.000745389843
vn 0.214704677 0.493479759 -0.842840135
vn 0.214704707 0.493479818 -0.842840254
vn 0.214704707 0.493479788 -0.842840254
vn 0.147891909 -0.62335366 -0.767826974
vn 0.147891894 -0.62335366 -0.767826974
vn -0.65988183 0.184497282 -0.728365779
vn -0.65988189 0.184497297 -0.728365779
vn -0.65988189 0.184497282 -0.728365779
vn 0.000696552976 0.999993742 -0.00348155037
vn 0.263270319 0.964707792 0.00525380624
vn 0.00519006886 0.999985814 -0.00121538353
vn -0.260375381 0.965438426 0.0115382243
vn -0.259990662 0.965596974 0.00522187073
vn 0.273879588 0.961437583 0.025053123
vn 0.488143027 0.872026086 0.0358729437
vn -0.489772737 0.871818483 0.00742211472
vn 0.642787755 0.763052344 0.0676381215
vn -0.544209898 0.838146985 0.0366754867
vn 0.620796919 0.7834512 -0.0285544135
vn 0.662721753 0.748844266 0.00567122782
vn 0.690990269 0.722863078 0.00112441403
vn -0.702318132 0.711666405 -0.0167349167
vn -0.629081011 0.777296543 -0.00819129869
vn -0.783409655 0.621119142 -0.0219181143
vn 0.799921632 0.600088716 -0.00434242235
vn 0.861662149 0.507338464 -0.0120817292
vn -0.884259164 0.466192842 0.0273853652
vn 0.933292985 0.358129054 0.0266031325
vn 0.970494151 0.238872409 -0.0328785963
vn -0.957913458 0.282354087 0.0517501347
vn -0.828554869 0.558139563 0.0444655642
vn -0.770268381 0.637683868 -0.00676826807
vn -0.98864156 0.13369514 0.0686556548
vn 0.992952645 0.11851038 0.000564749178
vn 0.999969602 0.00554364361 0.005460524
vn 0.997965515 -0.00549113657 0.0635200739
vn -0.998588622 0.00552800111 0.0528235696
vn -0.999985933 -0.00528484071 -0.000591476157
vn -0.993082762 0.11167711 -0.0362620503
vn 0.958173454 -0.281571805 0.0511953346
vn -0.970119774 -0.240562737 -0.0315777734
vn 0.992841899 -0.113413982 -0.0374461263
vn 0.988600016 -0.13443996 0.0677934512
vn -0.993089855 -0.117338948 0.00205843197
vn -0.933182776 -0.358321995 0.0278424229
vn 0.826470971 -0.560796499 0.0495270565
vn 0.885274589 -0.464207411 0.0282905009
vn -0.860939384 -0.508580565 -0.011365205
vn 0.770289361 -0.637657881 -0.00684170146
vn 0.783403993 -0.621126175 -0.0219216775
vn -0.799941123 -0.600063026 -0.00430974085
vn 0.702351093 -0.711633682 -0.0167474728
vn -0.691001058 -0.722852767 0.00113833719
vn -0.662736893 -0.748830855 0.00567455683
vn 0.62899965 -0.777368128 -0.00762152998
vn 0.490392715 -0.871230245 -0.0217415709
vn -0.482420146 -0.875507951 0.0275066644
vn 0.46861729 -0.882953882 0.0281116422
vn -0.620771706 -0.783471465 -0.0285476483
vn -0.642685056 -0.763127744 0.0677640885
vn 0.253435105 -0.967323959 0.00742697809
vn -0.247344643 -0.968508661 -0.0284902696
vn -0.24902831 -0.968296707 0.0196561124
vn 0.103884436 -0.994145095 0.0297253802
vn 0.12503241 -0.991556585 -0.034387622
vn 0.00842400175 -0.999832451 0.0162510835
vn -0.00274444418 -0.996749401 0.0805173293
vn -0.105857044 -0.993622839 -0.0388328731
vn -0.60113287 -0.258663923 -0.756129801
vn -0.60113281 -0.258663923 -0.756129742
vn 0.183990046 0.651641965 -0.735873938
vn 0.183990031 0.651641905 -0.735873878
vn 0.183990031 0.651641965 -0.735873878
vn 0.241375253 -0.604417443 -0.759221673
vn 0.241375238 -0.604417443 -0.759221673
vn 0.241375253 -0.604417503 -0.759221673
vn 0.755092919 -0.0220005661 -0.655248582
vn 0.807886779 0.0956819057 -0.58151865
vn 0.665459156 -0.168650657 -0.727132022
vn -0.496966749 0.867367625 -0.0264086593
vn -0.336750507 0.940760851 -0.0396009237
vn -0.0958503559 -0.000669109228 0.995395482
vn -0.968452573 -0.00204458972 -0.249189809
vn 0.149241269 0.967007339 -0.20645532
vn 0.998455942 -0.012005371 -0.0542376302
vn -0.0205702353 -0.00159015995 0.999787152
vn -0.0136127528 -0.00033533547 0.999907196
vn 0.0658677742 0.0173563939 0.997677386
vn 0.000384036015 -0.999993205 0.00367775024
vn 0.000384035986 -0.999993145 0.00367775024
vn 0.000384035986 -0.999993145 0.00367775001
vn 0.0329103433 0.128216475 0.99119997
vn -0.816726923 -0.560685217 0.136342853
vn -0.848323166 -0.525528967 0.0645535812
vn -0.878412843 -0.477309883 -0.0237934329
vn 0.794317186 -0.579148233 0.183432862
vn 0.794317126 -0.579148233 0.183432847
vn -0.776733339 -0.593366742 0.211190149
vn -0.0716549605 0.993317604 -0.0904754996
vn -0.578334332 0.815799654 -0.000513806241
vn -0.574040532 0.818804145 0.00610673288
vn -0.591135859 0.806307793 -0.020642655
vn 0.585634291 -0.768271983 -0.258438796
vn 0.585634232 -0.768271983 -0.258438796
vn 0.585634291 -0.768272102 -0.258438826
vn 0.637861073 0.769730866 -0.0254511386
vn 0.621592522 0.781459987 -0.0542500019
vn 0.613129675 0.786989987 -0.0686944947
vn 0.593406081 0.798529565 -0.101092406
vn -0.56089443 0.827479184 0.0259943288
vn -0.707030058 -0.70718348 -0.000143231737
vn -0.707344115 -0.706869364 2.27242745e-05
vn -0.434168369 0.742487073 -0.51010865
vn -0.472422689 0.727270842 -0.497889638
vn -0.504524946 0.713157892 -0.4866831
vn -0.52897644 0.701534748 -0.477528006
vn 0.707655013 -0.706557691 -0.000774166896
vn 0.693948388 0.64578855 -0.318422526
vn 0.685012341 0.67015487 -0.285745353
vn 0.721205831 0.492483228 -0.487157524
vn -0.707645178 -0.706567764 -0.000572355231
vn -0.707768261 -0.706444442 -0.000601851847
vn 0.669713795 -0.595231414 -0.444052905
vn 0.711189508 -0.571448565 -0.409458131
vn 0.599685609 -0.628469944 -0.495381206
vn 0.707772851 -0.706439853 0.000599134946
vn -0.41962418 -0.767526805 -0.484580308
vn -0.41962415 -0.767526805 -0.484580308
vn -0.419624209 -0.767526865 -0.484580368
vn -0.999999881 0.000161054326 0.000441400654
vn -0.240276128 0.848344862 -0.471782118
vn -0.240276128 0.848344922 -0.471782148
vn -0.240276113 0.848344862 -0.471782148
vn 0.998636007 0.0285578892 -0.0437090658
vn 0.0413094088 0.84059763 -0.540082455
vn -0.0363879651 0.865266562 -0.499989688
vn 0.106463186 0.814449549 -0.570383728
vn -1 -0.000146374397 -0.000343535008
vn 0.0518795252 -0.893585026 -0.445886105
vn 0.0952786133 -0.90553689 -0.413430542
vn -0.0185326245 -0.868473232 -0.49538967
vn -0.226286918 -0.852353096 -0.471474856
vn -0.226286888 -0.852353036 -0.471474797
vn -0.226286918 -0.852353096 -0.471474826
vn 0.706283331 0.707929134 -0.000510302954
vn -0.707043648 0.70716989 8.00254711e-05
vn -0.648784041 -0.545400441 -0.530676603
vn -0.601383328 -0.657172441 -0.454381406
vn -0.681722403 -0.427638561 -0.59361589
vn 0.706826866 0.707386613 -0.000139760828
vn 0.707051337 0.707162261 -8.08035111e-05
vn 0.76970166 -0.430583417 -0.471335709
vn 0.7697016 -0.430583417 -0.471335679
vn 0.76970166 -0.430583417 -0.471335679
vn -0.000560633431 0.999999762 0.000254888
vn 0.848742604 0.239723146 -0.471348017
vn 3.51421586e-05 1 -0.000384426734
vn -0.893825114 -0.0510578565 -0.445499331
vn -0.905967236 -0.0950563923 -0.412538141
vn -0.868442655 0.0198179744 -0.495393544
vn 0.761275947 -0.537649155 -0.36248073
vn 0.152473062 -0.917099059 -0.368349284
vn -0.540966272 -0.756333292 -0.36785242
vn -0.917621732 -0.152833894 -0.366895407
vn 0.00291024055 -0.999744058 -0.0224364735
vn 0.245829299 -0.0190162566 -0.969126642
vn 0.0841248333 0.234012693 -0.96858716
vn 0.0922224 0.0193545893 -0.995550334
vn 0.0939261168 -0.0506185554 -0.994291544
vn 0.0961886197 -0.230910242 -0.96820879
vn 0.213208869 -0.118272893 -0.969821334
vn 0.213208884 -0.118272915 -0.969821393
vn 0.213208884 -0.118272908 -0.969821393
vn -0.213165164 0.118286729 -0.969829321
vn -0.213165164 0.118286729 -0.969829261
vn -0.0962310359 0.230854005 -0.968217969
vn -0.0939441845 0.0505872481 -0.994291365
vn -0.092230089 -0.0194145683 -0.995548427
vn -0.0841033384 -0.234046653 -0.968580842
vn 0.808356941 0.427099943 -0.405147791
vn 0.808356881 0.427099913 -0.405147761
vn 0.808357 0.427099913 -0.405147761
vn -0.402590662 0.369805932 -0.837355614
vn -0.476653218 0.360150278 -0.801931083
vn -0.215228736 0.382562935 -0.898511112
vn 0.509471655 -0.452441603 -0.731939316
vn 0.250308782 -0.458890736 -0.852505028
vn 0.470760643 -0.455972493 -0.755297005
vn 0.257235467 0.611189485 -0.748516738
vn 0.257235467 0.611189425 -0.748516738
vn 0.257235467 0.611189485 -0.748516798
vn -0.257320911 -0.611208141 -0.748472095
vn -0.257320911 -0.61120826 -0.748472154
vn -0.257320911 -0.6112082 -0.748472095
vn -0.509667277 0.452430934 -0.731809735
vn -0.250299931 0.458895177 -0.852505267
vn -0.470897615 0.455970883 -0.755212545
vn 0.40259254 -0.36980319 -0.837355852
vn 0.476660907 -0.360146821 -0.801928043
vn 0.215222105 -0.382560134 -0.898513794
vn -0.515751004 -0.01020322 -0.856677711
vn -0.62196672 -0.299602002 -0.723461092
vn -0.560368896 -0.113478586 -0.820432365
vn -0.43166852 0.151272908 -0.889257371
vn -0.0900675803 0.878177345 -0.469779223
vn 0.6464715 0.317926109 -0.693539798
vn 0.64647156 0.317926139 -0.693539858
vn -0.61938858 0.33235845 -0.711263359
vn -0.321611762 0.648319125 -0.690107465
vn -0.321611732 0.648319066 -0.690107405
vn -0.321611732 0.648319125 -0.690107405
vn 0.321327537 -0.648291647 -0.690265596
vn 0.321327478 -0.648291588 -0.690265536
vn 0.321327567 -0.648291647 -0.690265596
vn 0.619404852 -0.332352668 -0.711251855
vn 0.679355025 -0.4227283 -0.599814594
vn 0.70765239 -0.706560612 0.000581263856
vn -0.696028352 -0.451556951 -0.558247983
vn -0.696028411 -0.451556921 -0.558247983
vn -0.706291556 0.707920909 0.000510003127
vn 0.695879579 0.451648951 -0.558359087
vn 0.695879579 0.45164898 -0.558359146
vn -0.679582596 0.422682315 -0.599589169
vn 0.0101030944 -0.0105417678 -0.999893367
vn 0.0778898224 0.00232486124 -0.996959209
vn 0.010011672 0.0178985819 -0.999789655
vn 0.00146121567 0.0118976263 -0.999928117
vn -0.00494398503 0.0178016685 -0.999829292
vn -0.0135649582 0.0254303534 -0.999584615
vn -0.0885264575 0.00771753956 -0.996043921
vn -0.00954432786 -0.00564305857 -0.999938548
vn -4.25503022e-05 0.999999583 -0.000928840076
vn -4.25503058e-05 0.999999583 -0.000928840193
vn -0.000386683649 -0.00381073565 -0.999992728
vn 0.00214451365 -0.00759823155 -0.999968886
vn -1.29907512e-05 -1 0.000175970505
vn -1.29907503e-05 -1 0.000175970505
vn -1.29907512e-05 -1 0.000175970519
vn 0.99979955 -0.0200144406 -0.000610568502
vn 0.000414576381 0.224115655 0.974562407
vn 0.0094651226 0.250731647 0.968010247
vn 0.00389006035 0.45690012 0.889509499
vn 0.0205806922 0.481613487 0.876142085
vn 0.706758678 -0.707452655 -0.0017311878
vn 0.999999404 0.000529750017 -0.00100036338
vn -1 2.59783701e-05 2.53582639e-05
vn 0.99999994 -0.000268419128 -0.000129419583
vn 0.227094814 -0.97364527 0.0210394114
vn 0.227094814 -0.973645329 0.0210394133
vn 0.227094814 -0.97364527 0.0210394133
vn -0.706461072 0.707751453 0.000777468726
vn 0.471071005 0.876639366 0.0979571566
vn 0.471070975 0.876639366 0.097957164
vn 0.70667845 0.707534909 -5.29235003e-05
vn -0.46898818 0.877771139 -0.0978156105
vn -0.46898818 0.877771199 -0.0978156105
vn -0.46898815 0.877771139 -0.097815603
vn -0.706822515 0.707390964 0.000136293005
vn 0.612663805 0.784801662 -0.0934317037
vn -0.00325702387 -0.000489477883 -0.999994516
vn 0.00116632425 0.000867635186 -0.999998868
vn 0.000635750359 0.000754588866 -0.999999464
vn 0.00266770599 -0.000834662234 -0.999996066
vn -0.471728921 0.831057429 -0.294644564
vn -0.471728891 0.83105737 -0.294644535
vn -0.471728891 0.831057429 -0.294644564
vn -0.00212417007 0.00102429162 -0.999997199
vn 0.785336137 0.485319883 -0.384332865
vn 0.538830936 0.796694756 0.273749471
vn 0.538830876 0.796694696 0.273749441
vn 0.538830936 0.796694696 0.273749471
vn 0.00261153979 -0.00226121792 -0.99999404
vn -0.740726054 0.622119844 0.253558159
vn -0.740726054 0.622119904 0.253558159
vn -0.0010351222 -8.41924484e-05 -0.999999464
vn -0.000302625325 3.34182769e-05 -0.999999881
vn -0.839719057 -0.502593398 -0.205601096
vn -0.879516423 -0.46221453 -0.113175027
vn -0.858140349 -0.485860854 -0.165935129
vn -0.823907912 -0.515001059 -0.236536816
vn 0.470015705 -0.821100831 -0.323849827
vn 0.470015675 -0.821100771 -0.323849827
vn 0.470015675 -0.821100831 -0.323849827
vn 0.816370249 -0.453027695 0.358197808
vn 0.816370189 -0.453027636 0.358197749
vn 0.816370189 -0.453027666 0.358197778
vn -0.121331103 -0.976302385 0.179199472
vn -0.121331125 -0.976302445 0.179199487
vn -0.707388699 -0.706824541 0.000429906795
vn -0.467281461 0.877045631 0.111530446
vn -0.467281401 0.877045631 0.111530438
vn -0.467281431 0.877045631 0.111530438
vn 0.861094773 0.506808102 0.0407591201
vn 0.82627362 0.563171506 -0.010473175
vn 0.735904753 0.667059422 -0.116086498
vn -0.558091819 -0.823196709 -0.104310796
vn -0.55809176 -0.823196709 -0.104310788
vn -0.999998629 0.000734092726 0.00143592141
vn 0.384664059 0.921746969 -0.0491538085
vn 0.384663999 0.92174691 -0.0491538048
vn 0.384664029 0.921746969 -0.0491538048
vn -0.384555489 0.921777368 0.0494318828
vn -0.384555459 0.921777368 0.0494318791
vn -0.384555489 0.921777487 0.0494318828
vn 0.38478753 -0.921661794 0.0497792102
vn 0.38478753 -0.921661794 0.0497792065
vn 0.999999881 -0.000390211761 -0.000351048948
vn -0.384943485 -0.921619356 -0.049359519
vn -0.384943485 -0.921619296 -0.049359519
vn -0.384943515 -0.921619356 -0.0493595228
vn 0.557994068 0.823246062 -0.104444064
vn 0.557994068 0.823246002 -0.104444064
vn 0.557994127 0.823246121 -0.104444079
vn -0.861137629 -0.506713152 0.0410317704
vn -0.826300323 -0.563136518 -0.010245421
vn -0.73586154 -0.667129278 -0.11595919
vn 0.707041204 0.707172215 0.000253389298
vn 0.467318356 -0.877033234 0.111473978
vn 0.467318296 -0.877033174 0.11147397
vn 0.467318267 -0.877033114 0.111473955
vn 0.000325485191 0.999999464 0.000925352855
vn 0.877320647 -0.475331545 -0.0660942793
vn 0.877320647 -0.475331575 -0.0660942793
vn 0.900311649 0.420222461 0.113366105
vn -0.665236413 0.745301306 0.0445694178
vn 0.557415843 -0.725390613 0.403851509
vn 0.587608337 -0.670698345 0.452636808
vn 0.483871609 -0.823938608 0.294946551
vn 0.772917747 0.632095754 0.0552556626
vn -0.556718647 0.725653172 0.40434131
vn -0.586879134 0.67104584 0.453067601
vn -0.483273625 0.824071646 0.295554549
vn -0.772901177 -0.632113695 0.0552808568
vn -0.900356412 -0.420037985 0.113694087
vn 0.659035981 -0.749779224 0.0591830201
vn 0.186013326 0.00831950642 -0.982511997
vn -0.180335224 -0.00949028227 -0.98355943
vn -0.646900237 -0.760650218 -0.0541429333
vn -0.593231797 -0.801932096 -0.0705758557
vn 0.769303381 -0.623527229 -0.139233589
vn 0.772008955 -0.623260021 -0.124696456
vn -0.999151647 -0.00137522176 -0.0411604643
vn -0.997807145 -0.0129175158 -0.0649146959
vn 0.999001086 0.00028578387 -0.0446843952
vn -0.999364436 0.00275659375 -0.035540998
vn 0.999720216 -0.00395050598 -0.0233193263
vn -0.00144587818 0.0331642702 -0.999448836
vn -0.00970709138 0.0144744664 -0.999848127
vn 0.0245977286 0.00576128531 -0.999680817
vn -0.0148728304 -0.99891609 -0.0441072881
vn -0.000475296169 -0.98722291 -0.159344912
vn -0.0160479862 -0.999564409 -0.0247690137
vn 0.00970048457 -0.935288787 -0.353752673
vn 0.0106974309 -0.999863267 -0.0126086362
vn -0.70750916 -0.706703544 0.000878126477
vn -0.706934869 -0.707278073 -0.000914205273
vn 0.647904932 -0.511599004 0.56434536
vn 0.706040084 -0.708170891 -0.00117143022
vn 0.706715405 -0.707497954 -8.56845072e-05
vn -0.680322409 -0.421364129 0.59967804
vn -0.680322349 -0.421364099 0.59967798
vn -0.999996722 0.00117295596 0.00228688889
vn -0.706537902 0.707675099 0.000316819642
vn 0.680367887 0.421372652 0.599620402
vn 0.680367887 0.421372712 0.599620402
vn 0.680367887 0.421372682 0.599620402
vn 0.706884086 0.707329392 -8.27791664e-05
vn -0.647200346 0.512062728 0.564733088
vn 0.706816316 0.707397223 0.000164382785
vn 0.000777699926 0.999998331 0.00161667494
vn -0.926747441 -0.158298835 0.340706199
vn -0.926747382 -0.158298835 0.340706199
vn -0.926747441 -0.15829885 0.340706199
vn 0.000250882556 0.999999881 -0.000158657684
vn 0.0270190425 0.810260117 0.585447371
vn 0.105796494 0.832870662 0.543261945
vn 0.0640633702 0.821742952 0.566245794
vn 0.770780206 0.45273155 0.448254347
vn 0.770780265 0.452731609 0.448254406
vn 0.770780206 0.45273158 0.448254347
vn -0.671130419 0.502342522 0.545193553
vn -0.689527452 0.495241553 0.528476715
vn -0.775420189 0.454279304 0.438581556
vn 0.705923855 -0.708283901 -0.0023263027
vn -0.707279503 -0.706933916 -0.000280295644
vn 0.486060232 -0.650726497 0.583352864
vn 0.535205305 -0.533846676 0.654647291
vn 0.415143818 -0.770467579 0.483771861
vn -0.696729958 -0.52241075 0.491583526
vn -0.721311986 -0.505806923 0.473147303
vn -0.736496747 -0.494919896 0.461114943
vn -0.752022028 -0.483246326 0.448258787
vn -0.0256647784 0.863515258 0.503669262
vn 0.0477388389 0.891007304 0.451471984
vn 0.0919715315 0.903813064 0.417927206
vn 0.152429461 0.916649938 0.36948359
vn 0.999999344 0.000231677273 -0.00109850639
vn -0.999999762 0.000249552075 0.000516331405
vn -0.099459894 -0.808819592 0.579584777
vn 0.0127827087 -0.759358704 0.65054667
vn -0.240724817 -0.848482668 0.47130543
vn -0.804715693 0.440354407 0.398146659
vn -0.804715574 0.440354317 0.398146629
vn -0.804715693 0.440354377 0.398146659
vn -0.706581771 0.707631409 6.22849911e-05
vn -0.770263195 -0.429628193 0.471289933
vn -0.770263195 -0.429628223 0.471289933
vn -0.770263195 -0.429628193 0.471289873
vn 0.682318091 -0.426829278 0.593514025
vn 0.649527967 -0.54483515 0.530347109
vn 0.602680922 -0.655909419 0.454487175
vn 0.542344809 -0.755433202 0.367672056
vn 0.868431926 0.0201951694 0.495396793
vn 0.89360106 -0.0501968637 0.446046382
vn 0.905617595 -0.0936819911 0.413618803
vn 0.917241335 -0.150912672 0.368637532
vn 0.000418551732 1 0.000112417096
vn -0.808091164 0.0975241959 0.580928266
vn -0.755655766 -0.0205007568 0.654648125
vn -0.848343313 0.241372615 0.471224785
vn -0.000952487462 -0.0471293367 -0.998888314
vn 0.68641746 0.588562548 -0.427112579
vn 0.739973128 0.67254442 -0.0111224595
vn 0.321730375 0.648772776 0.689625621
vn 0.321730375 0.648772717 0.689625621
vn -0.996856511 -0.0417928398 0.0673089325
vn -0.321375847 -0.64872849 0.689832389
vn -0.321375847 -0.648728549 0.689832449
vn -0.321375877 -0.648728609 0.689832509
vn 0.996855378 0.0417902172 0.067325972
vn -0.369613647 0.132109925 0.919746041
vn -0.456145525 0.115694098 0.88235265
vn -0.582590103 0.0880112052 0.807986736
vn -0.0529145822 -0.421338141 0.905358613
vn -0.0529145822 -0.421338111 0.905358613
vn -0.0529145859 -0.421338141 0.905358613
vn -0.257746845 0.611840665 0.747808397
vn -0.257746845 0.611840725 0.747808456
vn -0.257746845 0.611840725 0.747808516
vn 0.257746488 -0.611842215 0.747807443
vn 0.257746458 -0.611842155 0.747807384
vn 0.0529893599 0.421375155 0.905337036
vn 0.0529893599 0.421375126 0.905337036
vn 0.0529893599 0.421375126 0.905336976
vn 0.369504631 -0.13242209 0.919744909
vn 0.456097007 -0.11602015 0.882334888
vn 0.582699358 -0.0883329734 0.807873011
vn 0.606315136 0.293749392 0.738981187
vn 0.606315196 0.293749422 0.738981247
vn 0.606315196 0.293749392 0.738981247
vn -0.0214845203 -0.999630809 0.0166353248
vn -0.967356801 -0.24743323 -0.0547506623
vn -0.983206987 -0.177505031 -0.0423791185
vn -0.051101543 -0.0502177142 0.997430146
vn 0.995547116 -0.00219922117 -0.0942399949
vn 0.00358294626 0.00259834435 0.999990165
vn -0.998311818 -0.0177267548 -0.055312518
vn -0.995837688 -0.00360782258 -0.0910724178
vn -0.00253101694 0.019648578 0.999803722
vn -0.00874326937 0.0090921903 0.999920428
vn 0.00261509861 0.0217645578 0.999759734
vn -0.00829101447 0.00652606972 0.999944389
vn 0.993684173 0.00356610236 -0.112156242
vn -0.663748562 -0.747796357 -0.015446295
vn -0.706175029 -0.706335425 0.049063243
vn -0.673517644 -0.739170074 -0.00126780616
vn -0.626998901 -0.776233077 -0.0658379868
vn 1.9287736e-05 1.40218153e-05 1
vn 0.790316164 -0.59205544 0.157704458
vn 0.790316224 -0.5920555 0.157704473
vn 0.790316224 -0.59205544 0.157704473
vn -0.00939226896 -0.0167886503 0.999814987
vn 0.0135911396 0.0052892128 0.999893606
vn 0.220759034 -0.968684554 -0.113646977
vn 0.169869944 -0.984644175 -0.0402497575
vn 0.267294437 -0.946210027 -0.182319432
vn 1.42735962e-05 5.48307844e-06 1
vn 0.110351339 -0.992938161 0.043547675
vn 0.989736557 -0.136929974 -0.0408880413
vn -0.779537201 -0.624923825 -0.0423319526
vn -0.885310709 -0.430847615 -0.174915463
vn 0.915494204 -0.402241945 -0.00846605096
vn 0.691186368 -0.687504351 -0.222709239
vn -0.687962234 -0.725658417 0.0113036567
vn -0.552687645 0.537538171 0.636858702
vn 0.0904915333 0.4873586 0.868500352
vn 0.0904915184 0.48735854 0.868500292
vn 0.0904915258 0.48735857 0.868500292
vn -0.0905641317 -0.48737365 0.868484378
vn -0.0905641317 -0.48737368 0.868484437
vn -0.0905641168 -0.48737362 0.868484318
vn -0.695279658 0.247157454 0.674906909
vn -0.695279717 0.247157469 0.67490685
vn 0.743754745 -0.663828731 -0.0784865767
vn -0.985108554 -0.153489366 -0.0774725303
vn 0.617630124 0.780516982 -0.0965727344
vn -0.0479196236 0.998825431 -0.00717207463
vn 0.0211183764 -0.02267888 -0.999519706
vn -0.151549891 -0.826489627 0.542169333
vn -0.151549891 -0.826489568 0.542169273
vn -0.151549906 -0.826489627 0.542169333
vn 0.997998536 0.0626535565 0.00856599864
vn -0.0458605662 -0.00567258662 -0.998931766
vn 0.0681536421 3.83216102e-05 -0.997674763
vn -0.0205949433 0.793300211 0.608482361
vn 0.989592254 -0.129657432 -0.06241991
vn -0.154046208 0.165729582 0.974065483
vn 0.212828785 0.118368849 0.969893098
vn 0.212828755 0.118368834 0.969893098
vn 0.21282877 0.118368842 0.969893157
vn -0.212859973 -0.118330032 0.969891071
vn -0.212859973 -0.118330024 0.969891012
vn -0.212859958 -0.118330032 0.969891071
vn 0.153793961 -0.16599068 0.974060893
vn -0.0229325257 -0.192301363 0.981067896
vn -0.0229325276 -0.192301378 0.981067955
vn -0.270643413 0.31544745 -0.909530163
vn -0.270643413 0.31544742 -0.909530163
vn -0.270643443 0.31544745 -0.909530222
vn -0.361180633 -0.244251832 -0.899938643
vn -0.361180633 -0.244251832 -0.899938703
vn -0.361180604 -0.244251817 -0.899938643
vn -0.36176309 0.481462926 -0.79832387
vn -0.36176309 0.481462896 -0.79832381
vn -0.493832737 -0.334284186 -0.802734852
vn -0.493832767 -0.334284216 -0.802734911
vn -0.493832737 -0.334284186 -0.802734911
vn 0.33639431 -0.474431455 -0.813482523
vn 0.33639431 -0.474431455 -0.813482404
vn 0.33639428 -0.474431425 -0.813482404
vn 0.530008137 0.283485472 -0.799204111
vn 0.530008197 0.283485502 -0.799204171
vn 0.530008197 0.283485502 -0.79920423
vn -0.591033578 -0.311424702 -0.744106054
vn -0.591033638 -0.311424732 -0.744106114
vn -0.591033638 -0.311424702 -0.744106054
vn -0.067450881 0.700978935 -0.709985077
vn -0.067450881 0.700978994 -0.709985077
vn 0.628646851 -0.33922565 -0.699806511
vn 0.628646791 -0.33922565 -0.699806452
vn -0.27063629 0.315458506 -0.909528315
vn -0.27063629 0.315458536 -0.909528375
vn -0.361174166 -0.244262323 -0.899938464
vn -0.361174166 -0.244262323 -0.899938405
vn -0.361174136 -0.244262293 -0.899938405
vn 0.580499589 -0.372703612 0.723955989
vn -0.741469026 -0.665433824 -0.0861479789
vn 0.157851204 -0.672537088 0.723033011
vn -0.999696076 0.0220012218 0.0111187017
vn -0.256604016 -0.602885127 0.755436242
vn -0.698742151 0.714916646 0.0255643874
vn -0.666886389 -0.166941628 0.726218343
vn 0.0678266734 0.992338061 -0.103270374
vn 0.047735095 -0.196779653 0.979285002
vn 0.137470618 -0.26779139 0.953619123
vn 0.258642286 -0.360060513 0.896359622
vn 0.652961075 0.170752123 0.737892628
vn 0.652961075 0.170752123 0.737892568
vn 0.652961135 0.170752138 0.737892568
vn -0.06970568 0.504007697 0.860881805
vn -0.0697056726 0.504007638 0.860881746
vn 0.375939339 0.925804138 0.0394504592
vn 0.37593931 0.925804138 0.0394504555
vn 0.37593931 0.925804138 0.0394504592
vn -0.623171449 0.782031 0.00920883287
vn -0.702062368 0.711295903 0.0341540948
vn -0.602665842 0.797987819 0.00306523056
vn -0.622166812 0.782483399 -0.0250646956
vn -0.812528789 0.582569778 0.0202370137
vn -0.582968354 0.811825812 -0.0329675078
vn -0.717257798 0.695702493 0.0392347388
vn -0.84125042 0.539889812 0.0285813045
vn 0.972032547 0.234815955 0.00375597016
vn 0.954831421 0.29705736 -0.0073336279
vn 0.948618531 0.316237926 -0.0107911564
vn 0.871630788 0.487258911 -0.0532774478
vn 0.871630788 0.487258911 -0.0532774515
vn 0.871630847 0.487258971 -0.0532774553
vn 0.974376559 0.224855527 0.00551265525
vn -0.817114711 -0.574967504 -0.0416654423
vn -0.817114651 -0.574967444 -0.0416654423
vn -0.817114651 -0.574967444 -0.0416654386
vn -0.82215333 -0.567770123 -0.0412440673
vn -0.82215327 -0.567770123 -0.0412440598
vn -0.82215327 -0.567770123 -0.0412440635
vn 0.773993433 -0.628661633 -0.0756212622
vn 0.773993492 -0.628661692 -0.0756212696
vn 0.773993492 -0.628661633 -0.0756212696
vn 0.924437642 -0.379205942 0.0402229317
vn 0.924437702 -0.379205972 0.0402229317
vn 0.924437642 -0.379205912 0.0402229279
vn 0.572596729 -0.819108248 -0.0345643125
vn 0.572596729 -0.819108248 -0.0345643163
vn 0.572596669 -0.819108248 -0.0345643088
vn -0.304035038 -0.9498474 0.0731604993
vn -0.304035068 -0.949847519 0.0731605068
vn -0.304035068 -0.94984746 0.0731605068
vn -0.422759086 -0.904804766 0.0510210842
vn -0.422759145 -0.904804766 0.0510210916
vn -0.422759056 -0.904804647 0.0510210805
vn -0.0862290487 0.994265437 -0.0632503405
vn 0.326999635 0.944735885 0.0233576857
vn -0.0128274336 0.998741984 -0.0484757014
vn 0.401928186 0.914795995 0.0400241949
vn 0.52176708 0.849792719 0.0749089643
vn 0.521767139 0.849792659 0.0749089643
vn 0.521767139 0.849792778 0.0749089643
vn -0.603131294 0.796362817 -0.0451565199
vn -0.603131235 0.796362758 -0.0451565199
vn -0.603131175 0.796362698 -0.0451565124
vn -0.996677995 0.048033759 0.0657713339
vn -0.996677876 0.0480337553 0.0657713264
vn -0.996677935 0.0480337627 0.0657713413
vn 0.937750161 0.33979699 -0.0718514919
vn 0.937750101 0.33979696 -0.0718514845
vn 0.93775022 0.33979699 -0.0718514919
vn -0.982795656 0.176967219 0.0528695695
vn -0.982795715 0.176967219 0.0528695732
vn -0.982795656 0.176967204 0.0528695695
vn -0.872486234 -0.484863281 -0.0606257766
vn -0.872486115 -0.484863251 -0.0606257692
vn -0.872486174 -0.484863311 -0.0606257766
vn 0.682124674 -0.730217457 0.0385785028
vn 0.83898145 -0.543580115 -0.0251178071
vn 0.874740779 -0.482643634 -0.043402452
vn -0.816818416 -0.574685872 -0.0504360236
vn -0.816818476 -0.574685872 -0.0504360199
vn -0.816818416 -0.574685872 -0.0504360199
vn 0.7797876 -0.623287857 -0.0586814731
vn 0.7797876 -0.623287916 -0.0586814731
vn 0.630615115 -0.774077833 0.0559282936
vn 0.300880849 -0.950284958 0.0801818222
vn 0.300880849 -0.950285017 0.0801818222
vn 0.300880879 -0.950285077 0.0801818296
vn -0.00328927115 0.556358457 0.830935895
vn -0.00328927161 0.556358516 0.830935895
vn -0.00328927138 0.556358457 0.830935836
vn -0.0339418948 0.134978861 0.990267038
vn -0.0537548959 0.117214978 0.991650701
vn 0.0208656974 0.183508173 0.982796729
vn -0.104001753 -0.226093903 0.968537629
vn -0.10400176 -0.226093918 0.968537688
vn -0.10400176 -0.226093888 0.968537629
vn 0.12648806 0.0431526303 0.991029143
vn 0.109718889 0.0617878437 0.992040396
vn 0.17358242 -0.0098112449 0.984770477
vn -0.118166961 -0.0598020107 0.991191447
vn 0.685348749 -0.612367213 -0.394085646
vn -0.110387936 0.0639338121 0.99183017
vn -0.128078774 0.0605504885 0.989913881
vn -0.122843668 0.0615546033 0.990515232
vn -0.14261815 0.0577489361 0.988091707
vn 0.081082955 -0.181938946 0.979961097
vn 0.0810829625 -0.181938961 0.979961097
vn -0.100123867 0.0751797706 0.992130697
vn -0.0582918599 0.269255549 0.961303055
vn -0.0582918562 0.269255549 0.961303055
vn -0.0582918562 0.269255549 0.961302996
vn 0.0697727501 0.105718486 0.991945267
vn 0.0081719188 -0.773817837 -0.633355558
vn -0.57918185 -0.227321967 -0.782862127
vn -0.407587767 -0.392604202 -0.82445991
vn -0.488564461 -0.320355088 -0.81158942
vn 0.539168656 -0.171154737 -0.824623108
vn 0.539168656 -0.171154737 -0.824623048
vn -0.639787912 -0.155713692 -0.752611876
vn -0.00612676702 -0.190842286 -0.981601655
vn -0.000306671922 -0.193697706 -0.98106122
vn 0.0330517069 -0.213197187 -0.976449907
vn -0.0110340258 -0.1998007 -0.979774415
vn 0.0599839501 -0.225890949 -0.972304046
vn -0.0101325018 -0.110280156 -0.99384892
vn 0.00139406021 -0.18544659 -0.98265332
vn 0.00526261469 -0.187244073 -0.982299268
vn 0.0132514481 -0.10250514 -0.994644165
vn 0.99594152 0.0075126118 -0.0896883532
vn 0.996275067 0.00853325427 -0.0858086497
vn -0.97164762 0.231155425 -0.0496794172
vn -0.952429175 0.298607409 -0.0609286614
vn 6.74859766e-05 3.16541773e-05 -1
vn 1.2421172e-05 -1.64819903e-05 -1
vn 1.99282003e-05 -1.49289581e-05 -1
vn -2.10929852e-06 3.95270354e-06 -1
vn -7.37184237e-05 1.77860729e-05 -1
vn -5.48261187e-06 -5.48385788e-06 -1
vn 2.70186338e-05 5.22086993e-05 -1
vn -0.996088207 -0.0480382442 -0.0741665661
vn 0.0019273049 0.00118660007 0.999997437
vn 0.00195434736 0.00325370138 0.999992788
vn 0.00184698077 0.000906658301 0.999997973
vn -0.00305252755 0.00161162566 0.999994099
vn 0.000395187439 -0.000472327287 0.999999762
vn 0.000216606088 -0.000262682181 0.999999881
vn -0.00040806664 0.000225431853 0.999999881
vn 0.852778912 0.521778584 -0.0226984601
vn 0.855856955 0.516441464 -0.0282323454
vn 0.856583118 0.51516223 -0.0295530688
vn 0.859262705 0.510371089 -0.0344799757
vn -0.714146614 0.699503422 -0.0262608379
vn -0.694807172 0.716304719 -0.0644239187
vn 0.000514618179 0.00294211274 0.99999547
vn -0.00354713085 0.0017630147 0.999992132
vn 0.500554621 0.839352846 -0.211971492
vn 0.733751297 0.677604735 -0.0496078618
vn 0.45908922 0.879465282 -0.125609726
vn 0.422422171 0.905942798 -0.0287594963
vn 0.450901389 0.890995622 -0.0530528724
vn -0.437846571 0.89900285 -0.00917871017
vn -0.787863612 0.615112185 0.0301315524
vn -0.702337027 0.711620212 -0.0178709887
vn -0.563328326 0.819488347 -0.105357081
vn -0.535744667 0.609630823 -0.584232807
vn -0.535744607 0.609630764 -0.584232807
vn -0.391037822 0.919900894 0.0295231473
vn -0.641243398 -0.347112089 -0.684339106
vn -0.885925233 -0.15189448 -0.438251674
vn 0.526445389 -0.473475724 -0.706169903
vn 0.81940794 0.57018441 -0.0588260107
vn -0.00445136288 -0.00200357498 0.999988079
vn 0.645603418 -0.315324873 -0.695533276
vn 0.893593311 0.435120821 0.110276133
vn -0.00382379908 -0.00231327536 0.999989927
vn -0.89114809 0.432777464 -0.136229962
vn -0.891895413 0.437695682 -0.113776691
vn -0.00382804731 0.00115452625 0.999992013
vn -0.00269106333 0.000509905745 0.999996305
vn -0.722117126 -0.0259292684 -0.691284657
vn 0.892871201 0.429788798 0.134397447
vn 0.00226246007 -0.000555023027 0.999997258
vn 0.700528443 -0.00208088406 -0.713621497
vn 0.9890576 -0.0432490669 -0.141047791
vn 0.983589768 -0.0364610143 -0.176696673
vn 0.98969239 -0.0441590324 -0.13623099
vn 0.00446974859 -0.00167318876 0.999988616
vn -0.986310959 -0.0929077938 -0.136230648
vn -0.989614427 -0.0889468938 -0.112923376
vn -0.992417395 -0.0485396758 0.112924486
vn -0.989692211 -0.0441605747 0.13623184
vn 0.00415389426 0.00272242562 0.999987662
vn 0.00406250264 0.00219075801 0.999989331
vn 0.981002331 -0.0337019227 -0.191045821
vn 0.00252361433 -0.00145248533 0.999995768
vn -0.66414851 0.361630142 -0.654316723
vn 0.643847048 0.366791576 -0.671509385
vn 0.76952225 -0.515909076 -0.376395166
vn 0.76952219 -0.515909076 -0.376395166
vn 0.769522309 -0.515909135 -0.376395196
vn 0.887404561 -0.379685283 0.261442602
vn 0.887404501 -0.379685283 0.261442602
vn 0.00139745651 -5.09072634e-05 0.999999046
vn -0.79465723 -0.591575325 -0.136229843
vn -0.799537301 -0.589905798 -0.112922318
vn -0.822915256 -0.556828737 0.112925917
vn -0.82286042 -0.551671207 0.136233389
vn -0.00285904366 -0.00579104014 0.999979198
vn -0.00328345643 -0.00537707284 0.999980092
vn -0.000266561809 0.000951696187 0.999999583
vn -0.410861582 0.597896516 -0.688267827
vn 0.389733851 -0.840498269 -0.376390994
vn 0.389733881 -0.840498269 -0.376391023
vn 0.389733851 -0.840498269 -0.376390964
vn 0.566451728 -0.733115613 0.37639609
vn 0.566451728 -0.733115613 0.37639606
vn -0.000363889179 0.000251254591 0.999999881
vn -0.422023952 -0.886227787 0.191039518
vn -0.420767248 -0.889794886 0.176692113
vn -0.41726163 -0.897774339 0.141045839
vn -0.416746438 -0.898756921 0.13622947
vn -0.000963981322 -0.00036745274 0.999999404
vn -0.00044307069 1.01572359e-05 0.99999994
vn 0.407203645 0.60074389 -0.687962115
vn -5.39723878e-05 -0.000102751248 1
vn -0.0718141198 -0.962545693 -0.261435151
vn -0.0718141198 -0.962545812 -0.261435151
vn -0.0718141273 -0.962545872 -0.261435181
vn 0.103392407 -0.920672297 0.376394063
vn 0.103392415 -0.920672357 0.376394093
vn -0.0117896209 0.742070794 -0.670217931
vn 0.309471726 0.780544817 -0.54311794
vn -0.0980560258 0.758072615 -0.644756436
vn -0.0980560333 0.758072674 -0.644756496
vn -0.965618074 0.24065347 -0.0983236358
vn -0.571423471 0.55547756 -0.604085982
vn -0.586773634 0.562550485 -0.582437754
vn -0.594599783 0.566069126 -0.57097894
vn 0.980733693 0.188747406 -0.0503564551
vn 0.980733752 0.188747406 -0.0503564551
vn 0.980733633 0.188747406 -0.0503564551
vn -0.565763831 0.552815497 -0.611805737
vn -0.00646264805 0.991180241 -0.13236329
vn -0.761959314 -0.0544508062 -0.64533174
vn -0.580684006 0.0387783572 -0.813205004
vn -0.48763746 0.0791583061 -0.869450271
vn 0.596917272 0.583234727 0.550932825
vn 0.596917272 0.583234727 0.550932765
vn -0.461580008 0.885711133 0.0495952182
vn -0.636342049 0.754255533 -0.161762848
vn -0.515411198 0.856887579 -0.0097560389
vn -0.367454231 0.918701768 0.14479056
vn 0.000307228125 -0.000894215424 -0.999999583
vn -0.00140262197 -0.00431591738 -0.999989629
vn -0.00322038215 -0.0058527044 -0.999977648
vn -0.00402294286 -0.00597013813 -0.999974012
vn 0.363186419 0.924176276 0.118295699
vn 0.363186419 0.924176216 0.118295699
vn -0.00660950411 0.00984936394 -0.999929607
vn -0.00186550897 0.00203089602 -0.999996185
vn -0.00890369248 0.0118451547 -0.999890208
vn -0.010045236 0.0118577136 -0.999879301
vn -0.0327183492 0.924726784 -0.379222602
vn -0.032718353 0.924726844 -0.379222631
vn -0.0327183567 0.924726903 -0.379222661
vn 0.0222477149 0.922278643 -0.38588503
vn 0.0222477149 0.922278523 -0.385885
vn 0.0222477131 0.922278583 -0.38588503
vn 0.000975045725 0.000186104007 -0.999999464
vn -0.000946816464 0.000184495555 -0.999999523
vn 0.000985812512 -4.6271467e-05 -0.999999583
vn -0.000816799235 -3.6511803e-05 -0.999999642
vn 0.0014004386 -0.000528420089 -0.999998868
vn -0.000944242231 -0.000346223533 -0.999999583
vn 0.000957409735 -0.000682643033 -0.999999285
vn 0.000950537506 -0.000409719127 -0.999999464
vn -0.000714882568 -0.000473103282 -0.999999642
vn -0.000738997012 -0.000812086917 -0.999999404
vn -1.35426899e-05 -0.000630337163 -0.999999821
vn 0.000544082082 -0.000950665213 -0.999999404
vn 0.00033156501 -0.00187279528 -0.999998212
vn -0.0015044054 -0.0038926485 -0.999991357
vn 4.20612705e-05 -0.00220631622 -0.999997556
vn -0.832796454 -0.0996736512 -0.544532239
vn 0.0126871699 -0.10174498 -0.994729638
vn -0.00977708492 -0.0883067176 -0.996045411
vn 0.740047991 0.527906179 -0.416706145
vn 0.740047991 0.527906179 -0.416706115
vn -0.0173313152 -0.0209165774 -0.999631047
vn -0.0463488214 -0.00242775586 -0.998922348
vn -0.0641361922 -0.0100878077 -0.997890115
vn 0.0416744053 -0.00519622024 -0.999117792
vn 0.0313417353 0.0328079462 -0.998970032
vn -0.0414538197 0.0113835661 -0.999075592
vn 0.02795293 -0.00361710088 -0.999602735
vn -0.0659080446 0.0127204247 -0.99774462
vn -0.0348983631 -0.010507023 -0.999335647
vn 0.00255481107 -0.0331674442 -0.999446571
vn 0.0463536829 -0.00416954746 -0.998916388
vn 0.0501829833 -0.0099297557 -0.998690665
vn -0.000311196665 1.4018844e-05 -0.999999881
vn -0.0360227264 0.00642324891 -0.999330401
vn 0.0288265813 7.35313879e-05 -0.999584496
vn 0.0190965049 0.0223057028 -0.99956876
vn 0.0202940665 0.0123719247 -0.999717534
vn 0.027944345 0.010607928 -0.999553263
vn -0.0375623479 0.00346628134 -0.99928838
vn 0.008454022 0.0301088281 -0.999510884
vn -0.0263820793 0.0144275129 -0.99954778
vn -0.0109204194 0.0307667051 -0.999466956
vn 0.0286842994 0.0512131415 -0.998275697
vn 0.0175317768 0.0466307923 -0.998758316
vn -0.00517284358 0.0354865976 -0.999356747
vn -0.0243592337 0.0288149528 -0.999287844
vn 0.0244955588 0.00236268947 0.999697208
vn 0.0971808806 0.015760472 0.995141923
vn -0.048093725 0.0196903273 0.998648703
vn -0.500462651 -0.862672448 0.0730302855
vn -0.304865301 -0.952384174 0.00462966831
vn -0.215423211 -0.976199687 -0.0250416193
vn -0.136194259 0.00342522468 0.990676165
vn 0.0357123464 0.0266043227 0.99900794
vn 0.0608556755 0.0481927209 0.996982396
vn -0.296168506 0.955088735 -0.00947536062
vn -0.436371088 0.898857772 0.0404328443
vn -0.241021484 0.970105648 -0.0283463672
vn -0.00794955902 -0.00606781431 0.999949932
vn -0.185789987 -0.0401278846 0.981769681
vn 0.0303251296 0.0134007689 0.999450326
vn -0.0259490646 0.0324309357 0.999137104
vn 0.307892978 -0.951405466 -0.00541699119
vn 0.505857885 -0.860062361 0.0663369745
vn 0.241036505 -0.970101893 -0.0283492319
vn 0.0585035682 0.0162173174 0.998155415
vn 0.000235634594 1 8.11587597e-05
vn 3.2910415e-05 1 0.000142445657
vn 6.85777341e-05 1 0
vn -6.42162631e-05 1 6.25398461e-05
vn 0.000218126879 -1 -0.000173879307
vn 7.97346438e-05 -1 -7.69393971e-09
vn -2.40933678e-05 -0.99999994 5.13652958e-05
vn -0.00981275272 -0.0215423889 0.999719739
vn -0.185560539 -0.0333720446 0.982065976
vn 0.118604876 -0.0143813761 0.99283731
vn 0.00194942928 0.99956286 0.0295001622
vn -0.00747926487 0.999588907 0.027677644
vn 0.0025739267 0.999546051 0.0300171003
vn -0.300078273 0.0187371392 0.953730583
vn -0.00615017023 -0.999755859 0.0212193988
vn 0.00713170227 -0.999511778 0.0304198414
vn -0.00113915 -0.99978447 0.0207340904
vn -0.0802634507 -0.00854630768 0.996737063
vn 0.501954257 0.861570537 -0.0757505894
vn 0.501954198 0.861570537 -0.0757505819
vn 0.501954257 0.861570537 -0.0757505819
vn -0.566595554 -0.818210125 0.0974764004
vn -0.57566005 0.812461913 0.0923097283
vn -0.57566011 0.812461972 0.0923097432
vn -0.57566005 0.812461913 0.0923097357
vn -0.486427277 0.871726274 0.0590063632
vn 0.557897329 -0.82540679 0.0863381326
vn 0.931318641 0.363983929 0.0127039934
vn 0.938554704 0.344473481 0.0212882757
vn 0.940899909 0.337819219 0.0241961349
vn -0.898992777 -0.437485367 -0.020460071
vn -0.930324078 -0.366556317 0.0115601895
vn -0.940901041 -0.337816477 0.0241912063
vn -0.930939138 0.355401486 -0.0839171112
vn -0.930939198 0.355401516 -0.0839171186
vn 0.892654121 -0.450215429 0.021790646
vn 0.900756776 -0.433414429 0.0280932207
vn 0.890542269 -0.454452455 0.0201894529
vn 0.893033326 0.444456577 0.0703551918
vn 0.893033326 0.444456547 0.0703551844
vn 0.893033326 0.444456607 0.0703551918
vn 0.92888993 0.37022236 0.00994056277
vn -0.883764505 -0.46669355 -0.0340228863
vn 0.902599514 -0.429464906 0.0295641627
vn 0.591759086 -0.421081841 0.68739444
vn 0.591759145 -0.421081901 0.6873945
vn 0.591759086 -0.421081871 0.68739444
vn -1.41193432e-05 -1 1.66478767e-05
vn -0.0121376514 0.999531627 0.0280914363
vn 0.0131381638 0.999450684 0.030426383
vn 0.0136500429 0.999419451 0.0312154759
vn 0.415927023 0.0113735339 0.909326851
vn -0.480626166 -0.0333849117 0.876289904
vn -0.352853239 0.00100499159 0.935678124
vn -0.00837913621 -0.999859512 0.0145222116
vn 0.468742728 -0.0165404379 0.883179784
vn 0.245016679 -0.0955515057 0.964798808
vn 0.230482489 -0.126259625 0.964850366
vn 0.00510516204 -0.999836504 0.0173472576
vn 0.00672707846 -0.999920249 0.0106892791
vn 0.000235239248 1 -3.20616746e-05
vn 0.000383166713 0.999999821 -0.000322092354
vn 0.494165212 0.0382199399 0.868527532
vn -0.000233900369 0.999999881 5.53359278e-05
vn -0.00055190525 0.999999821 -6.0942366e-05
vn 0.000242368886 -0.99999994 -0.000283288828
vn 0.00029205074 -0.999999821 -0.000499498856
vn -0.514084041 -0.0192474518 0.857523799
vn -0.000150587875 -0.99999994 0.000109413028
vn -1.65484307e-05 -1 4.36929986e-05
vn 0.395176589 -0.00423421944 0.918595493
vn 0.00017242688 -1 -0.000216851244
vn 1.91755807e-05 -1 0.000105420702
vn 1.95401935e-05 -1 -2.4484134e-05
vn -2.89136024e-05 -1 2.13553576e-05
vn 0.611768961 -0.0114778001 0.790953338
vn -0.0241704099 0.999262869 0.0298241694
vn -0.669166744 0.0295841433 0.742523193
vn 0.0265820455 0.999222696 0.0291121658
vn 0.028993642 0.999278545 0.0245290995
vn 0.738120973 0.0340928212 0.673806429
vn -0.697508991 -0.0469600372 0.715035737
vn -0.010405384 -0.999882221 0.0112822037
vn -0.0109327734 -0.9998824 0.0107549196
vn 0.00982613489 -0.999903977 0.00977630913
vn 0.422569841 0.0605206713 -0.904307425
vn 0.422569871 0.0605206825 -0.904307485
vn 0.422569901 0.0605206825 -0.904307485
vn 0.751903892 0.0381401032 -0.658168435
vn 0.805908322 0.0133194737 -0.591890633
vn 0.736906826 0.044535663 -0.674525619
vn -0.57426846 -0.0360993817 -0.817870796
vn -0.574268401 -0.0360993743 -0.817870736
vn -0.347715795 -0.804213762 -0.482010305
vn -0.347715795 -0.804213703 -0.482010275
vn -0.572267115 -0.041082453 -0.819037557
vn -0.572267115 -0.0410824567 -0.819037616
vn -0.572267175 -0.0410824567 -0.819037616
vn -0.3452169 -0.802262306 -0.487032264
vn -0.34521696 -0.802262366 -0.487032294
vn -0.34521693 -0.802262306 -0.487032264
vn 0.821696699 0.00542841805 -0.569899142
vn -0.916531503 0.0706339031 -0.393675983
vn -0.916531563 0.0706339106 -0.393676013
vn -0.924119294 0.0477536246 -0.379108429
vn 0.508944452 -0.788081944 -0.34626925
vn 0.821876764 -0.0489625335 -0.567557275
vn 0.821876764 -0.0489625372 -0.567557335
vn 0.821876705 -0.0489625335 -0.567557275
vn 0.506470084 -0.79119277 -0.342785746
vn 0.506470084 -0.79119283 -0.342785776
vn -0.186659813 0.27913928 0.94193387
vn -0.186659798 0.27913928 0.941933811
vn -0.183386341 -0.280567944 0.942152381
vn -0.183386311 -0.280567914 0.942152381
vn -0.183386326 -0.280567944 0.942152381
vn -0.218828693 0.0636594668 0.97368443
vn -0.216474608 0.0721258596 0.973620355
vn -0.154168218 0.275845408 0.948757946
vn -0.270558625 -0.142613918 0.952081561
vn 0.347305089 -0.77339685 0.530317366
vn 0.347305119 -0.77339685 0.530317366
vn -0.543257654 -0.790138543 0.283817261
vn -0.543257654 -0.790138483 0.283817261
vn 0.371119469 -0.78658241 0.493516386
vn 0.371119469 -0.78658247 0.493516415
vn 0.371119469 -0.78658241 0.493516356
vn -0.543521166 -0.787400842 0.290834248
vn -0.543521225 -0.787400901 0.290834278
vn -0.882466435 -0.0660623461 0.465713084
vn -0.882466435 -0.0660623461 0.465713114
vn -0.871027231 -0.0632903129 0.487140536
vn -0.871027231 -0.0632903054 0.487140507
vn -0.871027172 -0.0632903129 0.487140507
vn -3.06794791e-05 -0.99999994 -1.809879e-05
vn 3.6357826e-06 -1 7.52548731e-05
vn 0.000138865638 -1 -2.19930334e-05
vn 0.807193577 0.0222502612 0.589867353
vn 0.629106998 -0.0280926079 0.776810944
vn 0.841113269 0.033911705 0.539794862
vn 0.471042186 -0.00541754905 0.882094026
vn 0.546362758 -0.0291246213 0.837042153
vn 0.223008826 0.065551579 0.972609937
vn 0.583074689 -0.0391483717 0.8114748
vn -0.0278077163 0.999228597 0.027728742
vn -0.695305705 -0.0321832187 0.7179932
vn -0.805798888 -0.0289791804 0.591479838
vn -0.659581363 -0.0150989927 0.751481473
vn 0.854179025 -0.0122396694 0.519834816
vn 0.708179653 -0.0277693402 0.705486
vn 0.62613678 0.0125879329 0.779611647
vn -0.715153754 -0.000529048266 0.69896698
vn 0.703994453 -0.0096917199 0.710139394
vn -0.662124276 0.00901912991 0.749339759
vn 0.788603008 -0.0664365739 0.61130321
vn 0.681828856 -0.0858289152 0.726459146
vn 0.652980566 -0.000274941151 0.757374585
vn 0.0102707511 -0.999916613 0.00782472733
vn -0.800597787 0.0155929057 0.598999262
vn -0.679077864 0.135738567 0.721407115
vn -9.98588985e-06 1 -0.000190251143
vn 0.673406541 0.209328651 0.709017038
vn 0.849315643 -0.0177236479 0.527587771
vn -0.000118072974 1 -0.000233886647
vn -0.37580806 0.0467095077 0.925519645
vn -0.375808001 0.046709504 0.925519586
vn -0.375808001 0.046709504 0.925519645
vn 0.153912157 0.0836906806 0.984533906
vn -0.762006342 0.113661744 -0.637516558
vn -0.762006342 0.113661729 -0.637516558
vn 0.707241893 -0.287818164 -0.645731688
vn 0.672190726 -0.367512465 -0.642724037
vn 0.548811972 -0.572748184 -0.608904779
vn 0.70385015 -0.302231014 -0.642846227
vn 0.677136481 -0.362036288 -0.6406371
vn 0.577964246 -0.534203053 -0.616915286
vn 0.497498155 -0.637366176 -0.588438749
vn 0.53758651 -0.589695632 -0.602710366
vn 0.420708656 0.78020674 -0.462905586
vn 0.318004906 0.912361145 -0.257817507
vn 0.452786446 0.713955462 -0.534089923
vn 0.476622313 0.707405269 -0.521928072
vn 0.373759508 0.865968764 -0.332268149
vn 0.500729382 0.650282204 -0.571316957
vn -0.569234073 -0.487846613 -0.661799252
vn -0.569234073 -0.487846613 -0.661799192
vn -0.639531374 0.520949423 -0.56534189
vn -0.591403723 0.586995065 -0.552882016
vn -0.462022632 0.726585627 -0.508535743
vn -0.387071311 -0.823334396 -0.415085971
vn -0.345721006 -0.883242667 -0.316795349
vn -0.404118359 -0.791707158 -0.458135426
vn -0.406853467 0.773472786 -0.486014485
vn 0.274942547 0.944765806 -0.178393155
vn -0.325348765 -0.905975282 -0.270844668
vn 0.338801742 0.900500536 -0.272602409
vn -0.33520925 -0.912504077 -0.234459341
vn -0.33520925 -0.912504017 -0.234459341
vn -0.786255777 -0.0644952878 0.614525974
vn 0.204327375 0.962485075 0.178529516
vn 0.165965632 0.982130587 0.0887407586
vn 0.147498161 0.987967014 0.0465331562
vn 0.272619814 0.900503993 0.338778645
vn 0.332258731 0.865987957 0.373723179
vn 0.521852791 0.707500279 0.476563632
vn -0.234459817 -0.912503183 0.335211009
vn -0.299244255 -0.877012134 0.375902176
vn -0.455106914 -0.757729173 0.46767965
vn 0.225038499 0.94722265 0.228313297
vn 0.730519891 0.00700379023 0.682855487
vn -0.270874381 -0.905973613 0.325328887
vn -0.316782951 -0.883268535 0.345666498
vn -0.414924771 -0.823485076 0.386923283
vn -0.457882553 -0.791953266 0.403922737
vn -0.508463383 0.726729691 0.461875409
vn -0.552852094 0.587082803 0.591344476
vn -0.485885173 0.773695171 0.406584978
vn -0.744288921 0.00577183859 0.667832851
vn 0.571256101 0.650371552 0.50068295
vn 0.730920255 -0.0123735974 0.682350755
vn -0.497146308 -0.715623796 0.49064067
vn -0.592495561 0.637900114 0.491967827
vn -0.59249562 0.637900114 0.491967857
vn -0.59249568 0.637900174 0.491967916
vn 0.616903782 -0.534252942 0.577930391
vn 0.640636384 -0.362050414 0.677129626
vn 0.602719605 -0.589662373 0.537612796
vn -0.56532985 0.520962715 0.639531016
vn 0.661319852 -0.475436717 0.580186069
vn 0.668122709 -0.351011544 0.65605104
vn 0.654615164 -0.522659242 0.546174228
vn 0.642846227 -0.302252561 0.703840911
vn 0.666338325 -0.28853631 0.687560916
vn -0.643121123 0.111470699 0.757607758
vn -0.643121064 0.111470699 0.757607758
vn -0.0294290688 0.999420524 0.0171044134
vn -0.877096653 0.0089891199 0.480229884
vn 0.0357538164 0.999198258 0.0180131905
vn -0.885481298 0.0175303556 0.464344263
vn -0.0125444615 -0.999893188 0.00750025827
vn 0.835863233 0.118842378 0.535918951
vn 0.889184415 -0.0764312595 0.451120079
vn 0.837164819 0.11541532 0.534634769
vn 0.973327696 -0.165057093 0.159340501
vn 0.973327696 -0.165057093 0.159340486
vn -0.931647003 0.318632275 0.174663529
vn -0.931646943 0.318632245 0.174663529
vn 0.749835491 0.295879602 0.591778755
vn 0.75882268 0.522332788 0.389045835
vn 0.75882256 0.522332788 0.389045835
vn 0.75882262 0.522332788 0.389045835
vn -0.74239248 -0.576339126 0.341594279
vn -0.74239248 -0.576339126 0.341594249
vn -0.0351372287 0.999289989 0.0136008132
vn 3.14828249e-05 -1 -4.58916802e-05
vn 1.62439828e-05 -1 -0.000104750514
vn 0.341576189 -0.576348603 0.742393494
vn 0.341576129 -0.576348543 0.742393434
vn -0.3890495 0.522329509 0.758823037
vn -0.38904956 0.522329509 0.758823097
vn -0.535918653 0.118839785 0.835863829
vn -0.534636259 0.115417652 0.837163508
vn -0.591782093 0.295879692 0.74983269
vn -0.159344345 -0.165068492 0.973325074
vn -0.15934436 -0.165068507 0.973325133
vn -0.15934433 -0.165068477 0.973325074
vn -0.451116294 -0.0764335617 0.889186203
vn 0.174665496 0.31863758 0.931644738
vn 0.174665511 0.318637609 0.931644797
vn 0.174665496 0.318637609 0.931644797
vn 0.000170532629 -1 -8.15433305e-05
vn -0.9720698 -0.0235895179 0.233503357
vn 0.0320767798 0.999444187 0.00908270478
vn 0.94706434 0.0227147862 0.320239246
vn -0.96873033 -0.0101419529 0.247908667
vn -0.015081441 -0.999866664 0.00624931837
vn 0.967240751 0.0258326177 0.252543181
vn 0.0152747678 -0.99985224 0.00788278319
vn 0.0148537494 -0.999879777 0.00444700196
vn 0.000311010517 1 -5.48970384e-05
vn -0.986804903 0.0216438714 0.160461023
vn -0.0294106361 0.999558091 0.00432732189
vn 0.0326989666 0.999458015 0.00380474678
vn -0.988512814 -0.0601109676 0.138669387
vn -0.0185817275 -0.999819458 0.00396648142
vn 0.000254562183 0.999999881 -7.32699264e-05
vn 0.98558253 0.0684688315 0.154722631
vn -0.000176891132 1 0.00015329798
vn 0.126468167 -0.064818874 -0.98985064
vn 0.126468152 -0.064818874 -0.9898507
vn 0.126468152 -0.064818874 -0.98985064
vn 0.0884578973 -0.773695409 -0.627352059
vn 0.0884578824 -0.77369535 -0.627352059
vn 0.0884578824 -0.77369529 -0.627352059
vn 0.75742048 0.0688903779 -0.649282992
vn 0.757420421 0.0688903704 -0.649282992
vn 0.75742048 0.0688903704 -0.649282992
vn -8.40421781e-05 -1 -1.93016258e-05
vn -0.998391628 -0.0169094764 -0.0541132614
vn -0.942399919 0.0580240525 -0.329417229
vn -0.913119674 0.0777586028 -0.400207639
vn -3.21548578e-05 -1 1.82254917e-05
vn 0.987349153 -0.0246619172 0.156631336
vn -0.998498142 -0.0409657992 0.0363761224
vn -0.632033944 -0.774708569 0.0189686641
vn -0.632033885 -0.774708509 0.0189686604
vn -0.632033944 -0.774708509 0.0189686622
vn 0.997522116 -0.047044225 0.0523129068
vn 0.997522116 -0.0470442288 0.0523129106
vn 0.997521996 -0.047044225 0.0523129068
vn 0.584853947 -0.810465395 0.0330417119
vn 0.584853888 -0.810465336 0.0330417082
vn 0.584853947 -0.810465455 0.0330417119
vn 0.0870478302 -0.792100966 0.604151189
vn 0.0870478451 -0.792101026 0.604151249
vn 0.0870478451 -0.792101026 0.604151189
vn -0.0300582629 0.999547303 0.00128022116
vn 0.208823815 0.0501864627 0.976664782
vn 0.138530746 0.0294099767 0.989921391
vn 0.226413816 0.0553956591 0.972454667
vn 0.115119405 0.0225043744 0.993096769
vn 0.0310829971 0.999516726 -3.06505426e-05
vn 0.999720693 0.0236236975 0.000590257696
vn -0.0196600556 -0.999805331 0.00164308609
vn 0.0196460094 -0.999806702 0.000813954743
vn 9.21476894e-05 -0.99999994 -5.26177901e-05
vn 2.92338918e-05 -1 -1.50549304e-05
vn -2.03783839e-06 -1 9.93608182e-07
vn 2.38311054e-06 -1 3.12260704e-06
vn -1.02728263e-05 -1 -1.07978676e-05
vn -6.00488711e-05 -1 -1.56931819e-05
vn 0.280990303 0.00761543494 -0.959680378
vn 0.232071325 -0.000539519591 -0.972698629
vn 0.48664844 0.0431286171 -0.872532666
vn -0.419601351 -0.00571635505 -0.907690465
vn -0.682690501 0.0469861552 -0.729195416
vn -0.350550234 -0.0181807149 -0.936367512
vn 0.507794976 0.0469080843 -0.860199869
vn -0.719275713 0.0552068539 -0.692527771
vn 0.884983838 -0.0331974588 -0.46443671
vn 0.884983838 -0.0331974588 -0.46443674
vn 0.884983838 -0.0331974626 -0.464436769
vn -0.998621225 -0.0124361608 0.0509996228
vn -0.999491215 -0.0316425078 -0.00400466146
vn -0.982945025 -0.0313469656 -0.18120791
vn 0.972657144 -0.0198196955 -0.231398538
vn 0.999562085 -0.0194843076 0.022269221
vn -0.0306225196 0.999508798 -0.00666002696
vn -0.970425844 0.0187464226 -0.240670398
vn -0.999841452 0.0147272889 0.0100007914
vn 0.999987483 -0.00310173514 -0.00393140642
vn -0.998473167 -0.0511357225 0.0208930112
vn -0.967537045 0.0261111576 -0.251376867
vn -0.0136636412 -0.999899566 -0.00377874123
vn 0.988115847 -0.0609037913 -0.141130269
vn 0.996443748 -0.0839082226 0.00769015867
vn 0.996877849 0.0766984075 0.0187546089
vn 0.0161419008 -0.99986583 -0.00278883078
vn -0.985321343 0.06787467 -0.156636104
vn -0.98810786 0.153312147 0.0117544578
vn 0.000199714414 1 -0.000127070976
vn 0.969022632 -0.0101752747 -0.24676232
vn -0.000295216101 1 2.96252165e-05
vn -0.116334416 -0.237434581 -0.964412332
vn -0.116334416 -0.237434581 -0.964412272
vn -0.116334409 -0.237434566 -0.964412332
vn 0.107429177 -0.158993408 -0.981417418
vn 0.107429184 -0.158993408 -0.981417358
vn 0.107429177 -0.158993408 -0.981417358
vn 0.728046834 -0.0985468552 -0.678407133
vn 0.728046894 -0.0985468626 -0.678407192
vn -0.0112122195 0.641812682 -0.766779482
vn 0.0544003323 0.817412496 -0.573478341
vn -0.0340492986 0.569192648 -0.82149893
vn -0.821226358 0.325448751 -0.468690008
vn -0.821226358 0.325448722 -0.468690038
vn -0.821226358 0.325448781 -0.468690038
vn -0.00278096204 -0.495151103 -0.868802428
vn 0.020108832 -0.552211523 -0.833461523
vn 0.027608322 -0.570355475 -0.820933819
vn -0.820759296 -0.326692939 -0.468642652
vn -0.820759237 -0.326692969 -0.468642682
vn -0.820759237 -0.326692909 -0.468642652
vn -0.0834946111 0.301828682 -0.949698985
vn -0.0834946036 0.301828682 -0.949698925
vn -0.0834946111 0.301828682 -0.949698925
vn -0.773287833 0.210690841 -0.598026156
vn -0.773287833 0.210690856 -0.598026156
vn -0.773287892 0.210690841 -0.598026216
vn 0.133930802 -0.366609782 -0.920684457
vn 0.133930802 -0.366609752 -0.920684457
vn 0.133930787 -0.366609782 -0.920684457
vn -0.00956627075 -0.477751166 -0.878443122
vn -0.128132939 0.478030652 -0.86894685
vn -0.128132939 0.478030652 -0.86894691
vn -0.128132924 0.478030592 -0.86894685
vn -0.000257891341 0.999999881 -3.51574454e-06
vn -0.996735811 -0.0606714152 0.0532601215
vn -0.996735871 -0.0606714226 0.0532601252
vn -0.996735871 -0.0606714189 0.0532601215
vn 0.134988979 0.81529057 -0.563098013
vn 0.134988964 0.81529057 -0.563097954
vn 0.941721439 0.282066137 -0.183301315
vn 0.941721499 0.282066137 -0.183301315
vn 0.0950544477 -0.812651694 -0.574945152
vn 0.0950544402 -0.812651634 -0.574945092
vn 0.0950544402 -0.812651634 -0.574945152
vn 0.9414711 -0.280750155 -0.186578423
vn 0.941471159 -0.280750155 -0.186578423
vn 0.941471159 -0.280750155 -0.186578438
vn 0.0723015442 0.856483161 -0.511086166
vn -0.738442242 -0.554697812 0.383423209
vn -0.738442183 -0.554697812 0.383423209
vn -0.738442242 -0.554697871 0.383423239
vn -0.741453946 0.556174636 0.37538749
vn -0.741454005 0.556174636 0.37538749
vn -0.031683214 0.99944222 -0.010554349
vn 0.0359366201 0.999329865 -0.00696482835
vn 0.0162346624 -0.999855995 -0.00494115241
vn -0.998165429 -0.050166782 -0.0338988006
vn 0.0230441447 0.978308976 0.205865309
vn 0.0493309535 0.98998934 0.132240117
vn 0.0588708408 0.992717683 0.105098449
vn 0.0104712425 0.970596075 0.240486085
vn -0.806310356 0.576237977 0.133466631
vn 0.112500593 0.960602164 0.25413999
vn 0.112500586 0.960602164 0.25413999
vn 0.733220041 0.66018337 0.162929997
vn 0.7332201 0.66018343 0.162930012
vn -0.803098261 -0.065273419 0.59226054
vn -0.803098202 -0.065273419 0.59226054
vn -0.771775484 -0.635550797 -0.020922916
vn -0.771775424 -0.635550797 -0.020922916
vn -0.771775544 -0.635550797 -0.020922916
vn 0.658022463 -0.557485938 0.506177723
vn 0.658022463 -0.557485998 0.506177723
vn 0.658022404 -0.557485998 0.506177723
vn -0.105446957 -0.99262017 -0.0598839559
vn -0.105446957 -0.99262017 -0.0598839596
vn -0.10544695 -0.992620111 -0.0598839484
vn -0.0934766307 -0.992867053 0.0740080327
vn -0.0934766307 -0.992867112 0.0740080401
vn -0.0934766307 -0.992866993 0.0740080327
vn 0.996115446 0.0816004127 -0.033094015
vn -0.0126352897 -0.999911904 -0.00408241525
vn -0.998924196 0.00642877771 -0.0459242538
vn -0.00567346765 -0.89506799 0.445893675
vn -0.0443745293 -0.840688705 0.539697528
vn 0.0122202625 -0.916175306 0.400591612
vn -0.0575162433 0.757304728 0.65052402
vn 0.0231883749 0.562135935 0.826719761
vn -0.08871793 0.819652736 0.565949142
vn -0.0602791533 -0.814824879 0.57656467
vn 0.998655915 -0.0107877618 -0.0506947339
vn -0.0879983827 -0.814917803 0.572857022
vn -0.0879983902 -0.814917862 0.572857082
vn -0.0879983902 -0.814917922 0.572857082
vn -0.13624002 0.897355437 0.41975221
vn -0.136240005 0.897355378 0.419752181
vn 0.136704654 -0.733352244 0.665962815
vn 0.136704668 -0.733352244 0.665962756
vn 0.136704654 -0.733352184 0.665962756
vn 0.0582727566 0.462474167 0.884715736
vn -0.124024138 0.492225617 0.861586928
vn -0.124024138 0.492225647 0.861586869
vn -0.12402413 0.492225647 0.861586928
vn 0.0890951604 -0.46756196 0.879458904
vn 0.00838043634 -0.224694014 0.974393368
vn 0.116428651 -0.54620254 0.829522312
vn 0.924240947 0.0220094454 0.381174624
vn 0.921030343 0.0241478104 0.388741463
vn 0.936672688 0.013251204 0.349955231
vn 0.938806355 0.0116610266 0.344247788
vn 0.000198346577 1 -5.3492281e-06
vn 0.000116696669 0.99999994 0.000226660908
vn 0.0647999793 0.436650217 0.897294641
vn 0.0647999793 0.436650246 0.897294641
vn 0.0647999719 0.436650187 0.897294581
vn 0.0641172752 -0.439246923 0.896075428
vn 0.0641172826 -0.439246982 0.896075487
vn 0.0641172752 -0.439246923 0.896075368
vn -0.0315463953 -0.0991280004 0.994574428
vn 0.0322118029 0.999411941 -0.0117539689
vn 0.937814236 0.0168937296 -0.346726269
vn -0.820363402 0.0446946882 0.570093095
vn -0.820363522 0.0446946919 0.570093155
vn -0.820363462 0.0446946919 0.570093155
vn 2.08409365e-05 1 0.000198605412
vn 0.000535080675 0.99999994 5.1329047e-05
vn -0.000402831938 0.999999821 0.000320527965
vn -0.00157234317 -0.00986619387 0.999950051
vn 0.283568799 -0.00689398078 0.958927035
vn 0.122890308 0.0143283317 0.992316842
vn 0.0659597814 0.0133054564 0.997733593
vn -2.19041467e-05 1 -0.00014228659
vn -0.000228239252 1 -9.66289663e-05
vn 7.4878968e-05 1 -4.53870161e-05
vn -0.291877598 -0.0155431964 0.956329405
vn -6.53845127e-05 0.99999994 0
vn 0.013097086 -0.999891043 -0.00680618454
vn 0.000182329095 -1 3.7054981e-06
vn -2.27248038e-05 -0.99999994 -9.98744799e-05
vn 6.1087987e-05 -1 7.23158737e-05
vn -3.44530986e-06 -1 3.71243186e-05
vn -0.000166933169 -0.99999994 1.71417705e-05
vn -4.81863681e-05 -1 6.13973825e-05
vn -0.83861953 -0.0163312107 -0.544472694
vn -0.849326015 -0.017698219 -0.527571857
vn 0.885482848 0.0175293367 -0.464341491
vn 0.12802431 0.0965131074 -0.987063825
vn 0.128024325 0.0965131074 -0.987063766
vn 0.128024325 0.0965131149 -0.987063766
vn 0.142989546 -0.0258301143 -0.989387095
vn 0.079057239 -0.04515668 -0.995846868
vn 0.33145681 0.0330315232 -0.942892015
vn 0.0587745197 -0.72767359 -0.683400691
vn 0.0587745272 -0.727673709 -0.68340075
vn 0.0587745197 -0.72767365 -0.683400691
vn 0.388413101 0.0514247417 -0.920049369
vn -0.838866234 -0.119918384 -0.530964315
vn -0.838866234 -0.119918399 -0.530964315
vn -0.838866234 -0.119918391 -0.530964315
vn -0.631308973 -0.654514372 -0.416004628
vn -0.631308973 -0.654514432 -0.416004658
vn -0.631308973 -0.654514432 -0.416004628
vn 0.013060634 -0.999869168 -0.00954876561
vn -0.0133790681 -0.99987781 -0.00808497053
vn -0.0626779944 0.997637093 -0.0281364992
vn -0.0298126452 0.999242485 -0.0250117388
vn 0.0388359427 0.998954713 -0.0241088644
vn 0.861357749 -0.0724022239 -0.502812862
vn 0.861357808 -0.0724022239 -0.502812862
vn 0.565864146 -0.756525755 -0.327820748
vn 0.565864205 -0.756525755 -0.327820748
vn 0.101541139 -0.693336964 0.71342361
vn 0.101541132 -0.693336964 0.71342361
vn 0.101541147 -0.693337023 0.713423669
vn 0.622121453 -0.68881011 0.372163177
vn 0.622121513 -0.68881011 0.372163206
vn 0.622121453 -0.68881005 0.372163177
vn -0.66604799 -0.684720993 0.295866668
vn -0.66604805 -0.684720993 0.295866668
vn -0.66604805 -0.684721053 0.295866698
vn -0.919843793 0.028845977 0.391222745
vn -0.93697387 0.0118671739 0.349197835
vn -0.912226558 0.0357609428 0.408122301
vn -4.97139183e-07 -1 6.99502998e-05
vn 0.85664171 0.0709231943 0.511013567
vn 0.85664171 0.0709231868 0.511013627
vn 0.856641769 0.0709231943 0.511013627
vn -0.000128663058 -1 3.98481752e-05
vn 0.84026289 -0.0365603045 0.540944993
vn 0.853210211 -0.0437767468 0.519726694
vn 0.791595459 -0.0116333673 0.610934615
vn 0.774220765 -0.0034129892 0.632906497
vn -0.942867041 0.0054521584 0.333124638
vn -0.844930351 0.11447946 0.52248168
vn -0.84493041 0.114479467 0.52248168
vn -0.844930351 0.114479467 0.52248162
vn 0.116282545 -0.0986197591 0.988307893
vn 0.116282552 -0.0986197591 0.988307834
vn -0.752893388 0.0372824892 -0.657085657
vn 0.809412658 -0.0218672827 -0.58683306
vn 0.0259562097 0.999366701 -0.0243446287
vn 0.722552121 0.0359005928 -0.690383554
vn -0.788605332 -0.0664061159 -0.611303449
vn -0.00895457994 -0.999924719 -0.0083857812
vn 0.800595522 0.0155885546 -0.599002361
vn 0.0101733012 -0.999895155 -0.0103095425
vn 0.697512805 -0.0469518416 -0.715032518
vn 0.643122435 0.11145436 -0.757609069
vn 0.643122435 0.111454368 -0.757609069
vn -0.640643656 -0.362036973 -0.677129924
vn -0.616908967 -0.534252524 -0.577925324
vn -0.642853439 -0.302235186 -0.703841925
vn 0.159347758 -0.165054604 -0.973326862
vn 0.159347773 -0.165054619 -0.973326862
vn 0.159347773 -0.165054619 -0.973326921
vn -0.668131173 -0.350998253 -0.656049609
vn -0.661329448 -0.475421458 -0.580187559
vn -0.66634649 -0.288525164 -0.687557697
vn 0.535920918 0.118851475 -0.83586067
vn 0.451117665 -0.0764290243 -0.889185786
vn 0.534636378 0.115423411 -0.837162673
vn 0.59250474 0.637887597 -0.491973102
vn 0.592504799 0.637887597 -0.491973132
vn 0.59250474 0.637887537 -0.491973132
vn 0.552850187 0.587075651 -0.591353476
vn 0.508459568 0.726729691 -0.4618797
vn 0.565328002 0.520953476 -0.639540374
vn -0.174655214 0.318630129 -0.931649327
vn -0.174655184 0.318630099 -0.931649208
vn -0.174655199 0.318630129 -0.931649268
vn -0.654625475 -0.522642732 -0.546177685
vn -0.602723718 -0.589663565 -0.537606776
vn -0.521855116 0.707495093 -0.476568699
vn -0.272621483 0.90050143 -0.33878395
vn -0.332260698 0.865984917 -0.373728573
vn -0.571259141 0.650364876 -0.500688076
vn 0.389042288 0.522339642 -0.758819759
vn 0.4550969 -0.757739305 -0.467672795
vn 0.23443906 -0.912515044 -0.335193545
vn 0.299225122 -0.877025247 -0.375886977
vn 0.497138649 -0.715632379 -0.490635872
vn 0.485880166 0.773697317 -0.406586885
vn -0.16596216 0.982131243 -0.0887404978
vn -0.204325572 0.962484717 -0.178533256
vn -0.225037321 0.947221637 -0.228318587
vn 0.591781795 0.295890182 -0.749828815
vn 0.41492635 -0.823484838 -0.386922121
vn 0.270845801 -0.905988038 -0.325312525
vn 0.316763848 -0.88327986 -0.345655203
vn 0.457893401 -0.791945517 -0.403925717
vn -0.341577291 -0.576365948 -0.742379487
vn -0.341577232 -0.576365948 -0.742379427
vn -0.341577262 -0.576365948 -0.742379487
vn -0.88918829 -0.0764262527 -0.451113194
vn -0.837166429 0.115418345 -0.53463167
vn -0.835864723 0.118845381 -0.535915911
vn -0.749834478 0.295880884 -0.591779351
vn 0.742385626 -0.576352775 -0.341585904
vn 0.742385685 -0.576352835 -0.341585934
vn 0.931650281 0.318628252 -0.174653411
vn 0.931650281 0.318628281 -0.174653426
vn -0.973330975 -0.165027574 -0.159351155
vn -0.973330915 -0.165027574 -0.15935114
vn -0.758823812 0.522328794 -0.389048755
vn -0.758823872 0.522328854 -0.389048785
vn -0.147493556 0.987967968 -0.0465302579
vn 0.000140566277 -1 0.00011666373
vn 0.000235293264 -0.99999994 0.00032648968
vn 0.00010723163 -1 -1.25912557e-05
vn 3.17654417e-06 -1 -5.24288316e-06
vn -1.02642225e-05 -1 1.69731411e-05
vn -9.8183591e-05 -1 0.000109755463
vn -9.95351947e-05 -1 3.01645268e-05
vn -0.000206598852 -0.999999881 0.000349657697
vn -0.0068094884 -0.999952078 -0.00704406202
vn 0.00973162148 -0.999863744 -0.0133314664
vn -0.0287163053 0.998888969 -0.0373670049
vn 0.0292932242 0.998614371 -0.0437173247
vn 0.345716625 -0.883250177 0.316779077
vn 0.387067914 -0.823344231 0.415069491
vn 0.32534495 -0.905980885 0.27083081
vn -0.317987919 0.912370026 0.257807523
vn -0.420693129 0.780220926 0.46289596
vn -0.274926096 0.944772243 0.178384557
vn -0.373748064 0.865975857 0.332262367
vn -0.476608366 0.707421124 0.521919429
vn -0.338791698 0.900505602 0.272598177
vn 0.335204035 -0.912506282 0.23445794
vn 0.335204035 -0.912506282 0.234457955
vn 0.335204035 -0.912506223 0.234457925
vn 0.40411526 -0.791718602 0.458118439
vn -0.452771932 0.713971496 0.534080803
vn 0.462031394 0.726567924 0.508552909
vn 0.639530778 0.52093786 0.565352917
vn 0.591404855 0.586982191 0.552894413
vn 0.406865209 0.773454547 0.486033589
vn -0.500715256 0.65030098 0.571307957
vn 0.569229186 -0.487855822 0.661796689
vn 0.569229186 -0.487855852 0.661796689
vn 0.569229126 -0.487855822 0.661796689
vn -0.537579358 -0.589691222 0.602720976
vn -0.577958405 -0.53419584 0.616926908
vn -0.67713654 -0.362012953 0.640650332
vn -0.703851223 -0.302201837 0.642858863
vn -0.548809052 -0.572740376 0.608914733
vn -0.707244456 -0.287792355 0.645740628
vn -0.672192335 -0.36749208 0.642734051
vn -0.497493178 -0.637361586 0.58844769
vn 0.76200527 0.113639422 0.637521923
vn 0.76200527 0.113639414 0.637521863
vn 0.76200527 0.113639407 0.637521803
vn -0.727598429 -0.0115981717 -0.685905099
vn -0.696696639 -0.0439387448 -0.716019034
vn -0.504609644 -0.019900348 -0.863118231
vn 0.516292989 -0.0126810921 -0.856318116
vn 0.695394576 -0.0320624448 -0.717912555
vn 0.722037077 -0.00802833494 -0.691807687
vn -0.7039904 -0.00970413443 -0.710143209
vn 0.708581865 -0.0087120505 -0.70557487
vn -0.730531812 0.00702518318 -0.682842612
vn -0.681831777 -0.0858044475 -0.726459205
vn -0.468754798 -0.0165402293 -0.883173466
vn -0.00660454296 -0.999935865 -0.00919520576
vn 0.662129164 0.00902850647 -0.749335289
vn 0.786012471 -0.0641889796 -0.614869237
vn -0.494160682 0.0382294469 -0.868529618
vn -0.673404276 0.20940426 -0.708996892
vn 0.679080606 0.135702312 -0.721411347
vn 0.480631143 -0.0333887264 -0.876287043
vn -0.0121634807 0.999436915 -0.0312710367
vn -0.0134071298 0.999378145 -0.0326139852
vn 0.651990592 -0.00826583523 -0.758181989
vn 0.00569610531 -0.999910235 -0.0121338367
vn -0.646573365 -0.0030423 -0.762845755
vn -0.652982116 -0.000277054874 -0.757373214
vn -0.00517284591 -0.999840856 -0.0170759968
vn 0.128024384 0.0965129584 -0.987063885
vn 0.128024369 0.0965129435 -0.987063766
vn 0.142990306 -0.0258293059 -0.989386976
vn 0.0790586174 -0.0451557301 -0.995846748
vn 0.33145529 0.0330317467 -0.942892492
vn 0.0587754175 -0.727674484 -0.683399856
vn 0.0587754138 -0.727674425 -0.683399796
vn 0.388411045 0.0514248237 -0.920050204
vn -0.411331952 0.0126322489 -0.911398172
vn 0.00919631496 0.999498844 -0.0302910991
vn 0.307122022 0.0230790656 -0.951390266
vn 0.352852404 0.00100708241 -0.935678482
vn -0.838866591 -0.119918533 -0.53096354
vn -0.838866591 -0.119918533 -0.5309636
vn -0.838866591 -0.11991854 -0.53096354
vn -0.631310046 -0.654513419 -0.416004598
vn -0.631310046 -0.654513419 -0.416004568
vn 0.00454346323 0.999455631 -0.0326764062
vn 0.861357868 -0.0724023506 -0.502812684
vn 0.861357808 -0.0724023506 -0.502812684
vn 0.565864563 -0.756525457 -0.327820808
vn 0.565864563 -0.756525397 -0.327820808
vn 0.565864623 -0.756525457 -0.327820837
vn 0.186654612 0.279135436 -0.941936016
vn 0.186654612 0.279135406 -0.941936016
vn 0.183389053 -0.28056848 -0.942151666
vn 0.183389068 -0.28056851 -0.942151725
vn 0.183389038 -0.28056848 -0.942151606
vn 0.1541695 0.275848001 -0.948756993
vn 0.218831867 0.0636612847 -0.973683596
vn 0.216478199 0.0721260756 -0.97361958
vn 0.270562768 -0.142610177 -0.952080965
vn 0.101541378 -0.693338513 0.71342206
vn 0.101541385 -0.693338513 0.71342206
vn 0.622121036 -0.688809991 0.372164071
vn 0.622121036 -0.688809991 0.3721641
vn 0.622121096 -0.68881005 0.37216413
vn -0.666048229 -0.684721172 0.295865744
vn -0.666048288 -0.684721231 0.295865744
vn -0.666048288 -0.684721172 0.295865774
vn 0.575646818 0.812472165 -0.092302233
vn 0.575646877 0.812472165 -0.0923022255
vn 0.575646818 0.812472165 -0.0923022255
vn -0.501949608 0.861574233 0.0757397115
vn -0.501949549 0.861574173 0.0757397041
vn -0.501949549 0.861574173 0.0757397115
vn -0.893040955 0.444439918 -0.0703629553
vn -0.893041015 0.444439977 -0.0703629628
vn 0.930929065 0.355425388 0.0839279145
vn 0.930929065 0.355425358 0.0839279145
vn 0.930929005 0.355425388 0.0839279145
vn -0.900779486 -0.433367252 -0.0280921981
vn -0.892686486 -0.450150877 -0.0217961557
vn -0.902620077 -0.429421723 -0.0295616407
vn -0.890577197 -0.454383582 -0.0201966148
vn 0.304847926 -0.952389777 -0.00462905923
vn 0.500454903 -0.86267662 -0.0730338544
vn 0.566594601 -0.818210065 -0.0974827707
vn 0.215395913 -0.976205528 0.0250458587
vn 0.24102807 0.970104098 0.0283466242
vn 0.296169907 0.955088198 0.00947712176
vn 0.436359167 0.898864031 -0.0404267944
vn 0.48641184 0.871735454 -0.0589991584
vn -0.938556552 0.344468325 -0.0212878883
vn -0.940902412 0.337812424 -0.024196459
vn -0.931318641 0.363983899 -0.0127014294
vn -0.928889334 0.37022385 -0.00993732177
vn 0.930321097 -0.366563767 -0.0115612745
vn 0.898993671 -0.437483728 0.0204548016
vn 0.883767426 -0.466688544 0.0340159461
vn 0.940897405 -0.337826878 -0.0241909958
vn -0.505864799 -0.860058188 -0.0663381591
vn -0.307896286 -0.951404512 0.00541670993
vn -0.557904601 -0.825401723 -0.0863393769
vn -0.241038084 -0.970101535 0.0283493772
vn -0.919843853 0.0288454667 0.391222626
vn -0.936972857 0.0118677989 0.349200517
vn -0.912227213 0.0357599631 0.408121169
vn 0.000237962435 -1 0.000162489683
vn 0.856641531 0.0709233731 0.511013806
vn 0.856641591 0.0709233657 0.511013806
vn 0.856641591 0.0709233731 0.511013806
vn -0.000220118352 -0.99999994 0.000237768341
vn 0.840262532 -0.0365605429 0.54094559
vn 0.853209436 -0.0437768102 0.519727886
vn 0.791596293 -0.0116341822 0.610933661
vn 0.774222016 -0.00341404229 0.632904768
vn -0.942865729 0.0054532541 0.333128482
vn 0.00444638962 -0.99982059 -0.0184110347
vn -0.844930768 0.11447949 0.522481024
vn -0.844930768 0.114479497 0.522481084
vn 0.116283037 -0.0986195132 0.988307893
vn 0.116283037 -0.0986195058 0.988307774
vn 0.116283052 -0.0986195207 0.988307893
vn -0.00206597894 0.999544501 -0.0301091969
vn -0.00258713146 0.999544978 -0.0300527532
vn 0.00147645245 -0.999798536 -0.0200145319
vn -0.00711161643 -0.999512553 -0.0303975642
vn -0.135793433 -0.0236451421 -0.990455031
vn 0.187504575 -0.0330809057 -0.9817065
vn -0.0985923037 0.0158021469 -0.995002449
vn -0.245013967 -0.0955753475 -0.964797139
vn -0.230477914 -0.126285911 -0.964848101
vn 0.136201993 0.00341408583 -0.990675211
vn 0.185800627 -0.0401269011 -0.981767774
vn -0.0245067049 0.00236212579 -0.999696851
vn 0.00980996434 -0.0215508677 -0.99971962
vn 0.080477342 -0.00845752843 -0.996720552
vn 0.0482101552 0.0197341274 -0.998642206
vn -0.59104687 -0.420570403 -0.688319862
vn -0.59104681 -0.420570403 -0.688319802
vn -0.59104681 -0.420570374 -0.688319802
vn -0.0608095713 0.0481629893 -0.996986747
vn 0.0259802714 0.0324333385 -0.99913615
vn -0.0303316172 0.0134127159 -0.999449909
vn -0.0357216559 0.0266006272 -0.999007702
vn -0.0585162826 0.0162286833 -0.998154521
vn 0.00795128103 -0.00606491044 -0.999950051
vn 1.2249634e-06 -1 4.30147054e-07
vn 7.52828782e-06 -1 2.26084831e-06
vn 1.85839644e-06 -1 0
vn -1.32771902e-05 -1 3.86518013e-06
vn -1.3608892e-06 -1 4.4348576e-07
vn -2.11193014e-06 -1 0
vn -0.0281884894 0.0130026676 0.999518037
vn -0.357342988 -0.00320043461 0.933967769
vn -0.0109713683 -0.00147517386 0.999938726
vn 0.31210959 -0.00385871506 0.950038254
vn 2.80508993e-06 -1 1.19340064e-06
vn 0.380792648 0.00675501581 0.924635828
vn -5.56789132e-07 1 2.17279216e-06
vn 9.61026331e-07 1 -3.31347883e-06
vn -3.04212449e-07 1 5.35813388e-06
vn -0.421934277 0.00344768912 0.906619847
vn -6.60306978e-06 -1 2.35666175e-06
vn 5.8446625e-07 1 3.90396417e-06
vn -5.49654885e-07 -1 4.5244829e-07
vn -0.764002204 -0.00138383801 0.645212114
vn -0.769629598 -0.00141170667 0.638489008
vn 4.92966706e-07 -1 5.11126643e-07
vn 0.693793178 -0.00540208071 0.720154107
vn -1.72509522e-06 1 4.10101876e-07
vn 0.71546191 0.000421926496 0.698651552
vn 5.14989733e-06 1 -1.53058079e-06
vn 0 1 0
vn 6.17802982e-07 -1 1.82391588e-07
vn 6.58963586e-07 -1 2.51867675e-07
vn 0.933776915 -0.00449582562 0.357827008
vn -3.90191917e-06 1 -3.74640786e-06
vn 0.919724166 0.00302750524 0.392553449
vn -6.86214833e-07 -1 1.66134754e-07
vn -0.980599761 0.00821956806 0.195848644
vn -0.970412374 -0.00266708154 0.241438508
vn 0 0.99999994 0
vn 0.999782503 0.00449582888 -0.0203653742
vn -6.89576723e-07 -1 -1.41418511e-07
vn -6.17752335e-07 -1 -1.81120967e-07
vn -0.978829622 -0.00917433854 -0.20447138
vn 7.02059708e-07 -1 -4.27173319e-08
vn 0.998323619 -0.00302751712 -0.0577988699
vn 4.09941913e-06 1 2.61559671e-06
vn -0.337399334 -0.0107386084 -0.941300392
vn -0.481286794 0.00259537133 -0.876559317
vn 0.0500386432 0.00493845204 -0.998735011
vn 0.289031744 0.00997991115 -0.957267523
vn -0.756642401 -0.0108224824 -0.653739393
vn 0.745428383 -0.0174556617 -0.6663571
vn 0.745428443 -0.0174556635 -0.66635716
vn -0.959470034 0.00963679235 -0.281645566
vn -0.978556097 -0.00686425017 -0.205865622
vn 0.95946914 0.00963689759 0.281648785
vn 0.978555322 -0.00686419103 0.205869615
vn 0.983437598 0.0120447483 -0.180846944
vn -2.80481981e-06 -1 -1.19125377e-06
vn -0.983436763 0.0120449178 0.180851266
vn -0.951549053 0.0091742659 -0.307360411
vn 0.756639123 -0.0108224582 0.653743207
vn -5.27687598e-06 1 2.11327983e-06
vn 6.48598302e-07 -1 -2.81472154e-07
vn -5.31665762e-07 -1 -4.67872837e-07
vn -0.745429814 -0.0174554102 0.666355431
vn -0.745429873 -0.0174554121 0.666355491
vn -0.745429873 -0.0174554121 0.666355431
vn 1.67015924e-06 1 -7.49476783e-07
vn 0.000203963573 0.999999344 0.00119185366
vn 5.09532413e-07 -1 -5.05793253e-07
vn 6.60444084e-06 -0.99999994 -2.35802031e-06
vn 0.481281459 0.0025955739 0.876562357
vn -1.21629319e-06 -1 -4.349383e-07
vn 0.337394267 -0.0107386727 0.94130224
vn -0.00594012393 0.999974489 0.00396372005
vn 1.36902759e-06 -1 -4.3935259e-07
vn -0.000452447188 0.999979734 0.00634274771
vn 0.0068128542 0.999975085 0.00184550311
vn 1.32776286e-05 -1 -3.86531201e-06
vn -0.0500382371 0.00493848929 0.99873507
vn -7.52832148e-06 -0.99999994 -2.26087377e-06
vn -0.289022297 0.00997997727 0.957270324
vn -1.85838894e-06 -1 0
vn 2.11193878e-06 -1 0
vn 0.915087879 -0.000202542084 -0.40325433
vn 0.900803566 0.00518828584 -0.434195936
vn -0.75018698 -0.0120681887 -0.661115587
vn -0.732378364 0.003027478 -0.680891216
vn 0.710067272 -0.00734844431 -0.704095602
vn 0.635999084 0.00857784227 -0.771642089
vn -0.450391203 0.00474799424 -0.892818749
vn -0.324100137 -0.007720639 -0.945991218
vn 0.33679685 -0.00140175968 -0.941576242
vn 0.256792337 0.00604963256 -0.966447711
vn -0.104009435 0.00719367154 -0.994550288
vn 0.0156480577 0.00294704689 -0.999873281
vn 0.0317576267 0.741577744 0.670114875
vn -0.00288471719 0.703855097 0.710337758
vn -0.102977023 0.577896237 0.8095873
vn 0.357040197 -0.923001647 -0.143492743
vn 0.297950953 -0.94938755 -0.0994413123
vn 0.175395131 -0.984444201 -0.0103044743
vn 0.99999994 0.000316195103 0.000211026811
vn 0.999999881 0.000316195103 0.000211026796
vn 0.455505222 -0.862945795 -0.218722448
vn -0.214522332 -0.968115926 0.129351079
vn -0.387867242 -0.916971028 0.0933981314
vn -0.274443179 -0.947802246 0.162332341
vn -0.316604018 -0.947836995 0.0369714499
vn -0.998677433 -0.0497601815 -0.0129313515
vn -0.998879313 -0.0424978659 -0.0208355878
vn -0.99355346 -0.110290505 0.0262225512
vn 0.999110281 -0.0243724547 -0.0344195776
vn 0.999137461 -0.0244238432 -0.0335848145
vn 0.998168111 -0.0603755005 -0.00389439729
vn 0.122340627 0.825803339 0.550528407
vn 0.105709076 0.77165556 0.627194881
vn 0.105709076 0.77165544 0.627194881
vn 0.105709076 0.7716555 0.627194881
vn -0.104647517 -0.77414 0.624304533
vn -0.104647517 -0.774139941 0.624304533
vn 0.101148173 -0.580429137 0.808004379
vn 0.101148173 -0.580429196 0.80800432
vn 0.101148173 -0.580429196 0.808004379
vn -0.256465614 -0.908098638 0.331032038
vn -0.256465614 -0.908098698 0.331032068
vn -0.256465614 -0.908098698 0.331032038
vn 0.99828577 0.0515419953 -0.027732309
vn 0.993097782 0.114977553 0.0231748875
vn 0.998335361 0.0501902662 -0.0284161121
vn -0.997911036 0.0406559557 -0.0502055474
vn -0.997871578 0.0324183814 -0.0565806925
vn -0.997107148 0.0751083121 -0.0116621982
vn 0.282949507 0.938635767 0.197236493
vn 0.222758666 0.96170342 0.159703329
vn 0.384855717 0.916757345 0.106967919
vn 0.319181412 0.946514428 0.0472611301
vn -0.364710808 0.91466707 -0.174270719
vn -0.501390278 0.813038945 -0.295931607
vn -0.336708844 0.929568827 -0.150096193
vn -0.171612054 0.985095561 -0.011665374
vn 0.0504547358 0.0439071245 0.997760713
vn -0.00183493295 0.160571381 0.987022579
vn -0.00412487611 0.0165030248 0.99985534
vn -0.0685316026 -0.0233663935 0.99737525
vn 0.036324136 -0.0374638699 0.998637617
vn -0.0794656873 0.0516966544 0.995496154
vn 0.0911690146 -0.00410228595 0.99582696
vn -0.248689979 0.0584774241 0.966816187
vn 0.227138996 0.0144311339 0.973755479
vn 0.131040916 0.138847351 0.981605649
vn -0.11500445 0.169202402 0.978848517
vn -0.233870789 -0.0285132602 0.971849442
vn 0.182233199 -0.542513549 0.82004267
vn 0.18223317 -0.542513549 0.82004261
vn 0.182233199 -0.542513609 0.820042729
vn 0.0534530208 0.0474959165 0.997440159
vn 0.0384576544 -0.0189287346 0.999080956
vn 0.0488023944 0.0521456636 0.997446418
vn -0.0930614397 -0.113255948 0.989197969
vn -0.0294347852 -0.990001142 0.13795422
vn -0.028354831 -0.990724444 0.132895216
vn 0.127899125 0.18815884 0.973775148
vn -0.0726938322 0.13150911 0.98864603
vn -0.056787841 0.16922541 0.983940005
vn 0.112418756 0.106513314 0.987935722
vn -0.04075424 0.0216470864 0.998934746
vn -0.0583487526 -0.055375725 0.996759176
vn 0.768967986 0.639232159 -0.00838994607
vn 0.749806762 0.661508143 -0.0140254796
vn 0.746902704 0.664767146 -0.0148616666
vn -0.839109421 0.543892622 -0.00873209815
vn -0.774629056 0.632286966 0.0127715785
vn -0.830142617 0.557523608 -0.00552753918
vn -0.764344156 0.644612134 0.0159176309
vn 0.772137821 0.635411561 -0.00743692787
vn -0.125540435 -0.210388854 0.969523609
vn 0.117945015 0.034164045 0.992432296
vn 0.757656157 -0.652531922 0.0126271518
vn 0.745796204 -0.666099548 0.00996707845
vn 0.642019153 -0.766603529 -0.0114229862
vn 0.628286779 -0.777855158 -0.0140414294
vn 0.117477201 0.107309133 0.987260818
vn 0.0993699506 0.15015763 0.983655632
vn -0.431071818 0.485966742 0.760271966
vn -0.431071788 0.485966712 0.760271847
vn -0.431071848 0.485966742 0.760271966
vn -0.552820683 -0.833265007 0.00766460644
vn -0.55606705 -0.831095874 0.00831100158
vn -0.553213656 -0.833003402 0.00774277328
vn -0.556405663 -0.830868483 0.0083785234
vn 0.0365941115 0.977971852 0.20550406
vn -0.0110322377 -0.00409241393 0.999930799
vn 0.0804574937 -0.0593757369 0.994988024
vn 0.388263851 0.121214524 0.913541496
vn 0.317027211 0.274338394 0.907872379
vn 0.151447773 0.404914409 0.901724935
vn 0.0505616032 0.392980605 0.918155611
vn -0.082319282 -0.0560633242 0.99502784
vn -0.294301778 0.281529456 0.913305938
vn -0.171711177 0.407917798 0.896726489
vn -0.172879428 -0.0924494863 0.980594575
vn -0.0096462639 -0.0274256598 0.999577224
vn 0.025841048 0.177513376 0.983779073
vn -0.0758495405 0.565424621 0.821304977
vn -0.0758495331 0.565424621 0.821304917
vn -0.0758495331 0.565424621 0.821304977
vn -0.0228894688 -0.0359444395 0.999091625
vn 0.0484787598 0.276996642 0.959647179
vn -0.0237180013 -0.040676944 0.998890817
vn 0.0364838243 -0.0465659946 0.998248816
vn 0.489166498 -0.0205462053 0.871948361
vn -0.510831833 -0.012715688 0.859586537
vn -0.00184314197 -0.0364137739 0.999334991
vn -0.000610119139 -0.0017671847 0.999998331
vn 0.0567784458 -0.0758321434 0.99550271
vn 0.169513524 -0.082057327 0.982105732
vn -0.303339094 -0.102641456 0.947338402
vn -0.0388188958 -0.0969198197 -0.99453491
vn -0.0577362552 -0.0111243566 -0.998269916
vn 0.0254500918 0.00341308187 -0.999670267
vn -0.128060311 -0.0786977932 0.988639057
vn 0.0569740869 -0.128854573 -0.990025461
vn 0.135451406 -0.0653447732 -0.988626838
vn 0.119967654 0.0330961905 -0.992225945
vn -0.508931041 0.135349259 0.850099862
vn -0.439796537 0.303065449 0.845417321
vn -0.102030233 0.583610475 0.805598319
vn -0.182983354 -0.0486553162 -0.981911182
vn -0.202615336 -0.223516092 -0.95340848
vn 0.0204149988 -0.270976126 -0.962369502
vn -0.0284606926 0.0486271903 -0.998411417
vn 0.0319094099 0.0457047261 -0.998445213
vn 0.292116076 -0.052981019 -0.954914212
vn 0.445076734 -0.0996404737 0.889931679
vn 0.132486433 0.068293862 -0.988829255
vn -0.136509731 0.0399122909 -0.989834368
vn -0.246644899 -0.108765766 0.962983072
vn -0.370183378 0.0165656917 -0.928811014
vn 0.305931658 0.025576245 -0.951709926
vn 0.214826912 -0.240104184 -0.946678102
vn 0.643291235 0.17538099 0.745263577
vn 0.548695862 0.37661463 0.746387482
vn 0.354058832 0.559800565 0.749176681
vn 0.131680027 0.661799073 0.738025963
vn -0.0216544941 -0.0747423247 0.996967673
vn -0.17696321 -0.0992935598 0.979196072
vn 0.134009466 -0.0990270227 0.98601979
vn -0.381881744 -0.122857444 -0.916008949
vn -0.110942453 -0.342505008 -0.932942748
vn -0.380676448 0.610254109 0.694748402
vn -0.505211353 -0.129827529 0.853174269
vn -0.200606808 -0.0934565365 0.975203991
vn 0.112789109 -0.10527505 0.988026142
vn 0.14416872 -0.0961621702 0.984869599
vn 0.19864811 -0.0961479098 0.975343287
vn 0.355220973 -0.144537106 0.923540592
vn 0.0069216406 0.999937713 -0.00875392742
vn 4.3550077e-05 0.999996841 -0.00252649467
vn 0.0063275951 0.999946296 -0.00821608584
vn 0.013236274 0.999807656 -0.0144710159
vn -0.999533176 -0.00194190512 -0.0304885004
vn -0.999550462 -0.00313765532 -0.0298173968
vn -0.999566376 -0.00438900385 -0.0291150231
vn -0.999580085 -0.00561593706 -0.0284262914
vn 0.635897398 -0.771330953 0.0261325389
vn 0.635897458 -0.771331072 0.0261325408
vn 0.635897398 -0.771331012 0.0261325389
vn 0.0280819815 0.038734477 -0.998854876
vn 0.0806759521 0.0183817558 -0.996570826
vn -0.0968332067 0.0683512092 -0.992950916
vn -0.0390692465 0.0488390997 -0.998042226
vn 0.615707278 -0.0800715387 -0.783896089
vn 0.469986647 -0.212694675 -0.85666424
vn 0.362130225 -0.40772894 -0.838223636
vn 0.169388458 -0.485213459 -0.857831776
vn -0.0690089911 -0.553853989 -0.829749107
vn 0.995735884 0.00721453177 -0.0919673294
vn 0.997281611 -0.0637878403 -0.0368832611
vn 0.997658312 -0.04477074 -0.0517054237
vn 0.993308067 -0.115438037 0.00362939457
vn -0.000869011099 -0.999999106 -0.00105141965
vn -0.00198243116 -0.999994218 -0.00277236034
vn -0.00281632761 -0.999995649 -0.000916776538
vn -0.000341178995 -1 0.000149960455
vn -0.000548816635 -0.999999881 0.000123112753
vn 1.45739143e-09 -0.999996901 -0.0024776971
vn -0.241658017 -0.0849295631 0.966637671
vn 0.0554657914 0.0739145204 -0.995720923
vn 0.798995912 0.00270413375 0.601330459
vn -0.797666252 0.112498231 0.5925138
vn -0.818296134 0.00508787762 0.574774325
vn -0.0791008398 0.0758242682 -0.993978679
vn -0.375495702 0.0538831726 -0.925256491
vn -0.720423162 0.284983218 0.632277668
vn -0.629022062 0.456992745 0.62887907
vn 0.624332845 0.00515354285 -0.7811414
vn -0.771924078 -0.10398151 0.627153218
vn 0.187929362 0.101234712 -0.976951361
vn -0.100749999 0.0793131515 -0.991745353
vn 0.249318138 0.0510330833 -0.967076004
vn -0.472385794 -0.328795731 -0.817768335
vn -0.618273318 -0.126233593 -0.775759637
vn -0.327799469 -0.50387609 -0.799159765
vn 0.993114412 -0.117088728 -0.00374215143
vn 0.993114412 -0.11708872 -0.00374215143
vn 0.993114352 -0.117088713 -0.0037421512
vn 0.216444999 0.973980546 -0.0671820641
vn 0.146128774 0.988225281 -0.0453570858
vn 0.0467477068 0.998798013 -0.0147318151
vn 0.000249087607 0.99999994 -0.000426634477
vn -0.0392866805 0.9990381 0.019478282
vn -0.0692871585 0.997202814 0.0280350279
vn -0.0646302104 0.997282267 0.0353705026
vn 0.999864161 -0.016099399 0.00351513037
vn 0.999840617 -0.016034998 0.00785288401
vn 0.999819398 -0.0159992874 0.0102493912
vn 0.195102006 0.101208463 -0.975547016
vn 0.199534208 0.0830925405 -0.976361394
vn 0.208606511 0.0829116106 -0.974478841
vn 0.0337858498 -0.999410987 -0.00601037405
vn 0.0859343782 -0.996284485 -0.00570331002
vn 0.0223196503 -0.999682009 -0.011734494
vn -0.132105708 -0.990777671 -0.0301257279
vn -0.0904952362 -0.99585557 -0.00906809513
vn -0.0886774063 -0.995929718 -0.016131578
vn -0.0220501926 -0.999751747 0.00319668488
vn -0.200596496 0.123777643 -0.971823156
vn -0.0258196183 0.999590755 0.0123163844
vn 0.00153331016 0.999996781 -0.00202503358
vn -0.0507128984 -0.998621643 -0.0135272602
vn -0.189250663 0.0951994956 -0.977303088
vn 0.482071996 0.136921838 -0.865366399
vn 0.00144575466 -0.999998748 -0.00044904754
vn -0.407067269 -0.0962497145 0.908312857
vn 0.340153337 -0.114818677 0.933333993
vn 0.894906342 0.156469941 0.417923272
vn 0.844968557 0.340616375 0.412321031
vn 0.752235591 0.52867943 0.393242717
vn 0.591103256 0.683787227 0.427822322
vn 0.393398523 0.821089387 0.413581759
vn 0.190659776 0.891737044 0.410431445
vn -0.144849852 0.836624205 0.528278828
vn 0.77518487 -0.112421542 0.621650934
vn 0.451491892 0.045985572 -0.891089439
vn -0.898431003 -0.421366334 -0.123580366
vn -0.898430943 -0.421366304 -0.123580351
vn -0.898431003 -0.421366304 -0.123580351
vn 0.78230679 -0.622778296 -0.0119759478
vn 0.793765962 -0.607806504 -0.0225146748
vn 0.803617716 -0.594292879 -0.0318512656
vn -0.67222327 -0.00117213535 -0.740347564
vn 0.770694554 -0.637202621 -0.00161791907
vn 0.300262779 0.159628704 -0.940404713
vn -0.363494217 0.158585981 -0.917999089
vn -0.570913851 -0.817438245 0.0764977187
vn -0.570913911 -0.817438304 0.0764977261
vn 0.13294588 0.990231812 -0.0420260876
vn -0.000653546012 0.999998868 -0.0012984809
vn 0.0399877243 0.999108851 -0.0135094179
vn 0.16438745 0.985028803 -0.0519138314
vn 0.999865472 -0.0161055308 0.00310098566
vn 0.00687024277 0.999963164 0.00515184784
vn 0.006119492 0.999960542 0.00644289283
vn 0.00287470571 0.999991179 0.00309172948
vn 0.00295605999 0.999984324 0.00477065099
vn 0.000600282976 0.999996006 -0.0027553516
vn 0.209925488 -0.111059889 0.971389174
vn 0.847524405 0.530708075 0.00716725178
vn 0.866550326 0.498623192 0.0215737727
vn 0.855059028 0.518373787 0.0127521064
vn 0.872529268 0.487852216 0.0263239034
vn -0.782255292 -0.619756818 0.0630732179
vn -0.782255352 -0.619756818 0.0630732179
vn -0.998633087 -0.0521029085 0.00416925736
vn -0.998632967 -0.0521028936 0.00416925643
vn -0.998633087 -0.052102901 0.00416925689
vn 0.802670181 -0.282065809 -0.525508881
vn 0.671940625 -0.442612529 -0.593792796
vn 0.569073617 -0.599204242 -0.563124776
vn 0.4165802 -0.7294873 -0.542502701
vn 0.220174596 -0.796911597 -0.562543273
vn -0.027440777 -0.754134774 -0.656146049
vn -0.00207216456 -0.999997437 -0.000848519558
vn 0.117572442 -0.992344141 -0.0378134511
vn 0.0370819978 -0.999219596 -0.0136113213
vn 0.16500105 -0.984906554 -0.0522871576
vn 0.000439360039 -0.999999881 -0.000394967064
vn 0.00027513114 -0.999999821 -0.000316194346
vn 0.000478000438 -0.999999702 -0.000557135732
vn -0.673930466 -0.153001472 0.722778261
vn 0.421496034 -0.906483233 -0.025083892
vn 0.448539972 -0.89256072 0.0463380963
vn 0.0819312111 -0.99536556 -0.0503469035
vn 0.00536660524 0.999971032 -0.00540399039
vn 0.0608399212 0.0547857322 -0.996642888
vn 0.178377584 0.0911450908 -0.979731619
vn -0.871391594 0.477242947 0.113647789
vn -0.871391535 0.477242947 0.113647781
vn -0.871391594 0.477242917 0.113647781
vn -0.241794065 -0.107311405 0.964375377
vn -0.520905852 0.849721313 -0.0814297721
vn -0.520905852 0.849721372 -0.0814297721
vn -0.520905852 0.849721313 -0.0814297646
vn -0.00172483921 -0.999995351 -0.00249474379
vn -0.568175733 0.664465308 0.485450625
vn -0.00193332182 0.999995708 -0.00224684412
vn 0.000568595657 0.999986172 -0.00521959085
vn -0.000259748282 -0.999999762 -0.000650731206
vn 0.603221178 -0.795791984 0.0532869808
vn -0.40227592 -0.915337026 -0.0182307456
vn -0.524313331 -0.847419322 -0.0835227445
vn -0.460993439 -0.88604635 -0.0490597971
vn -0.329648137 -0.94392103 0.0185797065
vn 0.598973334 -0.154726908 0.785678446
vn -0.741292536 0.0752493814 -0.666950464
vn -0.304709345 -0.10393893 0.946757019
vn 0.235640123 -0.108135693 0.965805531
vn 0.128290653 0.991721094 0.00555198453
vn 0.181389347 0.983075738 0.0256925449
vn 0.0444365442 0.998674572 -0.0259690341
vn -0.429345846 0.144139633 -0.891563714
vn -0.00808310043 0.998929918 -0.04553679
vn -0.57019943 0.156192362 -0.806521297
vn -0.378359586 0.140166774 -0.914984882
vn 0.000188268925 -1 -0.000119805314
vn -0.160411984 0.0851903781 -0.983366907
vn -0.0787183344 0.0959731415 -0.992266357
vn -0.173063129 0.0850313082 -0.981233418
vn -0.0877669081 0.108911023 -0.990169346
vn 0.0354131013 0.102763392 -0.994075239
vn 0.136208281 0.0873726904 -0.986819804
vn 0.16429624 0.115537062 -0.979621291
vn 0.785780191 -0.617369413 -0.0374745913
vn -0.659707367 -0.448071122 -0.603339374
vn -0.858516216 -0.196588024 -0.473606437
vn -0.526171565 -0.693264186 -0.492471516
vn -0.271771312 -0.745379984 -0.608727276
vn -0.584291399 -0.120849028 0.80249548
vn 0.0749759525 0.995738029 0.0537058264
vn 0.195222005 0.980440259 0.0250054188
vn 0.400465548 0.915922165 -0.0267177876
vn -0.023897035 -0.118954375 0.992612064
vn 0.511225164 0.857600451 -0.0563043095
vn 0.000824824383 0.999995232 -0.00295910984
vn 0.97965318 0.20055832 0.00748697715
vn 0.947329938 0.313728809 0.0643432587
vn 0.994901538 0.0892613754 -0.0469402932
vn -0.97786808 -0.187384427 0.0930645019
vn -0.97786814 -0.187384441 0.0930645168
vn -0.97786814 -0.187384441 0.0930645093
vn -0.913640976 0.40008083 -0.0720790103
vn -0.816696763 0.576911092 0.0134231569
vn -0.873101592 0.486493766 -0.0318979472
vn -0.745054066 0.664190471 0.0612013191
vn 0.261066705 -0.0929021388 0.960839987
vn 0.911819458 0.396416366 0.106954902
vn 0.550660491 0.140917331 -0.822748601
vn 0.502225041 0.159201518 -0.849955797
vn 0.00438748486 -0.999988019 0.00216058712
vn 0.737455726 0.05746774 -0.672946095
vn 0.251034528 0.110083632 -0.961698115
vn 0.700654328 0.712902665 0.0292131845
vn 0.700654328 0.712902665 0.0292131826
vn 0.700654328 0.712902606 0.0292131826
vn -0.999506593 0.0172270928 -0.0262631197
vn -0.999506652 0.0172270946 -0.0262631215
vn -0.999506652 0.0172270946 -0.0262631197
vn -9.19095473e-05 0.996974647 -0.0777284279
vn -9.19095401e-05 0.996974528 -0.0777284205
vn -9.19095328e-05 0.996974528 -0.0777284279
vn 0.921651065 0.386830211 -0.0303588528
vn 0.748930097 0.662355483 0.0197181329
vn 0.785693347 0.614459574 0.0715914294
vn -0.645086944 0.764062583 -0.00844416209
vn -0.799070418 0.601229906 0.00299759558
vn -0.627690971 0.77846092 0.00162495091
vn 0.58585155 0.808298111 0.0585842058
vn -0.00159224565 0.999990106 -0.0041433135
vn -0.00871533155 0.999957025 0.00317033799
vn -0.154891953 0.104707077 -0.982366979
vn -0.807418942 -0.589409947 0.0258952864
vn -0.77929908 -0.624544322 0.0513549931
vn -0.829228103 -0.558152437 0.0290985927
vn -0.810295343 0.585999489 -0.00510262139
vn 0.153365985 0.101576462 -0.982934952
vn 0.4182266 -0.904069841 -0.0880015492
vn 0.0379857197 -0.998225093 -0.045866292
vn 0.385963798 -0.918617547 -0.0846976042
vn 9.51721813e-05 -0.999146044 -0.0413177535
vn -0.428584307 0.903437018 -0.0108195869
vn -0.401042938 0.916054487 0.00295888819
vn -0.654840052 0.179738626 -0.734083474
vn -0.953340352 0.164440796 0.25318265
vn -0.875160396 0.347741783 0.336407274
vn -0.779111862 0.54713279 0.305990934
vn -0.412620902 0.837135315 0.359093726
vn 0.297580749 0.954638422 -0.010548804
vn 0.430682719 0.902353406 0.0164561756
vn 0.643452227 0.19079107 -0.741328418
vn -0.955897152 -0.290789425 -0.0412546322
vn -0.96779412 -0.247418284 -0.0464615189
vn -0.981937528 0.167021126 -0.0888963416
vn -0.975785613 0.198624969 -0.0916005448
vn 0.752184689 -0.658651412 0.0199135765
vn 0.922516346 -0.38477847 -0.0301523749
vn 0.78164959 -0.61988461 0.069043912
vn 0.905204535 -0.100732297 -0.41286543
vn 0.063795045 -0.911515296 -0.406288147
vn 0.0162125211 0.99890238 -0.0439470038
vn -0.683321595 -0.728753686 0.0446066745
vn -0.00332535827 0.999984801 -0.00439992268
vn 0.00353002013 0.999971032 -0.00674380222
vn 0.224365115 0.107723415 -0.96853292
vn 0.476307631 -0.876645863 0.0679940358
vn -0.799030602 0.155620173 -0.580803216
vn -0.00201846822 -0.999996901 0.00150521926
vn 0.00487878919 -0.999981046 0.00375949685
vn 0.312856793 0.113842063 -0.94295311
vn -0.276238561 0.0936864689 -0.956511974
vn 0.612233579 0.790273845 0.0252421685
vn 0.612233639 0.790273964 0.0252421722
vn 0.612233579 0.790273964 0.0252421703
vn -0.000270009827 0.95309025 0.302686036
vn 0.954597533 0.290385813 -0.0664807931
vn 0.954597473 0.290385783 -0.0664807856
vn -0.904005766 -0.00638498925 -0.427472532
vn 0.89990133 -0.0245434325 -0.435402274
vn -0.563822865 0.825830996 -0.0103486823
vn -0.589850247 0.807063401 -0.0269314032
vn -0.605975807 0.7946015 -0.0374415889
vn 0.183280855 -0.0787529573 0.979901075
vn -0.215528727 0.111089803 -0.970157981
vn -0.518254519 -0.852803648 0.0643302724
vn -0.0285169147 0.999119759 -0.0307642259
vn 0.000608298869 0.999999642 0.000381626305
vn -0.00213597389 0.99999404 -0.00271647773
vn -0.178019449 -0.0741418302 0.981229901
vn 0.00101762475 -0.999999523 -0.000136620249
vn 9.1653259e-05 -0.99999994 0.000138064876
vn -7.60936309e-05 -1 0.000119140801
vn -0.0355827734 0.998454213 -0.0426968522
vn 0.00626400905 0.999978721 0.0018132336
vn 0.00024936744 0.999997616 0.00217885943
vn 0.00529607851 0.999981403 0.00301382109
vn -0.308840871 0.120920666 -0.943395674
vn 0.917464018 0.0369900241 -0.396095276
vn -0.936036944 0.0683392063 -0.345202088
vn -0.543910027 0.839140952 0.00204144511
vn -0.770624638 -0.5113433 -0.380349398
vn -0.257708311 -0.893233836 -0.368401468
vn -0.320429444 0.11977122 -0.939669967
vn -0.297653705 -0.954633832 0.00874353107
vn 0.220898762 -0.975281894 0.00539311394
vn 0.345062941 0.106029764 -0.932571292
vn 0.274894387 -0.0523002744 0.960050881
vn 0.971287906 -0.00049424835 0.237906858
vn -0.971241236 0.00687891617 0.237998337
vn 0.290597975 0.125558555 -0.948571503
vn -0.181253701 -0.982840538 0.0342286676
vn -0.280970424 0.110483468 -0.953335643
vn -0.293138891 -0.955542088 0.0317638218
vn 0.840358078 0.541949213 -0.00945306197
vn 0.664902329 0.745802581 -0.0410277471
vn 0.699142098 0.714965165 -0.00500560785
vn 0.767288744 0.64012146 0.0388902351
vn 0.873446405 0.148097321 -0.463851959
vn 0.00720784953 -0.999974072 -5.8544385e-05
vn -0.324227482 -0.945946574 -0.0078444453
vn -0.00270112744 -0.999846339 -0.0173190627
vn -0.948581815 -0.0951559544 0.301890403
vn -0.883419931 -0.148597673 0.444396287
vn 0.0202264227 -0.455982 0.889759123
vn 0.471381903 0.14431411 -0.870041668
vn -4.31631743e-05 0.99999994 7.72342391e-05
vn -1.02003705e-05 0.99999994 0.000104453204
vn -4.43008466e-05 1 0.00011211518
vn 0.947525322 -0.0931487679 0.3058092
vn 0.439492792 -0.106408574 0.891921043
vn 3.14138742e-05 -1 0.00011870639
vn -3.24445064e-05 -1 -0.000197530593
vn -5.35053841e-05 -0.99999994 0.000247824122
vn -0.177086636 0.0783938244 -0.981068134
vn 0.000895921839 0.100611418 -0.99492538
vn 0.0869424343 0.0757572278 -0.993328691
vn -0.844807684 0.528018236 0.0865843445
vn -0.829114676 0.555422008 0.0638367161
vn -0.917928934 0.396476388 0.0145967975
vn 0.00145044492 -0.999998868 -0.00032580574
vn -0.630215406 0.147871003 -0.762209117
vn -0.000135024922 -1 6.68292414e-05
vn 3.12685443e-05 -1 0.000203778545
vn 0.55029732 -0.834711611 -0.0207213238
vn 0.686637342 -0.726682305 0.021490844
vn 0.681032956 -0.730439305 0.0515034124
vn -0.712332308 -0.70181489 0.00620830664
vn -1.56975893e-05 0.99999994 9.53437193e-05
vn 0.327114135 0.127356365 -0.936363518
vn -0.721741378 -0.692144096 0.00511032576
vn 0.358540863 0.115173481 -0.926381946
vn -0.611355424 0.767016172 0.194758087
vn -0.276008099 0.933416784 0.229243875
vn -3.70506968e-05 1 -0.000105492829
vn 0.995407939 -0.0437583216 0.085136801
vn 0.977677226 -0.122415982 0.17076762
vn 0.991957068 -0.0651759356 0.108504497
vn -0.985693097 0.0839501023 -0.146155596
vn -0.985693038 0.0839501023 -0.146155596
vn 0.999570787 0.0287193265 0.00577970035
vn -1.4659206e-06 -0.999999881 -0.000202631025
vn -0.678496361 -0.730576277 0.0768180117
vn -0.784762442 -0.577832341 0.224182263
vn -0.708723366 -0.696191251 0.114144661
vn -0.54667449 -0.834979951 -0.062891826
vn 0.53202343 -0.837779045 -0.122790292
vn 0.53202343 -0.837778986 -0.122790284
vn -0.354718655 0.128855899 -0.926051259
vn -0.156476736 0.092746824 -0.983317375
vn -0.236519322 0.0949954465 -0.966971815
vn 5.77453393e-05 -1 -0.000216759523
vn 0.197327539 0.0850925148 -0.976637661
vn 0.219868526 0.0842651427 -0.971883357
vn 0.157007769 0.104762778 -0.982025087
vn 0.371109039 0.0885353535 -0.924359024
vn -0.793582022 0.597858489 0.113105334
vn -0.00108009484 0.999991298 -0.00403204979
vn 0.751409709 -0.657741785 0.0525286235
vn 0.789634347 -0.613534093 0.00731756585
vn -0.195399269 -0.467979878 0.861866474
vn -0.306255251 -0.0627092645 0.949881732
vn 0.214904711 -0.340848297 0.915225863
vn 0.343981922 -0.0787960663 0.935664296
vn -0.876364946 -0.478904426 -0.051330965
vn -0.803099394 -0.592120707 -0.0665163547
vn -0.529208958 0.140650764 -0.836752832
vn -0.693554282 0.71390152 0.0965766758
vn 0.830845475 0.555398524 0.035046231
vn 0.874125898 -0.144202277 0.463799268
vn -0.771735013 0.585375965 0.248515651
vn -0.649541736 0.756075323 0.0802850425
vn -0.706284463 0.691600025 0.151167825
vn -0.505484164 0.859958589 -0.0704066083
vn 0.447214037 0.87811631 0.1700335
vn 0.493661702 0.864819407 0.0915730223
vn 0.544072092 0.839028656 -0.00403008796
vn -0.0467735305 -0.881551564 0.469765067
vn 0.18706207 -0.968286574 0.165616423
vn 0.187062085 -0.968286633 0.165616453
vn 0.164956927 -0.958021104 0.234488279
vn 0.164956927 -0.958021104 0.234488264
vn 0.164956927 -0.958021164 0.234488249
vn 0.951845229 0.306103051 -0.0170770101
vn -0.903844297 -0.419742167 -0.0829574168
vn 0.381701916 0.884248555 0.269087672
vn 0.925819278 0.0702276453 -0.371384859
vn -0.899918199 0.140446782 -0.4128218
vn -0.502288938 -0.837480426 -0.215249687
vn -0.502288938 -0.837480426 -0.215249702
vn -0.502288938 -0.837480426 -0.215249717
vn 0.103799418 -0.879637063 0.464181393
vn 0.547334611 -0.771009803 -0.325528473
vn 0.547334611 -0.771009743 -0.325528443
vn 0.547334611 -0.771009803 -0.325528443
vn -0.000108523156 1 -0.000191719446
vn 0.000130302869 1 -5.41560185e-05
vn 0.822103024 -0.547288775 -0.156913176
vn 0.666896164 -0.710242927 -0.225398153
vn 0.308050841 -0.930543721 -0.197972327
vn -0.819596231 0.196757689 -0.538096964
vn -0.00246274052 0.999989629 -0.003825458
vn 0.869632721 0.194166169 -0.453914613
vn 5.85476073e-06 -1 -3.566956e-05
vn -0.424061567 0.0922604054 -0.900921643
vn -0.309976995 0.093361631 -0.946148872
vn -0.000203161122 -1 -2.67905161e-05
vn 0.311093301 0.106795698 -0.944359899
vn 0.689861417 0.166924432 -0.704434216
vn 0.702320457 0.153892592 -0.695027292
vn -0.919608533 0.107909955 -0.377724051
vn 0.000872981676 -0.999999523 0.000518818968
vn 0.265485048 0.941864908 0.205932632
vn 0.414225936 0.906645536 -0.0800672695
vn 0.296981901 0.942810297 0.151362166
vn 0.464554101 0.862747014 -0.199642614
vn -0.49174279 0.842055619 -0.22165592
vn -0.49174279 0.842055559 -0.22165592
vn -0.721427321 -0.403633237 0.562692523
vn -0.721427321 -0.403633267 0.562692523
vn -0.583486199 0.657069683 0.477287292
vn -0.583486199 0.657069683 0.477287322
vn -0.911581814 0.0359127931 -0.409547269
vn -0.911581814 0.0359127894 -0.40954724
vn 0.400121689 -0.612969875 0.681300581
vn 0.276209265 -0.123571754 0.95312047
vn 0.872554243 0.486829132 0.0405783318
vn 0.85926187 0.51055789 0.0316163749
vn 0.82577765 0.563476026 0.0242084544
vn -0.13739641 0.0852978379 -0.986836672
vn -0.878037214 0.478137761 0.0208565537
vn -0.915866673 0.399161428 0.043108318
vn -0.899657905 0.434600592 0.0416903049
vn -0.920779705 -0.333041102 -0.203096583
vn -0.816036642 -0.549313486 -0.179830641
vn -0.701338232 -0.697670102 -0.146222934
vn -0.486140877 -0.85024786 -0.201855451
vn -0.29953745 -0.946808457 -0.117605522
vn -0.00782026257 -0.990296483 -0.138750851
vn 0.367928118 -0.541864336 0.755653262
vn -0.983642519 -0.152681381 -0.0955802202
vn -0.932600379 -0.352015555 -0.0796347484
vn -0.865777671 -0.493238389 -0.0845283568
vn -0.0685148165 0.977142334 -0.201242402
vn 0.0309695974 0.96736747 -0.251477808
vn -0.0274137165 0.994614244 -0.0999546722
vn -0.00636918377 -0.999179959 0.0399870016
vn -0.873299778 0.486681968 0.0220928788
vn -0.859825492 0.51058507 -0.00171246997
vn 0.883894801 0.466108829 0.0383756496
vn 0.887880147 0.458960593 0.0319995619
vn 0.814878464 -0.0651092902 0.575963318
vn 0.814878464 -0.0651092976 0.575963318
vn 0.814878523 -0.0651092902 0.575963318
vn -0.385115653 -0.349699914 0.854046822
vn -0.193679571 -0.884221673 0.425017923
vn 0.992893338 0.11172194 -0.0409987345
vn 0.992893338 0.11172194 -0.0409987383
vn 0.992893457 0.111721948 -0.0409987383
vn -0.154061362 0.11748293 -0.981051862
vn -0.0785660073 0.969216168 -0.233340025
vn 0.155320719 0.122591421 -0.980227947
vn 0.049519252 0.951426566 -0.303867459
vn 0.0185247473 -0.999204218 -0.0353222415
vn -0.2222348 -0.961373985 -0.162394091
vn 0.00760719366 -0.999687195 -0.023823712
vn 0.968445718 0.174193054 0.178240627
vn 0.820134938 0.33951503 -0.460552037
vn 0.820752084 0.545766234 0.168834642
vn 0.632439256 0.64498812 -0.428964943
vn 0.539545894 0.823249638 0.176494792
vn 0.345155388 0.825181425 -0.44715029
vn 0.259803623 0.940615892 -0.218503878
vn 0.0666234493 0.88543129 -0.459970295
vn -0.844197989 -0.532193661 -0.0640284345
vn -0.783550978 -0.110240221 0.611469388
vn -0.328464478 0.0738735721 -0.941622913
vn -0.061511755 0.145056695 -0.987509429
vn -0.0129208108 0.054094702 -0.998452187
vn -0.262126535 0.0787341297 -0.961816251
vn -0.098346144 -0.991087794 -0.089850232
vn 0.183770239 0.0912610367 -0.978723645
vn 0.29426983 0.0793002322 -0.952426791
vn 0.0205817726 -0.999006808 -0.0395185091
vn 0.0192246418 -0.998604178 0.0491965972
vn 0.984322727 0.0147464219 -0.175759062
vn 0.94328618 -0.264988035 -0.199981585
vn -0.962477207 -0.0526170544 -0.266212821
vn -0.422756106 -0.0693327338 0.903587401
vn -0.473985225 0.88030535 -0.0200157389
vn -0.476413876 0.878928959 -0.022665726
vn -0.476661831 0.878787458 -0.0229367577
vn -0.478702873 0.877616048 -0.0251701176
vn 0.463434875 0.886005402 -0.0149142975
vn 0.454656601 0.890645862 -0.00610092096
vn 0.463746458 0.885837018 -0.0152285499
vn 0.470807225 0.881952286 -0.0223781578
vn -0.857937038 -0.51200968 -0.0423112698
vn 0.737517238 -0.672268808 -0.0642102286
vn 0.880258679 -0.470674425 -0.0600863434
vn 0.85811305 -0.513089418 -0.019527277
vn -0.934947371 0.326349825 0.139173463
vn -0.736242414 0.66073072 -0.146225601
vn -0.423254222 0.888093889 -0.179290831
vn -0.0842809454 0.984784722 0.151972324
vn 0.798481107 -0.601715744 0.019133646
vn 0.646559119 -0.0915487781 0.757350743
vn -0.505098701 -0.483169466 0.715138197
vn 0.935576499 0.173111945 -0.307780892
vn 0.565832496 -0.823112667 -0.0481559448
vn -0.923721015 0.154745102 -0.350419044
vn 0.000556769723 -0.000396833522 0.999999702
vn 0.000492010615 -0.000151226574 0.99999994
vn 0.000324102817 0.000141992874 0.999999881
vn 4.78673683e-05 -0.000129457869 1
vn -7.41759941e-05 -0.000222510556 1
vn -0.000122357655 0.000123638893 1
vn -3.67244343e-06 0.000237603555 1
vn -0.000294035766 0.000280260225 0.999999881
vn -0.000358094898 0.000304938498 0.999999881
vn 0.00059266336 8.40321954e-05 0.999999762
vn 0.000710624678 -0.000152766588 0.999999821
vn 0.00046750484 -0.000218427958 0.999999881
vn -6.35759716e-05 0.000244617171 0.99999994
vn -0.194960967 0.980333269 -0.0306072459
vn -0.00864796434 0.994928718 0.100209504
vn -0.258878082 0.962850511 -0.0768174231
vn -0.408703744 0.89304924 -0.188213497
vn 0.0277805049 0.986349285 0.162306041
vn 0.0277805086 0.986349344 0.162306055
vn 0.0277805049 0.986349285 0.162306055
vn -0.733243942 0.663326085 -0.149505034
vn -0.733244002 0.663326144 -0.149505049
vn -0.733244002 0.663326085 -0.149505034
vn 0.72196126 0.679308832 -0.131572783
vn 0.990254939 0.0110736461 0.138825402
vn 0.990254939 0.0110736452 0.138825402
vn 0.990254998 0.0110736461 0.138825402
vn -0.990254164 -0.0110951541 0.138828754
vn -0.990254283 -0.011095155 0.138828769
vn -0.990254283 -0.011095156 0.138828769
vn 0.000547168602 -0.000576236693 0.999999762
vn 0.998028576 0.0536964014 -0.0324932486
vn 0.993070185 -0.0426465645 -0.109511629
vn 0.989401996 -0.0670174137 -0.12881124
vn 0.971825361 -0.142264143 -0.187926412
vn -0.99059695 -0.0532988086 0.126003876
vn -0.99059689 -0.0532988086 0.126003876
vn 0.000167333128 7.40279575e-05 1
vn 2.0991858e-05 0.000244559458 0.999999881
vn -0.721966267 -0.679302454 -0.131578267
vn -0.721966326 -0.679302454 -0.131578267
vn -0.661957145 -0.717683434 -0.216202244
vn -0.661957026 -0.717683375 -0.216202244
vn -0.661957026 -0.717683375 -0.216202214
vn 0.733280838 -0.66328764 -0.149494514
vn 0.733280897 -0.66328764 -0.149494529
vn 0.733280957 -0.663287699 -0.149494544
vn 2.15795899e-05 0.0001864769 1
vn 0.000539298926 -0.000861857727 0.999999523
vn -0.0277752038 -0.986348093 0.162314504
vn -0.0277752019 -0.986348093 0.162314504
vn 0.00856720284 -0.984865606 0.17310819
vn 0.00856720377 -0.984865606 0.173108205
vn -0.000222442803 0.000421498378 0.999999881
vn -0.000830719306 -0.000484310673 0.999999523
vn -0.000489063154 0.000717389456 0.999999583
vn -0.000248035096 0.000643932319 0.999999702
vn -0.000167894832 0.000434489659 0.999999821
vn -0.000988689484 0.00102552131 0.999999046
vn -0.000899371051 -0.0011375607 0.999998927
vn -0.00475098565 -0.00298470538 0.999984205
vn -0.00354413455 0.000157719172 0.999993742
vn 0.000201985604 -0.000193857632 0.99999994
vn -0.194960922 0.980333269 -0.0306071807
vn -0.00864788331 0.994928777 0.100209512
vn -0.258878082 0.96285063 -0.0768173635
vn -0.408703595 0.893049359 -0.188213289
vn 0.226396382 0.973990262 0.00935018621
vn 0.209577456 0.97779119 -0.00129135489
vn 0.18768537 0.982113719 -0.0150611363
vn 0.24785997 0.968522549 0.0230110735
vn -4.58413997e-05 -0.000921606319 0.999999642
vn 0.999526441 -0.00102588336 0.0307559799
vn 0.999543846 0.0274062399 0.0126872342
vn 0.997271121 0.0721177161 -0.0157963838
vn -0.000263318099 -0.000730506261 0.999999702
vn -0.967039287 0.254438072 -0.00981290545
vn -0.956788719 0.290356815 0.0157520417
vn -0.971611321 0.235444769 -0.0231754761
vn -0.978622854 0.200027257 -0.047815185
vn -0.000196817055 -0.00075388205 0.999999702
vn 0.997320533 -0.0443187654 0.0582031608
vn -0.00070999423 0.000117795214 0.999999702
vn -0.00109049992 -9.49348687e-05 0.999999404
vn 0.993070245 -0.0426459722 -0.109511472
vn 0.971825361 -0.142263845 -0.187926486
vn 0.989402056 -0.0670168847 -0.128811106
vn 0.998028398 0.0536972731 -0.0324928463
vn -0.99059689 -0.0532984808 0.12600401
vn -0.99059689 -0.0532984771 0.126003996
vn -0.99059689 -0.0532984845 0.12600401
vn -0.661956728 -0.717683673 -0.216202408
vn -0.661956668 -0.717683613 -0.216202408
vn -0.000163553093 -0.0011142724 0.999999404
vn -0.0011663019 0.00038394201 0.999999225
vn -0.160856381 -0.986976981 0.00128421793
vn -0.226309419 -0.972632825 0.0526260138
vn -0.140758827 -0.989940584 -0.0143044014
vn -0.0742696673 -0.995097399 -0.0653086975
vn 0.00856719539 -0.984865606 0.17310819
vn 0.97206676 0.0652282983 -0.225458369
vn -0.887561917 0.44885397 -0.103750013
vn -0.887561917 0.44885394 -0.103750005
vn -0.887561917 0.448853999 -0.103750013
vn 0.972183287 0.0781040415 -0.220815524
vn -0.41113627 0.110614598 -0.904837847
vn 0.0363424197 -0.748444974 -0.662200332
vn 0.0438807867 -0.725344896 -0.686985672
vn 0.035612449 -0.7506271 -0.659765661
vn 9.60082834e-05 1 0.000125070495
vn 0.000213503357 1 0.000174991612
vn 0.466633677 0.0966462865 -0.879154384
vn -0.300570697 0.0746714249 -0.95083195
vn 0.0716648623 0.020228466 -0.997223616
vn 0.0731853917 -0.475703597 -0.876555741
vn 0.0731853917 -0.475703597 -0.8765558
vn 0.0731853917 -0.475703627 -0.8765558
vn -0.0731849372 0.475700736 -0.87655741
vn -0.0731849372 0.475700766 -0.87655741
vn -0.0731849372 0.475700736 -0.87655735
vn 0.479191035 -0.870419443 -0.112897649
vn -0.834757686 0.136442572 -0.533444643
vn -0.480887026 0.876768589 0.00496576121
vn -0.666654944 0.745290101 0.0106653394
vn -0.489509434 0.871828914 0.017171802
vn -0.669366062 0.742602587 0.0221487693
vn 0.466346592 0.884598255 -0.00257948134
vn 0.469355375 0.882941902 -0.0109249931
vn 0.471600831 0.881643891 -0.017223008
vn -0.0924662575 0.462432384 -0.881819844
vn -0.092466265 0.462432384 -0.881819785
vn -0.092466265 0.462432414 -0.881819844
vn 0.0444911532 -0.723429024 -0.688963711
vn -0.929491997 0.0644853339 0.363161296
vn -0.960853696 0.0484069288 0.272794634
vn -0.999026656 0.00782203302 0.0434118733
vn -1 -0.000164115074 0.000153968067
vn -0.999999821 0.000398029253 -0.000281134096
vn -1 0.000167150341 2.18275818e-05
vn -1 -2.5067439e-07 -3.36878628e-07
vn 0 -1.93836925e-07 1
vn 0 -1.93836939e-07 1
vn 1 1.67394001e-06 -1.65166849e-08
vn 1 0.00014644966 5.58895263e-05
vn 0.999746442 0.00806958973 0.0210218132
vn 1 0.000128023195 -0.000156942129
vn 0.996718109 0.0118362587 0.0800804198
vn 0.989689112 -0.0160290115 0.142331973
vn 0.99999994 3.8898969e-07 5.21088623e-07
vn -0.99999994 -0.000189360231 -3.27362577e-05
vn -1 -7.55206711e-05 -2.88616066e-05
vn -1 -0.000126900442 7.14135967e-05
vn -0.999727368 -0.0225875303 0.00592154451
vn -0.963326037 -0.259562492 0.0680468678
vn -0.959315598 0.0619663671 -0.275451899
vn -0.999821603 0.00426978106 -0.0184025578
vn 0 0 1
vn 0.99999994 2.27811412e-07 3.09092854e-07
vn 1 0.000137073948 1.91218896e-05
vn 0.999999881 0.000253502047 -0.00024821586
vn 0.999999881 0.000362732186 -0.000219826572
vn 0.999817252 0.00395878917 -0.0187042821
vn 0.958976269 0.0599346012 -0.277078032
vn -1 -1.51920367e-05 -2.40286226e-06
vn -1 2.8046054e-07 3.80766949e-07
vn -0.99999994 -0.000393337687 0.0002113316
vn -0.999999106 -0.000219098612 0.00132873165
vn -0.99999994 -0.000485226628 -0.0002773132
vn -0.984270096 -0.0708756596 0.161830902
vn -0.999552786 -0.011509018 0.0276012775
vn 0.999996006 -0.00281632924 -3.52733441e-05
vn 0.999999881 -9.69943139e-05 0.00041340178
vn 0.999999821 -0.000569568307 0.000489830156
vn 0.999999464 -0.000623842643 -0.000826338772
vn 0.999999821 -0.000439752941 -6.63194878e-05
vn 0.999999821 -0.000664682186 0.000141162149
vn 0.99999404 0.000150998574 0.00345263816
vn 0.999998391 0.0014316499 0.0011623489
vn -1 -0.000164505764 3.30945368e-05
vn -1 -7.37839582e-05 -9.98821197e-05
vn -0.999972284 0.00105579989 0.00737960311
vn -0.994597435 0.00247845589 0.103777759
vn -0.996901274 0.0089129433 0.0781567097
vn -0.999997258 7.69618491e-05 0.0023305018
vn -0.999999702 -7.13124318e-05 -0.00080312544
vn 8.46000532e-08 -1.28010356e-07 1
vn 2.05974629e-06 3.2587451e-08 1
vn 0 -1.33046086e-07 1
vn 4.02346814e-07 5.32507102e-07 1
vn 0.999999821 -0.000304740679 -0.000412618421
vn 0.999999106 -0.00132127455 4.19328644e-05
vn 0.999999762 -0.000531149795 0.000316884514
vn 0.99999994 -2.34973086e-05 -0.000222300747
vn 0.999996245 -0.000115107119 0.00273118191
vn 0.999869287 0.00412486074 -0.0156280063
vn 0.976946533 0.0501790792 -0.20750308
vn 0 -0.99999994 0
vn -0.99999994 0.000227979705 -0.000147483413
vn -1 -0.000174192624 -5.15700194e-05
vn -1 0.000141455166 -0.000136724761
vn -0.999999762 0.000621440297 -1.23453274e-05
vn -1 0.00014366956 0.000193536805
vn -0.958984077 0.0599867553 -0.277039945
vn -0.999822915 0.00394225121 -0.0184029788
vn 0.999511898 0.0307388101 0.00556736114
vn 1 0.000116331059 4.44964498e-05
vn 0.999998212 0.00180863822 0.00058929139
vn 1 0.000159360206 -9.50673711e-05
vn 0.998253882 0.0179081913 0.0562886149
vn 0.999829531 0.00323121832 0.018178327
vn 0.961137176 0.0755511299 -0.265532434
vn 0.99812758 -0.016384013 -0.0589307696
vn 3.607515e-07 -1 -3.60680565e-06
vn -0.929647982 0.0644960701 0.362760067
vn -0.961479425 0.0481165722 0.270633101
vn -0.999017358 0.007562696 0.0436692573
vn -1 -0.000123749473 -0.000257160893
vn -1 6.33550299e-05 7.92786068e-06
vn -0.999998987 2.90405624e-05 0.00142544834
vn -1 3.77479722e-07 5.0731245e-07
vn 0 -1.93836911e-07 0.99999994
vn 0 -1.93836911e-07 1
vn 1 -0.000175780631 -2.18125861e-05
vn 0.999999821 -0.000600263244 0.000157213493
vn 0.999738574 0.00898299832 0.0210270006
vn 0.997625411 0.0124912402 0.0677307248
vn 0.990031779 -0.0199278872 0.139427125
vn 1 -5.18870763e-07 -6.95046197e-07
vn 0.99999994 -0.000365042069 -6.12263102e-05
vn 0.999999344 0.00114397961 0.00027535038
vn 0.999999881 2.29698053e-05 -0.00033961708
vn 0.999999583 0.00069566007 -0.000608473434
vn 0.999999225 0.000809316058 -0.000897308171
vn 0.0117490552 0.000155709902 0.999930859
vn 0.0117490552 0.000155709902 0.999930978
vn 0.0117490552 0.000155709917 0.999930978
vn 0.999999106 0.0013833961 0
vn 0.979396522 -0.064871639 0.191243589
vn 0.00028737582 -1 -0.000112137561
vn 0.979369283 -0.0665258989 0.190814421
vn 0.0321196578 0.999481559 0.00221669441
vn -0.89638412 0.15655373 0.41471234
vn -0.94005084 0.121041097 0.318831295
vn -0.994697869 0.038190309 0.0954868868
vn -0.999973714 2.29089037e-05 -0.00725695863
vn 0.0429287851 0.00357692502 0.999071717
vn 0.0429287925 0.00357692526 0.999071777
vn 0.0429287851 0.00357692526 0.999071777
vn -0.000282047549 0.999999404 0.000997228781
vn 0.983374536 0.0619256087 0.170703515
vn 0.971407831 0.0809503645 0.223189905
vn 0.99854219 0.0184380803 0.0507297218
vn 1 4.91654355e-05 -1.10383894e-06
vn -0.93869853 0.116719507 0.324378908
vn -1 -3.98540215e-05 4.01904399e-05
vn -0.994259179 0.036193002 0.100691237
vn -0.897205174 0.149533391 0.415526867
vn 0 -4.65658559e-07 0.99999994
vn 0 -4.65658587e-07 1
vn 0.983448088 0.0620155856 0.170247331
vn 0.971612275 0.0809673592 0.222292185
vn 0.998541951 0.0184888281 0.0507159531
vn 1 1.90716983e-05 -4.6397472e-06
vn -0.902013242 0.150335655 0.40468663
vn -0.94157207 0.117289342 0.315729678
vn -0.99418813 0.0374899507 0.100918718
vn -1 -5.04293303e-06 -1.3575007e-05
vn 0 -4.65662055e-07 0.99999994
vn 0 -4.65662055e-07 1
vn 0.996705294 0.0628695637 0.0512449816
vn 0.985823452 0.0159652568 0.16702503
vn 0.996545792 0.0830451697 0.000425479433
vn -0.896408379 0.139206007 0.420801491
vn -0.936509669 0.107134417 0.333873928
vn -0.990476668 0.0337649435 0.133477062
vn -0.999351501 -0.0016794675 0.0359676704
vn -0.971277237 -0.0956480876 0.2178808
vn 0.999998093 0.00193475024 -7.83434331e-08
vn -0.993767977 -0.00114635727 0.111462645
vn 0 6.49404626e-07 1
vn 0.00750016328 -0.999971151 0.00119547616
vn 0.00372737739 -0.999916732 0.0123567265
vn 0.000760526804 -0.999984622 0.00548022613
vn 0.1159909 -0.992741823 0.0317770652
vn -0.00292110024 -0.999995232 0.000956831151
vn 0.975736141 -0.00547773065 0.218880996
vn -0.00519745983 -0.999966264 0.0063623949
vn -0.927590549 -0.205319405 0.312121212
vn -0.927590549 -0.20531942 0.312121212
vn -4.03723516e-06 1 9.50936101e-06
vn 0.927591026 -0.205318719 0.312120199
vn 0.927590966 -0.205318719 0.312120199
vn 0.927591026 -0.205318704 0.312120169
vn 0 8.24579729e-07 1
vn 0 8.24579729e-07 0.99999994
vn -0.927590072 -0.205320761 0.312121749
vn -0.927590132 -0.20532079 0.312121809
vn -0.927590132 -0.20532079 0.312121779
vn 0.927590072 -0.205320761 0.312121779
vn 0.927590072 -0.205320761 0.312121749
vn 0.927590132 -0.20532079 0.312121779
vn 0 8.24587289e-07 1
vn 0 8.24587232e-07 0.99999994
vn -0.066503346 0.997535229 0.0223774593
vn -0.92759037 -0.205320463 0.312121272
vn -0.927590311 -0.205320448 0.312121272
vn -0.927590251 -0.205320448 0.312121272
vn 0.000940912694 0.999999046 0.000996807241
vn 0.92759037 -0.205319688 0.31212166
vn 0.92759037 -0.205319673 0.31212166
vn 0 8.24587232e-07 1
vn 0 8.24587175e-07 0.99999994
vn 0 8.24587119e-07 0.99999994
vn 0 0.999994814 0.00321946805
vn -0.978340805 -0.113761738 0.172937632
vn -0.946177244 -0.17786853 0.270391107
vn -0.873004019 -0.268033743 0.407457918
vn -0.0777689591 0.0175162777 0.996817529
vn -0.0777689591 0.0175162777 0.996817589
vn -0.0777689517 0.0175162759 0.99681747
vn 0.996885478 0.042493619 -0.0664356276
vn 0.996885419 0.042493619 -0.0664356276
vn 0.996885419 0.042493619 -0.0664356351
vn -0.927589238 0.205321357 -0.312124223
vn -0.927589178 0.205321372 -0.312124223
vn -0.927589178 0.205321342 -0.312124193
vn 0.927589178 0.205321372 -0.312124223
vn 0.927589238 0.205321357 -0.312124223
vn 0.927589178 0.205321342 -0.312124193
vn -0.927589476 0.20532155 -0.312122941
vn -0.927589536 0.20532155 -0.312122941
vn 0.927589536 0.20532155 -0.312122941
vn 0.927589476 0.20532155 -0.312122941
vn -0.945355177 0.0715278536 -0.318099499
vn 0.945534885 0.0688332319 -0.318159968
vn 0 0.999371409 0.0354498327
vn 0 0.999371469 0.0354498364
vn 0 0.999371409 0.0354498364
vn 0.968426585 0.0585669652 -0.242321998
vn -0.945531428 0.0688923672 -0.318157315
vn 0.944149733 0.0874819234 -0.317691803
vn -0.927589297 0.205321789 -0.312123269
vn -0.927589476 0.205321804 -0.312123299
vn -0.927589357 0.205321789 -0.312123269
vn 0.927590132 0.205320135 -0.312122345
vn 0.927590072 0.205320135 -0.312122345
vn -1 0 0
vn -0.0149059445 0.999867857 -0.0064920201
vn -0.00941318832 0.99990207 -0.0103497868
vn -0.0241469312 0.999708354 0
vn 0 0.999856174 -0.01695925
vn 0.80080235 0.141900182 -0.581876278
vn -0.317121089 0.20343633 -0.926308751
vn -0.317121059 0.203436315 -0.926308692
vn -0.317121118 0.20343633 -0.926308811
vn -0.999992132 0.00145170395 -0.00369608076
vn -0.959502697 0.0826579034 -0.269299835
vn -0.0231375936 -0.998477757 0.0500665717
vn 0.45649913 0.0931141824 -0.884838045
vn 0.389608264 0.0568370633 -0.919225097
vn 0.264987886 0.587086678 -0.764925241
vn 0.264987886 0.587086678 -0.764925182
vn -0.251059651 -0.410676062 -0.876535356
vn -0.251059651 -0.410676032 -0.876535356
vn -0.251059651 -0.410676062 -0.876535416
vn 0.0131384274 -0.999526381 0.02782657
vn 0.169053018 -0.98560679 -0.000593523146
vn 0.154355079 -0.987316072 0.0371674523
vn -0.255346388 -0.950349748 -0.17785804
vn -0.503234208 0.092347227 -0.859201491
vn -0.00995760318 0.9999035 -0.00968518108
vn 0.000205814664 1 0.000163616525
vn 0.392249078 0.0769800991 -0.916632235
vn -0.0534459502 -0.998315871 0.0225580446
vn -0.0702956319 -0.996872783 0.0361002237
vn -0.485544205 0.178980842 -0.855694294
vn -0.374642432 0.0825474411 -0.923487425
vn -0.960121572 -0.140810236 -0.24153468
vn -0.960121572 -0.140810236 -0.241534695
vn -0.960121572 -0.140810207 -0.24153465
vn 0.0653893203 -0.94301486 0.326262504
vn 0.0653893203 -0.943014801 0.326262504
vn 0.0653893277 -0.94301486 0.326262504
vn 0.791621447 0.136242524 -0.595628619
vn -0.792198718 0.121371016 -0.598072171
vn 0.00736808777 -0.999972165 0.00114685087
vn 0.462361246 0.886652648 0.0083165206
vn 0.837306917 -0.0998119563 0.537545025
vn 0.94897902 0.205652401 -0.239052057
vn 0.94897902 0.205652416 -0.239052072
vn 0.94897902 0.205652431 -0.239052087
vn -0.679506779 -0.0874590576 0.728437722
vn -0.451117516 -0.873083532 -0.184981346
vn -0.513929963 -0.851653457 -0.10277234
vn 0.275335759 0.0800787807 -0.958007097
vn -0.964335918 0.0313528702 -0.262817711
vn 0.991291106 0.131565884 0.00568592222
vn -0.992944658 0.11540962 -0.0272276253
vn -0.975303054 -0.0982389823 -0.197820798
vn 0.985333383 -0.110860847 0.129722774
vn -0.989673257 0.0809848681 -0.118272491
vn 0.049793493 -0.991213977 -0.122537903
vn 0.00813493505 -0.999919951 -0.0096920887
vn 0.599826574 0.073976852 -0.796702802
vn 0.000948811066 0.999999404 -0.000554271392
vn -0.00907080248 -0.999925375 -0.00818502624
vn -0.000236018444 -0.99999994 0.000211003091
vn 0.702738166 0.0950484574 -0.705070734
vn 3.93326773e-05 -1 0.000130568238
vn -0.720176578 0.108273707 -0.685290039
vn -0.838156819 0.545102179 -0.0188910663
vn -0.281145364 -0.907554626 0.311932474
vn 0.0879742056 0.954751551 -0.28409484
vn 0.00970682688 0.999777973 -0.0187022705
vn 0.101138383 0.939027488 -0.328631043
vn -0.29706946 0.711767912 -0.63650316
vn -0.464948624 0.523138642 -0.714246929
vn -0.136221752 0.159230053 -0.977798223
vn 0.0661069974 0.654250801 -0.753382862
vn 0.0797336772 0.540700018 -0.837428272
vn 0.0894560367 0.442284465 -0.892402411
vn 0.897370696 0.433322132 -0.0834136009
vn 0.897370696 0.433322102 -0.0834136009
vn 0.995245636 -0.0903834105 0.0362896696
vn -0.729056835 0.208005413 -0.652081251
vn -0.729056895 0.208005399 -0.652081251
vn -0.729056776 0.208005384 -0.652081192
vn 0.998919666 0.0290819388 0.0362445861
vn -0.99691534 0.0721698031 0.0308430362
vn -0.996855974 -0.0757705271 0.0231739916
vn -0.0053898748 -0.00167131587 -0.999984026
vn -0.00538987573 -0.00167131587 -0.999984086
vn 0.914409339 -0.381925374 -0.134121194
vn -0.969608426 -0.230776519 -0.0812502503
vn -0.0190153271 -0.00645104144 -0.999798357
vn -0.0190153271 -0.0064510419 -0.999798417
vn -0.0190153252 -0.00645104097 -0.999798357
vn -0.858461857 -0.505221546 -0.0882854909
vn 0.662231445 -0.746811271 -0.061012581
vn -0.552233219 -0.830949485 -0.067538701
vn 0.238321707 -0.968572557 -0.0712042823
vn -0.16541639 -0.984000087 -0.0661918223
vn -0.771294951 0.107897758 -0.627265573
vn -0.876124978 0.451870173 0.167983502
vn -0.557792008 0.691096783 -0.459623039
vn -0.267078578 0.890434563 -0.368504286
vn 0.769553065 0.0126638543 -0.638457298
vn 0.907679856 -0.0517798252 -0.41645667
vn -0.964397073 0.057355918 -0.258163899
vn -0.933157623 -0.056544628 -0.354992241
vn 0.549651742 0.12702316 -0.825680494
vn 0.1862562 0.114909373 -0.975758374
vn 0.0747687444 0.0874213055 -0.993361533
vn -0.111306027 -0.993786216 -3.72340946e-05
vn -0.111306019 -0.993786156 -3.72340946e-05
vn -0.111306034 -0.993786275 -3.72340946e-05
vn -0.444167227 0.123523504 -0.887387872
vn -0.444167256 0.123523496 -0.887387931
vn -0.444167256 0.123523511 -0.887387931
vn 0.639827728 -0.0460405573 0.767138004
vn 0.0529900789 0.743431211 -0.66670996
vn 0.0135332039 -0.999597073 -0.0249531511
vn -0.0258708168 -0.996828794 -0.0752537772
vn 0.00834950991 -0.999457181 -0.0318684354
vn 0.00672566704 -0.999975324 0.00199346081
vn -0.644483089 0.0494249202 -0.763019443
vn -0.0352520235 -0.999015868 0.0269184001
vn 0.618290067 0.0940260366 -0.780305326
vn 0.739090264 0.07697317 -0.669194102
vn -0.0029102331 -0.999974251 -0.00655872328
vn -0.70119375 0.0799321309 -0.708475828
vn 0.387066782 -0.640068173 -0.663695693
vn 0.387066841 -0.640068233 -0.663695753
vn -0.452715337 0.438701689 -0.776266575
vn -0.452715248 0.43870163 -0.776266515
vn -0.452715278 0.43870163 -0.776266515
vn -0.54866612 -0.242065221 -0.800231159
vn -0.54866612 -0.242065251 -0.800231218
vn -0.54866612 -0.242065206 -0.800231159
vn -0.999936402 -0.00161871873 0.0111616971
vn -0.720308542 0.0881663337 -0.688027799
vn -0.999990344 -0.00220039045 -0.00380678731
vn -0.999993205 -0.00230894936 -0.00287053641
vn -0.999978483 0.00599298021 0.00266743824
vn -4.08657479e-06 -0.000570864708 -0.999999821
vn -0.000147666142 -3.88007902e-06 -1
vn -0.000244327472 -4.89859049e-05 -1
vn 0.000123571153 -0.000660727965 -0.999999762
vn -4.6340283e-05 -0.000101638259 -1
vn -0.000793831656 0.00104799692 -0.999999166
vn -0.000271338038 0.000419617223 -0.999999821
vn -0.00126490602 0.00202583591 -0.999997199
vn -0.0893223807 -0.116343886 -0.98918432
vn 0.0921747461 0.246843308 -0.964661717
vn 0.666135013 0.0493992791 -0.744193316
vn 0.650623858 0.0306085609 -0.758783102
vn 0.659822464 0.0416782051 -0.750264704
vn -0.0287022032 -0.0284387264 -0.999183357
vn -0.0237126965 -0.00696642837 -0.999694526
vn -0.0380435511 -0.00954513159 -0.999230385
vn -0.0281255711 -0.0317747369 -0.999099255
vn -7.08758089e-05 0.000290230208 -0.999999881
vn 1.04271712e-05 -3.48968279e-05 -1
vn -0.000137278985 8.26023606e-05 -1
vn -7.40293399e-05 -3.25315341e-05 -1
vn 2.19521417e-06 -6.29177521e-05 -1
vn 0.000104616149 -0.000116081377 -1
vn -1.82753047e-05 -3.08636154e-05 -1
vn 8.06388489e-05 3.9097813e-05 -1
vn 0.00118376839 -0.000970114779 -0.999998868
vn 0.00244952436 -0.00248514512 -0.999993861
vn 0.000653397117 -0.00127387198 -0.999998987
vn 0.000202087162 0.000173746434 -1
vn 1.0281723e-05 5.91654607e-05 -1
vn 3.55409884e-06 3.93934642e-05 -1
vn 3.9584138e-06 2.74650793e-05 -1
vn 1.10363608e-05 1.42253966e-05 -1
vn -5.28374176e-06 2.89130239e-05 -1
vn -1.20208517e-06 6.50926813e-05 -1
vn -7.1942668e-05 4.53481553e-05 -1
vn -1.90708924e-05 1.94933364e-05 -1
vn 0.00012930212 4.44662583e-05 -1
vn -4.19409298e-05 0.000171559819 -1
vn -3.30589114e-06 0.000167885228 -1
vn -0.000555591891 0.000444853591 -0.999999762
vn 0.000141465862 4.7867652e-05 -1
vn -1.18983223e-06 4.01465222e-05 -0.99999994
vn 5.85621383e-05 4.91768733e-05 -0.99999994
vn 0.00432950491 -0.0137220006 -0.999896467
vn 0.0300791468 -0.029026242 -0.999125957
vn 0.017582491 0.00867440086 -0.999807775
vn 0.0108356494 -0.0116623705 -0.999873221
vn 0.0388542078 -0.0306097008 -0.998775959
vn -0.340402216 0.332228124 -0.879631102
vn -0.000172044936 -3.92392358e-05 -1
vn -0.000243247385 -3.31736192e-05 -0.999999881
vn -0.000612928765 0.000635372999 -0.999999642
vn 0.0238857679 0.00527405972 -0.999700844
vn -0.000170576313 -1.95436642e-05 -1
vn 0.00403652014 -0.00433621882 -0.999982417
vn -0.0237031039 -0.0451103039 -0.998700738
vn -0.972444177 -0.0905397758 0.214837015
vn 0.951792359 -0.11397735 0.284781575
vn 0.577245653 0.0448225662 0.815339446
vn 0.999999225 0.0011791595 -0.000292268931
vn 1 0.000201681949 -5.36864318e-05
vn 0.969129801 0.124246351 -0.212956116
vn -0.10016454 0.941328466 -0.322285175
vn 0.0360297784 0.997556746 0.0598520935
vn 0.154365242 0.976444125 0.15075855
vn 0.233495444 0.940691233 0.246129617
vn 0.364705205 0.867114902 -0.339266956
vn 0.364705175 0.867114723 -0.339266896
vn 0.364705175 0.867114782 -0.339266926
vn 0.000429927721 0.000275218888 0.999999881
vn 0.000880910724 -0.00369452778 0.999992728
vn 0.000747298182 0.000870384683 0.999999344
vn 0.507102609 0.841532707 0.186197758
vn 0.507102609 0.841532707 0.186197743
vn 0.000116112053 -4.80146082e-05 1
vn 0.733824074 0.621803045 -0.273611575
vn 0.854435384 0.51433444 0.0734872892
vn 0.722832203 0.620176792 -0.304785907
vn 0.00150562252 0.000337975333 0.999998808
vn 0.00081353588 0.000100302692 0.999999583
vn 0.9327299 0.358087778 -0.0422848389
vn 0.00184224278 0.000268338248 0.999998271
vn -0.00218474586 3.35243749e-05 0.999997675
vn -0.00265509961 0.000723874662 0.999996185
vn -0.00310697057 -0.000265876151 0.999995172
vn -0.941364646 0.33092621 -0.0657302439
vn -0.858452797 0.46001184 0.226821452
vn -0.0580186695 0.00809769705 0.998282671
vn -0.0914433151 0.0127523262 0.995728612
vn 0.00259795669 -0.000286459428 0.999996603
vn 0.00315309502 -0.00069958315 0.999994755
vn 0.000813395891 -0.000467059057 0.999999583
vn 4.14177412e-05 3.85998828e-05 1
vn -1.01402475e-06 -2.39575525e-06 0.99999994
vn -1.1747419e-06 1.11987583e-05 1
vn -0.829011023 0.4781771 0.289978296
vn -0.00155306724 -0.0445261523 0.999007046
vn -0.00191402005 -0.0446264297 0.99900192
vn -0.00338666514 -0.0450354852 0.998979568
vn -0.00360204186 -0.0450953133 0.998976231
vn -0.0191696379 -0.024925977 0.99950546
vn -0.000460279378 -0.0390350744 0.999237776
vn -0.00615322124 -0.0347442031 0.99937731
vn 1.90336971e-06 -1.99836859e-06 1
vn 2.48352785e-06 -1.09944813e-06 0.99999994
vn 0 -8.24587289e-07 1
vn -0.00932995602 -0.00748282205 0.999928534
vn -1.24790813e-06 -2.34585264e-06 1
vn -0.000265969953 -0.00651381491 0.999978662
vn 0.000808663957 -2.06401528e-05 0.999999642
vn -0.471435279 0.881469727 -0.0275697466
vn -0.337259054 0.93527323 0.107332118
vn -0.571704566 0.785393953 0.237297535
vn -0.573239625 0.773880541 0.269268185
vn -0.727944434 0.619603097 -0.293579251
vn -0.727944434 0.619603217 -0.293579251
vn -0.727944434 0.619603157 -0.29357928
vn -0.00450037979 -0.0416863672 0.999120593
vn -0.00181812979 -0.039668452 0.999211192
vn -0.00368401385 -0.041072242 0.999149442
vn -7.48760795e-05 -0.0214346461 0.999770224
vn -0.00272597 -0.0220436696 0.999753296
vn 0.00423524156 -0.0245822705 0.999688804
vn 0.000638231228 -0.0369328707 0.999317467
vn 0.0116627421 -0.0297644958 0.99948895
vn 0.0157191213 -0.0268002618 0.999517202
vn 0.0167778544 -0.0138066662 0.999763966
vn -0.0177522469 -0.0119798118 0.999770582
vn -1.13482099e-06 -2.31265972e-06 1
vn 0.00267416704 -0.221673772 0.975117207
vn -0.0160187613 -0.115785509 0.993145108
vn 0.0214988887 -0.125045568 0.991918027
vn -0.0122697586 -0.0130309602 0.999839842
vn -0.00517776562 -0.222787097 0.974853277
vn 0.000476776768 -0.00163855019 0.999998569
vn 0.00478973845 -0.140558153 0.990060806
vn 0.00586445071 -0.121566392 0.992565989
vn -0.00224643294 -0.0133111589 0.999908805
vn -2.48380002e-06 -0.0151983118 0.999884427
vn -0.00048170425 0.00135347061 0.999998987
vn -0.104328997 0.933306396 -0.343590528
vn -0.273224235 0.944587588 0.181941867
vn -0.000197939036 -6.96503548e-06 1
vn -9.74093346e-05 -2.88127694e-06 1
vn -9.23961416e-05 -2.67762903e-06 1
vn 2.83374411e-05 2.22686094e-06 1
vn -0.00637013325 -0.0430927649 0.999050736
vn 0.0125682158 -0.0488473438 0.998727143
vn -0.00466991495 0.999984682 -0.00297497609
vn -0.00857737381 0.999952853 -0.00455913274
vn -0.00821217336 0.999956489 -0.00441633631
vn -0.744976521 0.134016991 -0.653490186
vn -0.734346151 0.134978086 -0.665219188
vn 0.000635263044 -0.999999702 0.000510635669
vn -0.134187177 -0.877894759 0.459667921
vn -0.134187162 -0.877894759 0.459667891
vn 0.00106054696 0.999999166 -0.000654031872
vn 0.000103456448 1 0.000116880547
vn -0.0108986394 -0.356634289 0.934180558
vn -0.0031491844 -0.376920879 0.926240087
vn -0.0195751619 -0.444999903 0.89531666
vn -0.00238381396 -0.446195364 0.894932389
vn 0.0478660017 -0.410812974 0.91046226
vn 0.00515180035 -0.335489899 0.942029715
vn -0.0287167169 -0.310394049 0.950174093
vn -0.0116126603 -0.41906175 0.907883525
vn -0.037882071 -0.267096132 0.962925017
vn 0.011958722 -0.354710966 0.934899569
vn -0.00819388125 -0.286418974 0.958069444
vn 0.014686875 -0.321432024 0.946818709
vn 0.0138170505 -0.449302733 0.893272638
vn 0.0028622963 -0.327418029 0.944875181
vn 0.0166759994 -0.412722141 0.910704315
vn 0.00789653417 -0.291166455 0.956639826
vn -0.0105476053 -0.312787086 0.949764729
vn 0.00691657094 -0.477174133 0.878781557
vn 0.0114603899 -0.465080202 0.885194361
vn 0.00772178592 -0.413283229 0.910569727
vn -0.0117110945 -0.319944829 0.947363734
vn -0.00317994086 -0.326915443 0.945048273
vn 0.932941973 -0.0941144675 0.347507805
vn -0.574353039 0.426412523 -0.698778212
vn 0.744903386 -0.0413747281 0.665888131
vn 0.310332179 -0.321731776 0.894529283
vn 0.310332149 -0.321731776 0.894529223
vn 0.310332209 -0.321731776 0.894529283
vn 0.786318123 0.111012593 -0.60776633
vn 0.957427382 0.104760177 -0.268994838
vn 0.962687135 0.110144377 -0.247187749
vn 0.902648389 0.0941103995 -0.4199633
vn -0.0101390993 -0.999948621 -7.57674643e-05
vn -0.000219298381 -0.99999994 0.00028358362
vn -0.0105757536 -0.999944091 -0.000118434284
vn 0.917400181 0.094680436 -0.386539102
vn 0.850859106 -0.106966615 -0.514389813
vn 0.854129314 -0.0998911411 -0.510377228
vn 0.857982278 -0.0913558751 -0.505490482
vn -0.613856852 -0.0125037273 -0.789318323
vn 0.839234829 0.0941920057 -0.535549104
vn 0.857470572 0.181608811 -0.481417149
vn 0.847637534 0.129321456 -0.51457417
vn -0.477148861 -0.0256943256 -0.878446817
vn -0.610974491 0.279782981 -0.740561545
vn -0.736351907 0.257360965 -0.625740469
vn -0.780083716 0.269186199 -0.564807892
vn -0.294400007 0.509173512 -0.808746517
vn -0.0208019726 0.104591832 -0.994297624
vn -0.107114874 0.987553 -0.115175053
vn -0.107114889 0.98755312 -0.115175061
vn -0.107114881 0.98755306 -0.115175061
vn -0.093416743 0.738501668 -0.667748928
vn -0.0934167504 0.738501668 -0.667748928
vn 0.8624264 0.21847564 -0.45660609
vn 0.703740835 0.408147991 -0.581518829
vn 0.679953277 0.48467961 -0.55022651
vn 0.691897213 0.448722422 -0.565620422
vn 0.665084839 0.524343312 -0.531719983
vn 0.509784818 0.670663953 -0.538822234
vn 0.46882844 0.700350821 -0.538245976
vn 0.470689625 0.699058652 -0.538301229
vn 0.427941531 0.727442861 -0.536370158
vn 0.0955284834 0.502470791 -0.859300494
vn -0.0341636129 -0.623144388 0.781360269
vn -0.668802798 -0.492455989 0.556946874
vn 0.0199477579 -0.61640662 0.787175298
vn 0.0152701093 0.0357809737 -0.999243021
vn 0.846647143 -0.115866862 -0.519387603
vn -0.285619587 0.187647194 -0.939792573
vn -0.602558792 0.2761859 -0.748761654
vn -0.573084772 0.329491854 -0.75033915
vn 0.0748648718 0.0198843088 -0.996995449
vn 0.056085702 0.0441489369 -0.997449458
vn 0.0423636921 0.0673538819 -0.996829331
vn 0.515432954 -0.61117959 0.600656688
vn 0.515432954 -0.611179531 0.600656688
vn 0.515432954 -0.611179471 0.600656629
vn -0.999996305 0.00138358574 -0.00233750767
vn 0.00411795033 0.999987662 -0.00276880595
vn -0.425458342 -0.381438494 0.820664227
vn -0.425458372 -0.381438524 0.820664287
vn 0.0508562438 0.010898157 -0.998646498
vn 0.0635881126 0.0274580605 -0.99759835
vn -0.0200885292 -0.0127911037 -0.999716401
vn -0.00424201554 -0.00223770551 -0.999988437
vn 0.00238847802 -0.00176567049 -0.999995589
vn 0.0486144945 -0.00118868391 -0.998816907
vn 0.117255747 -0.00775673613 -0.993071556
vn -0.129508972 0.0146853318 -0.991469562
vn -0.134920031 0.0331581123 -0.99030149
vn -0.0233432278 0.0141616557 -0.999627233
vn -0.112773322 0.123509847 -0.985914469
vn 0.0191544574 0.0253141355 -0.999496043
vn 0.00596310245 -0.0149279675 -0.999870777
vn -0.00138578319 -0.000385188119 -0.999998927
vn 0.00111439731 -0.00259557553 -0.999996006
vn -0.0171648283 0.0514751375 -0.998526752
vn 0.00225411332 0.0321982689 -0.999478996
vn -0.0145676062 0.0476567149 -0.99875766
vn 0.0877980292 0.232876092 -0.968535125
vn 0.00460095471 -0.999985218 -0.00287830643
vn 0.772708654 0.0683534294 -0.631069779
vn 0.813176036 0.22053495 -0.538617671
vn 0.801379979 0.292475432 -0.521774173
vn 0.832178414 0.0834498778 -0.54819268
vn 0.00575022586 0.447112441 -0.894459367
vn 0.0061167744 -0.764304459 0.644826591
vn -0.196722522 0.304796845 -0.931879282
vn 0.800771117 0.0664954185 -0.595267892
vn -0.7772609 0.0725676417 -0.624979556
vn -0.0179709159 -0.69614023 0.717680812
vn 0.00360067002 -0.660622537 0.750709534
vn -0.0062683234 -0.612990499 0.790065467
vn 0.00670297071 -0.612889349 0.790140271
vn 0.835382998 -0.0515985601 0.547241092
vn 0.0063884221 -0.686373949 0.727220654
vn 0.696965277 -0.109872736 -0.708637714
vn 0.65280515 -0.156947225 -0.741089225
vn 0.72307688 -0.0797332898 -0.686150312
vn 0.000502123323 -0.99999994 -3.73741859e-05
vn 0.190015003 -0.970364749 0.149286315
vn -0.906332552 -0.0612057634 0.418109149
vn 0.672682285 0.0575202592 -0.737692297
vn 0.588175058 0.557310104 -0.586050808
vn 0.00567839341 -0.999975801 -0.00403764145
vn -0.000821987051 -0.999999464 -0.000488109159
vn 0.00369780161 0.999990165 -0.00243454543
vn 0.550462246 0.655369878 -0.517186284
vn 0.550462246 0.655369818 -0.517186284
vn 0.550462246 0.655369878 -0.517186344
vn 0.748440146 -0.0484478213 -0.661430478
vn 0.0490903817 -0.99876374 0.0078181047
vn 0.053524822 -0.996765912 0.059939608
vn 0.0333000682 -0.9854936 -0.166413158
vn -0.952128112 0.261426747 -0.158455357
vn -0.946363389 0.282467902 -0.156870067
vn -0.948831201 0.273677856 -0.157542691
vn 0 -0.999999881 0.000482904259
vn -0.000648212503 -0.766840041 0.641837955
vn 0.0251384974 -0.772518992 0.634493709
vn 0.784160674 0.118290104 0.609179437
vn 0.758992493 0.0896924511 0.644892037
vn 0.743101478 0.0726300776 0.665225625
vn -0.00940744765 -0.774327815 0.632714689
vn 0.0656061098 -0.975310326 0.210868388
vn 0.0168390125 -0.759400845 0.65040493
vn -0.00485330913 -0.790516675 0.612421334
vn -0.940395832 0.0811397806 -0.330260515
vn -0.00165917841 0.538461506 -0.842648447
vn 0.725912154 -0.378966421 0.573964953
vn -0.750074625 -0.113023609 0.651623964
vn -0.717734575 -0.0705249086 0.692736089
vn -0.782902539 -0.161027879 0.600943983
vn -0.029744437 -0.767286956 0.640613735
vn -0.846555114 0.0519954897 -0.529755592
vn 0.959491789 -0.0547713973 0.276361316
vn 0.95413506 -0.0860084146 0.286755711
vn 0.946982622 -0.0751315653 0.312376529
vn -0.999995232 -0.0029448776 0.000975649455
vn -0.99795723 0.0625825524 0.0128452098
vn -0.991773605 0.12799482 0.00157524564
vn -0.999996483 0.00257423474 -0.000694724964
vn -0.999999821 0.000545336981 -0.000132428977
vn 0.749462306 -0.506572545 0.426251769
vn -0.683764398 -0.0295906626 0.729102671
vn 0.709197283 0.0383091308 0.703968465
vn -0.942776084 0.29473111 -0.155906528
vn 0.723475277 0.519308329 -0.454865128
vn 0.736832082 0.586942792 -0.33552435
vn -0.162530631 0.984295905 -0.0688868389
vn -0.920260131 0.0817426667 -0.382674187
vn -0.00296073384 0.720679283 -0.693262219
vn 0.00059485517 -0.999999881 -0.000157546223
vn -0.158334851 -0.986330152 -0.0456395783
vn -0.000634815602 0.703397095 -0.710796773
vn -0.798412859 -0.325944632 0.506257892
vn -0.455692589 -0.860034883 0.229530245
vn 0.947525501 0.0756061003 -0.310611099
vn -0.961414635 -0.0230208933 0.274138838
vn 0.0030236484 -0.85624963 0.516553342
vn 8.48935815e-06 -0.851444125 0.524445355
vn 0.00926003698 -0.853559911 0.520912409
vn -0.00278301071 -0.86513567 0.50153029
vn 0.257010102 -0.693509579 0.673045576
vn 0.0588138774 -0.830187738 0.554372787
vn 0.290212125 -0.682675719 0.670619726
vn 0.0401753262 -0.879686475 0.473853916
vn 0.91847831 0.0813764781 -0.38700825
vn -0.920139968 0.0897367001 -0.381168664
vn 0.457515687 -0.872296274 0.172565058
vn -0.649411082 0.502172291 -0.571041346
vn 0.54310894 0.787174821 -0.292213172
vn -0.000673170551 0.999999762 -0.000126420855
vn -0.898999333 0.0821205527 -0.430181891
vn 0.0333197862 -0.999198496 -0.0221859161
vn 0.921281695 0.0500169136 -0.385666192
vn 0.0137650399 -0.884545922 0.466250002
vn -0.933867395 0.0675109103 -0.351189315
vn -0.946944952 0.0561395325 -0.316454679
vn -0.0824567452 -0.996438861 0.0176219121
vn 0.935156286 0.0638419241 -0.348435163
vn 0.954089999 0.0578339696 -0.293883651
vn 0.0422449857 -0.999070585 0.00855784584
vn -0.948902726 0.0458121635 -0.312225491
vn 0.778099716 -0.459892452 -0.427854836
vn 0.778099775 -0.459892482 -0.427854866
vn 0.778099775 -0.459892452 -0.427854836
vn -0.845256269 -0.237946793 -0.47845909
vn -0.0194348861 -0.999793589 -0.00591647625
vn -0.000538379478 0.999999762 0.000262165675
vn -0.000434440532 0.99999994 0.00015807859
vn -0.843063533 -0.250288785 -0.476024628
vn -0.0151051972 0.999872804 -0.00512853358
vn 0.661866128 -0.625948191 -0.412458569
vn 0.661866128 -0.625948131 -0.412458539
vn 0.661866128 -0.625948131 -0.412458569
vn -0.812901318 0.255515426 -0.523357749
vn -0.812901258 0.255515397 -0.523357689
vn -0.812901378 0.255515426 -0.523357749
vn -0.193849608 -0.974196672 -0.115599059
vn -0.00294729811 0.999994636 0.00143555971
vn -0.200666383 0.976376951 -0.0801322013
vn -0.000159655698 -1 0.000133386391
vn -0.00324301142 -0.999994695 -5.38535969e-05
vn -0.00243276404 -0.99999696 1.91969866e-05
vn -0.00130750507 -0.999966323 -0.0081016263
vn -0.891313076 0.45283252 -0.0224413257
vn -0.915201068 0.401427776 -0.0355310887
vn -0.923982918 0.380252063 -0.0407909416
vn -0.00932085235 -0.961862743 0.273373932
vn 0.0247254688 -0.967683792 0.250951797
vn -0.00678520557 -0.971991777 0.234916911
vn -0.00344935828 -0.963322401 0.268324554
vn 0.000186775273 0.856421888 -0.516276658
vn -0.00191272795 0.887773812 -0.460275978
vn 0.934742928 0.0911682546 -0.343429834
vn 0.754799426 0.655803084 -0.014145582
vn 0.999762058 -0.0201824121 -0.00827506091
vn 0.999962389 -0.00749673182 -0.00434614345
vn 0.999923468 -0.0108372746 -0.00597207109
vn 0.99819082 -0.0601224303 -0.000559950713
vn 0.931122065 -0.0525227562 0.360905975
vn -0.0976789892 0.963056028 -0.25096184
vn -0.952171683 0.0577010848 -0.300066173
vn -0.962878585 0.0457125641 -0.266036004
vn 0.041263178 -0.978838086 0.200432822
vn 0.0424284041 -0.969299138 0.242196083
vn -0.00879133306 -0.912562609 0.408842385
vn 0.989524484 0.0854618698 -0.116350874
vn 0.96697098 0.0341795459 -0.252584368
vn -0.868608475 -0.370223939 0.329322726
vn -0.00236228039 -0.9823879 0.186837956
vn -0.000136518967 -0.978933692 0.204178095
vn 0.00928937085 -0.981418073 0.191656232
vn 0.0119670257 -0.9779616 0.208441675
vn -0.00858362671 -0.978143394 0.207754105
vn -0.00783367269 -0.982850909 0.184235692
vn -0.00427554501 -0.974389374 0.224826619
vn 0.00223675184 -0.975612581 0.219488099
vn -0.00648821844 -0.979716241 0.200284481
vn -0.00704314373 -0.97788763 0.209012643
vn 0.958243072 0.0830940232 -0.273615599
vn -0.911785781 0.371841609 0.174299628
vn -0.97061944 -0.0550614782 0.234235317
vn -0.877438366 0.479439586 -0.0154772373
vn -0.00125661574 0.999998033 0.00157231477
vn -0.968748868 -0.0577291436 0.24123241
vn -0.0201136954 -0.988532424 0.14966324
vn -0.000551932142 -0.999999702 -0.000242594091
vn -0.959734738 0.0565111227 -0.275164843
vn 0.00648263702 0.989285171 -0.145852938
vn -0.832110345 -0.530742884 0.160948336
vn 0.833753526 -0.522161424 0.179450274
vn -0.0165545177 -0.992847323 0.118238114
vn 0.598149478 0.798857272 0.0635933653
vn 0.994353592 0.0276751611 0.102445193
vn 0.451085865 -0.892056942 0.0274943206
vn 0.543658197 0.823077321 -0.164254442
vn 0.72481519 0.665330768 -0.178823411
vn 0.735192597 0.653683424 -0.179415226
vn 0.15884681 -0.986574829 -0.0379179604
vn 0.762685776 0.615367889 -0.199079722
vn 0.762685716 0.615367889 -0.199079707
vn 0.762685835 0.615367949 -0.199079722
vn 5.96755817e-05 -0.99999994 -0.000179103386
vn -0.024919223 -0.9996894 0.000303269655
vn -0.994435847 -0.0894365162 -0.0556626804
vn -0.998559296 -0.0527013205 -0.0100986185
vn -0.968355298 -0.117792852 -0.220029414
vn -0.0257309843 0.995049715 0.0959900469
vn -0.195578858 0.975340426 -0.102274038
vn -0.959958434 0.0806060657 -0.268295825
vn 0.982542992 -0.0627714843 0.175124854
vn -0.960917711 0.0907852203 -0.261524826
vn 0.00673141051 0.997165084 0.074943006
vn -0.224982172 0.971155584 -0.0789919868
vn -0.4638246 -0.885617435 0.0234188251
vn 0.00509425392 -0.999734938 0.0224505737
vn 0.982098758 0.0323651917 -0.185565814
vn 0.000787903788 -0.999889731 0.0148257557
vn -0.970098734 0.0525004193 -0.236964107
vn -0.978925109 0.0213581715 -0.203099549
vn 0.998107672 0.0179986227 0.0587976053
vn -0.000178164526 -0.999892056 0.0146959675
vn 0.982349396 -0.0140625974 0.186525777
vn 0.640250742 0.757837355 0.125545263
vn 0.996532023 -0.0661793724 -0.0504407436
vn -0.994203508 -0.0733928457 -0.0785670578
vn -0.994600117 -0.0738794729 0.0728865638
vn 1.24173437e-06 -0.999976099 0.00691567594
vn 0.00855545979 -0.999876618 0.0131741818
vn 0.00804985967 -0.999933302 0.00827340037
vn 0.977967978 0.0543039218 -0.201567844
vn -0.980619431 0.0922265351 -0.172857746
vn 0.168572858 -0.984914482 -0.0390723385
vn -4.13568632e-05 -1 -0.000179742216
vn 0.970677018 0.0719474182 -0.229368448
vn -0.000507436926 0.999999881 0.000187778234
vn 0.97714752 0.0911818966 -0.192012236
vn -0.412216544 -0.903079331 -0.120520703
vn -0.98314023 0.0772381499 -0.165739223
vn 2.43814811e-05 -1 -0.000254762912
vn -0.969568014 0.0734416246 -0.233547002
vn 0.969133794 -0.246170118 -0.013419739
vn 0.645883143 0.752558947 0.128413364
vn -0.479582995 0.874432087 0.0732715726
vn -0.976565182 0.140815854 0.162761554
vn -0.990135074 -0.140108198 0.00153922942
vn -0.996567428 -0.000454930909 0.0827844292
vn -0.957777143 -0.276211113 -0.0798146054
vn 0.925332069 -0.328279257 0.189719111
vn 0.960390031 -0.241266519 0.139432728
vn 0.986413658 -0.142235979 0.0822009891
vn 0.995290518 0.00595948193 0.0967537761
vn 0.995634139 0 0.0933418572
vn -0.00537679531 -0.999958754 0.00732359104
vn 0.87949717 -0.412043393 0.238128081
vn 0.0326403938 -0.999429524 0.00867439993
vn 0.000124627812 -0.99999994 -0.000277587562
vn 0.00499695633 -0.999963522 0.00692935335
vn -0.039362669 -0.999215722 0.00430952664
vn 0.995616078 0.0766510591 -0.0536021963
vn 0.0405901261 -0.99916023 0.0055895024
vn -0.984321296 0.0730097219 -0.160565019
vn -0.970456123 0.199352428 -0.135917455
vn -0.970456183 0.199352428 -0.13591744
vn -0.970456123 0.199352413 -0.135917425
vn -0.444852471 -0.886110365 -0.130056977
vn 0.526132584 0.834730625 -0.162509605
vn -0.233479768 0.968899429 -0.0819829777
vn 0.993088901 -0.108330317 -0.0451548845
vn 0.974612176 -0.172532931 -0.142700672
vn 0.99710232 -0.0757749751 0.00672046188
vn -0.0196546037 0.998094499 0.0584903769
vn -0.0248279851 0.998006999 0.0580144264
vn 0.987678349 0.0657415465 -0.142019734
vn -0.97935456 0.148351386 0.137318715
vn 0.991173625 0.0402290337 0.126318872
vn 0.999999464 1.00689789e-07 -0.00100684492
vn -1 0 4.49140117e-07
vn 0.00133793626 -0.999814391 0.0192141887
vn -1 0 -0.000118257361
vn 0.999999881 0 -0.000488393416
vn -0.00280863675 -0.999853253 0.0168987513
vn 0 -0.999827504 0.0185736362
vn 1 0 3.64889701e-07
vn 0 -0.999830186 0.0184281804
vn -0.948120892 -0.307518095 0.0806189105
vn -0.99999994 0 0.000230594858
vn 1 0 6.25398059e-07
vn -0.000195835295 -0.99995631 0.00935304444
vn -1 0 -4.02628388e-07
vn 0.00171862275 -0.999943733 0.0104567008
vn -1 0 6.06292701e-07
vn 0.997718096 -0.0675048754 0.00129934878
vn -0.00686330581 -0.999816537 0.0178853013
vn 1 0 -8.34226682e-07
vn 0.00169262278 -0.999943852 0.0104599101
vn 0 -0.999956489 0.0093229115
vn -0.990270674 0.139147744 -0.00138821686
vn 0.00583942514 -0.999915719 0.011602385
vn -1 -9.95949222e-07 6.16400484e-07
vn 1 0 4.17186897e-07
vn 0 -0.999956787 0.00930203125
vn 0.995594978 -0.0749789178 0.0562924668
vn -0.971269965 -0.237124667 -0.0201616846
vn 0.624201238 0.779471457 0.0528877117
vn -0.0301164594 -0.00141357153 0.999545336
vn -0.334001899 -0.0693314746 0.940019071
vn -0.00368341571 9.26116354e-06 0.999993205
vn -0.00164015556 0.00010017254 0.999998629
vn -0.00608985964 0.00317765283 0.999976337
vn -0.00608985964 0.00317765283 0.999976397
vn -0.0137992818 -0.00289711286 0.999900579
vn -0.0114882672 -0.0023270743 0.999931276
vn 0.998006403 -0.000783156778 0.0631084964
vn -0.0371932015 0.00435303291 0.999298632
vn -0.0371931978 0.00435303245 0.999298573
vn -0.0371931978 0.00435303291 0.999298632
vn -0.908198476 -0.0254772343 0.41776368
vn -0.908198476 -0.0254772361 0.41776368
vn -0.908198416 -0.0254772343 0.41776365
vn -0.0345335938 -0.00115970883 0.999402821
vn -0.0203041695 -0.0021968435 0.999791443
vn -0.0334193036 -0.00124095299 0.99944067
vn -0.0195892379 -0.00224893261 0.99980557
vn -0.999989033 0.00468768366 0.000142730758
vn -0.981687605 0.0115958089 -0.190145195
vn 0.066985622 -0.0117294146 0.997685015
vn 0.0843343958 -0.0146354754 0.996329963
vn -0.178210393 0.0293597952 0.983554304
vn -0.212862343 0.035169255 0.976449013
vn -0.99466151 -0.0289348308 0.0990521461
vn -0.00401913607 0.96279496 0.270202994
vn 0.00937495381 0.98247993 0.186132327
vn 0.733863652 -0.0339276008 0.678448915
vn 0.151426926 -0.0030224598 0.988463759
vn 0.694739044 -0.0280059781 0.718716502
vn 0.00572521379 -0.0074176481 0.999956131
vn -0.042917259 0.984615862 0.169380441
vn -0.403731227 -0.085126698 0.910908699
vn -0.921173632 -0.0318779647 -0.387843937
vn -0.919059575 -0.0325812139 -0.392769665
vn -0.918069482 -0.0566808991 -0.392346561
vn -0.157051861 -0.0382146873 0.986850679
vn -0.00112452393 -0.00619240198 0.999980271
vn -0.999965847 0.00826637354 0
vn -0.999905407 0.00779370312 -0.0113302013
vn 0.983102202 -0.035146255 0.179652289
vn 0.983102083 -0.035146255 0.179652289
vn 0.00132479612 -0.0001861536 0.999999046
vn -0.00573254796 -0.999965131 -0.00606915494
vn -2.76186505e-08 -0.999992609 -0.00385008333
vn -0.00403653132 -0.999982834 -0.00425798493
vn 0 0 0.99999994
vn -9.05399489e-08 -0.999992609 -0.00385016715
vn -0.00403645448 -0.999982834 -0.00425800774
vn -5.5578532e-08 -0.99999249 -0.00385013595
vn -0.00403633993 -0.999982774 -0.00425810227
vn 4.65379799e-07 -1 1.6521053e-08
vn 0.028089324 -0.227822423 0.973297417
vn 0.0905553624 -0.0719175115 0.993291259
vn 0.118235782 0 0.992985547
vn 8.65611938e-08 -0.999992609 -0.00383260334
vn -0.00403647963 -0.999982893 -0.00424067723
vn -1.1719969e-08 -0.99999249 -0.00387206138
vn 0 -0.295188934 0.955438852
vn -0.00203394308 -0.999948382 -0.00994685013
vn 0.0205047205 0.999789536 -0.000718346972
vn -0.0271286163 0.98112005 0.191487372
vn -0.986279488 -0.0440063588 -0.159110755
vn 0.987911344 -0.037369255 -0.15044798
vn -0.992466331 -0.036170844 0.117056623
vn 0.996320724 -0.0330991 0.0790535882
vn -3.74695373e-05 7.66809535e-05 -1
vn 3.55804368e-05 0.000115439463 -1
vn -2.38684206e-05 8.75479382e-05 -1
vn 2.87341936e-05 6.44970205e-05 -1
vn -1.5591746e-05 -7.26696671e-05 -1
vn -0.945886493 -0.32449621 0.000985516119
vn -0.99605763 0.000635658624 -0.0887066424
vn -0.91685009 -0.398569435 0.0229846593
vn -5.92887918e-05 1.89126586e-05 -1
vn 0.996021152 -0.0854329914 -0.025360303
vn 0.991638184 -0.124056697 -0.0355495214
vn 0.9589746 -0.273416638 -0.0749076828
vn 0.947390854 -0.308799982 -0.0842208415
vn -9.50112008e-06 4.73499131e-05 -1
vn -3.7252812e-06 0.000139789161 -1
vn -1.70696567e-05 6.50618458e-05 -0.99999994
vn -2.51951897e-05 8.35603586e-08 -1
vn 0.992908478 -0.117781952 -0.0161316171
vn 0.999175191 -0.0294728409 -0.0279333033
vn 0.973897874 -0.222068384 -0.0469967648
vn 0.995685935 -0.0757288784 -0.0536165871
vn -0.00278306403 -0.0128351627 -0.999913752
vn 4.70839859e-06 1.18174721e-05 -1
vn 2.91128163e-05 5.33264283e-05 -0.99999994
vn -0.0763596892 -0.197770625 -0.977269709
vn -0.0587850697 -0.152234226 -0.986594737
vn -0.0170108136 -0.0439965315 -0.998886824
vn -2.79396909e-06 7.11849716e-05 -1
vn -6.26226529e-06 4.50673797e-05 -1
vn 0.0111725712 -0.0938274264 -0.995525777
vn 0.0475716926 7.11048415e-05 -0.998867869
vn 0.0364162438 -0.0288393255 -0.99892056
vn -1.19683446e-05 -0.122430764 -0.992477059
vn -0.000163563978 0.000120558805 -1
vn -7.50860636e-05 4.14593342e-05 -1
vn -1.02296808e-05 6.66484848e-05 -1
vn -0.000118083568 3.66106324e-05 -1
vn 0.0912086517 -0.0529450141 -0.99442333
vn -2.35831776e-05 4.20491706e-05 -1
vn -1.46986877e-05 -6.18191843e-05 -0.99999994
vn -1.37173056e-05 -5.24960524e-05 -1
vn -9.80083655e-07 6.85075647e-05 -1
vn 0 7.7818353e-05 -1
vn -0.00477943709 -0.00234015449 -0.999985933
vn 0.0101931151 0.00454979064 -0.999937773
vn 0.00269389548 0.00146186084 -0.999995351
vn 0.00744277006 8.75370533e-05 -0.999972284
vn 0.00878638588 -0.000293198071 -0.999961376
vn 0.00354721164 -0.00127755699 -0.999992847
vn 0.0137288775 0.00155284256 -0.999904513
vn -0.00515440479 -0.00221299473 -0.999984324
vn -0.00811803713 -0.987812102 -0.155439496
vn 0.0794511586 -0.994156539 -0.0730770826
vn 0.0962519124 -0.993721962 -0.057028275
vn 0.17094706 -0.985161185 0.0153150149
vn -0.0435902402 -0.998844385 -0.0202471353
vn -0.109429494 -0.991114438 -0.0756129399
vn -0.117817603 -0.989587665 -0.0826755539
vn -0.173489258 -0.976270854 -0.129602
vn 0.185677469 0.00528813526 -0.982596457
vn 0.242188767 0.00546941813 -0.970213771
vn 0.00173404883 -0.00321948645 -0.999993384
vn 0.0713262558 0.0028662472 -0.997448921
vn 0.997363389 0.0724544823 -0.00408234028
vn 0.995735526 0.0711779073 -0.0586904697
vn 0.997361124 0.0724386424 -0.00482181134
vn 0.995692313 0.0711588636 -0.0594403334
vn 0.245612457 0.00554706622 -0.969352305
vn -0.261605233 0.0184471998 -0.964998662
vn -0.284353733 0.0211519878 -0.958486021
vn -0.997095704 0.0742247552 -0.017053267
vn -0.997095883 0.0742250234 -0.0170410853
vn -0.997109413 0.0742454752 -0.0161369052
vn -0.997109532 0.0742457584 -0.0161240622
vn 0.319474876 0.0159232616 -0.947460949
vn 0.188295752 -0.0329627246 -0.981559038
vn 0.180335239 -0.0381967165 -0.982863307
vn -0.184654742 -0.982303619 -0.0313419811
vn -0.175657511 -0.983982205 -0.0303870905
vn -0.999116898 0.0418160222 -0.00411163364
vn -0.999995828 0.00287296763 -0.000336786761
vn -0.998316765 0.0579926632 -0.000701884797
vn -0.998119891 0.061289683 0.000510224199
vn 1 4.61899872e-05 1.26218856e-05
vn 1 1.57682389e-05 -1.71709098e-06
vn 1 1.4456084e-06 -1.88151955e-06
vn 0.99999994 1.65578731e-10 -2.3260352e-06
vn -0.185509026 -0.98218143 -0.0301000662
vn -0.177067474 -0.983763516 -0.0292648934
vn -1 0.000288780662 1.20297764e-05
vn -1 -1.16459141e-05 6.91912078e-07
vn -0.99999994 0.000348718779 7.78614503e-06
vn 1 7.41774202e-05 3.65495398e-05
vn 1 0.000156378053 4.76383593e-06
vn 1 3.35574987e-05 -4.42261698e-05
vn 1 5.2969007e-09 -5.37576962e-05
vn -0.185495481 -0.982183933 -0.0300986823
vn -0.17705439 -0.9837659 -0.0292635579
vn -0.999999881 0.000455409638 3.6938025e-05
vn -1 9.70812034e-05 8.76796257e-05
vn -1 9.37126242e-05 -0.000119467448
vn -1 -1.20105062e-06 -0.000145543003
vn 1 -0.00014223234 -6.31490548e-05
vn 0.999999881 -0.000235234227 -5.74801675e-07
vn 1 -5.08353405e-05 6.62405073e-05
vn 1 -6.36252251e-09 8.17612163e-05
vn -0.185505182 -0.982182205 -0.0300995484
vn -0.177063838 -0.983764172 -0.0292644016
vn -1 -9.28531153e-05 5.69687836e-06
vn -1 -0.000210605096 -0.000104127997
vn -1 -1.049609e-05 1.3138847e-05
vn -1 1.04191356e-09 1.69019258e-05
vn 0.999996185 -0.000436559611 -0.00276774494
vn 0.936187923 -0.349635988 -0.0361494794
vn -0.177063033 -0.983764291 -0.0292643532
vn -0.185504526 -0.982182264 -0.0300995167
vn -1 7.26527578e-05 4.51032065e-06
vn -1 4.02579781e-06 9.49474361e-06
vn -1 1.62736123e-05 -2.11235165e-05
vn -1 1.16273957e-09 -2.58290838e-05
vn 1 1.38908399e-06 -1.15095588e-06
vn 1 -9.72305133e-06 -6.80236269e-07
vn 1 -2.44068406e-06 3.21595417e-06
vn 1 -2.78354673e-10 3.91027652e-06
vn -0.0174120348 -0.999706209 -0.016865328
vn -0.99999994 1.62511642e-05 9.45920419e-07
vn -1 -3.56927899e-07 1.8191073e-06
vn -1 3.45533272e-06 -5.03686442e-06
vn -1 -7.66775088e-07 -6.21582058e-06
vn -0.0185928419 -0.999686599 -0.0167604089
vn 0.999994874 -0.00312495092 0.000644924236
vn 0.999525726 -0.0303613171 0.00515415566
vn 0.998074949 -0.0620176084 -0.000406044128
vn 0.99772352 -0.0674096942 -0.00194655475
vn -0.000234491308 0.000570456439 -0.999999821
vn 0.160434306 -0.0925952494 -0.982693791
vn 0.392580837 -0.226915836 -0.8912853
vn -0.0338549577 0.99810189 -0.0514431484
vn -0.0282407105 0.998518646 -0.0465076156
vn -0.0189601593 0.999084651 -0.0383463502
vn -0.0446526222 0.997142613 -0.0609320402
vn -0.377632231 -0.331829369 -0.864455402
vn -0.377632201 -0.331829369 -0.864455462
vn -0.00103450881 0.00251669134 -0.999996305
vn -0.0166455153 0.998890281 -0.0440583043
vn 0.00725142937 0.999487579 -0.0311785247
vn 0.0708224177 0.99748379 0.00321058836
vn -1 0.000256277388 9.21543979e-05
vn -1 5.04494565e-05 -3.68344445e-05
vn -1 4.76747739e-11 -5.11636135e-05
vn 0.00402850797 0.972642362 0.232272878
vn 1 9.78035041e-06 -2.41975977e-05
vn 0.99999994 4.17068404e-05 1.24290659e-06
vn 1 -1.57622593e-09 -2.70816472e-05
vn -0.0615258701 0.995774329 -0.0681775361
vn -0.00732230023 -0.977043033 -0.212916091
vn -0.00271484838 -0.999938309 -0.0107745621
vn -0.000148910636 -0.999841809 -0.0177825391
vn 0.000219937196 0.986226916 0.165397421
vn 0.00364672625 0.00021627282 -0.999993384
vn 0.0036160918 0.000214552289 -0.999993443
vn 0.000729206426 5.24153074e-05 -0.999999702
vn 0.000695313851 5.05117932e-05 -0.999999642
vn -0.00194493181 0.000100111414 -0.999998093
vn -0.00121668621 3.2344331e-05 -0.999999225
vn -0.00195387914 0.000100943987 -0.999998093
vn -0.00120765239 3.15036741e-05 -0.999999225
vn -1 0.000235216576 0.000105992207
vn 0.0142643573 -0.969533801 -0.244541809
vn -0.0134181706 -0.999610066 -0.0244884398
vn -0.000166680591 -0.999541759 -0.0302683786
vn 1 2.88889278e-05 1.54152804e-05
vn 0.00774292741 -0.962821662 -0.270026952
vn 0.0148927271 -0.963388264 -0.267696232
vn 0.00164912501 -0.999575138 -0.0290984642
vn -0.000223721305 -0.99958843 -0.0286849458
vn 0.00602477603 -0.995750546 -0.0918941721
vn -7.57973539e-05 -0.99958992 -0.0286312923
vn -0.00164912583 -0.962498188 -0.271282881
vn 0.00154788408 -0.999557436 -0.0297067631
vn 0.00513994414 -0.963459969 -0.267803103
vn 0.027974233 -0.978966951 -0.20209153
vn 0.0328787901 -0.996921957 -0.0711726248
vn -0.0339965001 -0.999253869 -0.0183265842
vn -0.00889642909 -0.9970752 -0.0759072602
vn 0.00726368744 -0.964584887 -0.263672441
vn 0.01995207 -0.999653697 -0.017154282
vn -6.63402752e-05 -0.999983072 0.00582919968
vn -0.0284393299 -0.964234531 -0.263520509
vn -0.018486565 -0.999493241 -0.02591292
vn -0.000349435344 -0.999461889 -0.0328004956
vn 0.0247268975 -0.998998642 -0.0372861065
vn -0.990245223 0.0850970596 -0.110331289
vn 0.027386738 -0.999555469 -0.0117880795
vn -0.000248378434 -0.999999404 -0.00104825781
vn 0.00398062309 -0.946014404 -0.324100196
vn 0.00565490546 -0.989095986 -0.147163615
vn -0.0576315299 -0.867417276 -0.494232684
vn 0.0141180987 -0.919059575 -0.393865854
vn -0.99999994 -0.000129144275 2.67369851e-05
vn -0.0101564815 -0.916617811 -0.399635643
vn 0.998991311 0.0415827185 -0.0169512499
vn -0.99999994 -0.000343638152 -6.69040901e-06
vn 0.0115071768 -0.870977342 -0.491188407
vn -1 3.4725701e-05 2.1582533e-05
vn -1 -9.15397613e-05 -0.000104509163
vn -0.00210279645 0.888050437 0.459741354
vn 0.00687497761 0.774192035 0.63291347
vn 1 2.75050843e-05 1.84115524e-05
vn -0.0160210859 -0.763185382 -0.645981014
vn 0.99999994 3.37412966e-05 2.34072922e-05
vn 1 -0.000209403108 -4.49289146e-05
vn -0.00575790694 -0.82307291 -0.567906559
vn -1 -9.56911754e-05 -0.00013588382
vn 1 0.00017416451 0.000148218169
vn -0.0402008295 -0.752982974 -0.656810999
vn 0.00102448091 -0.731481493 -0.681860626
vn 1 -1.9758711e-06 1.1158221e-06
vn -0.0317563973 -0.710942507 -0.702532828
vn -1 -1.5700291e-06 7.97026132e-07
vn -0.00907135662 -0.741884708 -0.670466065
vn -1 -3.72385989e-06 7.77917649e-06
vn 0.00406774553 -0.73173207 -0.681580245
vn 0.99999994 1.31301942e-06 9.58437909e-07
vn -0.0120821064 -0.724207938 -0.689475834
vn 1 2.19370286e-05 6.44744214e-05
vn -0.0152115058 -0.738581061 -0.67399317
vn 0.99999994 1.66755274e-06 2.85079022e-06
vn -0.0104213348 -0.708278 -0.7058568
vn -0.00212647812 0.680079639 0.733135104
vn 1 0.000180640636 0.000263370224
vn 0.0164211541 -0.629869103 -0.776527762
vn -0.99999994 1.8864419e-05 -1.49015868e-05
vn 0.0173633583 -0.688016474 -0.725487232
vn -1 4.74796834e-05 7.54178327e-05
vn 1 9.94589118e-06 -5.16925174e-05
vn 1 6.08428309e-06 -1.97329591e-05
vn 1 -6.82029577e-06 0.000167194201
vn 1 1.73969602e-06 2.81980806e-06
vn 1 1.66748359e-05 7.18589072e-05
vn -0.0449439138 -0.552327394 -0.832414925
vn -0.999999881 1.12496282e-05 -0.000253999548
vn -1 -9.72514972e-05 -0.000289081421
vn 0.00310262712 -0.57579267 -0.817589819
vn 0.99999994 -0.000177755981 -0.000201335337
vn 0.99999994 -0.000212388943 -0.000248216413
vn -0.00385282468 -0.622758448 -0.78240478
vn -1 -1.16956762e-05 -3.35132499e-05
vn -0.99999994 -4.43597492e-05 -0.000112321759
vn -1 -5.08593257e-06 1.29501905e-05
vn -1 -2.06202898e-07 -8.28931775e-07
vn -1 1.28274187e-05 -1.73585067e-06
vn -1 -6.0605922e-05 -0.000194474254
vn -1 5.60078297e-05 4.33466048e-05
vn -1 0.000147380139 0.000134842674
vn 0.00509351399 0.479297131 0.877637863
vn 1 6.89603694e-05 -0.000239784466
vn -0.0020456505 0.387779951 0.921749771
vn -0.99999994 -0.000140654534 -0.000259408698
vn 0.267767459 -0.750526249 -0.604161263
vn 0.267767429 -0.750526249 -0.604161263
vn 0.267773449 -0.750524998 -0.604160249
vn 0.26777342 -0.750524998 -0.604160249
vn 0.267753273 -0.750529408 -0.604163766
vn 0.267753273 -0.750529349 -0.604163706
vn 0.267768145 -0.75052613 -0.604161143
vn 0.267768145 -0.75052619 -0.604161203
vn 0.267768174 -0.75052619 -0.604161143
vn 0.267767191 -0.750526369 -0.604161263
vn 0.267767221 -0.750526488 -0.604161382
vn 0.267767191 -0.750526369 -0.604161322
vn 0.23471202 -0.752092302 -0.615846932
vn 0.234712005 -0.752092302 -0.615846932
vn 1 1.67951748e-05 -0.000110169145
vn 0.00107215624 -0.493346512 -0.869832218
vn 0.0255471803 -0.486761928 -0.873160958
vn -0.0202658512 -0.424238712 -0.905323625
vn 0.99999994 8.01242495e-05 -0.000349890324
vn -0.99999994 -2.81292014e-05 8.81970846e-05
vn 0.000946051674 -0.493959397 -0.869484425
vn -0.000330438546 -0.49562639 -0.868535697
vn -1 -5.87784177e-09 -3.38867423e-08
vn 0.0273341741 -0.482208014 -0.87563026
vn -9.93971335e-05 -0.458423853 -0.888733625
vn 0.999999702 -0.000187783589 0.000766772486
vn 0.021426538 -0.491790265 -0.87045002
vn 0.99999994 3.60883387e-05 -0.000159779025
vn 1 1.0924856e-06 -4.88718251e-06
vn 0.0204426236 -0.463061482 -0.886090457
vn 0.999999881 -4.38331117e-05 0.000319669984
vn -0.99999994 -7.33614161e-06 -2.09466107e-05
vn 0.0282737445 -0.455873162 -0.889595568
vn -1 5.77371866e-05 4.25417056e-05
vn 0.00383411534 0.184719443 0.982783854
vn 0.999999762 -3.95252391e-05 -0.000625779387
vn 0.00625036051 -0.406898677 -0.91345191
vn 0.99999994 -3.78889854e-05 -0.000422979763
vn 0.0511601008 -0.42593956 -0.90330404
vn -0.00143131986 0.115959547 0.993252933
vn 1 -0.000113383147 -0.000322513341
vn -0.99999994 4.58170907e-05 -2.41081398e-05
vn -0.99999994 -4.22197591e-05 -0.000387837237
vn 0.012713572 -0.339776158 -0.940420389
vn -0.013281717 -0.392395556 -0.919700682
vn 0.99999994 -1.1968069e-05 -0.000422273908
vn 0.00288346503 0.0140051097 0.999897778
vn 0.000314718956 0.00449312944 0.999989808
vn 0.0902511552 0.927954614 -0.361600518
vn 0.0902511477 0.927954555 -0.361600459
vn 0.0902511477 0.927954614 -0.361600459
vn -0.102415726 0.910402358 0.400847286
vn -0.102415733 0.910402417 0.400847316
vn -0.102415726 0.910402417 0.400847316
vn -0.000449410494 0.00249133771 0.999996781
vn -0.300084323 0.857149541 -0.41862148
vn -0.300084352 0.857149601 -0.41862157
vn -0.300084382 0.857149661 -0.41862157
vn 0.315692633 0.871105492 0.376182735
vn 0.307663947 0.948473752 -0.0757646188
vn 0.328849912 0.880113125 0.342430562
vn -1.10711323e-06 -8.67550341e-07 1
vn 0.00266729458 0.0142455352 0.999894977
vn 0.224199653 0.968777716 -0.105850101
vn -0.470045596 0.870500326 0.145898432
vn -0.470045537 0.870500207 0.145898417
vn -0.470045626 0.870500386 0.145898432
vn 0.0129952468 0.998391211 -0.0551910885
vn -0.0595000535 0.952865422 -0.297501624
vn -0.00061888207 0.00234495709 0.99999702
vn -0.0140443295 0.980482996 0.19610171
vn -0.0199242067 0.98705864 0.159117281
vn 0.0480493233 0.99855876 0.023909118
vn -0.0425179489 0.988240063 -0.146879569
vn 0.09928523 0.991857827 0.0797531605
vn -1 -1.13480846e-05 3.95412208e-05
vn -1 -2.05353422e-06 9.1873917e-06
vn -0.0675238147 0.938857198 -0.337620616
vn 1 -4.0434672e-05 8.89723597e-05
vn 1 -4.1622925e-06 1.79281342e-05
vn 1 0 0
vn -0.267767161 -0.604161799 -0.750526011
vn -0.267767131 -0.604161739 -0.750525951
vn -0.267767131 -0.604161739 -0.750526011
vn -0.267764091 -0.604165673 -0.750523925
vn -0.267764121 -0.604165673 -0.750523984
vn -0.267764121 -0.604165733 -0.750523984
vn -0.267762482 -0.604159951 -0.75052923
vn -0.267762452 -0.604159892 -0.75052917
vn -0.267762452 -0.604159951 -0.75052917
vn -0.267767131 -0.604162157 -0.750525832
vn -0.267767161 -0.604162097 -0.750525773
vn -0.267767131 -0.604162097 -0.750525773
vn -0.267766178 -0.604162157 -0.750525951
vn -0.267766207 -0.604162157 -0.750525951
vn -0.267766207 -0.604162216 -0.750526011
vn -0.278462052 -0.615414977 -0.737375975
vn -0.278462023 -0.615414917 -0.737375915
vn 0.192852527 -0.34490186 -0.918613434
vn 0.235042974 -0.327457517 -0.915164649
vn -0.0693246722 -0.393725514 -0.916610301
vn 0.999999881 0.000106431005 -0.000464767858
vn -1 -3.9135728e-05 0.000122707264
vn 0.000270386983 -0.416321039 -0.909217656
vn 5.95807796e-05 -0.416518867 -0.909127057
vn -1 -3.60380028e-07 1.10440997e-11
vn -0.99999994 -2.88645111e-07 1.30493035e-07
vn 0.0482828394 -0.388569385 -0.920153618
vn 0.999999464 -0.000239045359 0.0009899945
vn -0.010333294 -0.419436783 -0.907725692
vn 0.99999994 4.83533331e-05 -0.000214081578
vn 1 1.91493746e-06 -8.56638053e-06
vn 0.0984886959 -0.437557727 -0.893780351
vn 0.0325514041 -0.405245662 -0.913628101
vn 0.999999881 -5.80816341e-05 0.000401314261
vn -0.109178819 -0.409221917 -0.905879319
vn -1 8.25987518e-05 -0.000416503201
vn 0.0342161022 0.49958545 -0.865588605
vn 0.0342160985 0.49958542 -0.865588665
vn 0.0342161022 0.49958542 -0.865588665
vn 0.99999994 -1.98194757e-05 -0.000405301951
vn -0.0755916461 -0.993179083 -0.0887768716
vn -0.00298353285 -0.948037803 -0.318143576
vn -0.0903901532 -0.994849145 -0.0458780117
vn 0.999999642 0.000138838819 0.000920244318
vn 0.999999583 0.000138838805 0.00092024426
vn 0.065185979 -0.9803949 0.185947776
vn 0.153065488 -0.930341244 0.333220959
vn 0.20843631 -0.877562225 0.431785613
vn -0.100560516 -0.973136246 -0.207107052
vn -0.0869748592 -0.974854708 -0.20516713
vn -0.136880696 -0.980183303 -0.143193737
vn -0.00589983398 -0.999982595 3.06451693e-05
vn -0.00589983445 -0.999982595 3.0645173e-05
vn -0.00589983398 -0.999982595 3.0645173e-05
vn -0.000212622355 -0.0201115236 -0.999797642
vn 0.00199881452 -0.0671967939 -0.997737765
vn -0.00109566818 -0.298071295 -0.954542994
vn -0.069051072 0.971800804 -0.225466445
vn -0.14767836 0.989032686 0.00235103769
vn -0.1616074 0.985805511 0.0455029532
vn 0.091364041 0.991755903 0.0898486301
vn 0.0396847911 0.998581946 0.0354859717
vn 0.154334858 0.97061348 0.18463549
vn 0.00715153478 0.992023408 -0.12585026
vn 0.00715153571 0.992023468 -0.125850275
vn 0.00715153571 0.992023528 -0.125850275
vn -0.319470644 0.937638283 0.137014419
vn -0.319470614 0.937638283 0.137014419
vn -0.319470614 0.937638223 0.137014419
vn 0.0646097586 -0.03699141 -0.997224689
vn 0.0227747075 -0.0446387194 -0.998743534
vn 0.0319903642 -0.0479543358 -0.99833709
vn -0.00980161689 -0.0377988406 -0.999237239
vn 0.02162412 -0.0463373996 -0.998691797
vn 0.0201885719 -0.0460493527 -0.99873513
vn 0.000482053758 -0.0398321487 -0.999206245
vn -0.0114307236 -0.0328016877 -0.999396503
vn 0.0126906931 -0.035481859 -0.999289691
vn -0.0189277809 -0.0149066756 -0.999709785
vn -0.00709943101 -0.0413015522 -0.999121547
vn -0.0229521897 0.307570636 0.951248348
vn -0.0229521934 0.307570666 0.951248348
vn 0.0312190875 0.780462921 0.624422073
vn 0.0312190875 0.780462921 0.624422133
vn 0.0312190894 0.780462921 0.624422133
vn -0.0199785605 0.00229750783 -0.999797821
vn -0.00948201772 0.0359525308 -0.999308527
vn -0.00587074598 -0.00704405131 -0.999957919
vn 0.0726447254 -0.0186846554 -0.997182906
vn 0.0839867666 -0.0305702239 -0.995997846
vn -0.0426652953 -0.821334004 0.568849862
vn -0.0426652953 -0.821333945 0.568849862
vn -0.042665299 -0.821334004 0.568849921
vn -0.0343254693 0.000168112616 -0.999410689
vn -0.00237923302 0.0353459492 -0.999372303
vn -0.045950871 0.0583347455 -0.997238994
vn 0.0348841809 0.00383510976 -0.999383986
vn 0.00418789312 0.0148771433 -0.999880612
vn -0.044113595 0.0495698303 -0.997796059
vn -0.000151850152 -0.00790075772 -0.999968767
vn -0.0455807485 0.0359220803 -0.998314559
vn 0.00528866937 -0.00334028457 -0.999980509
vn 0.0100946808 0.0101987971 -0.999897063
vn -0.0552070104 0.021261951 -0.998248577
vn 0.0156204803 0.0157805514 -0.999753475
vn 0.953696787 -0.00499103032 -0.3007285
vn 0.953696728 -0.00499103032 -0.3007285
vn -0.00713025033 0.0419312157 -0.999095023
vn -0.0214274898 0.0395745859 -0.99898684
vn 0.00196107104 -0.0193794891 -0.999810278
vn 0.00890715793 -0.0180664565 -0.999797106
vn -0.0296011232 0.0474682637 -0.998434007
vn 0.080310978 -0.169919446 -0.982179999
vn 0.0388188884 0.359046519 -0.932512105
vn 0.0388188921 0.359046489 -0.932512105
vn 0.0388188884 0.359046489 -0.932512045
vn -0.110343054 -0.94122684 -0.31924364
vn -0.0463114604 -0.914890051 -0.401038021
vn -0.175274327 -0.956358194 -0.233790383
vn -0.00103086187 0.999922991 -0.0123709124
vn 1 2.87562289e-05 -4.38472089e-05
vn 1 2.3710827e-05 -2.37127679e-05
vn -0.282171905 0.931922019 0.227816731
vn -0.282171875 0.931921959 0.227816731
vn 0.0176161937 0.0266182497 -0.99949044
vn 0.0379573964 0.0147992484 -0.999169707
vn 0.00614637183 0.0264713969 -0.99963063
vn 0.0407489091 0.00476641487 -0.999158025
vn -0.0201941654 -0.140565172 -0.989865482
vn -0.0363039225 0.264573455 0.963681996
vn -0.0326761268 0.246653721 0.968552589
vn -0.0368879624 0.267455518 0.962863863
vn -1 4.92070285e-07 1.52186499e-06
vn -0.99999994 4.92070228e-07 1.52186499e-06
vn -0.99999994 4.92070171e-07 1.52186487e-06
vn -0.0323018171 0.244803056 0.969034672
vn 0.018647477 -0.0505488105 -0.998547554
vn -0.190688848 -0.0385449678 -0.980893493
vn -0.2343743 -0.0231572259 -0.971870542
vn 0.00446581421 -0.0525687188 -0.998607278
vn -0.00798914023 -0.0465224646 -0.998885274
vn -0.0208094735 -0.0405110084 -0.998962462
vn -0.00119890796 -0.0511409044 -0.998690724
vn 0.0159727782 -0.0442125723 -0.998894453
vn 0.010033167 0.0299707092 -0.999500394
vn -0.0196947698 0.0318178162 -0.999299705
vn -0.050573118 0.0149487974 -0.99860847
vn -0.0164873432 0.000968276174 -0.999863625
vn -0.0194598921 -0.0551334918 -0.998289347
vn -0.0763869658 -0.977033257 -0.198924541
vn -0.0106319664 -0.921844959 -0.387413174
vn -0.0917130113 -0.983471334 -0.156118259
vn -0.142205968 -0.00978262443 -0.989788771
vn -0.044788707 -0.0330234058 -0.998450458
vn -0.0595193952 -0.0401242934 -0.99742049
vn -0.0337858982 -0.0432644822 -0.998492241
vn 0.291440576 -0.929225326 0.227162018
vn 0.291440576 -0.929225385 0.227162018
vn 0.291440576 -0.929225385 0.227162004
vn -0.149835423 0.976484299 0.155009121
vn -0.149835408 0.976484239 0.155009121
vn 0.118236095 0.93904984 -0.322809041
vn 0.066433236 0.920984626 -0.383893013
vn 0.178761005 0.955747902 -0.233645841
vn 0.99999851 5.33298626e-05 -0.00170687994
vn 0.99999851 5.33298662e-05 -0.00170688005
vn 0.0147982333 0.0150659215 -0.9997769
vn 0.197655201 -0.0122588286 -0.980194986
vn 0.184278905 -0.0102393869 -0.98282069
vn -0.00455975858 0.0179237612 -0.999828875
vn -0.0877027437 0.0292543154 -0.995717108
vn 0.197093353 -0.013080271 -0.980297446
vn 0.176311418 -0.00994423218 -0.984284222
vn -0.117363781 0.0335848071 -0.992520988
vn 0.161315888 -0.0651867315 -0.984747529
vn 0.161315903 -0.0651867464 -0.984747648
vn 0.161315903 -0.065186739 -0.984747648
vn -0.380765587 0.0142649449 -0.92456162
vn -0.380765557 0.014264944 -0.92456156
vn -0.380765587 0.0142649468 -0.92456162
vn -0.208469361 0.0355290212 -0.977383375
vn 0.190117434 -0.0233407002 -0.981483817
vn 0.160722986 -0.0189719889 -0.9868173
vn -0.247804657 0.0412949175 -0.967929602
vn 0.216588214 -0.0161965527 -0.976128638
vn 0.196988121 -0.0132404976 -0.98031646
vn 0.198485151 -0.0134660397 -0.980011344
vn 0.218683526 -0.0165129621 -0.975656092
vn 0.0177120231 0.0144049823 -0.999739349
vn 0.197566077 -0.0123878364 -0.980211318
vn 0.184427723 -0.0104109989 -0.982791007
vn -0.00147403346 0.0172295701 -0.999850452
vn 0.00966846384 -0.934095562 -0.35689196
vn -0.0100663509 -0.978930056 -0.203947827
vn -0.0188897531 -0.994057894 -0.107201137
vn -0.0194399972 -0.994701803 -0.100948006
vn 0.0154140424 -0.794827044 -0.606640339
vn 0.0154140405 -0.794826925 -0.606640399
vn 0.0154140396 -0.794826925 -0.606640339
vn -0.0301535837 -0.932173491 -0.360753715
vn -0.0231429134 -0.917370617 -0.397360861
vn -0.0359484814 -0.766400754 -0.641355932
vn 0.00595801929 -0.993874073 0.110357963
vn 0.00641092053 -0.993416786 0.114377081
vn -0.00263468805 -0.999798596 0.0198980309
vn -0.0549696945 0.963027298 -0.263736516
vn -0.046448078 -0.0315786488 -0.998421431
vn -0.284148425 0.0299415831 -0.95831269
vn 0.0889584199 0.30840233 -0.947087348
vn 0.0889584124 0.3084023 -0.947087288
vn 0.088958405 0.3084023 -0.947087288
vn 0.00899454299 0.944934249 -0.327136576
vn -0.00239447691 0.912560701 -0.408934295
vn 0.000885842834 0.916081607 -0.400990933
vn 0.000487920828 0.914543509 -0.404487312
vn -0.00455111545 0.908204913 -0.418501109
vn -0.392961025 -0.0256599691 -0.919197023
vn -0.43313691 -0.0131439418 -0.901232243
vn -0.015077156 0.967525899 -0.252321899
vn -0.00327603309 0.957814693 -0.287367553
vn 0.0173607282 0.940442801 -0.339508325
vn -0.00325380452 0.998684943 -0.0511630513
vn 0.00507004745 0.999765098 0.0210722499
vn -0.00230349461 0.999454021 -0.0329621993
vn -0.0149860829 -0.936807275 -0.349524856
vn -0.00290852366 -0.99806869 -0.0620523952
vn -0.0153898448 -0.904189289 -0.42685461
vn 0.00113519037 -0.968403637 -0.249385446
vn 0.000638864061 -0.976790607 -0.214195535
vn -0.00362749957 -0.9681952 -0.250169933
vn -0.00105038076 -0.971615851 -0.236561656
vn 0.00846193917 -0.978157818 -0.207691282
vn -0.0157950521 0.971764266 -0.235424802
vn -0.00501689455 0.95836848 -0.285490066
vn 0.0380770303 0.888646424 -0.457009345
vn 0.10357517 -0.0165049322 -0.994484603
vn -0.00494267419 0.980588198 -0.196016371
vn 0.00629977603 0.97394079 -0.226714522
vn 0.0197263118 0.964574933 -0.263070583
vn -0.00736343209 0.981877029 -0.189375818
vn 0.0556423888 0.742244005 -0.667815685
vn 0.0556423813 0.742243946 -0.667815626
vn 0.0178081486 0.888084114 -0.459335804
vn 0.00797822047 0.931861103 -0.362727553
vn -0.00492057949 0.984169066 -0.177163467
vn 0.0709382296 -0.316831589 -0.945825398
vn 0.070938237 -0.316831589 -0.945825398
vn 0.0709382221 -0.316831529 -0.945825219
vn -0.0487388521 0.217704028 -0.974797249
vn -0.0487388521 0.217704028 -0.974797189
vn -0.0203387588 -0.207336366 -0.978058219
vn 0.0333006717 0.0297490433 -0.999002576
vn 1.98319029e-07 -0.149183378 -0.988809526
vn 1.98319029e-07 -0.149183393 -0.988809586
vn 0.00871168822 -0.447191238 -0.894395888
vn 0.00871168822 -0.447191268 -0.894395947
vn 0.00871168729 -0.447191238 -0.894395888
vn 0.000333330594 -0.000748176361 0.999999642
vn 0.00077016151 -0.000803483825 0.999999285
vn 0.000464767363 -0.000805467833 0.999999583
vn 0.130800053 0.00976714585 0.991360664
vn -0.0016187341 -0.00136332121 0.999997735
vn 0.0083275456 0.00103297597 0.999964714
vn 0.345270127 -0.938028574 0.0298470557
vn 0.369547874 -0.927763939 -0.0518522002
vn 0.634335518 -0.77298975 -0.0102590881
vn -0.995824754 -0.04990419 -0.0764375702
vn -0.990766287 0.133462876 0.0238734949
vn -0.973183572 0.227867171 0.0314676873
vn 0.000213258376 -0.000373008108 0.999999881
vn 0.00616304437 0.000352159899 0.999980927
vn 0.00363031542 -0.000490759674 0.999993265
vn -0.000333701173 -0.0024910823 0.999996841
vn -0.000317755272 -0.00170338468 0.999998391
vn 0.979443252 0.0852228254 0.182833612
vn 0.989323497 0.0949000195 0.110603273
vn 0.990603089 0.0735904053 0.115281925
vn 0.969925463 0.032273028 0.241253018
vn -0.00816952251 0.000353057781 0.999966621
vn -0.00276622176 -0.00134789653 0.999995232
vn 0.0275610257 0.0539416932 0.9981637
vn 0.0275610238 0.0539416894 0.998163581
vn 0.0275610238 0.0539416894 0.99816364
vn -0.0581431203 0.988779604 0.137601584
vn -0.00772142829 0.996678054 0.0810746774
vn -0.161810443 0.961802959 0.220799699
vn -0.70724076 0.702744305 0.0772073492
vn -0.742051721 0.652569413 0.153337628
vn -0.670498013 0.741307795 0.0299214218
vn 0.849414766 -0.485602707 -0.206602335
vn -0.999554217 0.0192173328 0.0228456911
vn -0.996523023 0.0687553883 0.0470585562
vn -0.999425352 0.0282626078 0.0187151358
vn -0.00172794983 0.000241159374 0.99999851
vn -0.00130352611 -0.000735001988 0.999998868
vn -0.00889631454 -0.000322934007 0.999960423
vn 0.997307897 -0.0063985493 0.0730474889
vn 0.978174925 -0.0510946661 0.201403022
vn -0.50990051 -0.858874202 -0.048336789
vn -0.440866172 -0.893464804 -0.0857771486
vn -0.0515342765 -0.998613954 0.0106905699
vn -0.00166967313 -0.00227273139 0.999996066
vn -0.990142763 0.0723718479 0.119915083
vn -0.941147387 0.0497865118 0.334309667
vn -0.984267771 0.00686684949 0.176550165
vn 0.00469860388 -0.000174384346 0.999988914
vn 0.00033146498 -0.0030759275 0.999995232
vn -0.829075515 -0.554168224 -0.0743718073
vn -0.814270616 -0.572578609 -0.0954838395
vn -0.153117076 0.987973154 -0.0215430036
vn -0.158576384 0.987200797 -0.0169749036
vn -0.118120633 0.991706848 -0.0506459959
vn -0.196867257 0.980311036 0.0152834831
vn 0.454583615 0.890703738 -0.00082162238
vn 0.454583615 0.890703678 -0.00082162238
vn 0.454583585 0.890703678 -0.00082162238
vn -0.0298895314 0.908003926 0.417894036
vn -0.0298895333 0.908003986 0.417894095
vn -0.0298895314 0.908003926 0.417894065
vn -0.974141598 0.100094475 0.202556536
vn -0.991727531 0.0882576331 0.0932040885
vn -0.980763316 0.0809784532 0.177611187
vn 0.000106665757 -3.2561536e-06 0.99999994
vn 0.997006953 -0.0723175928 0.0273393244
vn 0.997006893 -0.0723175928 0.0273393244
vn 0.997006893 -0.0723175853 0.0273393225
vn 0.857401252 -0.0736080334 -0.509357452
vn 0.857401252 -0.0736080259 -0.509357393
vn -0.0523288809 -0.998588979 0.00904370658
vn -0.349916935 -0.93449527 0.0653966516
vn -0.433959216 -0.897253692 0.081334345
vn -0.0215255469 -0.999502182 0.0230646525
vn 0.433037966 -0.898347735 0.0738206059
vn 0.347041994 -0.935675919 0.0638159961
vn -0.388411641 0.908756435 0.152637854
vn -0.401500016 0.909700513 0.106031299
vn -0.465631366 0.86864537 0.169241101
vn -0.991128981 0.115685552 0.0654236823
vn -0.960181057 0.132840842 0.24577561
vn -0.989227533 0.0963537171 0.110203341
vn -0.0185337756 0.999178231 0.0360451043
vn 0.000273187732 -3.03116121e-05 0.99999994
vn -0.99175638 -0.0705100894 -0.106993414
vn -0.997216046 -0.0744176805 -0.00471143285
vn -0.997219086 -0.0744784847 -0.00265964866
vn 0.13199839 0.00985268969 0.991200864
vn 0.000723419304 -0.999816 0.0191725623
vn 0.163098648 -0.978738368 0.124379054
vn 0.111419521 -0.989493608 0.0921309963
vn 0.969958007 -0.194779813 0.145747557
vn 0.969957948 -0.194779828 0.145747557
vn 0.969957888 -0.194779813 0.145747557
vn -0.00148706359 -0.999044061 0.0436889939
vn 0.109809168 -0.988255203 0.106271662
vn 0.0624412224 -0.994404554 0.085209839
vn -0.00711653475 -0.999931931 0.00924776867
vn -0.983370006 0.11260844 0.142487794
vn 0.00890878867 0.999934137 0.00724702561
vn -0.091606304 0.992787182 0.0773435086
vn -0.0141599262 0.999801993 0.0139831034
vn -0.110029832 0.990189433 0.0861309543
vn -0.964970469 -0.207864687 0.160075769
vn -0.964970529 -0.207864717 0.160075784
vn -0.96497041 -0.207864702 0.160075769
vn -0.0315075777 0.998639822 0.0415430963
vn 0.990098894 0.0925271064 0.105559178
vn 0.996424615 0.0683969557 0.0495964587
vn 0.996054053 0.0800616741 0.0382936262
vn -0.99540633 0.090141803 0.0322625451
vn -0.979822159 0.116831511 0.162169307
vn 0.989224136 -0.039186433 0.141067907
vn 0.989224076 -0.0391864292 0.141067892
vn 0.989224017 -0.039186433 0.141067892
vn -0.995311618 -0.0566882379 0.0783671513
vn -0.995936871 -0.0574026331 0.0693885162
vn 0.997890949 0.0486463867 0.0429787524
vn 0.999256074 0.025392741 -0.0290259048
vn 0.116846055 -0.991313875 0.0603636168
vn 0.0515860282 -0.998310804 0.0267289467
vn 0.16794917 -0.981975615 0.0867013484
vn 1 9.59745012e-06 -8.47385536e-07
vn 1 9.59745103e-06 -8.47385536e-07
vn -0.0460852943 -0.998461723 0.0308286212
vn -0.126389489 -0.991134107 0.0409741327
vn -0.173244998 -0.984374583 0.0315092169
vn -0.221927091 -0.97490263 -0.0177039821
vn 0.00144177757 -0.00135077094 0.999998033
vn 0.000834256702 -0.00254364335 0.999996424
vn 0.000529318233 -0.000482943346 0.999999821
vn 3.66469976e-06 -7.33929892e-06 1
vn 0.99999994 -0.000478535076 -0.00014265145
vn 1 -1.73075668e-11 3.71862043e-05
vn 1 -8.64182002e-05 1.45396707e-05
vn 0.120171562 -0.992525101 -0.0212814566
vn 0.0994806737 -0.995018005 -0.00653565209
vn 0.00476731826 -0.998160779 0.0604353137
vn 6.24901586e-05 0.000836678024 0.999999583
vn 0.000245854986 0.000692248461 0.999999702
vn -0.222215727 -0.960040748 0.170123398
vn -0.18311967 -0.962540269 0.199958116
vn -0.366410553 -0.928972781 0.0524680428
vn 1.71450356e-05 -4.11967158e-05 1
vn 0.95993036 0.276987374 0.0425636061
vn 0.938579082 0.344549596 -0.0188380554
vn 0.97251761 0.209614262 0.101347938
vn -0.0106460806 0.986358821 0.16426456
vn -0.136065871 0.987484276 0.0797549114
vn -0.110756189 0.991443694 0.0690833628
vn -0.0196968857 0.966682494 0.25521946
vn 0.0567813106 0.997401953 0.0443318337
vn 0.00423402339 0.964153528 0.265311331
vn 0.0691243559 0.996832967 0.0393175557
vn -0.998055458 0.0622891188 -0.00233679521
vn -0.999869704 0.0155728096 0.00424709311
vn -1 -5.58620377e-06 0.000210042665
vn 0.989308774 -0.0641782582 -0.130954593
vn 0.207214326 -0.974701345 -0.0837832093
vn 0.97507751 0.083336547 0.205618322
vn -0.0318087153 -0.950860858 0.30798021
vn 0.0483247824 -0.998610377 -0.0210215766
vn -0.0149743268 -0.00160351628 0.999886632
vn -0.00245625386 -0.000185549055 0.99999702
vn -0.0152939595 -0.001639914 0.999881625
vn 0.0164015591 -0.00116978062 0.999864757
vn 0.0224468913 -0.00497564208 0.999735713
vn 0.0152097205 -0.00110281724 0.999883771
vn 0.0660509318 -0.00402750075 0.997808158
vn -0.00022102012 -0.000256990897 0.99999994
vn 0.0205254704 -0.00505451998 0.999776483
vn -0.995880961 -0.073744975 -0.0527522974
vn -6.73552713e-05 -0.000262979447 0.99999994
vn 0.0357121117 0.998856962 0.0317694023
vn 0.0101440521 0.999636292 0.0249872971
vn 0.138719499 0.988576591 0.0589336008
vn 0.163787052 0.984318435 0.0655050352
vn 0.999999821 -0.000582190696 -0.000121455916
vn -0.822217524 0.567234993 -0.0469324179
vn -0.822217643 0.567234993 -0.0469324216
vn -0.822217584 0.567234993 -0.0469324216
vn -0.350978911 0.935870051 0.0310006607
vn -0.350978881 0.935869992 0.0310006589
vn -0.995049536 0.0977303758 0.0180313494
vn -0.00170987542 -0.999998391 -0.000510101207
vn 0.87383467 -0.313947737 0.371281266
vn 0.976901889 0.111002259 0.182595953
vn 0.974520862 0.133876532 0.179961756
vn -0.553610981 -0.82739979 -0.0944690779
vn 0.956432223 -0.085800536 -0.279062241
vn -0.981649697 -0.0614824891 -0.18050994
vn -0.989831984 -0.0161954239 -0.141316593
vn -0.985097885 -0.0721465051 -0.156131074
vn 0.986365736 -0.0886004567 -0.138681546
vn -0.988232613 -0.0764702186 -0.132471114
vn -0.99974668 -0.000119663055 0.022507472
vn -0.99974668 -0.000119663047 0.0225074701
vn 0.99974668 -0.000119663047 0.0225074701
vn 0.99974668 -0.000119663055 0.022507472
vn -0.999999881 -0.00036179286 -0.000129937136
vn -0.99994415 -0.0103755267 -0.00199362682
vn -0.996483684 -0.0834742486 0.00723686954
vn -0.998448133 -0.0552259088 0.00717075029
vn -0.991391838 -0.130361661 0.0121632973
vn 0.999791503 0.0146236243 -0.0142541388
vn 0.999901712 0.0139184417 0.0016848353
vn 0.999944806 0.000248118682 -0.0104999393
vn 0.999581993 -0.0288031101 -0.00251483847
vn 0.999372959 -0.0350156613 0.00523989927
vn 0.999844015 -0.0171927046 -0.00406471081
vn 0.999977231 -0.0041873185 -0.00529298559
vn -0.999796212 0.0200988576 0.00189107377
vn -0.999906301 0.0117893443 -0.00695747836
vn -0.999938369 0.000241688773 -0.011101149
vn 0.081515871 -0.994039953 -0.0723853782
vn -0.051570531 -0.998215079 -0.0301182158
vn -0.0677743927 -0.997389615 -0.0249097738
vn 0.0320893414 -0.998912454 -0.0338227674
vn -0.0229684506 -0.997418582 -0.0680335984
vn 0.047118675 -0.998590171 -0.0244447719
vn 0.999780416 -0.0209508948 0.00046621426
vn -8.98009239e-05 -0.99999994 9.49525784e-05
vn 0.000345587701 -0.999999881 -0.000199280345
vn 0.900184453 -0.301721185 0.314057767
vn 7.16987643e-06 1 3.57010067e-05
vn -0.0103542386 0.999946475 2.31874201e-05
vn -0.153236493 0.988188505 0.00147615478
vn -0.174997777 0.984567344 0.00170275057
vn 0.925376177 0.132357329 0.355190665
vn 0.979614079 0.100598507 0.17388548
vn 0.981925666 0.0927678049 0.164972931
vn 0.96047169 0.120603144 0.250896394
vn -0.0246547498 0.984548092 0.173370346
vn -0.787864506 0.58458972 0.193712533
vn -0.0052671344 -0.999975204 0.00466301059
vn -0.0129275825 -0.999851465 0.0113952262
vn -0.00323170563 -0.999994576 0.000532963197
vn 0.973371089 0.0980091467 0.207226709
vn -0.990154445 0.0601678304 0.126388147
vn -0.965785265 0.111933276 0.23394376
vn -0.0378152356 -0.996296704 -0.0772201046
vn 0.997653306 -0.0645609573 0.0227976777
vn 0.999999881 -0.000318141654 0.000112341753
vn 0.0972114131 -0.992256582 -0.0773099214
vn -0.998269439 -0.0553386994 0.0198982414
vn -0.999877214 -0.00561445672 -0.0146319848
vn 0.989052415 0.0620817952 0.133869991
vn 0.998278856 0.0248522814 0.0531187579
vn -0.998972654 0.0241475124 0.0383466706
vn 0.999694765 0.0243913513 0.00391224818
vn 0.999924541 0.00446851458 0.0114417942
vn -0.999926209 0.00442389166 0.0113175688
vn -0.999397814 0.0346980281 0.000364824577
vn -0.917468429 -0.10462071 -0.383804977
vn -0.949521661 -0.0550790913 -0.308828533
vn 0.970070839 -0.104303963 -0.2192792
vn -0.989076614 -0.102180213 -0.106238566
vn -0.991796434 0.0514234602 0.117027164
vn -0.998438179 -0.0484604351 -0.0277970098
vn -0.935715139 -0.218249142 -0.277136147
vn 0.27488023 -0.0513768457 -0.960104823
vn 0.327514499 -0.0780382678 -0.941617846
vn 0.303726554 -0.0659470335 -0.950474143
vn 0.259419352 -0.0436080992 -0.964779735
vn 0.847700894 0.0682778582 0.526062071
vn 0.796923816 0.0307237823 0.603298068
vn 0.41390729 -0.868589163 -0.272458762
vn -0.854802072 0.113064393 0.506487727
vn 0.836919308 0.417307645 0.354147434
vn 0.836919308 0.417307645 0.354147404
vn 0.836919308 0.417307675 0.354147434
vn 8.66714399e-05 -1 -1.96359019e-06
vn -4.70459381e-05 -1 4.50826228e-05
vn 0.0002536994 0.999999881 -2.60727593e-05
vn 0.91968298 0.0877507702 0.382730752
vn -0.999698579 -0.00861687958 -0.0229904912
vn -0.99969852 0.00861687958 0.0229904912
vn -0.999698579 0.00861687958 0.0229904912
vn -0.99969852 0.00861687865 0.0229904894
vn -0.918778241 0.0886119828 0.384700149
vn -0.0016315775 -0.99999845 -0.000571223325
vn -0.0423005745 -0.992014408 -0.118820205
vn -0.0259070396 -0.994311213 -0.103314951
vn -0.0581739955 -0.989300132 -0.133794799
vn 0.989468336 -0.0599456355 -0.131753966
vn 0.998040378 -0.0351583287 -0.0517630577
vn -0.903821051 0.146294162 0.402126193
vn 0.946665883 0.14288865 0.288801819
vn -0.00873496942 -0.996167421 -0.0870299265
vn -0.00288069644 -0.931946456 -0.362584591
vn -0.0230595693 -0.960062206 -0.27883473
vn -0.0349883921 -0.958414376 -0.283227175
vn 0.0989224017 -0.864232361 -0.49327147
vn 0.997911096 0.00432159333 0.0644572377
vn 0.00190933142 0.00343192485 -0.999992251
vn 0.00833689794 0.0147744976 -0.999856114
vn 9.51982584e-05 -0.00100113929 -0.999999464
vn 0.000389986031 -0.00149265304 -0.999998748
vn 0.0128924893 0.0224484075 -0.999664843
vn -0.00628194818 0.015152147 -0.999865532
vn -0.000884660869 0.00213381462 -0.999997318
vn -0.003406059 0.00821546186 -0.999960363
vn 0.00080071995 -0.00193134777 -0.999997914
vn -0.998872042 0.00336429989 0.0473638028
vn 0.0100965202 -0.96228683 -0.271849394
vn -0.0013869151 -0.925984919 -0.377558053
vn 0.0237962008 -0.963506877 -0.266623855
vn -0.136486024 -0.154909208 0.978455245
vn -0.265448004 -0.087537989 0.96014297
vn -0.179881826 -0.132781073 0.974685431
vn -0.298043668 -0.0697136074 0.952003121
vn 0.77982837 -0.51742655 -0.352331519
vn -0.781812012 -0.465339512 -0.415005058
vn -0.370274603 -0.914424241 -0.163477927
vn -0.889025688 -0.28020823 -0.362100452
vn -0.00217257207 -0.904144824 -0.427220672
vn -0.999931157 0.0114339422 -0.00264451979
vn 0.0863341242 0.964121103 0.251031607
vn 0.0863341317 0.964121163 0.251031607
vn 0.0863341242 0.964121163 0.251031607
vn 0.99999994 -0.000223617331 -0.000153507004
vn -0.0954273194 0.870055318 0.483629405
vn -0.0432073884 -0.998754144 -0.0249638297
vn -0.0715141669 -0.996538579 -0.0423851572
vn 0.880518854 -0.116782308 -0.459400028
vn 0.000637653808 0.999999702 0.000285864895
vn 0.833562434 0.191008091 0.518352747
vn 0.804834902 -0.36423108 0.468589842
vn 0.000811935111 0.999999404 0.000582435983
vn -0.959758639 -0.10068801 -0.262155086
vn -0.870457947 0.186088815 0.455712587
vn -0.001848076 -0.999996006 0.00212678988
vn -0.00058113382 0.999999762 0.00022433816
vn -0.735491753 -0.52904135 0.423281282
vn -0.735491812 -0.52904135 0.423281282
vn -0.735491812 -0.52904135 0.423281312
vn 0.0597429834 0.875441968 0.479616791
vn -0.000279523898 0.999999881 0.000194024731
vn -0.477267623 0.801411867 0.360492229
vn 0.860235155 0.46263808 0.214385942
vn 0.793812156 0.577451289 0.190820009
vn 0.766335309 0.616276741 0.181475356
vn -0.995262384 0.0971151888 0.00461389171
vn -0.861645639 -0.114212058 -0.494492114
vn -0.349543124 -0.889177918 -0.295266092
vn -0.694352627 0.0743152872 0.71578747
vn 0.0297666248 -0.999374866 -0.0190793239
vn 0.195039898 -0.958519399 -0.207846016
vn 0.787673533 -0.417315334 0.453230828
vn 0.787673593 -0.417315364 0.453230858
vn 0.787673533 -0.417315364 0.453230828
vn -0.829043567 0.228073522 0.510557652
vn -0.817676604 0.290852398 0.496799529
vn -0.829532802 0.224817783 0.511206627
vn -8.74781472e-05 -0.99999994 3.60428494e-05
vn 2.68762215e-05 1 -1.65144775e-05
vn -0.000310572184 0.99999994 0.000272802659
vn -0.813349128 0.310483009 0.491999567
vn -0.0450621545 0.707879603 0.704894245
vn 0.999999881 0.000211423176 0.000389054971
vn 0.0361884311 0.746778548 0.664087474
vn -0.99999994 0.00023265116 0.0004200041
vn 0.00256934389 0.691251695 0.72260946
vn -0.451900035 0.81112951 0.371288657
vn 0.794741929 0.100446396 0.598578155
vn -0.00147965807 -0.999998271 -0.0011362615
vn -0.782956898 0.107838944 0.612657666
vn -0.806274414 0.199669167 0.556824803
vn -0.000219905982 1 8.09870398e-05
vn -0.984819472 0.0732949525 0.157348633
vn -0.00296520581 -0.77532196 -0.631559253
vn -0.239126816 -0.736225724 -0.633079767
vn 0.999999881 0.000229759797 0.000364401814
vn -0.999999702 0.000317441998 0.000544701878
vn 0.0194330756 -0.719122827 -0.694611132
vn 0.727671266 -0.380323172 -0.570831716
vn -0.73373872 -0.379943401 -0.563267767
vn 0.0426170714 0.707728863 0.705197632
vn 0.833525717 0.197208613 0.516084969
vn 0.910504878 0.152044997 0.384529859
vn -9.52799564e-06 1 -2.45540687e-05
vn -0.877249777 0.350864083 0.327608317
vn -0.892459869 0.39450109 0.218825117
vn 0.874458313 0.432502747 0.219690681
vn -0.0104674455 -0.999932468 -0.00505127804
vn 0.647654831 0.57568419 0.499130249
vn 0.647654831 0.57568413 0.499130249
vn -0.907983184 0.148389265 0.391850919
vn 0.990362525 0.0596044809 0.125017866
vn -0.632015944 0.563142121 0.532378495
vn -0.632015884 0.563142061 0.532378435
vn 0.00399884162 -0.999985695 0.00355298398
vn -0.287094414 -0.717044055 -0.635157168
vn -0.692148685 0.088130258 0.716354072
vn 0.807833791 0.351452857 0.473165452
vn 0.533731639 0.589257538 0.60655266
vn 0.491516024 0.612373531 0.619201601
vn 0.960305154 0.11644391 0.253485352
vn 0.693717957 0.140829146 0.706344485
vn 0.721406698 -0.172234103 -0.67075175
vn -0.768528759 -0.126171634 -0.627251327
vn 0.895271003 -0.157429233 -0.416780204
vn -0.89028275 -0.159005687 -0.426747948
vn 0.541153431 0.101652667 0.834757268
vn 0.527048349 0.0870772153 0.845362306
vn -0.041409187 -0.996616542 -0.0709984675
vn -0.00502206665 0.999982774 -0.00303434185
vn -0.00502206711 0.999982834 -0.00303434208
vn 0.668308735 0.227994427 0.708083212
vn 0.646915853 0.310533315 0.69646889
vn 0.652506471 0.290864497 0.699737906
vn 0.669044495 0.224733755 0.708430827
vn -5.91041271e-06 -1 -2.71928329e-05
vn -1.97020872e-05 -1 -2.45684205e-05
vn -0.000225793425 -1 5.08820667e-05
vn -2.39435358e-05 0.99999994 -1.5610749e-05
vn -0.000100048834 1 8.49611315e-05
vn -0.603767037 -0.417292446 0.679214478
vn -0.603767097 -0.417292446 0.679214478
vn -0.603767037 -0.417292416 0.679214478
vn -0.195989341 0.470569909 0.860320985
vn -0.0141816931 0.483330369 0.875323176
vn -0.999999464 0.000550578232 0.000900898594
vn -0.999999404 0.00046801701 0.000950087793
vn -0.995135546 0.0370568894 0.0912801921
vn -0.806697786 0.348140985 0.47753188
vn -0.964690447 0.10526292 0.241437629
vn -0.737993896 0.187505364 0.648233473
vn 0.987709701 -0.0633102804 -0.142903581
vn -0.230201513 -0.412369609 -0.881452501
vn 0.000746577571 -0.579743028 -0.81479907
vn 0.513009727 -0.55402106 -0.655653596
vn 0.723594904 0.183513612 0.665382028
vn -0.0133298989 0.414712489 0.90985477
vn 0.6697402 0.129368156 0.731239974
vn -0.556208134 -0.513018727 -0.653792202
vn 0.693872511 0.32963115 0.640222013
vn -0.946398199 -0.0796113536 -0.313037604
vn 0.631298184 -0.117657416 -0.766563296
vn -0.999999881 -1.50711767e-05 0.000336762372
vn 0.0190847553 0.242020801 0.970083296
vn 0.999173582 -0.00309687085 -0.0405286066
vn -0.658106923 -0.151186928 -0.73758918
vn 0.490197569 -0.61116606 0.621435881
vn 0.490197539 -0.611166 0.621435821
vn 0.490197539 -0.611166 0.621435881
vn 0.00168182771 0.99997139 0.00737927202
vn 0.00296262791 0.999561369 0.0294697583
vn -0.619165897 0.725173771 0.301258296
vn -0.619165838 0.725173771 0.301258296
vn -0.492736667 0.82185626 -0.285942137
vn -0.492736667 0.82185626 -0.285942107
vn 0.000596174737 -0.000604706525 0.999999583
vn 0.00298728677 -0.00355246733 0.999989212
vn 0.0012477315 -0.00170093845 0.999997795
vn 0.375375956 -0.925298274 -0.0540002063
vn 0.0745429322 -0.965428114 0.249783754
vn 0.573640108 -0.816074312 0.07042595
vn 0.630921662 -0.769938409 0.0955646932
vn 0.00121400913 -0.0016647178 0.999997914
vn -0.104662836 0.99439466 0.0149931228
vn -0.214347139 0.949126601 0.23068139
vn -0.228630096 0.933928251 0.27478379
vn -0.875849843 0.361993253 0.319136083
vn -0.875849843 0.361993283 0.319136083
vn -0.875849843 0.361993283 0.319136113
vn -0.801718235 0.521745265 -0.291598678
vn -0.801718175 0.521745265 -0.291598678
vn 0.00681246631 -0.0025391439 0.999973536
vn -8.50923461e-05 -0.000520870439 0.999999881
vn 0.00452042976 -0.000251488818 0.999989748
vn 0.795689881 -0.600222528 0.0813047215
vn 0.843856692 -0.536510825 0.00786663126
vn 0.979329288 -0.199516788 0.0332767852
vn 0.905554473 -0.424184233 -0.00622593518
vn 0.151651084 -0.968941987 0.195328817
vn -0.12658979 -0.982325971 0.137879059
vn -0.201297715 -0.968047738 0.149541453
vn 0.000180088813 -0.00157414039 0.999998748
vn -0.000466729252 0.0082808258 0.999965549
vn -0.000386877364 0.0070642028 0.999974966
vn 0.00820976682 0.983173966 0.182486966
vn 0.0314546712 0.972628355 0.23022759
vn 0.975449741 -0.177424416 0.130454749
vn 0.268990874 0.929164588 -0.253568619
vn 0.592080653 0.786909282 0.173822969
vn 0.494518757 0.826948822 0.267594486
vn 0.428866714 0.837511301 0.338597149
vn 0.000204449985 -0.00194531144 0.999998093
vn -0.328241736 -0.943041742 0.0541243739
vn -0.524956226 -0.826588631 0.202909246
vn 0.970998526 0.0474139936 -0.234337032
vn 0.951149642 0.301406771 0.06684535
vn 0.00629449962 0.00145705359 0.999979138
vn -0.628739655 -0.766247332 0.132482186
vn -0.771736026 -0.629527032 0.090105772
vn -0.939325452 -0.0756883174 0.334572673
vn -0.939325571 -0.0756883249 0.334572732
vn -0.947866142 0.115822442 -0.29687494
vn -0.947866261 0.115822449 -0.29687497
vn 0.00625406299 0.00169405935 0.99997896
vn 0.777079523 0.628996372 -0.0226030946
vn 0.00180665147 0.00339886593 0.999992549
vn -1.48786103e-05 -8.66321207e-05 1
vn 0.00225207442 0.00431002304 0.999988139
vn 0.943570614 0.315587699 0.100393727
vn 0.857753992 0.513562799 0.0226116776
vn -0.809138536 -0.579543769 0.0970772803
vn 0.794035852 0.56215477 0.231276974
vn 0.804945529 0.563941121 0.184480369
vn 0.00582717825 0.00254167756 0.999979734
vn -0.932718873 -0.36049062 0.00905243959
vn -0.977914989 -0.206202716 0.0340976976
vn -0.0070700082 -0.00263546617 0.999971509
vn -0.786360562 -0.573564112 0.229480118
vn -0.744272113 -0.637412369 0.199410364
vn -0.813038647 -0.493096769 0.309554011
vn -0.8931337 -0.320890784 -0.315184563
vn -0.89313364 -0.320890754 -0.315184534
vn -0.89313364 -0.320890784 -0.315184563
vn 0.980465353 0.195582464 -0.0208598655
vn -0.00494365208 -0.000692326983 0.999987483
vn -0.649449706 -0.7395702 -0.176779076
vn 0.695867419 0.683448672 0.220604628
vn 0.729965091 0.658745348 0.182223827
vn 0.997333109 0.0567886718 0.0458459593
vn -0.997626543 -0.0391902886 -0.0566161983
vn -0.975674272 0.197666839 0.0948023126
vn -0.0045306473 -0.000337640813 0.999989688
vn -0.630448639 -0.739182234 -0.23694773
vn 0.960751474 -0.186276495 0.205566823
vn 0.957933307 -0.214813828 0.190311968
vn 0.857649207 -0.514233172 0.00137951795
vn -0.92792505 0.355916053 0.110809945
vn -0.846637428 0.517699242 0.123258539
vn -0.983895302 0.1138798 0.137773499
vn 0.00049167109 -1.40401062e-05 0.999999881
vn -0.000206551864 -0.000413546572 0.999999881
vn 0.00127135625 0.000432077301 0.999999106
vn 0.777774036 -0.628168464 0.0217254125
vn -0.790248454 0.612739682 0.00758485682
vn 0.636517644 -0.761806965 -0.1203968
vn 0.6230883 -0.764081717 -0.167152703
vn -0.000897657534 -0.000808980491 0.999999285
vn -0.745456517 0.660100698 0.0925295949
vn -0.741069734 0.654411137 0.150205687
vn 0.0133461971 -0.999789059 0.0156108169
vn -0.00395341124 0.99977392 0.0208946075
vn -0.00624154694 0.99655962 0.0826430544
vn -0.496889025 -0.550066113 0.671214223
vn -0.496888995 -0.550066113 0.671214223
vn -0.496889025 -0.550066173 0.671214223
vn 0.0342912897 -0.451111615 -0.89180851
vn 0.0288931783 -0.408701181 -0.912210763
vn 0.195761323 -0.542015195 -0.817249715
vn 0.203685358 -0.542240083 -0.815161407
vn 0.984440565 -0.0576330535 -0.165997341
vn 0.999973595 0.000332270196 -0.00725395652
vn -0.243773922 -0.861860514 -0.44471404
vn 0.89668256 0.100881882 0.431025684
vn 0.564493954 0.137982741 0.813822687
vn -0.56614238 0.141311005 0.812104762
vn 0.00142824138 0.185274839 0.982685804
vn 0.00391170895 0.134603322 0.990891755
vn -1 -2.80178792e-05 0.000214226602
vn -0.0089920843 0.102686919 0.994673073
vn 0.998620272 -0.00642629061 -0.0521166883
vn -0.0240109079 -0.999582112 0.016100144
vn -0.643025398 0.137326702 0.753431976
vn -0.948060453 0.0312774256 0.316548944
vn 0.600291669 0.222661898 0.768161178
vn -0.586336553 0.21804902 0.780169129
vn 0.803592563 0.0173139255 0.594927847
vn 0.764311612 -0.164219841 -0.623586118
vn -0.577897489 0.149389505 0.802319884
vn 0.303966582 0.184466451 0.934653044
vn -0.355318159 0.0686277375 0.932222724
vn 0.0154953459 -0.998641014 -0.0497581959
vn -0.00176937482 0.99999845 0.000139159485
vn -0.00176937459 0.99999845 0.000139159485
vn -0.333064377 0.122918606 0.934857845
vn -8.8338129e-06 -1 -6.10854768e-05
vn -0.448237538 0.565672457 0.692168891
vn -0.448237509 0.565672398 0.692168891
vn 1.39823851e-05 -0.99999994 0.000380405982
vn 6.61272279e-05 -1 9.5450443e-05
vn -4.17911579e-05 1 -1.85943209e-05
vn -0.000109735214 1 -1.91945037e-05
vn -0.0237721559 -0.326835752 -0.944782138
vn -0.742860377 0.183090478 0.643922746
vn -0.865626037 0.136395901 0.481754929
vn -1 3.14654135e-05 -7.00271921e-05
vn 0.999993384 -0.000847312564 -0.00353728863
vn -0.0731730089 -0.996967971 -0.026468331
vn 0.0693275183 -0.995786905 0.0600175485
vn 0.000378541095 0.0124567254 0.999922335
vn 0.0179430246 0.0848261043 0.996234238
vn -0.0154860439 0.0575392358 0.998223066
vn -0.0260679144 0.0999378264 0.994652092
vn 0.0319021977 0.0636369586 0.997463167
vn -0.0151057178 0.387960702 0.921552122
vn -0.476393759 -0.878573 -0.0340367667
vn 0.44658953 -0.894738197 0.00115400064
vn 0.0619267449 0.112508848 0.991719067
vn -0.282824159 0.368887395 0.885399699
vn -0.0364499092 0.0207359381 0.999120295
vn 0.355293274 0.34633705 0.868226528
vn -0.0610049292 0.0278067458 0.997750103
vn -0.0894200206 0.0208526533 0.9957757
vn -0.0430119187 0.00443916256 0.999064744
vn 0.672726393 -0.738896549 0.0383536294
vn 0.0269219279 0.011970344 0.99956578
vn 0.675378442 -0.736218035 -0.0429778658
vn -0.709876537 -0.703783691 0.0276395585
vn -0.0820900798 0.0551650487 0.995096922
vn -0.874619365 -0.484262824 -0.0230326261
vn 0.939435601 -0.341407478 0.0300251953
vn -0.984636664 -0.174174115 -0.0124063371
vn 0.0544090308 0.0247897506 0.998210907
vn 0.0421902388 0.0105950506 0.999053419
vn -0.999667823 -0.00259482325 -0.025641229
vn -0.00205351389 0.000104901184 0.999997914
vn -0.00174054469 8.72588935e-05 0.99999845
vn -0.00174019602 8.72395976e-05 0.99999845
vn 0.0778893083 0.0352416411 0.996338904
vn -0.999978065 0.00656813616 0.000799932401
vn -0.976282597 0.208655208 0.057750985
vn 0.00214838213 -0.000114052891 0.999997675
vn 0.0021496159 -0.000114117189 0.999997735
vn -0.995856702 0.0889260992 0.0190121774
vn -0.999512136 0.00121349865 0.0312093738
vn 0.00528200716 -0.000568331685 0.999985874
vn 0.00572504476 -0.000618868216 0.99998337
vn -4.17094489e-05 3.89352754e-05 1
vn 0.981095135 0.184520259 0.0583475158
vn 0.999471903 0.0108226351 -0.0306389444
vn -0.00293959305 -0.00035935358 0.999995708
vn -9.75370276e-05 -0.000125770108 1
vn -0.000279213593 -0.000232876599 0.99999994
vn -4.61565141e-05 -0.000213582374 0.99999994
vn 0.997593701 -0.0692921206 0.00235476508
vn 0.909853518 0.413950801 0.0284816027
vn -9.2010072e-05 4.46729719e-05 1
vn 0.960852444 -0.0963407829 -0.25977096
vn 0.868237555 -0.265605301 -0.419067264
vn 0.950354338 -0.123195253 -0.285743922
vn 0.991531491 0.0408203639 -0.12328463
vn -0.0161115676 0.00128943985 0.999869406
vn 0.00636762381 0.0105751716 0.999923825
vn -0.0225643702 0.0101396563 0.99969399
vn 0.996611357 -0.0660006404 0.0490887091
vn -0.808465958 0.587996721 0.0253507961
vn -0.740833759 0.317668647 0.591821015
vn -0.7408337 0.317668647 0.591821015
vn -0.74083364 0.317668617 0.591820896
vn 0.736003697 0.676687539 0.0198116302
vn 0.0206092689 0.00664227549 0.999765515
vn 0.0124340337 -0.00740025332 0.999895334
vn 0.0093245618 -0.00124132459 0.999955714
vn 0.809167624 0.571888924 0.134873033
vn 0.920415163 0.38713932 0.0543958507
vn 0.950478911 0.305365235 -0.0578095093
vn -0.786683261 0.599687994 0.146641329
vn -0.822914481 0.520911574 0.22685422
vn -0.0029809582 -0.00113143295 0.999994934
vn -0.000300859509 -0.000791646657 0.999999642
vn 0.00144618342 -0.00165226043 0.999997675
vn -0.0114895878 0.00951531809 0.999888718
vn 0.0222259723 0.00953914318 0.999707341
vn 0.00780480308 -0.999967873 0.00183691015
vn 0.0102039957 -0.999769032 0.0189095754
vn 0.0104485257 -0.999732077 0.0206505526
vn -0.0145097747 -0.999170899 -0.0380384177
vn -0.0140147023 -0.999319077 -0.0341321565
vn -0.0177640319 -0.997808099 -0.0637451112
vn -0.0180616863 -0.99764955 -0.0660989955
vn 0.70138669 -0.711363196 -0.0449344739
vn 0.756040752 -0.654030204 0.0254324861
vn 0.757092297 -0.652753949 0.0268998165
vn 0.801521182 -0.590472758 0.0943698213
vn -0.934138536 -0.353142947 -0.0517240912
vn -0.927019894 -0.373608857 -0.0324131139
vn -0.863167584 -0.496593088 0.091306299
vn -0.958905756 -0.237513125 -0.155201301
vn 1 -2.15979453e-05 0
vn 1 -1.61087719e-05 -2.28279878e-05
vn 0.0075465315 -0.999971509 0
vn -0.855683029 0.114661761 -0.504637718
vn -0.855683088 0.114661783 -0.504637778
vn -0.99999994 2.53831731e-05 -9.15697601e-05
vn 0.14865382 0.475622982 0.8669976
vn -0.522766054 0.033724796 0.851808846
vn 0.797750711 -0.00140343478 0.60298574
vn 0.798277795 -0.00148069789 0.602287531
vn -0.927167594 0.0331862271 0.37317425
vn -0.204032183 0.439455032 0.874785781
vn -0.284989119 0.528597236 0.79960376
vn -0.392143667 0.407148093 0.824896216
vn 0.35837552 0.2100261 0.909646094
vn 0.617426634 0.492506862 0.613368869
vn -0.458566815 0.211727396 0.863068938
vn 0.731369734 0.0600029044 0.679336488
vn 0.731369674 0.0600029007 0.679336429
vn 0.731369674 0.0600028932 0.679336429
vn -0.992407382 0.110093519 -0.0548365228
vn -0.970149219 -0.0115645612 0.242232859
vn 0.986261606 0.113258973 0.120251663
vn 0.933068991 0.20512329 0.295477122
vn 0.871496618 0.29369837 0.392727464
vn 0.146555677 0.987441003 0.059005592
vn 0.146555692 0.987441063 0.0590055995
vn 0.897805631 0.431322902 -0.088913016
vn 0.398876518 0.504256368 0.765913129
vn 0.069291167 0.856642246 0.511236608
vn 0.069291167 0.856642187 0.511236608
vn 0.937436402 -0.0715604126 -0.340723127
vn -0.892940283 -0.141651854 -0.427308321
vn -0.396814287 -0.380269319 -0.835424304
vn -0.00681873458 -0.311982512 -0.950063407
vn 0.0202010181 -0.321531475 -0.946683347
vn -0.991958201 0.0463974029 -0.117754899
vn 0.989193499 0.0452950411 -0.13944377
vn 0.994521558 0.0701259375 -0.0775182396
vn 0.998618305 0.0457405411 0.0258714538
vn 0.991913795 -0.00295506231 -0.126878843
vn -0.974971354 0.153289869 -0.161037475
vn -0.973247468 0.224258929 -0.0499721877
vn -0.936687291 0.298056155 -0.183792144
vn 0.992449105 0.105958506 -0.0617865734
vn 0.954111099 0.142475322 -0.263387412
vn -0.703491211 0.704488635 -0.0937865824
vn -0.681343794 0.667155385 -0.301121712
vn -0.8053177 0.587756038 -0.0774997026
vn -0.792219043 0.541051209 -0.282227784
vn 0.570097923 0.780654192 -0.256061494
vn 0.588748395 0.801941752 -0.101314954
vn 0.736826658 0.664398909 -0.125142172
vn -0.514199674 0.823234439 -0.240590379
vn 0.452550203 0.889336109 -0.0654199421
vn 0.389188975 0.889161825 -0.240672022
vn 0.208188131 0.975103378 -0.0763629526
vn 0.140633032 0.958136797 -0.24939166
vn -0.020618828 0.997326612 -0.070102796
vn -0.0786579102 0.95724231 -0.278388292
vn -0.528306305 0.845879018 -0.0733561069
vn -0.199576363 0.977494121 -0.0683697164
vn -0.295385599 0.920827746 -0.254604965
vn -0.398922056 0.909022152 -0.120581344
vn 0.832908332 0.521956444 -0.183916479
vn 0.930807769 0.308152914 -0.196567461
vn -0.901182234 0.421866149 -0.0994962454
vn 0.784804165 0.178584144 0.593456089
vn 0.610871315 0.216784894 0.761472583
vn -0.555868089 0.223645613 0.800620556
vn 0.504139483 -0.139597192 -0.85226512
vn -0.493940026 -0.150462747 -0.856378555
vn 0.873809338 0.14791213 0.463227034
vn -0.355949998 0.47198686 0.806553245
vn -0.355950028 0.47198686 0.806553245
vn -0.355949998 0.47198686 0.806553185
vn 0.13559781 -0.987816095 0.0763719901
vn -0.721652925 -0.179093152 -0.668687224
vn 0.951880693 -0.220458448 -0.212887749
vn 0.916787148 -0.359317124 -0.174334258
vn 0.934397459 -0.300428391 -0.191426396
vn 0.857669413 -0.497665912 -0.129351929
vn -0.625730932 -0.768080831 0.136061132
vn -0.525813997 -0.848121166 0.0648856908
vn -0.474452138 -0.879748583 0.0306200832
vn -0.35368228 -0.914254725 0.197603658
vn -0.353682309 -0.914254725 0.197603658
vn -0.109139882 -0.984626055 0.136381164
vn -0.00779457483 -0.00135624746 0.999968648
vn 0.302800268 0.315320194 0.899380386
vn 0.387471169 0.471983045 0.79189527
vn 0.164870575 -0.889619529 -0.425904602
vn 0.558242261 0.768981934 0.311500072
vn 0.558242321 0.768982053 0.311500102
vn 0.558242321 0.768981993 0.311500132
vn -0.580105126 0.814321399 0.018941462
vn -0.655736446 0.749329567 0.0922766626
vn -0.52469641 0.850755095 -0.0301560182
vn 0.0027913712 -0.0431504585 -0.999064624
vn 0.0431222618 -0.047330454 -0.99794811
vn 0.0401830859 -0.04702821 -0.998084962
vn -0.0010819711 -0.0427453071 -0.999085367
vn 0.0105759734 -0.0292332433 -0.999516666
vn -0.0968487188 -0.0406461619 -0.994468808
vn -0.105070151 -0.0415049046 -0.993598342
vn 0.95150274 0.144393787 0.271648347
vn 0.0852199495 -0.164840043 -0.982631862
vn 0.105897501 -0.145115077 -0.983731329
vn 0.103476495 -0.139641404 -0.984780729
vn 0.0936879069 -0.124751545 -0.987754822
vn -0.479963988 -0.574705303 -0.662833512
vn -0.479964048 -0.574705362 -0.662833571
vn -0.479964018 -0.574705303 -0.662833571
vn -0.137242183 -0.117558241 -0.983536839
vn -0.00365409115 -0.0141744595 -0.999892831
vn -0.160417274 -0.137336075 -0.977448225
vn 0.0476414599 -0.154045537 -0.986914575
vn 0.0355565473 -0.184911281 -0.982111871
vn -0.0200706962 -0.0818142742 -0.996445417
vn 0.00479892734 -0.00737966318 -0.999961317
vn -0.0248527545 -0.0919176489 -0.995456398
vn 0.0353274345 -0.193717286 -0.980421126
vn -0.966598749 -0.249885738 0.056954924
vn -0.995996952 -0.0601139329 0.0661549717
vn -0.979444623 -0.187152416 0.0752466321
vn -0.998031735 -0.019411901 0.0596308559
vn 0.0609713942 -0.986883283 0.14947924
vn 0.10193447 -0.98519063 0.137871698
vn 0.0610449165 -0.988073409 0.141366288
vn 0.994354129 -0.0751828924 -0.0748828277
vn 0.978842795 -0.199549615 0.045240961
vn 0.986905634 -0.151644513 0.054966934
vn 0.998930454 -0.0252948757 -0.0387049317
vn 0.996937454 -0.0484099276 0.0614180937
vn 0.978068948 -0.204422399 0.0399083234
vn 0.986728549 -0.151599273 0.0581767932
vn 0.998840511 -0.00948269572 0.0471982285
vn -0.0246420577 -0.159352586 -0.986914158
vn -0.071331434 -0.226304933 -0.97144115
vn -0.0390796512 -0.180147454 -0.982863009
vn -0.000303824665 -0.124113679 -0.992267907
vn -0.977772772 -0.173209295 0.118147753
vn -0.99916929 -0.0401299298 0.00708632916
vn -0.962732255 -0.223330453 0.152545258
vn -0.0611320511 -0.989535093 0.130703181
vn -0.0611241646 -0.989407241 0.131671041
vn -0.0610108897 -0.987573564 0.144831344
vn -0.154917225 -0.626035213 -0.76425159
vn -0.15491724 -0.626035273 -0.764251649
vn -0.154917225 -0.626035213 -0.76425153
vn -0.229499221 -0.932192504 0.279905975
vn -0.338773936 -0.939142108 0.0569581948
vn -0.380962044 -0.710432887 0.59173733
vn -0.557045817 -0.780353606 0.284162194
vn 0.093440935 0.00546070235 -0.995609879
vn 0.141540885 -0.0245680865 -0.989627421
vn 0.147479922 -0.0268335938 -0.988700926
vn 0.169816598 -0.0323658213 -0.984943986
vn 0.0257409289 -0.00945489574 -0.999623954
vn 0.956156373 -0.198443919 0.215371728
vn 0.894530535 -0.340658247 0.289425284
vn 0.912028849 -0.358395994 0.199388474
vn 0.106319249 -0.123171419 -0.986673653
vn 0.825648963 -0.560345292 0.065703325
vn 0.700827241 -0.65609479 0.279965639
vn 0.603972912 -0.338668197 0.721471131
vn 0.603972912 -0.338668168 0.721471071
vn 0.603972852 -0.338668197 0.721471071
vn 0.126458436 -0.14643769 -0.981103539
vn -0.0375015587 -0.0294849798 -0.998861551
vn -0.0163576342 -0.0189929418 -0.999685764
vn -0.0403737687 -0.0306011681 -0.998715937
vn -0.716698706 -0.697328866 -0.00868413597
vn -0.708144367 -0.706067681 -0.000208901212
vn -0.71840924 -0.695542932 -0.0103977183
vn 0.611227036 -0.77903223 0.139679
vn 0.653986454 -0.745909274 0.126179188
vn 0.68144089 -0.729764283 0.0555190668
vn 0.557426214 -0.828864455 0.0475364402
vn 0.593823373 -0.802402139 0.0593696907
vn 0.706822217 -0.705738008 0.0483331829
vn 0.714853585 0.699104667 0.0153920678
vn 0.713626087 0.700420201 0.0122193405
vn 0.709155202 0.705040932 0.0040113884
vn 0.707010269 0.707187176 0.00477935001
vn -0.816289485 0.564104974 0.124325946
vn -0.734316707 0.678173661 0.0293179732
vn -0.841368198 0.516149879 0.16027765
vn -0.526225269 -0.835977554 0.155654624
vn -0.547252238 -0.823521554 0.149423078
vn -0.547055066 -0.823225141 0.15176034
vn -0.590202451 -0.277485847 0.758065045
vn -0.66743207 -0.428474069 -0.609052181
vn -0.66743201 -0.428474039 -0.609052181
vn -0.66743201 -0.428474069 -0.609052181
vn -0.0104746986 -0.00152773166 -0.999944031
vn 0.00162998971 0.000287563307 -0.999998629
vn -0.108616844 0.00687990105 -0.99405992
vn 0.0213628486 0.99976927 0.00224521174
vn 0.0153451646 0.999873221 0.00425702613
vn 0.00158784026 0.999991298 0.00385318138
vn -0.00128756277 0.999990463 0.00415749662
vn -0.121815696 0.00767296506 -0.992523134
vn -0.00118127838 0.999999046 0.000826318283
vn -0.043678727 0.999026954 -0.00610139826
vn 0.000202175244 1 5.23109557e-05
vn -0.946600556 -0.150791675 0.28497228
vn -0.939896226 -0.22127679 0.260060877
vn -0.961566269 -0.141901851 0.23506169
vn -0.985857546 -0.0448477939 0.161472902
vn -0.944608986 -0.0670954287 0.321265906
vn -0.991392434 -0.0129560959 0.130280703
vn -0.969359517 -0.0680171624 0.236041859
vn -0.0327801518 -0.00450795284 -0.999452412
vn -0.0653058961 0.005263153 -0.997851372
vn -0.00371042383 -0.000890678493 -0.999992669
vn 0.00852625258 -0.00133690296 -0.999962807
vn 0.0268889945 0.00427001482 -0.999629378
vn 0.0326233618 0.00655554049 -0.999446273
vn -0.0765870959 0.0101844668 -0.997010887
vn -0.00687180925 -0.999942183 -0.00825838372
vn -0.000120015291 -0.999995649 -0.0029667418
vn -0.0104446132 -0.999889314 -0.0105979824
vn 0.900085568 0.407124639 0.155227378
vn 0.896141708 0.415162474 0.15674895
vn 0.892897248 0.413658619 0.17782332
vn -0.0155390389 -0.999179661 -0.0373968109
vn -0.00750508765 -0.999970675 -0.00153832277
vn -0.00565439183 -0.99998349 -0.0011075706
vn -0.0119610392 -0.999462783 -0.0305164382
vn -0.809917688 0.573257446 0.124133587
vn -0.810104668 0.573390186 0.122286893
vn -0.805403292 0.570054412 0.162368655
vn 0.000303318666 -4.67925893e-05 -0.999999881
vn 0.00842677057 -0.00135646691 -0.999963641
vn -7.9888232e-05 8.61107692e-05 -1
vn 6.34901662e-05 1.81395772e-05 -1
vn 9.60335965e-05 2.71640511e-05 -1
vn -0.000234439533 -0.000120685683 -1
vn -0.000169412393 0.000251690188 -0.99999994
vn -1.93976466e-05 -6.57841447e-05 -1
vn -0.985026062 0.00460468233 0.172343761
vn -0.0537427478 0.00786961243 -0.998523712
vn -0.0582421459 0.00853792019 -0.998265982
vn 0.0282313675 -0.000258649554 -0.999601364
vn 0.0282313675 -0.000258649554 -0.999601305
vn 0.0282313693 -0.000258649554 -0.999601364
vn 0.0381599851 -0.998982608 0.0240296647
vn 0.0310798623 -0.999513507 -0.00259714201
vn 0.0181401987 -0.999834239 -0.0015955026
vn 0.443509459 -0.813993812 0.375117838
vn 0.443509549 -0.813993871 0.375117898
vn 0.443509489 -0.813993812 0.375117838
vn 1 0 0.00013060456
vn 1 0 0.000130604574
vn -0.27325815 -0.961154342 0.0388887748
vn -0.27325815 -0.961154282 0.0388887748
vn 0.95145309 -0.300286084 0.06756524
vn 0.951453149 -0.300286114 0.06756524
vn 0.951453209 -0.300286114 0.0675652474
vn 0.0210805181 -0.0280981623 -0.999382794
vn -0.986386359 0.0502697006 0.15657261
vn -0.985003948 0.055612497 0.163323268
vn -0.989380956 0.0375098996 0.140421972
vn 0.274350375 0.960809052 0.0397226252
vn 0.274350375 0.960808992 0.0397226252
vn 0.274350375 0.960808992 0.0397226214
vn -0.934107244 0.347131133 0.0833296403
vn -0.934107125 0.347131073 0.0833296329
vn -0.934107065 0.347131073 0.0833296254
vn -0.454898059 0.809920013 0.370266378
vn -0.454898119 0.809920132 0.370266378
vn -0.454898089 0.809920073 0.370266378
vn -1 0 -2.79513442e-05
vn -0.99999994 0 -2.79513424e-05
vn -0.899282694 0.0232389662 0.436749965
vn -0.00765501754 0.999965489 0.00323098083
vn -0.0043938728 0.999990404 -0.000114923394
vn -0.00133402436 0.999999166 -0.000179834766
vn 0.93670845 0.0255160127 0.349179268
vn 0.965054989 -0.047479216 0.257710218
vn 0.992109776 -0.00882738363 0.125060901
vn 0.944128633 -0.0784275234 0.320109665
vn 0.989959836 -0.0632480755 0.126408741
vn -0.504334986 0.571685553 0.647164524
vn -0.504334927 0.571685493 0.647164464
vn -0.969206154 0.0856520608 0.230874449
vn 0.402001351 -0.287178934 0.869438469
vn 0.402001351 -0.287178934 0.86943841
vn 0.402001381 -0.287178934 0.869438469
vn -0.501679957 0.196286306 0.842489779
vn 0.4374111 0.186464056 0.879717469
vn -0.460784853 0.216198474 0.860776126
vn 0.168591663 0.126738101 0.977504075
vn 0.0988318399 0.0951094404 0.990548551
vn -0.00349041563 -0.999348283 -0.0359267592
vn 0.366603196 -0.192895621 0.910161197
vn 0.366603225 -0.192895636 0.910161197
vn 0.366603196 -0.192895606 0.910161138
vn 0.282681376 0.396345198 0.873499751
vn 0.282681346 0.396345168 0.873499632
vn 0.282681346 0.396345168 0.873499691
vn 2.5909434e-05 -0.99999994 -0.000241192625
vn -0.000232314953 -0.999999762 0.000726725499
vn 4.89067352e-05 1 -3.67570974e-05
vn 3.43098545e-05 1 -1.72502914e-05
vn -2.34794534e-05 0.99999994 -0.0001466002
vn -0.253899336 -0.565682232 0.784562707
vn -0.253899336 -0.565682292 0.784562767
vn -0.253899306 -0.565682232 0.784562707
vn 0.896923542 -0.248052046 0.366057873
vn 0.746807516 -0.565277517 0.350342363
vn -0.0712447241 -0.984641612 0.159389928
vn -0.226388857 -0.964116395 0.138664067
vn 0.732044995 -0.680795133 0.0250637103
vn 0.888510525 -0.442695111 -0.120706312
vn 0.912690461 -0.378514677 -0.154021859
vn 0.0143669276 0.00916173216 0.999854743
vn -0.0322010852 -0.0338347666 0.99890852
vn 0.000120274723 -0.000535475265 0.999999821
vn 0.111988902 -0.057855051 0.992023766
vn 0.16575782 -0.0522596091 0.984780788
vn 0.0916348547 -0.0338915363 0.995215774
vn 0.243681073 -0.966206014 0.0840566307
vn 0.281289995 -0.957076371 0.0698628277
vn -0.916794598 -0.396356821 0.0488768592
vn -0.916794538 -0.396356791 0.0488768555
vn 0.151609585 -0.984239936 0.0910287201
vn -0.000142259334 -0.000185745506 1
vn -0.000630032679 -0.000156498165 0.999999821
vn 0.514968455 -0.806182444 -0.291337252
vn 0.69715333 -0.716631711 -0.0204031654
vn 0.529006004 -0.74253279 -0.410849959
vn -0.673552155 -0.73809123 -0.0393561274
vn -0.505446255 -0.84684515 -0.165461034
vn -0.542654634 -0.778771341 -0.314707935
vn 0.000211835009 -0.00152700196 0.999998808
vn -0.071765691 -0.00916002784 0.997379482
vn -0.00160881062 -0.00145500712 0.999997735
vn 0.477801889 -0.877961397 0.0298173856
vn -0.000229494821 -0.000343918713 0.999999881
vn 0.00361056044 0.999150455 0.041051276
vn -0.00732607115 0.993236065 0.11588084
vn -0.885854006 -0.463092774 0.0284189563
vn -0.879285932 -0.474046528 0.0462187491
vn -0.86330986 -0.497397423 0.0853925869
vn -0.809421599 -0.587158501 -0.00903215632
vn -0.718510747 -0.695392549 -0.0130976327
vn -0.828056037 -0.56054759 0.010466218
vn -0.000153096888 -0.000175460649 1
vn 0.787561893 -0.615977526 -0.0178306848
vn 0.851020336 -0.524970591 0.0130469948
vn 0.00300636096 0.00686989492 0.999971986
vn 0.843542397 -0.528330863 0.096450679
vn 0.827181935 -0.546005964 0.132843867
vn 0.860103548 -0.506126344 0.063702099
vn 6.81640158e-05 0.000143197525 1
vn 0.915169775 -0.399509102 0.0534484312
vn -0.901675463 -0.431930184 -0.0204375386
vn -0.220717132 0.948608637 -0.226771995
vn -0.0741972551 0.994325399 -0.0762351975
vn -0.0510186218 0.99732101 -0.0524210967
vn 0.231971949 0.959303677 -0.161013722
vn 0.231971964 0.959303737 -0.161013737
vn 0.231971949 0.959303677 -0.161013737
vn -0.231971964 0.959303737 0.161013752
vn -0.231971949 0.959303677 0.161013752
vn -0.231971949 0.959303677 0.161013737
vn 0.116061777 0.986058533 0.119240128
vn 0.813684881 -0.561007321 0.15227513
vn -0.929596424 0.28664875 -0.231695831
vn -0.929596364 0.286648721 -0.231695816
vn -0.176389694 -0.975245357 0.133353606
vn -0.176389679 -0.975245297 0.133353606
vn -0.176389694 -0.975245297 0.133353621
vn -0.743176758 -0.644668818 -0.179138273
vn -0.743176758 -0.644668758 -0.179138273
vn 0.00024582498 0.000175056048 0.999999881
vn -0.000141349155 -9.74387731e-05 1
vn -2.53610306e-05 -2.12383184e-05 0.99999994
vn 3.00100419e-05 7.58956594e-05 1
vn 0.952155769 -0.300339282 0.056529332
vn -0.954746306 0.297417402 0.0015817841
vn -0.982020497 0.18798551 -0.0172368567
vn -0.999784946 0.0168793555 0.0120447129
vn 7.48239909e-05 0.000237123037 0.999999881
vn 0.000130721848 -0.00014036092 1
vn 0.000216385917 0.000468623679 0.999999821
vn 0.000849399948 0.000914226344 0.999999285
vn 0.819526076 -0.552068293 0.153614774
vn 0.929596305 0.286649317 0.231695697
vn 0.929596305 0.286649317 0.231695682
vn 0.929596305 0.286649287 0.231695682
vn 0.995114684 0.0984505191 -0.00736650545
vn 0.994294167 0.00171314168 -0.106659196
vn 0.99476862 0.0063408562 -0.101956703
vn 0.980547726 -0.0731993914 -0.182120889
vn 7.11041139e-05 3.7881553e-05 1
vn 0.000190374092 6.18845224e-05 0.999999881
vn -0.974650621 -0.220339909 0.0388133042
vn -0.983141899 -0.14090915 0.116518773
vn -0.983207643 -0.138512939 0.118814431
vn -0.980879307 -0.0732189268 0.180318251
vn -0.000455627393 0.000205011311 0.999999881
vn 0.929590344 -0.286665142 -0.231699839
vn 0.929590404 -0.286665171 -0.231699854
vn 0.929590344 -0.286665171 -0.231699854
vn -0.929590523 -0.286664188 0.231700554
vn -0.929590464 -0.286664158 0.231700525
vn -0.929590523 -0.286664218 0.231700554
vn 0.175605446 0.972758591 0.151338622
vn 0.947283268 0.317095399 -0.0458804481
vn 0.915900052 0.399023831 -0.0436694436
vn 0.802984059 0.594922006 0.0358394422
vn -0.883185089 0.466092944 -0.0523585752
vn -0.723065913 0.689509094 -0.0418674722
vn -3.7676331e-05 2.28937351e-05 1
vn 0.883440435 0.454141557 -0.115275487
vn 0.689215124 0.723975718 -0.0290121567
vn 0.827338219 0.538732767 -0.158992365
vn 0.00436459621 0.00521484856 0.999976814
vn 0.955008149 0.230151206 -0.187055767
vn -0.847541571 0.514567137 0.129976794
vn -0.697695911 0.653757989 0.292952269
vn -0.829784155 0.536505461 0.153688073
vn -0.905141532 0.42349878 0.0369811319
vn 0.0481399037 -0.998013616 0.0406371914
vn 0.0553813316 -0.997370303 0.0467494652
vn -0.0981074944 -0.99172473 -0.082805939
vn -0.23198691 -0.959299326 -0.161018401
vn -0.231986895 -0.959299266 -0.161018372
vn -0.23198691 -0.959299266 -0.161018401
vn 0.186312795 -0.969822347 0.157264739
vn 0.231993735 -0.959298015 0.161015987
vn 0.231993735 -0.959298074 0.161015987
vn 0.23199375 -0.959298134 0.161015987
vn 0.734164655 0.678918779 -0.0084553184
vn 0.741626382 0.670568585 -0.0181152392
vn 0.621137202 0.783461154 -0.019419089
vn 0.700079978 0.711403787 -0.0615847521
vn -0.662501037 0.745179236 -0.0761586428
vn -0.590971231 0.806549072 -0.0152175408
vn 0.487941056 0.872867048 0.004099207
vn -0.499728024 0.864322126 -0.0567386039
vn -0.461185664 0.886659086 -0.0338144898
vn -0.517715037 0.852874339 -0.0676501915
vn -0.546441555 0.833133698 -0.0853805691
vn -0.00018836277 -0.000196103996 1
vn 0.807220876 0.584149778 -0.0846373737
vn 0.621648431 0.782387614 -0.0377190076
vn -0.900382578 0.433489859 -0.0373853855
vn -0.900382638 0.433489889 -0.0373853855
vn -0.900382578 0.433489889 -0.0373853818
vn -0.464308977 0.884575725 0.0440797694
vn -0.464308918 0.884575665 0.0440797657
vn 0.829781473 0.552463055 -0.0790404528
vn 0.687796593 0.72551775 -0.0236607622
vn 0.455603987 0.889929175 0.0212411303
vn 0.00139429746 -0.999997079 -0.00195395248
vn -0.901712477 -0.231120273 0.36537376
vn -0.841674626 -0.403684676 0.358639717
vn -0.829371333 -0.504097223 0.240892902
vn -0.742053568 -0.541861951 0.394641757
vn -0.780984461 -0.570742965 0.253605455
vn -0.717283964 -0.579863131 0.386344939
vn 0.575939476 -0.730833232 0.366301
vn 0.567097068 -0.797871351 0.204455897
vn 0.628639221 -0.749469757 0.207624301
vn 0.483722001 -0.812684238 0.324896008
vn 0.327861756 -0.909789622 0.254538029
vn 0.177469417 -0.911725819 0.370487124
vn 0.211089954 -0.955056489 0.208105892
vn -0.1824864 -0.881755173 0.434978843
vn -0.145223424 -0.962443829 0.229373068
vn 0.967482746 -0.129771858 0.217108995
vn 0.983421385 0.0615276136 0.170577899
vn 0.983986974 0.0649225786 0.165995985
vn 0.981958508 0.0535080396 0.181368276
vn 0.00399428653 0.999989927 0.00205520075
vn 0.000553227845 0.999998629 0.0015751163
vn 0.00626549963 0.999978006 0.00216332171
vn -0.684343278 0.718800068 0.122477248
vn 0.385656327 -0.420764983 -0.821112692
vn -0.324860483 -0.115487672 -0.938684344
vn 0.985209227 0.0730366781 0.155011252
vn -0.981437325 0.0682291687 0.179236352
vn -0.000742829463 0.136824861 0.990594923
vn -0.0189154353 -0.172986999 0.984742522
vn -0.0194333233 -0.182038814 0.983099341
vn 0.99999994 1.04264673e-05 9.78832517e-08
vn 0.99999994 -3.5287826e-07 -2.33892911e-06
vn 1 1.27409783e-06 -2.0335051e-06
vn 1 1.88821264e-06 2.55471582e-06
vn 0 0.149183393 0.988809586
vn 0.0168350413 -0.999669015 -0.0194547977
vn 0.0394162536 -0.998940647 -0.0237485338
vn 0.000251885154 -0.999999881 2.73045971e-05
vn 0.000299064413 -1 6.32183583e-06
vn 0.000181283976 -1 0.000298510451
vn 0.000213113017 -0.999999881 0.00019908353
vn -1 1.99539354e-05 9.91915158e-07
vn 0.00419336557 -0.998830557 0.0481661856
vn 0.0149608646 -0.996557117 0.0815480873
vn -0.0342935733 -0.999271631 0.0167384427
vn -0.00719316537 -0.999932766 0.00909833889
vn -0.132000566 -0.991119802 0.0160430744
vn -0.0581357032 -0.997833312 0.0308049861
vn -0.652323306 -0.741659701 0.156252921
vn 0.57731998 0.203970075 0.790631294
vn 0.393099278 0.19700563 0.898143411
vn 0.000410015928 0.999999821 0.000314077683
vn 0.000490763865 0.99999994 8.63496643e-06
vn -0.0130812516 0.991055787 0.13280493
vn -0.00731461588 0.988117278 0.153527334
vn -0.00851508044 0.988767266 0.149220452
vn -0.014419686 0.991671562 0.127983168
vn 0.687236845 -0.724190414 0.0570422448
vn -0.000730919477 -0.998125792 0.0611906089
vn 0.009415593 -0.999942899 0.00505168596
vn -0.00144986121 -0.9975034 0.0706028044
vn -0.000796884997 -0.999317706 0.0369267464
vn -0.151240483 -0.9286834 0.338634968
vn -0.119933039 -0.952750623 0.279073685
vn 3.17745616e-06 0 0.99999994
vn 3.17745594e-06 0 1
vn 0.0121304486 -0.990222752 0.13896659
vn 0.0049242992 -0.986097693 0.166093841
vn -0.0412761644 -0.998744428 0.028387107
vn -0.0494740196 -0.99876976 -0.00336619164
vn -0.0122878626 -0.990205407 0.139076471
vn -0.0051160329 -0.986098051 0.166085452
vn 1.0956736e-07 0 1
vn 0.0353125595 0.999368131 -0.00404286478
vn 0.00845344458 0.999960542 0.0027189001
vn 0.00928740855 0.999956667 -0.000683725404
vn 1 -3.96717915e-05 4.81942379e-06
vn 1 -3.96717915e-05 4.81942425e-06
vn 0.0596372671 0.997210383 0.0448864885
vn 0.0335675851 0.999382377 0.0103940647
vn 0.00631828606 0.999948621 0.00792533532
vn -1 -1.74170345e-05 8.84535439e-07
vn -0.0322929323 0.999475896 -0.00224721734
vn -0.00559777534 0.99994725 0.00861513708
vn -0.0312038437 0.999506414 0.00363414129
vn -0.0460837372 0.99745208 0.0544582829
vn 0.689045012 0.646027148 -0.328429163
vn 0.0404545069 -0.151776299 0.987586677
vn 0.197211891 0.182563305 0.963212311
vn 0.199272528 0.203715593 0.958535492
vn -0.958058178 -0.0168645941 -0.286076903
vn -0.0618305914 -0.83171922 -0.551742792
vn -0.36640048 0.170977712 0.914613128
vn 0.459125519 0.221411273 0.860337675
vn 0.469880968 0.220491096 0.854748785
vn 0.551840544 -0.191346467 -0.81170094
vn -0.546673238 -0.199742049 -0.813173711
vn -0.465664953 0.220064729 0.857162535
vn -0.081802547 -0.0911930054 0.992467761
vn -0.189074576 -0.0190446172 0.981778085
vn -0.492064565 0.18945241 0.849694252
vn 0.00550218439 0.999578536 0.0285025053
vn 0.00163125934 0.999992907 0.00341066252
vn 0.00153875095 0.999991298 0.00388199254
vn 0.0395094678 0.981575191 0.186946452
vn 0.046979554 0.974358916 0.220040366
vn 0.907859266 -0.168218583 0.384049743
vn 0.467353284 0.218903288 0.856540978
vn -0.413541585 0.207252532 0.886583209
vn 0.00217056181 0.00234764116 -0.999994934
vn -0.000608977687 0.00346714444 -0.999993861
vn -0.00072190701 0.00438561151 -0.999990165
vn 0.00134329044 0.00264746253 -0.999995649
vn 0.306296021 0.951610863 -0.0248913113
vn 0.309130847 0.950744987 -0.0228499565
vn 0.142187685 0.980172515 -0.138001814
vn -0.00167080073 0.00135862106 -0.999997735
vn -0.00193043402 0.00184935227 -0.999996364
vn -0.00022148501 0.000842168229 -0.999999642
vn 0.000319767394 0.000444265606 -0.999999881
vn -0.303440571 0.952840388 0.00434461376
vn -0.287697881 0.957665563 -0.0103278067
vn -0.209969223 0.974357486 -0.0808729082
vn 0.491684437 0.862996221 0.116119862
vn -0.39190042 0.915646374 0.0894744471
vn 0.000951117021 0.00059270591 -0.999999404
vn -0.000546302879 0.00102590001 -0.999999285
vn -0.720787227 0.691023648 0.0543325841
vn -0.579919815 0.800809801 0.149655133
vn -0.758255064 0.651497066 0.0245108102
vn -0.858830869 0.507162154 -0.0720838606
vn 1.07966398e-05 0.000157390445 -1
vn -6.71268135e-05 0.000212858286 -1
vn 0.83200568 0.554309785 0.0225193873
vn 0.883887649 0.465733141 -0.042838268
vn 0.845070541 0.534602582 0.00746968947
vn 0.775467634 0.626245975 0.0804111958
vn 0.000591590011 0.000578847073 -0.999999762
vn 0.998837829 -0.0202807784 -0.0437241867
vn 0.999025643 -0.0390704051 -0.0205237176
vn 0.990055978 0.0509512872 -0.131122231
vn -0.000363921397 0.000385835214 -0.999999762
vn -0.998376727 -0.0554876253 -0.0128466478
vn -0.998636603 -0.0440063104 -0.0280798413
vn -0.996760309 -0.00446258066 -0.0803060457
vn 8.28343036e-05 1.90602204e-05 -1
vn 4.34130852e-05 3.3889668e-05 -1
vn -0.995377958 -0.0900918469 0.0332572646
vn 0.000162596363 0.000198676644 -0.999999881
vn 0.992886841 -0.103283569 0.05923035
vn -0.870504022 -0.490219474 0.0436754376
vn -0.871652424 -0.488324374 0.0419695675
vn -0.86808157 -0.494168758 0.0472403541
vn 1.38428886e-05 0.000167309074 -1
vn 0.852883875 -0.521934628 0.0131654339
vn 0.824976981 -0.564902544 -0.017270498
vn 0.841448069 -0.540337861 0.000295675185
vn 0.867311776 -0.496839732 0.0303402226
vn -0.873621523 -0.485039085 0.039019648
vn -0.165292308 -0.9862293 0.00549132144
vn -0.151791021 -0.988402247 -0.00452720467
vn -0.15480189 -0.987942874 -0.00229591969
vn -0.138190076 -0.990298331 -0.0145857623
vn 0.162470877 -0.985628247 -0.0462635383
vn 0.17498602 -0.983869255 -0.037164066
vn 0.177485317 -0.983488619 -0.0353420861
vn 0.18619661 -0.982085109 -0.0289790966
vn -0.113805234 0.183853537 0.976343215
vn 0.0758395717 -0.398796678 0.913897991
vn 0.0758395866 -0.398796707 0.913898051
vn -6.04908018e-05 -1 -0.00011340998
vn -0.107582584 0.56571871 0.817550123
vn -0.107582591 0.56571877 0.817550123
vn -0.107582584 0.56571877 0.817550182
vn -1.60263899e-05 1 -0.000153069283
vn -0.291812688 -0.197421551 -0.93587929
vn -0.0215044506 -0.944119275 0.328901798
vn -0.00304476148 -0.913009405 0.407927305
vn -0.00821842812 -0.974345326 0.22490868
vn 0.0193036739 -0.970729113 0.239399955
vn -0.607761025 -0.696389258 0.381665647
vn -0.642691433 -0.729990244 0.232512519
vn -0.713405907 0.700709641 0.00761839747
vn -0.395010322 -0.809175074 0.434974253
vn 0.238780275 -0.824029148 0.513770342
vn 0.000369170244 0.99999845 0.00176061364
vn 0.380354077 0.218113929 0.898753047
vn 0.169748873 -0.560129046 -0.810827315
vn 0.71477294 -0.349690348 0.605653703
vn 0.712183356 0.486524999 -0.50605166
vn -0.999865949 -0.00595686119 -0.015248497
vn -0.38791427 0.200098872 0.899712682
vn -0.291727364 0.215010688 0.932022274
vn -0.222699642 -0.437824279 -0.871042371
vn -0.788687348 0.392348945 -0.473322839
vn 0.821395516 0.311044872 -0.478079885
vn 0.292737663 -0.180845261 -0.938935399
vn 0.379532516 -0.204349965 -0.902328253
vn -0.387682021 -0.200364575 -0.89975363
vn -0.882405698 -0.181322083 0.434145957
vn 0.283305943 0.198135734 0.938338935
vn 0.15057753 -0.147945374 -0.977465451
vn -0.0337955654 0.150952324 0.987963259
vn 0.304883063 -0.166159928 -0.937783122
vn -0.848954618 0.204708725 -0.487206608
vn 0.264863223 0.196804881 0.943989098
vn 0.396508336 0.165177524 0.903048933
vn -0.225831836 0.97270143 -0.0534039848
vn -0.937431216 -0.00924276654 0.348047793
vn -0.232561499 0.189208239 0.953999698
vn -0.874930263 0.0678213462 -0.479475945
vn 0.610957742 -0.541872263 0.577152491
vn 0.490122288 -0.461764455 0.739292681
vn -0.706367612 -0.707843482 0.00153212273
vn 0.944143951 0.308061898 0.117004544
vn 0.948409855 0.295594662 0.114641033
vn 0.00116813369 -0.999998689 -0.00112042506
vn -0.813328981 0.575680017 0.0841929466
vn -0.0282504689 -0.996936262 -0.0729386732
vn 0.0165884495 0.999851108 0.0047387518
vn -0.272375822 0.959941328 -0.0657578036
vn 0.869084954 -0.494347453 0.0176661517
vn -0.363066256 -0.910737872 0.196823016
vn 0.706625581 -0.707568288 0.00523042586
vn 0.918287575 -0.395579427 -0.0162658114
vn 0.714463592 0.699106216 0.0281460844
vn -0.33324033 -0.920572877 0.203706816
vn -0.713210344 0.700889885 0.00917939469
vn 0.377248138 -0.924197435 0.0595219843
vn -0.999708474 -0.0240758099 0.00178309542
vn -0.0612359568 -0.991217017 0.117212728
vn 0.967743039 -0.110143915 -0.226587445
vn 0.465239912 -0.88472563 0.0285055991
vn -0.999301314 -0.0110218069 -0.0357139632
vn 0.999972761 -0.00301206764 0.00674974918
vn 0.898028076 0.00812194403 -0.439863265
vn -0.497857064 0.615040243 -0.611444116
vn 0.476459712 0.612716496 -0.630527318
vn -0.286709368 0.713179588 -0.639665961
vn 0.388682097 0.724080801 -0.569765866
vn 0.188852459 0.795489669 -0.575787187
vn -0.0662608147 0.748437464 -0.659887016
vn -0.526100457 -0.619389176 0.582730889
vn 0.387389332 -0.70603919 0.592822313
vn 0.445424229 -0.559816957 0.698714674
vn -0.343100578 0.196762189 0.918458819
vn 0.338383019 0.207353339 0.917878807
vn -0.0884478986 -0.133591548 -0.987081707
vn 0.0175959468 -0.392657042 -0.919516683
vn -0.00314310845 -0.721442282 0.692467391
vn -0.0444161221 -0.694845319 0.717786312
vn -0.285536677 0.207271457 0.935685456
vn -0.290333688 0.164867342 0.942616105
vn -0.000557112333 0.208443165 0.978034377
vn 0.0915381387 0.196382388 0.976245224
vn 0.118386559 0.247321278 0.961673975
vn -0.0897753984 0.206390932 0.974342346
vn -0.112357385 0.251719385 0.961256027
vn 0.278972089 0.179720089 0.943332016
vn 0.375265747 -0.194889516 -0.906197309
vn 0.266460866 -0.184359953 -0.94604969
vn -0.321993738 -0.160582259 -0.933023751
vn -0.354190916 -0.198894203 -0.913777828
vn 0.119578555 0.19613865 0.97325772
vn -0.685670316 -0.296309859 0.664873481
vn -0.407815933 -0.411292613 0.815183759
vn 0.233404696 0.174896017 0.95652163
vn 0.0786057189 0.178863138 0.980728805
vn 0.789500713 -0.010601731 0.61365813
vn -0.0994860083 0.178331465 0.978928149
vn 0.21152623 0.184344143 0.959830105
vn 0.0399028026 0.0216269083 0.998969436
vn 0.043915268 0.030352138 0.998574138
vn 0.0337891467 0.00834408682 0.999394178
vn 0.029945353 6.55091492e-09 0.999551535
vn -0.040292941 0.0210786518 0.998965621
vn -0.0305734724 3.55925178e-09 0.999532521
vn -0.0343270674 0.00813621469 0.999377489
vn -0.0441988297 0.029559467 0.998585343
vn -0.560541868 0.475358576 -0.678105474
vn -0.311525583 -0.532554924 0.786979675
vn -0.194591776 -0.693058074 0.69412148
vn 0.175847232 -0.503979981 0.845625162
vn 0.0641605631 -0.639127195 0.766420126
vn -0.582188189 -0.434889495 0.686970234
vn 0.0804066733 -0.173502401 -0.981545568
vn 0.231684819 -0.180760995 -0.955849171
vn -0.213528052 -0.196628779 -0.956944585
vn -0.142434448 -0.170632243 -0.974985659
vn 0.748013854 -0.215023026 0.627885699
vn 0.832937777 0.133303508 -0.537070692
vn -0.115999945 0.191729978 0.974568427
vn -0.723379791 -0.144217491 0.675220728
vn -0.544386327 0.148556128 0.825575292
vn 0.606176078 0.145318568 0.781941891
vn 0.235287353 -0.193825305 -0.952403069
vn -0.250908107 -0.193009421 -0.948573947
vn 0.0475439727 5.53492319e-09 -0.998869121
vn 0.0589777902 0.0242417082 -0.997964919
vn 0.0752711818 0.0589127503 -0.99542129
vn 0.0878433809 0.0857682973 -0.992435038
vn -0.0308698751 3.59375729e-09 -0.999523401
vn -0.031470906 -0.00120234326 -0.99950397
vn -0.0323419571 -0.0029450499 -0.999472558
vn -0.0329049379 -0.00407153415 -0.999450147
vn 0.0266545955 0.999534428 -0.0148514155
vn 0.0119662397 0.999848723 -0.0126193166
vn -7.87081226e-05 0.999999762 0.00062680844
vn -0.000550311292 0.999998629 0.00155547739
vn -0.00101206207 0.999996781 0.00232309033
vn 1 0 3.02679791e-06
vn -0.00179179688 0.999992669 -0.0033666899
vn -0.0306256935 0.999513447 -0.00591444457
vn -0.0660595968 0.996939361 -0.0418095477
vn -0.077397652 0.996707916 0.0241432153
vn -0.000914350443 0.999995232 0.00295417802
vn -0.00134495506 0.999998808 0.000736921676
vn 0.0013872179 -0.999993682 -0.00326926168
vn 0.00109367201 -0.999996245 -0.00249825511
vn 0.0728703961 -0.996235371 -0.0469564088
vn 0.0308557618 -0.999521673 -0.00210571941
vn 0.0919785947 -0.995748341 0.00501835532
vn -0.201156333 -0.979085743 -0.0304487962
vn -0.0492658727 -0.998605728 0.0189618431
vn -0.0840942264 -0.99595964 -0.031503357
vn 0.000104609368 -1 0.000327466085
vn 0.000151082684 -0.99999994 0.000402906444
vn 0.000152517605 -0.99999994 0.000407922722
vn -0.757900536 -0.0965395942 -0.645187557
vn 0.757037103 -0.0769350305 -0.64882648
vn -0.815183997 0.0963220224 0.571136713
vn -0.714760423 0.114487961 0.68993479
vn -0.809445798 0.0920685306 0.579931855
vn 0.659728646 -0.145786509 0.73722744
vn -0.773967564 -0.0294724125 0.632538915
vn 0.613515794 0.0497240983 0.788115442
vn 0.313984454 -0.479988843 0.819160879
vn -0.836220622 -0.0369988419 -0.547143519
vn -0.674162447 0.103787281 0.731254578
vn 0.352130413 -0.336390167 0.873410404
vn 0.576988578 0.265686482 -0.772330821
vn 0.517928123 0.429778725 -0.739621997
vn -0.445670247 -0.333493739 0.830758631
vn 0.52348876 -0.154538706 -0.837900519
vn -0.578355372 0.2637887 -0.771958888
vn -0.276532829 0.435159683 -0.85683471
vn 0.246274367 0.453276038 -0.856673717
vn 0.138462141 0.497503668 -0.856340051
vn -0.0273958948 -0.480168074 0.876748621
vn -0.113417052 -0.369230926 0.922390997
vn 0.411597192 -0.262519926 0.872737646
vn 0.612045765 0.13052097 -0.779977143
vn -0.0536244586 0.155662924 0.986353695
vn 0.117506757 0.151857093 0.981392682
vn -0.335813701 0.302043974 -0.892187595
vn 0.660964727 0.139079243 0.737416208
vn 0.57653296 0.0980588496 0.811168373
vn 0.74777174 0.0780443773 0.659353077
vn -0.167655885 -0.267622858 0.948825359
vn -0.487858474 -0.127456889 -0.863567531
vn -0.607866704 0.127619609 -0.783716381
vn 0.640480638 -0.0751037151 0.764293015
vn -0.553873897 -0.0693947524 0.829703569
vn -0.555576742 0.0514857955 0.829869688
vn -0.433421284 -0.154838324 0.887790024
vn 0.0317688547 -0.301125944 0.953055084
vn -0.238320991 -0.223186985 0.94519347
vn 0.142455667 -0.256826311 0.955900908
vn 0.324214369 0.290630609 -0.900232673
vn -0.620554924 -0.00426402176 -0.784151375
vn 0.165789008 0.135190517 0.976850808
vn 0.260857373 -0.104815789 -0.959670305
vn 0.625333309 0.0337213092 -0.779628932
vn -0.107387535 0.392031223 -0.913662672
vn -0.00150376093 0.385155141 -0.922850549
vn 0.438150615 0.116467558 0.89132458
vn -0.915020168 0.324211627 0.24005188
vn -0.915020227 0.324211597 0.240051866
vn -0.76797545 -0.636145234 -0.0743841827
vn -0.76797539 -0.636145234 -0.0743841827
vn 0.754250765 -0.628992856 0.188345015
vn 0.723464727 -0.680234253 0.117813468
vn 0.938333273 -0.332512021 0.0946908742
vn 0.000137223236 -5.80617962e-05 1
vn -1.47137125e-05 0.000119263539 0.99999994
vn -0.000455727277 -0.000685933512 0.999999642
vn 0.000426105689 -0.000570298347 0.999999702
vn -0.000605304376 -0.000498195179 0.999999642
vn -0.00406806311 -0.00437656604 0.999982178
vn -0.698255956 -0.715535879 -0.0211444013
vn -0.51975137 -0.854090393 -0.019704286
vn -0.391937226 -0.912751734 0.115192853
vn 0.000526090851 -0.000349708833 0.999999821
vn 0.649155378 -0.759768426 0.036731679
vn 0.676219642 -0.735275686 -0.0457912348
vn 0.000272892765 -0.00100005209 0.999999464
vn 0.000270030083 -0.000177835129 1
vn 0.000371500908 -0.000420605997 0.999999762
vn -1.63811164e-05 -0.000138601434 1
vn -0.612526894 -0.788910091 -0.049311243
vn -0.552865565 -0.832522035 0.0353076048
vn -0.519395113 -0.854344666 0.0179979913
vn -0.740286171 -0.67130661 -0.0363841318
vn 0.00235557789 -0.00226915139 0.999994695
vn 0.530909538 -0.847296834 0.0149370702
vn 0.689138174 -0.724355876 0.0199282784
vn 0.510545611 -0.858882785 0.0407855138
vn -0.766438901 -0.638474107 0.070158489
vn -9.06882451e-06 -8.89553849e-05 1
vn 0.741336584 -0.670447648 -0.0303328
vn -0.6688959 -0.727647007 0.152013347
vn 0.844577074 -0.529003918 -0.0827311873
vn 0.854544103 -0.517494798 -0.0441989116
vn -0.000111467729 -8.30341196e-06 1
vn -0.917373717 -0.391320527 0.0727581978
vn -0.839738727 -0.540805995 -0.0486591011
vn 0.834579945 -0.548189759 -0.0544456691
vn -0.187948495 0.978370428 0.0864099264
vn -0.0417852513 0.996958911 -0.0657790825
vn -0.0622402169 0.997056305 -0.0447751023
vn 0.0731925368 0.980549634 -0.18211329
vn 0.00311883911 0.999991715 -0.00263256556
vn 0.186306164 0.969824731 -0.157258168
vn -0.00311528426 0.999991655 0.00262956601
vn -0.186302736 0.969825685 0.157255292
vn 0.000101237114 -0.000101656013 1
vn -0.969824374 0.186308727 -0.15725705
vn -0.969824314 0.186308742 -0.15725705
vn -0.969824314 0.186308727 -0.15725705
vn -0.612018704 -0.758759439 0.222973436
vn -0.331523657 -0.935193121 0.124522969
vn 0.000312634744 -0.000390557951 0.999999881
vn 0.891502321 -0.449327826 -0.0576909669
vn -0.0717120096 -0.991648734 0.107191682
vn 0.321842968 -0.926328778 0.195785895
vn 0.253786892 -0.949979305 0.182020918
vn -0.132597283 -0.986926496 0.0916190594
vn 0.000246245268 -0.000178166505 1
vn 0.000432467816 -0.000375504838 0.999999762
vn 0.792215705 -0.600830793 -0.106755927
vn 0.61532861 -0.78518182 -0.0697152987
vn -6.29114293e-05 -0.000599423423 0.999999762
vn 0.989453197 -0.123559088 0.0756003186
vn 0.989453256 -0.123559095 0.0756003186
vn 0.989453197 -0.123559088 0.0756003112
vn -0.000359646219 0.000194029737 0.99999994
vn -0.000471367326 3.31946176e-05 0.999999881
vn 0.992493272 0.121121548 0.0169313047
vn 0.987535655 -0.0976735279 -0.123422891
vn 0.996878684 0.0781870782 -0.0109395673
vn 0.946741462 0.294151872 0.130977705
vn -0.966941953 -0.254942864 0.00523232482
vn -0.955909491 -0.290453821 -0.0432843268
vn -0.964865625 -0.262691379 -0.00524221454
vn -0.973067522 -0.226422116 0.043274343
vn -5.44866589e-06 -7.53294007e-05 1
vn 0.946741521 0.294151902 0.13097772
vn 0.966244936 -0.185617462 -0.178653002
vn 0.966244936 -0.185617477 -0.178653017
vn -0.929237425 -0.2823461 0.238324597
vn -0.929237366 -0.28234607 0.238324583
vn 0.323580563 0.912931383 0.248700574
vn 0.323580533 0.912931323 0.248700559
vn 0.323580563 0.912931323 0.248700574
vn -0.709121108 0.699124157 -0.0915016606
vn -0.709121168 0.699124157 -0.0915016681
vn -0.709121168 0.699124157 -0.0915016606
vn -0.719698668 0.694171548 0.0126360543
vn -0.855953872 0.516993582 -0.00778370257
vn -0.915697813 0.379777014 0.131403595
vn 0.000573911471 0.000581171073 0.999999702
vn -0.00014241552 7.03561818e-05 1
vn 0.799345315 0.59955132 -0.0398151651
vn 0.815693617 0.576737702 -0.0449155197
vn 0.835749924 0.543008029 0.0816358775
vn 0.736306906 0.674061716 0.0591003075
vn -0.804856122 0.592207491 -0.0386884101
vn -0.804856122 0.592207551 -0.0386884138
vn -0.326177895 0.93873781 0.111262545
vn -0.326177865 0.93873775 0.111262538
vn -0.326177835 0.93873781 0.111262538
vn -0.000813969935 0.000649431662 0.999999523
vn -0.705637455 0.708338141 0.0182440262
vn -0.812268913 0.581056893 -0.0509136878
vn -0.906213701 0.414800704 0.0819581151
vn 0.000373613933 0.000537024112 0.999999821
vn 0.840120077 0.541612148 -0.0292344969
vn 0.840483785 0.541089177 -0.0284524672
vn 0.835717082 0.547805071 -0.0385574289
vn 0.366792172 -0.929113686 0.0470239632
vn 0.219791636 -0.972087085 -0.0820868239
vn 0.359698355 -0.932187974 0.0405278429
vn 0.478548318 -0.864512086 0.153656766
vn 0.472514272 -0.85362196 0.219225243
vn 0.472514331 -0.853622019 0.219225258
vn 0.472514302 -0.85362196 0.219225258
vn -0.182903379 -0.952133298 -0.244925544
vn -0.182903364 -0.952133238 -0.244925544
vn -0.182903379 -0.952133298 -0.244925559
vn -0.697548389 0.711454928 0.0851944238
vn 0.726996124 0.67067796 -0.147199661
vn -0.59050256 0.80680871 -0.0191391874
vn 0.843687117 0.536405146 -0.0214824285
vn -0.744760513 0.650355756 0.149562865
vn 0.373037964 0.91637814 0.145236954
vn 0.373037994 0.91637814 0.145236954
vn 0.373037994 0.916378021 0.145236939
vn -0.375014335 0.915561318 0.145298555
vn 0.48561123 0.869280457 0.0923754275
vn 0.474654108 0.876404107 0.081359379
vn 0.429741532 0.902179241 0.0373491347
vn -0.930186689 0.328765512 0.163297415
vn -0.791385233 0.574812472 0.208086565
vn 0.929106593 -0.328284711 0.170264497
vn 0.929106653 -0.328284681 0.170264497
vn 0.929106653 -0.328284711 0.170264512
vn -0.924154699 -0.341896921 0.170424357
vn -0.924154818 -0.341896921 0.170424357
vn 0.933070898 0.345493108 0.100066833
vn 0.933070838 0.345493078 0.100066833
vn 0.933070898 0.345493078 0.100066833
vn 0.52637589 0.839556813 0.134435207
vn 0.450210422 0.889416873 -0.0790452212
vn 0.450210452 0.889416873 -0.0790452212
vn -0.150265992 0.979828238 -0.131745279
vn -0.150265992 0.979828298 -0.131745279
vn -0.150265977 0.979828238 -0.131745264
vn -7.45054251e-07 0 0.99999994
vn -7.45054251e-07 0 1
vn -7.45054194e-07 0 1
vn 0.0922991186 -0.995312393 -0.0288775191
vn 0.1191466 -0.992876649 -1.34013335e-05
vn -0.034007214 -0.997562706 0.0609277152
vn -0.010901277 -0.999275088 0.0364753753
vn 0.0797461569 0.996815145 -3.00370975e-05
vn 0.0622629747 0.997884274 -0.0187150016
vn -0.0398329943 0.999200642 0.00336679351
vn -0.0541352592 0.997873008 -0.0363163128
vn 0.0360402837 -0.998848855 0.031655889
vn 0.0477865972 -0.998853624 0.0027948909
vn -0.036456164 -0.99645412 0.0758291408
vn -0.0241851434 -0.997655571 0.0640184283
vn 0.0377251618 0.998906493 0.0276145171
vn 0.0500499941 0.998743355 -0.00260768877
vn -0.0609168522 0.996115506 -0.0635842606
vn -0.0392817594 0.999149799 -0.0125195552
vn -0.470774025 0.124720126 0.873393774
vn 0.225238234 -0.145748436 0.96334058
vn 0.529507101 -0.0826542899 -0.844269276
vn -0.48484695 0.0159005318 0.874454439
vn 0.392137557 -0.110186361 0.913283765
vn 0.418748558 -0.0229161475 0.907813013
vn -0.158308432 0.139884502 0.977430701
vn 0.144067734 0.225328431 -0.963572323
vn -0.204118431 -0.109967381 0.972750127
vn 0.239376068 0.179005891 0.954282939
vn 0.246411026 0.147031412 0.957947433
vn -0.245595232 0.12546441 0.961218834
vn -0.180886999 0.140123248 0.973470807
vn -0.2042519 0.136746511 0.969320118
vn 0.059920948 -0.12764658 0.990007997
vn -0.0317961685 -0.140032217 0.989636302
vn -0.383357197 0.089311406 0.919271886
vn 0.26605317 0.101025417 0.958649874
vn -0.0586414486 -0.102239661 0.993029833
vn -0.054327637 0.0576946288 0.996855021
vn 0.0466804579 -0.139955997 -0.989056706
vn -0.232168794 0.106879666 0.966785669
vn -0.0276202317 -0.114033751 0.993092895
vn 0.308309138 0.111213714 -0.944762886
vn 0.230679721 0.0691363886 0.970570505
vn 0.0396762863 0.192209244 -0.9805516
vn -0.226096347 0.0878320262 0.970137119
vn 0.000146181221 -0.000653797528 -0.999999762
vn 0.00107630179 -0.00162604533 -0.999998152
vn 0.000802509254 -0.000459892151 -0.999999642
vn -0.394559056 0.918012083 0.0397116095
vn -0.399831206 0.915536761 0.0439044237
vn -0.283624083 0.957856834 -0.0454714485
vn 0.0018357652 0.000876286358 -0.999997914
vn 0.00153843337 0.000805718184 -0.99999845
vn 0.00069751963 3.73249554e-06 -0.999999762
vn 0.544741452 0.826147974 -0.144000858
vn 0.555072248 0.821200252 -0.132381946
vn 0.500604808 0.84422648 -0.191511154
vn -6.7117151e-05 -0.000450368796 -0.999999881
vn 0.48582229 0.873821974 -0.0202937275
vn 0.496319741 0.868093491 -0.00896664988
vn 0.526089251 0.850090802 0.0239957869
vn 0.00069182663 -0.00169580663 -0.999998331
vn -0.485953271 0.866446018 0.114545353
vn -0.170576021 0.971249104 0.166069552
vn -0.170576021 0.971248984 0.166069552
vn -0.170576021 0.971249044 0.166069552
vn 0.000629515795 -0.000287229486 -0.999999702
vn 0.00114235631 0.000707480125 -0.999999106
vn 0.616285384 0.785312474 -0.0589621477
vn 0.000278440042 -0.000533598068 -0.999999821
vn 0.457046777 0.888001263 -0.050614994
vn 0.000265016133 -0.000363763917 -0.999999821
vn -0.921632171 0.309881628 -0.233597189
vn -0.921632171 0.309881598 -0.233597189
vn -0.921632051 0.309881568 -0.233597159
vn -0.868608117 0.493485391 -0.0446326323
vn -0.878606021 0.476578772 -0.0303989165
vn -0.79419595 0.592861354 -0.133297414
vn 0.000875306199 -0.000189754021 -0.999999642
vn 0.000404195336 -0.000216652625 -0.99999994
vn 0.952793717 0.30012086 0.0459523574
vn 0.983118236 0.181085184 -0.0262050685
vn 0.989763796 0.131491899 -0.0554765426
vn 0.992845893 0.0252718218 -0.116697647
vn -0.932491601 0.355082542 0.0661491901
vn -0.000240317575 0.000105809573 -1
vn 2.98409195e-05 2.02534156e-05 -1
vn 8.31269281e-05 0.000542258611 -0.99999994
vn 0.000263165333 0.000515943218 -0.999999762
vn 0.000229554484 0.000922489096 -0.999999523
vn 0.994331419 -0.0234129336 0.103715174
vn 0.98040545 -0.19425647 -0.0327022001
vn 0.982262135 -0.185735464 -0.0257554241
vn 0.935411155 -0.324323028 -0.140785262
vn -0.947239578 -0.244833723 0.206866235
vn -0.947239578 -0.244833708 0.206866235
vn -0.947239578 -0.244833738 0.206866249
vn -0.831288218 -0.555839956 0.00134431
vn -0.82368207 -0.566928446 0.0118339546
vn -0.876733243 -0.475815833 -0.0702714026
vn 0.658079028 -0.752944648 0.00248711766
vn 0.533612251 -0.841070354 -0.0886481106
vn 0.629702866 -0.776586592 -0.0196865629
vn 0.740006566 -0.668646634 0.0728146434
vn -0.607523859 -0.7763623 -0.167857483
vn -0.607523918 -0.77636236 -0.167857498
vn -0.765996397 -0.637513995 0.0826157928
vn 0.277368248 -0.960262656 0.0310245212
vn 0.128386468 -0.98854655 -0.0793251097
vn 0.275531501 -0.960835457 0.0296254829
vn 0.414816588 -0.899249434 0.138844296
vn -0.161361501 -0.981238961 0.105511308
vn -0.161361501 -0.981238902 0.105511315
vn -0.189113453 -0.0368865691 0.981262147
vn -0.100396417 0.19332017 -0.975985646
vn -0.299846679 0.115733251 -0.946941316
vn 0.206364498 0.0150666917 0.978359163
vn -0.205829114 0.0264317598 0.978230894
vn 0.185064107 0.109210558 0.97663933
vn -0.167743385 0.0941882133 0.981320858
vn 0.318708658 -0.0639181286 -0.945695043
vn 0.0334358774 0.119994588 0.992211401
vn 0.085423544 0.112581663 0.98996371
vn -0.10079018 0.120166853 0.987624049
vn -0.166659713 0.12740092 0.977749228
vn 0.0114130815 0.0691579133 0.997540474
vn 0.198611319 0.0887874588 0.97604835
vn 0.153610408 0.0952484161 0.983530223
vn -0.167842522 0.0603211299 0.983966649
vn -0.315104574 0.00114881725 -0.949056268
vn 0.140131012 0.0874145478 0.986266613
vn 0.0492555946 0.0580010749 0.997100592
vn -0.0630319864 0.0632676184 0.996004045
vn -0.13698028 0.0732681155 0.987860322
vn 0.085620068 -0.123883866 -0.988595903
vn 0.104907691 -0.207128972 -0.972672522
vn -0.164901212 -0.13895449 -0.976472855
vn 0.124331087 -0.029139271 0.991812885
vn 0.292232424 0.0197636634 -0.956143141
vn 0.103636071 0.0992206335 -0.989653885
vn 0.120267622 0.0699275285 0.990275562
vn -0.100882255 0.0753677264 0.992039561
vn -0.00789306778 0.0294103008 0.999536335
vn -0.0808964968 -0.118818231 -0.989615023
vn 0.197897568 -0.135083526 -0.970870197
vn -0.191386998 -0.105672613 -0.975809574
vn -0.212037429 -0.122025177 -0.969613314
vn -0.230693415 -0.080943346 -0.969653964
vn 0.104270399 0.0594866574 0.992768347
vn -0.804813445 0.028691316 0.592834115
vn -0.804813385 0.0286913142 0.592834055
vn -0.804813445 0.0286913179 0.592834055
vn 0.0410206318 0.0072255847 0.999132276
vn -0.0453669466 0.0268061105 0.998610675
vn 0.00458388776 -0.0274650771 0.999612272
vn 0.00254364056 -0.0868943185 -0.99621433
vn 0.0935322121 0.0463801399 0.994535387
vn -0.0800462067 0.0792478025 -0.993635952
vn 0.152365804 -0.0899855569 -0.984219134
vn 0.0996863097 -0.015905438 -0.994891763
vn -0.0975140855 -0.00653676176 -0.995212734
vn -0.0829295889 -0.0717881322 -0.99396646
vn -0.0353342593 -0.0696789697 -0.996943533
vn 0.040537782 -0.0658171624 -0.997007906
vn 0.0675463825 -0.0570632368 -0.996082962
vn -0.0212847888 -0.0401980728 -0.998964965
vn 0.039287895 0.0354419164 -0.998599231

# Mesh 'mesh' with 5733 faces
g mesh
usemtl white_001
f  1//1 2//2 3//3
f  2//2 4//4 3//3
f  4//5 5//6 3//7
f  6//8 7//9 8//10
f  7//9 9//11 8//10
f  9//12 10//13 8//14
f  9//15 7//16 3//17
f  7//16 1//18 3//17
f  5//6 9//12 3//7
f  4//19 2//20 8//21
f  2//20 6//22 8//21
f  10//13 4//5 8//14
f  11//23 12//23 10//24
f  12//25 4//5 10//13
f  9//12 11//26 10//13
f  13//27 14//27 15//27
f  16//28 13//29 15//30
f  17//31 16//28 15//30
f  14//32 17//31 15//30
f  18//33 16//34 17//34
f  14//32 18//35 17//31
f  19//36 20//37 21//38
f  22//39 19//40 21//41
f  23//42 22//39 21//41
f  20//43 23//42 21//41
f  24//44 25//45 23//46
f  25//45 22//47 23//46
f  26//48 24//44 23//46
f  20//43 26//49 23//42
f  27//50 5//6 4//5
f  5//6 28//51 9//12
f  28//51 11//26 9//12
f  12//25 29//52 4//5
f  29//52 27//50 4//5
f  30//53 28//54 5//55
f  27//56 30//53 5//55
f  30//53 31//57 28//54
f  32//58 30//53 27//56
f  29//59 32//58 27//56
f  25//45 33//60 22//47
f  33//61 19//40 22//39
f  34//62 24//44 26//48
f  35//63 2//64 1//65
f  36//66 35//63 1//65
f  7//67 36//66 1//65
f  36//68 37//68 35//69
f  37//70 38//71 35//72
f  38//73 39//74 35//75
f  39//76 2//64 35//63
f  40//77 37//78 36//79
f  41//80 40//81 36//82
f  7//67 41//83 36//66
f  38//84 42//85 39//86
f  6//87 2//64 39//76
f  42//88 40//89 41//89
f  42//90 41//91 39//92
f  41//83 6//87 39//76
f  7//67 6//87 41//83
f  43//93 11//26 28//51
f  44//94 43//95 28//54
f  31//57 44//94 28//54
f  11//96 45//97 12//98
f  45//97 46//99 12//98
f  46//99 13//100 12//98
f  13//29 29//52 12//25
f  47//101 48//102 11//96
f  14//103 47//101 11//96
f  48//102 45//97 11//96
f  43//93 14//32 11//26
f  49//104 50//105 45//106
f  51//107 52//108 48//109
f  50//110 46//111 45//110
f  47//112 51//107 48//109
f  53//113 49//114 45//115
f  48//102 53//116 45//97
f  50//117 54//118 46//119
f  52//120 55//121 48//120
f  56//122 49//123 53//124
f  48//102 57//125 53//116
f  55//126 57//127 48//128
f  58//129 51//129 47//130
f  54//131 53//132 46//133
f  53//116 13//100 46//99
f  57//125 14//103 53//116
f  57//134 58//135 47//136
f  14//103 57//125 47//101
f  14//103 13//100 53//116
f  54//131 56//137 53//132
f  55//138 58//139 57//139
f  16//28 29//52 13//29
f  43//93 18//35 14//32
f  18//35 59//140 16//28
f  59//140 60//141 16//28
f  60//141 19//40 16//28
f  33//61 29//52 16//28
f  19//40 33//61 16//28
f  20//43 61//142 18//35
f  61//142 62//143 18//35
f  62//143 59//140 18//35
f  26//49 20//43 18//35
f  43//93 26//49 18//35
f  61//144 63//145 62//146
f  64//147 60//148 59//149
f  65//150 64//151 59//150
f  66//152 65//153 59//154
f  67//155 66//156 59//155
f  62//143 67//157 59//140
f  63//158 68//159 62//159
f  69//160 63//145 61//144
f  70//161 66//162 67//163
f  62//143 71//164 67//157
f  72//165 71//166 62//167
f  68//168 72//165 62//167
f  71//169 69//170 61//171
f  20//43 71//164 61//142
f  64//172 70//173 60//174
f  20//43 19//40 71//164
f  19//40 67//157 71//164
f  72//175 69//170 71//169
f  60//176 70//177 67//178
f  19//40 60//141 67//157
f  73//179 31//180 30//181
f  74//182 75//183 73//184
f  75//185 31//180 73//179
f  30//181 74//186 73//179
f  76//187 32//58 29//59
f  77//188 76//187 29//59
f  37//189 75//185 74//186
f  74//186 38//190 37//189
f  78//191 40//192 42//193
f  40//192 75//185 37//189
f  38//190 78//191 42//193
f  74//186 78//191 38//190
f  78//191 75//185 40//192
f  65//194 78//191 74//186
f  65//195 79//196 78//197
f  79//196 63//198 78//197
f  63//199 75//185 78//191
f  30//181 32//200 74//186
f  32//200 80//201 74//186
f  81//202 44//203 75//185
f  44//203 31//180 75//185
f  25//45 82//204 33//60
f  83//205 29//52 33//61
f  84//206 34//62 26//48
f  85//207 84//206 26//48
f  43//93 86//208 26//49
f  86//208 87//209 26//49
f  87//209 85//210 26//49
f  88//211 89//212 43//93
f  89//212 86//208 43//93
f  83//205 90//213 29//52
f  90//213 77//214 29//52
f  44//94 88//215 43//95
f  80//201 50//216 74//186
f  50//216 49//217 74//186
f  49//217 65//194 74//186
f  55//218 52//219 75//185
f  51//220 81//202 75//185
f  52//219 51//220 75//185
f  63//199 55//218 75//185
f  66//221 79//196 65//195
f  49//217 56//222 65//194
f  79//196 68//223 63//198
f  58//224 55//218 63//199
f  91//225 88//215 44//94
f  54//226 65//194 56//222
f  92//227 65//194 54//226
f  63//199 93//228 58//224
f  92//229 64//230 65//231
f  69//232 93//233 63//234
f  58//224 81//202 51//220
f  93//228 81//202 58//224
f  80//201 92//227 54//226
f  50//216 80//201 54//226
f  90//213 94//235 77//214
f  32//200 76//236 80//201
f  76//236 95//237 80//201
f  96//238 91//239 81//202
f  91//239 44//203 81//202
f  83//240 97//241 90//242
f  89//243 98//244 86//245
f  24//246 68//247 79//248
f  25//249 24//246 79//248
f  99//250 97//241 83//240
f  100//251 98//252 89//253
f  101//254 76//187 77//188
f  98//255 102//256 86//257
f  97//258 103//259 90//258
f  102//260 87//260 86//261
f  103//262 94//263 90//264
f  66//265 25//249 79//248
f  24//246 72//266 68//247
f  66//265 70//267 25//249
f  70//267 82//268 25//249
f  34//269 72//266 24//246
f  95//237 104//270 80//201
f  104//270 105//271 80//201
f  105//271 92//227 80//201
f  93//228 106//272 81//202
f  106//272 107//273 81//202
f  107//273 96//238 81//202
f  108//274 64//230 92//229
f  109//275 108//274 92//229
f  105//271 110//276 92//227
f  110//276 109//277 92//227
f  69//232 111//278 93//233
f  111//279 112//280 93//228
f  112//280 106//272 93//228
f  100//251 89//253 88//281
f  113//282 103//283 97//284
f  114//285 113//282 97//284
f  100//286 115//287 98//288
f  99//289 114//285 97//284
f  116//290 102//291 98//288
f  115//287 116//290 98//288
f  117//292 118//293 83//294
f  118//293 99//295 83//294
f  33//61 117//296 83//205
f  119//297 100//298 88//299
f  120//300 119//297 88//299
f  91//225 120//301 88//215
f  102//302 121//302 87//303
f  103//304 122//305 94//306
f  123//307 115//287 100//286
f  124//308 123//307 100//286
f  125//309 114//285 99//289
f  119//310 124//311 100//311
f  105//312 113//313 114//312
f  106//314 116//315 115//316
f  106//317 112//317 116//317
f  105//318 104//318 113//318
f  126//319 120//301 91//225
f  107//320 106//321 115//322
f  123//323 107//324 115//325
f  110//326 105//327 114//327
f  125//328 110//329 114//330
f  119//331 120//332 127//333
f  82//204 128//334 33//60
f  128//335 117//296 33//61
f  129//336 84//206 85//207
f  87//209 129//337 85//210
f  113//282 122//338 103//283
f  118//339 125//309 99//289
f  116//290 121//340 102//291
f  130//341 127//342 120//343
f  64//344 82//268 70//267
f  34//269 69//345 72//266
f  131//346 124//347 119//348
f  131//346 119//348 127//349
f  132//350 118//351 117//352
f  128//335 132//353 117//296
f  133//354 77//214 94//235
f  126//319 130//355 120//301
f  121//356 134//357 87//356
f  134//358 129//337 87//209
f  122//359 132//360 94//361
f  132//353 133//354 94//235
f  108//362 82//268 64//344
f  34//269 135//363 69//345
f  135//364 111//278 69//232
f  84//365 135//363 34//269
f  130//341 134//358 127//342
f  134//366 131//367 127//367
f  112//368 136//369 116//370
f  136//371 121//340 116//290
f  104//372 137//373 113//374
f  137//375 122//338 113//282
f  122//359 138//376 132//360
f  130//341 129//337 134//358
f  138//377 118//351 132//350
f  128//335 133//354 132//353
f  131//378 123//307 124//308
f  121//379 131//380 134//381
f  76//236 139//382 95//237
f  140//383 126//384 96//238
f  126//384 91//239 96//238
f  141//385 107//385 123//385
f  142//386 110//387 125//388
f  112//389 141//389 136//390
f  104//391 142//392 137//393
f  138//394 122//338 137//375
f  101//395 139//382 76//236
f  136//396 141//397 123//398
f  131//378 136//371 123//307
f  137//399 142//400 125//401
f  118//339 137//375 125//309
f  131//378 121//340 136//371
f  118//339 138//394 137//375
f  143//402 101//254 77//188
f  133//403 143//402 77//188
f  139//382 142//404 95//237
f  142//404 104//270 95//237
f  107//273 140//383 96//238
f  144//405 108//274 109//275
f  141//406 112//280 111//279
f  141//406 140//383 107//273
f  142//404 109//277 110//276
f  111//279 140//383 141//406
f  139//382 109//277 142//404
f  145//407 82//268 108//362
f  144//408 145//407 108//362
f  84//365 146//409 135//363
f  146//410 111//278 135//364
f  145//411 128//334 82//204
f  147//412 148//413 126//319
f  148//413 130//355 126//319
f  145//411 149//414 128//334
f  150//415 151//416 128//335
f  152//417 133//354 128//335
f  151//416 152//417 128//335
f  149//418 150//415 128//335
f  153//419 84//206 129//336
f  154//420 153//419 129//336
f  155//421 156//422 129//337
f  156//422 157//423 129//337
f  157//423 154//424 129//337
f  130//341 155//421 129//337
f  148//425 158//426 130//341
f  158//426 155//421 130//341
f  152//417 159//427 133//354
f  101//395 160//428 139//382
f  161//429 147//430 140//383
f  147//430 126//384 140//383
f  143//431 160//428 101//395
f  159//427 162//432 133//354
f  163//433 143//402 133//403
f  162//434 163//433 133//403
f  160//428 164//435 139//382
f  164//435 165//436 139//382
f  165//436 109//277 139//382
f  111//279 166//437 140//383
f  166//437 167//438 140//383
f  167//438 161//429 140//383
f  168//439 144//405 109//275
f  165//436 169//440 109//277
f  169//440 168//441 109//277
f  146//410 170//442 111//278
f  170//443 171//444 111//279
f  171//444 166//437 111//279
f  151//445 169//446 152//447
f  169//446 165//448 152//447
f  156//449 155//450 166//451
f  171//452 156//449 166//451
f  172//453 149//414 145//411
f  144//408 172//454 145//407
f  153//455 173//456 84//365
f  173//456 146//409 84//365
f  151//445 168//457 169//446
f  170//442 156//458 171//459
f  167//460 166//461 155//462
f  158//463 167//460 155//462
f  150//464 168//457 151//445
f  174//465 175//466 147//412
f  175//466 148//413 147//412
f  165//467 159//468 152//469
f  170//442 157//470 156//458
f  150//464 144//471 168//457
f  146//410 157//470 170//442
f  164//472 159//468 165//467
f  172//453 176//473 149//414
f  176//474 177//475 149//418
f  177//475 150//415 149//418
f  178//476 179//477 159//427
f  179//477 162//432 159//427
f  180//478 181//479 158//426
f  148//425 180//478 158//426
f  175//480 182//481 148//425
f  182//481 180//478 148//425
f  143//431 183//482 160//428
f  184//483 174//484 161//429
f  174//484 147//430 161//429
f  163//485 183//482 143//431
f  173//486 157//470 146//410
f  183//482 185//487 160//428
f  185//487 164//435 160//428
f  186//488 184//483 161//429
f  167//438 186//488 161//429
f  187//489 186//488 167//438
f  185//487 188//490 164//435
f  179//477 189//491 162//432
f  189//491 190//492 162//432
f  190//493 163//433 162//434
f  164//472 191//494 159//468
f  191//495 178//476 159//427
f  192//496 187//489 167//438
f  158//497 192//498 167//499
f  193//500 192//498 158//497
f  181//479 193//501 158//426
f  177//502 194//503 150//464
f  194//503 144//471 150//464
f  194//504 172//454 144//408
f  195//505 175//466 174//465
f  196//506 197//507 198//508
f  199//509 196//506 198//508
f  197//510 189//511 198//512
f  189//511 179//513 198//512
f  200//514 201//515 202//516
f  180//517 200//518 202//519
f  203//520 199//509 198//508
f  179//521 203//522 198//523
f  204//524 205//525 202//516
f  201//515 204//524 202//516
f  205//526 180//527 202//526
f  178//528 203//522 179//521
f  182//529 200//518 180//517
f  206//530 201//515 200//514
f  207//531 199//509 203//520
f  181//532 180//533 205//533
f  185//534 196//535 199//536
f  186//537 204//538 201//539
f  186//537 187//540 204//538
f  206//541 184//541 201//542
f  184//543 186//544 201//545
f  207//546 188//547 199//548
f  188//547 185//549 199//548
f  183//550 196//551 185//551
f  196//506 208//552 197//507
f  208//553 189//554 197//555
f  209//556 206//530 200//514
f  182//557 209//558 200//559
f  210//560 207//531 203//520
f  178//561 210//562 203//563
f  204//524 211//564 205//525
f  211//565 181//566 205//567
f  195//568 182//481 175//480
f  212//569 210//562 178//561
f  191//495 212//570 178//476
f  163//485 213//571 183//482
f  213//571 214//572 183//482
f  215//573 216//574 184//483
f  216//574 174//484 184//483
f  164//472 217//575 191//494
f  217//576 218//577 191//495
f  218//577 219//578 191//495
f  219//578 212//570 191//495
f  188//490 220//579 164//435
f  220//580 217//575 164//472
f  173//486 221//581 157//470
f  222//582 154//424 157//423
f  221//583 222//582 157//423
f  223//584 153//419 154//420
f  222//585 223//584 154//420
f  224//586 163//433 190//493
f  189//491 224//587 190//492
f  225//588 196//588 183//589
f  214//590 225//591 183//591
f  226//592 204//593 187//594
f  227//595 226//592 187//594
f  192//496 227//596 187//489
f  225//597 208//552 196//506
f  227//598 184//599 206//600
f  226//601 211//564 204//524
f  227//596 215//573 184//483
f  228//602 209//603 182//604
f  195//568 228//605 182//481
f  229//606 208//552 225//597
f  230//607 211//564 226//601
f  207//608 214//609 188//610
f  214//572 220//579 188//490
f  208//611 219//612 189//613
f  219//578 224//587 189//491
f  192//496 215//573 227//596
f  213//571 220//579 214//572
f  226//614 227//615 206//616
f  209//556 230//607 206//530
f  230//607 226//601 206//530
f  225//617 214//609 207//608
f  210//560 229//606 207//531
f  229//606 225//597 207//531
f  230//618 209//618 228//619
f  229//620 210//621 212//622
f  219//623 229//620 212//622
f  229//624 219//625 208//626
f  230//627 228//628 211//629
f  228//628 181//630 211//629
f  228//605 193//501 181//479
f  218//577 224//587 219//578
f  231//631 172//454 194//504
f  153//455 232//632 173//456
f  232//633 221//581 173//486
f  231//634 176//473 172//453
f  223//635 232//632 153//455
f  195//568 193//501 228//605
f  233//636 213//571 163//485
f  224//586 233//637 163//433
f  216//638 234//639 174//465
f  234//639 195//505 174//465
f  235//640 215//573 192//496
f  236//641 220//579 213//571
f  237//642 233//637 224//586
f  238//643 237//644 224//645
f  239//646 238//643 224//645
f  224//647 218//648 239//649
f  233//636 236//641 213//571
f  235//640 240//650 215//573
f  240//650 216//574 215//573
f  241//651 194//503 177//502
f  232//633 242//652 221//581
f  243//653 235//640 192//496
f  193//654 243//655 192//656
f  218//657 238//658 239//659
f  234//660 193//501 195//568
f  244//661 218//577 217//576
f  245//662 222//582 221//583
f  231//634 246//663 176//473
f  246//664 177//475 176//474
f  245//665 223//584 222//585
f  244//666 238//658 218//657
f  247//667 243//655 193//654
f  234//660 247//668 193//501
f  248//669 241//651 177//502
f  246//664 248//670 177//475
f  217//576 249//671 244//661
f  249//671 246//664 244//661
f  250//672 194//503 241//651
f  232//633 251//673 242//652
f  251//674 252//675 242//676
f  252//677 221//581 242//652
f  253//678 231//631 194//504
f  250//672 253//679 194//503
f  223//635 254//680 232//632
f  254//681 251//673 232//633
f  255//682 246//663 231//634
f  244//683 237//684 238//685
f  256//686 233//637 237//642
f  246//664 256//687 244//661
f  244//661 256//687 237//688
f  236//641 257//689 220//579
f  257//690 249//691 220//692
f  249//691 217//693 220//692
f  258//694 221//581 252//677
f  258//695 245//662 221//583
f  259//696 250//697 241//698
f  248//669 259//699 241//651
f  260//700 236//641 233//636
f  256//686 260//701 233//637
f  240//702 261//703 216//638
f  261//703 234//639 216//638
f  257//704 248//705 249//706
f  248//670 246//664 249//671
f  250//697 259//696 257//689
f  236//641 250//697 257//689
f  259//707 248//705 257//704
f  252//675 251//674 243//653
f  251//674 235//640 243//653
f  247//708 252//709 243//710
f  258//711 252//709 247//708
f  234//660 245//662 247//668
f  245//662 258//695 247//668
f  262//712 263//713 236//641
f  263//713 264//714 236//641
f  264//714 250//697 236//641
f  251//674 265//715 235//640
f  265//715 266//716 235//640
f  267//717 265//715 251//674
f  260//700 262//712 236//641
f  266//716 268//718 235//640
f  268//718 240//650 235//640
f  269//719 231//631 253//678
f  270//720 251//673 254//681
f  269//721 255//682 231//634
f  271//722 272//723 223//584
f  245//665 271//722 223//584
f  272//724 254//680 223//635
f  273//725 274//726 234//660
f  261//727 273//725 234//660
f  274//726 245//662 234//660
f  275//728 260//701 256//686
f  246//664 276//729 256//687
f  255//730 277//731 246//664
f  277//731 276//729 246//664
f  274//726 278//732 245//662
f  278//732 271//733 245//662
f  276//729 279//734 256//687
f  279//734 275//735 256//687
f  280//736 262//712 260//700
f  275//728 280//737 260//701
f  268//738 261//703 240//702
f  281//739 282//740 265//739
f  283//741 284//742 264//743
f  263//744 283//745 264//746
f  267//747 281//748 265//749
f  282//750 285//751 265//751
f  285//752 266//716 265//715
f  284//753 286//754 264//755
f  286//756 250//697 264//714
f  284//757 287//758 288//759
f  287//760 276//761 288//762
f  282//763 289//764 290//765
f  289//766 274//767 290//768
f  291//769 263//713 262//712
f  285//752 292//770 266//716
f  293//771 253//679 250//672
f  286//756 293//772 250//697
f  270//773 267//717 251//674
f  284//757 283//774 287//758
f  279//775 276//761 287//760
f  294//776 282//763 290//765
f  274//777 294//778 290//779
f  295//780 284//757 288//759
f  276//781 295//782 288//783
f  282//763 281//784 289//764
f  278//785 274//767 289//766
f  284//786 296//787 286//788
f  282//789 297//790 285//791
f  297//792 282//763 294//776
f  274//777 273//793 294//778
f  296//794 284//757 295//780
f  276//781 277//795 295//782
f  298//796 269//719 253//678
f  293//771 298//797 253//679
f  272//724 299//798 254//680
f  299//799 300//800 254//681
f  300//800 270//720 254//681
f  301//801 283//801 263//802
f  302//803 281//804 267//803
f  280//736 291//769 262//712
f  292//770 268//718 266//716
f  283//774 303//805 287//758
f  304//806 279//807 287//808
f  303//809 304//806 287//808
f  305//810 297//792 294//776
f  273//811 305//812 294//813
f  306//814 296//794 295//780
f  277//815 306//816 295//817
f  281//784 307//818 289//764
f  308//819 278//820 289//821
f  307//822 308//819 289//821
f  309//823 301//823 263//824
f  291//769 309//825 263//713
f  310//826 302//826 267//826
f  270//773 310//827 267//717
f  297//828 310//828 285//828
f  310//827 292//770 285//752
f  296//829 309//830 286//829
f  309//825 293//772 286//756
f  270//773 292//770 310//827
f  291//769 293//772 309//825
f  297//831 302//832 310//833
f  296//834 301//835 309//836
f  301//837 303//805 283//774
f  302//838 307//818 281//784
f  311//839 291//769 280//736
f  292//770 312//840 268//718
f  279//734 304//841 275//735
f  313//842 277//731 255//730
f  314//843 271//733 278//732
f  315//844 303//805 301//837
f  316//845 307//818 302//838
f  275//728 311//846 280//737
f  312//847 317//848 268//738
f  317//848 261//703 268//738
f  271//722 318//849 272//723
f  318//850 299//798 272//724
f  319//851 255//682 269//721
f  298//796 319//852 269//719
f  308//853 314//843 278//732
f  305//810 316//845 297//792
f  316//845 302//838 297//792
f  306//814 315//844 296//794
f  315//844 301//837 296//794
f  315//854 304//855 303//856
f  320//857 316//858 305//859
f  273//860 320//861 305//862
f  321//863 315//864 306//865
f  277//866 321//867 306//868
f  316//869 308//870 307//871
f  293//771 322//872 298//797
f  321//873 304//855 315//854
f  320//874 308//870 316//869
f  271//722 323//875 318//849
f  324//876 255//682 319//851
f  261//727 320//877 273//725
f  313//842 321//878 277//731
f  325//879 326//880 291//769
f  326//880 327//881 291//769
f  327//881 293//772 291//769
f  328//882 329//883 292//770
f  270//773 328//882 292//770
f  327//881 322//884 293//772
f  300//885 330//886 270//773
f  330//886 328//882 270//773
f  314//843 323//887 271//733
f  261//727 317//888 320//877
f  324//889 313//842 255//730
f  321//878 275//735 304//841
f  320//877 317//888 308//853
f  317//888 314//843 308//853
f  313//842 275//735 321//878
f  311//839 325//879 291//769
f  329//883 312//840 292//770
f  298//890 331//891 319//892
f  331//893 324//876 319//851
f  332//894 311//846 275//728
f  326//895 333//896 327//897
f  330//898 334//899 328//900
f  335//901 325//879 311//839
f  329//883 336//902 312//840
f  333//903 337//904 327//904
f  334//905 338//905 328//906
f  338//907 339//908 328//909
f  339//910 329//883 328//882
f  337//911 340//912 327//912
f  340//913 322//884 327//881
f  341//914 333//896 326//895
f  342//915 334//899 330//898
f  332//894 335//916 311//846
f  336//917 343//918 312//847
f  343//918 317//848 312//847
f  340//919 341//920 326//921
f  325//879 340//913 326//880
f  339//922 342//923 330//924
f  300//885 339//910 330//886
f  344//925 331//891 298//890
f  322//926 344//925 298//890
f  345//927 300//928 299//929
f  318//930 345//927 299//929
f  346//931 345//927 318//930
f  325//879 322//884 340//913
f  337//932 341//920 340//919
f  338//933 342//923 339//922
f  300//885 329//883 339//910
f  300//885 347//934 329//883
f  348//935 314//843 317//888
f  313//842 349//936 275//735
f  349//936 350//937 275//735
f  350//937 332//938 275//735
f  314//843 351//939 323//887
f  352//940 353//941 331//891
f  344//925 352//940 331//891
f  354//942 346//931 318//930
f  355//943 354//942 318//930
f  356//944 355//945 318//849
f  323//875 356//944 318//849
f  348//935 357//946 314//843
f  358//947 351//948 314//949
f  359//950 360//951 361//952
f  362//953 359//954 361//955
f  363//956 364//957 361//952
f  360//951 363//956 361//952
f  365//958 362//953 361//955
f  364//959 365//958 361//955
f  366//960 360//951 359//950
f  362//953 367//961 359//954
f  363//962 368//963 364//964
f  369//965 365//958 364//959
f  370//966 359//954 367//961
f  371//967 366//960 359//950
f  372//968 371//967 359//950
f  370//966 372//969 359//954
f  368//963 373//970 364//964
f  373//970 374//971 364//964
f  375//972 369//965 364//959
f  374//973 375//972 364//959
f  376//974 372//969 370//966
f  377//975 378//976 372//977
f  376//974 377//978 372//969
f  379//979 375//972 374//973
f  380//980 379//979 374//973
f  381//981 377//978 376//974
f  382//982 378//976 377//975
f  383//983 382//982 377//975
f  384//984 383//983 377//975
f  374//971 385//985 380//986
f  386//987 387//988 380//986
f  385//985 386//987 380//986
f  388//989 379//979 380//980
f  389//990 377//978 381//981
f  390//991 391//992 377//975
f  391//992 384//984 377//975
f  389//990 390//993 377//978
f  392//994 393//995 380//986
f  387//988 392//994 380//986
f  393//996 388//989 380//980
f  394//997 390//993 389//990
f  395//998 396//999 388//989
f  393//996 395//998 388//989
f  394//997 397//1000 390//993
f  398//1001 399//1002 395//998
f  399//1002 396//999 395//998
f  400//1003 397//1000 394//997
f  401//1004 399//1002 398//1001
f  402//1005 399//1002 401//1004
f  403//1006 404//1007 397//1008
f  404//1007 390//991 397//1008
f  405//1009 403//1006 397//1008
f  406//1010 405//1009 397//1008
f  401//1011 407//1012 402//1013
f  408//1014 409//1015 402//1013
f  407//1012 408//1014 402//1013
f  410//1016 399//1002 402//1005
f  411//1017 397//1000 400//1003
f  412//1018 413//1019 397//1008
f  413//1019 406//1010 397//1008
f  411//1017 412//1020 397//1000
f  414//1021 415//1022 402//1013
f  409//1015 414//1021 402//1013
f  416//1023 410//1016 402//1005
f  415//1024 416//1023 402//1005
f  417//1025 412//1020 411//1017
f  418//1026 419//1027 417//1025
f  419//1027 412//1020 417//1025
f  415//1024 420//1028 416//1023
f  421//1029 420//1028 415//1024
f  422//1030 419//1027 418//1026
f  421//1029 423//1031 420//1028
f  424//1032 425//1033 419//1034
f  425//1033 412//1018 419//1034
f  426//1035 424//1032 419//1034
f  427//1036 426//1035 419//1034
f  415//1022 428//1037 421//1038
f  428//1037 429//1039 421//1038
f  429//1039 430//1040 421//1038
f  430//1041 423//1031 421//1029
f  431//1042 432//1043 422//1030
f  432//1043 419//1027 422//1030
f  430//1041 431//1042 423//1031
f  430//1041 432//1043 431//1042
f  432//1044 433//1045 419//1034
f  433//1045 427//1036 419//1034
f  429//1039 434//1046 430//1040
f  430//1047 435//1048 432//1049
f  435//1050 436//1051 432//1044
f  436//1051 433//1045 432//1044
f  437//1052 438//1053 430//1040
f  438//1053 435//1050 430//1040
f  434//1046 437//1052 430//1040
f  357//946 358//1054 314//843
f  439//1055 440//1056 313//1057
f  440//1058 349//936 313//842
f  441//1059 442//1060 443//1061
f  372//1062 441//1063 443//1064
f  444//1065 445//1066 446//1067
f  447//1068 444//1065 446//1067
f  374//1069 447//1070 446//1071
f  448//1072 449//1073 390//1074
f  404//1075 448//1072 390//1074
f  450//1076 451//1077 449//1078
f  448//1079 450//1076 449//1078
f  452//1080 453//1081 398//1082
f  395//1083 452//1080 398//1082
f  454//1084 455//1085 456//1086
f  457//1087 458//1088 459//1089
f  415//1090 457//1091 459//1090
f  425//1092 456//1093 412//1094
f  460//1095 461//1096 462//1097
f  435//1098 460//1099 462//1100
f  438//1101 460//1099 435//1098
f  463//1102 344//1103 322//884
f  325//879 463//1102 322//884
f  345//1104 347//934 300//885
f  378//1105 441//1063 372//1062
f  464//1106 352//940 344//925
f  346//931 465//1107 345//927
f  466//1108 464//1106 344//925
f  463//1109 466//1108 344//925
f  453//1081 467//1110 398//1082
f  455//1085 468//1111 456//1086
f  468//1112 412//1113 456//1114
f  469//1115 461//1096 460//1095
f  373//1116 447//1117 374//1118
f  467//1119 401//1120 398//1119
f  414//1121 457//1122 415//1123
f  470//1124 367//1125 362//1126
f  471//1127 470//1124 362//1126
f  365//1128 471//1127 362//1126
f  470//1124 472//1129 367//1125
f  472//1129 370//1130 367//1125
f  369//1131 471//1127 365//1128
f  472//1129 473//1132 370//1130
f  474//1133 471//1127 369//1131
f  475//1134 476//1135 370//1130
f  476//1135 376//1136 370//1130
f  473//1132 475//1134 370//1130
f  375//1137 477//1138 369//1131
f  477//1138 474//1133 369//1131
f  478//1139 477//1138 375//1137
f  476//1135 479//1140 376//1136
f  479//1140 381//1141 376//1136
f  379//1142 478//1139 375//1137
f  479//1140 480//1143 381//1141
f  480//1143 389//1144 381//1141
f  388//1145 481//1146 379//1142
f  481//1146 482//1147 379//1142
f  482//1147 478//1139 379//1142
f  483//1148 481//1146 388//1145
f  484//1149 485//1150 389//1144
f  485//1150 394//1151 389//1144
f  480//1143 484//1149 389//1144
f  396//1152 486//1153 388//1145
f  486//1153 487//1154 388//1145
f  487//1154 483//1148 388//1145
f  485//1150 400//1155 394//1151
f  399//1156 486//1153 396//1152
f  485//1150 488//1157 400//1155
f  488//1157 489//1158 400//1155
f  490//1159 486//1153 399//1156
f  491//1160 490//1159 399//1156
f  489//1158 492//1161 400//1155
f  492//1161 411//1162 400//1155
f  410//1163 491//1160 399//1156
f  492//1161 493//1164 411//1162
f  493//1164 494//1165 411//1162
f  495//1166 491//1160 410//1163
f  494//1165 417//1167 411//1162
f  416//1168 495//1166 410//1163
f  496//1169 495//1166 416//1168
f  494//1165 497//1170 417//1167
f  497//1170 418//1171 417//1167
f  420//1172 496//1169 416//1168
f  497//1170 498//1173 418//1171
f  499//1174 496//1169 420//1172
f  500//1175 499//1174 420//1172
f  498//1173 422//1176 418//1171
f  423//1177 501//1178 420//1172
f  501//1178 500//1175 420//1172
f  498//1173 502//1179 422//1176
f  503//1180 504//1181 422//1176
f  504//1181 431//1182 422//1176
f  502//1179 503//1180 422//1176
f  431//1182 504//1181 423//1177
f  504//1181 505//1183 423//1177
f  505//1183 501//1178 423//1177
f  446//1184 385//1185 374//1184
f  449//1186 391//1187 390//1188
f  459//1189 428//1190 415//1191
f  462//1192 436//1193 435//1194
f  465//1107 506//1195 345//927
f  506//1195 507//1196 345//927
f  507//1197 347//934 345//1104
f  335//901 329//883 325//879
f  439//1198 313//842 324//889
f  508//1199 466//1108 463//1109
f  351//939 356//1200 323//887
f  329//883 335//901 336//902
f  509//1201 347//934 507//1197
f  510//1202 509//1201 507//1197
f  325//879 511//1203 463//1102
f  511//1203 510//1202 463//1102
f  329//1204 347//1205 325//1206
f  347//934 512//1207 325//879
f  512//1207 511//1203 325//879
f  509//1201 512//1207 347//934
f  510//1208 513//1209 509//1210
f  514//1211 515//1212 511//1211
f  515//1213 513//1209 510//1208
f  516//1214 463//1109 507//1196
f  506//1195 516//1214 507//1196
f  463//1102 510//1202 507//1197
f  513//1215 512//1216 509//1217
f  515//1218 510//1219 511//1220
f  512//1221 517//1222 511//1223
f  517//1222 514//1224 511//1223
f  513//1215 517//1225 512//1216
f  516//1214 508//1199 463//1109
f  518//1226 519//1227 443//1061
f  442//1060 518//1226 443//1061
f  519//1228 371//1229 443//1230
f  371//1229 372//1231 443//1230
f  520//1232 444//1065 447//1068
f  373//1233 520//1234 447//1235
f  521//1236 442//1060 441//1059
f  522//1237 521//1236 441//1059
f  378//1238 522//1239 441//1240
f  445//1066 523//1241 446//1067
f  523//1242 385//1243 446//1244
f  451//1077 524//1245 449//1078
f  524//1246 391//1247 449//1248
f  525//1249 452//1080 395//1083
f  393//1250 525//1251 395//1252
f  526//1253 450//1076 448//1079
f  404//1254 526//1255 448//1256
f  407//1257 401//1258 467//1259
f  527//1260 458//1088 457//1087
f  528//1261 454//1084 456//1086
f  425//1262 528//1263 456//1264
f  529//1265 530//1266 459//1089
f  458//1088 529//1265 459//1089
f  530//1267 428//1268 459//1269
f  461//1096 531//1270 462//1097
f  531//1271 436//1193 462//1192
f  532//1272 469//1115 460//1095
f  438//1273 532//1274 460//1275
f  382//1276 522//1239 378//1238
f  403//1277 526//1255 404//1254
f  424//1278 528//1263 425//1262
f  437//1279 532//1274 438//1273
f  335//916 533//1280 336//917
f  533//1280 343//918 336//917
f  343//1281 348//935 317//888
f  444//1282 477//1283 445//1284
f  477//1283 478//1285 445//1284
f  450//1286 485//1287 451//1288
f  452//1289 486//1290 453//1289
f  494//1291 455//1292 497//1293
f  454//1294 497//1293 455//1292
f  468//1295 413//1296 412//1297
f  476//1298 518//1299 442//1300
f  479//1301 476//1302 442//1303
f  487//1304 486//1305 452//1306
f  488//1307 485//1308 450//1309
f  495//1310 496//1311 458//1312
f  496//1313 529//1314 458//1315
f  505//1316 504//1317 461//1318
f  469//1319 505//1316 461//1318
f  392//1320 525//1251 393//1250
f  503//1321 461//1322 504//1322
f  475//1323 518//1299 476//1298
f  484//1324 451//1325 485//1326
f  490//1327 453//1328 486//1329
f  499//1330 529//1314 496//1313
f  521//1331 479//1301 442//1303
f  534//1332 523//1241 445//1066
f  478//1333 534//1334 445//1334
f  535//1335 468//1111 455//1085
f  494//1336 535//1337 455//1336
f  527//1338 495//1310 458//1312
f  332//894 533//1280 335//916
f  349//1339 333//1340 350//1341
f  333//1340 341//1342 350//1341
f  341//1342 338//1343 350//1341
f  338//1343 348//1344 350//1341
f  334//1345 357//1346 348//1344
f  338//1343 334//1345 348//1344
f  536//1347 350//1348 348//1348
f  342//1349 338//1343 341//1342
f  337//1350 342//1349 341//1342
f  357//1346 342//1349 337//1350
f  349//1339 337//1350 333//1340
f  349//1339 357//1346 337//1350
f  342//1349 357//1346 334//1345
f  349//1351 537//1352 357//1353
f  353//941 538//1354 331//891
f  538//1355 539//1356 331//1357
f  539//1356 324//1358 331//1357
f  540//1359 444//1065 520//1232
f  541//1360 452//1080 525//1249
f  542//1361 450//1076 526//1253
f  453//1081 543//1362 467//1110
f  543//1363 407//1364 467//1365
f  535//1335 544//1366 468//1111
f  544//1367 413//1367 468//1368
f  545//1369 527//1260 457//1087
f  414//1370 545//1371 457//1372
f  546//1373 454//1084 528//1261
f  368//1374 520//1234 373//1233
f  514//1375 517//1376 547//1377
f  517//1376 548//1378 547//1377
f  548//1379 549//1380 547//1381
f  550//1382 514//1375 547//1377
f  551//1383 550//1383 547//1383
f  549//1384 551//1385 547//1386
f  517//1376 513//1387 548//1378
f  552//1388 549//1389 548//1388
f  550//1382 515//1390 514//1375
f  515//1390 553//1391 513//1387
f  553//1391 548//1378 513//1387
f  554//1392 552//1393 548//1394
f  553//1395 554//1392 548//1394
f  550//1382 553//1391 515//1390
f  555//1396 553//1397 550//1398
f  551//1399 555//1400 550//1401
f  555//1402 554//1403 553//1402
f  556//1404 519//1227 518//1226
f  475//1405 556//1406 518//1407
f  540//1408 477//1409 444//1410
f  478//1411 482//1412 534//1412
f  557//1413 524//1245 451//1077
f  484//1414 557//1415 451//1416
f  541//1417 487//1418 452//1419
f  542//1420 488//1421 450//1420
f  558//1422 543//1362 453//1081
f  490//1423 558//1424 453//1425
f  494//1426 493//1427 535//1428
f  546//1429 497//1430 454//1431
f  559//1432 530//1266 529//1265
f  499//1433 559//1434 529//1435
f  560//1436 531//1270 461//1096
f  503//1437 560//1438 461//1437
f  540//1408 561//1439 477//1409
f  561//1440 474//1133 477//1138
f  521//1441 562//1442 479//1443
f  562//1444 480//1143 479//1140
f  527//1445 563//1446 495//1447
f  563//1448 491//1160 495//1166
f  546//1429 564//1449 497//1430
f  564//1450 498//1173 497//1170
f  552//1451 348//935 343//1281
f  350//937 551//1452 332//938
f  565//1453 566//1454 440//1056
f  439//1055 565//1453 440//1056
f  567//1455 351//948 358//947
f  567//1455 568//1456 351//948
f  569//1457 565//1458 439//1198
f  324//889 569//1457 439//1198
f  568//1459 356//1200 351//939
f  539//1460 569//1457 324//889
f  568//1459 570//1461 356//1200
f  536//1462 551//1452 350//937
f  552//1451 536//1462 348//935
f  440//1058 571//1463 349//936
f  571//1463 537//1464 349//936
f  537//1464 358//1054 357//946
f  566//1465 571//1466 440//1467
f  571//1466 567//1468 358//1469
f  537//1464 571//1463 358//1054
f  572//1470 519//1227 556//1404
f  522//1237 573//1471 521//1236
f  573//1472 562//1442 521//1441
f  574//1473 575//1474 534//1332
f  575//1474 523//1241 534//1332
f  482//1475 574//1475 534//1476
f  576//1477 524//1245 557//1413
f  577//1478 544//1366 535//1335
f  493//1479 577//1480 535//1481
f  545//1369 578//1482 527//1260
f  578//1483 563//1446 527//1445
f  579//1484 530//1266 559//1432
f  580//1485 531//1270 560//1436
f  581//1486 505//1487 469//1488
f  532//1272 581//1489 469//1115
f  582//1490 525//1491 392//1492
f  583//1493 520//1494 368//1495
f  572//1496 371//1497 519//1498
f  583//1499 540//1359 520//1232
f  584//1500 573//1471 522//1237
f  382//1501 584//1502 522//1503
f  575//1504 585//1505 523//1506
f  585//1505 385//1507 523//1506
f  576//1508 586//1509 524//1510
f  586//1509 391//1511 524//1510
f  582//1512 541//1360 525//1249
f  587//1513 542//1361 526//1253
f  403//1514 587//1515 526//1516
f  414//1517 588//1518 545//1519
f  589//1520 546//1373 528//1261
f  424//1521 589//1522 528//1523
f  579//1524 590//1525 530//1526
f  590//1525 428//1527 530//1526
f  580//1528 591//1529 531//1530
f  591//1529 436//1531 531//1530
f  592//1532 581//1489 532//1272
f  437//1533 592//1534 532//1535
f  533//1536 552//1451 343//1281
f  551//1452 533//1536 332//938
f  473//1132 480//1143 562//1444
f  500//1175 491//1160 563//1448
f  593//1537 588//1538 414//1021
f  409//1015 593//1537 414//1021
f  541//1539 594//1539 487//1540
f  594//1541 483//1148 487//1154
f  542//1542 595//1543 488//1544
f  595//1545 489//1158 488//1157
f  562//1546 556//1547 475//1548
f  473//1132 562//1444 475//1134
f  561//1549 574//1550 482//1551
f  481//1146 561//1440 482//1147
f  595//1552 557//1553 484//1554
f  480//1143 595//1545 484//1149
f  594//1555 558//1556 490//1555
f  491//1160 594//1541 490//1159
f  564//1557 577//1558 493//1559
f  492//1161 564//1450 493//1164
f  563//1560 559//1561 499//1562
f  500//1175 563//1448 499//1174
f  596//1563 560//1564 503//1565
f  502//1179 596//1566 503//1180
f  597//1567 598//1568 539//1460
f  598//1568 569//1457 539//1460
f  538//1355 597//1569 539//1356
f  353//941 599//1570 538//1354
f  599//1571 597//1569 538//1355
f  600//1572 601//1573 355//943
f  601//1573 354//942 355//943
f  356//1574 600//1575 355//1576
f  570//1461 363//962 356//1200
f  363//1577 600//1575 356//1574
f  353//941 602//1578 599//1570
f  603//1579 601//1580 600//1581
f  604//1582 603//1579 600//1581
f  363//1577 604//1583 600//1575
f  602//1584 605//1585 599//1586
f  371//1587 597//1569 599//1571
f  366//1588 371//1587 599//1571
f  605//1589 604//1590 599//1591
f  360//1592 366//1588 599//1571
f  604//1583 360//1592 599//1571
f  605//1589 603//1593 604//1590
f  363//1577 360//1592 604//1583
f  570//1461 606//1594 363//962
f  371//1595 607//1596 597//1567
f  607//1596 598//1568 597//1567
f  606//1594 608//1597 363//962
f  608//1597 609//1598 363//962
f  609//1598 368//963 363//962
f  610//1599 607//1596 371//1595
f  572//1496 610//1600 371//1497
f  583//1499 574//1473 540//1359
f  574//1601 561//1602 540//1603
f  582//1512 543//1362 558//1422
f  589//1520 577//1478 546//1373
f  577//1604 564//1605 546//1606
f  596//1607 505//1608 581//1608
f  585//1609 386//987 385//985
f  586//1610 384//984 391//992
f  426//1035 406//1010 413//1019
f  590//1611 429//1039 428//1037
f  591//1612 433//1045 436//1051
f  596//1566 501//1178 505//1183
f  549//1613 552//1451 533//1536
f  481//1146 474//1133 561//1440
f  492//1161 498//1173 564//1450
f  543//1614 611//1615 407//1616
f  611//1617 408//1014 407//1012
f  555//1618 551//1452 536//1462
f  552//1451 554//1619 536//1462
f  612//1620 582//1490 392//1492
f  387//988 612//1621 392//994
f  573//1622 556//1547 562//1546
f  542//1623 557//1624 595//1625
f  480//1143 489//1158 595//1545
f  541//1626 558//1627 594//1628
f  491//1160 483//1148 594//1541
f  578//1629 559//1561 563//1560
f  573//1471 584//1500 556//1404
f  584//1500 572//1470 556//1404
f  583//1499 575//1474 574//1473
f  542//1361 587//1513 557//1413
f  587//1513 576//1477 557//1413
f  541//1360 582//1512 558//1422
f  589//1520 544//1366 577//1478
f  545//1369 579//1484 578//1482
f  578//1482 579//1484 559//1432
f  592//1532 580//1485 560//1436
f  560//1630 596//1631 581//1630
f  592//1532 560//1436 581//1489
f  613//1632 614//1633 615//1634
f  616//1635 613//1636 615//1637
f  617//1638 618//1639 619//1639
f  620//1640 617//1641 619//1642
f  621//1643 620//1644 619//1645
f  618//1646 621//1647 619//1648
f  622//1649 623//1650 624//1651
f  623//1652 625//1653 624//1653
f  625//1654 622//1655 624//1655
f  626//1656 627//1657 628//1657
f  629//1658 626//1659 628//1660
f  502//1179 501//1178 596//1566
f  549//1613 533//1536 551//1452
f  555//1618 536//1462 554//1619
f  566//1465 567//1468 571//1466
f  630//1661 584//1502 382//1501
f  383//983 630//1662 382//982
f  631//1663 587//1515 403//1514
f  405//1009 631//1664 403//1006
f  632//1665 589//1665 424//1665
f  426//1035 632//1666 424//1032
f  633//1667 592//1534 437//1533
f  434//1046 633//1668 437//1052
f  405//1009 384//984 586//1610
f  582//1669 611//1670 543//1671
f  632//1672 413//1673 544//1674
f  588//1675 579//1676 545//1676
f  632//1666 426//1035 413//1019
f  593//1537 429//1039 590//1611
f  634//1677 635//1678 618//1679
f  613//1680 636//1681 614//1682
f  617//1683 634//1684 618//1685
f  637//1686 636//1681 613//1680
f  638//1687 634//1684 617//1683
f  636//1688 615//1689 614//1690
f  635//1691 621//1692 618//1693
f  636//1688 639//1694 615//1689
f  616//1695 637//1696 613//1697
f  620//1698 638//1699 617//1700
f  639//1701 616//1702 615//1703
f  635//1704 640//1705 621//1706
f  640//1707 620//1708 621//1709
f  639//1710 637//1711 616//1712
f  640//1713 638//1714 620//1715
f  623//1716 641//1717 625//1718
f  641//1717 642//1719 625//1718
f  643//1720 644//1721 627//1722
f  626//1723 643//1724 627//1725
f  645//1726 641//1727 623//1728
f  644//1729 628//1730 627//1731
f  646//1732 643//1733 626//1734
f  622//1735 645//1736 623//1737
f  642//1738 622//1739 625//1740
f  629//1741 646//1742 626//1743
f  644//1744 629//1745 628//1745
f  642//1738 645//1746 622//1739
f  644//1747 646//1748 629//1749
f  387//988 408//1014 612//1621
f  585//1750 583//1751 368//1752
f  609//1598 585//1609 368//963
f  609//1598 386//987 585//1609
f  383//983 607//1596 630//1662
f  434//1046 433//1045 633//1668
f  576//1753 631//1754 586//1755
f  631//1664 405//1009 586//1610
f  579//1756 588//1757 590//1758
f  588//1538 593//1537 590//1611
f  580//1759 633//1760 591//1761
f  633//1668 433//1045 591//1612
f  582//1669 612//1762 611//1670
f  612//1621 408//1014 611//1617
f  647//1763 568//1456 567//1455
f  572//1764 584//1765 610//1766
f  584//1765 630//1767 610//1766
f  630//1662 607//1596 610//1599
f  583//1768 585//1769 575//1768
f  587//1770 631//1754 576//1753
f  589//1771 632//1772 544//1773
f  592//1774 633//1760 580//1759
f  647//1775 567//1468 566//1465
f  648//1776 566//1777 565//1778
f  647//1779 570//1779 568//1780
f  569//1781 648//1776 565//1778
f  649//1782 647//1783 566//1784
f  649//1782 650//1785 647//1783
f  648//1786 649//1782 566//1784
f  569//1787 352//1788 648//1786
f  352//1788 649//1782 648//1786
f  650//1785 651//1789 647//1783
f  651//1789 570//1790 647//1783
f  652//1791 472//1792 602//1578
f  353//941 652//1791 602//1578
f  471//1793 653//1794 601//1573
f  653//1794 354//942 601//1573
f  472//1795 605//1796 602//1797
f  603//1798 471//1799 601//1800
f  472//1795 603//1798 605//1796
f  472//1795 470//1801 603//1798
f  470//1801 471//1799 603//1798
f  654//1802 598//1568 607//1596
f  655//1803 473//1804 472//1805
f  656//1806 657//1807 471//1808
f  474//1809 656//1806 471//1808
f  652//1810 658//1811 472//1812
f  658//1811 655//1813 472//1812
f  657//1814 653//1794 471//1793
f  659//1815 653//1794 657//1814
f  655//1803 660//1816 473//1804
f  481//1817 656//1806 474//1809
f  661//1818 660//1819 655//1820
f  662//1821 661//1818 655//1820
f  658//1822 662//1821 655//1820
f  663//1823 659//1815 657//1814
f  656//1824 664//1825 657//1826
f  664//1827 665//1828 657//1828
f  665//1829 663//1823 657//1814
f  666//1830 667//1831 607//1596
f  383//983 666//1830 607//1596
f  668//1832 386//987 609//1598
f  661//1818 669//1833 660//1819
f  660//1816 480//1834 473//1804
f  668//1832 670//1835 386//987
f  384//984 666//1830 383//983
f  670//1835 387//988 386//987
f  669//1833 671//1836 660//1819
f  671//1837 480//1834 660//1816
f  672//1838 673//1839 656//1824
f  673//1839 664//1825 656//1824
f  481//1817 672//1840 656//1806
f  483//1841 672//1840 481//1817
f  674//1842 666//1830 384//984
f  405//1009 674//1842 384//984
f  670//1835 408//1014 387//988
f  669//1833 675//1843 671//1836
f  489//1844 480//1834 671//1837
f  670//1835 676//1845 408//1014
f  675//1846 677//1847 671//1848
f  677//1849 489//1844 671//1837
f  678//1850 679//1851 672//1852
f  679//1851 673//1853 672//1852
f  483//1841 678//1854 672//1840
f  491//1855 678//1854 483//1841
f  675//1846 680//1856 677//1847
f  492//1857 489//1844 677//1849
f  681//1858 674//1842 405//1009
f  406//1010 681//1858 405//1009
f  676//1845 409//1015 408//1014
f  676//1845 682//1859 409//1015
f  683//1860 684//1861 677//1862
f  680//1863 683//1864 677//1864
f  684//1865 492//1857 677//1849
f  685//1866 686//1867 678//1868
f  686//1867 679//1869 678//1868
f  491//1855 685//1870 678//1854
f  500//1871 685//1870 491//1855
f  426//1035 681//1858 406//1010
f  682//1859 593//1537 409//1015
f  498//1872 492//1857 684//1865
f  687//1873 681//1858 426//1035
f  688//1874 689//1875 684//1876
f  683//1877 688//1878 684//1878
f  689//1879 498//1872 684//1865
f  690//1880 691//1881 685//1882
f  691//1881 686//1883 685//1882
f  500//1871 690//1884 685//1870
f  501//1885 690//1884 500//1871
f  692//1886 429//1039 593//1537
f  682//1859 692//1886 593//1537
f  502//1887 498//1872 689//1879
f  689//1888 691//1889 690//1890
f  501//1885 689//1879 690//1884
f  688//1891 691//1891 689//1892
f  501//1885 502//1887 689//1879
f  427//1036 687//1873 426//1035
f  693//1893 687//1873 427//1036
f  433//1045 693//1893 427//1036
f  692//1886 434//1046 429//1039
f  692//1886 693//1893 434//1046
f  693//1893 433//1045 434//1046
f  667//1831 654//1802 607//1596
f  649//1894 466//1108 508//1199
f  649//1894 464//1106 466//1108
f  516//1214 649//1894 508//1199
f  650//1895 516//1895 506//1896
f  694//1897 654//1802 667//1831
f  465//1898 650//1899 506//1900
f  608//1901 668//1902 609//1903
f  465//1898 651//1904 650//1899
f  650//1905 649//1894 516//1214
f  346//1906 651//1907 465//1908
f  649//1909 352//1909 464//1910
f  695//1911 694//1912 667//1913
f  661//1914 695//1911 667//1913
f  666//1915 669//1916 667//1917
f  669//1916 661//1918 667//1917
f  696//1919 665//1920 668//1919
f  664//1921 670//1922 668//1923
f  665//1924 664//1921 668//1923
f  662//1925 695//1926 661//1927
f  696//1928 663//1929 665//1930
f  666//1915 675//1931 669//1916
f  673//1932 670//1922 664//1921
f  674//1933 675//1931 666//1915
f  673//1932 676//1934 670//1922
f  680//1935 675//1931 674//1933
f  679//1936 676//1934 673//1932
f  683//1937 680//1935 674//1933
f  681//1938 683//1937 674//1933
f  679//1936 682//1939 676//1934
f  686//1940 692//1941 679//1936
f  692//1941 682//1939 679//1936
f  687//1942 683//1937 681//1938
f  687//1942 688//1943 683//1937
f  691//1944 693//1945 686//1940
f  693//1945 692//1941 686//1940
f  687//1942 693//1945 688//1943
f  693//1945 691//1944 688//1943
f  354//1946 651//1907 346//1906
f  569//1787 353//1947 352//1788
f  354//1948 570//1790 651//1789
f  608//1949 696//1949 668//1950
f  636//1951 353//1947 569//1787
f  639//1952 636//1951 569//1787
f  598//1953 639//1952 569//1787
f  636//1951 637//1954 353//1947
f  637//1954 652//1955 353//1947
f  644//1956 643//1957 354//1948
f  653//1958 644//1956 354//1948
f  635//1959 570//1790 354//1948
f  643//1957 635//1959 354//1948
f  634//1960 638//1961 570//1790
f  638//1961 606//1962 570//1790
f  635//1959 634//1960 570//1790
f  643//1957 640//1963 635//1959
f  598//1953 642//1964 639//1952
f  641//1965 652//1955 637//1954
f  639//1952 641//1965 637//1954
f  643//1957 606//1962 638//1961
f  640//1963 643//1957 638//1961
f  642//1964 641//1965 639//1952
f  645//1966 652//1955 641//1965
f  646//1967 606//1962 643//1957
f  608//1968 606//1962 646//1967
f  654//1969 642//1964 598//1953
f  654//1969 645//1966 642//1964
f  696//1970 608//1968 646//1967
f  694//1971 695//1972 645//1966
f  654//1969 694//1971 645//1966
f  658//1973 652//1955 645//1966
f  662//1974 658//1973 645//1966
f  663//1975 646//1967 644//1956
f  659//1976 663//1975 644//1956
f  653//1958 659//1976 644//1956
f  663//1975 696//1970 646//1967
f  695//1972 662//1974 645//1966
f  697//1977 698//1978 699//1979
f  700//1980 697//1981 699//1982
f  701//1983 702//1984 703//1985
f  702//1986 704//1987 703//1988
f  705//1989 706//1990 707//1991
f  706//1990 708//1992 707//1991
f  708//1993 709//1994 707//1995
f  707//1991 710//1996 705//1989
f  710//1997 711//1998 705//1999
f  711//1998 706//2000 705//1999
f  712//2001 713//2002 714//2003
f  715//2004 712//2005 714//2006
f  716//2007 717//2008 698//2009
f  717//2010 699//1979 698//1978
f  718//2011 716//2012 701//2013
f  719//2014 712//2005 715//2004
f  720//2015 719//2016 715//2017
f  700//1980 721//2018 697//1981
f  721//2019 720//2020 715//2021
f  722//2022 704//1987 702//1986
f  723//2023 709//1994 708//1993
f  708//1992 701//1983 703//1985
f  704//2024 708//2025 703//2026
f  702//1984 710//1996 707//1991
f  709//2027 702//2028 707//2029
f  714//2006 697//1977 715//2004
f  697//2030 721//2030 715//2031
f  717//2010 719//2014 699//1979
f  719//2032 700//2033 699//2034
f  720//2035 724//2036 719//2037
f  704//2024 723//2038 708//2025
f  709//2027 722//2039 702//2028
f  724//2040 700//2033 719//2032
f  714//2006 698//1978 697//1977
f  706//1990 701//1983 708//1992
f  717//2010 712//2005 719//2014
f  701//2041 710//2042 702//2043
f  713//2002 725//2044 714//2003
f  716//2007 718//2045 717//2008
f  726//2046 716//2007 698//2009
f  727//2047 726//2046 698//2009
f  714//2006 727//2048 698//1978
f  706//1990 728//2049 701//1983
f  728//2049 729//2050 701//1983
f  729//2051 718//2011 701//2013
f  730//2052 710//2053 701//2054
f  716//2012 726//2055 701//2013
f  726//2055 730//2056 701//2013
f  731//2057 728//2058 706//2000
f  711//1998 731//2057 706//2000
f  730//2052 732//2059 710//2053
f  733//2060 711//1998 710//1997
f  732//2061 733//2060 710//1997
f  734//2062 713//2002 712//2001
f  735//2063 734//2062 712//2001
f  717//2010 735//2064 712//2005
f  725//2044 736//2065 714//2003
f  736//2065 737//2066 714//2003
f  737//2067 727//2048 714//2006
f  738//2068 734//2062 735//2063
f  736//2065 739//2069 737//2066
f  740//2070 741//2071 737//2066
f  739//2069 740//2070 737//2066
f  741//2072 727//2048 737//2067
f  718//2045 742//2073 717//2008
f  742//2074 735//2064 717//2010
f  743//2075 726//2046 727//2047
f  744//2076 743//2075 727//2047
f  741//2072 744//2077 727//2048
f  728//2049 745//2078 729//2050
f  745//2079 746//2080 729//2051
f  746//2080 718//2011 729//2051
f  726//2055 743//2081 730//2056
f  736//2082 747//2083 739//2084
f  738//2085 748//2086 734//2087
f  749//2088 734//2089 748//2088
f  750//2090 749//2091 748//2090
f  751//2092 739//2093 747//2094
f  752//2095 751//2096 747//2097
f  753//2098 748//2086 738//2085
f  749//2099 713//2100 734//2099
f  751//2101 740//2101 739//2101
f  753//2102 750//2102 748//2102
f  736//2103 754//2104 747//2105
f  754//2106 752//2106 747//2107
f  721//2108 724//2108 720//2109
f  700//2110 724//2111 721//2112
f  722//2113 723//2114 704//2115
f  709//2116 723//2114 722//2113
f  753//2117 755//2118 750//2118
f  755//2119 749//2120 750//2119
f  754//2121 756//2122 752//2123
f  756//2124 751//2124 752//2125
f  755//2126 713//2127 749//2127
f  756//2128 740//2129 751//2130
f  757//2131 741//2071 740//2070
f  758//2132 738//2068 735//2063
f  725//2044 759//2133 736//2065
f  759//2134 754//2135 736//2136
f  755//2137 753//2138 738//2139
f  759//2134 756//2140 754//2135
f  746//2141 742//2073 718//2045
f  760//2142 758//2143 735//2064
f  761//2144 760//2142 735//2064
f  742//2074 761//2144 735//2064
f  757//2145 762//2146 741//2072
f  762//2146 763//2147 741//2072
f  763//2147 744//2077 741//2072
f  764//2148 761//2144 742//2074
f  763//2147 765//2149 744//2077
f  728//2049 766//2150 745//2078
f  767//2151 768//2152 730//2052
f  768//2152 769//2153 730//2052
f  769//2153 732//2059 730//2052
f  743//2081 767//2154 730//2056
f  770//2155 771//2156 728//2049
f  771//2156 766//2150 728//2049
f  731//2057 770//2157 728//2058
f  769//2153 772//2158 732//2059
f  772//2158 773//2159 732//2059
f  773//2160 733//2060 732//2061
f  759//2161 740//2162 756//2163
f  758//2132 713//2002 738//2068
f  713//2164 755//2137 738//2139
f  725//2044 757//2131 740//2070
f  759//2133 725//2044 740//2070
f  774//2165 775//2166 766//2165
f  776//2167 777//2168 763//2169
f  778//2170 779//2171 769//2172
f  777//2168 765//2173 763//2169
f  779//2171 772//2174 769//2172
f  762//2175 776//2176 763//2177
f  768//2178 778//2179 769//2180
f  771//2181 774//2182 766//2182
f  780//2183 781//2184 761//2185
f  764//2186 780//2187 761//2188
f  781//2184 760//2189 761//2185
f  782//2190 776//2176 762//2175
f  783//2191 780//2187 764//2186
f  784//2192 778//2179 768//2178
f  785//2193 774//2194 771//2194
f  786//2195 745//2078 766//2150
f  775//2196 786//2197 766//2198
f  781//2199 787//2200 760//2201
f  777//2202 788//2203 765//2204
f  775//2196 789//2205 786//2197
f  790//2206 773//2159 772//2158
f  779//2207 791//2208 772//2209
f  791//2208 790//2210 772//2209
f  767//2151 790//2206 768//2152
f  790//2211 784//2212 768//2213
f  792//2214 758//2143 760//2142
f  787//2200 792//2215 760//2201
f  793//2216 744//2077 765//2149
f  788//2203 793//2217 765//2204
f  757//2145 793//2216 762//2146
f  793//2218 782//2219 762//2220
f  742//2074 792//2214 764//2148
f  792//2221 783//2222 764//2223
f  791//2224 784//2212 790//2211
f  770//2155 786//2195 771//2156
f  786//2225 785//2226 771//2227
f  787//2228 783//2222 792//2221
f  789//2229 785//2226 786//2225
f  742//2074 758//2143 792//2214
f  757//2145 744//2077 793//2216
f  788//2230 782//2231 793//2230
f  770//2155 745//2078 786//2195
f  767//2151 773//2159 790//2206
f  746//2141 794//2232 742//2073
f  794//2233 758//2143 742//2074
f  795//2234 743//2075 744//2076
f  770//2155 796//2235 745//2078
f  796//2236 746//2080 745//2079
f  788//2237 777//2238 776//2239
f  797//2240 779//2241 778//2240
f  798//2242 781//2243 780//2242
f  782//2244 788//2237 776//2239
f  784//2245 797//2246 778//2247
f  783//2248 798//2249 780//2248
f  799//2250 794//2232 746//2141
f  800//2251 801//2252 757//2131
f  725//2044 800//2251 757//2131
f  797//2253 791//2254 779//2253
f  798//2255 787//2256 781//2255
f  774//2257 789//2258 775//2259
f  783//2260 787//2261 798//2262
f  785//2263 789//2258 774//2257
f  784//2264 791//2265 797//2266
f  802//2267 713//2002 758//2132
f  794//2233 802//2268 758//2143
f  803//2269 795//2234 744//2076
f  757//2145 803//2270 744//2077
f  770//2155 804//2271 796//2235
f  799//2272 746//2080 796//2236
f  805//2273 773//2159 767//2151
f  743//2081 795//2274 767//2154
f  795//2274 805//2275 767//2154
f  731//2057 804//2276 770//2157
f  794//2233 806//2277 802//2268
f  799//2250 806//2278 794//2232
f  807//2279 795//2234 803//2269
f  804//2271 808//2280 796//2235
f  808//2281 799//2272 796//2236
f  731//2057 809//2282 804//2276
f  805//2273 810//2283 773//2159
f  810//2284 733//2060 773//2160
f  811//2285 812//2286 801//2287
f  811//2288 813//2289 812//2290
f  800//2291 811//2292 801//2293
f  814//2294 757//2131 801//2252
f  812//2295 814//2296 801//2297
f  814//2294 815//2298 757//2131
f  815//2299 803//2270 757//2145
f  816//2300 814//2296 812//2295
f  813//2301 816//2302 812//2303
f  817//2304 811//2305 800//2306
f  817//2307 813//2308 811//2309
f  817//2310 816//2311 813//2312
f  818//2313 806//2278 799//2250
f  725//2044 814//2294 800//2251
f  814//2314 817//2315 800//2316
f  814//2314 816//2317 817//2315
f  725//2044 815//2298 814//2294
f  819//2318 807//2279 803//2269
f  815//2299 819//2319 803//2270
f  818//2320 799//2272 808//2281
f  795//2274 807//2321 805//2275
f  802//2267 820//2322 713//2002
f  820//2322 821//2323 713//2002
f  821//2323 822//2324 713//2002
f  822//2324 823//2325 713//2002
f  823//2325 725//2044 713//2002
f  824//2326 815//2298 725//2044
f  824//2326 825//2327 815//2298
f  731//2328 711//2329 823//2330
f  733//2331 823//2332 711//2333
f  822//2334 731//2328 823//2330
f  733//2331 725//2335 823//2332
f  809//2336 731//2337 822//2338
f  826//2339 827//2340 802//2268
f  827//2340 820//2341 802//2268
f  806//2277 826//2339 802//2268
f  825//2342 828//2343 815//2299
f  828//2343 819//2319 815//2299
f  818//2313 829//2344 806//2278
f  829//2345 830//2346 806//2277
f  830//2346 826//2339 806//2277
f  828//2343 831//2347 819//2319
f  832//2348 833//2349 808//2280
f  804//2271 832//2348 808//2280
f  833//2350 818//2320 808//2281
f  834//2351 835//2352 805//2273
f  835//2352 836//2353 805//2273
f  836//2353 810//2283 805//2273
f  807//2321 834//2354 805//2275
f  837//2355 838//2356 804//2271
f  838//2356 832//2348 804//2271
f  809//2282 837//2357 804//2276
f  836//2353 839//2358 810//2283
f  839//2359 733//2060 810//2284
f  831//2360 828//2361 840//2362
f  841//2363 836//2364 842//2365
f  843//2366 841//2366 842//2367
f  844//2368 826//2369 845//2370
f  846//2371 844//2372 845//2373
f  826//2374 847//2375 845//2376
f  847//2377 846//2378 845//2379
f  848//2380 832//2381 849//2382
f  850//2383 848//2384 849//2385
f  832//2386 838//2387 849//2388
f  830//2389 847//2375 826//2374
f  835//2390 842//2391 836//2392
f  839//2359 851//2393 733//2060
f  851//2394 725//2395 733//2396
f  828//2397 852//2398 840//2397
f  852//2399 853//2399 840//2400
f  854//2401 831//2402 840//2403
f  853//2404 854//2405 840//2406
f  844//2368 827//2407 826//2369
f  847//2408 855//2409 846//2410
f  855//2411 844//2412 846//2412
f  856//2413 829//2344 818//2313
f  819//2318 857//2414 807//2279
f  857//2415 834//2354 807//2321
f  858//2416 833//2349 832//2348
f  848//2417 858//2418 832//2419
f  859//2420 858//2418 848//2417
f  850//2421 859//2421 848//2421
f  835//2422 860//2423 842//2422
f  860//2424 843//2425 842//2425
f  861//2426 859//2427 850//2426
f  849//2428 861//2429 850//2430
f  860//2431 841//2432 843//2433
f  838//2434 861//2435 849//2436
f  862//2437 836//2438 841//2439
f  862//2440 839//2358 836//2353
f  833//2350 856//2441 818//2320
f  829//2345 863//2442 830//2346
f  863//2443 847//2444 830//2445
f  855//2446 827//2447 844//2448
f  863//2443 855//2449 847//2444
f  864//2450 819//2319 831//2347
f  854//2451 864//2452 831//2453
f  825//2342 864//2450 828//2343
f  864//2454 852//2455 828//2454
f  860//2456 862//2457 841//2458
f  863//2442 820//2341 827//2340
f  855//2446 863//2459 827//2447
f  834//2351 862//2440 835//2352
f  862//2460 860//2461 835//2462
f  837//2355 858//2416 838//2356
f  858//2463 861//2464 838//2465
f  865//2466 809//2467 822//2468
f  866//2469 865//2466 822//2468
f  821//2323 866//27 822//2324
f  865//2470 867//2471 809//2282
f  867//2471 837//2357 809//2282
f  864//2472 853//2473 852//2474
f  853//2475 864//2476 854//2477
f  858//2463 859//2478 861//2464
f  829//2345 820//2341 863//2442
f  825//2342 819//2319 864//2450
f  837//2355 833//2349 858//2416
f  834//2351 839//2358 862//2440
f  868//2479 857//2414 819//2318
f  825//2342 868//2480 819//2319
f  851//2481 824//2482 725//2483
f  839//2359 869//2484 851//2393
f  870//2485 867//2471 865//2470
f  869//2484 871//2486 851//2393
f  872//2487 865//2488 866//2489
f  824//2490 872//2487 866//2489
f  821//2323 824//2326 866//27
f  872//2491 873//2492 865//2470
f  873//2492 870//2485 865//2470
f  871//2486 874//2493 851//2393
f  874//2493 872//2491 851//2393
f  872//2487 824//2490 851//2494
f  875//2495 873//2492 872//2491
f  874//2493 875//2495 872//2491
f  876//2496 834//2354 857//2415
f  877//2497 878//2498 820//2322
f  878//2498 821//2323 820//2322
f  878//2498 879//2499 821//2323
f  880//2500 881//2501 824//2326
f  881//2501 825//2327 824//2326
f  882//2502 880//2500 824//2326
f  879//2499 877//2497 820//2322
f  829//2345 879//2503 820//2341
f  837//2355 867//2504 833//2349
f  876//2505 839//2358 834//2351
f  877//2506 883//2507 878//2508
f  884//2509 885//2510 881//2511
f  884//2512 886//2513 885//2514
f  880//2515 884//2509 881//2511
f  887//2516 878//2517 883//2518
f  888//2519 887//2520 883//2521
f  889//2522 876//2496 857//2415
f  833//2350 890//2523 856//2441
f  890//2524 891//2525 856//2413
f  891//2525 829//2344 856//2413
f  868//2479 889//2526 857//2414
f  892//2527 883//2527 877//2528
f  892//2529 888//2530 883//2530
f  892//2531 887//2532 888//2533
f  884//2534 893//2535 886//2536
f  893//2537 885//2538 886//2539
f  893//2540 881//2541 885//2542
f  879//2499 894//2543 877//2497
f  894//2544 892//2545 877//2546
f  882//2502 895//2547 880//2500
f  893//2548 884//2549 880//2550
f  895//2551 893//2548 880//2550
f  895//2547 825//2327 881//2501
f  893//2540 895//2552 881//2541
f  894//2543 879//2499 878//2498
f  887//2553 894//2554 878//2555
f  882//2502 825//2327 895//2547
f  887//2556 892//2556 894//2557
f  829//2345 891//2558 879//2503
f  882//2559 868//2480 825//2342
f  896//2560 889//2526 868//2479
f  882//2559 896//2561 868//2480
f  867//2504 897//2562 833//2349
f  897//2563 890//2523 833//2350
f  876//2505 869//2564 839//2358
f  898//2565 876//2496 889//2522
f  898//2566 869//2564 876//2505
f  899//2567 900//2567 901//2568
f  902//2569 903//2570 904//2571
f  905//2572 902//2573 904//2574
f  906//2575 907//2576 908//2577
f  909//2578 906//2579 908//2580
f  910//2581 900//2582 899//2583
f  911//2584 912//2585 913//2586
f  914//2587 911//2588 913//2589
f  915//2590 907//2576 906//2575
f  916//2591 903//2570 902//2569
f  917//2592 918//2593 904//2594
f  903//2595 917//2592 904//2594
f  918//2596 905//2596 904//2596
f  919//2597 920//2598 901//2599
f  900//2600 919//2597 901//2599
f  921//2601 912//2585 911//2584
f  907//2602 922//2603 908//2604
f  922//2605 909//2578 908//2580
f  923//2606 924//2607 913//2608
f  912//2609 923//2606 913//2608
f  924//2610 914//2611 913//2612
f  920//2613 925//2614 901//2615
f  925//2614 899//2616 901//2615
f  926//2617 902//2617 905//2618
f  918//2619 926//2620 905//2619
f  924//2621 927//2622 914//2622
f  927//2623 911//2624 914//2624
f  907//2602 928//2625 922//2603
f  929//2626 821//2323 879//2499
f  930//2627 929//2626 879//2499
f  929//2626 931//2628 821//2323
f  931//2628 932//2629 821//2323
f  932//2629 824//2326 821//2323
f  933//2630 934//2631 824//2326
f  934//2631 882//2502 824//2326
f  932//2629 935//2632 824//2326
f  935//2632 933//2630 824//2326
f  934//2631 936//2633 882//2502
f  897//2563 937//2634 890//2523
f  938//2635 898//2565 889//2522
f  937//2636 891//2525 890//2524
f  896//2560 938//2637 889//2526
f  926//2638 916//2639 902//2640
f  925//2641 910//2642 899//2643
f  927//2644 921//2645 911//2646
f  909//2647 915//2648 906//2649
f  939//2650 916//2639 926//2638
f  940//2651 910//2642 925//2641
f  939//2652 926//2653 918//2654
f  917//2655 939//2652 918//2654
f  941//2656 921//2645 927//2644
f  928//2657 915//2658 909//2659
f  923//2660 941//2661 924//2662
f  941//2661 927//2663 924//2662
f  940//2664 925//2665 920//2666
f  919//2667 940//2664 920//2666
f  928//2668 909//2669 922//2670
f  900//2671 910//2672 879//2503
f  910//2672 930//2673 879//2503
f  891//2558 900//2671 879//2503
f  936//2674 917//2675 882//2559
f  917//2675 903//2676 882//2559
f  903//2676 896//2561 882//2559
f  919//2677 900//2671 891//2558
f  903//2676 916//2678 896//2561
f  912//2679 921//2680 897//2562
f  921//2680 942//2681 897//2562
f  867//2504 912//2679 897//2562
f  942//2682 937//2634 897//2563
f  928//2683 907//2684 898//2566
f  907//2684 869//2564 898//2566
f  870//2685 923//2686 867//2504
f  923//2686 912//2679 867//2504
f  907//2684 915//2687 869//2564
f  915//2687 871//2688 869//2564
f  943//2689 944//2690 937//2636
f  944//2690 891//2525 937//2636
f  939//2691 896//2561 916//2678
f  936//2674 939//2691 917//2675
f  945//2692 898//2565 938//2635
f  940//2693 930//2673 910//2672
f  941//2694 942//2681 921//2680
f  928//2683 871//2688 915//2687
f  891//2558 940//2693 919//2677
f  870//2685 941//2694 923//2686
f  936//2674 896//2561 939//2691
f  870//2685 942//2681 941//2694
f  891//2558 930//2673 940//2693
f  898//2566 871//2688 928//2683
f  942//2682 943//2695 937//2634
f  929//2696 946//2697 931//2696
f  947//2698 948//2699 934//2700
f  947//2701 949//2702 948//2701
f  933//2703 947//2698 934//2700
f  944//2704 930//2673 891//2558
f  950//2705 938//2637 896//2560
f  936//2674 950//2706 896//2561
f  945//2707 871//2688 898//2566
f  951//2708 931//2709 946//2710
f  952//2711 951//2712 946//2712
f  950//2705 953//2713 938//2637
f  954//2714 946//2715 929//2714
f  954//2716 952//2717 946//2718
f  955//2719 956//2720 957//2720
f  956//2721 958//2722 957//2723
f  959//2724 960//2725 961//2726
f  960//2725 962//2727 961//2726
f  954//2728 951//2729 952//2729
f  947//2730 963//2731 949//2732
f  963//2733 948//2734 949//2735
f  964//2736 956//2737 955//2738
f  965//2739 964//2740 955//2741
f  957//2742 965//2742 955//2743
f  964//2744 966//2745 956//2746
f  958//2747 965//2748 957//2749
f  967//2750 965//2748 958//2747
f  966//2751 958//2752 956//2753
f  966//2751 967//2754 958//2752
f  968//2755 969//2756 959//2757
f  969//2756 960//2758 959//2757
f  970//2759 968//2760 959//2761
f  961//2762 970//2759 959//2761
f  969//2763 962//2764 960//2765
f  969//2763 971//2766 962//2764
f  962//2767 970//2768 961//2769
f  971//2770 970//2768 962//2767
f  963//2771 934//2772 948//2773
f  930//2627 972//2774 929//2626
f  972//2775 954//2776 929//2777
f  935//2632 973//2778 933//2630
f  963//2779 947//2780 933//2781
f  973//2782 963//2779 933//2781
f  973//2778 936//2633 934//2631
f  963//2771 973//2783 934//2772
f  953//2784 945//2692 938//2635
f  972//2774 932//2629 931//2628
f  951//2785 972//2786 931//2785
f  930//2627 932//2629 972//2774
f  951//2787 954//2788 972//2789
f  974//2790 975//2791 943//2689
f  975//2791 944//2690 943//2689
f  935//2632 936//2633 973//2778
f  976//2792 945//2692 953//2784
f  976//2792 974//2793 943//2695
f  942//2682 976//2792 943//2695
f  950//2705 974//2790 953//2713
f  974//2793 976//2792 953//2784
f  950//2705 975//2791 974//2790
f  944//2704 932//2794 930//2673
f  935//2795 950//2706 936//2674
f  975//2796 932//2794 944//2704
f  873//2797 976//2798 942//2681
f  870//2685 873//2797 942//2681
f  976//2799 871//2688 945//2707
f  976//2799 874//2800 871//2688
f  966//2801 964//2802 932//2794
f  975//2796 966//2801 932//2794
f  964//2802 965//2803 935//2795
f  932//2794 964//2802 935//2795
f  965//2803 950//2706 935//2795
f  965//2803 967//2804 950//2706
f  967//2804 975//2796 950//2706
f  873//2805 969//2806 976//2807
f  968//2808 970//2809 976//2799
f  970//2809 874//2800 976//2799
f  971//2810 969//2811 873//2812
f  975//2796 967//2804 966//2801
f  968//2808 976//2799 969//2811
f  971//2810 874//2800 970//2809
f  873//2812 875//2813 971//2810
f  971//2810 875//2813 874//2800
f  977//2814 711//2815 705//2816
f  711//2817 978//2818 705//2819
f  78//2820 977//2821 705//2822
f  978//2823 78//2820 705//2822
f  979//2824 711//2815 977//2814
f  978//2823 980//2825 78//2820
f  980//2826 981//2827 78//2828
f  78//2820 982//2829 977//2821
f  711//2817 983//2830 978//2818
f  981//2827 982//2831 78//2828
f  984//2832 979//2824 977//2814
f  985//2833 984//2834 977//2821
f  982//2829 985//2833 977//2821
f  983//2830 986//2835 978//2818
f  986//2836 980//2825 978//2823
f  981//2827 985//2837 982//2831
f  986//2836 987//2838 980//2825
f  988//2839 981//2827 980//2826
f  987//2840 988//2839 980//2826
f  983//2830 989//2841 986//2835
f  989//2841 990//2842 986//2835
f  990//2843 987//2838 986//2836
f  981//2827 991//2844 985//2837
f  990//2843 992//2845 987//2838
f  992//2840 988//2839 987//2840
f  993//2846 979//2824 984//2832
f  994//2847 993//2848 984//2834
f  985//2833 994//2847 984//2834
f  991//2844 994//2849 985//2837
f  990//2843 995//2850 992//2845
f  995//2840 988//2839 992//2840
f  996//2851 997//2852 993//2846
f  997//2852 979//2824 993//2846
f  994//2847 996//2853 993//2848
f  989//2841 998//2854 990//2842
f  998//2855 995//2850 990//2843
f  999//2856 988//2839 995//2840
f  981//2857 983//2858 711//2859
f  979//2860 981//2857 711//2859
f  988//2861 983//2858 981//2857
f  979//2862 991//2863 981//2863
f  989//2864 983//2858 988//2861
f  999//2865 989//2864 988//2861
f  997//2866 991//2867 979//2868
f  1000//2869 998//2854 989//2841
f  999//2865 1000//2870 989//2864
f  994//2847 1001//2871 996//2853
f  991//2844 1001//2840 994//2849
f  997//2866 1002//2872 991//2867
f  1002//2873 1001//2840 991//2844
f  995//2840 1003//2840 999//2856
f  1004//2874 998//2854 1000//2869
f  996//2851 1005//2875 997//2852
f  1006//2876 1000//2877 999//2878
f  1007//2879 1006//2880 999//2856
f  1003//2840 1007//2879 999//2856
f  1008//2881 1004//2874 1000//2869
f  1005//2875 1009//2882 997//2852
f  1009//2883 1002//2872 997//2866
f  1010//2884 1008//2881 1000//2869
f  1009//2883 1006//2885 1002//2872
f  1011//2840 1001//2840 1002//2873
f  1006//2880 1012//2886 1002//2873
f  1012//2886 1011//2840 1002//2873
f  1005//2875 1013//2887 1009//2882
f  463//2888 1012//2886 1006//2880
f  1007//2879 1014//2889 1006//2880
f  1013//2887 872//2890 1009//2882
f  872//2891 1006//2885 1009//2883
f  872//2892 1010//2884 1000//2869
f  1006//2885 872//2891 1000//2893
f  875//2894 1010//2884 872//2892
f  1013//2887 875//2895 872//2890
f  1014//2889 463//2888 1006//2880
f  1004//2896 995//2850 998//2855
f  1004//2896 1003//2897 995//2850
f  1001//2871 1005//2898 996//2853
f  1001//2871 1011//2899 1005//2898
f  1008//2900 1003//2897 1004//2896
f  1008//2900 1007//2901 1003//2897
f  1012//2902 1013//2903 1005//2898
f  1011//2899 1012//2902 1005//2898
f  1010//2904 1007//2901 1008//2900
f  1010//2904 1014//2905 1007//2901
f  1012//2902 463//2906 1013//2903
f  1010//2904 463//2906 1014//2905
f  463//2906 875//2907 1013//2903
f  875//2907 463//2906 1010//2904
f  1015//2908 1016//2909 1017//2910
f  1018//2911 1015//2912 1017//2913
f  1019//2914 1020//2914 1015//2915
f  1018//2911 1019//2916 1015//2912
f  1021//2917 1022//2918 1023//2919
f  1021//2917 1024//2920 1022//2918
f  1016//2921 1018//2922 1017//2923
f  1024//2924 1025//2925 1022//2926
f  1015//2908 1020//2927 1016//2909
f  1022//2928 1025//2929 1023//2930
f  1026//2931 1027//2932 1028//2931
f  1029//2933 1030//2934 1031//2935
f  1032//2936 1029//2937 1031//2938
f  1033//2939 1030//2940 1029//2941
f  1034//2942 1026//2943 1028//2944
f  1027//2945 1035//2946 1028//2947
f  1035//2946 1034//2948 1028//2947
f  1033//2949 1032//2950 1031//2951
f  1030//2952 1033//2949 1031//2951
f  1036//2953 1037//2954 1038//2955
f  1039//2956 1040//2957 1038//2955
f  1040//2957 1036//2953 1038//2955
f  1038//2955 1041//2958 1039//2956
f  1037//2954 1041//2958 1038//2955
f  1042//2959 1036//2953 1040//2957
f  1043//2960 1039//2956 1041//2958
f  1044//2961 1036//2953 1042//2959
f  1044//2961 1045//2962 1036//2953
f  1045//2962 1037//2954 1036//2953
f  1046//2963 1043//2960 1041//2958
f  1037//2954 1046//2963 1041//2958
f  1043//2960 1047//2964 1039//2956
f  1020//2965 1048//2966 1016//2967
f  1048//2968 1049//2969 1016//2970
f  1049//2969 1026//2971 1016//2970
f  1026//2943 1018//2922 1016//2921
f  1019//2972 1023//2919 1020//2973
f  1023//2974 1048//2975 1020//2976
f  1019//2972 1021//2917 1023//2919
f  1025//2977 1050//2978 1023//2974
f  1050//2978 1048//2975 1023//2974
f  1029//2979 1050//2978 1025//2977
f  1024//2924 1029//2941 1025//2925
f  1051//2980 1049//2981 1048//2982
f  1050//2983 1052//2984 1048//2985
f  1052//2984 1051//2986 1048//2985
f  1051//2980 1053//2987 1049//2981
f  1027//2988 1026//2971 1049//2969
f  1054//2989 1027//2988 1049//2969
f  1053//2990 1055//2991 1049//2992
f  1055//2991 1054//2993 1049//2992
f  1032//2994 1054//2989 1050//2995
f  1029//2996 1032//2997 1050//2998
f  1054//2999 1055//3000 1050//3001
f  1055//3000 1052//3002 1050//3001
f  1032//2994 1027//2988 1054//2989
f  1034//2942 1018//2922 1026//2943
f  1032//3003 1035//2946 1027//2945
f  1024//2924 1033//2939 1029//2941
f  1039//2956 1056//3004 1040//2957
f  1056//3004 1057//3005 1040//2957
f  1058//3006 1045//2962 1044//2961
f  1058//3006 1059//3007 1045//2962
f  1059//3007 1060//3008 1045//2962
f  1060//3008 1037//2954 1045//2962
f  1060//3008 1061//3009 1037//2954
f  1057//3005 1042//2959 1040//2957
f  1062//3010 1056//3004 1039//2956
f  1063//3011 1043//2960 1046//2963
f  1064//3012 1063//3011 1046//2963
f  1037//2954 1064//3012 1046//2963
f  1061//3009 1064//3012 1037//2954
f  1057//3005 1044//2961 1042//2959
f  1065//3013 1062//3010 1039//2956
f  1047//2964 1065//3013 1039//2956
f  1035//3014 1032//3015 1056//3004
f  1062//3016 1034//3017 1056//3018
f  1034//3019 1035//3014 1056//3004
f  1032//3015 1033//3020 1056//3004
f  1033//3020 1057//3005 1056//3004
f  1062//3010 1018//3021 1034//3019
f  1024//3022 1057//3005 1033//3020
f  1066//3023 1058//3006 1044//2961
f  1043//2960 1067//3024 1047//2964
f  1018//3021 1021//3025 1019//3026
f  1018//3021 1068//3027 1021//3025
f  1068//3027 1024//3022 1021//3025
f  1069//3028 1044//2961 1057//3005
f  1070//3029 1065//3013 1047//2964
f  1071//3030 1072//3031 1073//3032
f  1074//3033 1068//3027 1018//3021
f  1075//3034 1071//3030 1073//3032
f  1076//3035 1075//3034 1073//3032
f  1077//3036 1076//3035 1073//3032
f  1063//3011 1078//3037 1043//2960
f  1079//3038 1078//3037 1063//3011
f  1061//3009 1080//3039 1064//3012
f  1078//3037 1067//3024 1043//2960
f  1068//3027 1069//3028 1024//3022
f  1071//3030 1081//3040 1072//3031
f  1082//3041 1081//3040 1071//3030
f  1083//3042 1082//3041 1071//3030
f  1084//3043 1073//3032 1072//3031
f  1084//3043 1085//3044 1073//3032
f  1075//3034 1083//3042 1071//3030
f  1085//3044 1077//3036 1073//3032
f  1062//3010 1074//3033 1018//3021
f  1069//3028 1057//3005 1024//3022
f  1077//3036 1086//3045 1076//3035
f  1069//3028 1087//3046 1044//2961
f  1087//3046 1066//3023 1044//2961
f  1067//3024 1070//3029 1047//2964
f  1085//3044 1088//3047 1077//3036
f  1089//3048 1084//3043 1072//3031
f  1090//3049 1074//3033 1062//3010
f  1081//3040 1091//3050 1089//3048
f  1072//3031 1081//3040 1089//3048
f  1092//3051 1086//3045 1077//3036
f  1065//3013 1090//3049 1062//3010
f  1086//3045 1093//3052 1076//3035
f  1093//3052 1075//3034 1076//3035
f  1093//3052 1083//3042 1075//3034
f  1094//3053 1059//3007 1058//3006
f  1094//3053 1095//3054 1059//3007
f  1095//3054 1096//3055 1059//3007
f  1096//3055 1060//3008 1059//3007
f  1096//3055 1061//3009 1060//3008
f  1096//3055 1097//3056 1061//3009
f  1097//3056 1080//3039 1061//3009
f  1074//3033 1098//3057 1068//3027
f  1066//3023 1094//3053 1058//3006
f  1099//3058 1098//3057 1074//3033
f  1098//3057 1100//3059 1068//3027
f  1082//3041 1101//3060 1081//3040
f  1083//3042 1102//3061 1082//3041
f  1103//3062 1079//3038 1063//3011
f  1064//3012 1103//3062 1063//3011
f  1104//3063 1070//3029 1067//3024
f  1105//3064 1106//3065 1074//3033
f  1106//3065 1099//3058 1074//3033
f  1100//3059 1107//3066 1068//3027
f  1107//3066 1108//3067 1068//3027
f  1108//3067 1069//3028 1068//3027
f  1081//3040 1101//3060 1091//3050
f  1109//3068 1087//3046 1069//3028
f  1088//3047 1092//3051 1077//3036
f  1110//3069 1085//3070 1084//3071
f  1111//3072 1110//3069 1084//3071
f  1110//3073 1112//3074 1085//3075
f  1112//3074 1113//3076 1085//3075
f  1114//3077 1111//3078 1084//3079
f  1113//3080 1115//3081 1085//3044
f  1115//3081 1088//3047 1085//3044
f  1116//3082 1117//3083 1084//3043
f  1118//3084 1119//3085 1086//3045
f  1119//3085 1093//3052 1086//3045
f  1119//3085 1120//3086 1093//3052
f  1120//3086 1121//3087 1093//3052
f  1121//3087 1083//3042 1093//3052
f  1121//3087 1122//3088 1083//3042
f  1117//3089 1123//3090 1084//3091
f  1123//3090 1114//3092 1084//3091
f  1124//3093 1117//3094 1113//3095
f  1125//3096 1124//3093 1113//3095
f  1112//3097 1125//3096 1113//3095
f  1124//3093 1123//3098 1117//3094
f  1126//3099 1105//3064 1074//3033
f  1090//3049 1126//3099 1074//3033
f  1089//3048 1116//3082 1084//3043
f  1117//3083 1127//3100 1113//3080
f  1127//3100 1115//3081 1113//3080
f  1128//3101 1094//3053 1066//3023
f  1078//3037 1129//3102 1067//3024
f  1129//3102 1130//3103 1067//3024
f  1131//3104 1127//3100 1117//3083
f  1132//3105 1089//3048 1091//3050
f  1133//3106 1129//3102 1078//3037
f  1079//3038 1133//3106 1078//3037
f  1134//3107 1133//3106 1079//3038
f  1103//3062 1134//3107 1079//3038
f  1080//3039 1103//3062 1064//3012
f  1118//3084 1086//3045 1092//3051
f  1135//3108 1118//3084 1092//3051
f  1130//3103 1136//3109 1067//3024
f  1127//3100 1137//3110 1115//3081
f  1138//3111 1131//3104 1117//3083
f  1116//3082 1138//3111 1117//3083
f  1139//3112 1092//3051 1088//3047
f  1132//3105 1116//3082 1089//3048
f  1140//3113 1141//3114 1101//3060
f  1082//3041 1140//3113 1101//3060
f  1142//3115 1140//3113 1082//3041
f  1102//3061 1142//3115 1082//3041
f  1122//3088 1142//3115 1102//3061
f  1083//3042 1122//3088 1102//3061
f  1139//3112 1135//3108 1092//3051
f  1143//3116 1144//3117 1115//3118
f  1144//3119 1145//3120 1115//3121
f  1145//3120 1146//3122 1115//3121
f  1147//3123 1148//3124 1116//3125
f  1137//3126 1149//3127 1115//3128
f  1149//3129 1143//3130 1115//3131
f  1150//3132 1144//3133 1143//3134
f  1148//3135 1151//3136 1116//3137
f  1151//3136 1152//3138 1116//3137
f  1087//3046 1128//3101 1066//3023
f  1136//3109 1104//3063 1067//3024
f  1115//3081 1139//3112 1088//3047
f  1153//3139 1138//3111 1116//3082
f  1132//3140 1147//3123 1116//3125
f  1146//3122 1139//3141 1115//3121
f  1152//3138 1153//3142 1116//3137
f  1138//3111 1154//3143 1131//3104
f  1149//3129 1155//3144 1143//3130
f  1155//3145 1150//3132 1143//3134
f  1065//3013 1156//3146 1090//3049
f  1108//3067 1157//3147 1069//3028
f  1157//3147 1109//3068 1069//3028
f  1158//3148 1159//3149 1094//3053
f  1159//3149 1095//3054 1094//3053
f  1159//3149 1160//3150 1095//3054
f  1161//3151 1096//3055 1095//3054
f  1160//3150 1161//3151 1095//3054
f  1161//3151 1162//3152 1096//3055
f  1162//3152 1097//3056 1096//3055
f  1162//3152 1163//3153 1097//3056
f  1163//3153 1164//3154 1097//3056
f  1164//3154 1080//3039 1097//3056
f  1165//3155 1128//3101 1087//3046
f  1166//3156 1135//3108 1139//3112
f  1105//3157 1167//3158 1106//3159
f  1168//3160 1108//3161 1107//3162
f  1101//3060 1169//3163 1091//3050
f  1168//3160 1170//3164 1108//3161
f  1141//3114 1169//3163 1101//3060
f  1171//3165 1155//3144 1149//3129
f  1172//3166 1138//3111 1153//3139
f  1173//3167 1167//3168 1105//3168
f  1174//3169 1175//3170 1149//3171
f  1176//3172 1174//3169 1149//3171
f  1137//3126 1176//3173 1149//3127
f  1177//3174 1178//3175 1138//3176
f  1178//3175 1179//3177 1138//3176
f  1146//3122 1180//3178 1139//3141
f  1100//3059 1181//3179 1107//3066
f  1181//3180 1182//3181 1107//3182
f  1182//3181 1168//3183 1107//3182
f  1179//3184 1183//3184 1138//3185
f  1183//3186 1184//3187 1138//3188
f  1185//3189 1119//3085 1118//3084
f  1185//3189 1186//3190 1119//3085
f  1186//3190 1120//3086 1119//3085
f  1186//3190 1187//3191 1120//3086
f  1188//3192 1121//3087 1120//3086
f  1187//3191 1188//3192 1120//3086
f  1188//3192 1189//3193 1121//3087
f  1190//3194 1122//3088 1121//3087
f  1189//3193 1190//3194 1121//3087
f  1191//3195 1192//3196 1137//3197
f  1192//3196 1176//3198 1137//3197
f  1183//3199 1193//3200 1184//3201
f  1194//3202 1070//3029 1104//3063
f  1126//3203 1173//3204 1105//3205
f  1180//3178 1166//3206 1139//3141
f  1184//3207 1154//3143 1138//3111
f  1127//3100 1195//3208 1137//3110
f  1167//3209 1196//3210 1106//3211
f  1197//3212 1099//3058 1106//3065
f  1196//3213 1197//3214 1106//3215
f  1152//3138 1198//3216 1153//3142
f  1199//3217 1134//3107 1103//3062
f  1164//3154 1103//3062 1080//3039
f  1172//3218 1177//3174 1138//3176
f  1175//3170 1171//3219 1149//3171
f  1200//3220 1191//3195 1137//3197
f  1201//3221 1173//3204 1126//3203
f  1202//3222 1157//3223 1108//3224
f  1170//3225 1202//3222 1108//3224
f  1109//3068 1203//3226 1087//3046
f  1169//3163 1204//3227 1091//3050
f  1204//3227 1132//3105 1091//3050
f  1197//3212 1205//3228 1099//3058
f  1206//3229 1181//3179 1100//3059
f  1207//3230 1182//3231 1181//3232
f  1198//3233 1172//3166 1153//3139
f  1206//3234 1207//3230 1181//3232
f  1208//3235 1209//3236 1184//3207
f  1193//3200 1208//3237 1184//3201
f  1158//3148 1094//3053 1128//3101
f  1210//3238 1211//3239 1131//3104
f  1212//3240 1210//3238 1131//3104
f  1154//3143 1212//3240 1131//3104
f  1211//3239 1213//3241 1131//3104
f  1213//3241 1127//3100 1131//3104
f  1214//3242 1215//3243 1127//3100
f  1215//3243 1195//3208 1127//3100
f  1216//3244 1214//3242 1127//3100
f  1090//3245 1201//3221 1126//3203
f  1140//3113 1217//3246 1141//3114
f  1217//3246 1218//3247 1141//3114
f  1219//3248 1217//3246 1140//3113
f  1142//3115 1219//3248 1140//3113
f  1220//3249 1219//3248 1142//3115
f  1122//3088 1220//3249 1142//3115
f  1190//3194 1220//3249 1122//3088
f  1221//3250 1156//3146 1065//3013
f  1070//3029 1221//3250 1065//3013
f  1196//3251 1222//3252 1197//3253
f  1223//3254 1156//3146 1197//3212
f  1222//3252 1223//3255 1197//3253
f  1175//3170 1224//3256 1171//3219
f  1136//3109 1194//3202 1104//3063
f  1203//3226 1165//3155 1087//3046
f  1213//3241 1216//3244 1127//3100
f  1156//3146 1223//3254 1090//3049
f  1223//3257 1201//3258 1090//3259
f  1202//3260 1225//3261 1157//3262
f  1157//3263 1225//3264 1206//3265
f  1225//3264 1207//3266 1206//3265
f  1156//3146 1205//3228 1197//3212
f  1226//3267 1157//3147 1206//3229
f  1100//3059 1226//3267 1206//3229
f  1222//3268 1201//3258 1223//3257
f  1209//3236 1154//3143 1184//3207
f  1227//3269 1200//3270 1137//3110
f  1228//3271 1150//3132 1155//3145
f  1229//3272 1135//3108 1166//3156
f  1230//3273 1137//3110 1195//3208
f  1231//3274 1215//3275 1214//3276
f  1232//3277 1233//3278 1211//3279
f  1231//3280 1234//3281 1215//3282
f  1234//3283 1235//3284 1215//3285
f  1236//3286 1211//3287 1210//3288
f  1235//3284 1195//3289 1215//3285
f  1224//3256 1237//3290 1171//3219
f  1238//3291 1177//3174 1172//3218
f  1239//3292 1213//3241 1211//3239
f  1233//3293 1239//3294 1211//3295
f  1236//3286 1232//3296 1211//3287
f  1216//3244 1240//3297 1214//3242
f  1240//3298 1234//3299 1214//3300
f  1234//3299 1231//3301 1214//3300
f  1241//3302 1236//3286 1210//3288
f  1212//3303 1241//3302 1210//3288
f  1242//3304 1172//3166 1198//3233
f  1133//3106 1243//3305 1129//3102
f  1244//3306 1243//3305 1133//3106
f  1134//3107 1244//3306 1133//3106
f  1245//3307 1244//3306 1134//3107
f  1199//3217 1245//3307 1134//3107
f  1246//3308 1199//3217 1103//3062
f  1164//3154 1246//3308 1103//3062
f  1247//3309 1230//3310 1195//3289
f  1237//3311 1155//3144 1171//3165
f  1248//3312 1241//3313 1154//3314
f  1241//3313 1212//3315 1154//3314
f  1235//3284 1247//3309 1195//3289
f  1249//3316 1234//3317 1240//3318
f  1250//3319 1185//3189 1118//3084
f  1251//3320 1190//3194 1189//3193
f  1247//3309 1252//3321 1230//3310
f  1233//3293 1253//3322 1239//3294
f  1254//3323 1147//3123 1132//3140
f  1180//3178 1229//3324 1166//3206
f  1216//3244 1255//3325 1240//3297
f  1255//3326 1249//3316 1240//3318
f  1256//3327 1242//3304 1198//3233
f  1152//3138 1257//3328 1198//3216
f  1257//3328 1256//3329 1198//3216
f  1258//3330 1137//3110 1230//3273
f  1209//3236 1259//3331 1154//3143
f  1259//3332 1248//3333 1154//3334
f  1157//3147 1203//3226 1109//3068
f  1260//3335 1164//3154 1163//3153
f  1241//3336 1248//3337 1259//3337
f  1141//3114 1218//3247 1169//3163
f  1218//3247 1261//3338 1169//3163
f  1262//3339 1250//3319 1135//3108
f  1250//3319 1118//3084 1135//3108
f  1252//3340 1258//3341 1230//3342
f  1263//3343 1100//3059 1098//3057
f  1264//3344 1213//3241 1239//3292
f  1253//3322 1264//3345 1239//3294
f  1204//3346 1254//3323 1132//3140
f  1229//3272 1262//3339 1135//3108
f  1261//3338 1204//3227 1169//3163
f  1265//3347 1266//3348 1237//3290
f  1224//3256 1265//3347 1237//3290
f  1099//3058 1267//3349 1098//3057
f  1268//3350 1269//3351 1200//3220
f  1269//3351 1270//3352 1200//3220
f  1270//3352 1191//3195 1200//3220
f  1242//3353 1271//3354 1172//3218
f  1272//3355 1238//3291 1172//3218
f  1273//3356 1272//3355 1172//3218
f  1271//3354 1273//3356 1172//3218
f  1274//3357 1213//3241 1264//3344
f  1275//3358 1262//3339 1229//3272
f  1261//3338 1276//3359 1204//3227
f  1252//3340 1277//3360 1258//3341
f  1217//3246 1278//3361 1218//3247
f  1219//3248 1278//3361 1217//3246
f  1279//3362 1219//3248 1220//3249
f  1251//3320 1279//3362 1220//3249
f  1190//3194 1251//3320 1220//3249
f  1280//3363 1259//3331 1209//3236
f  1253//3322 1281//3364 1264//3345
f  1282//3365 1249//3316 1255//3326
f  1258//3330 1283//3366 1137//3110
f  1283//3366 1227//3269 1137//3110
f  1263//3343 1284//3367 1100//3059
f  1284//3367 1226//3267 1100//3059
f  1285//3368 1158//3148 1128//3101
f  1129//3102 1286//3369 1130//3103
f  1194//3202 1221//3250 1070//3029
f  1216//3244 1287//3370 1255//3325
f  1287//3371 1282//3365 1255//3326
f  1288//3372 1274//3357 1264//3344
f  1281//3364 1288//3373 1264//3345
f  1289//3374 1241//3375 1259//3376
f  1280//3377 1289//3374 1259//3376
f  1237//3311 1290//3378 1155//3144
f  1290//3379 1228//3271 1155//3145
f  1165//3155 1285//3368 1128//3101
f  1291//3380 1282//3365 1287//3371
f  1281//3364 1292//3381 1288//3373
f  1293//3382 1136//3109 1130//3103
f  1286//3369 1293//3382 1130//3103
f  1294//3383 1194//3202 1136//3109
f  1295//3384 1263//3343 1098//3057
f  1216//3244 1296//3385 1287//3370
f  1297//3386 1216//3387 1213//3388
f  1298//3389 1285//3368 1165//3155
f  1299//3390 1203//3226 1157//3147
f  1226//3267 1299//3390 1157//3147
f  1300//3391 1301//3392 1302//3393
f  1301//3394 1303//3395 1302//3396
f  1277//3397 1283//3398 1258//3399
f  1267//3349 1295//3384 1098//3057
f  1304//3400 1268//3350 1200//3220
f  1305//3401 1209//3236 1208//3235
f  1193//3200 1306//3402 1208//3237
f  1306//3402 1307//3403 1208//3237
f  1292//3404 1308//3405 1288//3406
f  1309//3407 1291//3380 1287//3371
f  1297//3386 1310//3408 1216//3387
f  1296//3385 1311//3409 1287//3370
f  1311//3410 1309//3407 1287//3371
f  1312//3411 1227//3269 1283//3366
f  1313//3412 1245//3307 1199//3217
f  1246//3308 1313//3412 1199//3217
f  1314//3413 1246//3308 1164//3154
f  1260//3335 1314//3413 1164//3154
f  1243//3305 1286//3369 1129//3102
f  1274//3414 1297//3386 1213//3388
f  1315//3415 1316//3416 1284//3417
f  1317//3418 1267//3419 1099//3418
f  1263//3420 1315//3415 1284//3417
f  1300//3391 1318//3421 1301//3392
f  1319//3422 1317//3423 1099//3424
f  1205//3425 1319//3422 1099//3424
f  1316//3426 1226//3426 1284//3427
f  1209//3236 1320//3428 1280//3363
f  1321//3429 1303//3395 1301//3394
f  1322//3430 1321//3429 1301//3394
f  1323//3431 1300//3391 1302//3393
f  1324//3432 1325//3433 1302//3396
f  1326//3434 1324//3432 1302//3396
f  1325//3433 1323//3435 1302//3396
f  1303//3395 1326//3434 1302//3396
f  1277//3397 1327//3436 1283//3398
f  1180//3178 1328//3437 1229//3324
f  1320//3428 1274//3357 1288//3372
f  1308//3405 1320//3438 1288//3406
f  1308//3405 1329//3439 1320//3438
f  1330//3440 1295//3384 1267//3349
f  1331//3441 1330//3440 1267//3349
f  1295//3384 1332//3442 1263//3343
f  1332//3442 1333//3443 1263//3343
f  1334//3444 1311//3410 1312//3445
f  1296//3385 1312//3411 1311//3409
f  1334//3444 1309//3407 1311//3410
f  1335//3446 1274//3357 1320//3428
f  1327//3436 1312//3447 1283//3398
f  1320//3448 1289//3374 1280//3377
f  1336//3449 1165//3155 1203//3226
f  1317//3450 1337//3451 1267//3452
f  1337//3451 1331//3453 1267//3452
f  1333//3454 1315//3455 1263//3456
f  1336//3449 1298//3389 1165//3155
f  1293//3382 1294//3383 1136//3109
f  1330//3440 1338//3457 1295//3384
f  1339//3458 1319//3459 1205//3459
f  1316//3460 1340//3461 1226//3462
f  1329//3463 1289//3374 1320//3448
f  1296//3385 1227//3269 1312//3411
f  1327//3464 1334//3444 1312//3445
f  1209//3236 1335//3446 1320//3428
f  1341//3465 1315//3455 1333//3454
f  1328//3466 1275//3358 1229//3272
f  1276//3359 1254//3467 1204//3227
f  1340//3468 1299//3469 1226//3470
f  1338//3457 1342//3471 1295//3384
f  1342//3471 1332//3442 1295//3384
f  1156//3472 1339//3473 1205//3474
f  1343//3475 1297//3386 1274//3414
f  1310//3408 1296//3476 1216//3387
f  1344//3477 1186//3190 1185//3189
f  1344//3477 1187//3191 1186//3190
f  1344//3477 1345//3478 1187//3191
f  1345//3478 1188//3192 1187//3191
f  1346//3479 1189//3193 1188//3192
f  1346//3479 1251//3320 1189//3193
f  1256//3327 1271//3480 1242//3304
f  1266//3348 1347//3481 1237//3290
f  1347//3482 1290//3378 1237//3311
f  1318//3421 1348//3483 1301//3392
f  1348//3484 1349//3485 1301//3394
f  1349//3485 1322//3430 1301//3394
f  1350//3486 1300//3391 1323//3431
f  1325//3433 1351//3487 1323//3435
f  1200//3270 1352//3488 1304//3489
f  1353//3490 1305//3401 1208//3235
f  1307//3403 1353//3491 1208//3237
f  1337//3492 1354//3493 1331//3494
f  1354//3493 1355//3495 1331//3494
f  1356//3496 1341//3497 1333//3496
f  1340//3498 1357//3499 1299//3499
f  1227//3269 1352//3488 1200//3270
f  1357//3500 1341//3501 1356//3501
f  1357//3502 1356//3503 1299//3503
f  1333//3443 1358//3504 1356//3505
f  1359//3506 1324//3507 1326//3508
f  1360//3509 1303//3395 1321//3429
f  1361//3510 1360//3511 1321//3512
f  1278//3361 1362//3513 1218//3247
f  1363//3514 1362//3513 1278//3361
f  1364//3515 1363//3514 1278//3361
f  1219//3248 1364//3515 1278//3361
f  1365//3516 1364//3515 1219//3248
f  1279//3362 1365//3516 1219//3248
f  1366//3517 1365//3516 1279//3362
f  1367//3518 1366//3517 1279//3362
f  1251//3320 1367//3518 1279//3362
f  1368//3519 1333//3443 1332//3442
f  1361//3520 1369//3521 1360//3522
f  1370//3523 1371//3524 1303//3525
f  1338//3457 1372//3526 1342//3471
f  1361//3510 1321//3512 1322//3527
f  1373//3528 1361//3510 1322//3527
f  1324//3507 1374//3529 1325//3530
f  1354//3531 1339//3532 1156//3533
f  1375//3534 1376//3535 1330//3440
f  1342//3471 1368//3519 1332//3442
f  1359//3506 1374//3529 1324//3507
f  1355//3536 1354//3537 1156//3538
f  1358//3504 1299//3390 1356//3505
f  1377//3539 1303//3395 1360//3509
f  1331//3441 1375//3534 1330//3440
f  1377//3540 1370//3523 1303//3525
f  1378//3541 1326//3434 1303//3395
f  1371//3524 1378//3542 1303//3525
f  1379//3543 1380//3544 1381//3545
f  1382//3546 1159//3149 1158//3148
f  1382//3546 1383//3547 1159//3149
f  1383//3547 1160//3150 1159//3149
f  1383//3547 1384//3548 1160//3150
f  1385//3549 1161//3151 1160//3150
f  1384//3548 1385//3549 1160//3150
f  1386//3550 1162//3152 1161//3151
f  1385//3549 1386//3550 1161//3151
f  1386//3550 1387//3551 1162//3152
f  1387//3551 1163//3153 1162//3152
f  1387//3551 1388//3552 1163//3153
f  1388//3552 1260//3335 1163//3153
f  1388//3552 1389//3553 1260//3335
f  1369//3521 1377//3554 1360//3522
f  1390//3555 1221//3250 1194//3202
f  1294//3383 1390//3555 1194//3202
f  1382//3546 1158//3148 1285//3368
f  1391//3556 1392//3557 1381//3558
f  1393//3559 1391//3556 1381//3558
f  1380//3544 1393//3560 1381//3545
f  1394//3561 1395//3562 1381//3558
f  1395//3563 1379//3543 1381//3545
f  1372//3526 1396//3564 1342//3471
f  1392//3557 1394//3561 1381//3558
f  1397//3565 1398//3566 1262//3339
f  1398//3566 1250//3319 1262//3339
f  1218//3247 1399//3567 1261//3338
f  1362//3513 1399//3567 1218//3247
f  1355//3568 1375//3534 1331//3441
f  1368//3519 1358//3504 1333//3443
f  1349//3569 1400//3570 1322//3571
f  1400//3570 1373//3572 1322//3571
f  1401//3573 1351//3574 1325//3575
f  1374//3576 1401//3573 1325//3575
f  1369//3521 1402//3577 1377//3554
f  1403//3578 1359//3579 1326//3580
f  1275//3358 1397//3565 1262//3339
f  1399//3567 1276//3359 1261//3338
f  1376//3535 1338//3457 1330//3440
f  1404//3581 1243//3305 1244//3306
f  1245//3307 1404//3581 1244//3306
f  1313//3412 1405//3582 1245//3307
f  1406//3583 1313//3412 1246//3308
f  1314//3413 1406//3583 1246//3308
f  1260//3335 1407//3584 1314//3413
f  1389//3553 1407//3584 1260//3335
f  1378//3585 1403//3578 1326//3580
f  1305//3401 1335//3446 1209//3236
f  1299//3390 1408//3586 1203//3226
f  1221//3250 1409//3587 1156//3146
f  1409//3587 1355//3568 1156//3146
f  1347//3482 1410//3588 1290//3378
f  1371//3589 1403//3578 1378//3585
f  1257//3590 1271//3480 1256//3327
f  1196//3591 1411//3592 1222//3593
f  1412//3594 1182//3595 1207//3596
f  1413//3597 1412//3594 1207//3596
f  1411//3592 1414//3598 1222//3593
f  1414//3598 1201//3599 1222//3593
f  1167//3600 1415//3601 1196//3591
f  1415//3601 1411//3592 1196//3591
f  1412//3594 1168//3602 1182//3595
f  1225//3603 1413//3597 1207//3596
f  1416//3604 1417//3605 1412//3606
f  1413//3607 1416//3604 1412//3606
f  1418//3608 1419//3609 1411//3610
f  1415//3611 1418//3612 1411//3613
f  1419//3614 1414//3614 1411//3614
f  1419//3615 1420//3616 1414//3617
f  1421//3618 1418//3619 1415//3620
f  1422//3621 1168//3602 1412//3594
f  1417//3622 1423//3623 1412//3624
f  1423//3623 1422//3625 1412//3624
f  1424//3626 1416//3626 1413//3627
f  1202//3628 1413//3597 1225//3603
f  1167//3600 1425//3629 1415//3601
f  1425//3630 1421//3631 1415//3631
f  1202//3628 1422//3621 1413//3597
f  1422//3632 1424//3633 1413//3634
f  1425//3629 1201//3599 1414//3598
f  1420//3635 1425//3636 1414//3637
f  1167//3600 1173//3638 1425//3629
f  1170//3639 1168//3602 1422//3621
f  1420//3640 1421//3641 1425//3641
f  1173//3638 1201//3599 1425//3629
f  1202//3628 1170//3639 1422//3621
f  1423//3642 1424//3643 1422//3642
f  1426//3644 1354//3645 1337//3646
f  1427//3647 1315//3648 1341//3649
f  1426//3644 1428//3650 1354//3645
f  1429//3651 1427//3647 1341//3649
f  1357//3652 1429//3651 1341//3649
f  1317//3653 1426//3644 1337//3646
f  1430//3654 1431//3655 1427//3656
f  1429//3657 1430//3654 1427//3656
f  1432//3658 1428//3659 1426//3660
f  1432//3658 1433//3661 1428//3659
f  1434//3662 1426//3644 1317//3653
f  1433//3663 1435//3664 1428//3665
f  1435//3666 1354//3645 1428//3650
f  1436//3667 1432//3668 1426//3669
f  1434//3670 1436//3667 1426//3669
f  1435//3666 1339//3671 1354//3645
f  1433//3663 1437//3672 1435//3664
f  1427//3647 1316//3673 1315//3648
f  1438//3674 1316//3673 1427//3647
f  1439//3675 1438//3676 1427//3677
f  1431//3678 1439//3675 1427//3677
f  1440//3679 1430//3680 1429//3681
f  1357//3652 1438//3674 1429//3651
f  1438//3682 1440//3683 1429//3682
f  1317//3653 1319//3684 1434//3662
f  1357//3652 1340//3685 1438//3674
f  1437//3686 1436//3687 1434//3688
f  1435//3689 1437//3686 1434//3688
f  1319//3684 1435//3666 1434//3662
f  1340//3685 1316//3673 1438//3674
f  1439//3690 1440//3690 1438//3690
f  1319//3684 1339//3671 1435//3666
f  1441//3691 1275//3358 1328//3466
f  1402//3692 1370//3693 1377//3694
f  1442//3695 1441//3691 1328//3466
f  1443//3696 1349//3485 1348//3484
f  1371//3697 1379//3698 1395//3699
f  1444//3700 1442//3701 1328//3437
f  1180//3178 1444//3700 1328//3437
f  1351//3487 1445//3702 1323//3435
f  1376//3535 1372//3526 1338//3457
f  1394//3561 1396//3703 1372//3704
f  1392//3557 1396//3703 1394//3561
f  1310//3705 1297//3706 1300//3707
f  1297//3708 1318//3709 1300//3710
f  1398//3566 1185//3189 1250//3319
f  1398//3566 1344//3477 1185//3189
f  1345//3478 1446//3711 1188//3192
f  1446//3711 1346//3479 1188//3192
f  1346//3479 1367//3518 1251//3320
f  1447//3712 1305//3401 1353//3490
f  1401//3713 1448//3714 1351//3715
f  1448//3714 1445//3716 1351//3715
f  1443//3717 1400//3718 1349//3719
f  1370//3720 1380//3721 1379//3722
f  1371//3697 1370//3723 1379//3698
f  1449//27 1450//27 1451//27
f  1452//27 1449//27 1451//27
f  1191//3724 1270//3725 1451//3726
f  1270//3725 1453//3727 1451//3726
f  1454//3728 1455//3729 1451//3726
f  1453//3727 1454//3728 1451//3726
f  1455//3729 1452//3730 1451//3726
f  1450//3731 1191//3732 1451//3731
f  1456//3733 1457//3734 1450//3735
f  1457//3734 1458//3736 1450//3735
f  1459//3737 1191//3738 1450//3735
f  1449//3739 1456//3733 1450//3735
f  1458//3736 1459//3737 1450//3735
f  1460//27 1461//27 1462//27
f  1463//27 1460//27 1462//27
f  1464//3740 1465//3741 1462//3742
f  1465//3741 1466//3743 1462//3742
f  1466//3743 1463//3744 1462//3742
f  1467//3745 1468//3746 1462//3742
f  1468//3746 1464//3740 1462//3742
f  1461//3747 1467//3747 1462//3747
f  1469//3747 1467//3747 1461//3747
f  1460//3748 1470//3749 1461//3750
f  1470//3749 1471//3751 1461//3750
f  1472//3752 1469//3753 1461//3750
f  1471//3751 1472//3752 1461//3750
f  1473//27 1474//27 1475//27
f  1474//27 1476//27 1475//27
f  1477//3754 1473//3755 1475//3756
f  1478//3757 1479//3758 1475//3756
f  1125//3759 1480//3760 1475//3756
f  1480//3760 1478//3757 1475//3756
f  1479//3758 1477//3754 1475//3756
f  1476//3747 1125//3747 1475//3747
f  1124//3747 1125//3747 1476//3747
f  1481//3761 1482//3762 1476//3763
f  1474//3764 1481//3761 1476//3763
f  1482//3762 1483//3765 1476//3763
f  1483//3765 1484//3766 1476//3763
f  1484//3766 1485//3767 1476//3763
f  1485//3767 1124//3768 1476//3763
f  1486//27 1487//27 1488//27
f  1489//27 1486//27 1488//27
f  1490//3769 1489//3770 1488//3771
f  1123//3772 1491//3773 1488//3771
f  1491//3773 1492//3774 1488//3771
f  1492//3774 1493//3775 1488//3771
f  1493//3775 1490//3769 1488//3771
f  1487//3776 1123//3777 1488//3778
f  1494//3779 1123//3777 1487//3776
f  1486//3780 1495//3781 1487//3782
f  1495//3781 1496//3783 1487//3782
f  1496//3783 1497//3784 1487//3782
f  1498//3785 1494//3786 1487//3782
f  1497//3784 1498//3785 1487//3782
f  1499//27 1500//27 1501//3787
f  1502//27 1499//27 1501//3787
f  1503//3788 1504//3789 1501//3790
f  1504//3789 1505//3791 1501//3790
f  1505//3791 1502//3792 1501//3790
f  1506//3793 1507//3794 1501//3790
f  1507//3794 1503//3788 1501//3790
f  1500//3747 1506//3747 1501//3747
f  1508//3747 1506//3747 1500//3747
f  1509//3795 1510//3796 1500//3797
f  1510//3796 1511//3798 1500//3797
f  1499//3799 1509//3795 1500//3797
f  1179//3800 1508//3801 1500//3797
f  1511//3798 1512//3802 1500//3797
f  1512//3802 1179//3800 1500//3797
f  1513//3803 1514//27 1515//27
f  1516//27 1513//3803 1515//27
f  1193//3804 1517//3805 1515//3806
f  1518//3807 1519//3808 1515//3806
f  1517//3805 1520//3809 1515//3806
f  1520//3809 1518//3807 1515//3806
f  1519//3808 1516//3810 1515//3806
f  1514//3811 1193//3812 1515//3812
f  1521//3813 1522//3814 1514//3815
f  1523//3816 1193//3817 1514//3815
f  1522//3814 1523//3816 1514//3815
f  1513//3818 1521//3813 1514//3815
f  1524//3819 1268//3820 1352//3821
f  1525//3822 1524//3819 1352//3821
f  1526//3823 1525//3822 1352//3821
f  1268//3824 1304//3825 1352//3826
f  1524//3819 1269//3827 1268//3820
f  1459//3737 1192//3828 1191//3738
f  1183//3199 1517//3829 1193//3200
f  1523//3816 1306//3830 1193//3817
f  1527//3831 1410//3831 1347//3831
f  1228//3832 1528//3833 1347//3834
f  1528//3833 1527//3835 1347//3834
f  1266//3836 1228//3837 1347//3838
f  1265//3347 1529//3839 1266//3348
f  1530//3840 1228//3841 1266//3842
f  1529//3843 1530//3840 1266//3842
f  1531//3844 1265//3845 1224//3846
f  1150//3847 1531//3844 1224//3846
f  1175//3848 1150//3849 1224//3849
f  1532//3850 1150//3851 1175//3852
f  1174//3853 1532//3850 1175//3852
f  1152//3854 1151//3855 1177//3856
f  1151//3855 1178//3857 1177//3856
f  1238//3858 1152//3859 1177//3859
f  1272//3860 1152//3861 1238//3862
f  1257//3863 1533//3864 1271//3865
f  1533//3864 1273//3866 1271//3865
f  1112//3867 1480//3760 1125//3759
f  1485//3767 1534//3868 1124//3768
f  1534//27 1123//3098 1124//3093
f  1535//3869 1491//3773 1123//3772
f  1534//27 1535//27 1123//3098
f  1494//3779 1114//3870 1123//3777
f  1290//3379 1528//3871 1228//3271
f  1530//3872 1531//3873 1228//3271
f  1531//3873 1150//3132 1228//3271
f  1532//3874 1144//3133 1150//3132
f  1536//3875 1257//3328 1152//3138
f  1272//3860 1536//3876 1152//3861
f  1536//3875 1533//3877 1257//3328
f  1537//3878 1444//3878 1180//3879
f  1146//3122 1538//3880 1180//3178
f  1538//3881 1539//3882 1180//3883
f  1539//3884 1537//3885 1180//3884
f  1540//2840 1538//3880 1146//3122
f  1541//3886 1540//3887 1146//3888
f  1145//3889 1542//3890 1146//3891
f  1542//3892 1541//3892 1146//3893
f  1543//3894 1148//3124 1147//3123
f  1544//3895 1543//3896 1147//3897
f  1254//3323 1545//3898 1147//3123
f  1545//3899 1546//3900 1147//3899
f  1546//3901 1544//3902 1147//3903
f  1547//3904 1545//3898 1254//3323
f  1548//3905 1547//3906 1254//3907
f  1276//3908 1548//3909 1254//3910
f  1549//3911 1550//3912 1276//3913
f  1539//2840 1551//2849 1537//2840
f  1551//3914 1444//3915 1537//3916
f  1538//3917 1551//3918 1539//3919
f  1542//2840 1552//2849 1541//2840
f  1552//3920 1540//3921 1541//3921
f  1145//3922 1552//3923 1542//3922
f  1553//3924 1468//3746 1467//3745
f  1469//2840 1553//2840 1467//2840
f  1472//3752 1553//3925 1469//3753
f  1494//3926 1111//3927 1114//3928
f  1498//3785 1111//3929 1494//3786
f  1554//3930 1507//3794 1506//3793
f  1508//2840 1554//2840 1506//2840
f  1179//3800 1554//3931 1508//3801
f  1555//3932 1543//3933 1544//3934
f  1546//2840 1555//2840 1544//2840
f  1545//3935 1555//3936 1546//3936
f  1556//3937 1547//3906 1548//3905
f  1276//3938 1556//3939 1548//3940
f  1550//3941 1556//3939 1276//3938
f  1227//3269 1526//3942 1352//3488
f  1557//3943 1558//3944 1559//3945
f  1307//3946 1560//3947 1353//3490
f  1560//3947 1447//3712 1353//3490
f  1376//3535 1561//3948 1372//3526
f  1562//3949 1394//3561 1372//3704
f  1561//3950 1562//3949 1372//3704
f  1391//3556 1396//3703 1392//3557
f  1350//3951 1310//3951 1300//3952
f  1343//3953 1318//3954 1297//3955
f  1396//3564 1563//3956 1342//3471
f  1564//3957 1371//3589 1395//3958
f  1380//3544 1565//3959 1393//3560
f  1566//3960 1443//3696 1348//3484
f  1567//3961 1343//3475 1274//3414
f  1335//3962 1567//3961 1274//3414
f  1394//3561 1568//3963 1395//3562
f  1568//3964 1569//3965 1395//3958
f  1569//3965 1564//3957 1395//3958
f  1570//3966 1391//3556 1393//3559
f  1571//3967 1570//3966 1393//3559
f  1565//3968 1572//3969 1393//3970
f  1572//3971 1571//3972 1393//3973
f  1296//3385 1573//3974 1227//3269
f  1574//3975 1335//3446 1305//3401
f  1409//3587 1375//3534 1355//3568
f  1575//3976 1528//3871 1290//3379
f  1576//3977 1400//3718 1443//3717
f  1203//3226 1577//3978 1336//3449
f  1562//3949 1568//3963 1394//3561
f  1572//3979 1565//3980 1571//3981
f  1563//3956 1368//3519 1342//3471
f  1578//3982 1409//3587 1221//3250
f  1358//3504 1408//3586 1299//3390
f  1402//3983 1380//3544 1370//3984
f  1579//3985 1323//3435 1445//3702
f  1580//3986 1276//3359 1399//3567
f  1441//3691 1581//3987 1397//3565
f  1275//3358 1441//3691 1397//3565
f  1582//3988 1580//3986 1399//3567
f  1564//3957 1403//3578 1371//3589
f  1402//3983 1565//3959 1380//3544
f  1409//3587 1376//3535 1375//3534
f  1583//3989 1294//3383 1293//3382
f  1336//3449 1584//3990 1298//3389
f  1580//3986 1549//3991 1276//3359
f  1585//3992 1569//3965 1568//3964
f  1586//3993 1585//3992 1568//3964
f  1562//3949 1586//3994 1568//3963
f  1310//3408 1587//3995 1296//3476
f  1318//3421 1588//3996 1348//3483
f  1589//3997 1350//3486 1323//3431
f  1579//3985 1589//3998 1323//3435
f  1588//3996 1590//3999 1348//3483
f  1590//4000 1566//3960 1348//3484
f  1448//3714 1579//4001 1445//3716
f  1409//3587 1591//4002 1376//3535
f  1563//3956 1358//3504 1368//3519
f  1592//4003 1593//4004 1594//4005
f  1595//4006 1596//4007 1597//4008
f  1566//4009 1598//4010 1443//4011
f  1598//4012 1576//4013 1443//4012
f  1581//3987 1599//4014 1397//3565
f  1600//4015 1582//4016 1399//4017
f  1581//3987 1601//4018 1599//4014
f  1602//4019 1582//3988 1600//4020
f  1599//4021 1398//4021 1397//4022
f  1603//4023 1398//3566 1599//4014
f  1601//4018 1603//4023 1599//4014
f  1604//4024 1602//4019 1600//4020
f  1362//3513 1604//4024 1600//4020
f  1399//4025 1362//4026 1600//4027
f  1603//4023 1344//3477 1398//3566
f  1605//4028 1604//4024 1362//3513
f  1363//3514 1605//4028 1362//3513
f  1603//4023 1606//4029 1344//3477
f  1606//4029 1345//3478 1344//3477
f  1364//3515 1605//4028 1363//3514
f  1606//4029 1446//3711 1345//3478
f  1607//4030 1605//4028 1364//3515
f  1365//3516 1607//4030 1364//3515
f  1606//4029 1608//4031 1446//3711
f  1608//4031 1346//3479 1446//3711
f  1366//3517 1607//4030 1365//3516
f  1608//4031 1367//3518 1346//3479
f  1609//4032 1607//4030 1366//3517
f  1367//3518 1609//4032 1366//3517
f  1608//4031 1609//4032 1367//3518
f  1408//3586 1577//3978 1203//3226
f  1404//3581 1610//4033 1243//3305
f  1245//3307 1611//4034 1404//3581
f  1405//3582 1611//4034 1245//3307
f  1313//3412 1612//4035 1405//3582
f  1406//3583 1612//4035 1313//3412
f  1314//3413 1613//4036 1406//3583
f  1407//3584 1613//4036 1314//3413
f  1614//4037 1382//3546 1285//3368
f  1615//4038 1614//4037 1285//3368
f  1243//3305 1610//4033 1286//3369
f  1610//4033 1616//4039 1286//3369
f  1616//4039 1617//4040 1286//3369
f  1573//3974 1526//3942 1227//3269
f  1447//3712 1574//3975 1305//3401
f  1298//3389 1615//4038 1285//3368
f  1617//4040 1293//3382 1286//3369
f  1593//4041 1618//4042 1594//4043
f  1619//4044 1620//4045 1621//4046
f  1598//4047 1595//4048 1597//4049
f  1617//4040 1583//3989 1293//3382
f  1622//4050 1408//3586 1358//3504
f  1584//3990 1615//4038 1298//3389
f  1566//4009 1595//4051 1598//4010
f  1618//4042 1593//4041 1579//3985
f  1565//4052 1623//4053 1571//4054
f  1623//4053 1624//4055 1571//4054
f  1624//4056 1570//3966 1571//3967
f  1376//3535 1625//4057 1561//3948
f  1626//4058 1562//3949 1561//3950
f  1625//4059 1626//4058 1561//3950
f  1627//4060 1563//3956 1396//3564
f  1391//3556 1627//4061 1396//3703
f  1570//3966 1627//4061 1391//3556
f  1587//4062 1310//4063 1350//4063
f  1343//4064 1588//4065 1318//4066
f  1567//4067 1588//4068 1343//4069
f  1307//3946 1628//4070 1560//3947
f  1590//4000 1595//4071 1566//3960
f  1593//4041 1589//3998 1579//3985
f  1557//4072 1629//4073 1558//4074
f  1334//4075 1419//4076 1309//4077
f  1327//4078 1420//4079 1334//4075
f  1420//4079 1419//4076 1334//4075
f  1277//4080 1247//4081 1327//4078
f  1247//4081 1420//4079 1327//4078
f  1252//4082 1247//4081 1277//4080
f  1594//4043 1569//4083 1585//4084
f  1592//4085 1594//4086 1585//4087
f  1618//4042 1564//4088 1594//4043
f  1579//3985 1437//4089 1618//4042
f  1437//4089 1433//4090 1618//4042
f  1433//4090 1564//4088 1618//4042
f  1448//4091 1437//4089 1579//3985
f  1401//4092 1437//4089 1448//4091
f  1234//4093 1282//4094 1291//4095
f  1309//4077 1419//4076 1291//4095
f  1419//4076 1418//4096 1291//4095
f  1418//4096 1234//4093 1291//4095
f  1234//4093 1249//4097 1282//4094
f  1421//4098 1234//4093 1418//4096
f  1235//4099 1234//4093 1421//4098
f  1247//4081 1235//4099 1421//4098
f  1420//4079 1247//4081 1421//4098
f  1594//4043 1564//4088 1569//4083
f  1433//4090 1432//4100 1564//4088
f  1432//4100 1403//4101 1564//4088
f  1432//4100 1359//4102 1403//4101
f  1436//4103 1359//4102 1432//4100
f  1436//4103 1401//4092 1359//4102
f  1401//4092 1374//4104 1359//4102
f  1437//4089 1401//4092 1436//4103
f  1232//4105 1423//4106 1233//4107
f  1417//4108 1292//4109 1281//4110
f  1253//4111 1417//4108 1281//4110
f  1417//4108 1416//4112 1292//4109
f  1416//4112 1289//4113 1292//4109
f  1289//4113 1308//4114 1292//4109
f  1289//4113 1329//4115 1308//4114
f  1233//4107 1417//4108 1253//4111
f  1423//4106 1417//4108 1233//4107
f  1424//4116 1289//4113 1416//4112
f  1236//4117 1423//4106 1232//4105
f  1424//4116 1241//4118 1289//4113
f  1241//4118 1424//4116 1423//4106
f  1236//4117 1241//4118 1423//4106
f  1431//4119 1430//4120 1565//4121
f  1402//4122 1431//4119 1565//4121
f  1598//4123 1597//4008 1565//4121
f  1430//4120 1598//4123 1565//4121
f  1597//4008 1623//4124 1565//4121
f  1369//4125 1439//4126 1402//4122
f  1439//4126 1431//4119 1402//4122
f  1361//4127 1439//4126 1369//4125
f  1440//4128 1598//4123 1430//4120
f  1373//4129 1439//4126 1361//4127
f  1400//4130 1598//4123 1440//4128
f  1400//4130 1440//4128 1439//4126
f  1373//4129 1400//4130 1439//4126
f  1598//4123 1400//4130 1576//4131
f  1597//4008 1596//4007 1623//4124
f  1583//3989 1630//4132 1294//3383
f  1631//4133 1584//3990 1336//3449
f  1390//3555 1578//3982 1221//3250
f  1632//4134 1622//4050 1358//3504
f  1591//4002 1625//4057 1376//3535
f  1633//4135 1525//3822 1526//3823
f  1634//4136 1633//4135 1526//3823
f  1410//3588 1575//4137 1290//3378
f  1635//4138 1636//4139 1110//4140
f  1636//4139 1637//4141 1110//4140
f  1637//4142 1638//4143 1110//4144
f  1638//4145 1553//4146 1110//4147
f  1637//4148 1639//4149 1638//4149
f  1552//4150 1553//4146 1638//4145
f  1639//4151 1640//4152 1638//4153
f  1640//4154 1441//4155 1638//4145
f  1441//4155 1552//4150 1638//4145
f  1639//4151 1641//4156 1640//4152
f  1641//4156 1581//3987 1640//4152
f  1581//4157 1441//4155 1640//4154
f  1642//4158 1580//4159 1582//4160
f  1643//4161 1642//4162 1582//3988
f  1602//4019 1643//4161 1582//3988
f  1641//4156 1601//4018 1581//3987
f  1580//4159 1550//4163 1549//4164
f  1442//4165 1444//4166 1551//4167
f  1441//4155 1442//4165 1551//4167
f  1555//4168 1547//4169 1556//4170
f  1550//4163 1580//4159 1556//4170
f  1580//4159 1555//4168 1556//4170
f  1551//4167 1552//4150 1441//4155
f  1643//4161 1644//4171 1642//4162
f  1410//4172 1527//4173 1575//4174
f  1527//4173 1528//4175 1575//4174
f  1536//4176 1272//4177 1533//4178
f  1540//4179 1551//4167 1538//4180
f  1547//4169 1555//4168 1545//4181
f  1540//4179 1552//4150 1551//4167
f  1554//4182 1543//4183 1555//4168
f  1645//4184 1554//4182 1555//4168
f  1646//4185 1645//4184 1555//4168
f  1580//4159 1642//4158 1555//4168
f  1642//4158 1646//4185 1555//4168
f  1647//4186 1645//4187 1646//4188
f  1644//4189 1647//4186 1646//4188
f  1642//4190 1644//4191 1646//4192
f  1265//4193 1531//4194 1530//4195
f  1151//4196 1179//4197 1178//4198
f  1174//4199 1468//4200 1532//4201
f  1468//4200 1144//4202 1532//4201
f  1151//4196 1148//4203 1179//4197
f  1148//4203 1554//4182 1179//4197
f  1468//4200 1553//4146 1144//4202
f  1144//4202 1552//4150 1145//4204
f  1553//4146 1552//4150 1144//4202
f  1543//4183 1554//4182 1148//4203
f  1645//4184 1507//4205 1554//4182
f  1645//4184 1498//4206 1507//4205
f  1480//4207 1112//4208 1472//4209
f  1112//4208 1553//4146 1472//4209
f  1645//4184 1111//4210 1498//4206
f  1110//4147 1553//4146 1112//4208
f  1485//4211 1491//4212 1535//4213
f  1534//4214 1485//4211 1535//4213
f  1645//4184 1110//4215 1111//4210
f  1645//4216 1635//4138 1110//4140
f  1647//4186 1635//4217 1645//4187
f  1052//4218 1055//4219 1051//4220
f  1055//4219 1053//4221 1051//4220
f  1529//4222 1265//4193 1530//4195
f  1272//4177 1273//4223 1533//4178
f  1648//4224 1596//4225 1595//4226
f  1648//4227 1649//4228 1623//4124
f  1596//4007 1648//4227 1623//4124
f  1649//4229 1624//4055 1623//4053
f  1174//4230 1176//4231 1468//4230
f  1587//3995 1573//4232 1296//3476
f  1574//4233 1567//3961 1335//3962
f  1484//4234 1492//4235 1485//4211
f  1492//4235 1491//4212 1485//4211
f  1472//4209 1478//4236 1480//4207
f  1497//4237 1507//4205 1498//4206
f  1650//4238 1468//4239 1176//4240
f  1459//4241 1650//4238 1176//4240
f  1179//4242 1512//4243 1183//4244
f  1192//4245 1459//4241 1176//4240
f  1520//4246 1517//4247 1183//4244
f  1512//4243 1520//4246 1183//4244
f  1628//4248 1307//4249 1306//4250
f  1523//4251 1628//4248 1306//4250
f  1524//4252 1453//4253 1270//4254
f  1269//4255 1524//4252 1270//4254
f  1626//4058 1586//3994 1562//3949
f  1630//4132 1390//3555 1294//3383
f  1651//4256 1631//4133 1336//3449
f  1577//3978 1651//4256 1336//3449
f  1405//3582 1652//4257 1611//4034
f  1653//4258 1408//3586 1622//4050
f  1559//4259 1629//4260 1557//4261
f  1654//4262 1589//3998 1593//4041
f  1655//4263 1559//4264 1558//4265
f  1558//4266 1634//4267 1526//4268
f  1656//4269 1558//4265 1526//3942
f  1584//4270 1657//4271 1615//4272
f  1616//4039 1658//4273 1617//4040
f  1614//4274 1659//4275 1382//4276
f  1617//4040 1660//4277 1583//3989
f  1610//4033 1658//4273 1616//4039
f  1611//4278 1610//4279 1404//4280
f  1612//4035 1652//4257 1405//3582
f  1406//3583 1661//4281 1612//4035
f  1613//4036 1661//4281 1406//3583
f  1662//4282 1661//4281 1613//4036
f  1389//4283 1662//4284 1613//4285
f  1407//4286 1389//4286 1613//4287
f  1659//4275 1383//4288 1382//4276
f  1383//4289 1663//4290 1384//4291
f  1663//4290 1385//4292 1384//4291
f  1385//4293 1664//4294 1386//4295
f  1664//4294 1387//4296 1386//4295
f  1387//3551 1665//4297 1388//3552
f  1665//4297 1389//3553 1388//3552
f  1483//4298 1492//4235 1484//4234
f  1578//3982 1666//4299 1409//3587
f  1658//4273 1660//4277 1617//4040
f  1650//4238 1464//4300 1468//4239
f  1657//4301 1614//4037 1615//4038
f  1584//4270 1667//4302 1657//4271
f  1668//4303 1583//3989 1660//4277
f  1611//4278 1669//4304 1610//4279
f  1652//4305 1669//4304 1611//4278
f  1661//4281 1652//4257 1612//4035
f  1560//3947 1574//3975 1447//3712
f  1659//4306 1663//4307 1383//3547
f  1663//4307 1664//4308 1385//3549
f  1664//4308 1665//4297 1387//3551
f  1665//4297 1662//4282 1389//3553
f  1666//4299 1591//4002 1409//3587
f  1563//4309 1632//4310 1358//4311
f  1628//4070 1670//4312 1560//3947
f  1592//4003 1654//4313 1593//4004
f  1559//4314 1655//4315 1629//4315
f  1666//4299 1578//3982 1390//3555
f  1604//4316 1605//4317 1659//4306
f  1641//4318 1639//4319 1658//4273
f  1644//4320 1643//4321 1657//4301
f  1643//4321 1614//4037 1657//4301
f  1602//4322 1614//4037 1643//4321
f  1601//4323 1641//4318 1658//4273
f  1610//4033 1601//4323 1658//4273
f  1602//4322 1659//4306 1614//4037
f  1604//4316 1659//4306 1602//4322
f  1603//4324 1610//4033 1669//4325
f  1605//4317 1663//4307 1659//4306
f  1652//4257 1606//4326 1669//4325
f  1607//4327 1664//4308 1605//4317
f  1664//4308 1663//4307 1605//4317
f  1639//4319 1637//4328 1660//4277
f  1660//4277 1635//4329 1657//4301
f  1635//4329 1647//4330 1657//4301
f  1658//4273 1639//4319 1660//4277
f  1647//4330 1644//4320 1657//4301
f  1608//4331 1606//4326 1661//4281
f  1609//4332 1665//4297 1607//4327
f  1665//4297 1664//4308 1607//4327
f  1662//4282 1608//4331 1661//4281
f  1662//4282 1609//4332 1608//4331
f  1662//4282 1665//4297 1609//4332
f  1610//4033 1603//4324 1601//4323
f  1669//4325 1606//4326 1603//4324
f  1652//4257 1661//4281 1606//4326
f  1660//4277 1636//4333 1635//4329
f  1660//4277 1637//4328 1636//4333
f  1657//4301 1667//4334 1660//4277
f  1671//4335 1585//3992 1586//3993
f  1626//4058 1671//4336 1586//3994
f  1631//4337 1672//4338 1584//4339
f  1672//4340 1667//4334 1584//3990
f  1668//4303 1630//4132 1583//3989
f  1667//4334 1668//4303 1660//4277
f  1524//4252 1454//4341 1453//4253
f  1673//4342 1630//4132 1668//4303
f  1674//4343 1671//4336 1626//4058
f  1624//4056 1675//4344 1570//3966
f  1672//4340 1673//4342 1668//4303
f  1667//4334 1672//4340 1668//4303
f  1472//4209 1471//4345 1478//4236
f  1573//3974 1656//4269 1526//3942
f  1459//4241 1458//4346 1650//4238
f  1458//4346 1464//4300 1650//4238
f  1512//4243 1511//4347 1520//4246
f  1497//4237 1503//4348 1507//4205
f  1676//4349 1577//3978 1408//3586
f  1653//4258 1676//4349 1408//3586
f  1483//4298 1493//4350 1492//4235
f  1677//4351 1622//4352 1632//4353
f  1678//4354 1350//3486 1589//3997
f  1627//4060 1679//4355 1563//3956
f  1630//4132 1680//4356 1390//3555
f  1674//4343 1626//4058 1625//4059
f  1675//4344 1627//4061 1570//3966
f  1681//4357 1592//4085 1585//4087
f  1682//4358 1681//4358 1585//4358
f  1671//4335 1682//4359 1585//3992
f  1683//4360 1624//4055 1649//4229
f  1681//4361 1654//4313 1592//4003
f  1678//4362 1587//4363 1350//4364
f  1563//4365 1677//4351 1632//4353
f  1677//4366 1653//4367 1622//4368
f  1673//4369 1684//4370 1630//4371
f  1685//4372 1634//4267 1558//4266
f  1471//4345 1479//4373 1478//4236
f  1511//4347 1518//4374 1520//4246
f  1563//4375 1679//4376 1677//4377
f  1525//4378 1454//4341 1524//4252
f  1677//4366 1686//4379 1653//4367
f  1670//4380 1628//4248 1523//4251
f  1522//4381 1670//4380 1523//4251
f  1687//4382 1574//3975 1560//3947
f  1672//4340 1684//4383 1673//4342
f  1688//4384 1676//4349 1653//4258
f  1686//4385 1688//4386 1653//4387
f  1496//4388 1503//4348 1497//4237
f  1683//4389 1675//4344 1624//4056
f  1689//4390 1690//4391 1651//4256
f  1690//4391 1631//4133 1651//4256
f  1691//4392 1689//4390 1651//4256
f  1692//4393 1693//4394 1558//4074
f  1629//4073 1692//4393 1558//4074
f  1693//4394 1685//4395 1558//4074
f  1656//4269 1655//4263 1558//4265
f  1670//4312 1694//4396 1560//3947
f  1694//4396 1695//4397 1560//3947
f  1679//4355 1696//4398 1688//4384
f  1686//4385 1679//4399 1688//4386
f  1679//4376 1686//4400 1677//4377
f  1680//4356 1666//4299 1390//3555
f  1684//4370 1697//4401 1630//4371
f  1698//4402 1672//4338 1631//4337
f  1690//4403 1698//4402 1631//4337
f  1699//4404 1567//3961 1574//4233
f  1687//4382 1699//4405 1574//3975
f  1700//4406 1684//4383 1672//4340
f  1701//4407 1678//4354 1589//3997
f  1588//3996 1702//4408 1590//3999
f  1698//4409 1700//4406 1672//4340
f  1703//4410 1704//4411 1666//4299
f  1656//4269 1705//4412 1655//4263
f  1696//4398 1676//4349 1688//4384
f  1697//4413 1680//4356 1630//4132
f  1577//3978 1691//4392 1651//4256
f  1704//4411 1591//4002 1666//4299
f  1457//4414 1465//4415 1464//4300
f  1458//4346 1457//4414 1464//4300
f  1496//4388 1504//4416 1503//4348
f  1510//4417 1518//4374 1511//4347
f  1655//4418 1692//4419 1629//4420
f  1705//4421 1692//4419 1655//4418
f  1654//4262 1701//4422 1589//3998
f  1702//4423 1595//4071 1590//4000
f  1706//4424 1696//4398 1679//4355
f  1700//4425 1697//4425 1684//4425
f  1704//4411 1625//4057 1591//4002
f  1707//4426 1698//4402 1690//4403
f  1708//4427 1648//4224 1595//4226
f  1702//4423 1708//4428 1595//4071
f  1709//4429 1682//4359 1671//4335
f  1627//4060 1706//4424 1679//4355
f  1674//4343 1709//4430 1671//4336
f  1482//4431 1493//4350 1483//4298
f  1676//4349 1691//4392 1577//3978
f  1683//4389 1710//4432 1675//4344
f  1560//3947 1711//4433 1687//4382
f  1680//4356 1703//4410 1666//4299
f  1704//4411 1712//4434 1625//4057
f  1713//4435 1674//4343 1625//4059
f  1712//4436 1713//4435 1625//4059
f  1714//4437 1706//4424 1627//4060
f  1675//4344 1714//4438 1627//4061
f  1710//4432 1714//4438 1675//4344
f  1715//4439 1681//4440 1682//4441
f  1648//4227 1716//4442 1649//4228
f  1716//4443 1683//4360 1649//4229
f  1715//4444 1717//4445 1681//4361
f  1717//4445 1654//4313 1681//4361
f  1718//4446 1716//4442 1648//4227
f  1708//4427 1718//4447 1648//4224
f  1719//4448 1587//4449 1678//4450
f  1567//4451 1720//4452 1588//4453
f  1720//4454 1702//4408 1588//3996
f  1719//4455 1573//4232 1587//3995
f  1699//4404 1720//4456 1567//3961
f  1721//4457 1711//4458 1560//4459
f  1695//4460 1721//4457 1560//4459
f  1722//4461 1697//4462 1700//4463
f  1471//4345 1477//4464 1479//4373
f  1482//4431 1490//4465 1493//4350
f  1495//4466 1504//4416 1496//4388
f  1470//4467 1477//4464 1471//4345
f  1698//4409 1722//4468 1700//4406
f  1707//4469 1722//4468 1698//4409
f  1654//4262 1717//4470 1701//4422
f  1689//4471 1707//4426 1690//4403
f  1674//4343 1713//4435 1709//4430
f  1723//4472 1724//4473 1711//4474
f  1721//4475 1723//4472 1711//4474
f  1725//4476 1691//4392 1676//4349
f  1707//4469 1726//4477 1722//4468
f  1724//4478 1727//4479 1711//4433
f  1696//4398 1725//4476 1676//4349
f  1723//4480 1727//4481 1724//4482
f  1727//4479 1687//4382 1711//4433
f  1656//4269 1728//4483 1705//4412
f  1728//4483 1729//4484 1705//4412
f  1680//4356 1730//4485 1703//4410
f  1730//4485 1704//4411 1703//4410
f  1693//4486 1692//4419 1705//4421
f  1457//4414 1466//4487 1465//4415
f  1495//4466 1505//4488 1504//4416
f  1519//4489 1518//4374 1510//4417
f  1509//4490 1519//4489 1510//4417
f  1456//4491 1466//4487 1457//4414
f  1525//4378 1455//4492 1454//4341
f  1694//4493 1670//4380 1522//4381
f  1521//4494 1694//4493 1522//4381
f  1633//4495 1455//4492 1525//4378
f  1573//3974 1731//4496 1656//4269
f  1732//4497 1733//4498 1697//4413
f  1726//4499 1697//4462 1722//4461
f  1719//4455 1731//4500 1573//4232
f  1733//4498 1734//4501 1697//4413
f  1734//4501 1680//4356 1697//4413
f  1729//4502 1693//4486 1705//4421
f  1716//4443 1735//4503 1683//4360
f  1735//4504 1710//4432 1683//4389
f  1736//4505 1726//4477 1707//4469
f  1734//4501 1730//4485 1680//4356
f  1734//4501 1737//4506 1730//4485
f  1738//4507 1725//4476 1696//4398
f  1481//4508 1490//4465 1482//4431
f  1706//4424 1738//4507 1696//4398
f  1737//4506 1704//4411 1730//4485
f  1726//4477 1732//4497 1697//4413
f  1689//4471 1736//4509 1707//4426
f  1739//4510 1713//4435 1712//4436
f  1740//4511 1706//4424 1714//4437
f  1741//4512 1715//4513 1682//4514
f  1709//4429 1741//4515 1682//4359
f  1742//4516 1719//4517 1678//4518
f  1701//4407 1742//4519 1678//4354
f  1743//4520 1702//4408 1720//4454
f  1744//4521 1743//4522 1720//4523
f  1699//4404 1744//4524 1720//4456
f  1745//4525 1726//4477 1736//4505
f  1745//4525 1732//4497 1726//4477
f  1746//4526 1699//4405 1687//4382
f  1731//4496 1728//4483 1656//4269
f  1747//4527 1691//4392 1725//4476
f  1748//4528 1708//4428 1702//4423
f  1738//4507 1747//4527 1725//4476
f  1746//4529 1744//4524 1699//4404
f  1748//4530 1718//4447 1708//4427
f  1749//4531 1712//4434 1704//4411
f  1723//4480 1750//4532 1727//4481
f  1728//4483 1751//4533 1729//4484
f  1751//4534 1693//4486 1729//4502
f  1752//4535 1687//4382 1727//4479
f  1750//4536 1752//4535 1727//4479
f  1752//4535 1746//4526 1687//4382
f  1499//3799 1753//4537 1509//3795
f  1753//4538 1519//4489 1509//4490
f  1691//4392 1754//4539 1689//4390
f  1754//4540 1736//4509 1689//4471
f  1755//4541 1754//4539 1691//4392
f  1756//4542 1734//4501 1733//4498
f  1747//4527 1755//4541 1691//4392
f  1756//4542 1757//4543 1734//4501
f  1757//4543 1737//4506 1734//4501
f  1758//4544 1759//4545 1481//4508
f  1759//4545 1490//4465 1481//4508
f  1456//4491 1760//4546 1466//4487
f  1749//4531 1704//4411 1737//4506
f  1761//4547 1709//4430 1713//4435
f  1739//4510 1761//4547 1713//4435
f  1735//4504 1762//4548 1710//4432
f  1761//4549 1741//4515 1709//4429
f  1740//4511 1738//4507 1706//4424
f  1763//4550 1742//4519 1701//4407
f  1717//4470 1763//4551 1701//4422
f  1715//4444 1764//4552 1717//4445
f  1764//4553 1763//4551 1717//4470
f  1716//4443 1765//4554 1735//4503
f  1765//4555 1762//4548 1735//4504
f  1743//4520 1766//4556 1702//4408
f  1766//4557 1748//4528 1702//4423
f  1767//4558 1747//4527 1738//4507
f  1768//4559 1736//4509 1754//4540
f  1745//4525 1769//4560 1732//4497
f  1760//4561 1770//4562 1771//4563
f  1770//4562 1772//4564 1771//4563
f  1772//4565 1760//4566 1771//4567
f  1502//27 1773//27 1499//27
f  1774//4568 1753//4537 1499//3799
f  1773//4569 1774//4568 1499//3799
f  1456//4491 1770//4570 1760//4546
f  1772//4565 1775//4571 1760//4566
f  1775//4572 1466//4487 1760//4546
f  1774//4573 1776//4574 1753//4538
f  1776//4574 1519//4489 1753//4538
f  1736//4505 1769//4560 1745//4525
f  1749//4531 1777//4575 1712//4434
f  1777//4576 1739//4510 1712//4436
f  1778//4577 1740//4511 1714//4437
f  1710//4432 1778//4578 1714//4438
f  1762//4548 1778//4578 1710//4432
f  1718//4579 1779//4580 1716//4581
f  1779//4582 1765//4554 1716//4443
f  1741//4512 1764//4583 1715//4513
f  1748//4530 1779//4584 1718//4447
f  1780//4585 1719//4586 1742//4587
f  1781//4588 1731//4500 1719//4455
f  1780//4589 1781//4588 1719//4455
f  1731//4496 1751//4533 1728//4483
f  1781//4590 1751//4533 1731//4496
f  1782//4591 1733//4498 1732//4497
f  1755//4541 1783//4592 1754//4539
f  1782//4591 1756//4542 1733//4498
f  1769//4560 1782//4591 1732//4497
f  1474//3764 1758//4593 1481//3761
f  1784//4594 1473//3755 1477//3754
f  1470//4467 1784//4595 1477//4464
f  1759//4596 1489//3770 1490//3769
f  1486//3780 1785//4597 1495//3781
f  1786//4598 1505//4488 1495//4466
f  1785//4599 1786//4598 1495//4466
f  1460//3748 1787//4600 1470//3749
f  1787//4601 1784//4595 1470//4467
f  1775//4602 1463//3744 1466//3743
f  1786//4603 1502//3792 1505//3791
f  1449//3739 1788//4604 1456//3733
f  1788//4605 1770//4570 1456//4491
f  1789//4606 1452//3730 1455//3729
f  1633//4495 1789//4607 1455//4492
f  1776//4608 1516//3810 1519//3808
f  1721//4475 1790//4609 1723//4472
f  1790//4610 1750//4532 1723//4480
f  1513//3818 1791//4611 1521//3813
f  1792//4612 1694//4493 1521//4494
f  1791//4613 1792//4612 1521//4494
f  1793//4614 1685//4395 1693//4394
f  1751//4534 1793//4615 1693//4486
f  1792//4616 1695//4397 1694//4396
f  1634//4136 1794//4617 1633//4135
f  1794//4618 1789//4607 1633//4495
f  1795//4619 1755//4541 1747//4527
f  1796//4620 1737//4506 1757//4543
f  1767//4558 1795//4619 1747//4527
f  1796//4620 1749//4531 1737//4506
f  1740//4511 1767//4558 1738//4507
f  1783//4592 1768//4621 1754//4539
f  1797//4622 1746//4623 1752//4624
f  1721//4625 1797//4622 1752//4624
f  1765//4626 1779//4627 1762//4627
f  1750//4628 1790//4629 1752//4624
f  1790//4629 1721//4625 1752//4624
f  1777//4576 1741//4630 1739//4510
f  1741//4631 1761//4632 1739//4633
f  1779//4634 1778//4635 1762//4636
f  1741//4637 1742//4638 1764//4639
f  1742//4638 1763//4640 1764//4639
f  1777//4576 1780//4585 1741//4630
f  1780//4585 1742//4587 1741//4630
f  1743//4522 1778//4641 1779//4642
f  1766//4643 1743//4644 1779//4645
f  1748//4646 1766//4643 1779//4645
f  1798//4647 1778//4641 1743//4522
f  1744//4521 1798//4647 1743//4522
f  1746//4529 1799//4648 1744//4524
f  1780//4589 1800//4649 1781//4588
f  1800//4650 1801//4651 1781//4652
f  1801//4651 1751//4653 1781//4652
f  1799//4648 1798//4654 1744//4524
f  1746//4623 1797//4622 1799//4655
f  1797//4656 1802//4657 1799//4658
f  1803//4659 1751//4653 1801//4651
f  1685//4660 1751//4653 1803//4659
f  1721//4661 1804//4662 1797//4656
f  1804//4662 1802//4657 1797//4656
f  1803//4663 1805//4664 1685//4664
f  1793//4665 1751//4653 1685//4660
f  1805//4666 1634//4267 1685//4372
f  1805//4666 1452//27 1634//4267
f  1452//3747 1794//3747 1634//3747
f  1805//4666 1449//27 1452//27
f  1789//3747 1794//3747 1452//3747
f  1805//4666 1772//27 1449//27
f  1770//3747 1788//3747 1449//3747
f  1772//3747 1770//3747 1449//3747
f  1805//4666 1806//4667 1772//27
f  1807//4668 1463//27 1772//27
f  1806//4667 1807//4668 1772//27
f  1463//4669 1775//3747 1772//3747
f  1807//4668 1460//27 1463//27
f  1807//4668 1473//27 1460//27
f  1784//3747 1787//3747 1460//3747
f  1473//3747 1784//3747 1460//3747
f  1807//4668 1474//27 1473//27
f  1807//4668 1489//27 1474//27
f  1489//3747 1759//3747 1474//3747
f  1759//3747 1758//3747 1474//3747
f  1807//4668 1486//27 1489//27
f  1807//4668 1502//27 1486//27
f  1502//3747 1785//3747 1486//3747
f  1807//4668 1808//4670 1502//27
f  1808//4670 1773//27 1502//27
f  1786//3747 1785//3747 1502//3747
f  1808//4670 1809//4671 1773//27
f  1809//4671 1516//27 1773//27
f  1516//4669 1774//3747 1773//3747
f  1809//4671 1810//4672 1516//27
f  1810//4672 1513//3803 1516//27
f  1776//3747 1774//3747 1516//4669
f  1810//4672 1811//4673 1513//3803
f  1811//4673 1695//4674 1513//3803
f  1695//4675 1791//4676 1513//4677
f  1811//4673 1812//4678 1695//4674
f  1812//4678 1813//4679 1695//4674
f  1813//4679 1814//4680 1695//4674
f  1792//4681 1791//4676 1695//4675
f  1695//4460 1804//4682 1721//4457
f  1815//4683 1736//4505 1768//4621
f  1736//4505 1816//4684 1769//4560
f  1815//4683 1816//4684 1736//4505
f  1756//4542 1817//4685 1757//4543
f  1818//4686 1755//4541 1795//4619
f  1819//4687 1817//4685 1756//4542
f  1818//4686 1820//4688 1755//4541
f  1782//4591 1819//4687 1756//4542
f  1820//4688 1783//4592 1755//4541
f  1809//4689 1808//4690 1821//4691
f  1822//4692 1823//4693 1821//4691
f  1808//4690 1822//4692 1821//4691
f  1823//4694 1824//4695 1821//4696
f  1825//4697 1809//4689 1821//4691
f  1824//4698 1826//4699 1821//4700
f  1826//4699 1825//4701 1821//4700
f  1813//4702 1812//4703 1827//4704
f  1828//4705 1813//4702 1827//4704
f  1829//4706 1830//4707 1827//4708
f  1830//4707 1828//4709 1827//4708
f  1805//4710 1831//4711 1832//4712
f  1833//4713 1807//4714 1834//4715
f  1807//4714 1806//4716 1834//4715
f  1835//4717 1813//4702 1828//4705
f  1695//4718 1814//4719 1836//4720
f  1837//4721 1695//4718 1836//4720
f  1838//4722 1804//4723 1839//4724
f  1815//4725 1840//4726 1838//4722
f  1841//4727 1809//4689 1825//4697
f  1842//4728 1811//4729 1843//4730
f  1811//4729 1810//4731 1843//4730
f  1749//4732 1844//4733 1777//4734
f  1845//4735 1740//4736 1778//4737
f  1845//4735 1767//4738 1740//4736
f  1796//4739 1844//4733 1749//4732
f  1817//4740 1846//4741 1796//4742
f  1846//4741 1844//4743 1796//4742
f  1757//4543 1817//4685 1796//4620
f  1847//4744 1818//4745 1845//4746
f  1818//4745 1767//4747 1845//4746
f  1818//4686 1795//4619 1767//4558
f  1844//4733 1780//4748 1777//4734
f  1798//4749 1845//4735 1778//4737
f  1848//4750 1800//4751 1844//4733
f  1800//4751 1780//4748 1844//4733
f  1846//4752 1849//4753 1844//4754
f  1849//4753 1848//4755 1844//4754
f  1799//4756 1845//4735 1798//4749
f  1799//4757 1840//4726 1845//4758
f  1840//4759 1850//4760 1845//4761
f  1850//4760 1847//4762 1845//4761
f  1848//4750 1801//4763 1800//4751
f  1802//4764 1840//4726 1799//4757
f  1805//4710 1803//4765 1801//4763
f  1848//4750 1805//4710 1801//4763
f  1804//4723 1840//4726 1802//4764
f  1831//4711 1805//4710 1848//4750
f  1804//4723 1838//4722 1840//4726
f  1851//4766 1852//4767 1805//4666
f  1852//4767 1806//4667 1805//4666
f  1853//4768 1851//4769 1805//4770
f  1832//4771 1853//4768 1805//4770
f  1852//4772 1854//4773 1806//4774
f  1854//4773 1834//4775 1806//4774
f  1855//4776 1856//4777 1807//4668
f  1856//4777 1808//4670 1807//4668
f  1833//4778 1855//4779 1807//4780
f  1856//4781 1857//4782 1808//4783
f  1857//4782 1822//4784 1808//4783
f  1858//4785 1859//4786 1809//4671
f  1859//4786 1810//4672 1809//4671
f  1860//4787 1858//4788 1809//4789
f  1841//4790 1860//4787 1809//4789
f  1859//4791 1861//4792 1810//4793
f  1861//4792 1843//4794 1810//4793
f  1862//4795 1863//4796 1811//4673
f  1863//4796 1812//4678 1811//4673
f  1864//4797 1862//4798 1811//4799
f  1842//4800 1864//4797 1811//4799
f  1863//4801 1829//4706 1812//4802
f  1829//4706 1827//4708 1812//4802
f  1865//4803 1814//4680 1813//4679
f  1866//4804 1865//4803 1813//4679
f  1867//4805 1866//4806 1813//4807
f  1835//4808 1867//4805 1813//4807
f  1865//4809 1868//4810 1814//4811
f  1868//4810 1836//4812 1814//4811
f  1869//4813 1804//4682 1695//4460
f  1870//4814 1869//4815 1695//4816
f  1837//4817 1870//4814 1695//4816
f  1869//4813 1871//4818 1804//4682
f  1871//4819 1872//4820 1804//4821
f  1872//4820 1839//4822 1804//4821
f  1816//4823 1831//4711 1848//4750
f  1840//4726 1768//4824 1783//4825
f  1820//4826 1840//4827 1783//4828
f  1815//4725 1768//4824 1840//4726
f  1820//4826 1850//4829 1840//4827
f  1782//4830 1769//4831 1848//4830
f  1769//4832 1816//4823 1848//4750
f  1849//4833 1782//4834 1848//4835
f  1873//4836 1831//4837 1816//4838
f  1815//4683 1873//4839 1816//4684
f  1838//4840 1874//4841 1815//4842
f  1849//4833 1819//4843 1782//4834
f  1861//4844 1842//4845 1843//4846
f  1874//4847 1873//4839 1815//4683
f  1819//4848 1849//4849 1817//4850
f  1849//4849 1846//4851 1817//4850
f  1847//4852 1820//4853 1818//4854
f  1850//4855 1820//4853 1847//4852
f  1873//4836 1875//4856 1831//4837
f  1875//4857 1832//4858 1831//4859
f  1876//4860 1874//4841 1838//4840
f  1872//4861 1876//4862 1838//4863
f  1839//4864 1872//4861 1838//4863
f  1875//4857 1853//4865 1832//4858
f  1836//4866 1868//4867 1837//4868
f  1868//4867 1870//4869 1837//4868
f  1854//4870 1833//4871 1834//4872
f  1830//4873 1867//4874 1835//4875
f  1828//4876 1830//4873 1835//4875
f  1857//4877 1823//4878 1822//4879
f  1857//4877 1826//4880 1823//4878
f  1826//4881 1824//4695 1823//4694
f  1826//4880 1841//4882 1825//4883
f  1826//4880 1860//4884 1841//4882
f  1861//4844 1864//4885 1842//4845
f  1863//4801 1830//4707 1829//4706
f  1857//4877 1860//4884 1826//4880
f  1877//4886 1853//4865 1875//4857
f  1854//4870 1878//4887 1833//4871
f  1878//4888 1855//4779 1833//4778
f  1830//4873 1879//4889 1867//4874
f  1863//4801 1879//4890 1830//4707
f  1880//4891 1862//4798 1864//4797
f  1861//4844 1880//4892 1864//4885
f  1877//4893 1851//4769 1853//4768
f  1881//4894 1875//4856 1873//4836
f  1882//4895 1881//4896 1873//4839
f  1882//4895 1873//4839 1874//4847
f  1876//4860 1882//4897 1874//4841
f  1883//4898 1878//4887 1854//4870
f  1852//4772 1883//4899 1854//4773
f  1859//4791 1884//4900 1861//4792
f  1884//4901 1880//4892 1861//4844
f  1885//4902 1875//4856 1881//4894
f  1886//4903 1882//4897 1876//4860
f  1872//4861 1886//4904 1876//4862
f  1885//4905 1877//4886 1875//4857
f  1871//4819 1887//4906 1872//4820
f  1887//4907 1886//4904 1872//4861
f  1888//4908 1869//4815 1870//4814
f  1868//4867 1888//4909 1870//4869
f  1889//4910 1866//4806 1867//4805
f  1879//4889 1889//4911 1867//4874
f  1865//4809 1890//4912 1868//4810
f  1890//4913 1888//4909 1868//4867
f  1856//4781 1891//4914 1857//4782
f  1891//4915 1860//4884 1857//4877
f  1863//4801 1892//4916 1879//4890
f  1892//4917 1889//4911 1879//4889
f  1882//4895 1893//4918 1881//4896
f  1886//4903 1893//4919 1882//4897
f  1883//4898 1894//4920 1878//4887
f  1894//4921 1855//4779 1878//4888
f  1891//4915 1895//4922 1860//4884
f  1895//4923 1858//4788 1860//4787
f  1871//4819 1896//4924 1887//4906
f  1865//4809 1897//4925 1890//4912
f  1856//4781 1898//4926 1891//4914
f  1863//4801 1899//4927 1892//4916
f  1852//4772 1900//4928 1883//4899
f  1885//4905 1901//4929 1877//4886
f  1901//4930 1851//4769 1877//4893
f  1902//4931 1862//4798 1880//4891
f  1884//4901 1902//4932 1880//4892
f  1903//4933 1904//4934 1884//4900
f  1859//4791 1903//4933 1884//4900
f  1904//4935 1902//4932 1884//4901
f  1905//4936 1906//4937 1881//4894
f  1906//4937 1885//4902 1881//4894
f  1907//4938 1869//4815 1888//4908
f  1908//4939 1866//4806 1889//4910
f  1909//4940 1855//4779 1894//4921
f  1910//4941 1851//4769 1901//4930
f  1911//4942 1858//4788 1895//4923
f  1912//4943 1905//4936 1881//4894
f  1893//4918 1912//4944 1881//4896
f  1886//4903 1913//4945 1893//4919
f  1913//4946 1912//4944 1893//4918
f  1914//4947 1862//4798 1902//4931
f  1851//4948 1900//4949 1852//4949
f  1855//4950 1898//4951 1856//4951
f  1858//4952 1903//4953 1859//4953
f  1862//4954 1899//4955 1863//4956
f  1866//4957 1897//4958 1865//4959
f  1869//4960 1896//4961 1871//4961
f  1915//4962 1913//4945 1886//4903
f  1916//4963 1915//4964 1886//4904
f  1887//4907 1916//4963 1886//4904
f  1906//4965 1901//4929 1885//4905
f  1896//4924 1916//4966 1887//4906
f  1917//4967 1907//4938 1888//4908
f  1890//4913 1918//4968 1888//4909
f  1918//4968 1917//4969 1888//4909
f  1919//4970 1908//4939 1889//4910
f  1920//4971 1919//4972 1889//4911
f  1892//4917 1920//4971 1889//4911
f  1898//4926 1921//4973 1891//4914
f  1921//4974 1895//4922 1891//4915
f  1897//4925 1918//4975 1890//4912
f  1899//4927 1920//4976 1892//4916
f  1922//4977 1894//4920 1883//4898
f  1900//4928 1922//4978 1883//4899
f  1923//4979 1905//4936 1912//4943
f  1921//4974 1924//4980 1895//4922
f  1924//4981 1911//4942 1895//4923
f  1913//4946 1923//4982 1912//4944
f  1903//4933 1925//4983 1904//4934
f  1925//4984 1902//4932 1904//4935
f  1915//4962 1926//4985 1913//4945
f  1927//4986 1894//4920 1922//4977
f  1928//4987 1923//4982 1913//4946
f  1926//4985 1928//4988 1913//4945
f  1927//4989 1909//4940 1894//4921
f  1929//4990 1914//4947 1902//4931
f  1930//4991 1929//4992 1902//4932
f  1925//4984 1930//4991 1902//4932
f  1903//4933 1930//4993 1925//4983
f  1931//4994 1928//4987 1932//4995
f  1933//4996 1931//4997 1932//4998
f  1934//4999 1933//5000 1932//5001
f  1923//4982 1928//4987 1931//4994
f  1935//5002 1932//4995 1928//4987
f  1935//5003 1934//5004 1932//5005
f  1933//5006 1936//5007 1931//5008
f  1937//5009 1938//5010 1931//4994
f  1938//5010 1923//4982 1931//4994
f  1936//5007 1937//5011 1931//5008
f  1939//5012 1934//5013 1935//5014
f  1940//5015 1938//5016 1937//5011
f  1936//5007 1940//5015 1937//5011
f  1928//4987 1941//5017 1935//5002
f  1941//5018 1942//5019 1935//5020
f  1942//5019 1943//5021 1935//5020
f  1943//5021 1939//5022 1935//5020
f  1944//3937 1945//5023 1938//5024
f  1945//5023 1923//4979 1938//5024
f  1940//5015 1944//5025 1938//5016
f  1928//4988 1946//5026 1941//5027
f  1946//5026 1947//5028 1941//5027
f  1947//5028 1942//5028 1941//5027
f  1945//5023 1905//4936 1923//4979
f  1926//4985 1946//5026 1928//4988
f  1910//5029 1900//5030 1851//5031
f  1909//5032 1898//5033 1855//5034
f  1911//5035 1903//5036 1858//5037
f  1914//5038 1899//5039 1862//5040
f  1908//5041 1897//5042 1866//5043
f  1907//5044 1896//5045 1869//5044
f  1948//5046 1926//5047 1915//4964
f  1916//4963 1948//5046 1915//4964
f  1905//5048 1901//4929 1906//4965
f  1896//4924 1948//5049 1916//4966
f  1949//5050 1907//4938 1917//4967
f  1918//4968 1950//5051 1917//4969
f  1950//5051 1949//5052 1917//4969
f  1951//5053 1952//5054 1919//4970
f  1952//5054 1908//4939 1919//4970
f  1920//4971 1951//5055 1919//4972
f  1898//4926 1953//5056 1921//4973
f  1953//5057 1924//4980 1921//4974
f  1897//4925 1950//5058 1918//4975
f  1899//4927 1954//5059 1920//4976
f  1954//5060 1951//5055 1920//4971
f  1955//5061 1927//4986 1922//4977
f  1900//4928 1955//5062 1922//4978
f  1905//5048 1956//5063 1901//4929
f  1956//5064 1910//4941 1901//4930
f  1930//5065 1957//5066 1929//5067
f  1903//4933 1958//5068 1930//4993
f  1959//5069 1956//5070 1905//5071
f  1960//5072 1961//5072 1926//5073
f  1948//5074 1960//5075 1926//5076
f  1962//5077 1929//5078 1957//5079
f  1954//5080 1952//5081 1951//5082
f  1930//5083 1963//5084 1957//5085
f  1964//5086 1959//5087 1905//5088
f  1961//5089 1965//5090 1926//5091
f  1966//5092 1967//5093 1968//5094
f  1963//5095 1962//5096 1957//5097
f  1969//5098 1926//5099 1965//5100
f  1970//5101 1971//5102 1972//5103
f  1973//5104 1974//5105 1975//5106
f  1930//5083 1976//5107 1963//5084
f  1977//5108 1974//5105 1973//5104
f  1947//5028 1978//5028 1942//5028
f  1979//5109 1943//5110 1942//5110
f  1978//5111 1979//5112 1942//5113
f  1980//5114 1943//5115 1947//5116
f  1981//5117 1980//5114 1947//5116
f  1946//5118 1981//5117 1947//5116
f  1943//5119 1982//5120 1947//5121
f  1983//5122 1984//5123 1943//5115
f  1980//5114 1983//5122 1943//5115
f  1984//5123 1985//5124 1943//5115
f  1985//5124 1986//5125 1943//5115
f  1986//5125 1939//5126 1943//5115
f  1987//5127 1930//5083 1933//5128
f  1934//5129 1987//5127 1933//5128
f  1930//5083 1988//5130 1933//5128
f  1988//5130 1936//5131 1933//5128
f  1989//5132 1987//5127 1934//5129
f  1988//5130 1990//5133 1936//5131
f  1990//5134 1991//5134 1936//5135
f  1939//5126 1992//5136 1934//5129
f  1993//5137 1994//5138 1936//5139
f  1991//5140 1993//5137 1936//5139
f  1994//5138 1995//5141 1936//5139
f  1995//5142 1940//5143 1936//5144
f  1986//5125 1992//5136 1939//5126
f  1987//5127 1976//5107 1930//5083
f  1996//5145 1976//5146 1987//5147
f  1997//5148 1990//2840 1988//2840
f  1998//5149 1997//5028 1988//5150
f  1930//4993 1998//5149 1988//5150
f  1989//5151 1996//5151 1987//5152
f  1999//5153 2000//5154 1993//5137
f  2000//5154 1994//5138 1993//5137
f  2001//5155 1986//5125 1985//5124
f  1983//5122 2002//5156 1984//5123
f  1994//5138 1944//5157 1995//5141
f  2003//5158 1944//5159 1940//5160
f  1995//5028 2003//5028 1940//5028
f  1979//5161 1982//5162 1943//5163
f  1944//5159 2003//5158 2004//5164
f  2005//5165 2006//5166 2007//5167
f  1958//5068 1998//5149 1930//4993
f  1966//5168 2008//5169 2009//5170
f  2006//5166 2005//5165 2010//5171
f  2011//5172 1971//5102 1970//5101
f  1983//5122 2012//5173 2002//5156
f  2013//5174 1945//5175 2014//5176
f  1945//5175 1944//5157 2014//5176
f  1944//5157 1994//5138 2014//5176
f  1968//5177 2008//5169 1966//5168
f  2015//5178 2016//5179 1945//5180
f  1964//5181 1905//5182 1945//5183
f  2016//5184 1964//5181 1945//5183
f  2017//5185 1946//5186 1969//5187
f  1926//5099 1969//5098 1946//5118
f  2013//5188 2015//5189 1945//5189
f  2017//5190 1981//5191 1946//5192
f  1967//5193 2008//5194 1968//5193
f  1955//5195 1900//5196 1910//5197
f  1956//5198 1955//5195 1910//5197
f  1953//5199 1898//5200 1909//5201
f  1927//5202 1953//5199 1909//5201
f  1958//5203 1903//5204 1911//5205
f  1924//5206 1958//5207 1911//5208
f  1954//5209 1899//5210 1914//5211
f  1929//5212 1954//5209 1914//5211
f  1950//5213 1897//5214 1908//5215
f  1952//5216 1950//5213 1908//5215
f  1948//5217 1896//5218 1907//5219
f  1949//5220 1948//5217 1907//5219
f  1959//5069 1955//5221 1956//5070
f  1959//5069 1927//5222 1955//5221
f  1959//5069 1953//5223 1927//5222
f  1959//5069 1924//5224 1953//5223
f  1959//5225 1958//5226 1924//5227
f  1962//5077 1954//5228 1929//5078
f  1962//5077 1960//5229 1954//5228
f  1960//5229 1952//5230 1954//5228
f  1960//5075 1950//5231 1952//5232
f  1960//5075 1949//5233 1950//5231
f  1960//5075 1948//5074 1949//5233
f  1967//5234 1959//5087 1964//5086
f  2016//5184 2008//5235 1964//5181
f  2008//5235 1967//5236 1964//5181
f  1966//5237 1959//5238 1967//5239
f  2005//5240 1958//5241 1966//5242
f  1958//5241 1959//5243 1966//5242
f  2009//5170 2010//5171 1966//5168
f  2010//5171 2005//5165 1966//5168
f  2007//5244 1958//5241 2005//5240
f  2006//5166 1998//5245 2007//5167
f  1998//5245 1958//5246 2007//5167
f  1973//5247 1962//5248 1963//5249
f  1976//5107 1977//5108 1963//5084
f  1977//5108 1973//5104 1963//5084
f  1961//5089 1962//5248 1973//5247
f  1975//5250 1961//5089 1973//5247
f  1972//5251 1961//5089 1975//5250
f  1974//5105 1970//5101 1975//5106
f  1970//5101 1972//5103 1975//5106
f  1971//5252 1961//5089 1972//5251
f  1965//5090 1961//5089 1971//5252
f  2011//5172 1969//5098 1971//5102
f  1969//5098 1965//5100 1971//5102
f  2015//5178 2008//5253 2016//5179
f  2015//5178 1998//5254 2008//5253
f  1998//5254 2009//27 2008//5253
f  1998//5254 2010//27 2009//27
f  1998//5254 2006//27 2010//27
f  1996//5145 1977//5255 1976//5146
f  1996//5145 2017//5256 1977//5255
f  2017//5256 1974//5257 1977//5255
f  2017//5256 1970//5258 1974//5257
f  2017//5256 2011//5259 1970//5258
f  2017//5256 1969//5260 2011//5259
f  2000//5261 2015//5262 2013//5263
f  2014//5176 1994//5138 2013//5174
f  1994//5138 2000//5154 2013//5174
f  1997//5148 2015//5262 2000//5261
f  1999//2849 1997//5148 2000//5261
f  1990//2840 1997//5148 1999//2849
f  1993//5137 1991//5140 1999//5153
f  1991//5140 1990//5264 1999//5153
f  1986//5265 1996//5266 1989//5267
f  1934//5129 1992//5136 1989//5132
f  1992//5136 1986//5125 1989//5132
f  2001//5268 1996//5266 1986//5265
f  2002//5269 1996//5269 2001//5270
f  1985//5124 1984//5123 2001//5155
f  1984//5123 2002//5156 2001//5155
f  2012//5271 1996//5272 2002//5273
f  1981//5191 2017//5190 2012//5271
f  2017//5190 1996//5272 2012//5271
f  1983//5122 1980//5114 2012//5173
f  1980//5114 1981//5117 2012//5173
f  1947//5274 1982//5275 1978//5276
f  1982//5277 1979//5278 1978//5278
f  1995//5141 2004//5279 2003//5280
f  1944//5157 2004//5279 1995//5141
f  1962//5281 1961//5282 1960//5281
f  2015//5283 1997//5284 1998//5285
f  2018//5286 2019//5287 2020//5288
f  2021//5289 2022//5290 2023//5291
f  2020//5292 2024//5293 2018//5294
f  2025//5295 2026//5296 2027//5297
f  2028//5298 2029//5299 2030//5300
f  2031//5301 2032//5302 2030//5300
f  2032//5302 2028//5298 2030//5300
f  2033//5303 2023//5304 2034//5305
f  2035//5306 2033//5303 2034//5305
f  2023//5291 2022//5290 2034//5307
f  2022//5290 2036//5308 2034//5307
f  2037//5309 2023//5310 2038//5311
f  2039//5312 2040//5313 2021//5314
f  2041//5315 2025//5316 2027//5317
f  2024//5293 2042//5318 2018//5294
f  2043//5319 2044//5320 2045//5321
f  2046//5322 2047//5323 2045//5324
f  2035//5306 2034//5305 2036//5325
f  2048//5326 2035//5306 2036//5325
f  2049//5327 2048//5328 2036//5329
f  2022//5290 2049//5330 2036//5308
f  2050//5331 2051//5332 2020//5333
f  2019//5287 2050//5334 2020//5288
f  2022//5290 2052//5335 2049//5330
f  2053//5336 2049//5327 2052//5337
f  2022//5338 2053//5339 2052//5340
f  2054//5341 2053//5339 2022//5338
f  2018//5342 2055//5343 2019//5344
f  2056//5345 2055//5346 2018//5347
f  2057//5348 2051//5332 2050//5331
f  2058//5349 2059//5350 2050//5331
f  2059//5350 2057//5348 2050//5331
f  2019//5287 2058//5351 2050//5334
f  2055//5352 2060//5353 2019//5354
f  2060//5355 2046//5356 2019//5355
f  2046//5322 2058//5351 2019//5287
f  2033//5357 2038//5358 2023//5359
f  2059//5360 2058//5361 2061//5362
f  2058//5363 2062//5364 2061//5365
f  2063//5366 2064//5367 2058//5368
f  2064//5369 2062//5364 2058//5363
f  2046//5322 2063//5370 2058//5351
f  2029//5371 2054//5372 2022//5373
f  2021//5289 2029//5374 2022//5290
f  2065//5375 2039//5376 2021//5377
f  2065//5378 2066//5379 2039//5380
f  2067//5381 2063//5382 2068//5383
f  2069//5384 2067//5381 2068//5383
f  2067//5385 2064//5367 2063//5366
f  2066//5386 2040//5313 2039//5312
f  2063//5387 2070//5388 2068//5389
f  2070//5390 2069//5391 2068//5392
f  2071//5393 2070//5388 2063//5387
f  2040//5394 2029//5395 2021//5396
f  2045//5321 2044//5320 2063//5397
f  2044//5320 2071//5398 2063//5397
f  2046//5322 2045//5324 2063//5370
f  2060//5399 2047//5400 2046//5401
f  2028//5402 2072//5403 2029//5371
f  2072//5403 2054//5372 2029//5371
f  2040//5394 2073//5404 2029//5395
f  2073//5404 2030//5405 2029//5395
f  2030//5406 2074//5407 2031//5408
f  2074//5409 2075//5409 2031//5410
f  2076//5411 2043//5412 2077//5413
f  2043//5412 2045//5414 2077//5413
f  2045//5324 2078//5415 2077//5416
f  2047//5323 2079//5417 2045//5324
f  2079//5417 2078//5415 2045//5324
f  2080//5418 2028//5298 2032//5302
f  2081//5419 2080//5420 2032//5421
f  2060//5422 2082//5423 2047//5424
f  2082//5425 2083//5426 2047//5323
f  2083//5426 2079//5417 2047//5323
f  2027//5427 2072//5428 2028//5429
f  2080//5418 2027//5430 2028//5298
f  2084//5431 2085//5432 2083//5433
f  2041//5434 2027//5435 2080//5436
f  2081//5437 2041//5434 2080//5436
f  2083//5438 2086//5439 2079//5440
f  2086//5441 2078//5442 2079//5443
f  2042//5318 2056//5444 2018//5294
f  2060//5422 2084//5445 2082//5423
f  2084//5431 2083//5433 2082//5446
f  2026//5447 2072//5428 2027//5427
f  2051//5448 2024//5293 2020//5292
f  2054//5449 2087//5450 2053//5451
f  2056//5452 2060//5453 2055//5454
f  2088//5455 2060//5453 2056//5452
f  2072//5456 2087//5450 2054//5449
f  2088//5455 2084//5457 2060//5453
f  2025//5295 2087//5458 2026//5296
f  2087//5450 2072//5456 2026//5459
f  2075//5460 2089//5461 2032//5462
f  2031//5463 2075//5460 2032//5462
f  2089//5464 2081//5419 2032//5421
f  2090//5465 2076//5466 2077//5467
f  2078//5468 2090//5469 2077//5468
f  2086//5441 2090//5470 2078//5442
f  2033//5357 2091//5471 2038//5358
f  2091//5472 2037//5473 2038//5474
f  2092//5475 2048//5328 2049//5327
f  2053//5336 2092//5475 2049//5327
f  2042//5318 2093//5476 2056//5444
f  2094//5477 2092//5478 2053//5479
f  2093//5476 2088//5480 2056//5444
f  2087//5458 2094//5477 2053//5479
f  2095//5481 2094//5477 2087//5458
f  2025//5295 2095//5481 2087//5458
f  2096//5482 2097//5483 2098//5483
f  2099//5484 2100//5485 2101//5484
f  2096//5486 2102//5487 2097//5488
f  2103//5489 2030//5490 2097//5488
f  2102//5487 2103//5489 2097//5488
f  2030//5405 2073//5404 2097//5491
f  2104//5492 2096//5493 2097//5491
f  2073//5404 2104//5492 2097//5491
f  2043//5494 2105//5495 2099//5496
f  2105//5495 2100//5497 2099//5496
f  2106//5498 2043//5319 2099//5499
f  2100//5500 2106//5498 2099//5499
f  2104//5501 2102//5502 2096//5503
f  2107//5504 2106//5505 2100//5506
f  2105//5495 2107//5507 2100//5497
f  2103//5508 2074//5407 2030//5406
f  2076//5411 2105//5509 2043//5412
f  2106//5498 2044//5320 2043//5319
f  2091//5472 2108//5510 2037//5473
f  2108//5511 2109//5512 2037//5513
f  2109//5512 2023//5514 2037//5513
f  2110//5515 2021//5516 2023//5517
f  2109//5518 2110//5515 2023//5517
f  2085//5519 2086//5439 2083//5438
f  2062//5364 2111//5520 2061//5365
f  2111//5521 2112//5522 2061//5362
f  2112//5522 2059//5360 2061//5362
f  2110//5523 2065//5375 2021//5377
f  2113//5524 2073//5404 2040//5394
f  2114//5525 2115//5526 2044//5320
f  2115//5526 2071//5398 2044//5320
f  2116//5527 2106//5505 2107//5504
f  2105//5495 2117//5528 2107//5507
f  2117//5528 2116//5529 2107//5507
f  2104//5501 2118//5530 2102//5502
f  2119//5531 2103//5489 2102//5487
f  2118//5532 2119//5531 2102//5487
f  2113//5524 2120//5533 2073//5404
f  2103//5534 2104//5492 2073//5404
f  2120//5533 2103//5534 2073//5404
f  2106//5498 2105//5535 2044//5320
f  2105//5535 2114//5525 2044//5320
f  2103//5534 2119//5536 2104//5492
f  2119//5536 2118//5537 2104//5492
f  2116//5538 2117//5539 2106//5498
f  2117//5539 2105//5535 2106//5498
f  2121//5540 2122//5541 2094//5477
f  2123//5542 2088//5480 2093//5476
f  2095//5481 2121//5540 2094//5477
f  2124//5543 2125//5544 2048//5545
f  2126//5546 2124//5543 2048//5545
f  2092//5547 2094//5548 2126//5549
f  2048//5550 2092//5547 2126//5549
f  2127//5551 2035//5306 2048//5326
f  2128//5552 2127//5551 2048//5326
f  2129//5553 2024//5293 2051//5448
f  2130//5554 2051//5332 2057//5348
f  2131//5555 2066//5556 2065//5557
f  2110//5523 2131//5558 2065//5375
f  2132//5559 2067//5381 2069//5384
f  2133//5560 2040//5313 2066//5386
f  2134//5561 2033//5303 2035//5306
f  2118//5532 2135//5562 2119//5531
f  2116//5563 2136//5564 2117//5565
f  2112//5566 2057//5348 2059//5350
f  2134//5567 2091//5471 2033//5357
f  2094//5568 2124//5569 2126//5570
f  2137//5571 2084//5572 2088//5480
f  2132//5573 2064//5367 2067//5385
f  2133//5574 2113//5524 2040//5394
f  2122//5575 2124//5569 2094//5568
f  2138//5576 2089//5577 2139//5578
f  2120//5579 2138//5576 2139//5578
f  2120//5533 2139//5580 2103//5534
f  2089//5581 2074//5582 2103//5583
f  2139//5584 2089//5581 2103//5583
f  2089//5581 2075//5585 2074//5582
f  2090//5586 2140//5587 2076//5588
f  2140//5587 2105//5589 2076//5588
f  2140//5590 2114//5525 2105//5535
f  2090//5591 2114//5592 2140//5593
f  2122//5594 2141//5595 2124//5596
f  2141//5595 2125//5597 2124//5596
f  2129//5553 2142//5598 2024//5293
f  2142//5598 2042//5318 2024//5293
f  2143//5599 2125//5600 2141//5601
f  2144//5602 2114//5592 2090//5591
f  2086//5441 2144//5603 2090//5470
f  2127//5551 2134//5561 2035//5306
f  2112//5566 2130//5554 2057//5348
f  2122//5541 2143//5599 2141//5601
f  2142//5598 2093//5476 2042//5318
f  2121//5540 2143//5599 2122//5541
f  2137//5604 2085//5605 2084//5606
f  2138//5607 2081//5419 2089//5464
f  2145//5608 2041//5434 2081//5437
f  2125//5600 2128//5609 2048//5610
f  2146//5611 2123//5542 2093//5476
f  2108//5511 2147//5612 2109//5512
f  2147//5613 2110//5515 2109//5518
f  2091//5472 2148//5614 2108//5510
f  2148//5615 2147//5612 2108//5511
f  2149//5616 2121//5540 2095//5481
f  2150//5617 2071//5398 2115//5526
f  2151//5618 2112//5522 2111//5521
f  2064//5369 2152//5619 2062//5364
f  2152//5620 2111//5621 2062//5622
f  2153//5623 2086//5439 2085//5519
f  2150//5624 2070//5388 2071//5393
f  2145//5625 2025//5316 2041//5315
f  2137//5626 2153//5627 2085//5628
f  2123//5542 2137//5571 2088//5480
f  2025//5295 2149//5616 2095//5481
f  2154//5629 2149//5616 2025//5295
f  2142//5598 2146//5611 2093//5476
f  2155//5630 2143//5599 2121//5540
f  2125//5600 2156//5631 2128//5609
f  2130//5554 2157//5632 2051//5332
f  2157//5633 2158//5634 2051//5448
f  2158//5634 2129//5553 2051//5448
f  2159//5635 2066//5636 2131//5637
f  2070//5638 2160//5639 2069//5640
f  2160//5641 2132//5559 2069//5384
f  2159//5642 2133//5560 2066//5386
f  2150//5624 2161//5643 2070//5388
f  2161//5644 2160//5639 2070//5638
f  2149//5616 2155//5630 2121//5540
f  2162//5645 2145//5608 2081//5437
f  2138//5607 2162//5646 2081//5419
f  2153//5623 2163//5647 2086//5439
f  2163//5648 2144//5603 2086//5441
f  2164//5649 2163//5647 2153//5623
f  2154//5650 2025//5316 2145//5625
f  2127//5551 2165//5651 2134//5561
f  2165//5652 2091//5471 2134//5567
f  2151//5653 2130//5554 2112//5566
f  2132//5573 2166//5654 2064//5367
f  2166//5655 2152//5619 2064//5369
f  2167//5656 2115//5526 2114//5525
f  2144//5602 2167//5657 2114//5592
f  2120//5579 2168//5658 2138//5576
f  2168//5659 2162//5646 2138//5607
f  2169//5660 2144//5603 2163//5648
f  2169//5661 2167//5657 2144//5602
f  2143//5599 2156//5631 2125//5600
f  2129//5553 2170//5662 2142//5598
f  2171//5663 2156//5631 2143//5599
f  2155//5630 2171//5663 2143//5599
f  2162//5645 2172//5664 2145//5608
f  2142//5598 2170//5662 2146//5611
f  2173//5665 2174//5666 2133//5574
f  2159//5642 2173//5667 2133//5560
f  2172//5668 2154//5629 2145//5669
f  2137//5626 2164//5670 2153//5627
f  2165//5652 2175//5671 2091//5471
f  2175//5672 2148//5673 2091//5673
f  2174//5666 2113//5524 2133//5574
f  2176//5674 2150//5617 2115//5526
f  2113//5524 2177//5675 2120//5533
f  2152//5676 2178//5677 2111//5676
f  2178//5678 2151//5618 2111//5521
f  2177//5679 2168//5658 2120//5579
f  2151//5653 2179//5680 2130//5554
f  2180//5681 2164//5682 2137//5683
f  2181//5684 2177//5675 2113//5524
f  2182//5685 2165//5651 2127//5551
f  2183//5686 2146//5611 2170//5662
f  2184//5687 2171//5663 2155//5630
f  2185//5688 2123//5542 2146//5611
f  2186//5689 2155//5630 2149//5616
f  2187//5690 2127//5551 2128//5552
f  2188//5691 2187//5690 2128//5552
f  2156//5631 2188//5692 2128//5609
f  2187//5693 2182//5694 2127//5693
f  2179//5680 2157//5632 2130//5554
f  2189//5695 2159//5696 2131//5697
f  2190//5698 2189//5695 2131//5697
f  2110//5523 2191//5699 2131//5558
f  2191//5699 2190//5700 2131//5558
f  2192//5701 2132//5559 2160//5641
f  2189//5702 2173//5667 2159//5642
f  2150//5624 2193//5703 2161//5643
f  2193//5704 2160//5705 2161//5706
f  2162//5645 2194//5707 2172//5664
f  2164//5649 2195//5708 2163//5647
f  2196//5709 2169//5660 2163//5648
f  2195//5710 2196//5709 2163//5648
f  2197//5711 2154//5629 2172//5668
f  2194//5712 2197//5711 2172//5668
f  2198//5713 2115//5526 2167//5656
f  2192//5714 2166//5654 2132//5573
f  2154//5629 2186//5689 2149//5616
f  2183//5686 2185//5688 2146//5611
f  2186//5689 2184//5687 2155//5630
f  2123//5542 2180//5715 2137//5571
f  2169//5661 2198//5716 2167//5657
f  2196//5717 2198//5716 2169//5661
f  2158//5634 2199//5718 2129//5553
f  2147//5613 2191//5719 2110//5515
f  2200//5720 2195//5708 2164//5649
f  2182//5685 2201//5721 2165//5651
f  2171//5663 2202//5722 2156//5631
f  2199//5718 2170//5662 2129//5553
f  2180//5681 2200//5723 2164//5682
f  2197//5711 2203//5724 2154//5629
f  2203//5724 2186//5689 2154//5629
f  2199//5718 2204//5725 2170//5662
f  2184//5687 2202//5722 2171//5663
f  2205//5726 2196//5709 2195//5710
f  2206//5727 2194//5707 2162//5645
f  2168//5659 2206//5728 2162//5646
f  2174//5666 2181//5684 2113//5524
f  2198//5713 2176//5674 2115//5526
f  2204//5725 2183//5686 2170//5662
f  2207//5729 2202//5722 2184//5687
f  2175//5730 2208//5731 2148//5732
f  2209//5733 2147//5612 2148//5615
f  2208//5734 2209//5733 2148//5615
f  2210//5735 2211//5736 2212//5735
f  2213//5737 2210//5737 2212//5738
f  2211//5739 2214//5740 2212//5741
f  2215//5742 2216//5743 2214//5744
f  2217//5745 2215//5742 2214//5744
f  2216//5746 2212//5741 2214//5740
f  2216//5747 2213//5748 2212//5749
f  2218//5750 2219//5751 2211//5752
f  2210//5753 2218//5754 2211//5754
f  2220//5755 2221//5756 2211//5739
f  2219//5757 2220//5755 2211//5739
f  2222//5758 2214//5744 2221//5759
f  2220//5760 2223//5761 2221//5759
f  2223//5761 2222//5758 2221//5759
f  2214//5740 2211//5739 2221//5756
f  2222//5758 2217//5745 2214//5744
f  2224//5762 2225//5763 2216//5743
f  2215//5742 2224//5762 2216//5743
f  2224//5762 2226//5764 2225//5763
f  2227//5765 2216//5766 2225//5767
f  2228//5768 2213//5748 2216//5747
f  2227//5769 2228//5768 2216//5747
f  2229//5770 2223//5761 2220//5760
f  2230//5771 2228//5771 2227//5771
f  2231//5772 2230//5773 2227//5774
f  2225//5767 2231//5775 2227//5765
f  2232//5776 2231//5777 2225//5763
f  2226//5764 2232//5776 2225//5763
f  2233//5778 2229//5770 2220//5760
f  2234//5779 2233//5778 2220//5760
f  2219//5757 2234//5780 2220//5755
f  2235//5781 2236//5782 2231//5777
f  2232//5776 2235//5781 2231//5777
f  2237//5783 2238//5783 2219//5784
f  2218//5785 2237//5786 2219//5786
f  2238//5787 2234//5780 2219//5757
f  2239//5788 2230//5773 2231//5772
f  2236//5789 2239//5790 2231//5791
f  2240//5792 2233//5778 2234//5779
f  2241//5793 2230//5773 2239//5788
f  2235//5781 2242//5794 2236//5782
f  2243//5795 2244//5796 2234//5779
f  2244//5796 2240//5792 2234//5779
f  2238//5787 2243//5797 2234//5780
f  2245//5798 2246//5799 2236//5782
f  2242//5794 2245//5798 2236//5782
f  2246//5800 2239//5790 2236//5789
f  2247//5801 2243//5802 2238//5803
f  2237//5804 2247//5805 2238//5806
f  2248//5807 2241//5793 2239//5788
f  2246//5800 2248//5808 2239//5790
f  2247//5801 2249//5809 2243//5802
f  2249//5810 2250//5811 2243//5795
f  2250//5811 2244//5796 2243//5795
f  2251//5812 2241//5793 2248//5807
f  2245//5798 2252//5813 2246//5799
f  2252//5813 2253//5814 2246//5799
f  2253//5815 2248//5808 2246//5800
f  2247//5801 2250//5816 2249//5809
f  2253//5817 2251//5812 2248//5807
f  2254//5818 2251//5812 2253//5817
f  2255//5819 2254//5818 2253//5817
f  2256//5820 2257//5821 2253//5814
f  2252//5813 2258//5822 2253//5814
f  2258//5822 2256//5820 2253//5814
f  2257//5823 2255//5824 2253//5825
f  2259//5826 2254//5818 2255//5819
f  2256//5820 2260//5827 2257//5821
f  2259//5826 2255//5819 2261//5828
f  2262//5829 2259//5826 2261//5828
f  2255//5824 2257//5823 2261//5830
f  2257//5821 2262//5831 2261//5832
f  2260//5827 2262//5831 2257//5821
f  2263//5833 2151//5618 2178//5678
f  2166//5655 2264//5834 2152//5619
f  2264//5834 2265//5835 2152//5619
f  2265//5836 2178//5837 2152//5838
f  2181//5839 2266//5840 2177//5841
f  2266//5840 2168//5842 2177//5841
f  2123//5542 2267//5843 2180//5715
f  2266//5844 2206//5728 2168//5659
f  2202//5722 2268//5845 2156//5631
f  2267//5846 2200//5723 2180//5681
f  2269//5847 2165//5651 2201//5721
f  2151//5653 2263//5848 2179//5680
f  2270//5849 2195//5708 2200//5720
f  2271//5850 2270//5849 2200//5720
f  2270//5851 2205//5726 2195//5710
f  2206//5727 2272//5852 2194//5707
f  2266//5844 2273//5853 2206//5728
f  2269//5854 2175//5671 2165//5652
f  2272//5855 2274//5856 2194//5712
f  2209//5857 2191//5719 2147//5613
f  2192//5714 2264//5858 2166//5654
f  2274//5856 2197//5711 2194//5712
f  2267//5846 2271//5859 2200//5723
f  2275//5860 2185//5688 2183//5686
f  2186//5689 2207//5729 2184//5687
f  2263//5848 2276//5861 2179//5680
f  2277//5862 2187//5690 2188//5691
f  2156//5631 2268//5845 2188//5692
f  2179//5680 2278//5863 2157//5632
f  2278//5864 2158//5634 2157//5633
f  2276//5865 2279//5866 2179//5865
f  2279//5867 2278//5863 2179//5680
f  2191//5699 2280//5868 2190//5700
f  2193//5869 2281//5870 2160//5869
f  2281//5871 2282//5872 2160//5641
f  2282//5872 2192//5701 2160//5641
f  2283//5873 2173//5667 2189//5702
f  2150//5624 2284//5874 2193//5703
f  2205//5875 2198//5716 2196//5717
f  2187//5690 2201//5721 2182//5685
f  2176//5674 2285//5876 2150//5617
f  2198//5713 2286//5877 2176//5674
f  2287//5878 2205//5726 2270//5851
f  2273//5853 2288//5879 2206//5728
f  2289//5880 2226//5764 2224//5762
f  2290//5881 2289//5880 2224//5762
f  2228//5882 2291//5883 2213//5884
f  2291//5883 2292//5885 2213//5884
f  2230//5886 2291//5883 2228//5882
f  2291//5883 2293//5887 2292//5885
f  2294//5888 2232//5776 2226//5764
f  2289//5880 2294//5888 2226//5764
f  2215//5742 2295//5889 2224//5762
f  2296//5890 2291//5883 2230//5886
f  2295//5889 2290//5881 2224//5762
f  2213//5884 2292//5885 2297//5891
f  2217//5745 2295//5889 2215//5742
f  2297//5891 2210//5892 2213//5884
f  2230//5886 2298//5893 2296//5890
f  2218//5894 2299//5895 2237//5896
f  2300//5897 2295//5889 2217//5745
f  2232//5776 2294//5888 2235//5781
f  2241//5898 2298//5893 2230//5886
f  2300//5897 2217//5745 2222//5758
f  2301//5899 2300//5897 2222//5758
f  2235//5781 2302//5900 2242//5794
f  2294//5888 2302//5900 2235//5781
f  2303//5901 2210//5892 2297//5891
f  2242//5794 2304//5902 2245//5798
f  2305//5903 2301//5899 2222//5758
f  2223//5761 2305//5903 2222//5758
f  2302//5900 2304//5902 2242//5794
f  2303//5901 2218//5894 2210//5892
f  2304//5902 2306//5904 2245//5798
f  2218//5894 2303//5901 2299//5895
f  2298//5893 2241//5898 2307//5905
f  2251//5906 2307//5905 2241//5898
f  2306//5904 2308//5907 2245//5798
f  2308//5908 2252//5909 2245//5910
f  2305//5903 2223//5761 2229//5770
f  2309//5911 2307//5905 2251//5906
f  2308//5907 2310//5912 2256//5820
f  2310//5912 2311//5913 2256//5820
f  2258//5914 2308//5908 2256//5915
f  2312//5916 2313//5917 2308//5907
f  2313//5917 2310//5912 2308//5907
f  2306//5904 2312//5916 2308//5907
f  2258//5914 2252//5909 2308//5908
f  2314//5918 2229//5919 2233//5920
f  2315//5921 2305//5903 2229//5770
f  2314//5922 2315//5921 2229//5770
f  2247//5923 2316//5924 2250//5925
f  2316//5924 2317//5926 2250//5925
f  2318//5927 2314//5922 2240//5792
f  2319//5928 2318//5927 2240//5792
f  2314//5918 2233//5920 2240//5929
f  2320//5930 2309//5931 2321//5932
f  2322//5933 2320//5930 2321//5932
f  2251//5906 2254//5934 2321//5935
f  2309//5911 2251//5906 2321//5935
f  2323//5936 2237//5896 2299//5895
f  2324//5937 2315//5921 2314//5922
f  2318//5927 2324//5937 2314//5922
f  2256//5820 2325//5938 2260//5827
f  2311//5913 2325//5938 2256//5820
f  2323//5936 2247//5923 2237//5896
f  2259//5939 2321//5940 2254//5941
f  2325//5938 2262//5831 2260//5827
f  2319//5928 2240//5792 2244//5796
f  2326//5942 2319//5928 2244//5796
f  2327//5943 2321//5944 2259//5945
f  2328//5946 2250//5811 2317//5947
f  2329//5948 2328//5946 2317//5947
f  2262//5831 2330//5949 2331//5950
f  2331//5951 2332//5952 2262//5953
f  2332//5952 2259//5945 2262//5953
f  2325//5938 2330//5949 2262//5831
f  2326//5942 2244//5796 2250//5811
f  2328//5946 2326//5942 2250//5811
f  2323//5936 2333//5954 2247//5923
f  2333//5954 2316//5924 2247//5923
f  2332//5952 2334//5955 2259//5945
f  2334//5955 2327//5943 2259//5945
f  2333//5956 2335//5957 2316//5958
f  2336//5959 2334//5960 2332//5961
f  2337//5962 2336//5959 2332//5961
f  2335//5963 2329//5964 2316//5965
f  2329//5964 2317//5966 2316//5965
f  2331//5967 2337//5968 2332//5969
f  2330//5970 2337//5968 2331//5967
f  2288//5879 2338//5971 2333//5972
f  2206//5728 2288//5879 2333//5972
f  2338//5973 2335//5957 2333//5956
f  2323//5936 2206//5727 2333//5954
f  2336//5974 2287//5974 2334//5975
f  2287//5878 2270//5851 2334//5976
f  2270//5849 2271//5850 2334//5955
f  2271//5850 2327//5943 2334//5955
f  2272//5852 2206//5727 2323//5936
f  2296//5890 2339//5977 2291//5883
f  2299//5895 2340//5978 2323//5936
f  2271//5859 2341//5979 2327//5980
f  2274//5856 2272//5855 2323//5981
f  2342//5982 2297//5891 2292//5885
f  2342//5982 2343//5983 2297//5891
f  2343//5983 2344//5984 2297//5891
f  2345//5985 2346//5986 2298//5893
f  2297//5891 2344//5984 2303//5901
f  2307//5905 2345//5985 2298//5893
f  2347//5987 2299//5895 2303//5901
f  2274//5856 2203//5724 2197//5711
f  2348//5988 2321//5989 2327//5990
f  2340//5991 2349//5992 2323//5981
f  2349//5992 2274//5856 2323//5981
f  2309//5993 2350//5994 2307//5995
f  2348//5996 2322//5996 2321//5997
f  2350//5994 2345//5998 2307//5995
f  2267//5846 2341//5979 2271//5859
f  2351//5999 2296//5890 2298//5893
f  2346//5986 2351//5999 2298//5893
f  2339//6000 2293//6001 2291//6000
f  2352//6002 2267//5843 2123//5542
f  2185//5688 2352//6002 2123//5542
f  2353//6003 2186//5689 2203//5724
f  2354//6004 2268//5845 2202//5722
f  2273//6005 2266//5840 2181//5839
f  2205//5875 2355//6006 2198//5716
f  2349//5992 2203//5724 2274//5856
f  2207//5729 2354//6004 2202//5722
f  2356//6007 2349//5992 2340//5991
f  2357//6008 2348//6009 2327//6010
f  2341//6011 2357//6008 2327//6010
f  2358//6012 2356//6007 2340//5991
f  2299//6013 2359//6014 2340//5991
f  2359//6014 2358//6012 2340//5991
f  2309//5993 2360//6015 2350//5994
f  2360//6015 2361//6016 2350//5994
f  2344//6017 2362//6018 2303//6019
f  2362//6018 2363//6020 2303//6019
f  2364//6021 2351//6022 2346//6023
f  2365//6024 2362//6018 2344//6017
f  2364//6021 2296//6025 2351//6022
f  2364//6021 2366//6026 2296//6025
f  2366//6026 2339//6027 2296//6025
f  2366//6026 2367//6028 2339//6027
f  2367//6028 2293//6029 2339//6027
f  2367//6028 2368//6030 2293//6029
f  2343//6031 2365//6024 2344//6017
f  2368//6030 2292//6032 2293//6029
f  2292//6032 2369//6033 2342//6034
f  2368//6030 2369//6033 2292//6032
f  2342//6034 2369//6033 2343//6031
f  2369//6033 2365//6024 2343//6031
f  2345//5998 2370//6035 2346//6023
f  2361//6016 2371//6036 2350//5994
f  2363//6020 2347//6037 2303//6019
f  2371//6036 2345//5998 2350//5994
f  2347//6037 2359//6014 2299//6013
f  2363//6020 2359//6014 2347//6037
f  2371//6036 2370//6035 2345//5998
f  2372//6038 2174//5666 2173//5665
f  2283//6039 2372//6038 2173//5665
f  2285//5876 2284//6040 2150//5617
f  2263//5848 2279//5867 2276//5861
f  2199//5718 2373//6041 2204//5725
f  2374//6042 2354//6004 2207//5729
f  2174//5666 2375//6043 2181//5684
f  2265//6044 2376//6045 2178//6046
f  2376//6047 2263//5833 2178//5678
f  2186//5689 2377//6048 2207//5729
f  2181//6049 2378//6050 2273//6051
f  2378//6050 2379//6052 2273//6051
f  2380//6053 2355//6054 2205//6055
f  2360//6056 2309//6057 2320//6056
f  2269//5854 2381//6058 2175//5671
f  2381//6059 2208//6060 2175//6061
f  2187//5690 2269//5847 2201//5721
f  2382//6062 2199//5718 2158//5634
f  2379//6063 2383//6064 2273//6065
f  2384//6066 2380//6067 2205//6068
f  2288//6069 2273//6070 2383//6071
f  2385//6072 2288//6069 2383//6071
f  2287//6073 2384//6074 2205//6075
f  2375//6043 2378//6076 2181//5684
f  2373//6041 2183//5686 2204//5725
f  2295//6077 2300//6078 2386//6079
f  2387//6080 2295//6077 2386//6079
f  2388//6081 2389//6082 2390//6083
f  2302//6084 2388//6085 2390//6086
f  2391//6087 2295//6077 2387//6080
f  2290//6088 2295//6077 2391//6087
f  2392//6089 2294//6090 2289//6091
f  2391//6087 2393//6092 2290//6088
f  2393//6093 2394//6094 2290//6095
f  2394//6094 2395//6096 2290//6095
f  2395//6097 2396//6098 2290//6099
f  2397//6100 2392//6101 2289//6102
f  2398//6103 2397//6100 2289//6102
f  2399//6104 2400//6105 2290//6106
f  2396//6107 2399//6104 2290//6106
f  2400//6108 2401//6109 2289//6110
f  2290//6111 2400//6108 2289//6110
f  2401//6112 2402//6113 2289//6114
f  2402//6115 2398//6116 2289//6117
f  2403//6118 2388//6119 2392//6120
f  2388//6085 2294//6090 2392//6089
f  2403//6121 2404//6122 2388//6123
f  2404//6122 2389//6124 2388//6123
f  2388//6085 2302//6084 2294//6090
f  2305//6125 2315//6126 2405//6127
f  2406//6128 2305//6125 2405//6127
f  2407//6129 2305//6125 2406//6128
f  2406//6130 2408//6131 2407//6132
f  2301//6133 2305//6125 2407//6129
f  2409//6134 2410//6135 2407//6132
f  2408//6136 2409//6137 2407//6138
f  2410//6139 2301//6133 2407//6129
f  2411//6140 2304//6141 2302//6142
f  2410//6143 2412//6144 2301//6145
f  2412//6146 2413//6147 2301//5899
f  2413//6147 2300//5897 2301//5899
f  2414//6148 2411//6149 2302//6150
f  2415//6151 2414//6148 2302//6150
f  2413//6152 2416//6153 2300//6154
f  2416//6153 2386//6155 2300//6154
f  2390//6156 2417//6157 2302//6158
f  2417//6159 2415//6160 2302//6161
f  2418//6162 2419//6162 2420//6162
f  2411//6163 2418//6164 2420//6165
f  2304//6141 2411//6140 2420//6166
f  2306//6167 2304//6141 2420//6166
f  2420//6166 2312//6168 2306//6167
f  2324//6169 2421//6170 2315//6171
f  2421//6170 2405//6172 2315//6171
f  2420//6166 2422//6173 2312//6168
f  2422//6174 2313//6175 2312//6176
f  2420//6177 2419//6178 2422//6179
f  2423//6180 2424//6181 2336//6182
f  2424//6181 2425//6183 2336//6182
f  2311//6184 2423//6185 2336//6186
f  2319//6187 2426//6188 2318//6189
f  2310//6190 2423//6185 2311//6184
f  2426//6191 2427//6192 2318//6193
f  2427//6194 2324//6195 2318//6196
f  2424//6197 2423//6198 2310//6199
f  2428//6200 2424//6197 2310//6199
f  2313//6201 2428//6202 2310//6203
f  2336//6186 2325//6204 2311//6184
f  2338//6205 2319//6187 2326//6206
f  2338//6205 2426//6188 2319//6187
f  2335//6207 2326//6206 2329//6208
f  2330//6209 2336//6186 2337//6210
f  2326//6206 2328//6211 2329//6208
f  2325//6204 2336//6186 2330//6209
f  2335//6207 2338//6205 2326//6206
f  2425//6183 2429//6212 2336//6182
f  2430//6213 2426//6188 2338//6205
f  2288//6214 2430//6213 2338//6205
f  2429//6215 2287//6216 2336//6217
f  2431//6218 2432//6219 2385//6220
f  2432//6221 2288//6222 2385//6223
f  2432//6224 2433//6225 2288//6224
f  2434//6226 2435//6226 2287//6227
f  2436//6228 2434//6229 2287//6230
f  2435//6231 2384//6074 2287//6073
f  2434//6232 2384//6233 2435//6234
f  2288//6235 2437//6236 2430//6237
f  2433//6238 2437//6239 2288//6240
f  2429//6241 2438//6242 2287//6243
f  2438//6244 2436//6244 2287//6245
f  2425//6183 2439//6246 2429//6212
f  2439//6247 2438//6248 2429//6249
f  2437//6250 2440//6251 2430//6252
f  2440//6251 2441//6253 2426//6254
f  2440//6251 2426//6254 2430//6252
f  2360//6255 2322//6255 2348//6256
f  2357//6008 2360//6015 2348//6009
f  2355//6257 2286//5877 2198//5713
f  2322//6258 2360//6259 2320//6260
f  2192//5714 2282//6261 2264//5858
f  2209//5857 2280//6262 2191//5719
f  2278//5864 2382//6062 2158//5634
f  2282//6261 2442//6263 2264//5858
f  2443//6264 2277//5862 2188//5691
f  2444//6265 2443//6264 2188//5691
f  2268//5845 2444//6266 2188//5692
f  2445//6267 2189//6268 2190//6269
f  2446//6270 2445//6271 2190//6272
f  2280//5868 2446//6273 2190//5700
f  2447//6274 2282//5872 2281//5871
f  2445//6275 2448//6276 2189//5702
f  2448//6276 2283//5873 2189//5702
f  2284//5874 2449//6277 2193//5703
f  2449//6278 2281//6279 2193//6280
f  2450//6281 2408//6131 2406//6130
f  2408//6131 2451//6282 2409//6134
f  2452//6283 2453//6284 2381//6058
f  2452//6285 2454//6286 2453//6287
f  2455//6288 2381//6059 2453//6289
f  2456//6290 2455//6288 2453//6289
f  2376//6291 2457//6292 2458//6293
f  2459//6294 2376//6047 2458//6295
f  2460//6296 2459//6297 2458//6296
f  2459//6294 2461//6298 2376//6047
f  2455//6288 2208//6060 2381//6059
f  2462//6299 2456//6290 2453//6289
f  2463//6300 2462//6299 2453//6289
f  2454//6301 2463//6302 2453//6303
f  2464//6304 2460//6305 2458//6306
f  2457//6292 2464//6307 2458//6293
f  2265//6308 2465//6309 2376//6291
f  2465//6309 2457//6292 2376//6291
f  2454//6301 2466//6310 2463//6302
f  2457//6292 2467//6311 2464//6307
f  2468//6312 2209//5733 2208//5734
f  2264//5834 2469//6313 2265//5835
f  2455//6314 2468//6315 2208//6316
f  2470//6317 2471//6318 2464//6304
f  2471//6318 2460//6305 2464//6304
f  2472//6319 2470//6317 2464//6304
f  2467//6311 2472//6320 2464//6307
f  2466//6310 2473//6321 2463//6302
f  2473//6321 2474//6322 2463//6302
f  2475//6323 2465//6309 2265//6308
f  2469//6324 2475//6325 2265//6326
f  2476//6327 2462//6299 2463//6300
f  2474//6322 2476//6328 2463//6302
f  2477//6329 2468//6315 2455//6314
f  2462//6330 2478//6331 2456//6332
f  2479//6333 2467//6334 2457//6335
f  2480//6336 2479//6337 2457//6338
f  2478//6331 2481//6339 2456//6332
f  2469//6324 2442//6340 2475//6325
f  2465//6341 2480//6342 2457//6341
f  2477//6343 2455//6344 2482//6345
f  2483//6346 2477//6347 2482//6347
f  2484//6348 2485//6349 2476//6327
f  2485//6349 2486//6350 2476//6327
f  2486//6350 2487//6351 2476//6327
f  2487//6351 2462//6299 2476//6327
f  2474//6322 2484//6352 2476//6328
f  2488//6353 2470//6354 2472//6355
f  2489//6356 2488//6357 2472//6320
f  2467//6311 2489//6356 2472//6320
f  2490//6358 2491//6359 2475//6323
f  2491//6359 2489//6356 2475//6323
f  2489//6356 2465//6309 2475//6323
f  2442//6340 2490//6360 2475//6325
f  2479//6361 2492//6362 2467//6363
f  2481//6364 2493//6365 2456//6366
f  2493//6365 2494//6367 2456//6366
f  2494//6368 2495//6369 2456//6290
f  2495//6369 2455//6288 2456//6290
f  2487//6370 2496//6371 2462//6372
f  2496//6371 2478//6373 2462//6372
f  2497//6374 2489//6356 2467//6311
f  2492//6375 2497//6376 2467//6377
f  2498//6378 2480//6379 2465//6380
f  2455//6381 2483//6381 2482//6381
f  2474//6382 2499//6383 2484//6384
f  2500//6385 2470//6354 2488//6353
f  2501//6386 2500//6385 2488//6353
f  2489//6356 2501//6387 2488//6357
f  2502//6388 2503//6389 2490//6390
f  2503//6391 2491//6359 2490//6358
f  2442//6392 2502//6388 2490//6390
f  2504//6393 2483//6394 2455//6395
f  2495//6396 2504//6393 2455//6395
f  2494//6397 2496//6398 2487//6399
f  2486//6350 2494//6368 2487//6351
f  2489//6356 2497//6374 2465//6309
f  2497//6400 2498//6401 2465//6402
f  2493//6403 2496//6398 2494//6397
f  2486//6350 2495//6369 2494//6368
f  2492//6404 2498//6405 2497//6406
f  2499//6383 2505//6407 2484//6384
f  2505//6407 2485//6408 2484//6384
f  2502//6388 2506//6409 2503//6389
f  2505//6407 2507//6410 2485//6408
f  2508//6411 2500//6385 2501//6386
f  2489//6412 2508//6411 2501//6386
f  2506//6409 2491//6413 2503//6389
f  2509//6414 2504//6415 2495//6416
f  2486//6417 2509//6414 2495//6416
f  2510//6418 2486//6350 2485//6349
f  2507//6410 2510//6419 2485//6408
f  2506//6409 2511//6420 2491//6413
f  2512//6421 2509//6422 2486//6423
f  2510//6424 2512//6425 2486//6424
f  2507//6410 2512//6426 2510//6419
f  2491//6413 2508//6427 2489//6428
f  2511//6420 2508//6427 2491//6413
f  2441//6429 2427//6192 2426//6191
f  2513//6430 2422//6179 2419//6178
f  2514//6431 2513//6430 2419//6178
f  2418//6432 2514//6431 2419//6178
f  2515//6433 2514//6431 2418//6432
f  2451//6282 2410//6135 2409//6134
f  2411//6434 2414//6435 2418//6432
f  2414//6435 2515//6433 2418//6432
f  2416//6436 2387//6437 2386//6438
f  2416//6436 2516//6439 2387//6437
f  2516//6439 2391//6440 2387//6437
f  2391//6440 2394//6441 2393//6442
f  2397//6443 2403//6121 2392//6444
f  2405//6445 2450//6281 2406//6130
f  2372//6038 2375//6043 2174//5666
f  2286//5877 2285//5876 2176//5674
f  2517//6446 2385//6447 2383//6448
f  2379//6449 2517//6450 2383//6451
f  2518//6452 2380//6067 2384//6066
f  2519//6453 2373//6041 2199//5718
f  2269//5854 2452//6283 2381//6058
f  2520//6454 2354//6004 2374//6042
f  2517//6446 2431//6455 2385//6447
f  2434//6232 2518//6456 2384//6233
f  2521//6457 2379//6458 2378//6459
f  2522//6460 2523//6461 2521//6462
f  2524//6463 2522//6460 2521//6462
f  2523//6464 2379//6458 2521//6457
f  2525//6465 2524//6466 2521//6467
f  2526//6468 2525//6465 2521//6467
f  2378//6469 2375//6470 2521//6467
f  2375//6470 2526//6468 2521//6467
f  2527//6471 2528//6471 2529//6471
f  2286//6472 2380//6473 2529//6474
f  2530//6475 2286//6472 2529//6474
f  2528//6476 2531//6477 2529//6474
f  2531//6477 2530//6475 2529//6474
f  2286//6478 2355//6054 2380//6053
f  2461//6298 2263//5833 2376//6047
f  2532//6479 2372//6038 2283//6039
f  2452//6480 2269//5847 2187//5690
f  2277//5862 2452//6480 2187//5690
f  2523//6481 2517//6450 2379//6449
f  2522//6482 2517//6450 2523//6481
f  2518//6483 2527//6484 2529//6485
f  2380//6486 2518//6483 2529//6485
f  2452//6285 2533//6487 2454//6286
f  2533//6488 2534//6489 2454//6490
f  2535//6491 2459//6492 2460//6493
f  2534//6489 2535//6491 2460//6493
f  2357//6008 2361//6016 2360//6015
f  2536//6494 2433//6495 2432//6494
f  2431//6218 2536//6496 2432//6219
f  2431//6218 2537//6497 2536//6496
f  2434//6498 2436//6499 2538//6500
f  2539//6501 2434//6498 2538//6500
f  2438//6502 2538//6502 2436//6502
f  2536//6503 2437//6504 2433//6505
f  2537//6506 2540//6506 2536//6507
f  2540//6508 2541//6509 2536//6503
f  2541//6509 2542//6510 2536//6503
f  2542//6510 2437//6504 2536//6503
f  2543//6511 2539//6511 2538//6511
f  2438//6248 2439//6247 2538//6512
f  2439//6247 2544//6513 2538//6512
f  2544//6513 2545//6514 2538//6512
f  2545//6514 2543//6515 2538//6512
f  2352//6002 2341//6011 2267//5843
f  2346//6023 2546//6516 2364//6021
f  2382//6062 2519//6453 2199//5718
f  2534//6517 2466//6518 2454//6519
f  2547//6520 2203//5724 2349//5992
f  2356//6007 2547//6520 2349//5992
f  2352//6002 2357//6008 2341//6011
f  2548//6521 2444//6266 2268//5845
f  2461//6522 2279//5867 2263//5848
f  2483//6523 2280//6262 2209//5857
f  2468//6524 2483//6523 2209//5857
f  2373//6041 2549//6525 2183//5686
f  2549//6525 2275//5860 2183//5686
f  2550//6526 2374//6042 2207//5729
f  2377//6048 2550//6526 2207//5729
f  2442//6263 2469//6527 2264//5858
f  2551//6528 2534//6517 2460//6529
f  2285//5876 2552//6530 2284//6040
f  2551//6531 2473//6532 2466//6533
f  2534//6517 2551//6528 2466//6518
f  2471//6534 2551//6531 2460//6535
f  2421//6536 2450//6281 2405//6445
f  2468//6524 2477//6537 2483//6523
f  2370//6035 2546//6516 2346//6023
f  2282//6261 2502//6538 2442//6263
f  2481//6539 2478//6540 2553//6541
f  2554//6542 2481//6539 2553//6541
f  2555//6543 2554//6544 2553//6545
f  2480//6546 2556//6547 2557//6548
f  2479//6549 2480//6546 2557//6548
f  2556//6550 2558//6551 2557//6552
f  2555//6543 2559//6553 2554//6544
f  2560//6554 2558//6551 2556//6550
f  2493//6555 2481//6539 2554//6542
f  2478//6540 2561//6556 2553//6541
f  2562//6557 2555//6558 2553//6559
f  2561//6560 2562//6557 2553//6559
f  2492//6561 2479//6549 2557//6548
f  2563//6562 2492//6561 2557//6548
f  2564//6563 2563//6564 2557//6565
f  2558//6566 2564//6563 2557//6565
f  2565//6567 2493//6555 2554//6542
f  2559//6568 2565//6569 2554//6570
f  2480//6546 2566//6571 2556//6547
f  2566//6572 2560//6573 2556//6574
f  2496//6575 2567//6576 2478//6540
f  2567//6576 2561//6556 2478//6540
f  2568//6577 2560//6573 2566//6572
f  2498//6578 2566//6571 2480//6546
f  2559//6568 2569//6579 2565//6569
f  2567//6580 2562//6581 2561//6582
f  2570//6583 2492//6561 2563//6562
f  2571//6584 2570//6585 2563//6586
f  2564//6587 2571//6584 2563//6586
f  2565//6567 2496//6575 2493//6555
f  2570//6583 2498//6578 2492//6561
f  2565//6567 2567//6576 2496//6575
f  2570//6583 2566//6571 2498//6578
f  2572//6588 2562//6581 2567//6580
f  2570//6589 2571//6590 2566//6591
f  2571//6590 2568//6592 2566//6591
f  2569//6593 2572//6594 2565//6595
f  2572//6594 2567//6596 2565//6595
f  2573//6597 2443//6264 2444//6265
f  2279//5867 2444//6265 2278//5863
f  2548//6521 2382//6062 2278//5864
f  2444//6266 2548//6521 2278//5864
f  2573//6597 2444//6265 2279//5867
f  2449//6598 2445//6598 2446//6599
f  2280//5868 2574//6600 2446//6273
f  2449//6601 2446//6602 2281//6603
f  2446//6273 2574//6600 2281//5871
f  2574//6600 2447//6274 2281//5871
f  2449//6277 2575//6604 2445//6275
f  2575//6604 2448//6276 2445//6275
f  2284//5874 2575//6604 2449//6277
f  2443//6264 2452//6480 2277//5862
f  2461//6522 2573//6597 2279//5867
f  2374//6042 2555//6605 2520//6454
f  2399//6606 2576//6607 2400//6608
f  2576//6607 2401//6609 2400//6608
f  2389//6124 2577//6610 2390//6611
f  2577//6612 2417//6157 2390//6156
f  2578//6613 2577//6610 2389//6124
f  2404//6122 2578//6613 2389//6124
f  2403//6121 2578//6613 2404//6122
f  2397//6443 2578//6613 2403//6121
f  2516//6439 2579//6614 2391//6440
f  2579//6614 2394//6441 2391//6440
f  2533//6488 2535//6491 2534//6489
f  2580//6615 2473//6532 2551//6531
f  2471//6534 2580//6615 2551//6531
f  2504//6616 2280//6262 2483//6523
f  2354//6004 2548//6521 2268//5845
f  2581//6617 2519//6453 2382//6062
f  2408//6131 2582//6618 2451//6282
f  2583//6619 2546//6516 2370//6035
f  2353//6003 2377//6048 2186//5689
f  2576//6620 2402//6113 2401//6112
f  2282//6261 2506//6621 2502//6538
f  2459//6622 2573//6597 2461//6522
f  2584//6623 2548//6521 2354//6004
f  2585//6624 2359//6014 2363//6020
f  2371//6036 2586//6625 2370//6035
f  2586//6625 2583//6619 2370//6035
f  2520//6454 2584//6623 2354//6004
f  2450//6281 2582//6618 2408//6131
f  2548//6521 2581//6617 2382//6062
f  2558//6626 2560//6627 2373//6041
f  2519//6453 2558//6626 2373//6041
f  2559//6628 2555//6605 2374//6042
f  2587//6629 2422//6179 2513//6430
f  2443//6264 2533//6630 2452//6480
f  2581//6617 2588//6631 2519//6453
f  2588//6631 2558//6626 2519//6453
f  2535//6632 2573//6597 2459//6622
f  2589//6633 2549//6525 2373//6041
f  2590//6634 2358//6012 2359//6014
f  2585//6624 2590//6634 2359//6014
f  2361//6016 2586//6625 2371//6036
f  2448//6635 2591//6636 2283//6039
f  2591//6636 2532//6479 2283//6039
f  2587//6637 2313//6175 2422//6174
f  2592//6638 2439//6246 2425//6183
f  2282//6261 2447//6639 2506//6621
f  2535//6632 2443//6264 2573//6597
f  2593//6640 2356//6007 2358//6012
f  2590//6634 2593//6640 2358//6012
f  2535//6632 2533//6630 2443//6264
f  2275//5860 2352//6002 2185//5688
f  2594//6641 2595//6642 2410//6135
f  2451//6282 2594//6641 2410//6135
f  2595//6643 2412//6144 2410//6143
f  2596//6644 2324//6195 2427//6194
f  2597//6645 2596//6644 2427//6194
f  2441//6429 2597//6646 2427//6192
f  2313//6201 2598//6647 2428//6202
f  2598//6648 2424//6197 2428//6200
f  2596//6649 2421//6170 2324//6169
f  2587//6637 2598//6650 2313//6175
f  2595//6651 2413//6147 2412//6146
f  2417//6159 2599//6652 2415//6160
f  2599//6653 2414//6148 2415//6151
f  2595//6651 2600//6654 2413//6147
f  2600//6655 2416//6153 2413//6152
f  2601//6656 2599//6652 2417//6159
f  2577//6612 2601//6657 2417//6157
f  2602//6658 2396//6098 2395//6097
f  2394//6094 2602//6659 2395//6096
f  2402//6115 2603//6660 2398//6116
f  2603//6661 2397//6100 2398//6103
f  2602//6658 2604//6662 2396//6098
f  2576//6620 2603//6663 2402//6113
f  2604//6664 2399//6104 2396//6107
f  2605//6665 2357//6008 2352//6002
f  2606//6666 2362//6018 2365//6024
f  2546//6516 2607//6667 2364//6021
f  2607//6667 2366//6026 2364//6021
f  2608//6668 2606//6666 2365//6024
f  2369//6033 2608//6668 2365//6024
f  2607//6667 2609//6669 2366//6026
f  2368//6030 2608//6668 2369//6033
f  2609//6669 2610//6670 2366//6026
f  2610//6670 2367//6028 2366//6026
f  2611//6671 2608//6668 2368//6030
f  2610//6670 2368//6030 2367//6028
f  2610//6670 2611//6671 2368//6030
f  2578//6613 2612//6672 2577//6610
f  2613//6673 2516//6439 2416//6436
f  2600//6674 2613//6673 2416//6436
f  2613//6673 2579//6614 2516//6439
f  2447//6639 2511//6675 2506//6621
f  2593//6640 2547//6520 2356//6007
f  2605//6665 2361//6016 2357//6008
f  2509//6676 2280//6262 2504//6616
f  2614//6677 2584//6623 2520//6454
f  2615//6678 2581//6617 2548//6521
f  2399//6606 2604//6679 2576//6607
f  2604//6679 2603//6680 2576//6607
f  2615//6678 2548//6521 2584//6623
f  2614//6677 2615//6678 2584//6623
f  2615//6678 2588//6631 2581//6617
f  2447//6639 2508//6681 2511//6675
f  2552//6530 2616//6682 2284//6040
f  2582//6618 2594//6641 2451//6282
f  2580//6683 2474//6684 2473//6685
f  2470//6686 2580//6683 2471//6687
f  2614//6677 2588//6631 2615//6678
f  2512//6688 2280//6262 2509//6676
f  2560//6627 2568//6689 2373//6041
f  2568//6689 2617//6690 2373//6041
f  2617//6690 2589//6633 2373//6041
f  2618//6691 2569//6692 2374//6042
f  2569//6692 2559//6628 2374//6042
f  2550//6526 2618//6691 2374//6042
f  2499//6693 2474//6684 2580//6683
f  2555//6605 2614//6677 2520//6454
f  2515//6433 2619//6694 2514//6431
f  2612//6672 2601//6695 2577//6610
f  2507//6696 2574//6697 2512//6688
f  2574//6697 2280//6262 2512//6688
f  2620//6698 2440//6251 2437//6250
f  2500//6699 2580//6683 2470//6686
f  2447//6639 2500//6699 2508//6681
f  2505//6700 2574//6697 2507//6696
f  2574//6697 2505//6700 2499//6693
f  2580//6683 2574//6697 2499//6693
f  2447//6639 2580//6683 2500//6699
f  2431//6701 2517//6702 2522//6703
f  2537//6704 2431//6701 2522//6703
f  2434//6705 2539//6706 2527//6707
f  2518//6708 2434//6705 2527//6707
f  2583//6619 2607//6667 2546//6516
f  2619//6694 2513//6430 2514//6431
f  2621//6709 2363//6020 2362//6018
f  2622//6710 2612//6672 2578//6613
f  2623//6711 2622//6710 2578//6613
f  2397//6443 2623//6711 2578//6613
f  2603//6680 2623//6711 2397//6443
f  2624//6712 2579//6614 2613//6673
f  2602//6713 2394//6441 2579//6614
f  2414//6435 2599//6714 2515//6433
f  2625//6715 2564//6716 2588//6631
f  2564//6716 2558//6626 2588//6631
f  2555//6605 2562//6717 2614//6677
f  2562//6717 2626//6718 2614//6677
f  2596//6719 2582//6618 2450//6281
f  2421//6536 2596//6719 2450//6281
f  2619//6694 2587//6629 2513//6430
f  2361//6016 2627//6720 2586//6625
f  2599//6714 2619//6694 2515//6433
f  2616//6682 2575//6721 2284//6040
f  2606//6666 2621//6709 2362//6018
f  2619//6694 2598//6722 2587//6629
f  2286//5877 2530//6723 2285//5876
f  2526//6724 2375//6043 2372//6038
f  2532//6479 2526//6724 2372//6038
f  2530//6723 2552//6530 2285//5876
f  2568//6689 2571//6725 2617//6690
f  2618//6691 2572//6726 2569//6692
f  2621//6709 2585//6624 2363//6020
f  2625//6715 2588//6631 2614//6677
f  2537//6727 2522//6728 2628//6729
f  2522//6728 2629//6730 2628//6729
f  2527//6731 2539//6732 2630//6733
f  2539//6732 2631//6734 2630//6733
f  2632//6735 2633//6736 2522//6737
f  2633//6736 2634//6738 2522//6737
f  2634//6738 2629//6739 2522//6737
f  2524//6463 2632//6740 2522//6460
f  2635//6741 2636//6742 2527//6743
f  2636//6742 2528//6744 2527//6743
f  2630//6745 2637//6746 2527//6743
f  2637//6746 2635//6741 2527//6743
f  2628//6747 2638//6748 2537//6749
f  2638//6748 2639//6750 2537//6749
f  2639//6750 2540//6751 2537//6749
f  2543//6752 2640//6753 2539//6754
f  2640//6753 2641//6755 2539//6754
f  2641//6755 2642//6756 2539//6754
f  2642//6756 2631//6757 2539//6754
f  2643//6758 2353//6003 2203//5724
f  2547//6520 2643//6758 2203//5724
f  2275//5860 2644//6759 2352//6002
f  2644//6759 2605//6665 2352//6002
f  2631//6760 2637//6761 2630//6762
f  2620//6698 2597//6763 2441//6253
f  2440//6251 2620//6698 2441//6253
f  2645//6764 2425//6183 2424//6181
f  2598//6722 2645//6764 2424//6181
f  2447//6639 2574//6697 2580//6683
f  2605//6665 2627//6720 2361//6016
f  2542//6765 2620//6698 2437//6250
f  2592//6638 2645//6764 2439//6246
f  2646//6766 2613//6673 2600//6674
f  2646//6766 2624//6712 2613//6673
f  2624//6712 2602//6713 2579//6614
f  2647//6767 2643//6758 2547//6520
f  2642//6768 2637//6761 2631//6760
f  2648//6769 2595//6642 2594//6641
f  2647//6767 2547//6520 2593//6640
f  2645//6764 2592//6638 2425//6183
f  2643//6758 2377//6048 2353//6003
f  2586//6625 2649//6770 2583//6619
f  2649//6770 2650//6771 2583//6619
f  2625//6715 2571//6725 2564//6716
f  2572//6726 2626//6718 2562//6717
f  2601//6695 2651//6772 2599//6714
f  2625//6715 2617//6690 2571//6725
f  2618//6691 2626//6718 2572//6726
f  2549//6525 2652//6773 2275//5860
f  2622//6710 2601//6695 2612//6672
f  2648//6769 2646//6766 2600//6674
f  2648//6769 2600//6674 2595//6642
f  2596//6719 2597//6763 2582//6618
f  2582//6618 2648//6769 2594//6641
f  2651//6772 2619//6694 2599//6714
f  2621//6709 2653//6774 2585//6624
f  2653//6774 2590//6634 2585//6624
f  2532//6479 2591//6636 2526//6724
f  2583//6619 2650//6771 2607//6667
f  2608//6668 2654//6775 2606//6666
f  2607//6667 2655//6776 2609//6669
f  2655//6776 2610//6670 2609//6669
f  2655//6776 2656//6777 2610//6670
f  2656//6777 2611//6671 2610//6670
f  2602//6713 2657//6778 2604//6679
f  2657//6778 2603//6680 2604//6679
f  2623//6711 2658//6779 2622//6710
f  2603//6680 2657//6778 2623//6711
f  2657//6778 2658//6779 2623//6711
f  2657//6778 2602//6713 2624//6712
f  2659//6780 2648//6769 2582//6618
f  2627//6720 2660//6781 2586//6625
f  2660//6781 2649//6770 2586//6625
f  2616//6682 2661//6782 2575//6721
f  2575//6721 2661//6782 2448//6635
f  2661//6782 2662//6783 2448//6635
f  2663//6784 2621//6709 2606//6666
f  2629//6785 2638//6786 2628//6787
f  2664//6788 2601//6695 2622//6710
f  2626//6718 2625//6715 2614//6677
f  2377//6048 2665//6789 2550//6526
f  2653//6774 2666//6790 2590//6634
f  2620//6698 2667//6791 2597//6763
f  2668//6792 2645//6764 2598//6722
f  2645//6764 2544//6793 2439//6246
f  2652//6773 2644//6759 2275//5860
f  2654//6775 2663//6784 2606//6666
f  2666//6790 2593//6640 2590//6634
f  2597//6763 2659//6780 2582//6618
f  2669//6794 2598//6722 2619//6694
f  2670//6795 2657//6778 2624//6712
f  2601//6695 2671//6796 2651//6772
f  2672//6797 2624//6712 2646//6766
f  2658//6779 2664//6788 2622//6710
f  2650//6771 2673//6798 2607//6667
f  2648//6769 2672//6797 2646//6766
f  2666//6790 2674//6799 2593//6640
f  2605//6665 2660//6781 2627//6720
f  2675//6800 2591//6636 2448//6635
f  2662//6783 2675//6800 2448//6635
f  2589//6633 2676//6801 2549//6525
f  2676//6801 2652//6773 2549//6525
f  2665//6789 2618//6691 2550//6526
f  2674//6799 2643//6758 2647//6767
f  2677//6802 2605//6665 2644//6759
f  2669//6794 2668//6792 2598//6722
f  2678//6803 2654//6775 2608//6668
f  2611//6671 2678//6803 2608//6668
f  2679//6804 2678//6803 2611//6671
f  2679//6804 2611//6671 2656//6777
f  2670//6795 2658//6779 2657//6778
f  2634//6805 2638//6786 2629//6785
f  2674//6799 2647//6767 2593//6640
f  2677//6802 2660//6781 2605//6665
f  2651//6772 2669//6794 2619//6694
f  2530//6723 2616//6682 2552//6530
f  2672//6797 2670//6795 2624//6712
f  2680//6806 2681//6807 2682//6807
f  2681//6808 2675//6809 2682//6809
f  2675//6810 2680//6811 2682//6812
f  2683//6813 2684//6814 2680//6815
f  2685//6816 2683//6813 2680//6815
f  2686//6817 2687//6818 2680//6815
f  2684//6814 2686//6817 2680//6815
f  2687//6819 2681//6820 2680//6821
f  2688//6822 2685//6816 2680//6815
f  2689//6823 2688//6824 2680//6811
f  2675//6810 2689//6823 2680//6811
f  2690//6825 2691//6826 2692//6827
f  2691//6826 2693//6828 2692//6827
f  2694//6829 2695//6830 2692//6831
f  2693//6832 2694//6829 2692//6831
f  2696//6833 2690//6825 2692//6827
f  2695//6834 2696//6835 2692//6836
f  2697//6837 2681//6820 2687//6819
f  2691//6826 2698//6838 2693//6828
f  2695//6834 2699//6839 2696//6835
f  2686//6840 2697//6837 2687//6819
f  2700//6841 2685//6842 2688//6824
f  2689//6823 2700//6841 2688//6824
f  2698//6838 2701//6843 2693//6828
f  2701//6844 2702//6845 2693//6832
f  2702//6845 2694//6829 2693//6832
f  2699//6839 2690//6846 2696//6835
f  2703//6847 2704//6848 2683//6849
f  2704//6848 2684//6850 2683//6849
f  2705//6851 2698//6852 2691//6853
f  2706//6854 2705//6851 2691//6853
f  2690//6825 2707//6855 2691//6826
f  2707//6856 2706//6857 2691//6858
f  2708//6859 2686//6840 2709//6860
f  2708//6859 2697//6837 2686//6840
f  2710//6861 2683//6813 2685//6816
f  2700//6841 2711//6862 2685//6842
f  2702//6863 2701//6864 2712//6865
f  2713//6866 2702//6863 2712//6865
f  2698//6838 2714//6867 2701//6843
f  2714//6867 2715//6868 2701//6843
f  2716//6869 2717//6870 2690//6846
f  2699//6839 2716//6869 2690//6846
f  2718//6871 2707//6855 2690//6825
f  2717//6872 2718//6873 2690//6874
f  2719//6875 2686//6817 2684//6814
f  2720//6876 2719//6875 2684//6814
f  2721//6877 2720//6878 2684//6879
f  2704//6880 2721//6877 2684//6879
f  2722//6881 2703//6882 2683//6883
f  2723//6884 2722//6881 2683//6883
f  2710//6861 2723//6885 2683//6813
f  2705//6880 2724//6880 2698//6886
f  2724//6887 2714//6888 2698//6887
f  2725//6889 2706//6890 2707//6890
f  2686//6891 2726//6892 2709//6893
f  2726//6894 2708//6895 2709//6896
f  2719//6897 2726//6898 2686//6899
f  2727//6900 2728//6901 2710//6861
f  2728//6901 2723//6885 2710//6861
f  2711//6902 2727//6903 2710//6904
f  2685//6905 2711//6902 2710//6904
f  2729//6906 2713//6906 2712//6907
f  2701//6908 2729//6909 2712//6910
f  2715//6868 2730//6911 2701//6843
f  2730//6912 2729//6913 2701//6914
f  2714//6867 2707//6855 2718//6871
f  2731//6915 2714//6867 2718//6871
f  2717//6916 2731//6917 2718//6918
f  2728//6901 2719//6875 2720//6876
f  2723//6885 2728//6901 2720//6876
f  2722//6919 2723//6920 2720//6921
f  2721//6922 2722//6919 2720//6921
f  2724//6923 2725//6924 2714//6925
f  2714//6926 2725//6927 2707//6928
f  2731//6915 2715//6868 2714//6867
f  2732//6929 2726//6898 2719//6897
f  2711//6902 2733//6930 2727//6903
f  2734//6931 2729//6913 2730//6912
f  2717//6916 2735//6932 2731//6917
f  2728//6933 2732//6929 2719//6897
f  2733//6934 2728//6935 2727//6936
f  2715//6937 2734//6931 2730//6912
f  2735//6938 2715//6939 2731//6940
f  2736//6941 2737//6942 2728//6933
f  2737//6942 2732//6929 2728//6933
f  2733//6943 2736//6944 2728//6945
f  2738//6946 2734//6947 2715//6946
f  2739//6948 2738//6949 2715//6950
f  2735//6938 2739//6951 2715//6939
f  2733//6952 2737//6953 2736//6953
f  2739//6954 2734//6955 2738//6956
f  2740//6957 2632//6958 2524//6959
f  2741//6960 2740//6961 2524//6466
f  2525//6465 2741//6960 2524//6466
f  2742//6962 2528//6476 2743//6963
f  2742//6962 2531//6477 2528//6476
f  2740//6964 2741//6965 2632//6735
f  2741//6965 2633//6736 2632//6735
f  2528//6744 2636//6742 2743//6966
f  2636//6742 2742//6967 2743//6966
f  2639//6750 2744//6968 2540//6751
f  2639//6750 2745//6969 2744//6968
f  2746//6970 2543//6752 2747//6971
f  2746//6970 2640//6753 2543//6752
f  2744//6972 2541//6509 2540//6508
f  2745//6973 2541//6509 2744//6972
f  2545//6514 2746//6974 2747//6975
f  2543//6515 2545//6514 2747//6975
f  2642//6768 2635//6976 2637//6761
f  2673//6798 2655//6776 2607//6667
f  2664//6788 2671//6796 2601//6695
f  2748//6977 2648//6769 2659//6780
f  2671//6796 2669//6794 2651//6772
f  2663//6784 2653//6774 2621//6709
f  2649//6770 2673//6798 2650//6771
f  2749//6978 2644//6759 2652//6773
f  2643//6758 2665//6789 2377//6048
f  2645//6764 2750//6979 2544//6793
f  2597//6763 2751//6980 2659//6780
f  2620//6698 2752//6981 2667//6791
f  2695//6982 2661//6782 2616//6682
f  2748//6977 2672//6797 2648//6769
f  2668//6792 2750//6979 2645//6764
f  2542//6765 2752//6981 2620//6698
f  2673//6798 2753//6983 2655//6776
f  2751//6980 2748//6977 2659//6780
f  2671//6796 2754//6984 2669//6794
f  2675//6800 2697//6985 2591//6636
f  2697//6985 2708//6986 2591//6636
f  2717//6987 2716//6988 2616//6682
f  2716//6988 2699//6989 2616//6682
f  2667//6791 2751//6980 2597//6763
f  2672//6797 2755//6990 2670//6795
f  2756//6991 2664//6788 2658//6779
f  2755//6990 2756//6991 2670//6795
f  2670//6795 2756//6991 2658//6779
f  2753//6983 2656//6777 2655//6776
f  2641//6992 2635//6976 2642//6768
f  2591//6636 2525//6993 2526//6724
f  2757//6994 2671//6796 2664//6788
f  2713//6995 2662//6783 2661//6782
f  2758//6996 2589//6633 2617//6690
f  2625//6715 2758//6996 2617//6690
f  2752//6981 2751//6980 2667//6791
f  2708//6986 2525//6993 2591//6636
f  2531//6997 2717//6987 2616//6682
f  2530//6723 2531//6997 2616//6682
f  2674//6799 2665//6789 2643//6758
f  2681//6998 2697//6985 2675//6800
f  2699//6989 2695//6982 2616//6682
f  2663//6784 2666//6790 2653//6774
f  2660//6781 2759//6999 2649//6770
f  2759//6999 2673//6798 2649//6770
f  2634//6805 2639//7000 2638//6786
f  2749//6978 2677//6802 2644//6759
f  2753//6983 2760//7001 2656//6777
f  2760//7001 2679//6804 2656//6777
f  2748//6977 2755//6990 2672//6797
f  2756//6991 2757//6994 2664//6788
f  2641//6992 2636//7002 2635//6976
f  2705//7003 2761//7004 2762//7005
f  2761//7006 2763//7007 2762//7008
f  2764//7009 2704//7010 2765//7011
f  2766//7012 2764//7013 2765//7014
f  2767//7015 2705//7003 2762//7005
f  2763//7016 2767//7017 2762//7018
f  2705//7003 2706//7019 2761//7004
f  2768//7020 2763//7007 2761//7006
f  2769//7021 2766//7022 2765//7023
f  2704//7010 2703//7024 2765//7011
f  2721//7025 2704//7010 2764//7009
f  2766//7012 2770//7026 2764//7013
f  2724//7027 2705//7003 2767//7015
f  2763//7016 2771//7028 2767//7017
f  2706//7019 2772//7029 2761//7004
f  2772//7030 2768//7031 2761//7032
f  2773//7033 2769//7034 2765//7035
f  2703//7024 2773//7036 2765//7011
f  2774//7037 2724//7027 2767//7015
f  2771//7038 2775//7039 2767//7040
f  2775//7039 2774//7041 2767//7040
f  2776//7042 2769//7034 2773//7033
f  2722//7043 2777//7044 2703//7024
f  2777//7044 2773//7036 2703//7024
f  2725//7045 2772//7029 2706//7019
f  2764//7009 2778//7046 2721//7025
f  2778//7046 2722//7043 2721//7025
f  2774//7037 2725//7045 2724//7027
f  2779//7047 2772//7029 2725//7045
f  2770//7048 2780//7049 2764//7050
f  2780//7049 2778//7051 2764//7050
f  2781//7052 2768//7053 2772//7054
f  2777//7055 2776//7056 2773//7057
f  2774//7037 2779//7047 2725//7045
f  2778//7046 2777//7044 2722//7043
f  2782//7058 2779//7059 2774//7060
f  2775//7061 2782//7058 2774//7060
f  2779//7062 2781//7063 2772//7063
f  2783//7064 2776//7056 2777//7055
f  2783//7065 2777//7066 2778//7067
f  2780//7068 2783//7065 2778//7067
f  2782//7069 2781//7070 2779//7070
f  2752//6981 2748//6977 2751//6980
f  2784//7071 2668//6792 2669//6794
f  2754//6984 2784//7071 2669//6794
f  2679//6804 2785//7072 2678//6803
f  2654//6775 2785//7072 2663//6784
f  2663//6784 2786//7073 2666//6790
f  2678//6803 2785//7072 2654//6775
f  2757//6994 2754//6984 2671//6796
f  2541//7074 2752//6981 2542//6765
f  2545//7075 2544//6793 2750//6979
f  2784//7071 2750//6979 2668//6792
f  2784//7071 2545//7075 2750//6979
f  2726//7076 2525//6993 2708//6986
f  2531//6997 2735//7077 2717//6987
f  2758//6996 2625//6715 2626//6718
f  2676//6801 2787//7078 2652//6773
f  2787//7078 2749//6978 2652//6773
f  2700//7079 2689//7080 2662//6783
f  2713//6995 2700//7079 2662//6783
f  2689//7080 2675//6800 2662//6783
f  2695//6982 2694//7081 2661//6782
f  2694//7081 2702//7082 2661//6782
f  2702//7082 2713//6995 2661//6782
f  2711//7083 2700//7079 2713//6995
f  2633//7084 2639//7000 2634//6805
f  2732//7085 2525//6993 2726//7076
f  2679//6804 2760//7001 2785//7072
f  2641//6992 2640//7086 2636//7002
f  2786//7073 2788//7087 2666//6790
f  2788//7087 2674//6799 2666//6790
f  2677//6802 2759//6999 2660//6781
f  2732//7085 2737//7088 2525//6993
f  2737//7088 2733//7089 2525//6993
f  2531//6997 2742//7090 2735//7077
f  2742//7090 2739//7091 2735//7077
f  2758//6996 2771//7092 2589//6633
f  2771//7092 2763//7093 2589//6633
f  2618//6691 2766//7094 2626//6718
f  2752//6981 2789//7095 2748//6977
f  2788//7087 2665//6789 2674//6799
f  2790//7096 2677//6802 2749//6978
f  2787//7078 2790//7096 2749//6978
f  2789//7095 2755//6990 2748//6977
f  2757//6994 2784//7071 2754//6984
f  2789//7095 2752//6981 2541//7074
f  2785//7072 2786//7073 2663//6784
f  2759//6999 2791//7097 2673//6798
f  2791//7097 2753//6983 2673//6798
f  2790//7096 2759//6999 2677//6802
f  2741//7098 2525//6993 2733//7089
f  2742//7090 2734//7099 2739//7091
f  2713//6995 2729//7100 2711//7083
f  2729//7100 2733//7089 2711//7083
f  2734//7099 2742//7090 2729//7100
f  2769//7101 2758//6996 2626//6718
f  2766//7094 2769//7101 2626//6718
f  2768//7102 2676//6801 2589//6633
f  2763//7093 2768//7102 2589//6633
f  2780//7103 2770//7104 2618//6691
f  2770//7104 2766//7094 2618//6691
f  2792//7105 2780//7103 2618//6691
f  2741//7106 2639//7000 2633//7084
f  2745//7107 2741//7108 2733//7109
f  2729//7100 2745//7110 2733//7089
f  2792//7105 2618//6691 2665//6789
f  2788//7087 2792//7105 2665//6789
f  2756//6991 2784//7071 2757//6994
f  2746//7111 2745//7110 2729//7100
f  2742//7090 2746//7111 2729//7100
f  2789//7095 2793//7112 2755//6990
f  2793//7112 2756//6991 2755//6990
f  2793//7112 2784//7071 2756//6991
f  2640//7086 2742//7090 2636//7002
f  2769//7101 2794//7113 2758//6996
f  2794//7113 2771//7092 2758//6996
f  2745//7114 2639//7000 2741//7106
f  2746//7111 2742//7090 2640//7086
f  2791//7097 2760//7001 2753//6983
f  2785//7072 2795//7115 2786//7073
f  2745//7110 2793//7112 2541//7074
f  2793//7112 2789//7095 2541//7074
f  2784//7071 2746//7111 2545//7075
f  2793//7112 2746//7111 2784//7071
f  2781//7116 2676//6801 2768//7102
f  2760//7001 2795//7115 2785//7072
f  2791//7097 2795//7115 2760//7001
f  2676//6801 2796//7117 2787//7078
f  2745//7110 2746//7111 2793//7112
f  2797//7118 2783//7119 2792//7105
f  2783//7119 2780//7103 2792//7105
f  2788//7087 2797//7118 2792//7105
f  2795//7115 2788//7087 2786//7073
f  2796//7117 2791//7097 2759//6999
f  2790//7096 2796//7117 2759//6999
f  2776//7120 2794//7113 2769//7101
f  2796//7117 2790//7096 2787//7078
f  2771//7092 2794//7113 2775//7121
f  2795//7115 2797//7118 2788//7087
f  2783//7119 2794//7113 2776//7120
f  2794//7113 2782//7122 2775//7121
f  2796//7117 2676//6801 2781//7116
f  2782//7122 2796//7117 2781//7116
f  2797//7118 2798//7123 2783//7119
f  2799//7124 2795//7115 2791//7097
f  2796//7117 2799//7124 2791//7097
f  2794//7113 2796//7117 2782//7122
f  2798//7123 2794//7113 2783//7119
f  2798//7123 2796//7117 2794//7113
f  2798//7123 2799//7124 2796//7117
f  2799//7124 2797//7118 2795//7115
f  2799//7124 2798//7123 2797//7118

