# File produced by Open Asset Import Library (http://www.assimp.sf.net)
# (assimp v5.4.0)

mtllib umi_finger.mtl

# 11754 vertex positions
v -0.195120215 -0.201150462 -0.0432987362
v -0.192910627 -0.16321528 -0.0434992723
v -0.193253487 -0.169231832 -0.0484675318
v -0.192910627 -0.16321528 -0.0434992723
v -0.193226933 -0.169349954 -0.0705199838
v -0.193253487 -0.169231832 -0.0484675318
v -0.192910627 -0.16321528 -0.0434992723
v -0.195120215 -0.201150462 -0.0432987362
v -0.186297342 -0.195854545 -0.043316476
v -0.195120215 -0.201150462 -0.0432987362
v -0.176813424 -0.196406856 -0.0433020927
v -0.186297342 -0.195854545 -0.043316476
v -0.186297342 -0.195854545 -0.043316476
v -0.176813424 -0.196406856 -0.0433020927
v -0.176786184 -0.195938155 -0.0432676375
v -0.152978346 -0.165540859 -0.043438714
v -0.192910627 -0.16321528 -0.0434992723
v -0.175278351 -0.170051903 -0.0434414111
v -0.192910627 -0.16321528 -0.0434992723
v -0.184762269 -0.169499576 -0.0434557945
v -0.175278351 -0.170051903 -0.0434414111
v -0.175278351 -0.170051903 -0.0434414111
v -0.184762269 -0.169499576 -0.0434557945
v -0.184321091 -0.169995159 -0.0434156731
v -0.184762269 -0.169499576 -0.0434557945
v -0.185801595 -0.195413128 -0.0432813093
v -0.184321091 -0.169995159 -0.0434156731
v -0.184321091 -0.169995159 -0.0434156731
v -0.185801595 -0.195413128 -0.0432813093
v -0.185318142 -0.194982171 -0.0431731343
v -0.185801595 -0.195413128 -0.0432813093
v -0.176759705 -0.1954806 -0.0431601554
v -0.185318142 -0.194982171 -0.0431731343
v -0.185318142 -0.194982171 -0.0431731343
v -0.176759705 -0.1954806 -0.0431601554
v -0.176734626 -0.195045456 -0.0429823063
v -0.192910627 -0.16321528 -0.0434992723
v -0.152978346 -0.165540859 -0.043438714
v -0.158380836 -0.165268764 -0.0514916889
v -0.152978346 -0.165540859 -0.043438714
v -0.158044979 -0.165288091 -0.0514480919
v -0.158380836 -0.165268764 -0.0514916889
v -0.192878053 -0.163360178 -0.0705516487
v -0.192910627 -0.16321528 -0.0434992723
v -0.189903662 -0.163443267 -0.0534945801
v -0.192910627 -0.16321528 -0.0434992723
v -0.189875349 -0.163443118 -0.0531565398
v -0.189903662 -0.163443267 -0.0534945801
v -0.192910627 -0.16321528 -0.0434992723
v -0.192878053 -0.163360178 -0.0705516487
v -0.193226933 -0.169349954 -0.0705199838
v -0.192878053 -0.163360178 -0.0705516487
v -0.192837358 -0.163365141 -0.0710408539
v -0.193226933 -0.169349954 -0.0705199838
v -0.193226933 -0.169349954 -0.0705199838
v -0.192837358 -0.163365141 -0.0710408539
v -0.193186238 -0.169354901 -0.0710091889
v -0.192837358 -0.163365141 -0.0710408539
v -0.192717567 -0.163374633 -0.0715168342
v -0.193186238 -0.169354901 -0.0710091889
v -0.193186238 -0.169354901 -0.0710091889
v -0.192717567 -0.163374633 -0.0715168342
v -0.193066448 -0.169364393 -0.0714851692
v -0.192717567 -0.163374633 -0.0715168342
v -0.19252187 -0.163388416 -0.0719668493
v -0.193066448 -0.169364393 -0.0714851692
v -0.193066448 -0.169364393 -0.0714851692
v -0.19252187 -0.163388416 -0.0719668493
v -0.192870751 -0.169378176 -0.0719351843
v -0.19252187 -0.163388416 -0.0719668493
v -0.192255512 -0.163406104 -0.072378844
v -0.192870751 -0.169378176 -0.0719351843
v -0.192870751 -0.169378176 -0.0719351843
v -0.192255512 -0.163406104 -0.072378844
v -0.192604393 -0.169395864 -0.0723471791
v -0.192255512 -0.163406104 -0.072378844
v -0.19192563 -0.163427234 -0.0727417916
v -0.192604393 -0.169395864 -0.0723471791
v -0.192604393 -0.169395864 -0.0723471791
v -0.19192563 -0.163427234 -0.0727417916
v -0.192274511 -0.169416994 -0.0727101266
v -0.19192563 -0.163427234 -0.0727417916
v -0.191541061 -0.163451239 -0.073045969
v -0.192274511 -0.169416994 -0.0727101266
v -0.192274511 -0.169416994 -0.0727101266
v -0.191541061 -0.163451239 -0.073045969
v -0.191889942 -0.169441015 -0.073014304
v -0.191541061 -0.163451239 -0.073045969
v -0.157571316 -0.165549368 -0.0956539735
v -0.191889942 -0.169441015 -0.073014304
v -0.191889942 -0.169441015 -0.073014304
v -0.157571316 -0.165549368 -0.0956539735
v -0.157920197 -0.171539128 -0.0956223086
v -0.157571316 -0.165549368 -0.0956539735
v -0.157136247 -0.165575966 -0.0958939716
v -0.157920197 -0.171539128 -0.0956223086
v -0.157920197 -0.171539128 -0.0956223086
v -0.157136247 -0.165575966 -0.0958939716
v -0.157485127 -0.171565741 -0.0958623067
v -0.157136247 -0.165575966 -0.0958939716
v -0.156667545 -0.165604144 -0.096058622
v -0.157485127 -0.171565741 -0.0958623067
v -0.157485127 -0.171565741 -0.0958623067
v -0.156667545 -0.165604144 -0.096058622
v -0.157016426 -0.171593904 -0.096026957
v -0.156667545 -0.165604144 -0.096058622
v -0.156178102 -0.165633097 -0.0961434022
v -0.157016426 -0.171593904 -0.096026957
v -0.157016426 -0.171593904 -0.096026957
v -0.156178102 -0.165633097 -0.0961434022
v -0.156526983 -0.171622857 -0.0961117372
v -0.156178102 -0.165633097 -0.0961434022
v -0.155681372 -0.16566205 -0.0961459726
v -0.156526983 -0.171622857 -0.0961117372
v -0.156526983 -0.171622857 -0.0961117372
v -0.155681372 -0.16566205 -0.0961459726
v -0.156030253 -0.17165181 -0.0961143076
v -0.155681372 -0.16566205 -0.0961459726
v -0.155191019 -0.165690184 -0.0960662663
v -0.156030253 -0.17165181 -0.0961143076
v -0.156030253 -0.17165181 -0.0961143076
v -0.155191019 -0.165690184 -0.0960662663
v -0.1555399 -0.171679944 -0.0960346088
v -0.155191019 -0.165690184 -0.0960662663
v -0.154720545 -0.165716738 -0.0959064811
v -0.1555399 -0.171679944 -0.0960346088
v -0.1555399 -0.171679944 -0.0960346088
v -0.154720545 -0.165716738 -0.0959064811
v -0.155069426 -0.171706513 -0.0958748162
v -0.154720545 -0.165716738 -0.0959064811
v -0.154282883 -0.165740997 -0.0956709981
v -0.155069426 -0.171706513 -0.0958748162
v -0.155069426 -0.171706513 -0.0958748162
v -0.154282883 -0.165740997 -0.0956709981
v -0.154631764 -0.171730757 -0.0956393331
v -0.154282883 -0.165740997 -0.0956709981
v -0.153890073 -0.165762261 -0.0953663141
v -0.154631764 -0.171730757 -0.0956393331
v -0.154631764 -0.171730757 -0.0956393331
v -0.153890073 -0.165762261 -0.0953663141
v -0.154238954 -0.171752021 -0.0953346491
v -0.153890073 -0.165762261 -0.0953663141
v -0.153552935 -0.165779963 -0.095000796
v -0.154238954 -0.171752021 -0.0953346491
v -0.154238954 -0.171752021 -0.0953346491
v -0.153552935 -0.165779963 -0.095000796
v -0.153901801 -0.171769723 -0.0949691311
v -0.153552935 -0.165779963 -0.095000796
v -0.15328072 -0.165793613 -0.0945845023
v -0.153901801 -0.171769723 -0.0949691311
v -0.153901801 -0.171769723 -0.0949691311
v -0.15328072 -0.165793613 -0.0945845023
v -0.153629601 -0.171783388 -0.0945528373
v -0.15328072 -0.165793613 -0.0945845023
v -0.153080925 -0.165802851 -0.0941288844
v -0.153629601 -0.171783388 -0.0945528373
v -0.153629601 -0.171783388 -0.0945528373
v -0.153080925 -0.165802851 -0.0941288844
v -0.153429806 -0.171792611 -0.0940972269
v -0.153080925 -0.165802851 -0.0941288844
v -0.152959049 -0.165807396 -0.0936464816
v -0.153429806 -0.171792611 -0.0940972269
v -0.153429806 -0.171792611 -0.0940972269
v -0.152959049 -0.165807396 -0.0936464816
v -0.15330793 -0.171797156 -0.0936148241
v -0.152959049 -0.165807396 -0.0936464816
v -0.152918458 -0.165807143 -0.0931505635
v -0.15330793 -0.171797156 -0.0936148241
v -0.15330793 -0.171797156 -0.0936148241
v -0.152918458 -0.165807143 -0.0931505635
v -0.153267339 -0.171796903 -0.0931188986
v -0.152918458 -0.165807143 -0.0931505635
v -0.153321207 -0.171557412 -0.0484069735
v -0.153267339 -0.171796903 -0.0931188986
v -0.192837358 -0.163365141 -0.0710408539
v -0.192878053 -0.163360178 -0.0705516487
v -0.159659922 -0.165384457 -0.0874728709
v -0.192878053 -0.163360178 -0.0705516487
v -0.187651053 -0.163584933 -0.055474937
v -0.159659922 -0.165384457 -0.0874728709
v -0.159659922 -0.165384457 -0.0874728709
v -0.187651053 -0.163584933 -0.055474937
v -0.187320098 -0.163603827 -0.0554029681
v -0.193253487 -0.169231832 -0.0484675318
v -0.193226933 -0.169349954 -0.0705199838
v -0.190223426 -0.169436514 -0.0538008697
v -0.193226933 -0.169349954 -0.0705199838
v -0.190137699 -0.169443235 -0.0541290119
v -0.190223426 -0.169436514 -0.0538008697
v -0.153321207 -0.171557412 -0.0484069735
v -0.193253487 -0.169231832 -0.0484675318
v -0.158729717 -0.171258524 -0.0514600277
v -0.193253487 -0.169231832 -0.0484675318
v -0.1590534 -0.171240196 -0.0515598506
v -0.158729717 -0.171258524 -0.0514600277
v -0.193253487 -0.169231832 -0.0484675318
v -0.153321207 -0.171557412 -0.0484069735
v -0.154833019 -0.197513059 -0.0482697673
v -0.1947653 -0.195187479 -0.0483303256
v -0.193253487 -0.169231832 -0.0484675318
v -0.154833019 -0.197513059 -0.0482697673
v -0.193253487 -0.169231832 -0.0484675318
v -0.1947653 -0.195187479 -0.0483303256
v -0.195120215 -0.201150462 -0.0432987362
v -0.1947653 -0.195187479 -0.0483303256
v -0.195087627 -0.201295361 -0.0703511089
v -0.195120215 -0.201150462 -0.0432987362
v -0.193226933 -0.169349954 -0.0705199838
v -0.193186238 -0.169354901 -0.0710091889
v -0.188674226 -0.169535279 -0.055415608
v -0.193186238 -0.169354901 -0.0710091889
v -0.193066448 -0.169364393 -0.0714851692
v -0.188674226 -0.169535279 -0.055415608
v -0.188674226 -0.169535279 -0.055415608
v -0.193066448 -0.169364393 -0.0714851692
v -0.192870751 -0.169378176 -0.0719351843
v -0.1947653 -0.195187479 -0.0483303256
v -0.154833019 -0.197513059 -0.0482697673
v -0.189349458 -0.195518985 -0.0513669625
v -0.154833019 -0.197513059 -0.0482697673
v -0.189025536 -0.195538372 -0.0514658019
v -0.189349458 -0.195518985 -0.0513669625
v -0.194738746 -0.195305601 -0.0703827739
v -0.1947653 -0.195187479 -0.0483303256
v -0.191756964 -0.195390001 -0.0534953065
v -0.1947653 -0.195187479 -0.0483303256
v -0.19176437 -0.195388675 -0.053325709
v -0.191756964 -0.195390001 -0.0534953065
v -0.1947653 -0.195187479 -0.0483303256
v -0.194738746 -0.195305601 -0.0703827739
v -0.195087627 -0.201295361 -0.0703511089
v -0.194738746 -0.195305601 -0.0703827739
v -0.194698051 -0.195310548 -0.070871979
v -0.195087627 -0.201295361 -0.0703511089
v -0.195087627 -0.201295361 -0.0703511089
v -0.194698051 -0.195310548 -0.070871979
v -0.195046932 -0.201300308 -0.070840314
v -0.194698051 -0.195310548 -0.070871979
v -0.19457826 -0.19532004 -0.0713479593
v -0.195046932 -0.201300308 -0.070840314
v -0.195046932 -0.201300308 -0.070840314
v -0.19457826 -0.19532004 -0.0713479593
v -0.194927141 -0.201309815 -0.0713163018
v -0.19457826 -0.19532004 -0.0713479593
v -0.194382563 -0.195333824 -0.0717979744
v -0.194927141 -0.201309815 -0.0713163018
v -0.194927141 -0.201309815 -0.0713163018
v -0.194382563 -0.195333824 -0.0717979744
v -0.194731444 -0.201323584 -0.0717663094
v -0.194382563 -0.195333824 -0.0717979744
v -0.194116205 -0.195351511 -0.0722099692
v -0.194731444 -0.201323584 -0.0717663094
v -0.194731444 -0.201323584 -0.0717663094
v -0.194116205 -0.195351511 -0.0722099692
v -0.194465086 -0.201341271 -0.0721783042
v -0.194116205 -0.195351511 -0.0722099692
v -0.193786323 -0.195372656 -0.0725729167
v -0.194465086 -0.201341271 -0.0721783042
v -0.194465086 -0.201341271 -0.0721783042
v -0.193786323 -0.195372656 -0.0725729167
v -0.194135204 -0.201362416 -0.0725412592
v -0.193786323 -0.195372656 -0.0725729167
v -0.193401754 -0.195396662 -0.0728771016
v -0.194135204 -0.201362416 -0.0725412592
v -0.194135204 -0.201362416 -0.0725412592
v -0.193401754 -0.195396662 -0.0728771016
v -0.193750635 -0.201386422 -0.0728454366
v -0.193401754 -0.195396662 -0.0728771016
v -0.15978089 -0.203484535 -0.0954534337
v -0.193750635 -0.201386422 -0.0728454366
v -0.194698051 -0.195310548 -0.070871979
v -0.194738746 -0.195305601 -0.0703827739
v -0.1903501 -0.195481151 -0.0552358702
v -0.194738746 -0.195305601 -0.0703827739
v -0.190664485 -0.195462167 -0.0551098697
v -0.1903501 -0.195481151 -0.0552358702
v -0.195120215 -0.201150462 -0.0432987362
v -0.195087627 -0.201295361 -0.0703511089
v -0.192105845 -0.201379761 -0.0534636416
v -0.195087627 -0.201295361 -0.0703511089
v -0.192048207 -0.201384887 -0.0537978932
v -0.192105845 -0.201379761 -0.0534636416
v -0.15518792 -0.203476042 -0.0432381779
v -0.195120215 -0.201150462 -0.0432987362
v -0.161068439 -0.20317699 -0.0514611378
v -0.195120215 -0.201150462 -0.0432987362
v -0.161356598 -0.20316115 -0.0516394265
v -0.161068439 -0.20317699 -0.0514611378
v -0.195120215 -0.201150462 -0.0432987362
v -0.15518792 -0.203476042 -0.0432381779
v -0.170823589 -0.196755707 -0.0432930104
v -0.15518792 -0.203476042 -0.0432381779
v -0.161339656 -0.197308019 -0.0432786271
v -0.170823589 -0.196755707 -0.0432930104
v -0.170823589 -0.196755707 -0.0432930104
v -0.161339656 -0.197308019 -0.0432786271
v -0.161780924 -0.196812034 -0.0432448797
v -0.161339656 -0.197308019 -0.0432786271
v -0.160300434 -0.17139408 -0.0433792472
v -0.161780924 -0.196812034 -0.0432448797
v -0.161780924 -0.196812034 -0.0432448797
v -0.160300434 -0.17139408 -0.0433792472
v -0.160784155 -0.171823844 -0.04326763
v -0.160300434 -0.17139408 -0.0433792472
v -0.169342592 -0.171325415 -0.043280609
v -0.160784155 -0.171823844 -0.04326763
v -0.160784155 -0.171823844 -0.04326763
v -0.169342592 -0.171325415 -0.043280609
v -0.169368103 -0.171758637 -0.0430981666
v -0.195087627 -0.201295361 -0.0703511089
v -0.195046932 -0.201300308 -0.070840314
v -0.190367848 -0.201490566 -0.055275172
v -0.195046932 -0.201300308 -0.070840314
v -0.194927141 -0.201309815 -0.0713163018
v -0.190367848 -0.201490566 -0.055275172
v -0.190367848 -0.201490566 -0.055275172
v -0.194927141 -0.201309815 -0.0713163018
v -0.194731444 -0.201323584 -0.0717663094
v -0.192717567 -0.163374633 -0.0715168342
v -0.192837358 -0.163365141 -0.0710408539
v -0.159659922 -0.165384457 -0.0874728709
v -0.19457826 -0.19532004 -0.0713479593
v -0.194698051 -0.195310548 -0.070871979
v -0.190018967 -0.195500806 -0.055306837
v -0.194698051 -0.195310548 -0.070871979
v -0.1903501 -0.195481151 -0.0552358702
v -0.190018967 -0.195500806 -0.055306837
v -0.19252187 -0.163388416 -0.0719668493
v -0.192717567 -0.163374633 -0.0715168342
v -0.159659922 -0.165384457 -0.0874728709
v -0.194382563 -0.195333824 -0.0717979744
v -0.19457826 -0.19532004 -0.0713479593
v -0.190018967 -0.195500806 -0.055306837
v -0.192255512 -0.163406104 -0.072378844
v -0.19252187 -0.163388416 -0.0719668493
v -0.159659922 -0.165384457 -0.0874728709
v -0.192870751 -0.169378176 -0.0719351843
v -0.192604393 -0.169395864 -0.0723471791
v -0.188674226 -0.169535279 -0.055415608
v -0.192604393 -0.169395864 -0.0723471791
v -0.192274511 -0.169416994 -0.0727101266
v -0.188674226 -0.169535279 -0.055415608
v -0.188674226 -0.169535279 -0.055415608
v -0.192274511 -0.169416994 -0.0727101266
v -0.188338265 -0.169555068 -0.0554581843
v -0.192274511 -0.169416994 -0.0727101266
v -0.191889942 -0.169441015 -0.073014304
v -0.188338265 -0.169555068 -0.0554581843
v -0.188338265 -0.169555068 -0.0554581843
v -0.191889942 -0.169441015 -0.073014304
v -0.187999934 -0.169574708 -0.0554432757
v -0.191889942 -0.169441015 -0.073014304
v -0.187668979 -0.169593602 -0.0553713068
v -0.187999934 -0.169574708 -0.0554432757
v -0.194116205 -0.195351511 -0.0722099692
v -0.194382563 -0.195333824 -0.0717979744
v -0.190018967 -0.195500806 -0.055306837
v -0.194731444 -0.201323584 -0.0717663094
v -0.194465086 -0.201341271 -0.0721783042
v -0.190367848 -0.201490566 -0.055275172
v -0.194465086 -0.201341271 -0.0721783042
v -0.194135204 -0.201362416 -0.0725412592
v -0.190367848 -0.201490566 -0.055275172
v -0.190367848 -0.201490566 -0.055275172
v -0.194135204 -0.201362416 -0.0725412592
v -0.193750635 -0.201386422 -0.0728454366
v -0.19192563 -0.163427234 -0.0727417916
v -0.192255512 -0.163406104 -0.072378844
v -0.159659922 -0.165384457 -0.0874728709
v -0.193786323 -0.195372656 -0.0725729167
v -0.194116205 -0.195351511 -0.0722099692
v -0.190018967 -0.195500806 -0.055306837
v -0.191541061 -0.163451239 -0.073045969
v -0.19192563 -0.163427234 -0.0727417916
v -0.159659922 -0.165384457 -0.0874728709
v -0.193401754 -0.195396662 -0.0728771016
v -0.193786323 -0.195372656 -0.0725729167
v -0.190018967 -0.195500806 -0.055306837
v -0.157571316 -0.165549368 -0.0956539735
v -0.191541061 -0.163451239 -0.073045969
v -0.159467593 -0.165407464 -0.0897043794
v -0.191541061 -0.163451239 -0.073045969
v -0.159657568 -0.165394917 -0.0894236267
v -0.159467593 -0.165407464 -0.0897043794
v -0.191889942 -0.169441015 -0.073014304
v -0.157920197 -0.171539128 -0.0956223086
v -0.159581855 -0.171412185 -0.0899172649
v -0.157920197 -0.171539128 -0.0956223086
v -0.159309343 -0.171429113 -0.0901185647
v -0.159581855 -0.171412185 -0.0899172649
v -0.159432009 -0.197494775 -0.0954850987
v -0.193401754 -0.195396662 -0.0728771016
v -0.189680606 -0.195520595 -0.0553207174
v -0.193401754 -0.195396662 -0.0728771016
v -0.190018967 -0.195500806 -0.055306837
v -0.189680606 -0.195520595 -0.0553207174
v -0.193401754 -0.195396662 -0.0728771016
v -0.159432009 -0.197494775 -0.0954850987
v -0.15978089 -0.203484535 -0.0954534337
v -0.159432009 -0.197494775 -0.0954850987
v -0.158996955 -0.197521389 -0.0957250968
v -0.15978089 -0.203484535 -0.0954534337
v -0.15978089 -0.203484535 -0.0954534337
v -0.158996955 -0.197521389 -0.0957250968
v -0.159345821 -0.203511149 -0.0956934318
v -0.158996955 -0.197521389 -0.0957250968
v -0.158528239 -0.197549552 -0.0958897471
v -0.159345821 -0.203511149 -0.0956934318
v -0.159345821 -0.203511149 -0.0956934318
v -0.158528239 -0.197549552 -0.0958897471
v -0.158877119 -0.203539312 -0.0958580896
v -0.158528239 -0.197549552 -0.0958897471
v -0.158038795 -0.197578505 -0.0959745347
v -0.158877119 -0.203539312 -0.0958580896
v -0.158877119 -0.203539312 -0.0958580896
v -0.158038795 -0.197578505 -0.0959745347
v -0.158387676 -0.20356828 -0.0959428698
v -0.158038795 -0.197578505 -0.0959745347
v -0.157542065 -0.197607458 -0.0959770977
v -0.158387676 -0.20356828 -0.0959428698
v -0.158387676 -0.20356828 -0.0959428698
v -0.157542065 -0.197607458 -0.0959770977
v -0.157890946 -0.203597218 -0.0959454402
v -0.157542065 -0.197607458 -0.0959770977
v -0.157051712 -0.197635591 -0.0958973989
v -0.157890946 -0.203597218 -0.0959454402
v -0.157890946 -0.203597218 -0.0959454402
v -0.157051712 -0.197635591 -0.0958973989
v -0.157400593 -0.203625351 -0.0958657339
v -0.157051712 -0.197635591 -0.0958973989
v -0.156581238 -0.19766216 -0.0957376063
v -0.157400593 -0.203625351 -0.0958657339
v -0.157400593 -0.203625351 -0.0958657339
v -0.156581238 -0.19766216 -0.0957376063
v -0.156930119 -0.20365192 -0.0957059488
v -0.156581238 -0.19766216 -0.0957376063
v -0.156143576 -0.197686404 -0.0955021307
v -0.156930119 -0.20365192 -0.0957059488
v -0.156930119 -0.20365192 -0.0957059488
v -0.156143576 -0.197686404 -0.0955021307
v -0.156492457 -0.203676164 -0.0954704657
v -0.156143576 -0.197686404 -0.0955021307
v -0.155750766 -0.197707668 -0.0951974392
v -0.156492457 -0.203676164 -0.0954704657
v -0.156492457 -0.203676164 -0.0954704657
v -0.155750766 -0.197707668 -0.0951974392
v -0.156099647 -0.203697428 -0.0951657742
v -0.155750766 -0.197707668 -0.0951974392
v -0.155413628 -0.197725371 -0.0948319212
v -0.156099647 -0.203697428 -0.0951657742
v -0.156099647 -0.203697428 -0.0951657742
v -0.155413628 -0.197725371 -0.0948319212
v -0.155762509 -0.203715146 -0.0948002636
v -0.155413628 -0.197725371 -0.0948319212
v -0.155141413 -0.197739035 -0.0944156349
v -0.155762509 -0.203715146 -0.0948002636
v -0.155762509 -0.203715146 -0.0948002636
v -0.155141413 -0.197739035 -0.0944156349
v -0.155490294 -0.203728795 -0.0943839699
v -0.155141413 -0.197739035 -0.0944156349
v -0.154941618 -0.197748259 -0.093960017
v -0.155490294 -0.203728795 -0.0943839699
v -0.155490294 -0.203728795 -0.0943839699
v -0.154941618 -0.197748259 -0.093960017
v -0.155290499 -0.203738019 -0.093928352
v -0.154941618 -0.197748259 -0.093960017
v -0.154819757 -0.197752804 -0.0934776142
v -0.155290499 -0.203738019 -0.093928352
v -0.155290499 -0.203738019 -0.093928352
v -0.154819757 -0.197752804 -0.0934776142
v -0.155168638 -0.203742564 -0.0934459493
v -0.154819757 -0.197752804 -0.0934776142
v -0.154779151 -0.19775255 -0.0929816887
v -0.155168638 -0.203742564 -0.0934459493
v -0.155168638 -0.203742564 -0.0934459493
v -0.154779151 -0.19775255 -0.0929816887
v -0.155128032 -0.20374231 -0.0929500312
v -0.154779151 -0.19775255 -0.0929816887
v -0.15518792 -0.203476042 -0.0432381779
v -0.155128032 -0.20374231 -0.0929500312
v -0.193750635 -0.201386422 -0.0728454366
v -0.15978089 -0.203484535 -0.0954534337
v -0.16156505 -0.203349844 -0.0896311104
v -0.15978089 -0.203484535 -0.0954534337
v -0.161310568 -0.203365847 -0.0898548439
v -0.16156505 -0.203349844 -0.0896311104
v -0.189903662 -0.163443267 -0.0534945801
v -0.189875349 -0.163443118 -0.0531565398
v -0.19007811 -0.166438147 -0.0534787476
v -0.189875349 -0.163443118 -0.0531565398
v -0.19022423 -0.169432893 -0.0531248748
v -0.19007811 -0.166438147 -0.0534787476
v -0.19007811 -0.166438147 -0.0534787476
v -0.19022423 -0.169432893 -0.0531248748
v -0.190252542 -0.169433028 -0.0534629151
v -0.189874545 -0.163446739 -0.053832531
v -0.189903662 -0.163443267 -0.0534945801
v -0.19007811 -0.166438147 -0.0534787476
v -0.189903662 -0.163443267 -0.0534945801
v -0.189874545 -0.163446739 -0.053832531
v -0.192878053 -0.163360178 -0.0705516487
v -0.189874545 -0.163446739 -0.053832531
v -0.189788818 -0.163453475 -0.0541606769
v -0.192878053 -0.163360178 -0.0705516487
v -0.192878053 -0.163360178 -0.0705516487
v -0.189788818 -0.163453475 -0.0541606769
v -0.189648956 -0.16346325 -0.0544695705
v -0.190223426 -0.169436514 -0.0538008697
v -0.190252542 -0.169433028 -0.0534629151
v -0.193253487 -0.169231832 -0.0484675318
v -0.190252542 -0.169433028 -0.0534629151
v -0.19022423 -0.169432893 -0.0531248748
v -0.193253487 -0.169231832 -0.0484675318
v -0.193253487 -0.169231832 -0.0484675318
v -0.19022423 -0.169432893 -0.0531248748
v -0.190139294 -0.169436097 -0.0527964756
v -0.190252542 -0.169433028 -0.0534629151
v -0.190223426 -0.169436514 -0.0538008697
v -0.19007811 -0.166438147 -0.0534787476
v -0.190223426 -0.169436514 -0.0538008697
v -0.189874545 -0.163446739 -0.053832531
v -0.19007811 -0.166438147 -0.0534787476
v -0.191757366 -0.195388183 -0.0531560853
v -0.19176437 -0.195388675 -0.053325709
v -0.1947653 -0.195187479 -0.0483303256
v -0.19176437 -0.195388675 -0.053325709
v -0.191757366 -0.195388183 -0.0531560853
v -0.191938803 -0.198383555 -0.0533098765
v -0.191757366 -0.195388183 -0.0531560853
v -0.192106247 -0.201377943 -0.0531244241
v -0.191938803 -0.198383555 -0.0533098765
v -0.191938803 -0.198383555 -0.0533098765
v -0.192106247 -0.201377943 -0.0531244241
v -0.19211325 -0.201378435 -0.053294044
v -0.191756964 -0.195390001 -0.0534953065
v -0.19176437 -0.195388675 -0.053325709
v -0.191938803 -0.198383555 -0.0533098765
v -0.192105845 -0.201379761 -0.0534636416
v -0.19211325 -0.201378435 -0.053294044
v -0.195120215 -0.201150462 -0.0432987362
v -0.19211325 -0.201378435 -0.053294044
v -0.192106247 -0.201377943 -0.0531244241
v -0.195120215 -0.201150462 -0.0432987362
v -0.195120215 -0.201150462 -0.0432987362
v -0.192106247 -0.201377943 -0.0531244241
v -0.192049429 -0.201379493 -0.0527899973
v -0.19211325 -0.201378435 -0.053294044
v -0.192105845 -0.201379761 -0.0534636416
v -0.191938803 -0.198383555 -0.0533098765
v -0.192105845 -0.201379761 -0.0534636416
v -0.191756964 -0.195390001 -0.0534953065
v -0.191938803 -0.198383555 -0.0533098765
v -0.191700548 -0.195389733 -0.0528216586
v -0.191757366 -0.195388183 -0.0531560853
v -0.1947653 -0.195187479 -0.0483303256
v -0.191757366 -0.195388183 -0.0531560853
v -0.191700548 -0.195389733 -0.0528216586
v -0.192049429 -0.201379493 -0.0527899973
v -0.191700548 -0.195389733 -0.0528216586
v -0.191937 -0.201384351 -0.0524699837
v -0.192049429 -0.201379493 -0.0527899973
v -0.191699326 -0.195395127 -0.0538295582
v -0.191756964 -0.195390001 -0.0534953065
v -0.192105845 -0.201379761 -0.0534636416
v -0.191756964 -0.195390001 -0.0534953065
v -0.191699326 -0.195395127 -0.0538295582
v -0.194738746 -0.195305601 -0.0703827739
v -0.191699326 -0.195395127 -0.0538295582
v -0.191586122 -0.195403412 -0.0541492291
v -0.194738746 -0.195305601 -0.0703827739
v -0.194738746 -0.195305601 -0.0703827739
v -0.191586122 -0.195403412 -0.0541492291
v -0.191420615 -0.195414618 -0.0544451214
v -0.192049429 -0.201379493 -0.0527899973
v -0.192106247 -0.201377943 -0.0531244241
v -0.191757366 -0.195388183 -0.0531560853
v -0.192105845 -0.201379761 -0.0534636416
v -0.192048207 -0.201384887 -0.0537978932
v -0.191699326 -0.195395127 -0.0538295582
v -0.192048207 -0.201384887 -0.0537978932
v -0.191586122 -0.195403412 -0.0541492291
v -0.191699326 -0.195395127 -0.0538295582
v -0.189790413 -0.163446337 -0.0528281368
v -0.189875349 -0.163443118 -0.0531565398
v -0.192910627 -0.16321528 -0.0434992723
v -0.189875349 -0.163443118 -0.0531565398
v -0.189790413 -0.163446337 -0.0528281368
v -0.190139294 -0.169436097 -0.0527964756
v -0.189790413 -0.163446337 -0.0528281368
v -0.190000176 -0.169442564 -0.0524871536
v -0.190139294 -0.169436097 -0.0527964756
v -0.189788818 -0.163453475 -0.0541606769
v -0.189874545 -0.163446739 -0.053832531
v -0.190223426 -0.169436514 -0.0538008697
v -0.190139294 -0.169436097 -0.0527964756
v -0.19022423 -0.169432893 -0.0531248748
v -0.189875349 -0.163443118 -0.0531565398
v -0.190223426 -0.169436514 -0.0538008697
v -0.190137699 -0.169443235 -0.0541290119
v -0.189788818 -0.163453475 -0.0541606769
v -0.190137699 -0.169443235 -0.0541290119
v -0.189648956 -0.16346325 -0.0544695705
v -0.189788818 -0.163453475 -0.0541606769
v -0.191588119 -0.19539459 -0.0525016487
v -0.191700548 -0.195389733 -0.0528216586
v -0.1947653 -0.195187479 -0.0483303256
v -0.191700548 -0.195389733 -0.0528216586
v -0.191588119 -0.19539459 -0.0525016487
v -0.191937 -0.201384351 -0.0524699837
v -0.191588119 -0.19539459 -0.0525016487
v -0.191772193 -0.201392382 -0.0521735922
v -0.191937 -0.201384351 -0.0524699837
v -0.192049429 -0.201379493 -0.0527899973
v -0.191937 -0.201384351 -0.0524699837
v -0.195120215 -0.201150462 -0.0432987362
v -0.191937 -0.201384351 -0.0524699837
v -0.191772193 -0.201392382 -0.0521735922
v -0.195120215 -0.201150462 -0.0432987362
v -0.195120215 -0.201150462 -0.0432987362
v -0.191772193 -0.201392382 -0.0521735922
v -0.191559762 -0.20140335 -0.0519093461
v -0.191935003 -0.201393172 -0.0541175641
v -0.192048207 -0.201384887 -0.0537978932
v -0.195087627 -0.201295361 -0.0703511089
v -0.192048207 -0.201384887 -0.0537978932
v -0.191935003 -0.201393172 -0.0541175641
v -0.191586122 -0.195403412 -0.0541492291
v -0.191935003 -0.201393172 -0.0541175641
v -0.191420615 -0.195414618 -0.0544451214
v -0.191586122 -0.195403412 -0.0541492291
v -0.189651296 -0.163452804 -0.0525188185
v -0.189790413 -0.163446337 -0.0528281368
v -0.192910627 -0.16321528 -0.0434992723
v -0.189790413 -0.163446337 -0.0528281368
v -0.189651296 -0.163452804 -0.0525188185
v -0.190000176 -0.169442564 -0.0524871536
v -0.189651296 -0.163452804 -0.0525188185
v -0.189810887 -0.169452101 -0.0522058234
v -0.190000176 -0.169442564 -0.0524871536
v -0.190139294 -0.169436097 -0.0527964756
v -0.190000176 -0.169442564 -0.0524871536
v -0.193253487 -0.169231832 -0.0484675318
v -0.190000176 -0.169442564 -0.0524871536
v -0.189810887 -0.169452101 -0.0522058234
v -0.193253487 -0.169231832 -0.0484675318
v -0.193253487 -0.169231832 -0.0484675318
v -0.189810887 -0.169452101 -0.0522058234
v -0.189576849 -0.169464439 -0.0519605689
v -0.189997837 -0.16945301 -0.0544379056
v -0.190137699 -0.169443235 -0.0541290119
v -0.193226933 -0.169349954 -0.0705199838
v -0.190137699 -0.169443235 -0.0541290119
v -0.189997837 -0.16945301 -0.0544379056
v -0.189648956 -0.16346325 -0.0544695705
v -0.189997837 -0.16945301 -0.0544379056
v -0.189458981 -0.163475797 -0.054750327
v -0.189648956 -0.16346325 -0.0544695705
v -0.191423312 -0.195402622 -0.0522052534
v -0.191588119 -0.19539459 -0.0525016487
v -0.1947653 -0.195187479 -0.0483303256
v -0.191588119 -0.19539459 -0.0525016487
v -0.191423312 -0.195402622 -0.0522052534
v -0.191772193 -0.201392382 -0.0521735922
v -0.191423312 -0.195402622 -0.0522052534
v -0.191559762 -0.20140335 -0.0519093461
v -0.191772193 -0.201392382 -0.0521735922
v -0.191769496 -0.201404378 -0.0544134565
v -0.191935003 -0.201393172 -0.0541175641
v -0.195087627 -0.201295361 -0.0703511089
v -0.191935003 -0.201393172 -0.0541175641
v -0.191769496 -0.201404378 -0.0544134565
v -0.191420615 -0.195414618 -0.0544451214
v -0.191769496 -0.201404378 -0.0544134565
v -0.191207543 -0.195428416 -0.054708723
v -0.191420615 -0.195414618 -0.0544451214
v -0.189462006 -0.163462341 -0.0522374883
v -0.189651296 -0.163452804 -0.0525188185
v -0.192910627 -0.16321528 -0.0434992723
v -0.189651296 -0.163452804 -0.0525188185
v -0.189462006 -0.163462341 -0.0522374883
v -0.189810887 -0.169452101 -0.0522058234
v -0.189462006 -0.163462341 -0.0522374883
v -0.189576849 -0.169464439 -0.0519605689
v -0.189810887 -0.169452101 -0.0522058234
v -0.189648956 -0.16346325 -0.0544695705
v -0.189458981 -0.163475797 -0.054750327
v -0.192878053 -0.163360178 -0.0705516487
v -0.189458981 -0.163475797 -0.054750327
v -0.189224362 -0.163490757 -0.0549948737
v -0.192878053 -0.163360178 -0.0705516487
v -0.192878053 -0.163360178 -0.0705516487
v -0.189224362 -0.163490757 -0.0549948737
v -0.188951835 -0.1635077 -0.0551961698
v -0.189807862 -0.169465572 -0.0547186658
v -0.189997837 -0.16945301 -0.0544379056
v -0.193226933 -0.169349954 -0.0705199838
v -0.189997837 -0.16945301 -0.0544379056
v -0.189807862 -0.169465572 -0.0547186658
v -0.189458981 -0.163475797 -0.054750327
v -0.189807862 -0.169465572 -0.0547186658
v -0.189224362 -0.163490757 -0.0549948737
v -0.189458981 -0.163475797 -0.054750327
v -0.191210881 -0.195413589 -0.0519410074
v -0.191423312 -0.195402622 -0.0522052534
v -0.1947653 -0.195187479 -0.0483303256
v -0.191423312 -0.195402622 -0.0522052534
v -0.191210881 -0.195413589 -0.0519410074
v -0.191559762 -0.20140335 -0.0519093461
v -0.191210881 -0.195413589 -0.0519410074
v -0.191305816 -0.201416954 -0.0516848452
v -0.191559762 -0.20140335 -0.0519093461
v -0.191420615 -0.195414618 -0.0544451214
v -0.191207543 -0.195428416 -0.054708723
v -0.194738746 -0.195305601 -0.0703827739
v -0.191207543 -0.195428416 -0.054708723
v -0.190953061 -0.19544442 -0.054932449
v -0.194738746 -0.195305601 -0.0703827739
v -0.194738746 -0.195305601 -0.0703827739
v -0.190953061 -0.19544442 -0.054932449
v -0.190664485 -0.195462167 -0.0551098697
v -0.191556424 -0.201418176 -0.054677058
v -0.191769496 -0.201404378 -0.0544134565
v -0.195087627 -0.201295361 -0.0703511089
v -0.191769496 -0.201404378 -0.0544134565
v -0.191556424 -0.201418176 -0.054677058
v -0.191207543 -0.195428416 -0.054708723
v -0.191556424 -0.201418176 -0.054677058
v -0.190953061 -0.19544442 -0.054932449
v -0.191207543 -0.195428416 -0.054708723
v -0.189227968 -0.163474679 -0.0519922301
v -0.189462006 -0.163462341 -0.0522374883
v -0.192910627 -0.16321528 -0.0434992723
v -0.189462006 -0.163462341 -0.0522374883
v -0.189227968 -0.163474679 -0.0519922301
v -0.189576849 -0.169464439 -0.0519605689
v -0.189227968 -0.163474679 -0.0519922301
v -0.189304829 -0.169479221 -0.0517584421
v -0.189576849 -0.169464439 -0.0519605689
v -0.189573243 -0.169480518 -0.0549632087
v -0.189807862 -0.169465572 -0.0547186658
v -0.193226933 -0.169349954 -0.0705199838
v -0.189807862 -0.169465572 -0.0547186658
v -0.189573243 -0.169480518 -0.0549632087
v -0.189224362 -0.163490757 -0.0549948737
v -0.189573243 -0.169480518 -0.0549632087
v -0.188951835 -0.1635077 -0.0551961698
v -0.189224362 -0.163490757 -0.0549948737
v -0.190956935 -0.195427194 -0.0517165102
v -0.191210881 -0.195413589 -0.0519410074
v -0.1947653 -0.195187479 -0.0483303256
v -0.191210881 -0.195413589 -0.0519410074
v -0.190956935 -0.195427194 -0.0517165102
v -0.191305816 -0.201416954 -0.0516848452
v -0.190956935 -0.195427194 -0.0517165102
v -0.191017658 -0.201432794 -0.0515065528
v -0.191305816 -0.201416954 -0.0516848452
v -0.191559762 -0.20140335 -0.0519093461
v -0.191305816 -0.201416954 -0.0516848452
v -0.195120215 -0.201150462 -0.0432987362
v -0.191305816 -0.201416954 -0.0516848452
v -0.191017658 -0.201432794 -0.0515065528
v -0.195120215 -0.201150462 -0.0432987362
v -0.195120215 -0.201150462 -0.0432987362
v -0.191017658 -0.201432794 -0.0515065528
v -0.190703586 -0.201450422 -0.0513795987
v -0.191301942 -0.20143418 -0.0549007878
v -0.191556424 -0.201418176 -0.054677058
v -0.195087627 -0.201295361 -0.0703511089
v -0.191556424 -0.201418176 -0.054677058
v -0.191301942 -0.20143418 -0.0549007878
v -0.190953061 -0.19544442 -0.054932449
v -0.191301942 -0.20143418 -0.0549007878
v -0.190664485 -0.195462167 -0.0551098697
v -0.190953061 -0.19544442 -0.054932449
v -0.188955948 -0.163489461 -0.051790107
v -0.189227968 -0.163474679 -0.0519922301
v -0.192910627 -0.16321528 -0.0434992723
v -0.189227968 -0.163474679 -0.0519922301
v -0.188955948 -0.163489461 -0.051790107
v -0.189304829 -0.169479221 -0.0517584421
v -0.188955948 -0.163489461 -0.051790107
v -0.189002618 -0.169496015 -0.0516052693
v -0.189304829 -0.169479221 -0.0517584421
v -0.189576849 -0.169464439 -0.0519605689
v -0.189304829 -0.169479221 -0.0517584421
v -0.193253487 -0.169231832 -0.0484675318
v -0.189304829 -0.169479221 -0.0517584421
v -0.189002618 -0.169496015 -0.0516052693
v -0.193253487 -0.169231832 -0.0484675318
v -0.193253487 -0.169231832 -0.0484675318
v -0.189002618 -0.169496015 -0.0516052693
v -0.188678935 -0.169514343 -0.0515054464
v -0.189300716 -0.16949746 -0.0551645085
v -0.189573243 -0.169480518 -0.0549632087
v -0.193226933 -0.169349954 -0.0705199838
v -0.189573243 -0.169480518 -0.0549632087
v -0.189300716 -0.16949746 -0.0551645085
v -0.188951835 -0.1635077 -0.0551961698
v -0.189300716 -0.16949746 -0.0551645085
v -0.188649267 -0.163526133 -0.0553484298
v -0.188951835 -0.1635077 -0.0551961698
v -0.190668777 -0.195443034 -0.0515382178
v -0.190956935 -0.195427194 -0.0517165102
v -0.1947653 -0.195187479 -0.0483303256
v -0.190956935 -0.195427194 -0.0517165102
v -0.190668777 -0.195443034 -0.0515382178
v -0.191017658 -0.201432794 -0.0515065528
v -0.190668777 -0.195443034 -0.0515382178
v -0.190703586 -0.201450422 -0.0513795987
v -0.191017658 -0.201432794 -0.0515065528
v -0.191013366 -0.201451927 -0.0550782047
v -0.191301942 -0.20143418 -0.0549007878
v -0.195087627 -0.201295361 -0.0703511089
v -0.191301942 -0.20143418 -0.0549007878
v -0.191013366 -0.201451927 -0.0550782047
v -0.190664485 -0.195462167 -0.0551098697
v -0.191013366 -0.201451927 -0.0550782047
v -0.1903501 -0.195481151 -0.0552358702
v -0.190664485 -0.195462167 -0.0551098697
v -0.188653737 -0.16350624 -0.0516369306
v -0.188955948 -0.163489461 -0.051790107
v -0.192910627 -0.16321528 -0.0434992723
v -0.188955948 -0.163489461 -0.051790107
v -0.188653737 -0.16350624 -0.0516369306
v -0.189002618 -0.169496015 -0.0516052693
v -0.188653737 -0.16350624 -0.0516369306
v -0.188678935 -0.169514343 -0.0515054464
v -0.189002618 -0.169496015 -0.0516052693
v -0.188951835 -0.1635077 -0.0551961698
v -0.188649267 -0.163526133 -0.0553484298
v -0.192878053 -0.163360178 -0.0705516487
v -0.188649267 -0.163526133 -0.0553484298
v -0.188325346 -0.163545519 -0.0554472692
v -0.192878053 -0.163360178 -0.0705516487
v -0.192878053 -0.163360178 -0.0705516487
v -0.188325346 -0.163545519 -0.0554472692
v -0.187989384 -0.163565308 -0.0554898456
v -0.188998148 -0.169515893 -0.0553167686
v -0.189300716 -0.16949746 -0.0551645085
v -0.193226933 -0.169349954 -0.0705199838
v -0.189300716 -0.16949746 -0.0551645085
v -0.188998148 -0.169515893 -0.0553167686
v -0.188649267 -0.163526133 -0.0553484298
v -0.188998148 -0.169515893 -0.0553167686
v -0.188325346 -0.163545519 -0.0554472692
v -0.188649267 -0.163526133 -0.0553484298
v -0.190354705 -0.195460662 -0.0514112636
v -0.190668777 -0.195443034 -0.0515382178
v -0.1947653 -0.195187479 -0.0483303256
v -0.190668777 -0.195443034 -0.0515382178
v -0.190354705 -0.195460662 -0.0514112636
v -0.190703586 -0.201450422 -0.0513795987
v -0.190354705 -0.195460662 -0.0514112636
v -0.190372616 -0.201469317 -0.0513076298
v -0.190703586 -0.201450422 -0.0513795987
v -0.190698981 -0.201470912 -0.0552042089
v -0.191013366 -0.201451927 -0.0550782047
v -0.195087627 -0.201295361 -0.0703511089
v -0.191013366 -0.201451927 -0.0550782047
v -0.190698981 -0.201470912 -0.0552042089
v -0.1903501 -0.195481151 -0.0552358702
v -0.190698981 -0.201470912 -0.0552042089
v -0.190018967 -0.195500806 -0.055306837
v -0.1903501 -0.195481151 -0.0552358702
v -0.188330054 -0.163524568 -0.0515371077
v -0.188653737 -0.16350624 -0.0516369306
v -0.192910627 -0.16321528 -0.0434992723
v -0.188653737 -0.16350624 -0.0516369306
v -0.188330054 -0.163524568 -0.0515371077
v -0.188678935 -0.169514343 -0.0515054464
v -0.188330054 -0.163524568 -0.0515371077
v -0.188343078 -0.16953367 -0.0514618494
v -0.188678935 -0.169514343 -0.0515054464
v -0.188674226 -0.169535279 -0.055415608
v -0.188998148 -0.169515893 -0.0553167686
v -0.193226933 -0.169349954 -0.0705199838
v -0.188998148 -0.169515893 -0.0553167686
v -0.188674226 -0.169535279 -0.055415608
v -0.188325346 -0.163545519 -0.0554472692
v -0.188674226 -0.169535279 -0.055415608
v -0.187989384 -0.163565308 -0.0554898456
v -0.188325346 -0.163545519 -0.0554472692
v -0.19002375 -0.195479557 -0.0513392948
v -0.190354705 -0.195460662 -0.0514112636
v -0.1947653 -0.195187479 -0.0483303256
v -0.190354705 -0.195460662 -0.0514112636
v -0.19002375 -0.195479557 -0.0513392948
v -0.190372616 -0.201469317 -0.0513076298
v -0.19002375 -0.195479557 -0.0513392948
v -0.1900343 -0.201488942 -0.0512927175
v -0.190372616 -0.201469317 -0.0513076298
v -0.190703586 -0.201450422 -0.0513795987
v -0.190372616 -0.201469317 -0.0513076298
v -0.195120215 -0.201150462 -0.0432987362
v -0.190372616 -0.201469317 -0.0513076298
v -0.1900343 -0.201488942 -0.0512927175
v -0.195120215 -0.201150462 -0.0432987362
v -0.195120215 -0.201150462 -0.0432987362
v -0.1900343 -0.201488942 -0.0512927175
v -0.162100211 -0.203123674 -0.0527445786
v -0.1900343 -0.201488942 -0.0512927175
v -0.162157029 -0.203122139 -0.0530790053
v -0.162100211 -0.203123674 -0.0527445786
v -0.190367848 -0.201490566 -0.055275172
v -0.190698981 -0.201470912 -0.0552042089
v -0.195087627 -0.201295361 -0.0703511089
v -0.190698981 -0.201470912 -0.0552042089
v -0.190367848 -0.201490566 -0.055275172
v -0.190018967 -0.195500806 -0.055306837
v -0.190367848 -0.201490566 -0.055275172
v -0.189680606 -0.195520595 -0.0553207174
v -0.190018967 -0.195500806 -0.055306837
v -0.187994197 -0.16354391 -0.0514935106
v -0.188330054 -0.163524568 -0.0515371077
v -0.192910627 -0.16321528 -0.0434992723
v -0.188330054 -0.163524568 -0.0515371077
v -0.187994197 -0.16354391 -0.0514935106
v -0.188343078 -0.16953367 -0.0514618494
v -0.187994197 -0.16354391 -0.0514935106
v -0.188004717 -0.169553444 -0.0514757335
v -0.188343078 -0.16953367 -0.0514618494
v -0.188678935 -0.169514343 -0.0515054464
v -0.188343078 -0.16953367 -0.0514618494
v -0.193253487 -0.169231832 -0.0484675318
v -0.188343078 -0.16953367 -0.0514618494
v -0.188004717 -0.169553444 -0.0514757335
v -0.193253487 -0.169231832 -0.0484675318
v -0.193253487 -0.169231832 -0.0484675318
v -0.188004717 -0.169553444 -0.0514757335
v -0.160275012 -0.171177074 -0.0530794598
v -0.188004717 -0.169553444 -0.0514757335
v -0.160303324 -0.171177208 -0.0534174964
v -0.160275012 -0.171177074 -0.0530794598
v -0.188674226 -0.169535279 -0.055415608
v -0.188338265 -0.169555068 -0.0554581843
v -0.187989384 -0.163565308 -0.0554898456
v -0.188338265 -0.169555068 -0.0554581843
v -0.187651053 -0.163584933 -0.055474937
v -0.187989384 -0.163565308 -0.0554898456
v -0.189685419 -0.195499182 -0.0513243824
v -0.19002375 -0.195479557 -0.0513392948
v -0.1947653 -0.195187479 -0.0483303256
v -0.19002375 -0.195479557 -0.0513392948
v -0.189685419 -0.195499182 -0.0513243824
v -0.1900343 -0.201488942 -0.0512927175
v -0.189685419 -0.195499182 -0.0513243824
v -0.189698339 -0.201508746 -0.0513352975
v -0.1900343 -0.201488942 -0.0512927175
v -0.190029487 -0.201510355 -0.0552890562
v -0.190367848 -0.201490566 -0.055275172
v -0.193750635 -0.201386422 -0.0728454366
v -0.190367848 -0.201490566 -0.055275172
v -0.190029487 -0.201510355 -0.0552890562
v -0.189680606 -0.195520595 -0.0553207174
v -0.190029487 -0.201510355 -0.0552890562
v -0.189344749 -0.195539922 -0.055277124
v -0.189680606 -0.195520595 -0.0553207174
v -0.187655836 -0.163563684 -0.0515073948
v -0.187994197 -0.16354391 -0.0514935106
v -0.192910627 -0.16321528 -0.0434992723
v -0.187994197 -0.16354391 -0.0514935106
v -0.187655836 -0.163563684 -0.0515073948
v -0.188004717 -0.169553444 -0.0514757335
v -0.187655836 -0.163563684 -0.0515073948
v -0.187673584 -0.169573113 -0.0515466966
v -0.188004717 -0.169553444 -0.0514757335
v -0.187989384 -0.163565308 -0.0554898456
v -0.187651053 -0.163584933 -0.055474937
v -0.192878053 -0.163360178 -0.0705516487
v -0.188338265 -0.169555068 -0.0554581843
v -0.187999934 -0.169574708 -0.0554432757
v -0.187651053 -0.163584933 -0.055474937
v -0.187999934 -0.169574708 -0.0554432757
v -0.187320098 -0.163603827 -0.0554029681
v -0.187651053 -0.163584933 -0.055474937
v -0.189349458 -0.195518985 -0.0513669625
v -0.189685419 -0.195499182 -0.0513243824
v -0.1947653 -0.195187479 -0.0483303256
v -0.189685419 -0.195499182 -0.0513243824
v -0.189349458 -0.195518985 -0.0513669625
v -0.189698339 -0.201508746 -0.0513352975
v -0.189349458 -0.195518985 -0.0513669625
v -0.189374417 -0.201528132 -0.0514341369
v -0.189698339 -0.201508746 -0.0513352975
v -0.189680606 -0.195520595 -0.0553207174
v -0.189344749 -0.195539922 -0.055277124
v -0.159432009 -0.197494775 -0.0954850987
v -0.189344749 -0.195539922 -0.055277124
v -0.189021066 -0.19555825 -0.0551773012
v -0.159432009 -0.197494775 -0.0954850987
v -0.159432009 -0.197494775 -0.0954850987
v -0.189021066 -0.19555825 -0.0551773012
v -0.161594748 -0.197335064 -0.0891032815
v -0.189021066 -0.19555825 -0.0551773012
v -0.161707953 -0.197326779 -0.0887836143
v -0.161594748 -0.197335064 -0.0891032815
v -0.1900343 -0.201488942 -0.0512927175
v -0.189698339 -0.201508746 -0.0513352975
v -0.162164018 -0.203122616 -0.0532486252
v -0.189698339 -0.201508746 -0.0513352975
v -0.162156627 -0.203123957 -0.0534182228
v -0.162164018 -0.203122616 -0.0532486252
v -0.18969363 -0.201529682 -0.0552454591
v -0.190029487 -0.201510355 -0.0552890562
v -0.193750635 -0.201386422 -0.0728454366
v -0.190029487 -0.201510355 -0.0552890562
v -0.18969363 -0.201529682 -0.0552454591
v -0.189344749 -0.195539922 -0.055277124
v -0.18969363 -0.201529682 -0.0552454591
v -0.189021066 -0.19555825 -0.0551773012
v -0.189344749 -0.195539922 -0.055277124
v -0.187324703 -0.163583353 -0.0515783615
v -0.187655836 -0.163563684 -0.0515073948
v -0.192910627 -0.16321528 -0.0434992723
v -0.187655836 -0.163563684 -0.0515073948
v -0.187324703 -0.163583353 -0.0515783615
v -0.187673584 -0.169573113 -0.0515466966
v -0.187324703 -0.163583353 -0.0515783615
v -0.187359199 -0.169592083 -0.0516727008
v -0.187673584 -0.169573113 -0.0515466966
v -0.188004717 -0.169553444 -0.0514757335
v -0.187673584 -0.169573113 -0.0515466966
v -0.160303324 -0.171177208 -0.0534174964
v -0.187673584 -0.169573113 -0.0515466966
v -0.187359199 -0.169592083 -0.0516727008
v -0.160303324 -0.171177208 -0.0534174964
v -0.160303324 -0.171177208 -0.0534174964
v -0.187359199 -0.169592083 -0.0516727008
v -0.187070623 -0.16960983 -0.0518501177
v -0.187999934 -0.169574708 -0.0554432757
v -0.187668979 -0.169593602 -0.0553713068
v -0.187320098 -0.163603827 -0.0554029681
v -0.187668979 -0.169593602 -0.0553713068
v -0.187006012 -0.163621455 -0.0552760139
v -0.187320098 -0.163603827 -0.0554029681
v -0.189349458 -0.195518985 -0.0513669625
v -0.189025536 -0.195538372 -0.0514658019
v -0.189374417 -0.201528132 -0.0514341369
v -0.189025536 -0.195538372 -0.0514658019
v -0.189071834 -0.201546565 -0.051586397
v -0.189374417 -0.201528132 -0.0514341369
v -0.189698339 -0.201508746 -0.0513352975
v -0.189374417 -0.201528132 -0.0514341369
v -0.161985785 -0.203137353 -0.0540721454
v -0.189374417 -0.201528132 -0.0514341369
v -0.161820278 -0.203148559 -0.0543680377
v -0.161985785 -0.203137353 -0.0540721454
v -0.189369947 -0.20154801 -0.0551456362
v -0.18969363 -0.201529682 -0.0552454591
v -0.193750635 -0.201386422 -0.0728454366
v -0.18969363 -0.201529682 -0.0552454591
v -0.189369947 -0.20154801 -0.0551456362
v -0.189021066 -0.19555825 -0.0551773012
v -0.189369947 -0.20154801 -0.0551456362
v -0.188718855 -0.195575044 -0.0550241247
v -0.189021066 -0.19555825 -0.0551773012
v -0.187010318 -0.163602322 -0.051704362
v -0.187324703 -0.163583353 -0.0515783615
v -0.192910627 -0.16321528 -0.0434992723
v -0.187324703 -0.163583353 -0.0515783615
v -0.187010318 -0.163602322 -0.051704362
v -0.187359199 -0.169592083 -0.0516727008
v -0.187010318 -0.163602322 -0.051704362
v -0.187070623 -0.16960983 -0.0518501177
v -0.187359199 -0.169592083 -0.0516727008
v -0.187320098 -0.163603827 -0.0554029681
v -0.187006012 -0.163621455 -0.0552760139
v -0.159659922 -0.165384457 -0.0874728709
v -0.187006012 -0.163621455 -0.0552760139
v -0.159470618 -0.165393993 -0.087191537
v -0.159659922 -0.165384457 -0.0874728709
v -0.187354892 -0.169611216 -0.0552443489
v -0.187668979 -0.169593602 -0.0553713068
v -0.160261169 -0.17136468 -0.0884169713
v -0.187668979 -0.169593602 -0.0553713068
v -0.191889942 -0.169441015 -0.073014304
v -0.160261169 -0.17136468 -0.0884169713
v -0.160261169 -0.17136468 -0.0884169713
v -0.191889942 -0.169441015 -0.073014304
v -0.160232037 -0.171368167 -0.0887549222
v -0.191889942 -0.169441015 -0.073014304
v -0.160146311 -0.171374887 -0.0890830681
v -0.160232037 -0.171368167 -0.0887549222
v -0.187668979 -0.169593602 -0.0553713068
v -0.187354892 -0.169611216 -0.0552443489
v -0.187006012 -0.163621455 -0.0552760139
v -0.187354892 -0.169611216 -0.0552443489
v -0.186717868 -0.163637295 -0.0550977215
v -0.187006012 -0.163621455 -0.0552760139
v -0.188722953 -0.195556805 -0.0516180582
v -0.189025536 -0.195538372 -0.0514658019
v -0.154833019 -0.197513059 -0.0482697673
v -0.189025536 -0.195538372 -0.0514658019
v -0.188722953 -0.195556805 -0.0516180582
v -0.189071834 -0.201546565 -0.051586397
v -0.188722953 -0.195556805 -0.0516180582
v -0.188799322 -0.201563492 -0.0517876931
v -0.189071834 -0.201546565 -0.051586397
v -0.189021066 -0.19555825 -0.0551773012
v -0.188718855 -0.195575044 -0.0550241247
v -0.161219507 -0.197345257 -0.0868950635
v -0.188718855 -0.195575044 -0.0550241247
v -0.160965562 -0.197358862 -0.0866705626
v -0.161219507 -0.197345257 -0.0868950635
v -0.189374417 -0.201528132 -0.0514341369
v -0.189071834 -0.201546565 -0.051586397
v -0.160749763 -0.203215092 -0.0551587902
v -0.189071834 -0.201546565 -0.051586397
v -0.188799322 -0.201563492 -0.0517876931
v -0.160749763 -0.203215092 -0.0551587902
v -0.160749763 -0.203215092 -0.0551587902
v -0.188799322 -0.201563492 -0.0517876931
v -0.188564703 -0.201578453 -0.0520322397
v -0.189067736 -0.201564804 -0.0549924597
v -0.189369947 -0.20154801 -0.0551456362
v -0.162121862 -0.203310087 -0.0882480964
v -0.189369947 -0.20154801 -0.0551456362
v -0.193750635 -0.201386422 -0.0728454366
v -0.162121862 -0.203310087 -0.0882480964
v -0.162121862 -0.203310087 -0.0882480964
v -0.193750635 -0.201386422 -0.0728454366
v -0.162114471 -0.203311428 -0.088417694
v -0.193750635 -0.201386422 -0.0728454366
v -0.162056834 -0.20331654 -0.0887519494
v -0.162114471 -0.203311428 -0.088417694
v -0.189369947 -0.20154801 -0.0551456362
v -0.189067736 -0.201564804 -0.0549924597
v -0.188718855 -0.195575044 -0.0550241247
v -0.189067736 -0.201564804 -0.0549924597
v -0.18844682 -0.195589826 -0.0548220016
v -0.188718855 -0.195575044 -0.0550241247
v -0.186721742 -0.16362007 -0.051881779
v -0.187010318 -0.163602322 -0.051704362
v -0.192910627 -0.16321528 -0.0434992723
v -0.187010318 -0.163602322 -0.051704362
v -0.186721742 -0.16362007 -0.051881779
v -0.187070623 -0.16960983 -0.0518501177
v -0.186721742 -0.16362007 -0.051881779
v -0.186816126 -0.169625849 -0.0520738438
v -0.187070623 -0.16960983 -0.0518501177
v -0.187006012 -0.163621455 -0.0552760139
v -0.186717868 -0.163637295 -0.0550977215
v -0.159470618 -0.165393993 -0.087191537
v -0.186717868 -0.163637295 -0.0550977215
v -0.159236595 -0.165406331 -0.0869462863
v -0.159470618 -0.165393993 -0.087191537
v -0.187066749 -0.169627056 -0.0550660565
v -0.187354892 -0.169611216 -0.0552443489
v -0.159585476 -0.171396092 -0.0869146213
v -0.187354892 -0.169611216 -0.0552443489
v -0.159819499 -0.171383768 -0.0871598721
v -0.159585476 -0.171396092 -0.0869146213
v -0.187354892 -0.169611216 -0.0552443489
v -0.187066749 -0.169627056 -0.0550660565
v -0.186717868 -0.163637295 -0.0550977215
v -0.187066749 -0.169627056 -0.0550660565
v -0.186463922 -0.1636509 -0.0548732243
v -0.186717868 -0.163637295 -0.0550977215
v -0.188450441 -0.195573732 -0.051819358
v -0.188722953 -0.195556805 -0.0516180582
v -0.154833019 -0.197513059 -0.0482697673
v -0.188722953 -0.195556805 -0.0516180582
v -0.188450441 -0.195573732 -0.051819358
v -0.188799322 -0.201563492 -0.0517876931
v -0.188450441 -0.195573732 -0.051819358
v -0.188564703 -0.201578453 -0.0520322397
v -0.188799322 -0.201563492 -0.0517876931
v -0.188718855 -0.195575044 -0.0550241247
v -0.18844682 -0.195589826 -0.0548220016
v -0.160965562 -0.197358862 -0.0866705626
v -0.18844682 -0.195589826 -0.0548220016
v -0.160677403 -0.197374701 -0.0864922702
v -0.160965562 -0.197358862 -0.0866705626
v -0.188795701 -0.201579586 -0.0547903366
v -0.189067736 -0.201564804 -0.0549924597
v -0.162121862 -0.203310087 -0.0882480964
v -0.189067736 -0.201564804 -0.0549924597
v -0.188795701 -0.201579586 -0.0547903366
v -0.18844682 -0.195589826 -0.0548220016
v -0.188795701 -0.201579586 -0.0547903366
v -0.188212797 -0.195602149 -0.0545767434
v -0.18844682 -0.195589826 -0.0548220016
v -0.186467245 -0.163636073 -0.0521055087
v -0.186721742 -0.16362007 -0.051881779
v -0.159512788 -0.165206522 -0.0521920696
v -0.186721742 -0.16362007 -0.051881779
v -0.192910627 -0.16321528 -0.0434992723
v -0.159512788 -0.165206522 -0.0521920696
v -0.159512788 -0.165206522 -0.0521920696
v -0.192910627 -0.16321528 -0.0434992723
v -0.15927875 -0.16521886 -0.0519468114
v -0.192910627 -0.16321528 -0.0434992723
v -0.159006715 -0.165233642 -0.0517446883
v -0.15927875 -0.16521886 -0.0519468114
v -0.186721742 -0.16362007 -0.051881779
v -0.186467245 -0.163636073 -0.0521055087
v -0.186816126 -0.169625849 -0.0520738438
v -0.186467245 -0.163636073 -0.0521055087
v -0.186603069 -0.169639647 -0.0523374453
v -0.186816126 -0.169625849 -0.0520738438
v -0.186717868 -0.163637295 -0.0550977215
v -0.186463922 -0.1636509 -0.0548732243
v -0.158964559 -0.165421113 -0.0867441595
v -0.186463922 -0.1636509 -0.0548732243
v -0.186251491 -0.163661882 -0.0546089746
v -0.158964559 -0.165421113 -0.0867441595
v -0.158964559 -0.165421113 -0.0867441595
v -0.186251491 -0.163661882 -0.0546089746
v -0.186086684 -0.163669914 -0.0543125831
v -0.187070623 -0.16960983 -0.0518501177
v -0.186816126 -0.169625849 -0.0520738438
v -0.160303324 -0.171177208 -0.0534174964
v -0.186816126 -0.169625849 -0.0520738438
v -0.160274208 -0.171180695 -0.053755451
v -0.160303324 -0.171177208 -0.0534174964
v -0.186812803 -0.16964066 -0.0548415594
v -0.187066749 -0.169627056 -0.0550660565
v -0.159585476 -0.171396092 -0.0869146213
v -0.187066749 -0.169627056 -0.0550660565
v -0.186812803 -0.16964066 -0.0548415594
v -0.186463922 -0.1636509 -0.0548732243
v -0.186812803 -0.16964066 -0.0548415594
v -0.186251491 -0.163661882 -0.0546089746
v -0.186463922 -0.1636509 -0.0548732243
v -0.188215822 -0.195588693 -0.0520639047
v -0.188450441 -0.195573732 -0.051819358
v -0.154833019 -0.197513059 -0.0482697673
v -0.188450441 -0.195573732 -0.051819358
v -0.188215822 -0.195588693 -0.0520639047
v -0.188564703 -0.201578453 -0.0520322397
v -0.188215822 -0.195588693 -0.0520639047
v -0.188374728 -0.201591 -0.0523129962
v -0.188564703 -0.201578453 -0.0520322397
v -0.18844682 -0.195589826 -0.0548220016
v -0.188212797 -0.195602149 -0.0545767434
v -0.160363331 -0.197392315 -0.0863653123
v -0.188212797 -0.195602149 -0.0545767434
v -0.160032362 -0.197411209 -0.0862933472
v -0.160363331 -0.197392315 -0.0863653123
v -0.188561678 -0.201591909 -0.0545450822
v -0.188795701 -0.201579586 -0.0547903366
v -0.162114874 -0.20330961 -0.0880784765
v -0.188795701 -0.201579586 -0.0547903366
v -0.162121862 -0.203310087 -0.0882480964
v -0.162114874 -0.20330961 -0.0880784765
v -0.188795701 -0.201579586 -0.0547903366
v -0.188561678 -0.201591909 -0.0545450822
v -0.188212797 -0.195602149 -0.0545767434
v -0.188561678 -0.201591909 -0.0545450822
v -0.188023493 -0.195611686 -0.0542954095
v -0.188212797 -0.195602149 -0.0545767434
v -0.186254188 -0.163649887 -0.0523691103
v -0.186467245 -0.163636073 -0.0521055087
v -0.159512788 -0.165206522 -0.0521920696
v -0.186467245 -0.163636073 -0.0521055087
v -0.186254188 -0.163649887 -0.0523691103
v -0.186603069 -0.169639647 -0.0523374453
v -0.186254188 -0.163649887 -0.0523691103
v -0.186437547 -0.169650853 -0.0526333377
v -0.186603069 -0.169639647 -0.0523374453
v -0.186816126 -0.169625849 -0.0520738438
v -0.186603069 -0.169639647 -0.0523374453
v -0.160274208 -0.171180695 -0.053755451
v -0.186603069 -0.169639647 -0.0523374453
v -0.160188481 -0.171187416 -0.0540835932
v -0.160274208 -0.171180695 -0.053755451
v -0.186600372 -0.169651642 -0.0545773134
v -0.186812803 -0.16964066 -0.0548415594
v -0.159011245 -0.171427667 -0.0865593255
v -0.186812803 -0.16964066 -0.0548415594
v -0.15931344 -0.171410874 -0.0867124945
v -0.159011245 -0.171427667 -0.0865593255
v -0.186812803 -0.16964066 -0.0548415594
v -0.186600372 -0.169651642 -0.0545773134
v -0.186251491 -0.163661882 -0.0546089746
v -0.186600372 -0.169651642 -0.0545773134
v -0.186086684 -0.163669914 -0.0543125831
v -0.186251491 -0.163661882 -0.0546089746
v -0.188025847 -0.19560124 -0.0523446612
v -0.188215822 -0.195588693 -0.0520639047
v -0.154833019 -0.197513059 -0.0482697673
v -0.188215822 -0.195588693 -0.0520639047
v -0.188025847 -0.19560124 -0.0523446612
v -0.188374728 -0.201591 -0.0523129962
v -0.188025847 -0.19560124 -0.0523446612
v -0.188234866 -0.20160079 -0.0526218936
v -0.188374728 -0.201591 -0.0523129962
v -0.188212797 -0.195602149 -0.0545767434
v -0.188023493 -0.195611686 -0.0542954095
v -0.160032362 -0.197411209 -0.0862933472
v -0.188023493 -0.195611686 -0.0542954095
v -0.160069749 -0.197245002 -0.0552614182
v -0.160032362 -0.197411209 -0.0862933472
v -0.160032362 -0.197411209 -0.0862933472
v -0.160069749 -0.197245002 -0.0552614182
v -0.159694031 -0.197430849 -0.0862784386
v -0.160069749 -0.197245002 -0.0552614182
v -0.159731388 -0.197264776 -0.0552752987
v -0.159694031 -0.197430849 -0.0862784386
v -0.159694031 -0.197430849 -0.0862784386
v -0.159731388 -0.197264776 -0.0552752987
v -0.159395531 -0.197284102 -0.0552317053
v -0.188564703 -0.201578453 -0.0520322397
v -0.188374728 -0.201591 -0.0523129962
v -0.160749763 -0.203215092 -0.0551587902
v -0.188374728 -0.201591 -0.0523129962
v -0.188234866 -0.20160079 -0.0526218936
v -0.160749763 -0.203215092 -0.0551587902
v -0.160749763 -0.203215092 -0.0551587902
v -0.188234866 -0.20160079 -0.0526218936
v -0.188149139 -0.20160751 -0.0529500358
v -0.188372374 -0.201601461 -0.0542637482
v -0.188561678 -0.201591909 -0.0545450822
v -0.162114874 -0.20330961 -0.0880784765
v -0.188561678 -0.201591909 -0.0545450822
v -0.188372374 -0.201601461 -0.0542637482
v -0.188023493 -0.195611686 -0.0542954095
v -0.188372374 -0.201601461 -0.0542637482
v -0.187884375 -0.195618168 -0.0539860949
v -0.188023493 -0.195611686 -0.0542954095
v -0.186088666 -0.163661093 -0.0526650026
v -0.186254188 -0.163649887 -0.0523691103
v -0.159512788 -0.165206522 -0.0521920696
v -0.186254188 -0.163649887 -0.0523691103
v -0.186088666 -0.163661093 -0.0526650026
v -0.186437547 -0.169650853 -0.0526333377
v -0.186088666 -0.163661093 -0.0526650026
v -0.186324343 -0.169659138 -0.0529530086
v -0.186437547 -0.169650853 -0.0526333377
v -0.186603069 -0.169639647 -0.0523374453
v -0.186437547 -0.169650853 -0.0526333377
v -0.159011245 -0.171427667 -0.0865593255
v -0.186437547 -0.169650853 -0.0526333377
v -0.186324343 -0.169659138 -0.0529530086
v -0.159011245 -0.171427667 -0.0865593255
v -0.159011245 -0.171427667 -0.0865593255
v -0.186324343 -0.169659138 -0.0529530086
v -0.18626672 -0.169664264 -0.0532872602
v -0.186435565 -0.169659674 -0.0542809181
v -0.186600372 -0.169651642 -0.0545773134
v -0.159011245 -0.171427667 -0.0865593255
v -0.186600372 -0.169651642 -0.0545773134
v -0.186435565 -0.169659674 -0.0542809181
v -0.186086684 -0.163669914 -0.0543125831
v -0.186435565 -0.169659674 -0.0542809181
v -0.185974255 -0.163674772 -0.0539925694
v -0.186086684 -0.163669914 -0.0543125831
v -0.187885985 -0.19561103 -0.0526535548
v -0.188025847 -0.19560124 -0.0523446612
v -0.154833019 -0.197513059 -0.0482697673
v -0.188025847 -0.19560124 -0.0523446612
v -0.187885985 -0.19561103 -0.0526535548
v -0.188234866 -0.20160079 -0.0526218936
v -0.187885985 -0.19561103 -0.0526535548
v -0.188149139 -0.20160751 -0.0529500358
v -0.188234866 -0.20160079 -0.0526218936
v -0.188023493 -0.195611686 -0.0542954095
v -0.187884375 -0.195618168 -0.0539860949
v -0.160069749 -0.197245002 -0.0552614182
v -0.187884375 -0.195618168 -0.0539860949
v -0.187799439 -0.195621371 -0.0536576919
v -0.160069749 -0.197245002 -0.0552614182
v -0.160069749 -0.197245002 -0.0552614182
v -0.187799439 -0.195621371 -0.0536576919
v -0.160400882 -0.197225332 -0.0551904514
v -0.187799439 -0.195621371 -0.0536576919
v -0.160715267 -0.197206348 -0.0550644509
v -0.160400882 -0.197225332 -0.0551904514
v -0.188233256 -0.201607928 -0.0539544299
v -0.188372374 -0.201601461 -0.0542637482
v -0.162114874 -0.20330961 -0.0880784765
v -0.188372374 -0.201601461 -0.0542637482
v -0.188233256 -0.201607928 -0.0539544299
v -0.187884375 -0.195618168 -0.0539860949
v -0.188233256 -0.201607928 -0.0539544299
v -0.187799439 -0.195621371 -0.0536576919
v -0.187884375 -0.195618168 -0.0539860949
v -0.185975477 -0.163669363 -0.0529846735
v -0.186088666 -0.163661093 -0.0526650026
v -0.159512788 -0.165206522 -0.0521920696
v -0.186088666 -0.163661093 -0.0526650026
v -0.185975477 -0.163669363 -0.0529846735
v -0.186324343 -0.169659138 -0.0529530086
v -0.185975477 -0.163669363 -0.0529846735
v -0.18626672 -0.169664264 -0.0532872602
v -0.186324343 -0.169659138 -0.0529530086
v -0.186086684 -0.163669914 -0.0543125831
v -0.185974255 -0.163674772 -0.0539925694
v -0.158964559 -0.165421113 -0.0867441595
v -0.185974255 -0.163674772 -0.0539925694
v -0.185917422 -0.163676307 -0.0536581427
v -0.158964559 -0.165421113 -0.0867441595
v -0.158964559 -0.165421113 -0.0867441595
v -0.185917422 -0.163676307 -0.0536581427
v -0.158662364 -0.165437907 -0.086590983
v -0.185917422 -0.163676307 -0.0536581427
v -0.158338681 -0.165456235 -0.0864911601
v -0.158662364 -0.165437907 -0.086590983
v -0.186323136 -0.169664532 -0.0539609045
v -0.186435565 -0.169659674 -0.0542809181
v -0.159011245 -0.171427667 -0.0865593255
v -0.186435565 -0.169659674 -0.0542809181
v -0.186323136 -0.169664532 -0.0539609045
v -0.185974255 -0.163674772 -0.0539925694
v -0.186323136 -0.169664532 -0.0539609045
v -0.185917422 -0.163676307 -0.0536581427
v -0.185974255 -0.163674772 -0.0539925694
v -0.187800258 -0.19561775 -0.0529817007
v -0.187885985 -0.19561103 -0.0526535548
v -0.154833019 -0.197513059 -0.0482697673
v -0.187885985 -0.19561103 -0.0526535548
v -0.187800258 -0.19561775 -0.0529817007
v -0.188149139 -0.20160751 -0.0529500358
v -0.187800258 -0.19561775 -0.0529817007
v -0.187945575 -0.198616117 -0.0533038191
v -0.188149139 -0.20160751 -0.0529500358
v -0.188149139 -0.20160751 -0.0529500358
v -0.187945575 -0.198616117 -0.0533038191
v -0.188120008 -0.201610997 -0.0532879904
v -0.187945575 -0.198616117 -0.0533038191
v -0.18814832 -0.201611131 -0.053626027
v -0.188120008 -0.201610997 -0.0532879904
v -0.18814832 -0.201611131 -0.053626027
v -0.188233256 -0.201607928 -0.0539544299
v -0.160749763 -0.203215092 -0.0551587902
v -0.188233256 -0.201607928 -0.0539544299
v -0.162114874 -0.20330961 -0.0880784765
v -0.160749763 -0.203215092 -0.0551587902
v -0.160749763 -0.203215092 -0.0551587902
v -0.162114874 -0.20330961 -0.0880784765
v -0.16205804 -0.203311145 -0.0877440497
v -0.188233256 -0.201607928 -0.0539544299
v -0.18814832 -0.201611131 -0.053626027
v -0.187799439 -0.195621371 -0.0536576919
v -0.18814832 -0.201611131 -0.053626027
v -0.187945575 -0.198616117 -0.0533038191
v -0.187799439 -0.195621371 -0.0536576919
v -0.187799439 -0.195621371 -0.0536576919
v -0.187945575 -0.198616117 -0.0533038191
v -0.187771127 -0.195621237 -0.0533196516
v -0.187945575 -0.198616117 -0.0533038191
v -0.187800258 -0.19561775 -0.0529817007
v -0.187771127 -0.195621237 -0.0533196516
v -0.185917839 -0.163674489 -0.0533189252
v -0.185975477 -0.163669363 -0.0529846735
v -0.159926131 -0.165187314 -0.0531111211
v -0.185975477 -0.163669363 -0.0529846735
v -0.159841195 -0.165190518 -0.0527827181
v -0.159926131 -0.165187314 -0.0531111211
v -0.185975477 -0.163669363 -0.0529846735
v -0.185917839 -0.163674489 -0.0533189252
v -0.18626672 -0.169664264 -0.0532872602
v -0.185917839 -0.163674489 -0.0533189252
v -0.186084881 -0.166670695 -0.0534726903
v -0.18626672 -0.169664264 -0.0532872602
v -0.18626672 -0.169664264 -0.0532872602
v -0.186084881 -0.166670695 -0.0534726903
v -0.186259314 -0.16966559 -0.0534568615
v -0.186084881 -0.166670695 -0.0534726903
v -0.186266303 -0.169666067 -0.0536264777
v -0.186259314 -0.16966559 -0.0534568615
v -0.186266303 -0.169666067 -0.0536264777
v -0.186323136 -0.169664532 -0.0539609045
v -0.159011245 -0.171427667 -0.0865593255
v -0.186323136 -0.169664532 -0.0539609045
v -0.186266303 -0.169666067 -0.0536264777
v -0.185917422 -0.163676307 -0.0536581427
v -0.186266303 -0.169666067 -0.0536264777
v -0.186084881 -0.166670695 -0.0534726903
v -0.185917422 -0.163676307 -0.0536581427
v -0.185917422 -0.163676307 -0.0536581427
v -0.186084881 -0.166670695 -0.0534726903
v -0.185917839 -0.163674489 -0.0533189252
v -0.187771127 -0.195621237 -0.0533196516
v -0.187800258 -0.19561775 -0.0529817007
v -0.160074517 -0.197223738 -0.051293876
v -0.187800258 -0.19561775 -0.0529817007
v -0.154833019 -0.197513059 -0.0482697673
v -0.160074517 -0.197223738 -0.051293876
v -0.160074517 -0.197223738 -0.051293876
v -0.154833019 -0.197513059 -0.0482697673
v -0.159736201 -0.197243378 -0.0512789637
v -0.154833019 -0.197513059 -0.0482697673
v -0.15940024 -0.197263166 -0.0513215438
v -0.159736201 -0.197243378 -0.0512789637
v -0.187799439 -0.195621371 -0.0536576919
v -0.187771127 -0.195621237 -0.0533196516
v -0.161815137 -0.197132856 -0.0532802902
v -0.187771127 -0.195621237 -0.0533196516
v -0.161808148 -0.197132364 -0.0531106703
v -0.161815137 -0.197132856 -0.0532802902
v -0.188149139 -0.20160751 -0.0529500358
v -0.188120008 -0.201610997 -0.0532879904
v -0.160749763 -0.203215092 -0.0551587902
v -0.188120008 -0.201610997 -0.0532879904
v -0.18814832 -0.201611131 -0.053626027
v -0.160749763 -0.203215092 -0.0551587902
v -0.185917422 -0.163676307 -0.0536581427
v -0.185917839 -0.163674489 -0.0533189252
v -0.159926131 -0.165187314 -0.0531111211
v -0.18626672 -0.169664264 -0.0532872602
v -0.186259314 -0.16966559 -0.0534568615
v -0.159011245 -0.171427667 -0.0865593255
v -0.186259314 -0.16966559 -0.0534568615
v -0.186266303 -0.169666067 -0.0536264777
v -0.159011245 -0.171427667 -0.0865593255
v -0.183105126 -0.171359375 -0.0428708792
v -0.1834822 -0.170936659 -0.0431195721
v -0.184435129 -0.194193646 -0.0427501723
v -0.1834822 -0.170936659 -0.0431195721
v -0.184858873 -0.194572315 -0.0429946259
v -0.184435129 -0.194193646 -0.0427501723
v -0.1834822 -0.170936659 -0.0431195721
v -0.183105126 -0.171359375 -0.0428708792
v -0.175357938 -0.171409801 -0.0431072488
v -0.183105126 -0.171359375 -0.0428708792
v -0.175381571 -0.171809182 -0.0428591669
v -0.175357938 -0.171409801 -0.0431072488
v -0.183890879 -0.17047815 -0.0433026701
v -0.1834822 -0.170936659 -0.0431195721
v -0.175332442 -0.170976579 -0.0432896912
v -0.1834822 -0.170936659 -0.0431195721
v -0.175357938 -0.171409801 -0.0431072488
v -0.175332442 -0.170976579 -0.0432896912
v -0.1834822 -0.170936659 -0.0431195721
v -0.183890879 -0.17047815 -0.0433026701
v -0.184858873 -0.194572315 -0.0429946259
v -0.183890879 -0.17047815 -0.0433026701
v -0.185318142 -0.194982171 -0.0431731343
v -0.184858873 -0.194572315 -0.0429946259
v -0.184858873 -0.194572315 -0.0429946259
v -0.185318142 -0.194982171 -0.0431731343
v -0.176734626 -0.195045456 -0.0429823063
v -0.184435129 -0.194193646 -0.0427501723
v -0.184858873 -0.194572315 -0.0429946259
v -0.176711589 -0.194643438 -0.04273846
v -0.184858873 -0.194572315 -0.0429946259
v -0.176734626 -0.195045456 -0.0429823063
v -0.176711589 -0.194643438 -0.04273846
v -0.182768956 -0.171735898 -0.0425627232
v -0.183105126 -0.171359375 -0.0428708792
v -0.184057325 -0.193855464 -0.0424457937
v -0.183105126 -0.171359375 -0.0428708792
v -0.184435129 -0.194193646 -0.0427501723
v -0.184057325 -0.193855464 -0.0424457937
v -0.183105126 -0.171359375 -0.0428708792
v -0.182768956 -0.171735898 -0.0425627232
v -0.175381571 -0.171809182 -0.0428591669
v -0.182768956 -0.171735898 -0.0425627232
v -0.175402761 -0.172164887 -0.042551551
v -0.175381571 -0.171809182 -0.0428591669
v -0.184057325 -0.193855464 -0.0424457937
v -0.184435129 -0.194193646 -0.0427501723
v -0.176691145 -0.194284454 -0.0424346216
v -0.184435129 -0.194193646 -0.0427501723
v -0.176711589 -0.194643438 -0.04273846
v -0.176691145 -0.194284454 -0.0424346216
v -0.182481945 -0.172056973 -0.0422026888
v -0.182768956 -0.171735898 -0.0425627232
v -0.183734775 -0.193566114 -0.0420889854
v -0.182768956 -0.171735898 -0.0425627232
v -0.184057325 -0.193855464 -0.0424457937
v -0.183734775 -0.193566114 -0.0420889854
v -0.182768956 -0.171735898 -0.0425627232
v -0.182481945 -0.172056973 -0.0422026888
v -0.175402761 -0.172164887 -0.042551551
v -0.182481945 -0.172056973 -0.0422026888
v -0.17542097 -0.172468185 -0.0421919785
v -0.175402761 -0.172164887 -0.042551551
v -0.183734775 -0.193566114 -0.0420889854
v -0.184057325 -0.193855464 -0.0424457937
v -0.176673785 -0.193977326 -0.0420782752
v -0.184057325 -0.193855464 -0.0424457937
v -0.176691145 -0.194284454 -0.0424346216
v -0.176673785 -0.193977326 -0.0420782752
v -0.182359144 -0.172194168 -0.0420059413
v -0.182481945 -0.172056973 -0.0422026888
v -0.183596745 -0.193442017 -0.04189362
v -0.182481945 -0.172056973 -0.0422026888
v -0.183734775 -0.193566114 -0.0420889854
v -0.183596745 -0.193442017 -0.04189362
v -0.182481945 -0.172056973 -0.0422026888
v -0.182359144 -0.172194168 -0.0420059413
v -0.17542097 -0.172468185 -0.0421919785
v -0.182359144 -0.172194168 -0.0420059413
v -0.175435752 -0.172711581 -0.0417893045
v -0.17542097 -0.172468185 -0.0421919785
v -0.183596745 -0.193442017 -0.04189362
v -0.183734775 -0.193566114 -0.0420889854
v -0.176673785 -0.193977326 -0.0420782752
v -0.182251185 -0.172314659 -0.0417996384
v -0.182359144 -0.172194168 -0.0420059413
v -0.183596745 -0.193442017 -0.04189362
v -0.182359144 -0.172194168 -0.0420059413
v -0.182251185 -0.172314659 -0.0417996384
v -0.175435752 -0.172711581 -0.0417893045
v -0.182251185 -0.172314659 -0.0417996384
v -0.182158723 -0.1724177 -0.0415850505
v -0.175435752 -0.172711581 -0.0417893045
v -0.175435752 -0.172711581 -0.0417893045
v -0.182158723 -0.1724177 -0.0415850505
v -0.175446749 -0.172889099 -0.041353438
v -0.182158723 -0.1724177 -0.0415850505
v -0.18208234 -0.172502652 -0.0413635001
v -0.175446749 -0.172889099 -0.041353438
v -0.175446749 -0.172889099 -0.041353438
v -0.18208234 -0.172502652 -0.0413635001
v -0.182022497 -0.172568992 -0.0411363542
v -0.18347539 -0.193332717 -0.0416885316
v -0.183596745 -0.193442017 -0.04189362
v -0.176673785 -0.193977326 -0.0420782752
v -0.183596745 -0.193442017 -0.04189362
v -0.18347539 -0.193332717 -0.0416885316
v -0.182251185 -0.172314659 -0.0417996384
v -0.18347539 -0.193332717 -0.0416885316
v -0.183371469 -0.193238854 -0.0414749868
v -0.182251185 -0.172314659 -0.0417996384
v -0.182251185 -0.172314659 -0.0417996384
v -0.183371469 -0.193238854 -0.0414749868
v -0.182158723 -0.1724177 -0.0415850505
v -0.183371469 -0.193238854 -0.0414749868
v -0.18208234 -0.172502652 -0.0413635001
v -0.182158723 -0.1724177 -0.0415850505
v -0.183371469 -0.193238854 -0.0414749868
v -0.18347539 -0.193332717 -0.0416885316
v -0.176659971 -0.193729624 -0.0416781977
v -0.18347539 -0.193332717 -0.0416885316
v -0.176673785 -0.193977326 -0.0420782752
v -0.176659971 -0.193729624 -0.0416781977
v -0.183285609 -0.193161011 -0.0412542969
v -0.183371469 -0.193238854 -0.0414749868
v -0.176659971 -0.193729624 -0.0416781977
v -0.183371469 -0.193238854 -0.0414749868
v -0.183285609 -0.193161011 -0.0412542969
v -0.18208234 -0.172502652 -0.0413635001
v -0.183285609 -0.193161011 -0.0412542969
v -0.18321833 -0.193099678 -0.0410278253
v -0.18208234 -0.172502652 -0.0413635001
v -0.18208234 -0.172502652 -0.0413635001
v -0.18321833 -0.193099678 -0.0410278253
v -0.182022497 -0.172568992 -0.0411363542
v -0.18321833 -0.193099678 -0.0410278253
v -0.181979567 -0.172616303 -0.0409050137
v -0.182022497 -0.172568992 -0.0411363542
v -0.18321833 -0.193099678 -0.0410278253
v -0.183285609 -0.193161011 -0.0412542969
v -0.176650017 -0.193547457 -0.0412442312
v -0.183285609 -0.193161011 -0.0412542969
v -0.176659971 -0.193729624 -0.0416781977
v -0.176650017 -0.193547457 -0.0412442312
v -0.182022497 -0.172568992 -0.0411363542
v -0.181979567 -0.172616303 -0.0409050137
v -0.175453693 -0.172996357 -0.0408951193
v -0.181979567 -0.172616303 -0.0409050137
v -0.181953818 -0.172644302 -0.0406709015
v -0.175453693 -0.172996357 -0.0408951193
v -0.175453693 -0.172996357 -0.0408951193
v -0.181953818 -0.172644302 -0.0406709015
v -0.175456405 -0.173030704 -0.0404256247
v -0.181953818 -0.172644302 -0.0406709015
v -0.181945398 -0.172652796 -0.0404354669
v -0.175456405 -0.173030704 -0.0404256247
v -0.175456405 -0.173030704 -0.0404256247
v -0.181945398 -0.172652796 -0.0404354669
v -0.181959257 -0.172591209 -0.0289356411
v -0.18317005 -0.193055242 -0.0407969691
v -0.18321833 -0.193099678 -0.0410278253
v -0.176650017 -0.193547457 -0.0412442312
v -0.18321833 -0.193099678 -0.0410278253
v -0.18317005 -0.193055242 -0.0407969691
v -0.181979567 -0.172616303 -0.0409050137
v -0.18317005 -0.193055242 -0.0407969691
v -0.183141083 -0.193027958 -0.0405631512
v -0.181979567 -0.172616303 -0.0409050137
v -0.181979567 -0.172616303 -0.0409050137
v -0.183141083 -0.193027958 -0.0405631512
v -0.181953818 -0.172644302 -0.0406709015
v -0.183141083 -0.193027958 -0.0405631512
v -0.181945398 -0.172652796 -0.0404354669
v -0.181953818 -0.172644302 -0.0406709015
v -0.183141083 -0.193027958 -0.0405631512
v -0.18317005 -0.193055242 -0.0407969691
v -0.176644176 -0.193435296 -0.040787071
v -0.18317005 -0.193055242 -0.0407969691
v -0.176650017 -0.193547457 -0.0412442312
v -0.176644176 -0.193435296 -0.040787071
v -0.183131605 -0.193018004 -0.0403278098
v -0.183141083 -0.193027958 -0.0405631512
v -0.176644176 -0.193435296 -0.040787071
v -0.183141083 -0.193027958 -0.0405631512
v -0.183131605 -0.193018004 -0.0403278098
v -0.181945398 -0.172652796 -0.0404354669
v -0.183131605 -0.193018004 -0.0403278098
v -0.182201907 -0.177004203 -0.0384052321
v -0.181945398 -0.172652796 -0.0404354669
v -0.181945398 -0.172652796 -0.0404354669
v -0.182201907 -0.177004203 -0.0384052321
v -0.182182178 -0.176665559 -0.038407024
v -0.183145449 -0.192956403 -0.0288279839
v -0.181959257 -0.172591209 -0.0289356411
v -0.182216465 -0.177151084 -0.0344403759
v -0.181959257 -0.172591209 -0.0289356411
v -0.182196856 -0.176813498 -0.0344133936
v -0.182216465 -0.177151084 -0.0344403759
v -0.181959257 -0.172591209 -0.0289356411
v -0.183145449 -0.192956403 -0.0288279839
v -0.175470263 -0.172969118 -0.0289257988
v -0.183145449 -0.192956403 -0.0288279839
v -0.176656455 -0.193334311 -0.0288181435
v -0.175470263 -0.172969118 -0.0289257988
v -0.181959257 -0.172591209 -0.0289356411
v -0.175470263 -0.172969118 -0.0289257988
v -0.175456405 -0.173030704 -0.0404256247
v -0.181959257 -0.172591209 -0.0289356411
v -0.181945398 -0.172652796 -0.0404354669
v -0.182078347 -0.174828976 -0.0363390259
v -0.181945398 -0.172652796 -0.0404354669
v -0.182078779 -0.174845159 -0.0366778634
v -0.182078347 -0.174828976 -0.0363390259
v -0.182078347 -0.174828976 -0.0363390259
v -0.182078779 -0.174845159 -0.0366778634
v -0.175589144 -0.175205529 -0.0364140756
v -0.182078779 -0.174845159 -0.0366778634
v -0.175589785 -0.175223067 -0.0366680212
v -0.175589144 -0.175205529 -0.0364140756
v -0.182081267 -0.174870178 -0.0360023268
v -0.182078347 -0.174828976 -0.0363390259
v -0.175589353 -0.17520687 -0.0363291875
v -0.182078347 -0.174828976 -0.0363390259
v -0.175589144 -0.175205529 -0.0364140756
v -0.175589353 -0.17520687 -0.0363291875
v -0.182078347 -0.174828976 -0.0363390259
v -0.182081267 -0.174870178 -0.0360023268
v -0.181959257 -0.172591209 -0.0289356411
v -0.182081267 -0.174870178 -0.0360023268
v -0.182087436 -0.174967602 -0.0356774554
v -0.181959257 -0.172591209 -0.0289356411
v -0.181959257 -0.172591209 -0.0289356411
v -0.182087436 -0.174967602 -0.0356774554
v -0.182096675 -0.175118446 -0.0353737511
v -0.182082534 -0.174918279 -0.0370090902
v -0.182078779 -0.174845159 -0.0366778634
v -0.181945398 -0.172652796 -0.0404354669
v -0.182078779 -0.174845159 -0.0366778634
v -0.182082534 -0.174918279 -0.0370090902
v -0.17559354 -0.175296187 -0.0369992517
v -0.182082534 -0.174918279 -0.0370090902
v -0.175600514 -0.175424144 -0.0373133421
v -0.17559354 -0.175296187 -0.0369992517
v -0.182087436 -0.174967602 -0.0356774554
v -0.182081267 -0.174870178 -0.0360023268
v -0.175592273 -0.175248086 -0.0359924883
v -0.182081267 -0.174870178 -0.0360023268
v -0.175589353 -0.17520687 -0.0363291875
v -0.175592273 -0.175248086 -0.0359924883
v -0.182089508 -0.175046235 -0.0373231806
v -0.182082534 -0.174918279 -0.0370090902
v -0.181945398 -0.172652796 -0.0404354669
v -0.182082534 -0.174918279 -0.0370090902
v -0.182089508 -0.175046235 -0.0373231806
v -0.175600514 -0.175424144 -0.0373133421
v -0.182089508 -0.175046235 -0.0373231806
v -0.175610512 -0.175603241 -0.0376012549
v -0.175600514 -0.175424144 -0.0373133421
v -0.182096675 -0.175118446 -0.0353737511
v -0.182087436 -0.174967602 -0.0356774554
v -0.175598428 -0.17534551 -0.0356676131
v -0.182087436 -0.174967602 -0.0356774554
v -0.175592273 -0.175248086 -0.0359924883
v -0.175598428 -0.17534551 -0.0356676131
v -0.182099506 -0.175225332 -0.0376110971
v -0.182089508 -0.175046235 -0.0373231806
v -0.181945398 -0.172652796 -0.0404354669
v -0.182089508 -0.175046235 -0.0373231806
v -0.182099506 -0.175225332 -0.0376110971
v -0.175610512 -0.175603241 -0.0376012549
v -0.182099506 -0.175225332 -0.0376110971
v -0.175623238 -0.175828338 -0.0378547162
v -0.175610512 -0.175603241 -0.0376012549
v -0.18210873 -0.175318345 -0.0350999571
v -0.182096675 -0.175118446 -0.0353737511
v -0.175607681 -0.175496355 -0.0353639126
v -0.182096675 -0.175118446 -0.0353737511
v -0.175598428 -0.17534551 -0.0356676131
v -0.175607681 -0.175496355 -0.0353639126
v -0.182096675 -0.175118446 -0.0353737511
v -0.18210873 -0.175318345 -0.0350999571
v -0.181959257 -0.172591209 -0.0289356411
v -0.18210873 -0.175318345 -0.0350999571
v -0.182123259 -0.175561577 -0.0348639451
v -0.181959257 -0.172591209 -0.0289356411
v -0.181959257 -0.172591209 -0.0289356411
v -0.182123259 -0.175561577 -0.0348639451
v -0.182139829 -0.175841138 -0.0346725099
v -0.182112232 -0.175450429 -0.0378645547
v -0.182099506 -0.175225332 -0.0376110971
v -0.181945398 -0.172652796 -0.0404354669
v -0.182099506 -0.175225332 -0.0376110971
v -0.182112232 -0.175450429 -0.0378645547
v -0.175623238 -0.175828338 -0.0378547162
v -0.182112232 -0.175450429 -0.0378645547
v -0.175638318 -0.176092952 -0.0380664282
v -0.175623238 -0.175828338 -0.0378547162
v -0.182123259 -0.175561577 -0.0348639451
v -0.18210873 -0.175318345 -0.0350999571
v -0.175619736 -0.175696254 -0.0350901149
v -0.18210873 -0.175318345 -0.0350999571
v -0.175607681 -0.175496355 -0.0353639126
v -0.175619736 -0.175696254 -0.0350901149
v -0.182127327 -0.175715044 -0.0380762666
v -0.182112232 -0.175450429 -0.0378645547
v -0.181945398 -0.172652796 -0.0404354669
v -0.182112232 -0.175450429 -0.0378645547
v -0.182127327 -0.175715044 -0.0380762666
v -0.175638318 -0.176092952 -0.0380664282
v -0.182127327 -0.175715044 -0.0380762666
v -0.17565535 -0.176389486 -0.0382302999
v -0.175638318 -0.176092952 -0.0380664282
v -0.182139829 -0.175841138 -0.0346725099
v -0.182123259 -0.175561577 -0.0348639451
v -0.175634265 -0.175939485 -0.0348541029
v -0.182123259 -0.175561577 -0.0348639451
v -0.175619736 -0.175696254 -0.0350901149
v -0.175634265 -0.175939485 -0.0348541029
v -0.182144344 -0.176011577 -0.0382401384
v -0.182127327 -0.175715044 -0.0380762666
v -0.181945398 -0.172652796 -0.0404354669
v -0.182127327 -0.175715044 -0.0380762666
v -0.182144344 -0.176011577 -0.0382401384
v -0.17565535 -0.176389486 -0.0382302999
v -0.182144344 -0.176011577 -0.0382401384
v -0.175673813 -0.176709384 -0.0383416191
v -0.17565535 -0.176389486 -0.0382302999
v -0.182157964 -0.176148966 -0.0345311537
v -0.182139829 -0.175841138 -0.0346725099
v -0.175650835 -0.176219046 -0.0346626677
v -0.182139829 -0.175841138 -0.0346725099
v -0.175634265 -0.175939485 -0.0348541029
v -0.175650835 -0.176219046 -0.0346626677
v -0.182139829 -0.175841138 -0.0346725099
v -0.182157964 -0.176148966 -0.0345311537
v -0.181959257 -0.172591209 -0.0289356411
v -0.182157964 -0.176148966 -0.0345311537
v -0.182177156 -0.176476225 -0.0344439447
v -0.181959257 -0.172591209 -0.0289356411
v -0.181959257 -0.172591209 -0.0289356411
v -0.182177156 -0.176476225 -0.0344439447
v -0.182196856 -0.176813498 -0.0344133936
v -0.182162806 -0.17633149 -0.0383514576
v -0.182144344 -0.176011577 -0.0382401384
v -0.181945398 -0.172652796 -0.0404354669
v -0.182144344 -0.176011577 -0.0382401384
v -0.182162806 -0.17633149 -0.0383514576
v -0.175673813 -0.176709384 -0.0383416191
v -0.182162806 -0.17633149 -0.0383514576
v -0.175693184 -0.177043468 -0.0383971818
v -0.175673813 -0.176709384 -0.0383416191
v -0.182177156 -0.176476225 -0.0344439447
v -0.182157964 -0.176148966 -0.0345311537
v -0.17566897 -0.176526874 -0.0345213115
v -0.182157964 -0.176148966 -0.0345311537
v -0.175650835 -0.176219046 -0.0346626677
v -0.17566897 -0.176526874 -0.0345213115
v -0.182182178 -0.176665559 -0.038407024
v -0.182162806 -0.17633149 -0.0383514576
v -0.181945398 -0.172652796 -0.0404354669
v -0.182162806 -0.17633149 -0.0383514576
v -0.182182178 -0.176665559 -0.038407024
v -0.175693184 -0.177043468 -0.0383971818
v -0.182182178 -0.176665559 -0.038407024
v -0.175712898 -0.177382112 -0.0383953936
v -0.175693184 -0.177043468 -0.0383971818
v -0.182196856 -0.176813498 -0.0344133936
v -0.182177156 -0.176476225 -0.0344439447
v -0.175688162 -0.176854134 -0.0344341025
v -0.182177156 -0.176476225 -0.0344439447
v -0.17566897 -0.176526874 -0.0345213115
v -0.175688162 -0.176854134 -0.0344341025
v -0.182182178 -0.176665559 -0.038407024
v -0.182201907 -0.177004203 -0.0384052321
v -0.175712898 -0.177382112 -0.0383953936
v -0.182201907 -0.177004203 -0.0384052321
v -0.175732419 -0.177715585 -0.0383362994
v -0.175712898 -0.177382112 -0.0383953936
v -0.182216465 -0.177151084 -0.0344403759
v -0.182196856 -0.176813498 -0.0344133936
v -0.175707847 -0.177191406 -0.0344035514
v -0.182196856 -0.176813498 -0.0344133936
v -0.175688162 -0.176854134 -0.0344341025
v -0.175707847 -0.177191406 -0.0344035514
v -0.182221413 -0.177337676 -0.0383461379
v -0.182201907 -0.177004203 -0.0384052321
v -0.183131605 -0.193018004 -0.0403278098
v -0.182201907 -0.177004203 -0.0384052321
v -0.182221413 -0.177337676 -0.0383461379
v -0.175732419 -0.177715585 -0.0383362994
v -0.182221413 -0.177337676 -0.0383461379
v -0.17575115 -0.178034276 -0.0382216051
v -0.175732419 -0.177715585 -0.0383362994
v -0.18223545 -0.177479252 -0.0345241204
v -0.182216465 -0.177151084 -0.0344403759
v -0.175727472 -0.177528992 -0.0344305374
v -0.182216465 -0.177151084 -0.0344403759
v -0.175707847 -0.177191406 -0.0344035514
v -0.175727472 -0.177528992 -0.0344305374
v -0.182216465 -0.177151084 -0.0344403759
v -0.18223545 -0.177479252 -0.0345241204
v -0.183145449 -0.192956403 -0.0288279839
v -0.18223545 -0.177479252 -0.0345241204
v -0.182253256 -0.177788585 -0.0346622132
v -0.183145449 -0.192956403 -0.0288279839
v -0.183145449 -0.192956403 -0.0288279839
v -0.182253256 -0.177788585 -0.0346622132
v -0.182269365 -0.178070173 -0.0348506831
v -0.182240143 -0.177656367 -0.0382314436
v -0.182221413 -0.177337676 -0.0383461379
v -0.182797268 -0.187204868 -0.0375477709
v -0.182221413 -0.177337676 -0.0383461379
v -0.182809994 -0.187429965 -0.0378012285
v -0.182797268 -0.187204868 -0.0375477709
v -0.182221413 -0.177337676 -0.0383461379
v -0.182240143 -0.177656367 -0.0382314436
v -0.17575115 -0.178034276 -0.0382216051
v -0.182240143 -0.177656367 -0.0382314436
v -0.175768569 -0.178329036 -0.0380546078
v -0.17575115 -0.178034276 -0.0382216051
v -0.182253256 -0.177788585 -0.0346622132
v -0.18223545 -0.177479252 -0.0345241204
v -0.175746456 -0.177857161 -0.0345142782
v -0.18223545 -0.177479252 -0.0345241204
v -0.175727472 -0.177528992 -0.0344305374
v -0.175746456 -0.177857161 -0.0345142782
v -0.182257563 -0.177951127 -0.0380644463
v -0.182240143 -0.177656367 -0.0382314436
v -0.182797268 -0.187204868 -0.0375477709
v -0.182240143 -0.177656367 -0.0382314436
v -0.182257563 -0.177951127 -0.0380644463
v -0.175768569 -0.178329036 -0.0380546078
v -0.182257563 -0.177951127 -0.0380644463
v -0.175784171 -0.178591371 -0.0378401093
v -0.175768569 -0.178329036 -0.0380546078
v -0.182269365 -0.178070173 -0.0348506831
v -0.182253256 -0.177788585 -0.0346622132
v -0.175764263 -0.178166494 -0.034652371
v -0.182253256 -0.177788585 -0.0346622132
v -0.175746456 -0.177857161 -0.0345142782
v -0.175764263 -0.178166494 -0.034652371
v -0.182273164 -0.178213462 -0.0378499478
v -0.182257563 -0.177951127 -0.0380644463
v -0.182797268 -0.187204868 -0.0375477709
v -0.182257563 -0.177951127 -0.0380644463
v -0.182273164 -0.178213462 -0.0378499478
v -0.175784171 -0.178591371 -0.0378401093
v -0.182273164 -0.178213462 -0.0378499478
v -0.175797507 -0.178813741 -0.0375842862
v -0.175784171 -0.178591371 -0.0378401093
v -0.182283327 -0.178315923 -0.0350841098
v -0.182269365 -0.178070173 -0.0348506831
v -0.175780371 -0.178448081 -0.0348408446
v -0.182269365 -0.178070173 -0.0348506831
v -0.175764263 -0.178166494 -0.034652371
v -0.175780371 -0.178448081 -0.0348408446
v -0.182269365 -0.178070173 -0.0348506831
v -0.182283327 -0.178315923 -0.0350841098
v -0.183145449 -0.192956403 -0.0288279839
v -0.182283327 -0.178315923 -0.0350841098
v -0.182837591 -0.187820658 -0.0346091799
v -0.183145449 -0.192956403 -0.0288279839
v -0.183145449 -0.192956403 -0.0288279839
v -0.182837591 -0.187820658 -0.0346091799
v -0.182855725 -0.188128501 -0.0344678238
v -0.182286501 -0.178435832 -0.0375941247
v -0.182273164 -0.178213462 -0.0378499478
v -0.182797268 -0.187204868 -0.0375477709
v -0.182273164 -0.178213462 -0.0378499478
v -0.182286501 -0.178435832 -0.0375941247
v -0.175797507 -0.178813741 -0.0375842862
v -0.182286501 -0.178435832 -0.0375941247
v -0.175808206 -0.178989753 -0.0372944921
v -0.175797507 -0.178813741 -0.0375842862
v -0.182294726 -0.178518742 -0.0353557765
v -0.182283327 -0.178315923 -0.0350841098
v -0.175794333 -0.178693831 -0.0350742713
v -0.182283327 -0.178315923 -0.0350841098
v -0.175780371 -0.178448081 -0.0348408446
v -0.175794333 -0.178693831 -0.0350742713
v -0.182283327 -0.178315923 -0.0350841098
v -0.182294726 -0.178518742 -0.0353557765
v -0.182779029 -0.186849713 -0.0359390005
v -0.182294726 -0.178518742 -0.0353557765
v -0.18230325 -0.178672835 -0.0356578678
v -0.182779029 -0.186849713 -0.0359390005
v -0.182779029 -0.186849713 -0.0359390005
v -0.18230325 -0.178672835 -0.0356578678
v -0.182776108 -0.186808497 -0.0362756997
v -0.18230325 -0.178672835 -0.0356578678
v -0.182308629 -0.178773731 -0.0359816924
v -0.182776108 -0.186808497 -0.0362756997
v -0.182776108 -0.186808497 -0.0362756997
v -0.182308629 -0.178773731 -0.0359816924
v -0.18231073 -0.178818554 -0.0363179371
v -0.1822972 -0.178611845 -0.0373043306
v -0.182286501 -0.178435832 -0.0375941247
v -0.182797268 -0.187204868 -0.0375477709
v -0.182286501 -0.178435832 -0.0375941247
v -0.1822972 -0.178611845 -0.0373043306
v -0.175808206 -0.178989753 -0.0372944921
v -0.1822972 -0.178611845 -0.0373043306
v -0.17581594 -0.179114327 -0.0369790681
v -0.175808206 -0.178989753 -0.0372944921
v -0.18230325 -0.178672835 -0.0356578678
v -0.182294726 -0.178518742 -0.0353557765
v -0.175805733 -0.178896651 -0.0353459343
v -0.182294726 -0.178518742 -0.0353557765
v -0.175794333 -0.178693831 -0.0350742713
v -0.175805733 -0.178896651 -0.0353459343
v -0.182304934 -0.178736418 -0.0369889066
v -0.1822972 -0.178611845 -0.0373043306
v -0.182776541 -0.186824694 -0.0366145372
v -0.1822972 -0.178611845 -0.0373043306
v -0.182780296 -0.186897814 -0.036945764
v -0.182776541 -0.186824694 -0.0366145372
v -0.1822972 -0.178611845 -0.0373043306
v -0.182304934 -0.178736418 -0.0369889066
v -0.17581594 -0.179114327 -0.0369790681
v -0.182304934 -0.178736418 -0.0369889066
v -0.175820485 -0.1791839 -0.0366470851
v -0.17581594 -0.179114327 -0.0369790681
v -0.182308629 -0.178773731 -0.0359816924
v -0.18230325 -0.178672835 -0.0356578678
v -0.175814241 -0.179050744 -0.0356480256
v -0.18230325 -0.178672835 -0.0356578678
v -0.175805733 -0.178896651 -0.0353459343
v -0.175814241 -0.179050744 -0.0356480256
v -0.182309479 -0.178805992 -0.0366569236
v -0.182304934 -0.178736418 -0.0369889066
v -0.182776541 -0.186824694 -0.0366145372
v -0.182304934 -0.178736418 -0.0369889066
v -0.182309479 -0.178805992 -0.0366569236
v -0.175820485 -0.1791839 -0.0366470851
v -0.182309479 -0.178805992 -0.0366569236
v -0.18231073 -0.178820804 -0.0364028104
v -0.175820485 -0.1791839 -0.0366470851
v -0.175820485 -0.1791839 -0.0366470851
v -0.18231073 -0.178820804 -0.0364028104
v -0.175821736 -0.179196462 -0.0363080949
v -0.18231073 -0.178820804 -0.0364028104
v -0.18231073 -0.178818554 -0.0363179371
v -0.175821736 -0.179196462 -0.0363080949
v -0.175821736 -0.179196462 -0.0363080949
v -0.18231073 -0.178818554 -0.0363179371
v -0.175819635 -0.179151639 -0.0359718539
v -0.18231073 -0.178818554 -0.0363179371
v -0.182308629 -0.178773731 -0.0359816924
v -0.175819635 -0.179151639 -0.0359718539
v -0.175819635 -0.179151639 -0.0359718539
v -0.182308629 -0.178773731 -0.0359816924
v -0.175814241 -0.179050744 -0.0356480256
v -0.18231073 -0.178820804 -0.0364028104
v -0.182309479 -0.178805992 -0.0366569236
v -0.182776541 -0.186824694 -0.0366145372
v -0.18231073 -0.178818554 -0.0363179371
v -0.18231073 -0.178820804 -0.0364028104
v -0.182776541 -0.186824694 -0.0366145372
v -0.182776541 -0.186824694 -0.0366145372
v -0.182776108 -0.186808497 -0.0362756997
v -0.18231073 -0.178818554 -0.0363179371
v -0.182776108 -0.186808497 -0.0362756997
v -0.182776541 -0.186824694 -0.0366145372
v -0.176286906 -0.187185064 -0.0363507494
v -0.182776541 -0.186824694 -0.0366145372
v -0.176287547 -0.187202588 -0.036604695
v -0.176286906 -0.187185064 -0.0363507494
v -0.182779029 -0.186849713 -0.0359390005
v -0.182776108 -0.186808497 -0.0362756997
v -0.176287115 -0.187186405 -0.0362658575
v -0.182776108 -0.186808497 -0.0362756997
v -0.176286906 -0.187185064 -0.0363507494
v -0.176287115 -0.187186405 -0.0362658575
v -0.182776541 -0.186824694 -0.0366145372
v -0.182780296 -0.186897814 -0.036945764
v -0.176291302 -0.187275708 -0.0369359255
v -0.182780296 -0.186897814 -0.036945764
v -0.176298276 -0.187403664 -0.0372500122
v -0.176291302 -0.187275708 -0.0369359255
v -0.182785198 -0.186947137 -0.0356141292
v -0.182779029 -0.186849713 -0.0359390005
v -0.17629002 -0.187227622 -0.0359291621
v -0.182779029 -0.186849713 -0.0359390005
v -0.176287115 -0.187186405 -0.0362658575
v -0.17629002 -0.187227622 -0.0359291621
v -0.182779029 -0.186849713 -0.0359390005
v -0.182785198 -0.186947137 -0.0356141292
v -0.182283327 -0.178315923 -0.0350841098
v -0.182785198 -0.186947137 -0.0356141292
v -0.182794437 -0.187097967 -0.0353104249
v -0.182283327 -0.178315923 -0.0350841098
v -0.182283327 -0.178315923 -0.0350841098
v -0.182794437 -0.187097967 -0.0353104249
v -0.182806492 -0.187297881 -0.0350366309
v -0.182787269 -0.187025756 -0.0372598544
v -0.182780296 -0.186897814 -0.036945764
v -0.1822972 -0.178611845 -0.0373043306
v -0.182780296 -0.186897814 -0.036945764
v -0.182787269 -0.187025756 -0.0372598544
v -0.176298276 -0.187403664 -0.0372500122
v -0.182787269 -0.187025756 -0.0372598544
v -0.176308274 -0.187582776 -0.0375379287
v -0.176298276 -0.187403664 -0.0372500122
v -0.182794437 -0.187097967 -0.0353104249
v -0.182785198 -0.186947137 -0.0356141292
v -0.176296189 -0.187325045 -0.0356042869
v -0.182785198 -0.186947137 -0.0356141292
v -0.17629002 -0.187227622 -0.0359291621
v -0.176296189 -0.187325045 -0.0356042869
v -0.182797268 -0.187204868 -0.0375477709
v -0.182787269 -0.187025756 -0.0372598544
v -0.1822972 -0.178611845 -0.0373043306
v -0.182787269 -0.187025756 -0.0372598544
v -0.182797268 -0.187204868 -0.0375477709
v -0.176308274 -0.187582776 -0.0375379287
v -0.182797268 -0.187204868 -0.0375477709
v -0.176321 -0.187807873 -0.03779139
v -0.176308274 -0.187582776 -0.0375379287
v -0.182806492 -0.187297881 -0.0350366309
v -0.182794437 -0.187097967 -0.0353104249
v -0.176305443 -0.187475875 -0.0353005826
v -0.182794437 -0.187097967 -0.0353104249
v -0.176296189 -0.187325045 -0.0356042869
v -0.176305443 -0.187475875 -0.0353005826
v -0.182797268 -0.187204868 -0.0375477709
v -0.182809994 -0.187429965 -0.0378012285
v -0.176321 -0.187807873 -0.03779139
v -0.182809994 -0.187429965 -0.0378012285
v -0.17633608 -0.188072488 -0.0380031019
v -0.176321 -0.187807873 -0.03779139
v -0.18282102 -0.187541112 -0.0348006189
v -0.182806492 -0.187297881 -0.0350366309
v -0.176317498 -0.187675789 -0.0350267887
v -0.182806492 -0.187297881 -0.0350366309
v -0.176305443 -0.187475875 -0.0353005826
v -0.176317498 -0.187675789 -0.0350267887
v -0.182806492 -0.187297881 -0.0350366309
v -0.18282102 -0.187541112 -0.0348006189
v -0.182283327 -0.178315923 -0.0350841098
v -0.18282102 -0.187541112 -0.0348006189
v -0.182837591 -0.187820658 -0.0346091799
v -0.182283327 -0.178315923 -0.0350841098
v -0.182825089 -0.187694579 -0.0380129404
v -0.182809994 -0.187429965 -0.0378012285
v -0.182221413 -0.177337676 -0.0383461379
v -0.182809994 -0.187429965 -0.0378012285
v -0.182825089 -0.187694579 -0.0380129404
v -0.17633608 -0.188072488 -0.0380031019
v -0.182825089 -0.187694579 -0.0380129404
v -0.176353112 -0.188369021 -0.0381669737
v -0.17633608 -0.188072488 -0.0380031019
v -0.182837591 -0.187820658 -0.0346091799
v -0.18282102 -0.187541112 -0.0348006189
v -0.176332012 -0.187919021 -0.0347907767
v -0.18282102 -0.187541112 -0.0348006189
v -0.176317498 -0.187675789 -0.0350267887
v -0.176332012 -0.187919021 -0.0347907767
v -0.182842106 -0.187991112 -0.0381768122
v -0.182825089 -0.187694579 -0.0380129404
v -0.182221413 -0.177337676 -0.0383461379
v -0.182825089 -0.187694579 -0.0380129404
v -0.182842106 -0.187991112 -0.0381768122
v -0.176353112 -0.188369021 -0.0381669737
v -0.182842106 -0.187991112 -0.0381768122
v -0.176371574 -0.188688919 -0.0382782929
v -0.176353112 -0.188369021 -0.0381669737
v -0.182855725 -0.188128501 -0.0344678238
v -0.182837591 -0.187820658 -0.0346091799
v -0.176348597 -0.188198566 -0.0345993415
v -0.182837591 -0.187820658 -0.0346091799
v -0.176332012 -0.187919021 -0.0347907767
v -0.176348597 -0.188198566 -0.0345993415
v -0.182860568 -0.188311011 -0.0382881314
v -0.182842106 -0.187991112 -0.0381768122
v -0.182221413 -0.177337676 -0.0383461379
v -0.182842106 -0.187991112 -0.0381768122
v -0.182860568 -0.188311011 -0.0382881314
v -0.176371574 -0.188688919 -0.0382782929
v -0.182860568 -0.188311011 -0.0382881314
v -0.176390946 -0.189023003 -0.0383338556
v -0.176371574 -0.188688919 -0.0382782929
v -0.182874918 -0.18845576 -0.0343806185
v -0.182855725 -0.188128501 -0.0344678238
v -0.176366732 -0.18850641 -0.0344579853
v -0.182855725 -0.188128501 -0.0344678238
v -0.176348597 -0.188198566 -0.0345993415
v -0.176366732 -0.18850641 -0.0344579853
v -0.182855725 -0.188128501 -0.0344678238
v -0.182874918 -0.18845576 -0.0343806185
v -0.183145449 -0.192956403 -0.0288279839
v -0.182874918 -0.18845576 -0.0343806185
v -0.182894602 -0.188793033 -0.0343500674
v -0.183145449 -0.192956403 -0.0288279839
v -0.183145449 -0.192956403 -0.0288279839
v -0.182894602 -0.188793033 -0.0343500674
v -0.182914227 -0.189130604 -0.0343770497
v -0.18287994 -0.188645095 -0.0383436941
v -0.182860568 -0.188311011 -0.0382881314
v -0.183131605 -0.193018004 -0.0403278098
v -0.182860568 -0.188311011 -0.0382881314
v -0.182221413 -0.177337676 -0.0383461379
v -0.183131605 -0.193018004 -0.0403278098
v -0.182860568 -0.188311011 -0.0382881314
v -0.18287994 -0.188645095 -0.0383436941
v -0.176390946 -0.189023003 -0.0383338556
v -0.18287994 -0.188645095 -0.0383436941
v -0.17641066 -0.189361647 -0.0383320637
v -0.176390946 -0.189023003 -0.0383338556
v -0.182894602 -0.188793033 -0.0343500674
v -0.182874918 -0.18845576 -0.0343806185
v -0.176385924 -0.188833669 -0.0343707763
v -0.182874918 -0.18845576 -0.0343806185
v -0.176366732 -0.18850641 -0.0344579853
v -0.176385924 -0.188833669 -0.0343707763
v -0.182899669 -0.188983738 -0.0383419059
v -0.18287994 -0.188645095 -0.0383436941
v -0.183131605 -0.193018004 -0.0403278098
v -0.18287994 -0.188645095 -0.0383436941
v -0.182899669 -0.188983738 -0.0383419059
v -0.17641066 -0.189361647 -0.0383320637
v -0.182899669 -0.188983738 -0.0383419059
v -0.176430181 -0.18969512 -0.0382729732
v -0.17641066 -0.189361647 -0.0383320637
v -0.182914227 -0.189130604 -0.0343770497
v -0.182894602 -0.188793033 -0.0343500674
v -0.176405609 -0.189170942 -0.0343402252
v -0.182894602 -0.188793033 -0.0343500674
v -0.176385924 -0.188833669 -0.0343707763
v -0.176405609 -0.189170942 -0.0343402252
v -0.182919174 -0.189317212 -0.0382828116
v -0.182899669 -0.188983738 -0.0383419059
v -0.183131605 -0.193018004 -0.0403278098
v -0.182899669 -0.188983738 -0.0383419059
v -0.182919174 -0.189317212 -0.0382828116
v -0.176430181 -0.18969512 -0.0382729732
v -0.182919174 -0.189317212 -0.0382828116
v -0.176448911 -0.190013811 -0.0381582789
v -0.176430181 -0.18969512 -0.0382729732
v -0.182933211 -0.189458787 -0.0344607942
v -0.182914227 -0.189130604 -0.0343770497
v -0.176425233 -0.189508513 -0.0343672112
v -0.182914227 -0.189130604 -0.0343770497
v -0.176405609 -0.189170942 -0.0343402252
v -0.176425233 -0.189508513 -0.0343672112
v -0.182914227 -0.189130604 -0.0343770497
v -0.182933211 -0.189458787 -0.0344607942
v -0.183145449 -0.192956403 -0.0288279839
v -0.182933211 -0.189458787 -0.0344607942
v -0.182951018 -0.189768121 -0.034598887
v -0.183145449 -0.192956403 -0.0288279839
v -0.183145449 -0.192956403 -0.0288279839
v -0.182951018 -0.189768121 -0.034598887
v -0.182967126 -0.190049708 -0.0347873569
v -0.182937905 -0.189635903 -0.0381681174
v -0.182919174 -0.189317212 -0.0382828116
v -0.183131605 -0.193018004 -0.0403278098
v -0.182919174 -0.189317212 -0.0382828116
v -0.182937905 -0.189635903 -0.0381681174
v -0.176448911 -0.190013811 -0.0381582789
v -0.182937905 -0.189635903 -0.0381681174
v -0.176466331 -0.190308571 -0.0379912779
v -0.176448911 -0.190013811 -0.0381582789
v -0.182951018 -0.189768121 -0.034598887
v -0.182933211 -0.189458787 -0.0344607942
v -0.176444218 -0.189836696 -0.034450952
v -0.182933211 -0.189458787 -0.0344607942
v -0.176425233 -0.189508513 -0.0343672112
v -0.176444218 -0.189836696 -0.034450952
v -0.182955325 -0.189930663 -0.0380011201
v -0.182937905 -0.189635903 -0.0381681174
v -0.183131605 -0.193018004 -0.0403278098
v -0.182937905 -0.189635903 -0.0381681174
v -0.182955325 -0.189930663 -0.0380011201
v -0.176466331 -0.190308571 -0.0379912779
v -0.182955325 -0.189930663 -0.0380011201
v -0.176481932 -0.190570906 -0.0377767831
v -0.176466331 -0.190308571 -0.0379912779
v -0.182967126 -0.190049708 -0.0347873569
v -0.182951018 -0.189768121 -0.034598887
v -0.176462024 -0.190146029 -0.0345890447
v -0.182951018 -0.189768121 -0.034598887
v -0.176444218 -0.189836696 -0.034450952
v -0.176462024 -0.190146029 -0.0345890447
v -0.182970926 -0.190192997 -0.0377866216
v -0.182955325 -0.189930663 -0.0380011201
v -0.183131605 -0.193018004 -0.0403278098
v -0.182955325 -0.189930663 -0.0380011201
v -0.182970926 -0.190192997 -0.0377866216
v -0.176481932 -0.190570906 -0.0377767831
v -0.182970926 -0.190192997 -0.0377866216
v -0.176495269 -0.190793276 -0.03752096
v -0.176481932 -0.190570906 -0.0377767831
v -0.182981089 -0.190295443 -0.0350207835
v -0.182967126 -0.190049708 -0.0347873569
v -0.176478133 -0.190427616 -0.0347775184
v -0.182967126 -0.190049708 -0.0347873569
v -0.176462024 -0.190146029 -0.0345890447
v -0.176478133 -0.190427616 -0.0347775184
v -0.182967126 -0.190049708 -0.0347873569
v -0.182981089 -0.190295443 -0.0350207835
v -0.183145449 -0.192956403 -0.0288279839
v -0.182981089 -0.190295443 -0.0350207835
v -0.182992488 -0.190498278 -0.0352924503
v -0.183145449 -0.192956403 -0.0288279839
v -0.183145449 -0.192956403 -0.0288279839
v -0.182992488 -0.190498278 -0.0352924503
v -0.183001012 -0.190652356 -0.0355945416
v -0.182984263 -0.190415367 -0.0375307985
v -0.182970926 -0.190192997 -0.0377866216
v -0.183131605 -0.193018004 -0.0403278098
v -0.182970926 -0.190192997 -0.0377866216
v -0.182984263 -0.190415367 -0.0375307985
v -0.176495269 -0.190793276 -0.03752096
v -0.182984263 -0.190415367 -0.0375307985
v -0.176505953 -0.190969273 -0.0372311659
v -0.176495269 -0.190793276 -0.03752096
v -0.182992488 -0.190498278 -0.0352924503
v -0.182981089 -0.190295443 -0.0350207835
v -0.176492095 -0.190673351 -0.0350109451
v -0.182981089 -0.190295443 -0.0350207835
v -0.176478133 -0.190427616 -0.0347775184
v -0.176492095 -0.190673351 -0.0350109451
v -0.182994962 -0.190591365 -0.0372410044
v -0.182984263 -0.190415367 -0.0375307985
v -0.183131605 -0.193018004 -0.0403278098
v -0.182984263 -0.190415367 -0.0375307985
v -0.182994962 -0.190591365 -0.0372410044
v -0.176505953 -0.190969273 -0.0372311659
v -0.182994962 -0.190591365 -0.0372410044
v -0.176513687 -0.191093862 -0.0369157419
v -0.176505953 -0.190969273 -0.0372311659
v -0.183001012 -0.190652356 -0.0355945416
v -0.182992488 -0.190498278 -0.0352924503
v -0.176503494 -0.190876186 -0.0352826081
v -0.182992488 -0.190498278 -0.0352924503
v -0.176492095 -0.190673351 -0.0350109451
v -0.176503494 -0.190876186 -0.0352826081
v -0.183002695 -0.190715954 -0.0369255804
v -0.182994962 -0.190591365 -0.0372410044
v -0.183131605 -0.193018004 -0.0403278098
v -0.182994962 -0.190591365 -0.0372410044
v -0.183002695 -0.190715954 -0.0369255804
v -0.176513687 -0.191093862 -0.0369157419
v -0.183002695 -0.190715954 -0.0369255804
v -0.176518247 -0.191163421 -0.0365837589
v -0.176513687 -0.191093862 -0.0369157419
v -0.183006391 -0.190753266 -0.0359183662
v -0.183001012 -0.190652356 -0.0355945416
v -0.176512003 -0.191030264 -0.0355846994
v -0.183001012 -0.190652356 -0.0355945416
v -0.176503494 -0.190876186 -0.0352826081
v -0.176512003 -0.191030264 -0.0355846994
v -0.183001012 -0.190652356 -0.0355945416
v -0.183006391 -0.190753266 -0.0359183662
v -0.183145449 -0.192956403 -0.0288279839
v -0.183006391 -0.190753266 -0.0359183662
v -0.183131605 -0.193018004 -0.0403278098
v -0.183145449 -0.192956403 -0.0288279839
v -0.18300724 -0.190785527 -0.0365935974
v -0.183002695 -0.190715954 -0.0369255804
v -0.183131605 -0.193018004 -0.0403278098
v -0.183002695 -0.190715954 -0.0369255804
v -0.18300724 -0.190785527 -0.0365935974
v -0.176518247 -0.191163421 -0.0365837589
v -0.18300724 -0.190785527 -0.0365935974
v -0.183008492 -0.190800339 -0.0363394804
v -0.176518247 -0.191163421 -0.0365837589
v -0.176518247 -0.191163421 -0.0365837589
v -0.183008492 -0.190800339 -0.0363394804
v -0.176519498 -0.191175982 -0.0362447686
v -0.183008492 -0.190800339 -0.0363394804
v -0.183008492 -0.190798074 -0.0362546109
v -0.176519498 -0.191175982 -0.0362447686
v -0.176519498 -0.191175982 -0.0362447686
v -0.183008492 -0.190798074 -0.0362546109
v -0.176517397 -0.191131175 -0.0359085239
v -0.183008492 -0.190798074 -0.0362546109
v -0.183006391 -0.190753266 -0.0359183662
v -0.176517397 -0.191131175 -0.0359085239
v -0.176517397 -0.191131175 -0.0359085239
v -0.183006391 -0.190753266 -0.0359183662
v -0.176512003 -0.191030264 -0.0355846994
v -0.183006391 -0.190753266 -0.0359183662
v -0.183008492 -0.190798074 -0.0362546109
v -0.183131605 -0.193018004 -0.0403278098
v -0.183008492 -0.190798074 -0.0362546109
v -0.183008492 -0.190800339 -0.0363394804
v -0.183131605 -0.193018004 -0.0403278098
v -0.183131605 -0.193018004 -0.0403278098
v -0.183008492 -0.190800339 -0.0363394804
v -0.18300724 -0.190785527 -0.0365935974
v -0.183145449 -0.192956403 -0.0288279839
v -0.183131605 -0.193018004 -0.0403278098
v -0.176656455 -0.193334311 -0.0288181435
v -0.183131605 -0.193018004 -0.0403278098
v -0.176642597 -0.193395913 -0.0403179713
v -0.176656455 -0.193334311 -0.0288181435
v -0.175305679 -0.170520201 -0.0434020013
v -0.175278351 -0.170051903 -0.0434414111
v -0.184321091 -0.169995159 -0.0434156731
v -0.175278351 -0.170051903 -0.0434414111
v -0.175305679 -0.170520201 -0.0434020013
v -0.176734626 -0.195045456 -0.0429823063
v -0.175305679 -0.170520201 -0.0434020013
v -0.176711589 -0.194643438 -0.04273846
v -0.176734626 -0.195045456 -0.0429823063
v -0.176813424 -0.196406856 -0.0433020927
v -0.175278351 -0.170051903 -0.0434414111
v -0.176786184 -0.195938155 -0.0432676375
v -0.175278351 -0.170051903 -0.0434414111
v -0.176759705 -0.1954806 -0.0431601554
v -0.176786184 -0.195938155 -0.0432676375
v -0.175278351 -0.170051903 -0.0434414111
v -0.176813424 -0.196406856 -0.0433020927
v -0.170823589 -0.196755707 -0.0432930104
v -0.176813424 -0.196406856 -0.0433020927
v -0.195120215 -0.201150462 -0.0432987362
v -0.170823589 -0.196755707 -0.0432930104
v -0.175332442 -0.170976579 -0.0432896912
v -0.175305679 -0.170520201 -0.0434020013
v -0.183890879 -0.17047815 -0.0433026701
v -0.175305679 -0.170520201 -0.0434020013
v -0.184321091 -0.169995159 -0.0434156731
v -0.183890879 -0.17047815 -0.0433026701
v -0.183890879 -0.17047815 -0.0433026701
v -0.184321091 -0.169995159 -0.0434156731
v -0.185318142 -0.194982171 -0.0431731343
v -0.175305679 -0.170520201 -0.0434020013
v -0.175332442 -0.170976579 -0.0432896912
v -0.176711589 -0.194643438 -0.04273846
v -0.175332442 -0.170976579 -0.0432896912
v -0.176390946 -0.189023003 -0.0383338556
v -0.176711589 -0.194643438 -0.04273846
v -0.176711589 -0.194643438 -0.04273846
v -0.176390946 -0.189023003 -0.0383338556
v -0.17641066 -0.189361647 -0.0383320637
v -0.175332442 -0.170976579 -0.0432896912
v -0.175357938 -0.171409801 -0.0431072488
v -0.176308274 -0.187582776 -0.0375379287
v -0.175357938 -0.171409801 -0.0431072488
v -0.175381571 -0.171809182 -0.0428591669
v -0.176308274 -0.187582776 -0.0375379287
v -0.176308274 -0.187582776 -0.0375379287
v -0.175381571 -0.171809182 -0.0428591669
v -0.17575115 -0.178034276 -0.0382216051
v -0.175381571 -0.171809182 -0.0428591669
v -0.175732419 -0.177715585 -0.0383362994
v -0.17575115 -0.178034276 -0.0382216051
v -0.175381571 -0.171809182 -0.0428591669
v -0.175402761 -0.172164887 -0.042551551
v -0.175693184 -0.177043468 -0.0383971818
v -0.175402761 -0.172164887 -0.042551551
v -0.175673813 -0.176709384 -0.0383416191
v -0.175693184 -0.177043468 -0.0383971818
v -0.175402761 -0.172164887 -0.042551551
v -0.17542097 -0.172468185 -0.0421919785
v -0.175638318 -0.176092952 -0.0380664282
v -0.17542097 -0.172468185 -0.0421919785
v -0.175623238 -0.175828338 -0.0378547162
v -0.175638318 -0.176092952 -0.0380664282
v -0.17542097 -0.172468185 -0.0421919785
v -0.175435752 -0.172711581 -0.0417893045
v -0.175610512 -0.175603241 -0.0376012549
v -0.175435752 -0.172711581 -0.0417893045
v -0.175446749 -0.172889099 -0.041353438
v -0.175610512 -0.175603241 -0.0376012549
v -0.175610512 -0.175603241 -0.0376012549
v -0.175446749 -0.172889099 -0.041353438
v -0.175453693 -0.172996357 -0.0408951193
v -0.175453693 -0.172996357 -0.0408951193
v -0.175446749 -0.172889099 -0.041353438
v -0.182022497 -0.172568992 -0.0411363542
v -0.175453693 -0.172996357 -0.0408951193
v -0.175456405 -0.173030704 -0.0404256247
v -0.175600514 -0.175424144 -0.0373133421
v -0.175456405 -0.173030704 -0.0404256247
v -0.17559354 -0.175296187 -0.0369992517
v -0.175600514 -0.175424144 -0.0373133421
v -0.175470263 -0.172969118 -0.0289257988
v -0.176656455 -0.193334311 -0.0288181435
v -0.175746456 -0.177857161 -0.0345142782
v -0.176656455 -0.193334311 -0.0288181435
v -0.175764263 -0.178166494 -0.034652371
v -0.175746456 -0.177857161 -0.0345142782
v -0.175456405 -0.173030704 -0.0404256247
v -0.175470263 -0.172969118 -0.0289257988
v -0.175592273 -0.175248086 -0.0359924883
v -0.175470263 -0.172969118 -0.0289257988
v -0.175598428 -0.17534551 -0.0356676131
v -0.175592273 -0.175248086 -0.0359924883
v -0.175589144 -0.175205529 -0.0364140756
v -0.175589785 -0.175223067 -0.0366680212
v -0.175456405 -0.173030704 -0.0404256247
v -0.175589785 -0.175223067 -0.0366680212
v -0.17559354 -0.175296187 -0.0369992517
v -0.175456405 -0.173030704 -0.0404256247
v -0.175589353 -0.17520687 -0.0363291875
v -0.175589144 -0.175205529 -0.0364140756
v -0.175456405 -0.173030704 -0.0404256247
v -0.175592273 -0.175248086 -0.0359924883
v -0.175589353 -0.17520687 -0.0363291875
v -0.175456405 -0.173030704 -0.0404256247
v -0.17559354 -0.175296187 -0.0369992517
v -0.175589785 -0.175223067 -0.0366680212
v -0.182078779 -0.174845159 -0.0366778634
v -0.175607681 -0.175496355 -0.0353639126
v -0.175598428 -0.17534551 -0.0356676131
v -0.175470263 -0.172969118 -0.0289257988
v -0.175600514 -0.175424144 -0.0373133421
v -0.175610512 -0.175603241 -0.0376012549
v -0.175453693 -0.172996357 -0.0408951193
v -0.175619736 -0.175696254 -0.0350901149
v -0.175607681 -0.175496355 -0.0353639126
v -0.175470263 -0.172969118 -0.0289257988
v -0.175610512 -0.175603241 -0.0376012549
v -0.175623238 -0.175828338 -0.0378547162
v -0.17542097 -0.172468185 -0.0421919785
v -0.175634265 -0.175939485 -0.0348541029
v -0.175619736 -0.175696254 -0.0350901149
v -0.175470263 -0.172969118 -0.0289257988
v -0.175650835 -0.176219046 -0.0346626677
v -0.175634265 -0.175939485 -0.0348541029
v -0.175470263 -0.172969118 -0.0289257988
v -0.175638318 -0.176092952 -0.0380664282
v -0.17565535 -0.176389486 -0.0382302999
v -0.175402761 -0.172164887 -0.042551551
v -0.17565535 -0.176389486 -0.0382302999
v -0.175673813 -0.176709384 -0.0383416191
v -0.175402761 -0.172164887 -0.042551551
v -0.17566897 -0.176526874 -0.0345213115
v -0.175650835 -0.176219046 -0.0346626677
v -0.175470263 -0.172969118 -0.0289257988
v -0.175688162 -0.176854134 -0.0344341025
v -0.17566897 -0.176526874 -0.0345213115
v -0.175470263 -0.172969118 -0.0289257988
v -0.175707847 -0.177191406 -0.0344035514
v -0.175688162 -0.176854134 -0.0344341025
v -0.175470263 -0.172969118 -0.0289257988
v -0.175693184 -0.177043468 -0.0383971818
v -0.175712898 -0.177382112 -0.0383953936
v -0.175381571 -0.171809182 -0.0428591669
v -0.175712898 -0.177382112 -0.0383953936
v -0.175732419 -0.177715585 -0.0383362994
v -0.175381571 -0.171809182 -0.0428591669
v -0.175727472 -0.177528992 -0.0344305374
v -0.175707847 -0.177191406 -0.0344035514
v -0.175470263 -0.172969118 -0.0289257988
v -0.175746456 -0.177857161 -0.0345142782
v -0.175727472 -0.177528992 -0.0344305374
v -0.175470263 -0.172969118 -0.0289257988
v -0.17575115 -0.178034276 -0.0382216051
v -0.175768569 -0.178329036 -0.0380546078
v -0.176308274 -0.187582776 -0.0375379287
v -0.175768569 -0.178329036 -0.0380546078
v -0.175784171 -0.178591371 -0.0378401093
v -0.176308274 -0.187582776 -0.0375379287
v -0.176308274 -0.187582776 -0.0375379287
v -0.175784171 -0.178591371 -0.0378401093
v -0.175797507 -0.178813741 -0.0375842862
v -0.175780371 -0.178448081 -0.0348408446
v -0.175764263 -0.178166494 -0.034652371
v -0.176656455 -0.193334311 -0.0288181435
v -0.175794333 -0.178693831 -0.0350742713
v -0.175780371 -0.178448081 -0.0348408446
v -0.176656455 -0.193334311 -0.0288181435
v -0.175805733 -0.178896651 -0.0353459343
v -0.175794333 -0.178693831 -0.0350742713
v -0.176656455 -0.193334311 -0.0288181435
v -0.175797507 -0.178813741 -0.0375842862
v -0.175808206 -0.178989753 -0.0372944921
v -0.176308274 -0.187582776 -0.0375379287
v -0.175808206 -0.178989753 -0.0372944921
v -0.17581594 -0.179114327 -0.0369790681
v -0.176308274 -0.187582776 -0.0375379287
v -0.176308274 -0.187582776 -0.0375379287
v -0.17581594 -0.179114327 -0.0369790681
v -0.175820485 -0.1791839 -0.0366470851
v -0.175814241 -0.179050744 -0.0356480256
v -0.175805733 -0.178896651 -0.0353459343
v -0.176656455 -0.193334311 -0.0288181435
v -0.175819635 -0.179151639 -0.0359718539
v -0.175814241 -0.179050744 -0.0356480256
v -0.176385924 -0.188833669 -0.0343707763
v -0.175814241 -0.179050744 -0.0356480256
v -0.176656455 -0.193334311 -0.0288181435
v -0.176385924 -0.188833669 -0.0343707763
v -0.176385924 -0.188833669 -0.0343707763
v -0.176656455 -0.193334311 -0.0288181435
v -0.176405609 -0.189170942 -0.0343402252
v -0.176656455 -0.193334311 -0.0288181435
v -0.176425233 -0.189508513 -0.0343672112
v -0.176405609 -0.189170942 -0.0343402252
v -0.175821736 -0.179196462 -0.0363080949
v -0.175819635 -0.179151639 -0.0359718539
v -0.176296189 -0.187325045 -0.0356042869
v -0.175819635 -0.179151639 -0.0359718539
v -0.176305443 -0.187475875 -0.0353005826
v -0.176296189 -0.187325045 -0.0356042869
v -0.175820485 -0.1791839 -0.0366470851
v -0.175821736 -0.179196462 -0.0363080949
v -0.176287115 -0.187186405 -0.0362658575
v -0.175821736 -0.179196462 -0.0363080949
v -0.17629002 -0.187227622 -0.0359291621
v -0.176287115 -0.187186405 -0.0362658575
v -0.176286906 -0.187185064 -0.0363507494
v -0.176287547 -0.187202588 -0.036604695
v -0.175820485 -0.1791839 -0.0366470851
v -0.176287547 -0.187202588 -0.036604695
v -0.176291302 -0.187275708 -0.0369359255
v -0.175820485 -0.1791839 -0.0366470851
v -0.175820485 -0.1791839 -0.0366470851
v -0.176291302 -0.187275708 -0.0369359255
v -0.176298276 -0.187403664 -0.0372500122
v -0.176287115 -0.187186405 -0.0362658575
v -0.176286906 -0.187185064 -0.0363507494
v -0.175820485 -0.1791839 -0.0366470851
v -0.176291302 -0.187275708 -0.0369359255
v -0.176287547 -0.187202588 -0.036604695
v -0.182776541 -0.186824694 -0.0366145372
v -0.176296189 -0.187325045 -0.0356042869
v -0.17629002 -0.187227622 -0.0359291621
v -0.175821736 -0.179196462 -0.0363080949
v -0.176298276 -0.187403664 -0.0372500122
v -0.176308274 -0.187582776 -0.0375379287
v -0.175820485 -0.1791839 -0.0366470851
v -0.176317498 -0.187675789 -0.0350267887
v -0.176305443 -0.187475875 -0.0353005826
v -0.175819635 -0.179151639 -0.0359718539
v -0.176308274 -0.187582776 -0.0375379287
v -0.176321 -0.187807873 -0.03779139
v -0.175332442 -0.170976579 -0.0432896912
v -0.176321 -0.187807873 -0.03779139
v -0.17633608 -0.188072488 -0.0380031019
v -0.175332442 -0.170976579 -0.0432896912
v -0.175332442 -0.170976579 -0.0432896912
v -0.17633608 -0.188072488 -0.0380031019
v -0.176353112 -0.188369021 -0.0381669737
v -0.176332012 -0.187919021 -0.0347907767
v -0.176317498 -0.187675789 -0.0350267887
v -0.175819635 -0.179151639 -0.0359718539
v -0.176348597 -0.188198566 -0.0345993415
v -0.176332012 -0.187919021 -0.0347907767
v -0.175819635 -0.179151639 -0.0359718539
v -0.176366732 -0.18850641 -0.0344579853
v -0.176348597 -0.188198566 -0.0345993415
v -0.175819635 -0.179151639 -0.0359718539
v -0.176353112 -0.188369021 -0.0381669737
v -0.176371574 -0.188688919 -0.0382782929
v -0.175332442 -0.170976579 -0.0432896912
v -0.176371574 -0.188688919 -0.0382782929
v -0.176390946 -0.189023003 -0.0383338556
v -0.175332442 -0.170976579 -0.0432896912
v -0.176385924 -0.188833669 -0.0343707763
v -0.176366732 -0.18850641 -0.0344579853
v -0.175819635 -0.179151639 -0.0359718539
v -0.17641066 -0.189361647 -0.0383320637
v -0.176430181 -0.18969512 -0.0382729732
v -0.176691145 -0.194284454 -0.0424346216
v -0.176430181 -0.18969512 -0.0382729732
v -0.176448911 -0.190013811 -0.0381582789
v -0.176691145 -0.194284454 -0.0424346216
v -0.176691145 -0.194284454 -0.0424346216
v -0.176448911 -0.190013811 -0.0381582789
v -0.176466331 -0.190308571 -0.0379912779
v -0.176444218 -0.189836696 -0.034450952
v -0.176425233 -0.189508513 -0.0343672112
v -0.176656455 -0.193334311 -0.0288181435
v -0.176462024 -0.190146029 -0.0345890447
v -0.176444218 -0.189836696 -0.034450952
v -0.176656455 -0.193334311 -0.0288181435
v -0.176478133 -0.190427616 -0.0347775184
v -0.176462024 -0.190146029 -0.0345890447
v -0.176656455 -0.193334311 -0.0288181435
v -0.176466331 -0.190308571 -0.0379912779
v -0.176481932 -0.190570906 -0.0377767831
v -0.176644176 -0.193435296 -0.040787071
v -0.176481932 -0.190570906 -0.0377767831
v -0.176642597 -0.193395913 -0.0403179713
v -0.176644176 -0.193435296 -0.040787071
v -0.176492095 -0.190673351 -0.0350109451
v -0.176478133 -0.190427616 -0.0347775184
v -0.176656455 -0.193334311 -0.0288181435
v -0.176481932 -0.190570906 -0.0377767831
v -0.176495269 -0.190793276 -0.03752096
v -0.176642597 -0.193395913 -0.0403179713
v -0.176495269 -0.190793276 -0.03752096
v -0.176505953 -0.190969273 -0.0372311659
v -0.176642597 -0.193395913 -0.0403179713
v -0.176642597 -0.193395913 -0.0403179713
v -0.176505953 -0.190969273 -0.0372311659
v -0.176513687 -0.191093862 -0.0369157419
v -0.176503494 -0.190876186 -0.0352826081
v -0.176492095 -0.190673351 -0.0350109451
v -0.176656455 -0.193334311 -0.0288181435
v -0.176512003 -0.191030264 -0.0355846994
v -0.176503494 -0.190876186 -0.0352826081
v -0.176656455 -0.193334311 -0.0288181435
v -0.176517397 -0.191131175 -0.0359085239
v -0.176512003 -0.191030264 -0.0355846994
v -0.176656455 -0.193334311 -0.0288181435
v -0.176513687 -0.191093862 -0.0369157419
v -0.176518247 -0.191163421 -0.0365837589
v -0.176642597 -0.193395913 -0.0403179713
v -0.176518247 -0.191163421 -0.0365837589
v -0.176519498 -0.191175982 -0.0362447686
v -0.176642597 -0.193395913 -0.0403179713
v -0.176642597 -0.193395913 -0.0403179713
v -0.176519498 -0.191175982 -0.0362447686
v -0.176656455 -0.193334311 -0.0288181435
v -0.176519498 -0.191175982 -0.0362447686
v -0.176517397 -0.191131175 -0.0359085239
v -0.176656455 -0.193334311 -0.0288181435
v -0.176644176 -0.193435296 -0.040787071
v -0.176642597 -0.193395913 -0.0403179713
v -0.183131605 -0.193018004 -0.0403278098
v -0.176644176 -0.193435296 -0.040787071
v -0.176650017 -0.193547457 -0.0412442312
v -0.176466331 -0.190308571 -0.0379912779
v -0.176650017 -0.193547457 -0.0412442312
v -0.176659971 -0.193729624 -0.0416781977
v -0.176466331 -0.190308571 -0.0379912779
v -0.176466331 -0.190308571 -0.0379912779
v -0.176659971 -0.193729624 -0.0416781977
v -0.176673785 -0.193977326 -0.0420782752
v -0.176673785 -0.193977326 -0.0420782752
v -0.176691145 -0.194284454 -0.0424346216
v -0.176466331 -0.190308571 -0.0379912779
v -0.176691145 -0.194284454 -0.0424346216
v -0.176711589 -0.194643438 -0.04273846
v -0.17641066 -0.189361647 -0.0383320637
v -0.176734626 -0.195045456 -0.0429823063
v -0.176759705 -0.1954806 -0.0431601554
v -0.175278351 -0.170051903 -0.0434414111
v -0.176786184 -0.195938155 -0.0432676375
v -0.176759705 -0.1954806 -0.0431601554
v -0.185801595 -0.195413128 -0.0432813093
v -0.170823589 -0.196755707 -0.0432930104
v -0.169288516 -0.170400739 -0.0434323289
v -0.175278351 -0.170051903 -0.0434414111
v -0.169288516 -0.170400739 -0.0434323289
v -0.152978346 -0.165540859 -0.043438714
v -0.175278351 -0.170051903 -0.0434414111
v -0.169288516 -0.170400739 -0.0434323289
v -0.170823589 -0.196755707 -0.0432930104
v -0.169315845 -0.170869038 -0.043392919
v -0.170823589 -0.196755707 -0.0432930104
v -0.169342592 -0.171325415 -0.043280609
v -0.169315845 -0.170869038 -0.043392919
v -0.169288516 -0.170400739 -0.0434323289
v -0.169315845 -0.170869038 -0.043392919
v -0.159804583 -0.170953065 -0.0434179455
v -0.169315845 -0.170869038 -0.043392919
v -0.160300434 -0.17139408 -0.0433792472
v -0.159804583 -0.170953065 -0.0434179455
v -0.159804583 -0.170953065 -0.0434179455
v -0.160300434 -0.17139408 -0.0433792472
v -0.161339656 -0.197308019 -0.0432786271
v -0.169315845 -0.170869038 -0.043392919
v -0.169342592 -0.171325415 -0.043280609
v -0.160300434 -0.17139408 -0.0433792472
v -0.169368103 -0.171758637 -0.0430981666
v -0.169342592 -0.171325415 -0.043280609
v -0.170823589 -0.196755707 -0.0432930104
v -0.169391736 -0.172158018 -0.0428500846
v -0.169368103 -0.171758637 -0.0430981666
v -0.170796335 -0.196286991 -0.0432585515
v -0.169368103 -0.171758637 -0.0430981666
v -0.170823589 -0.196755707 -0.0432930104
v -0.170796335 -0.196286991 -0.0432585515
v -0.169368103 -0.171758637 -0.0430981666
v -0.169391736 -0.172158018 -0.0428500846
v -0.161243841 -0.172231779 -0.043085847
v -0.169391736 -0.172158018 -0.0428500846
v -0.161668181 -0.172607824 -0.0428383686
v -0.161243841 -0.172231779 -0.043085847
v -0.169412911 -0.172513723 -0.0425424688
v -0.169391736 -0.172158018 -0.0428500846
v -0.169703335 -0.177392304 -0.0383880995
v -0.169391736 -0.172158018 -0.0428500846
v -0.169723064 -0.177730948 -0.0383863077
v -0.169703335 -0.177392304 -0.0383880995
v -0.169391736 -0.172158018 -0.0428500846
v -0.169412911 -0.172513723 -0.0425424688
v -0.161668181 -0.172607824 -0.0428383686
v -0.169412911 -0.172513723 -0.0425424688
v -0.162046731 -0.172942728 -0.0425312966
v -0.161668181 -0.172607824 -0.0428383686
v -0.16943112 -0.172817022 -0.0421828963
v -0.169412911 -0.172513723 -0.0425424688
v -0.169648483 -0.176441789 -0.0380573422
v -0.169412911 -0.172513723 -0.0425424688
v -0.169665501 -0.176738322 -0.038221214
v -0.169648483 -0.176441789 -0.0380573422
v -0.169412911 -0.172513723 -0.0425424688
v -0.16943112 -0.172817022 -0.0421828963
v -0.162046731 -0.172942728 -0.0425312966
v -0.16943112 -0.172817022 -0.0421828963
v -0.162370145 -0.173228234 -0.0421721861
v -0.162046731 -0.172942728 -0.0425312966
v -0.169445902 -0.173060417 -0.0417802185
v -0.16943112 -0.172817022 -0.0421828963
v -0.169648483 -0.176441789 -0.0380573422
v -0.16943112 -0.172817022 -0.0421828963
v -0.169445902 -0.173060417 -0.0417802185
v -0.162630484 -0.173457339 -0.0417698845
v -0.169445902 -0.173060417 -0.0417802185
v -0.162734926 -0.173548907 -0.0415555947
v -0.162630484 -0.173457339 -0.0417698845
v -0.169456914 -0.173237935 -0.0413443558
v -0.169445902 -0.173060417 -0.0417802185
v -0.169648483 -0.176441789 -0.0380573422
v -0.169445902 -0.173060417 -0.0417802185
v -0.169456914 -0.173237935 -0.0413443558
v -0.162821338 -0.173624381 -0.0413342901
v -0.169456914 -0.173237935 -0.0413443558
v -0.162889153 -0.173683271 -0.0411073379
v -0.162821338 -0.173624381 -0.0413342901
v -0.169463843 -0.173345193 -0.0408860333
v -0.169456914 -0.173237935 -0.0413443558
v -0.169648483 -0.176441789 -0.0380573422
v -0.169456914 -0.173237935 -0.0413443558
v -0.169463843 -0.173345193 -0.0408860333
v -0.162937984 -0.173725247 -0.040876139
v -0.169463843 -0.173345193 -0.0408860333
v -0.162967518 -0.173750013 -0.0406421088
v -0.162937984 -0.173725247 -0.040876139
v -0.16946657 -0.17337954 -0.0404165424
v -0.169463843 -0.173345193 -0.0408860333
v -0.169633389 -0.176177174 -0.0378456302
v -0.169463843 -0.173345193 -0.0408860333
v -0.169648483 -0.176441789 -0.0380573422
v -0.169633389 -0.176177174 -0.0378456302
v -0.169463843 -0.173345193 -0.0408860333
v -0.16946657 -0.17337954 -0.0404165424
v -0.162977561 -0.173757449 -0.0404067002
v -0.16946657 -0.17337954 -0.0404165424
v -0.169480413 -0.173317954 -0.0289167166
v -0.162977561 -0.173757449 -0.0404067002
v -0.162977561 -0.173757449 -0.0404067002
v -0.169480413 -0.173317954 -0.0289167166
v -0.162991419 -0.173695862 -0.0289068762
v -0.170666605 -0.193683147 -0.0288090594
v -0.169480413 -0.173317954 -0.0289167166
v -0.169737622 -0.177877828 -0.0344214514
v -0.169480413 -0.173317954 -0.0289167166
v -0.169718012 -0.177540243 -0.0343944691
v -0.169737622 -0.177877828 -0.0344214514
v -0.169480413 -0.173317954 -0.0289167166
v -0.170666605 -0.193683147 -0.0288090594
v -0.164177611 -0.194061056 -0.0287992191
v -0.162991419 -0.173695862 -0.0289068762
v -0.169480413 -0.173317954 -0.0289167166
v -0.164177611 -0.194061056 -0.0287992191
v -0.169480413 -0.173317954 -0.0289167166
v -0.16946657 -0.17337954 -0.0404165424
v -0.169599503 -0.175555706 -0.0363201015
v -0.16946657 -0.17337954 -0.0404165424
v -0.169599935 -0.175571904 -0.036658939
v -0.169599503 -0.175555706 -0.0363201015
v -0.169599503 -0.175555706 -0.0363201015
v -0.169599935 -0.175571904 -0.036658939
v -0.163110942 -0.175949812 -0.0366490968
v -0.169599935 -0.175571904 -0.036658939
v -0.163114697 -0.176022932 -0.0369803272
v -0.163110942 -0.175949812 -0.0366490968
v -0.169602424 -0.175596923 -0.0359834023
v -0.169599503 -0.175555706 -0.0363201015
v -0.16311051 -0.175933614 -0.036310263
v -0.169599503 -0.175555706 -0.0363201015
v -0.163110942 -0.175949812 -0.0366490968
v -0.16311051 -0.175933614 -0.036310263
v -0.169599503 -0.175555706 -0.0363201015
v -0.169602424 -0.175596923 -0.0359834023
v -0.169480413 -0.173317954 -0.0289167166
v -0.169602424 -0.175596923 -0.0359834023
v -0.169608593 -0.175694346 -0.0356585309
v -0.169480413 -0.173317954 -0.0289167166
v -0.169480413 -0.173317954 -0.0289167166
v -0.169608593 -0.175694346 -0.0356585309
v -0.169617832 -0.175845191 -0.0353548266
v -0.169603691 -0.175645024 -0.0369901657
v -0.169599935 -0.175571904 -0.036658939
v -0.16946657 -0.17337954 -0.0404165424
v -0.169599935 -0.175571904 -0.036658939
v -0.169603691 -0.175645024 -0.0369901657
v -0.163114697 -0.176022932 -0.0369803272
v -0.169603691 -0.175645024 -0.0369901657
v -0.16312167 -0.176150888 -0.0372944176
v -0.163114697 -0.176022932 -0.0369803272
v -0.169608593 -0.175694346 -0.0356585309
v -0.169602424 -0.175596923 -0.0359834023
v -0.16311343 -0.175974831 -0.0359735638
v -0.169602424 -0.175596923 -0.0359834023
v -0.16311051 -0.175933614 -0.036310263
v -0.16311343 -0.175974831 -0.0359735638
v -0.169610664 -0.17577298 -0.0373042561
v -0.169603691 -0.175645024 -0.0369901657
v -0.16946657 -0.17337954 -0.0404165424
v -0.169603691 -0.175645024 -0.0369901657
v -0.169610664 -0.17577298 -0.0373042561
v -0.16312167 -0.176150888 -0.0372944176
v -0.169610664 -0.17577298 -0.0373042561
v -0.163131669 -0.176329985 -0.0375823341
v -0.16312167 -0.176150888 -0.0372944176
v -0.169617832 -0.175845191 -0.0353548266
v -0.169608593 -0.175694346 -0.0356585309
v -0.163119584 -0.176072255 -0.0356486887
v -0.169608593 -0.175694346 -0.0356585309
v -0.16311343 -0.175974831 -0.0359735638
v -0.163119584 -0.176072255 -0.0356486887
v -0.169620663 -0.175952077 -0.0375921726
v -0.169610664 -0.17577298 -0.0373042561
v -0.16946657 -0.17337954 -0.0404165424
v -0.169610664 -0.17577298 -0.0373042561
v -0.169620663 -0.175952077 -0.0375921726
v -0.163131669 -0.176329985 -0.0375823341
v -0.169620663 -0.175952077 -0.0375921726
v -0.163144395 -0.176555082 -0.0378357917
v -0.163131669 -0.176329985 -0.0375823341
v -0.169629887 -0.17604509 -0.0350810327
v -0.169617832 -0.175845191 -0.0353548266
v -0.163128838 -0.176223099 -0.0353449881
v -0.169617832 -0.175845191 -0.0353548266
v -0.163119584 -0.176072255 -0.0356486887
v -0.163128838 -0.176223099 -0.0353449881
v -0.169617832 -0.175845191 -0.0353548266
v -0.169629887 -0.17604509 -0.0350810327
v -0.169480413 -0.173317954 -0.0289167166
v -0.169629887 -0.17604509 -0.0350810327
v -0.169644415 -0.176288322 -0.0348450206
v -0.169480413 -0.173317954 -0.0289167166
v -0.169480413 -0.173317954 -0.0289167166
v -0.169644415 -0.176288322 -0.0348450206
v -0.169660985 -0.176567882 -0.0346535854
v -0.169633389 -0.176177174 -0.0378456302
v -0.169620663 -0.175952077 -0.0375921726
v -0.16946657 -0.17337954 -0.0404165424
v -0.169620663 -0.175952077 -0.0375921726
v -0.169633389 -0.176177174 -0.0378456302
v -0.163144395 -0.176555082 -0.0378357917
v -0.169633389 -0.176177174 -0.0378456302
v -0.163159475 -0.176819697 -0.0380475037
v -0.163144395 -0.176555082 -0.0378357917
v -0.169644415 -0.176288322 -0.0348450206
v -0.169629887 -0.17604509 -0.0350810327
v -0.163140893 -0.176422998 -0.0350711904
v -0.169629887 -0.17604509 -0.0350810327
v -0.163128838 -0.176223099 -0.0353449881
v -0.163140893 -0.176422998 -0.0350711904
v -0.169633389 -0.176177174 -0.0378456302
v -0.169648483 -0.176441789 -0.0380573422
v -0.163159475 -0.176819697 -0.0380475037
v -0.169648483 -0.176441789 -0.0380573422
v -0.163176507 -0.17711623 -0.0382113755
v -0.163159475 -0.176819697 -0.0380475037
v -0.169660985 -0.176567882 -0.0346535854
v -0.169644415 -0.176288322 -0.0348450206
v -0.163155422 -0.17666623 -0.0348351821
v -0.169644415 -0.176288322 -0.0348450206
v -0.163140893 -0.176422998 -0.0350711904
v -0.163155422 -0.17666623 -0.0348351821
v -0.169648483 -0.176441789 -0.0380573422
v -0.169665501 -0.176738322 -0.038221214
v -0.163176507 -0.17711623 -0.0382113755
v -0.169665501 -0.176738322 -0.038221214
v -0.163194969 -0.177436128 -0.0383226946
v -0.163176507 -0.17711623 -0.0382113755
v -0.16967912 -0.17687571 -0.0345122293
v -0.169660985 -0.176567882 -0.0346535854
v -0.163171992 -0.176945791 -0.0346437432
v -0.169660985 -0.176567882 -0.0346535854
v -0.163155422 -0.17666623 -0.0348351821
v -0.163171992 -0.176945791 -0.0346437432
v -0.169660985 -0.176567882 -0.0346535854
v -0.16967912 -0.17687571 -0.0345122293
v -0.169480413 -0.173317954 -0.0289167166
v -0.16967912 -0.17687571 -0.0345122293
v -0.169698313 -0.17720297 -0.0344250202
v -0.169480413 -0.173317954 -0.0289167166
v -0.169480413 -0.173317954 -0.0289167166
v -0.169698313 -0.17720297 -0.0344250202
v -0.169718012 -0.177540243 -0.0343944691
v -0.169683963 -0.177058235 -0.0383325331
v -0.169665501 -0.176738322 -0.038221214
v -0.169412911 -0.172513723 -0.0425424688
v -0.169665501 -0.176738322 -0.038221214
v -0.169683963 -0.177058235 -0.0383325331
v -0.163194969 -0.177436128 -0.0383226946
v -0.169683963 -0.177058235 -0.0383325331
v -0.163214341 -0.177770212 -0.0383782573
v -0.163194969 -0.177436128 -0.0383226946
v -0.169698313 -0.17720297 -0.0344250202
v -0.16967912 -0.17687571 -0.0345122293
v -0.163190126 -0.177253619 -0.034502387
v -0.16967912 -0.17687571 -0.0345122293
v -0.163171992 -0.176945791 -0.0346437432
v -0.163190126 -0.177253619 -0.034502387
v -0.169703335 -0.177392304 -0.0383880995
v -0.169683963 -0.177058235 -0.0383325331
v -0.169412911 -0.172513723 -0.0425424688
v -0.169683963 -0.177058235 -0.0383325331
v -0.169703335 -0.177392304 -0.0383880995
v -0.163214341 -0.177770212 -0.0383782573
v -0.169703335 -0.177392304 -0.0383880995
v -0.163234055 -0.178108856 -0.0383764692
v -0.163214341 -0.177770212 -0.0383782573
v -0.169718012 -0.177540243 -0.0343944691
v -0.169698313 -0.17720297 -0.0344250202
v -0.163209319 -0.177580878 -0.034415178
v -0.169698313 -0.17720297 -0.0344250202
v -0.163190126 -0.177253619 -0.034502387
v -0.163209319 -0.177580878 -0.034415178
v -0.169703335 -0.177392304 -0.0383880995
v -0.169723064 -0.177730948 -0.0383863077
v -0.163234055 -0.178108856 -0.0383764692
v -0.169723064 -0.177730948 -0.0383863077
v -0.163253576 -0.178442329 -0.0383173749
v -0.163234055 -0.178108856 -0.0383764692
v -0.169737622 -0.177877828 -0.0344214514
v -0.169718012 -0.177540243 -0.0343944691
v -0.163229004 -0.177918151 -0.0343846269
v -0.169718012 -0.177540243 -0.0343944691
v -0.163209319 -0.177580878 -0.034415178
v -0.163229004 -0.177918151 -0.0343846269
v -0.169742569 -0.178064421 -0.0383272171
v -0.169723064 -0.177730948 -0.0383863077
v -0.170769855 -0.195829436 -0.0431510732
v -0.169723064 -0.177730948 -0.0383863077
v -0.169391736 -0.172158018 -0.0428500846
v -0.170769855 -0.195829436 -0.0431510732
v -0.170769855 -0.195829436 -0.0431510732
v -0.169391736 -0.172158018 -0.0428500846
v -0.170796335 -0.196286991 -0.0432585515
v -0.169723064 -0.177730948 -0.0383863077
v -0.169742569 -0.178064421 -0.0383272171
v -0.163253576 -0.178442329 -0.0383173749
v -0.169742569 -0.178064421 -0.0383272171
v -0.163272306 -0.17876102 -0.0382026806
v -0.163253576 -0.178442329 -0.0383173749
v -0.169756606 -0.178205997 -0.0345051959
v -0.169737622 -0.177877828 -0.0344214514
v -0.163248628 -0.178255737 -0.0344116129
v -0.169737622 -0.177877828 -0.0344214514
v -0.163229004 -0.177918151 -0.0343846269
v -0.163248628 -0.178255737 -0.0344116129
v -0.169737622 -0.177877828 -0.0344214514
v -0.169756606 -0.178205997 -0.0345051959
v -0.170666605 -0.193683147 -0.0288090594
v -0.169756606 -0.178205997 -0.0345051959
v -0.169774413 -0.17851533 -0.0346432887
v -0.170666605 -0.193683147 -0.0288090594
v -0.170666605 -0.193683147 -0.0288090594
v -0.169774413 -0.17851533 -0.0346432887
v -0.169790536 -0.178796917 -0.0348317586
v -0.1697613 -0.178383112 -0.0382125191
v -0.169742569 -0.178064421 -0.0383272171
v -0.170318425 -0.187931612 -0.0375288464
v -0.169742569 -0.178064421 -0.0383272171
v -0.17033115 -0.188156709 -0.037782304
v -0.170318425 -0.187931612 -0.0375288464
v -0.169742569 -0.178064421 -0.0383272171
v -0.1697613 -0.178383112 -0.0382125191
v -0.163272306 -0.17876102 -0.0382026806
v -0.1697613 -0.178383112 -0.0382125191
v -0.163289726 -0.17905578 -0.0380356833
v -0.163272306 -0.17876102 -0.0382026806
v -0.169774413 -0.17851533 -0.0346432887
v -0.169756606 -0.178205997 -0.0345051959
v -0.163267612 -0.178583905 -0.0344953537
v -0.169756606 -0.178205997 -0.0345051959
v -0.163248628 -0.178255737 -0.0344116129
v -0.163267612 -0.178583905 -0.0344953537
v -0.16977872 -0.178677872 -0.0380455218
v -0.1697613 -0.178383112 -0.0382125191
v -0.170318425 -0.187931612 -0.0375288464
v -0.1697613 -0.178383112 -0.0382125191
v -0.16977872 -0.178677872 -0.0380455218
v -0.163289726 -0.17905578 -0.0380356833
v -0.16977872 -0.178677872 -0.0380455218
v -0.163305327 -0.179318115 -0.0378211848
v -0.163289726 -0.17905578 -0.0380356833
v -0.169790536 -0.178796917 -0.0348317586
v -0.169774413 -0.17851533 -0.0346432887
v -0.163285419 -0.178893238 -0.0346334502
v -0.169774413 -0.17851533 -0.0346432887
v -0.163267612 -0.178583905 -0.0344953537
v -0.163285419 -0.178893238 -0.0346334502
v -0.169794321 -0.178940207 -0.0378310271
v -0.16977872 -0.178677872 -0.0380455218
v -0.170318425 -0.187931612 -0.0375288464
v -0.16977872 -0.178677872 -0.0380455218
v -0.169794321 -0.178940207 -0.0378310271
v -0.163305327 -0.179318115 -0.0378211848
v -0.169794321 -0.178940207 -0.0378310271
v -0.163318664 -0.179540485 -0.0375653617
v -0.163305327 -0.179318115 -0.0378211848
v -0.169804484 -0.179042667 -0.0350651853
v -0.169790536 -0.178796917 -0.0348317586
v -0.163301528 -0.179174826 -0.0348219201
v -0.169790536 -0.178796917 -0.0348317586
v -0.163285419 -0.178893238 -0.0346334502
v -0.163301528 -0.179174826 -0.0348219201
v -0.169790536 -0.178796917 -0.0348317586
v -0.169804484 -0.179042667 -0.0350651853
v -0.170666605 -0.193683147 -0.0288090594
v -0.169804484 -0.179042667 -0.0350651853
v -0.169815883 -0.179245487 -0.0353368521
v -0.170666605 -0.193683147 -0.0288090594
v -0.170666605 -0.193683147 -0.0288090594
v -0.169815883 -0.179245487 -0.0353368521
v -0.169824407 -0.17939958 -0.0356389433
v -0.169807658 -0.179162577 -0.0375752002
v -0.169794321 -0.178940207 -0.0378310271
v -0.170318425 -0.187931612 -0.0375288464
v -0.169794321 -0.178940207 -0.0378310271
v -0.169807658 -0.179162577 -0.0375752002
v -0.163318664 -0.179540485 -0.0375653617
v -0.169807658 -0.179162577 -0.0375752002
v -0.163329363 -0.179716498 -0.0372755677
v -0.163318664 -0.179540485 -0.0375653617
v -0.169815883 -0.179245487 -0.0353368521
v -0.169804484 -0.179042667 -0.0350651853
v -0.16331549 -0.179420575 -0.0350553468
v -0.169804484 -0.179042667 -0.0350651853
v -0.163301528 -0.179174826 -0.0348219201
v -0.16331549 -0.179420575 -0.0350553468
v -0.169818357 -0.179338589 -0.0372854099
v -0.169807658 -0.179162577 -0.0375752002
v -0.170318425 -0.187931612 -0.0375288464
v -0.169807658 -0.179162577 -0.0375752002
v -0.169818357 -0.179338589 -0.0372854099
v -0.163329363 -0.179716498 -0.0372755677
v -0.169818357 -0.179338589 -0.0372854099
v -0.163337097 -0.179841071 -0.0369601436
v -0.163329363 -0.179716498 -0.0372755677
v -0.169824407 -0.17939958 -0.0356389433
v -0.169815883 -0.179245487 -0.0353368521
v -0.163326889 -0.179623395 -0.0353270136
v -0.169815883 -0.179245487 -0.0353368521
v -0.16331549 -0.179420575 -0.0350553468
v -0.163326889 -0.179623395 -0.0353270136
v -0.16982609 -0.179463163 -0.0369699821
v -0.169818357 -0.179338589 -0.0372854099
v -0.170318425 -0.187931612 -0.0375288464
v -0.169818357 -0.179338589 -0.0372854099
v -0.16982609 -0.179463163 -0.0369699821
v -0.163337097 -0.179841071 -0.0369601436
v -0.16982609 -0.179463163 -0.0369699821
v -0.163341641 -0.179910645 -0.0366281606
v -0.163337097 -0.179841071 -0.0369601436
v -0.169829786 -0.179500476 -0.0359627679
v -0.169824407 -0.17939958 -0.0356389433
v -0.163335398 -0.179777488 -0.0356291011
v -0.169824407 -0.17939958 -0.0356389433
v -0.163326889 -0.179623395 -0.0353270136
v -0.163335398 -0.179777488 -0.0356291011
v -0.169824407 -0.17939958 -0.0356389433
v -0.169829786 -0.179500476 -0.0359627679
v -0.170666605 -0.193683147 -0.0288090594
v -0.169829786 -0.179500476 -0.0359627679
v -0.170396075 -0.189182505 -0.034361694
v -0.170666605 -0.193683147 -0.0288090594
v -0.170666605 -0.193683147 -0.0288090594
v -0.170396075 -0.189182505 -0.034361694
v -0.170415774 -0.189519778 -0.0343311429
v -0.16983065 -0.179532737 -0.0366380028
v -0.16982609 -0.179463163 -0.0369699821
v -0.170318425 -0.187931612 -0.0375288464
v -0.16982609 -0.179463163 -0.0369699821
v -0.16983065 -0.179532737 -0.0366380028
v -0.163341641 -0.179910645 -0.0366281606
v -0.16983065 -0.179532737 -0.0366380028
v -0.163342893 -0.179923192 -0.0362891704
v -0.163341641 -0.179910645 -0.0366281606
v -0.169831887 -0.179545298 -0.0362990126
v -0.169829786 -0.179500476 -0.0359627679
v -0.163340792 -0.179878384 -0.0359529294
v -0.169829786 -0.179500476 -0.0359627679
v -0.163335398 -0.179777488 -0.0356291011
v -0.163340792 -0.179878384 -0.0359529294
v -0.169829786 -0.179500476 -0.0359627679
v -0.169831887 -0.179545298 -0.0362990126
v -0.170297265 -0.187535241 -0.0362567753
v -0.169831887 -0.179545298 -0.0362990126
v -0.170297697 -0.187551424 -0.0365956128
v -0.170297265 -0.187535241 -0.0362567753
v -0.169831887 -0.179545298 -0.0362990126
v -0.16983065 -0.179532737 -0.0366380028
v -0.170297697 -0.187551424 -0.0365956128
v -0.16983065 -0.179532737 -0.0366380028
v -0.170301452 -0.187624559 -0.0369268395
v -0.170297697 -0.187551424 -0.0365956128
v -0.16983065 -0.179532737 -0.0366380028
v -0.169831887 -0.179545298 -0.0362990126
v -0.163342893 -0.179923192 -0.0362891704
v -0.169831887 -0.179545298 -0.0362990126
v -0.163340792 -0.179878384 -0.0359529294
v -0.163342893 -0.179923192 -0.0362891704
v -0.170297265 -0.187535241 -0.0362567753
v -0.170297697 -0.187551424 -0.0365956128
v -0.163808703 -0.187929332 -0.0365857705
v -0.170297697 -0.187551424 -0.0365956128
v -0.163812459 -0.188002452 -0.036917001
v -0.163808703 -0.187929332 -0.0365857705
v -0.170300186 -0.187576458 -0.0359200761
v -0.170297265 -0.187535241 -0.0362567753
v -0.163808271 -0.18791315 -0.0362469368
v -0.170297265 -0.187535241 -0.0362567753
v -0.163808703 -0.187929332 -0.0365857705
v -0.163808271 -0.18791315 -0.0362469368
v -0.170297265 -0.187535241 -0.0362567753
v -0.170300186 -0.187576458 -0.0359200761
v -0.169829786 -0.179500476 -0.0359627679
v -0.170300186 -0.187576458 -0.0359200761
v -0.170306355 -0.187673882 -0.0355952047
v -0.169829786 -0.179500476 -0.0359627679
v -0.169829786 -0.179500476 -0.0359627679
v -0.170306355 -0.187673882 -0.0355952047
v -0.170315593 -0.187824711 -0.0352915004
v -0.170297697 -0.187551424 -0.0365956128
v -0.170301452 -0.187624559 -0.0369268395
v -0.163812459 -0.188002452 -0.036917001
v -0.170301452 -0.187624559 -0.0369268395
v -0.163819432 -0.188130409 -0.0372310877
v -0.163812459 -0.188002452 -0.036917001
v -0.170306355 -0.187673882 -0.0355952047
v -0.170300186 -0.187576458 -0.0359200761
v -0.163811177 -0.187954366 -0.0359102376
v -0.170300186 -0.187576458 -0.0359200761
v -0.163808271 -0.18791315 -0.0362469368
v -0.163811177 -0.187954366 -0.0359102376
v -0.170308426 -0.1877525 -0.0372409299
v -0.170301452 -0.187624559 -0.0369268395
v -0.16983065 -0.179532737 -0.0366380028
v -0.170301452 -0.187624559 -0.0369268395
v -0.170308426 -0.1877525 -0.0372409299
v -0.163819432 -0.188130409 -0.0372310877
v -0.170308426 -0.1877525 -0.0372409299
v -0.163829431 -0.18830952 -0.0375190042
v -0.163819432 -0.188130409 -0.0372310877
v -0.170315593 -0.187824711 -0.0352915004
v -0.170306355 -0.187673882 -0.0355952047
v -0.163817346 -0.18805179 -0.0355853625
v -0.170306355 -0.187673882 -0.0355952047
v -0.163811177 -0.187954366 -0.0359102376
v -0.163817346 -0.18805179 -0.0355853625
v -0.170318425 -0.187931612 -0.0375288464
v -0.170308426 -0.1877525 -0.0372409299
v -0.16983065 -0.179532737 -0.0366380028
v -0.170308426 -0.1877525 -0.0372409299
v -0.170318425 -0.187931612 -0.0375288464
v -0.163829431 -0.18830952 -0.0375190042
v -0.170318425 -0.187931612 -0.0375288464
v -0.163842157 -0.188534617 -0.0377724655
v -0.163829431 -0.18830952 -0.0375190042
v -0.170327649 -0.188024625 -0.0350177065
v -0.170315593 -0.187824711 -0.0352915004
v -0.1638266 -0.18820262 -0.0352816582
v -0.170315593 -0.187824711 -0.0352915004
v -0.163817346 -0.18805179 -0.0355853625
v -0.1638266 -0.18820262 -0.0352816582
v -0.170315593 -0.187824711 -0.0352915004
v -0.170327649 -0.188024625 -0.0350177065
v -0.169829786 -0.179500476 -0.0359627679
v -0.170327649 -0.188024625 -0.0350177065
v -0.170342177 -0.188267857 -0.0347816944
v -0.169829786 -0.179500476 -0.0359627679
v -0.169829786 -0.179500476 -0.0359627679
v -0.170342177 -0.188267857 -0.0347816944
v -0.170358747 -0.188547403 -0.0345902555
v -0.170318425 -0.187931612 -0.0375288464
v -0.17033115 -0.188156709 -0.037782304
v -0.163842157 -0.188534617 -0.0377724655
v -0.17033115 -0.188156709 -0.037782304
v -0.163857237 -0.188799232 -0.0379841775
v -0.163842157 -0.188534617 -0.0377724655
v -0.170342177 -0.188267857 -0.0347816944
v -0.170327649 -0.188024625 -0.0350177065
v -0.163838655 -0.188402534 -0.0350078642
v -0.170327649 -0.188024625 -0.0350177065
v -0.1638266 -0.18820262 -0.0352816582
v -0.163838655 -0.188402534 -0.0350078642
v -0.170346245 -0.188421324 -0.037994016
v -0.17033115 -0.188156709 -0.037782304
v -0.169742569 -0.178064421 -0.0383272171
v -0.17033115 -0.188156709 -0.037782304
v -0.170346245 -0.188421324 -0.037994016
v -0.163857237 -0.188799232 -0.0379841775
v -0.170346245 -0.188421324 -0.037994016
v -0.163874269 -0.18909575 -0.0381480493
v -0.163857237 -0.188799232 -0.0379841775
v -0.170358747 -0.188547403 -0.0345902555
v -0.170342177 -0.188267857 -0.0347816944
v -0.163853183 -0.188645765 -0.0347718522
v -0.170342177 -0.188267857 -0.0347816944
v -0.163838655 -0.188402534 -0.0350078642
v -0.163853183 -0.188645765 -0.0347718522
v -0.170363262 -0.188717857 -0.0381578878
v -0.170346245 -0.188421324 -0.037994016
v -0.169742569 -0.178064421 -0.0383272171
v -0.170346245 -0.188421324 -0.037994016
v -0.170363262 -0.188717857 -0.0381578878
v -0.163874269 -0.18909575 -0.0381480493
v -0.170363262 -0.188717857 -0.0381578878
v -0.163892731 -0.189415663 -0.0382593684
v -0.163874269 -0.18909575 -0.0381480493
v -0.170376882 -0.188855246 -0.0344488993
v -0.170358747 -0.188547403 -0.0345902555
v -0.163869753 -0.188925311 -0.034580417
v -0.170358747 -0.188547403 -0.0345902555
v -0.163853183 -0.188645765 -0.0347718522
v -0.163869753 -0.188925311 -0.034580417
v -0.170358747 -0.188547403 -0.0345902555
v -0.170376882 -0.188855246 -0.0344488993
v -0.169829786 -0.179500476 -0.0359627679
v -0.170376882 -0.188855246 -0.0344488993
v -0.170396075 -0.189182505 -0.034361694
v -0.169829786 -0.179500476 -0.0359627679
v -0.170381725 -0.189037755 -0.0382692069
v -0.170363262 -0.188717857 -0.0381578878
v -0.169742569 -0.178064421 -0.0383272171
v -0.170363262 -0.188717857 -0.0381578878
v -0.170381725 -0.189037755 -0.0382692069
v -0.163892731 -0.189415663 -0.0382593684
v -0.170381725 -0.189037755 -0.0382692069
v -0.163912103 -0.189749748 -0.0383149311
v -0.163892731 -0.189415663 -0.0382593684
v -0.170396075 -0.189182505 -0.034361694
v -0.170376882 -0.188855246 -0.0344488993
v -0.163887888 -0.189233154 -0.0344390608
v -0.170376882 -0.188855246 -0.0344488993
v -0.163869753 -0.188925311 -0.034580417
v -0.163887888 -0.189233154 -0.0344390608
v -0.170401096 -0.189371839 -0.0383247733
v -0.170381725 -0.189037755 -0.0382692069
v -0.17072174 -0.194992289 -0.042729374
v -0.170381725 -0.189037755 -0.0382692069
v -0.169742569 -0.178064421 -0.0383272171
v -0.17072174 -0.194992289 -0.042729374
v -0.17072174 -0.194992289 -0.042729374
v -0.169742569 -0.178064421 -0.0383272171
v -0.170744777 -0.195394292 -0.0429732203
v -0.169742569 -0.178064421 -0.0383272171
v -0.170769855 -0.195829436 -0.0431510732
v -0.170744777 -0.195394292 -0.0429732203
v -0.170381725 -0.189037755 -0.0382692069
v -0.170401096 -0.189371839 -0.0383247733
v -0.163912103 -0.189749748 -0.0383149311
v -0.170401096 -0.189371839 -0.0383247733
v -0.163931817 -0.190088391 -0.0383131392
v -0.163912103 -0.189749748 -0.0383149311
v -0.170415774 -0.189519778 -0.0343311429
v -0.170396075 -0.189182505 -0.034361694
v -0.163907081 -0.189560413 -0.0343518518
v -0.170396075 -0.189182505 -0.034361694
v -0.163887888 -0.189233154 -0.0344390608
v -0.163907081 -0.189560413 -0.0343518518
v -0.170420825 -0.189710483 -0.0383229814
v -0.170401096 -0.189371839 -0.0383247733
v -0.17072174 -0.194992289 -0.042729374
v -0.170401096 -0.189371839 -0.0383247733
v -0.170420825 -0.189710483 -0.0383229814
v -0.163931817 -0.190088391 -0.0383131392
v -0.170420825 -0.189710483 -0.0383229814
v -0.163951337 -0.190421849 -0.0382540487
v -0.163931817 -0.190088391 -0.0383131392
v -0.170435384 -0.189857349 -0.0343581252
v -0.170415774 -0.189519778 -0.0343311429
v -0.163926765 -0.189897686 -0.0343213007
v -0.170415774 -0.189519778 -0.0343311429
v -0.163907081 -0.189560413 -0.0343518518
v -0.163926765 -0.189897686 -0.0343213007
v -0.170415774 -0.189519778 -0.0343311429
v -0.170435384 -0.189857349 -0.0343581252
v -0.170666605 -0.193683147 -0.0288090594
v -0.170435384 -0.189857349 -0.0343581252
v -0.170454368 -0.190185532 -0.0344418697
v -0.170666605 -0.193683147 -0.0288090594
v -0.170666605 -0.193683147 -0.0288090594
v -0.170454368 -0.190185532 -0.0344418697
v -0.170472175 -0.190494865 -0.0345799625
v -0.170440331 -0.190043956 -0.0382638872
v -0.170420825 -0.189710483 -0.0383229814
v -0.170701295 -0.19463329 -0.0424255393
v -0.170420825 -0.189710483 -0.0383229814
v -0.17072174 -0.194992289 -0.042729374
v -0.170701295 -0.19463329 -0.0424255393
v -0.170420825 -0.189710483 -0.0383229814
v -0.170440331 -0.190043956 -0.0382638872
v -0.163951337 -0.190421849 -0.0382540487
v -0.170440331 -0.190043956 -0.0382638872
v -0.163970068 -0.190740556 -0.0381393544
v -0.163951337 -0.190421849 -0.0382540487
v -0.170454368 -0.190185532 -0.0344418697
v -0.170435384 -0.189857349 -0.0343581252
v -0.16394639 -0.190235257 -0.0343482867
v -0.170435384 -0.189857349 -0.0343581252
v -0.163926765 -0.189897686 -0.0343213007
v -0.16394639 -0.190235257 -0.0343482867
v -0.170459062 -0.190362647 -0.0381491929
v -0.170440331 -0.190043956 -0.0382638872
v -0.170701295 -0.19463329 -0.0424255393
v -0.170440331 -0.190043956 -0.0382638872
v -0.170459062 -0.190362647 -0.0381491929
v -0.163970068 -0.190740556 -0.0381393544
v -0.170459062 -0.190362647 -0.0381491929
v -0.163987488 -0.1910353 -0.0379723571
v -0.163970068 -0.190740556 -0.0381393544
v -0.170472175 -0.190494865 -0.0345799625
v -0.170454368 -0.190185532 -0.0344418697
v -0.163965374 -0.19056344 -0.0344320275
v -0.170454368 -0.190185532 -0.0344418697
v -0.16394639 -0.190235257 -0.0343482867
v -0.163965374 -0.19056344 -0.0344320275
v -0.170476481 -0.190657407 -0.0379821956
v -0.170459062 -0.190362647 -0.0381491929
v -0.170701295 -0.19463329 -0.0424255393
v -0.170459062 -0.190362647 -0.0381491929
v -0.170476481 -0.190657407 -0.0379821956
v -0.163987488 -0.1910353 -0.0379723571
v -0.170476481 -0.190657407 -0.0379821956
v -0.164003089 -0.19129765 -0.0377578586
v -0.163987488 -0.1910353 -0.0379723571
v -0.170488283 -0.190776452 -0.0347684324
v -0.170472175 -0.190494865 -0.0345799625
v -0.163983181 -0.190872774 -0.0345701203
v -0.170472175 -0.190494865 -0.0345799625
v -0.163965374 -0.19056344 -0.0344320275
v -0.163983181 -0.190872774 -0.0345701203
v -0.170472175 -0.190494865 -0.0345799625
v -0.170488283 -0.190776452 -0.0347684324
v -0.170666605 -0.193683147 -0.0288090594
v -0.170488283 -0.190776452 -0.0347684324
v -0.170502245 -0.191022187 -0.0350018591
v -0.170666605 -0.193683147 -0.0288090594
v -0.170666605 -0.193683147 -0.0288090594
v -0.170502245 -0.191022187 -0.0350018591
v -0.170513645 -0.191225022 -0.0352735259
v -0.170492083 -0.190919742 -0.0377676971
v -0.170476481 -0.190657407 -0.0379821956
v -0.170660183 -0.193896294 -0.0412351489
v -0.170476481 -0.190657407 -0.0379821956
v -0.170670122 -0.19407846 -0.0416691117
v -0.170660183 -0.193896294 -0.0412351489
v -0.170476481 -0.190657407 -0.0379821956
v -0.170492083 -0.190919742 -0.0377676971
v -0.164003089 -0.19129765 -0.0377578586
v -0.170492083 -0.190919742 -0.0377676971
v -0.164016426 -0.19152002 -0.0375020355
v -0.164003089 -0.19129765 -0.0377578586
v -0.170502245 -0.191022187 -0.0350018591
v -0.170488283 -0.190776452 -0.0347684324
v -0.163999289 -0.191154361 -0.0347585939
v -0.170488283 -0.190776452 -0.0347684324
v -0.163983181 -0.190872774 -0.0345701203
v -0.163999289 -0.191154361 -0.0347585939
v -0.170505419 -0.191142112 -0.037511874
v -0.170492083 -0.190919742 -0.0377676971
v -0.170654342 -0.193784133 -0.0407779887
v -0.170492083 -0.190919742 -0.0377676971
v -0.170660183 -0.193896294 -0.0412351489
v -0.170654342 -0.193784133 -0.0407779887
v -0.170492083 -0.190919742 -0.0377676971
v -0.170505419 -0.191142112 -0.037511874
v -0.164016426 -0.19152002 -0.0375020355
v -0.170505419 -0.191142112 -0.037511874
v -0.16402711 -0.191696018 -0.0372122414
v -0.164016426 -0.19152002 -0.0375020355
v -0.170513645 -0.191225022 -0.0352735259
v -0.170502245 -0.191022187 -0.0350018591
v -0.164013252 -0.191400096 -0.0349920206
v -0.170502245 -0.191022187 -0.0350018591
v -0.163999289 -0.191154361 -0.0347585939
v -0.164013252 -0.191400096 -0.0349920206
v -0.170516118 -0.19131811 -0.0372220799
v -0.170505419 -0.191142112 -0.037511874
v -0.170652762 -0.193744749 -0.0403088853
v -0.170505419 -0.191142112 -0.037511874
v -0.170654342 -0.193784133 -0.0407779887
v -0.170652762 -0.193744749 -0.0403088853
v -0.170505419 -0.191142112 -0.037511874
v -0.170516118 -0.19131811 -0.0372220799
v -0.16402711 -0.191696018 -0.0372122414
v -0.170516118 -0.19131811 -0.0372220799
v -0.164034843 -0.191820607 -0.0368968174
v -0.16402711 -0.191696018 -0.0372122414
v -0.170522168 -0.1913791 -0.0355756171
v -0.170513645 -0.191225022 -0.0352735259
v -0.164024651 -0.19160293 -0.0352636836
v -0.170513645 -0.191225022 -0.0352735259
v -0.164013252 -0.191400096 -0.0349920206
v -0.164024651 -0.19160293 -0.0352636836
v -0.170513645 -0.191225022 -0.0352735259
v -0.170522168 -0.1913791 -0.0355756171
v -0.170666605 -0.193683147 -0.0288090594
v -0.170522168 -0.1913791 -0.0355756171
v -0.170527548 -0.191480011 -0.0358994417
v -0.170666605 -0.193683147 -0.0288090594
v -0.170666605 -0.193683147 -0.0288090594
v -0.170527548 -0.191480011 -0.0358994417
v -0.170652762 -0.193744749 -0.0403088853
v -0.170527548 -0.191480011 -0.0358994417
v -0.170529649 -0.191524819 -0.0362356864
v -0.170652762 -0.193744749 -0.0403088853
v -0.170652762 -0.193744749 -0.0403088853
v -0.170529649 -0.191524819 -0.0362356864
v -0.170528397 -0.191512272 -0.0365746729
v -0.170523852 -0.191442698 -0.0369066559
v -0.170516118 -0.19131811 -0.0372220799
v -0.170652762 -0.193744749 -0.0403088853
v -0.170516118 -0.19131811 -0.0372220799
v -0.170523852 -0.191442698 -0.0369066559
v -0.164034843 -0.191820607 -0.0368968174
v -0.170523852 -0.191442698 -0.0369066559
v -0.164039403 -0.191890165 -0.0365648344
v -0.164034843 -0.191820607 -0.0368968174
v -0.170527548 -0.191480011 -0.0358994417
v -0.170522168 -0.1913791 -0.0355756171
v -0.16403316 -0.191757008 -0.0355657749
v -0.170522168 -0.1913791 -0.0355756171
v -0.164024651 -0.19160293 -0.0352636836
v -0.16403316 -0.191757008 -0.0355657749
v -0.170528397 -0.191512272 -0.0365746729
v -0.170523852 -0.191442698 -0.0369066559
v -0.170652762 -0.193744749 -0.0403088853
v -0.170523852 -0.191442698 -0.0369066559
v -0.170528397 -0.191512272 -0.0365746729
v -0.164039403 -0.191890165 -0.0365648344
v -0.170528397 -0.191512272 -0.0365746729
v -0.164040655 -0.191902727 -0.0362258442
v -0.164039403 -0.191890165 -0.0365648344
v -0.170529649 -0.191524819 -0.0362356864
v -0.170527548 -0.191480011 -0.0358994417
v -0.164038554 -0.191857919 -0.0358895995
v -0.170527548 -0.191480011 -0.0358994417
v -0.16403316 -0.191757008 -0.0355657749
v -0.164038554 -0.191857919 -0.0358895995
v -0.170528397 -0.191512272 -0.0365746729
v -0.170529649 -0.191524819 -0.0362356864
v -0.164040655 -0.191902727 -0.0362258442
v -0.170529649 -0.191524819 -0.0362356864
v -0.164038554 -0.191857919 -0.0358895995
v -0.164040655 -0.191902727 -0.0362258442
v -0.170666605 -0.193683147 -0.0288090594
v -0.170652762 -0.193744749 -0.0403088853
v -0.164177611 -0.194061056 -0.0287992191
v -0.170652762 -0.193744749 -0.0403088853
v -0.164163753 -0.194122657 -0.0402990468
v -0.164177611 -0.194061056 -0.0287992191
v -0.170652762 -0.193744749 -0.0403088853
v -0.170654342 -0.193784133 -0.0407779887
v -0.164154783 -0.194133684 -0.0405343585
v -0.170654342 -0.193784133 -0.0407779887
v -0.164128467 -0.194164187 -0.0407680906
v -0.164154783 -0.194133684 -0.0405343585
v -0.170654342 -0.193784133 -0.0407779887
v -0.170660183 -0.193896294 -0.0412351489
v -0.164084986 -0.194213971 -0.040998809
v -0.170660183 -0.193896294 -0.0412351489
v -0.164024606 -0.19428274 -0.0412250869
v -0.164084986 -0.194213971 -0.040998809
v -0.170660183 -0.193896294 -0.0412351489
v -0.170670122 -0.19407846 -0.0416691117
v -0.163947687 -0.194370046 -0.0414455272
v -0.170670122 -0.19407846 -0.0416691117
v -0.163854703 -0.194475383 -0.0416587777
v -0.163947687 -0.194370046 -0.0414455272
v -0.17068395 -0.194326162 -0.042069193
v -0.170670122 -0.19407846 -0.0416691117
v -0.170476481 -0.190657407 -0.0379821956
v -0.170670122 -0.19407846 -0.0416691117
v -0.17068395 -0.194326162 -0.042069193
v -0.163746253 -0.194598079 -0.041863516
v -0.17068395 -0.194326162 -0.042069193
v -0.163622975 -0.194737375 -0.0420584865
v -0.163746253 -0.194598079 -0.041863516
v -0.170701295 -0.19463329 -0.0424255393
v -0.17068395 -0.194326162 -0.042069193
v -0.170476481 -0.190657407 -0.0379821956
v -0.17068395 -0.194326162 -0.042069193
v -0.170701295 -0.19463329 -0.0424255393
v -0.163622975 -0.194737375 -0.0420584865
v -0.170701295 -0.19463329 -0.0424255393
v -0.1633351 -0.19506228 -0.0424143672
v -0.163622975 -0.194737375 -0.0420584865
v -0.170701295 -0.19463329 -0.0424255393
v -0.17072174 -0.194992289 -0.042729374
v -0.1633351 -0.19506228 -0.0424143672
v -0.17072174 -0.194992289 -0.042729374
v -0.162998185 -0.19544208 -0.0427176617
v -0.1633351 -0.19506228 -0.0424143672
v -0.17072174 -0.194992289 -0.042729374
v -0.170744777 -0.195394292 -0.0429732203
v -0.162998185 -0.19544208 -0.0427176617
v -0.170744777 -0.195394292 -0.0429732203
v -0.16262053 -0.195867434 -0.0429609008
v -0.162998185 -0.19544208 -0.0427176617
v -0.170744777 -0.195394292 -0.0429732203
v -0.170769855 -0.195829436 -0.0431510732
v -0.16262053 -0.195867434 -0.0429609008
v -0.170769855 -0.195829436 -0.0431510732
v -0.162211418 -0.196327865 -0.0431380942
v -0.16262053 -0.195867434 -0.0429609008
v -0.170769855 -0.195829436 -0.0431510732
v -0.170796335 -0.196286991 -0.0432585515
v -0.162211418 -0.196327865 -0.0431380942
v -0.170796335 -0.196286991 -0.0432585515
v -0.161780924 -0.196812034 -0.0432448797
v -0.162211418 -0.196327865 -0.0431380942
v -0.162211418 -0.196327865 -0.0431380942
v -0.161780924 -0.196812034 -0.0432448797
v -0.160784155 -0.171823844 -0.04326763
v -0.170796335 -0.196286991 -0.0432585515
v -0.170823589 -0.196755707 -0.0432930104
v -0.161780924 -0.196812034 -0.0432448797
v -0.162991419 -0.173695862 -0.0289068762
v -0.164177611 -0.194061056 -0.0287992191
v -0.163907081 -0.189560413 -0.0343518518
v -0.164177611 -0.194061056 -0.0287992191
v -0.163926765 -0.189897686 -0.0343213007
v -0.163907081 -0.189560413 -0.0343518518
v -0.162977561 -0.173757449 -0.0404067002
v -0.162991419 -0.173695862 -0.0289068762
v -0.16311343 -0.175974831 -0.0359735638
v -0.162991419 -0.173695862 -0.0289068762
v -0.163119584 -0.176072255 -0.0356486887
v -0.16311343 -0.175974831 -0.0359735638
v -0.162967518 -0.173750013 -0.0406421088
v -0.162977561 -0.173757449 -0.0404067002
v -0.164163753 -0.194122657 -0.0402990468
v -0.162977561 -0.173757449 -0.0404067002
v -0.163912103 -0.189749748 -0.0383149311
v -0.164163753 -0.194122657 -0.0402990468
v -0.164163753 -0.194122657 -0.0402990468
v -0.163912103 -0.189749748 -0.0383149311
v -0.163931817 -0.190088391 -0.0383131392
v -0.162977561 -0.173757449 -0.0404067002
v -0.162967518 -0.173750013 -0.0406421088
v -0.169463843 -0.173345193 -0.0408860333
v -0.16311051 -0.175933614 -0.036310263
v -0.163110942 -0.175949812 -0.0366490968
v -0.162977561 -0.173757449 -0.0404067002
v -0.163110942 -0.175949812 -0.0366490968
v -0.163114697 -0.176022932 -0.0369803272
v -0.162977561 -0.173757449 -0.0404067002
v -0.162977561 -0.173757449 -0.0404067002
v -0.163114697 -0.176022932 -0.0369803272
v -0.16312167 -0.176150888 -0.0372944176
v -0.16311343 -0.175974831 -0.0359735638
v -0.16311051 -0.175933614 -0.036310263
v -0.162977561 -0.173757449 -0.0404067002
v -0.163128838 -0.176223099 -0.0353449881
v -0.163119584 -0.176072255 -0.0356486887
v -0.162991419 -0.173695862 -0.0289068762
v -0.16312167 -0.176150888 -0.0372944176
v -0.163131669 -0.176329985 -0.0375823341
v -0.162977561 -0.173757449 -0.0404067002
v -0.163131669 -0.176329985 -0.0375823341
v -0.163144395 -0.176555082 -0.0378357917
v -0.162977561 -0.173757449 -0.0404067002
v -0.162977561 -0.173757449 -0.0404067002
v -0.163144395 -0.176555082 -0.0378357917
v -0.163159475 -0.176819697 -0.0380475037
v -0.163140893 -0.176422998 -0.0350711904
v -0.163128838 -0.176223099 -0.0353449881
v -0.162991419 -0.173695862 -0.0289068762
v -0.163155422 -0.17666623 -0.0348351821
v -0.163140893 -0.176422998 -0.0350711904
v -0.162991419 -0.173695862 -0.0289068762
v -0.163171992 -0.176945791 -0.0346437432
v -0.163155422 -0.17666623 -0.0348351821
v -0.162991419 -0.173695862 -0.0289068762
v -0.163159475 -0.176819697 -0.0380475037
v -0.163176507 -0.17711623 -0.0382113755
v -0.162977561 -0.173757449 -0.0404067002
v -0.163176507 -0.17711623 -0.0382113755
v -0.163194969 -0.177436128 -0.0383226946
v -0.162977561 -0.173757449 -0.0404067002
v -0.162977561 -0.173757449 -0.0404067002
v -0.163194969 -0.177436128 -0.0383226946
v -0.163214341 -0.177770212 -0.0383782573
v -0.163190126 -0.177253619 -0.034502387
v -0.163171992 -0.176945791 -0.0346437432
v -0.162991419 -0.173695862 -0.0289068762
v -0.163209319 -0.177580878 -0.034415178
v -0.163190126 -0.177253619 -0.034502387
v -0.162991419 -0.173695862 -0.0289068762
v -0.163229004 -0.177918151 -0.0343846269
v -0.163209319 -0.177580878 -0.034415178
v -0.162991419 -0.173695862 -0.0289068762
v -0.163214341 -0.177770212 -0.0383782573
v -0.163234055 -0.178108856 -0.0383764692
v -0.162977561 -0.173757449 -0.0404067002
v -0.163234055 -0.178108856 -0.0383764692
v -0.163253576 -0.178442329 -0.0383173749
v -0.162977561 -0.173757449 -0.0404067002
v -0.162977561 -0.173757449 -0.0404067002
v -0.163253576 -0.178442329 -0.0383173749
v -0.163892731 -0.189415663 -0.0382593684
v -0.163253576 -0.178442329 -0.0383173749
v -0.163874269 -0.18909575 -0.0381480493
v -0.163892731 -0.189415663 -0.0382593684
v -0.163248628 -0.178255737 -0.0344116129
v -0.163229004 -0.177918151 -0.0343846269
v -0.162991419 -0.173695862 -0.0289068762
v -0.163267612 -0.178583905 -0.0344953537
v -0.163248628 -0.178255737 -0.0344116129
v -0.163811177 -0.187954366 -0.0359102376
v -0.163248628 -0.178255737 -0.0344116129
v -0.162991419 -0.173695862 -0.0289068762
v -0.163811177 -0.187954366 -0.0359102376
v -0.163811177 -0.187954366 -0.0359102376
v -0.162991419 -0.173695862 -0.0289068762
v -0.163817346 -0.18805179 -0.0355853625
v -0.162991419 -0.173695862 -0.0289068762
v -0.1638266 -0.18820262 -0.0352816582
v -0.163817346 -0.18805179 -0.0355853625
v -0.163253576 -0.178442329 -0.0383173749
v -0.163272306 -0.17876102 -0.0382026806
v -0.163819432 -0.188130409 -0.0372310877
v -0.163272306 -0.17876102 -0.0382026806
v -0.163289726 -0.17905578 -0.0380356833
v -0.163819432 -0.188130409 -0.0372310877
v -0.163819432 -0.188130409 -0.0372310877
v -0.163289726 -0.17905578 -0.0380356833
v -0.163812459 -0.188002452 -0.036917001
v -0.163289726 -0.17905578 -0.0380356833
v -0.163808703 -0.187929332 -0.0365857705
v -0.163812459 -0.188002452 -0.036917001
v -0.163285419 -0.178893238 -0.0346334502
v -0.163267612 -0.178583905 -0.0344953537
v -0.163811177 -0.187954366 -0.0359102376
v -0.163301528 -0.179174826 -0.0348219201
v -0.163285419 -0.178893238 -0.0346334502
v -0.163811177 -0.187954366 -0.0359102376
v -0.163289726 -0.17905578 -0.0380356833
v -0.163305327 -0.179318115 -0.0378211848
v -0.163808703 -0.187929332 -0.0365857705
v -0.163305327 -0.179318115 -0.0378211848
v -0.163318664 -0.179540485 -0.0375653617
v -0.163808703 -0.187929332 -0.0365857705
v -0.163808703 -0.187929332 -0.0365857705
v -0.163318664 -0.179540485 -0.0375653617
v -0.163329363 -0.179716498 -0.0372755677
v -0.16331549 -0.179420575 -0.0350553468
v -0.163301528 -0.179174826 -0.0348219201
v -0.163811177 -0.187954366 -0.0359102376
v -0.163326889 -0.179623395 -0.0353270136
v -0.16331549 -0.179420575 -0.0350553468
v -0.163811177 -0.187954366 -0.0359102376
v -0.163335398 -0.179777488 -0.0356291011
v -0.163326889 -0.179623395 -0.0353270136
v -0.163811177 -0.187954366 -0.0359102376
v -0.163329363 -0.179716498 -0.0372755677
v -0.163337097 -0.179841071 -0.0369601436
v -0.163808703 -0.187929332 -0.0365857705
v -0.163337097 -0.179841071 -0.0369601436
v -0.163341641 -0.179910645 -0.0366281606
v -0.163808703 -0.187929332 -0.0365857705
v -0.163808703 -0.187929332 -0.0365857705
v -0.163341641 -0.179910645 -0.0366281606
v -0.163808271 -0.18791315 -0.0362469368
v -0.163341641 -0.179910645 -0.0366281606
v -0.163342893 -0.179923192 -0.0362891704
v -0.163808271 -0.18791315 -0.0362469368
v -0.163808271 -0.18791315 -0.0362469368
v -0.163342893 -0.179923192 -0.0362891704
v -0.163811177 -0.187954366 -0.0359102376
v -0.163342893 -0.179923192 -0.0362891704
v -0.163340792 -0.179878384 -0.0359529294
v -0.163811177 -0.187954366 -0.0359102376
v -0.163811177 -0.187954366 -0.0359102376
v -0.163340792 -0.179878384 -0.0359529294
v -0.163335398 -0.179777488 -0.0356291011
v -0.163819432 -0.188130409 -0.0372310877
v -0.163829431 -0.18830952 -0.0375190042
v -0.163253576 -0.178442329 -0.0383173749
v -0.163829431 -0.18830952 -0.0375190042
v -0.163842157 -0.188534617 -0.0377724655
v -0.163253576 -0.178442329 -0.0383173749
v -0.163253576 -0.178442329 -0.0383173749
v -0.163842157 -0.188534617 -0.0377724655
v -0.163857237 -0.188799232 -0.0379841775
v -0.163838655 -0.188402534 -0.0350078642
v -0.1638266 -0.18820262 -0.0352816582
v -0.162991419 -0.173695862 -0.0289068762
v -0.163853183 -0.188645765 -0.0347718522
v -0.163838655 -0.188402534 -0.0350078642
v -0.162991419 -0.173695862 -0.0289068762
v -0.163869753 -0.188925311 -0.034580417
v -0.163853183 -0.188645765 -0.0347718522
v -0.162991419 -0.173695862 -0.0289068762
v -0.163857237 -0.188799232 -0.0379841775
v -0.163874269 -0.18909575 -0.0381480493
v -0.163253576 -0.178442329 -0.0383173749
v -0.163887888 -0.189233154 -0.0344390608
v -0.163869753 -0.188925311 -0.034580417
v -0.162991419 -0.173695862 -0.0289068762
v -0.163907081 -0.189560413 -0.0343518518
v -0.163887888 -0.189233154 -0.0344390608
v -0.162991419 -0.173695862 -0.0289068762
v -0.163892731 -0.189415663 -0.0382593684
v -0.163912103 -0.189749748 -0.0383149311
v -0.162977561 -0.173757449 -0.0404067002
v -0.16394639 -0.190235257 -0.0343482867
v -0.163926765 -0.189897686 -0.0343213007
v -0.164177611 -0.194061056 -0.0287992191
v -0.163931817 -0.190088391 -0.0383131392
v -0.163951337 -0.190421849 -0.0382540487
v -0.164163753 -0.194122657 -0.0402990468
v -0.163951337 -0.190421849 -0.0382540487
v -0.163970068 -0.190740556 -0.0381393544
v -0.164163753 -0.194122657 -0.0402990468
v -0.164163753 -0.194122657 -0.0402990468
v -0.163970068 -0.190740556 -0.0381393544
v -0.163987488 -0.1910353 -0.0379723571
v -0.163965374 -0.19056344 -0.0344320275
v -0.16394639 -0.190235257 -0.0343482867
v -0.164177611 -0.194061056 -0.0287992191
v -0.163983181 -0.190872774 -0.0345701203
v -0.163965374 -0.19056344 -0.0344320275
v -0.164177611 -0.194061056 -0.0287992191
v -0.163999289 -0.191154361 -0.0347585939
v -0.163983181 -0.190872774 -0.0345701203
v -0.164177611 -0.194061056 -0.0287992191
v -0.163987488 -0.1910353 -0.0379723571
v -0.164003089 -0.19129765 -0.0377578586
v -0.164163753 -0.194122657 -0.0402990468
v -0.164003089 -0.19129765 -0.0377578586
v -0.164016426 -0.19152002 -0.0375020355
v -0.164163753 -0.194122657 -0.0402990468
v -0.164163753 -0.194122657 -0.0402990468
v -0.164016426 -0.19152002 -0.0375020355
v -0.16402711 -0.191696018 -0.0372122414
v -0.164013252 -0.191400096 -0.0349920206
v -0.163999289 -0.191154361 -0.0347585939
v -0.164177611 -0.194061056 -0.0287992191
v -0.164024651 -0.19160293 -0.0352636836
v -0.164013252 -0.191400096 -0.0349920206
v -0.164177611 -0.194061056 -0.0287992191
v -0.16403316 -0.191757008 -0.0355657749
v -0.164024651 -0.19160293 -0.0352636836
v -0.164177611 -0.194061056 -0.0287992191
v -0.16402711 -0.191696018 -0.0372122414
v -0.164034843 -0.191820607 -0.0368968174
v -0.164163753 -0.194122657 -0.0402990468
v -0.164034843 -0.191820607 -0.0368968174
v -0.164039403 -0.191890165 -0.0365648344
v -0.164163753 -0.194122657 -0.0402990468
v -0.164163753 -0.194122657 -0.0402990468
v -0.164039403 -0.191890165 -0.0365648344
v -0.164040655 -0.191902727 -0.0362258442
v -0.164038554 -0.191857919 -0.0358895995
v -0.16403316 -0.191757008 -0.0355657749
v -0.164177611 -0.194061056 -0.0287992191
v -0.164040655 -0.191902727 -0.0362258442
v -0.164038554 -0.191857919 -0.0358895995
v -0.164177611 -0.194061056 -0.0287992191
v -0.164177611 -0.194061056 -0.0287992191
v -0.164163753 -0.194122657 -0.0402990468
v -0.164040655 -0.191902727 -0.0362258442
v -0.164154783 -0.194133684 -0.0405343585
v -0.164163753 -0.194122657 -0.0402990468
v -0.170652762 -0.193744749 -0.0403088853
v -0.164163753 -0.194122657 -0.0402990468
v -0.164154783 -0.194133684 -0.0405343585
v -0.162967518 -0.173750013 -0.0406421088
v -0.164154783 -0.194133684 -0.0405343585
v -0.164128467 -0.194164187 -0.0407680906
v -0.162967518 -0.173750013 -0.0406421088
v -0.162967518 -0.173750013 -0.0406421088
v -0.164128467 -0.194164187 -0.0407680906
v -0.162937984 -0.173725247 -0.040876139
v -0.164128467 -0.194164187 -0.0407680906
v -0.162889153 -0.173683271 -0.0411073379
v -0.162937984 -0.173725247 -0.040876139
v -0.162937984 -0.173725247 -0.040876139
v -0.162889153 -0.173683271 -0.0411073379
v -0.169456914 -0.173237935 -0.0413443558
v -0.164084986 -0.194213971 -0.040998809
v -0.164128467 -0.194164187 -0.0407680906
v -0.170654342 -0.193784133 -0.0407779887
v -0.164128467 -0.194164187 -0.0407680906
v -0.164084986 -0.194213971 -0.040998809
v -0.162889153 -0.173683271 -0.0411073379
v -0.164084986 -0.194213971 -0.040998809
v -0.164024606 -0.19428274 -0.0412250869
v -0.162889153 -0.173683271 -0.0411073379
v -0.162889153 -0.173683271 -0.0411073379
v -0.164024606 -0.19428274 -0.0412250869
v -0.162821338 -0.173624381 -0.0413342901
v -0.164024606 -0.19428274 -0.0412250869
v -0.162734926 -0.173548907 -0.0415555947
v -0.162821338 -0.173624381 -0.0413342901
v -0.162821338 -0.173624381 -0.0413342901
v -0.162734926 -0.173548907 -0.0415555947
v -0.169445902 -0.173060417 -0.0417802185
v -0.163947687 -0.194370046 -0.0414455272
v -0.164024606 -0.19428274 -0.0412250869
v -0.170660183 -0.193896294 -0.0412351489
v -0.164024606 -0.19428274 -0.0412250869
v -0.163947687 -0.194370046 -0.0414455272
v -0.162734926 -0.173548907 -0.0415555947
v -0.163947687 -0.194370046 -0.0414455272
v -0.162630484 -0.173457339 -0.0417698845
v -0.162734926 -0.173548907 -0.0415555947
v -0.163947687 -0.194370046 -0.0414455272
v -0.163854703 -0.194475383 -0.0416587777
v -0.162630484 -0.173457339 -0.0417698845
v -0.163854703 -0.194475383 -0.0416587777
v -0.162508637 -0.17335023 -0.0419758372
v -0.162630484 -0.173457339 -0.0417698845
v -0.162630484 -0.173457339 -0.0417698845
v -0.162508637 -0.17335023 -0.0419758372
v -0.16943112 -0.172817022 -0.0421828963
v -0.162508637 -0.17335023 -0.0419758372
v -0.162370145 -0.173228234 -0.0421721861
v -0.16943112 -0.172817022 -0.0421828963
v -0.163746253 -0.194598079 -0.041863516
v -0.163854703 -0.194475383 -0.0416587777
v -0.170670122 -0.19407846 -0.0416691117
v -0.163854703 -0.194475383 -0.0416587777
v -0.163746253 -0.194598079 -0.041863516
v -0.162508637 -0.17335023 -0.0419758372
v -0.163746253 -0.194598079 -0.041863516
v -0.163622975 -0.194737375 -0.0420584865
v -0.162508637 -0.17335023 -0.0419758372
v -0.162508637 -0.17335023 -0.0419758372
v -0.163622975 -0.194737375 -0.0420584865
v -0.162370145 -0.173228234 -0.0421721861
v -0.163622975 -0.194737375 -0.0420584865
v -0.1633351 -0.19506228 -0.0424143672
v -0.162370145 -0.173228234 -0.0421721861
v -0.162370145 -0.173228234 -0.0421721861
v -0.1633351 -0.19506228 -0.0424143672
v -0.162046731 -0.172942728 -0.0425312966
v -0.1633351 -0.19506228 -0.0424143672
v -0.162998185 -0.19544208 -0.0427176617
v -0.162046731 -0.172942728 -0.0425312966
v -0.162046731 -0.172942728 -0.0425312966
v -0.162998185 -0.19544208 -0.0427176617
v -0.161668181 -0.172607824 -0.0428383686
v -0.162998185 -0.19544208 -0.0427176617
v -0.16262053 -0.195867434 -0.0429609008
v -0.161668181 -0.172607824 -0.0428383686
v -0.161668181 -0.172607824 -0.0428383686
v -0.16262053 -0.195867434 -0.0429609008
v -0.161243841 -0.172231779 -0.043085847
v -0.16262053 -0.195867434 -0.0429609008
v -0.162211418 -0.196327865 -0.0431380942
v -0.161243841 -0.172231779 -0.043085847
v -0.161243841 -0.172231779 -0.043085847
v -0.162211418 -0.196327865 -0.0431380942
v -0.160784155 -0.171823844 -0.04326763
v -0.161243841 -0.172231779 -0.043085847
v -0.160784155 -0.171823844 -0.04326763
v -0.169368103 -0.171758637 -0.0430981666
v -0.159926131 -0.165187314 -0.0531111211
v -0.159954444 -0.165187448 -0.0534491614
v -0.185917422 -0.163676307 -0.0536581427
v -0.159954444 -0.165187448 -0.0534491614
v -0.159925327 -0.165190935 -0.0537871122
v -0.185917422 -0.163676307 -0.0536581427
v -0.185917422 -0.163676307 -0.0536581427
v -0.159925327 -0.165190935 -0.0537871122
v -0.1598396 -0.165197656 -0.0541152582
v -0.159954444 -0.165187448 -0.0534491614
v -0.159926131 -0.165187314 -0.0531111211
v -0.160128891 -0.168182328 -0.0534333289
v -0.159926131 -0.165187314 -0.0531111211
v -0.160275012 -0.171177074 -0.0530794598
v -0.160128891 -0.168182328 -0.0534333289
v -0.160128891 -0.168182328 -0.0534333289
v -0.160275012 -0.171177074 -0.0530794598
v -0.160303324 -0.171177208 -0.0534174964
v -0.159925327 -0.165190935 -0.0537871122
v -0.159954444 -0.165187448 -0.0534491614
v -0.160128891 -0.168182328 -0.0534333289
v -0.159883976 -0.165374786 -0.0881105959
v -0.159912288 -0.16537492 -0.0884486288
v -0.191541061 -0.163451239 -0.073045969
v -0.159912288 -0.16537492 -0.0884486288
v -0.159883156 -0.165378407 -0.0887865871
v -0.191541061 -0.163451239 -0.073045969
v -0.191541061 -0.163451239 -0.073045969
v -0.159883156 -0.165378407 -0.0887865871
v -0.15979743 -0.165385127 -0.0891147256
v -0.159912288 -0.16537492 -0.0884486288
v -0.159883976 -0.165374786 -0.0881105959
v -0.160086721 -0.1683698 -0.0884328038
v -0.159883976 -0.165374786 -0.0881105959
v -0.160232857 -0.171364546 -0.088078931
v -0.160086721 -0.1683698 -0.0884328038
v -0.160086721 -0.1683698 -0.0884328038
v -0.160232857 -0.171364546 -0.088078931
v -0.160261169 -0.17136468 -0.0884169713
v -0.159883156 -0.165378407 -0.0887865871
v -0.159912288 -0.16537492 -0.0884486288
v -0.160086721 -0.1683698 -0.0884328038
v -0.160303324 -0.171177208 -0.0534174964
v -0.160274208 -0.171180695 -0.053755451
v -0.160128891 -0.168182328 -0.0534333289
v -0.160274208 -0.171180695 -0.053755451
v -0.159925327 -0.165190935 -0.0537871122
v -0.160128891 -0.168182328 -0.0534333289
v -0.160261169 -0.17136468 -0.0884169713
v -0.160232037 -0.171368167 -0.0887549222
v -0.160086721 -0.1683698 -0.0884328038
v -0.160232037 -0.171368167 -0.0887549222
v -0.159883156 -0.165378407 -0.0887865871
v -0.160086721 -0.1683698 -0.0884328038
v -0.160261169 -0.17136468 -0.0884169713
v -0.160232857 -0.171364546 -0.088078931
v -0.187354892 -0.169611216 -0.0552443489
v -0.160232857 -0.171364546 -0.088078931
v -0.16014792 -0.17136775 -0.0877505243
v -0.187354892 -0.169611216 -0.0552443489
v -0.187354892 -0.169611216 -0.0552443489
v -0.16014792 -0.17136775 -0.0877505243
v -0.160008803 -0.171374232 -0.0874412134
v -0.161815137 -0.197132856 -0.0532802902
v -0.161808148 -0.197132364 -0.0531106703
v -0.161989585 -0.200127736 -0.0532644577
v -0.161808148 -0.197132364 -0.0531106703
v -0.162157029 -0.203122139 -0.0530790053
v -0.161989585 -0.200127736 -0.0532644577
v -0.161989585 -0.200127736 -0.0532644577
v -0.162157029 -0.203122139 -0.0530790053
v -0.162164018 -0.203122616 -0.0532486252
v -0.161807746 -0.197134182 -0.0534498878
v -0.161815137 -0.197132856 -0.0532802902
v -0.161989585 -0.200127736 -0.0532644577
v -0.161815137 -0.197132856 -0.0532802902
v -0.161807746 -0.197134182 -0.0534498878
v -0.187799439 -0.195621371 -0.0536576919
v -0.161807746 -0.197134182 -0.0534498878
v -0.161750108 -0.197139308 -0.0537841395
v -0.187799439 -0.195621371 -0.0536576919
v -0.187799439 -0.195621371 -0.0536576919
v -0.161750108 -0.197139308 -0.0537841395
v -0.161636904 -0.197147593 -0.0541038103
v -0.161765993 -0.197319835 -0.0881101415
v -0.161772981 -0.197320327 -0.0882797614
v -0.189021066 -0.19555825 -0.0551773012
v -0.161772981 -0.197320327 -0.0882797614
v -0.16176559 -0.197321653 -0.0884493589
v -0.189021066 -0.19555825 -0.0551773012
v -0.189021066 -0.19555825 -0.0551773012
v -0.16176559 -0.197321653 -0.0884493589
v -0.161707953 -0.197326779 -0.0887836143
v -0.161772981 -0.197320327 -0.0882797614
v -0.161765993 -0.197319835 -0.0881101415
v -0.161947429 -0.200315207 -0.0882639289
v -0.161765993 -0.197319835 -0.0881101415
v -0.162114874 -0.20330961 -0.0880784765
v -0.161947429 -0.200315207 -0.0882639289
v -0.161947429 -0.200315207 -0.0882639289
v -0.162114874 -0.20330961 -0.0880784765
v -0.162121862 -0.203310087 -0.0882480964
v -0.16176559 -0.197321653 -0.0884493589
v -0.161772981 -0.197320327 -0.0882797614
v -0.161947429 -0.200315207 -0.0882639289
v -0.162164018 -0.203122616 -0.0532486252
v -0.162156627 -0.203123957 -0.0534182228
v -0.161989585 -0.200127736 -0.0532644577
v -0.162156627 -0.203123957 -0.0534182228
v -0.161807746 -0.197134182 -0.0534498878
v -0.161989585 -0.200127736 -0.0532644577
v -0.162164018 -0.203122616 -0.0532486252
v -0.162157029 -0.203122139 -0.0530790053
v -0.1900343 -0.201488942 -0.0512927175
v -0.162121862 -0.203310087 -0.0882480964
v -0.162114471 -0.203311428 -0.088417694
v -0.161947429 -0.200315207 -0.0882639289
v -0.162114471 -0.203311428 -0.088417694
v -0.16176559 -0.197321653 -0.0884493589
v -0.161947429 -0.200315207 -0.0882639289
v -0.16175133 -0.197133914 -0.0527762435
v -0.161808148 -0.197132364 -0.0531106703
v -0.187771127 -0.195621237 -0.0533196516
v -0.161808148 -0.197132364 -0.0531106703
v -0.16175133 -0.197133914 -0.0527762435
v -0.162100211 -0.203123674 -0.0527445786
v -0.16175133 -0.197133914 -0.0527762435
v -0.161987767 -0.203128532 -0.052424565
v -0.162100211 -0.203123674 -0.0527445786
v -0.161750108 -0.197139308 -0.0537841395
v -0.161807746 -0.197134182 -0.0534498878
v -0.162156627 -0.203123957 -0.0534182228
v -0.16170916 -0.197321385 -0.0877757147
v -0.161765993 -0.197319835 -0.0881101415
v -0.189021066 -0.19555825 -0.0551773012
v -0.161765993 -0.197319835 -0.0881101415
v -0.16170916 -0.197321385 -0.0877757147
v -0.16205804 -0.203311145 -0.0877440497
v -0.16170916 -0.197321385 -0.0877757147
v -0.161945611 -0.203316003 -0.0874240398
v -0.16205804 -0.203311145 -0.0877440497
v -0.161707953 -0.197326779 -0.0887836143
v -0.16176559 -0.197321653 -0.0884493589
v -0.162114471 -0.203311428 -0.088417694
v -0.162100211 -0.203123674 -0.0527445786
v -0.162157029 -0.203122139 -0.0530790053
v -0.161808148 -0.197132364 -0.0531106703
v -0.162098989 -0.203129068 -0.0537524745
v -0.162156627 -0.203123957 -0.0534182228
v -0.189698339 -0.201508746 -0.0513352975
v -0.162156627 -0.203123957 -0.0534182228
v -0.162098989 -0.203129068 -0.0537524745
v -0.161750108 -0.197139308 -0.0537841395
v -0.162098989 -0.203129068 -0.0537524745
v -0.161636904 -0.197147593 -0.0541038103
v -0.161750108 -0.197139308 -0.0537841395
v -0.16205804 -0.203311145 -0.0877440497
v -0.162114874 -0.20330961 -0.0880784765
v -0.161765993 -0.197319835 -0.0881101415
v -0.162114471 -0.203311428 -0.088417694
v -0.162056834 -0.20331654 -0.0887519494
v -0.161707953 -0.197326779 -0.0887836143
v -0.162056834 -0.20331654 -0.0887519494
v -0.161594748 -0.197335064 -0.0891032815
v -0.161707953 -0.197326779 -0.0887836143
v -0.159926131 -0.165187314 -0.0531111211
v -0.159841195 -0.165190518 -0.0527827181
v -0.160190076 -0.171180278 -0.0527510568
v -0.159841195 -0.165190518 -0.0527827181
v -0.160050958 -0.171186745 -0.0524417385
v -0.160190076 -0.171180278 -0.0527510568
v -0.1598396 -0.165197656 -0.0541152582
v -0.159925327 -0.165190935 -0.0537871122
v -0.160274208 -0.171180695 -0.053755451
v -0.159799039 -0.165377989 -0.0877821892
v -0.159883976 -0.165374786 -0.0881105959
v -0.191541061 -0.163451239 -0.073045969
v -0.159883976 -0.165374786 -0.0881105959
v -0.159799039 -0.165377989 -0.0877821892
v -0.16014792 -0.17136775 -0.0877505243
v -0.159799039 -0.165377989 -0.0877821892
v -0.160008803 -0.171374232 -0.0874412134
v -0.16014792 -0.17136775 -0.0877505243
v -0.15979743 -0.165385127 -0.0891147256
v -0.159883156 -0.165378407 -0.0887865871
v -0.160232037 -0.171368167 -0.0887549222
v -0.160190076 -0.171180278 -0.0527510568
v -0.160275012 -0.171177074 -0.0530794598
v -0.159926131 -0.165187314 -0.0531111211
v -0.160275012 -0.171177074 -0.0530794598
v -0.160190076 -0.171180278 -0.0527510568
v -0.193253487 -0.169231832 -0.0484675318
v -0.160190076 -0.171180278 -0.0527510568
v -0.160050958 -0.171186745 -0.0524417385
v -0.193253487 -0.169231832 -0.0484675318
v -0.193253487 -0.169231832 -0.0484675318
v -0.160050958 -0.171186745 -0.0524417385
v -0.159861669 -0.171196297 -0.0521604046
v -0.160274208 -0.171180695 -0.053755451
v -0.160188481 -0.171187416 -0.0540835932
v -0.1598396 -0.165197656 -0.0541152582
v -0.160188481 -0.171187416 -0.0540835932
v -0.159699723 -0.165207431 -0.0544241518
v -0.1598396 -0.165197656 -0.0541152582
v -0.16014792 -0.17136775 -0.0877505243
v -0.160232857 -0.171364546 -0.088078931
v -0.159883976 -0.165374786 -0.0881105959
v -0.160232037 -0.171368167 -0.0887549222
v -0.160146311 -0.171374887 -0.0890830681
v -0.15979743 -0.165385127 -0.0891147256
v -0.160146311 -0.171374887 -0.0890830681
v -0.159657568 -0.165394917 -0.0894236267
v -0.15979743 -0.165385127 -0.0891147256
v -0.161638886 -0.197138771 -0.0524562299
v -0.16175133 -0.197133914 -0.0527762435
v -0.187771127 -0.195621237 -0.0533196516
v -0.16175133 -0.197133914 -0.0527762435
v -0.161638886 -0.197138771 -0.0524562299
v -0.161987767 -0.203128532 -0.052424565
v -0.161638886 -0.197138771 -0.0524562299
v -0.161822975 -0.203136563 -0.0521281734
v -0.161987767 -0.203128532 -0.052424565
v -0.16159673 -0.197326243 -0.0874557048
v -0.16170916 -0.197321385 -0.0877757147
v -0.189021066 -0.19555825 -0.0551773012
v -0.16170916 -0.197321385 -0.0877757147
v -0.16159673 -0.197326243 -0.0874557048
v -0.161945611 -0.203316003 -0.0874240398
v -0.16159673 -0.197326243 -0.0874557048
v -0.161780819 -0.203324035 -0.0871276483
v -0.161945611 -0.203316003 -0.0874240398
v -0.162100211 -0.203123674 -0.0527445786
v -0.161987767 -0.203128532 -0.052424565
v -0.195120215 -0.201150462 -0.0432987362
v -0.161987767 -0.203128532 -0.052424565
v -0.161822975 -0.203136563 -0.0521281734
v -0.195120215 -0.201150462 -0.0432987362
v -0.195120215 -0.201150462 -0.0432987362
v -0.161822975 -0.203136563 -0.0521281734
v -0.161610544 -0.203147545 -0.0518639274
v -0.161985785 -0.203137353 -0.0540721454
v -0.162098989 -0.203129068 -0.0537524745
v -0.189698339 -0.201508746 -0.0513352975
v -0.162098989 -0.203129068 -0.0537524745
v -0.161985785 -0.203137353 -0.0540721454
v -0.161636904 -0.197147593 -0.0541038103
v -0.161985785 -0.203137353 -0.0540721454
v -0.161471397 -0.197158799 -0.0543997027
v -0.161636904 -0.197147593 -0.0541038103
v -0.16205804 -0.203311145 -0.0877440497
v -0.161945611 -0.203316003 -0.0874240398
v -0.160749763 -0.203215092 -0.0551587902
v -0.161945611 -0.203316003 -0.0874240398
v -0.161780819 -0.203324035 -0.0871276483
v -0.160749763 -0.203215092 -0.0551587902
v -0.160749763 -0.203215092 -0.0551587902
v -0.161780819 -0.203324035 -0.0871276483
v -0.161568388 -0.203335017 -0.0868633986
v -0.161943629 -0.203324825 -0.0890716165
v -0.162056834 -0.20331654 -0.0887519494
v -0.193750635 -0.201386422 -0.0728454366
v -0.162056834 -0.20331654 -0.0887519494
v -0.161943629 -0.203324825 -0.0890716165
v -0.161594748 -0.197335064 -0.0891032815
v -0.161943629 -0.203324825 -0.0890716165
v -0.161429241 -0.19734627 -0.0893991739
v -0.161594748 -0.197335064 -0.0891032815
v -0.159702078 -0.165196985 -0.0524733998
v -0.159841195 -0.165190518 -0.0527827181
v -0.185975477 -0.163669363 -0.0529846735
v -0.159841195 -0.165190518 -0.0527827181
v -0.159702078 -0.165196985 -0.0524733998
v -0.160050958 -0.171186745 -0.0524417385
v -0.159702078 -0.165196985 -0.0524733998
v -0.159861669 -0.171196297 -0.0521604046
v -0.160050958 -0.171186745 -0.0524417385
v -0.1598396 -0.165197656 -0.0541152582
v -0.159699723 -0.165207431 -0.0544241518
v -0.185917422 -0.163676307 -0.0536581427
v -0.159699723 -0.165207431 -0.0544241518
v -0.159509763 -0.165219992 -0.0547049083
v -0.185917422 -0.163676307 -0.0536581427
v -0.185917422 -0.163676307 -0.0536581427
v -0.159509763 -0.165219992 -0.0547049083
v -0.159275129 -0.165234938 -0.054949455
v -0.159659922 -0.165384457 -0.0874728709
v -0.159799039 -0.165377989 -0.0877821892
v -0.191541061 -0.163451239 -0.073045969
v -0.159799039 -0.165377989 -0.0877821892
v -0.159659922 -0.165384457 -0.0874728709
v -0.160008803 -0.171374232 -0.0874412134
v -0.159659922 -0.165384457 -0.0874728709
v -0.159819499 -0.171383768 -0.0871598721
v -0.160008803 -0.171374232 -0.0874412134
v -0.15979743 -0.165385127 -0.0891147256
v -0.159657568 -0.165394917 -0.0894236267
v -0.191541061 -0.163451239 -0.073045969
v -0.160048604 -0.171197206 -0.0543924868
v -0.160188481 -0.171187416 -0.0540835932
v -0.186603069 -0.169639647 -0.0523374453
v -0.160188481 -0.171187416 -0.0540835932
v -0.160048604 -0.171197206 -0.0543924868
v -0.159699723 -0.165207431 -0.0544241518
v -0.160048604 -0.171197206 -0.0543924868
v -0.159509763 -0.165219992 -0.0547049083
v -0.159699723 -0.165207431 -0.0544241518
v -0.160006449 -0.171384677 -0.0893919617
v -0.160146311 -0.171374887 -0.0890830681
v -0.191889942 -0.169441015 -0.073014304
v -0.160146311 -0.171374887 -0.0890830681
v -0.160006449 -0.171384677 -0.0893919617
v -0.159657568 -0.165394917 -0.0894236267
v -0.160006449 -0.171384677 -0.0893919617
v -0.159467593 -0.165407464 -0.0897043794
v -0.159657568 -0.165394917 -0.0894236267
v -0.161474094 -0.197146803 -0.0521598347
v -0.161638886 -0.197138771 -0.0524562299
v -0.187771127 -0.195621237 -0.0533196516
v -0.161638886 -0.197138771 -0.0524562299
v -0.161474094 -0.197146803 -0.0521598347
v -0.161822975 -0.203136563 -0.0521281734
v -0.161474094 -0.197146803 -0.0521598347
v -0.161610544 -0.203147545 -0.0518639274
v -0.161822975 -0.203136563 -0.0521281734
v -0.161636904 -0.197147593 -0.0541038103
v -0.161471397 -0.197158799 -0.0543997027
v -0.187799439 -0.195621371 -0.0536576919
v -0.161471397 -0.197158799 -0.0543997027
v -0.161258325 -0.197172597 -0.0546633042
v -0.187799439 -0.195621371 -0.0536576919
v -0.187799439 -0.195621371 -0.0536576919
v -0.161258325 -0.197172597 -0.0546633042
v -0.161003843 -0.197188616 -0.0548870303
v -0.161431938 -0.197334275 -0.0871593058
v -0.16159673 -0.197326243 -0.0874557048
v -0.189021066 -0.19555825 -0.0551773012
v -0.16159673 -0.197326243 -0.0874557048
v -0.161431938 -0.197334275 -0.0871593058
v -0.161780819 -0.203324035 -0.0871276483
v -0.161431938 -0.197334275 -0.0871593058
v -0.161568388 -0.203335017 -0.0868633986
v -0.161780819 -0.203324035 -0.0871276483
v -0.161594748 -0.197335064 -0.0891032815
v -0.161429241 -0.19734627 -0.0893991739
v -0.159432009 -0.197494775 -0.0954850987
v -0.161429241 -0.19734627 -0.0893991739
v -0.16121617 -0.197360069 -0.0896627754
v -0.159432009 -0.197494775 -0.0954850987
v -0.159432009 -0.197494775 -0.0954850987
v -0.16121617 -0.197360069 -0.0896627754
v -0.160961688 -0.197376087 -0.0898865014
v -0.161985785 -0.203137353 -0.0540721454
v -0.161820278 -0.203148559 -0.0543680377
v -0.161471397 -0.197158799 -0.0543997027
v -0.161820278 -0.203148559 -0.0543680377
v -0.161258325 -0.197172597 -0.0546633042
v -0.161471397 -0.197158799 -0.0543997027
v -0.161778122 -0.20333603 -0.0893675163
v -0.161943629 -0.203324825 -0.0890716165
v -0.193750635 -0.201386422 -0.0728454366
v -0.161943629 -0.203324825 -0.0890716165
v -0.161778122 -0.20333603 -0.0893675163
v -0.161429241 -0.19734627 -0.0893991739
v -0.161778122 -0.20333603 -0.0893675163
v -0.16121617 -0.197360069 -0.0896627754
v -0.161429241 -0.19734627 -0.0893991739
v -0.159512788 -0.165206522 -0.0521920696
v -0.159702078 -0.165196985 -0.0524733998
v -0.185975477 -0.163669363 -0.0529846735
v -0.159702078 -0.165196985 -0.0524733998
v -0.159512788 -0.165206522 -0.0521920696
v -0.159861669 -0.171196297 -0.0521604046
v -0.159512788 -0.165206522 -0.0521920696
v -0.159627631 -0.17120862 -0.0519151501
v -0.159861669 -0.171196297 -0.0521604046
v -0.159659922 -0.165384457 -0.0874728709
v -0.159470618 -0.165393993 -0.087191537
v -0.159819499 -0.171383768 -0.0871598721
v -0.159470618 -0.165393993 -0.087191537
v -0.159585476 -0.171396092 -0.0869146213
v -0.159819499 -0.171383768 -0.0871598721
v -0.159858644 -0.171209753 -0.054673247
v -0.160048604 -0.171197206 -0.0543924868
v -0.186603069 -0.169639647 -0.0523374453
v -0.160048604 -0.171197206 -0.0543924868
v -0.159858644 -0.171209753 -0.054673247
v -0.159509763 -0.165219992 -0.0547049083
v -0.159858644 -0.171209753 -0.054673247
v -0.159275129 -0.165234938 -0.054949455
v -0.159509763 -0.165219992 -0.0547049083
v -0.160008803 -0.171374232 -0.0874412134
v -0.159819499 -0.171383768 -0.0871598721
v -0.187354892 -0.169611216 -0.0552443489
v -0.159816474 -0.171397224 -0.0896727145
v -0.160006449 -0.171384677 -0.0893919617
v -0.191889942 -0.169441015 -0.073014304
v -0.160006449 -0.171384677 -0.0893919617
v -0.159816474 -0.171397224 -0.0896727145
v -0.159467593 -0.165407464 -0.0897043794
v -0.159816474 -0.171397224 -0.0896727145
v -0.159232974 -0.165422425 -0.0899489298
v -0.159467593 -0.165407464 -0.0897043794
v -0.161261663 -0.197157785 -0.0518955886
v -0.161474094 -0.197146803 -0.0521598347
v -0.187771127 -0.195621237 -0.0533196516
v -0.161474094 -0.197146803 -0.0521598347
v -0.161261663 -0.197157785 -0.0518955886
v -0.161610544 -0.203147545 -0.0518639274
v -0.161261663 -0.197157785 -0.0518955886
v -0.161356598 -0.20316115 -0.0516394265
v -0.161610544 -0.203147545 -0.0518639274
v -0.161219507 -0.197345257 -0.0868950635
v -0.161431938 -0.197334275 -0.0871593058
v -0.189021066 -0.19555825 -0.0551773012
v -0.161431938 -0.197334275 -0.0871593058
v -0.161219507 -0.197345257 -0.0868950635
v -0.161568388 -0.203335017 -0.0868633986
v -0.161219507 -0.197345257 -0.0868950635
v -0.161314443 -0.203348622 -0.0866389051
v -0.161568388 -0.203335017 -0.0868633986
v -0.161607206 -0.203162372 -0.054631643
v -0.161820278 -0.203148559 -0.0543680377
v -0.189374417 -0.201528132 -0.0514341369
v -0.161820278 -0.203148559 -0.0543680377
v -0.161607206 -0.203162372 -0.054631643
v -0.161258325 -0.197172597 -0.0546633042
v -0.161607206 -0.203162372 -0.054631643
v -0.161003843 -0.197188616 -0.0548870303
v -0.161258325 -0.197172597 -0.0546633042
v -0.16156505 -0.203349844 -0.0896311104
v -0.161778122 -0.20333603 -0.0893675163
v -0.193750635 -0.201386422 -0.0728454366
v -0.161778122 -0.20333603 -0.0893675163
v -0.16156505 -0.203349844 -0.0896311104
v -0.16121617 -0.197360069 -0.0896627754
v -0.16156505 -0.203349844 -0.0896311104
v -0.160961688 -0.197376087 -0.0898865014
v -0.16121617 -0.197360069 -0.0896627754
v -0.159512788 -0.165206522 -0.0521920696
v -0.15927875 -0.16521886 -0.0519468114
v -0.159627631 -0.17120862 -0.0519151501
v -0.15927875 -0.16521886 -0.0519468114
v -0.159355596 -0.171223402 -0.0517130233
v -0.159627631 -0.17120862 -0.0519151501
v -0.159470618 -0.165393993 -0.087191537
v -0.159236595 -0.165406331 -0.0869462863
v -0.159585476 -0.171396092 -0.0869146213
v -0.159236595 -0.165406331 -0.0869462863
v -0.15931344 -0.171410874 -0.0867124945
v -0.159585476 -0.171396092 -0.0869146213
v -0.159467593 -0.165407464 -0.0897043794
v -0.159232974 -0.165422425 -0.0899489298
v -0.157571316 -0.165549368 -0.0956539735
v -0.159232974 -0.165422425 -0.0899489298
v -0.158960462 -0.165439352 -0.0901502296
v -0.157571316 -0.165549368 -0.0956539735
v -0.157571316 -0.165549368 -0.0956539735
v -0.158960462 -0.165439352 -0.0901502296
v -0.158657894 -0.165457785 -0.0903024822
v -0.159861669 -0.171196297 -0.0521604046
v -0.159627631 -0.17120862 -0.0519151501
v -0.193253487 -0.169231832 -0.0484675318
v -0.159627631 -0.17120862 -0.0519151501
v -0.159355596 -0.171223402 -0.0517130233
v -0.193253487 -0.169231832 -0.0484675318
v -0.193253487 -0.169231832 -0.0484675318
v -0.159355596 -0.171223402 -0.0517130233
v -0.1590534 -0.171240196 -0.0515598506
v -0.15962401 -0.171224713 -0.0549177937
v -0.159858644 -0.171209753 -0.054673247
v -0.158687562 -0.171445996 -0.0864594951
v -0.159858644 -0.171209753 -0.054673247
v -0.159011245 -0.171427667 -0.0865593255
v -0.158687562 -0.171445996 -0.0864594951
v -0.159858644 -0.171209753 -0.054673247
v -0.15962401 -0.171224713 -0.0549177937
v -0.159275129 -0.165234938 -0.054949455
v -0.15962401 -0.171224713 -0.0549177937
v -0.159002617 -0.165251881 -0.055150751
v -0.159275129 -0.165234938 -0.054949455
v -0.159581855 -0.171412185 -0.0899172649
v -0.159816474 -0.171397224 -0.0896727145
v -0.191889942 -0.169441015 -0.073014304
v -0.159816474 -0.171397224 -0.0896727145
v -0.159581855 -0.171412185 -0.0899172649
v -0.159232974 -0.165422425 -0.0899489298
v -0.159581855 -0.171412185 -0.0899172649
v -0.158960462 -0.165439352 -0.0901502296
v -0.159232974 -0.165422425 -0.0899489298
v -0.161007717 -0.19717139 -0.0516710915
v -0.161261663 -0.197157785 -0.0518955886
v -0.187771127 -0.195621237 -0.0533196516
v -0.161261663 -0.197157785 -0.0518955886
v -0.161007717 -0.19717139 -0.0516710915
v -0.161356598 -0.20316115 -0.0516394265
v -0.161007717 -0.19717139 -0.0516710915
v -0.161068439 -0.20317699 -0.0514611378
v -0.161356598 -0.20316115 -0.0516394265
v -0.161219507 -0.197345257 -0.0868950635
v -0.160965562 -0.197358862 -0.0866705626
v -0.161314443 -0.203348622 -0.0866389051
v -0.160965562 -0.197358862 -0.0866705626
v -0.161026284 -0.203364462 -0.0864606053
v -0.161314443 -0.203348622 -0.0866389051
v -0.161610544 -0.203147545 -0.0518639274
v -0.161356598 -0.20316115 -0.0516394265
v -0.195120215 -0.201150462 -0.0432987362
v -0.161352724 -0.203178376 -0.054855369
v -0.161607206 -0.203162372 -0.054631643
v -0.189374417 -0.201528132 -0.0514341369
v -0.161607206 -0.203162372 -0.054631643
v -0.161352724 -0.203178376 -0.054855369
v -0.161003843 -0.197188616 -0.0548870303
v -0.161352724 -0.203178376 -0.054855369
v -0.160715267 -0.197206348 -0.0550644509
v -0.161003843 -0.197188616 -0.0548870303
v -0.161568388 -0.203335017 -0.0868633986
v -0.161314443 -0.203348622 -0.0866389051
v -0.160749763 -0.203215092 -0.0551587902
v -0.161314443 -0.203348622 -0.0866389051
v -0.161026284 -0.203364462 -0.0864606053
v -0.160749763 -0.203215092 -0.0551587902
v -0.160749763 -0.203215092 -0.0551587902
v -0.161026284 -0.203364462 -0.0864606053
v -0.160712212 -0.203382075 -0.0863336548
v -0.16156505 -0.203349844 -0.0896311104
v -0.161310568 -0.203365847 -0.0898548439
v -0.160961688 -0.197376087 -0.0898865014
v -0.161310568 -0.203365847 -0.0898548439
v -0.160673097 -0.197393835 -0.0900639221
v -0.160961688 -0.197376087 -0.0898865014
v -0.15927875 -0.16521886 -0.0519468114
v -0.159006715 -0.165233642 -0.0517446883
v -0.159355596 -0.171223402 -0.0517130233
v -0.159006715 -0.165233642 -0.0517446883
v -0.1590534 -0.171240196 -0.0515598506
v -0.159355596 -0.171223402 -0.0517130233
v -0.159275129 -0.165234938 -0.054949455
v -0.159002617 -0.165251881 -0.055150751
v -0.185917422 -0.163676307 -0.0536581427
v -0.159002617 -0.165251881 -0.055150751
v -0.158700049 -0.165270314 -0.0553030111
v -0.185917422 -0.163676307 -0.0536581427
v -0.185917422 -0.163676307 -0.0536581427
v -0.158700049 -0.165270314 -0.0553030111
v -0.158376127 -0.1652897 -0.0554018542
v -0.158964559 -0.165421113 -0.0867441595
v -0.159236595 -0.165406331 -0.0869462863
v -0.186717868 -0.163637295 -0.0550977215
v -0.159236595 -0.165406331 -0.0869462863
v -0.158964559 -0.165421113 -0.0867441595
v -0.15931344 -0.171410874 -0.0867124945
v -0.158964559 -0.165421113 -0.0867441595
v -0.159011245 -0.171427667 -0.0865593255
v -0.15931344 -0.171410874 -0.0867124945
v -0.159351498 -0.171241641 -0.0551190898
v -0.15962401 -0.171224713 -0.0549177937
v -0.158351704 -0.171465322 -0.0864159018
v -0.15962401 -0.171224713 -0.0549177937
v -0.158687562 -0.171445996 -0.0864594951
v -0.158351704 -0.171465322 -0.0864159018
v -0.15962401 -0.171224713 -0.0549177937
v -0.159351498 -0.171241641 -0.0551190898
v -0.159002617 -0.165251881 -0.055150751
v -0.159351498 -0.171241641 -0.0551190898
v -0.158700049 -0.165270314 -0.0553030111
v -0.159002617 -0.165251881 -0.055150751
v -0.159585476 -0.171396092 -0.0869146213
v -0.15931344 -0.171410874 -0.0867124945
v -0.186812803 -0.16964066 -0.0548415594
v -0.159581855 -0.171412185 -0.0899172649
v -0.159309343 -0.171429113 -0.0901185647
v -0.158960462 -0.165439352 -0.0901502296
v -0.159309343 -0.171429113 -0.0901185647
v -0.158657894 -0.165457785 -0.0903024822
v -0.158960462 -0.165439352 -0.0901502296
v -0.160719559 -0.19718723 -0.0514927991
v -0.161007717 -0.19717139 -0.0516710915
v -0.187771127 -0.195621237 -0.0533196516
v -0.161007717 -0.19717139 -0.0516710915
v -0.160719559 -0.19718723 -0.0514927991
v -0.161068439 -0.20317699 -0.0514611378
v -0.160719559 -0.19718723 -0.0514927991
v -0.160754368 -0.203194603 -0.0513341799
v -0.161068439 -0.20317699 -0.0514611378
v -0.161003843 -0.197188616 -0.0548870303
v -0.160715267 -0.197206348 -0.0550644509
v -0.187799439 -0.195621371 -0.0536576919
v -0.160965562 -0.197358862 -0.0866705626
v -0.160677403 -0.197374701 -0.0864922702
v -0.161026284 -0.203364462 -0.0864606053
v -0.160677403 -0.197374701 -0.0864922702
v -0.160712212 -0.203382075 -0.0863336548
v -0.161026284 -0.203364462 -0.0864606053
v -0.160961688 -0.197376087 -0.0898865014
v -0.160673097 -0.197393835 -0.0900639221
v -0.159432009 -0.197494775 -0.0954850987
v -0.160673097 -0.197393835 -0.0900639221
v -0.160358727 -0.197412804 -0.0901899263
v -0.159432009 -0.197494775 -0.0954850987
v -0.159432009 -0.197494775 -0.0954850987
v -0.160358727 -0.197412804 -0.0901899263
v -0.160027578 -0.197432473 -0.0902608931
v -0.161064148 -0.203196123 -0.055032786
v -0.161352724 -0.203178376 -0.054855369
v -0.189374417 -0.201528132 -0.0514341369
v -0.161352724 -0.203178376 -0.054855369
v -0.161064148 -0.203196123 -0.055032786
v -0.160715267 -0.197206348 -0.0550644509
v -0.161064148 -0.203196123 -0.055032786
v -0.160400882 -0.197225332 -0.0551904514
v -0.160715267 -0.197206348 -0.0550644509
v -0.161021978 -0.203383595 -0.0900322571
v -0.161310568 -0.203365847 -0.0898548439
v -0.15978089 -0.203484535 -0.0954534337
v -0.161310568 -0.203365847 -0.0898548439
v -0.161021978 -0.203383595 -0.0900322571
v -0.160673097 -0.197393835 -0.0900639221
v -0.161021978 -0.203383595 -0.0900322571
v -0.160358727 -0.197412804 -0.0901899263
v -0.160673097 -0.197393835 -0.0900639221
v -0.158704519 -0.165250435 -0.0515915118
v -0.159006715 -0.165233642 -0.0517446883
v -0.192910627 -0.16321528 -0.0434992723
v -0.159006715 -0.165233642 -0.0517446883
v -0.158704519 -0.165250435 -0.0515915118
v -0.1590534 -0.171240196 -0.0515598506
v -0.158704519 -0.165250435 -0.0515915118
v -0.158729717 -0.171258524 -0.0514600277
v -0.1590534 -0.171240196 -0.0515598506
v -0.158964559 -0.165421113 -0.0867441595
v -0.158662364 -0.165437907 -0.086590983
v -0.159011245 -0.171427667 -0.0865593255
v -0.158662364 -0.165437907 -0.086590983
v -0.158687562 -0.171445996 -0.0864594951
v -0.159011245 -0.171427667 -0.0865593255
v -0.15904893 -0.171260074 -0.0552713498
v -0.159351498 -0.171241641 -0.0551190898
v -0.158351704 -0.171465322 -0.0864159018
v -0.159351498 -0.171241641 -0.0551190898
v -0.15904893 -0.171260074 -0.0552713498
v -0.158700049 -0.165270314 -0.0553030111
v -0.15904893 -0.171260074 -0.0552713498
v -0.158376127 -0.1652897 -0.0554018542
v -0.158700049 -0.165270314 -0.0553030111
v -0.159006774 -0.171447545 -0.0902708247
v -0.159309343 -0.171429113 -0.0901185647
v -0.157920197 -0.171539128 -0.0956223086
v -0.159309343 -0.171429113 -0.0901185647
v -0.159006774 -0.171447545 -0.0902708247
v -0.158657894 -0.165457785 -0.0903024822
v -0.159006774 -0.171447545 -0.0902708247
v -0.158333972 -0.165477172 -0.0904013216
v -0.158657894 -0.165457785 -0.0903024822
v -0.160405487 -0.197204843 -0.0513658449
v -0.160719559 -0.19718723 -0.0514927991
v -0.187771127 -0.195621237 -0.0533196516
v -0.160719559 -0.19718723 -0.0514927991
v -0.160405487 -0.197204843 -0.0513658449
v -0.160754368 -0.203194603 -0.0513341799
v -0.160405487 -0.197204843 -0.0513658449
v -0.160423398 -0.203213513 -0.0512622111
v -0.160754368 -0.203194603 -0.0513341799
v -0.160363331 -0.197392315 -0.0863653123
v -0.160677403 -0.197374701 -0.0864922702
v -0.18844682 -0.195589826 -0.0548220016
v -0.160677403 -0.197374701 -0.0864922702
v -0.160363331 -0.197392315 -0.0863653123
v -0.160712212 -0.203382075 -0.0863336548
v -0.160363331 -0.197392315 -0.0863653123
v -0.160381243 -0.203400984 -0.0862616822
v -0.160712212 -0.203382075 -0.0863336548
v -0.161068439 -0.20317699 -0.0514611378
v -0.160754368 -0.203194603 -0.0513341799
v -0.15518792 -0.203476042 -0.0432381779
v -0.160754368 -0.203194603 -0.0513341799
v -0.160423398 -0.203213513 -0.0512622111
v -0.15518792 -0.203476042 -0.0432381779
v -0.15518792 -0.203476042 -0.0432381779
v -0.160423398 -0.203213513 -0.0512622111
v -0.160085082 -0.203233138 -0.0512473024
v -0.160749763 -0.203215092 -0.0551587902
v -0.161064148 -0.203196123 -0.055032786
v -0.189374417 -0.201528132 -0.0514341369
v -0.161064148 -0.203196123 -0.055032786
v -0.160749763 -0.203215092 -0.0551587902
v -0.160400882 -0.197225332 -0.0551904514
v -0.160749763 -0.203215092 -0.0551587902
v -0.160069749 -0.197245002 -0.0552614182
v -0.160400882 -0.197225332 -0.0551904514
v -0.160707608 -0.203402564 -0.0901582614
v -0.161021978 -0.203383595 -0.0900322571
v -0.15978089 -0.203484535 -0.0954534337
v -0.161021978 -0.203383595 -0.0900322571
v -0.160707608 -0.203402564 -0.0901582614
v -0.160358727 -0.197412804 -0.0901899263
v -0.160707608 -0.203402564 -0.0901582614
v -0.160027578 -0.197432473 -0.0902608931
v -0.160358727 -0.197412804 -0.0901899263
v -0.158380836 -0.165268764 -0.0514916889
v -0.158704519 -0.165250435 -0.0515915118
v -0.192910627 -0.16321528 -0.0434992723
v -0.158704519 -0.165250435 -0.0515915118
v -0.158380836 -0.165268764 -0.0514916889
v -0.158729717 -0.171258524 -0.0514600277
v -0.158380836 -0.165268764 -0.0514916889
v -0.15839386 -0.171277851 -0.0514164306
v -0.158729717 -0.171258524 -0.0514600277
v -0.158662364 -0.165437907 -0.086590983
v -0.158338681 -0.165456235 -0.0864911601
v -0.158687562 -0.171445996 -0.0864594951
v -0.158338681 -0.165456235 -0.0864911601
v -0.158351704 -0.171465322 -0.0864159018
v -0.158687562 -0.171445996 -0.0864594951
v -0.158657894 -0.165457785 -0.0903024822
v -0.158333972 -0.165477172 -0.0904013216
v -0.157571316 -0.165549368 -0.0956539735
v -0.158333972 -0.165477172 -0.0904013216
v -0.157998011 -0.16549696 -0.0904439017
v -0.157571316 -0.165549368 -0.0956539735
v -0.157571316 -0.165549368 -0.0956539735
v -0.157998011 -0.16549696 -0.0904439017
v -0.157136247 -0.165575966 -0.0958939716
v -0.157998011 -0.16549696 -0.0904439017
v -0.15765968 -0.1655166 -0.0904289931
v -0.157136247 -0.165575966 -0.0958939716
v -0.157136247 -0.165575966 -0.0958939716
v -0.15765968 -0.1655166 -0.0904289931
v -0.156667545 -0.165604144 -0.096058622
v -0.15765968 -0.1655166 -0.0904289931
v -0.15732871 -0.165535495 -0.0903570205
v -0.156667545 -0.165604144 -0.096058622
v -0.156667545 -0.165604144 -0.096058622
v -0.15732871 -0.165535495 -0.0903570205
v -0.156178102 -0.165633097 -0.0961434022
v -0.15732871 -0.165535495 -0.0903570205
v -0.155681372 -0.16566205 -0.0961459726
v -0.156178102 -0.165633097 -0.0961434022
v -0.158725008 -0.17127946 -0.0553701892
v -0.15904893 -0.171260074 -0.0552713498
v -0.158351704 -0.171465322 -0.0864159018
v -0.15904893 -0.171260074 -0.0552713498
v -0.158725008 -0.17127946 -0.0553701892
v -0.158376127 -0.1652897 -0.0554018542
v -0.158725008 -0.17127946 -0.0553701892
v -0.158040166 -0.165309489 -0.0554444306
v -0.158376127 -0.1652897 -0.0554018542
v -0.158682838 -0.171466932 -0.0903696567
v -0.159006774 -0.171447545 -0.0902708247
v -0.157920197 -0.171539128 -0.0956223086
v -0.159006774 -0.171447545 -0.0902708247
v -0.158682838 -0.171466932 -0.0903696567
v -0.158333972 -0.165477172 -0.0904013216
v -0.158682838 -0.171466932 -0.0903696567
v -0.157998011 -0.16549696 -0.0904439017
v -0.158333972 -0.165477172 -0.0904013216
v -0.160074517 -0.197223738 -0.051293876
v -0.160405487 -0.197204843 -0.0513658449
v -0.187771127 -0.195621237 -0.0533196516
v -0.160405487 -0.197204843 -0.0513658449
v -0.160074517 -0.197223738 -0.051293876
v -0.160423398 -0.203213513 -0.0512622111
v -0.160074517 -0.197223738 -0.051293876
v -0.160085082 -0.203233138 -0.0512473024
v -0.160423398 -0.203213513 -0.0512622111
v -0.160363331 -0.197392315 -0.0863653123
v -0.160032362 -0.197411209 -0.0862933472
v -0.160381243 -0.203400984 -0.0862616822
v -0.160032362 -0.197411209 -0.0862933472
v -0.160042912 -0.203420609 -0.0862467736
v -0.160381243 -0.203400984 -0.0862616822
v -0.16041863 -0.203234762 -0.0552297533
v -0.160749763 -0.203215092 -0.0551587902
v -0.160381243 -0.203400984 -0.0862616822
v -0.160749763 -0.203215092 -0.0551587902
v -0.160712212 -0.203382075 -0.0863336548
v -0.160381243 -0.203400984 -0.0862616822
v -0.160749763 -0.203215092 -0.0551587902
v -0.16041863 -0.203234762 -0.0552297533
v -0.160069749 -0.197245002 -0.0552614182
v -0.16041863 -0.203234762 -0.0552297533
v -0.159731388 -0.197264776 -0.0552752987
v -0.160069749 -0.197245002 -0.0552614182
v -0.160376459 -0.203422233 -0.0902292281
v -0.160707608 -0.203402564 -0.0901582614
v -0.15978089 -0.203484535 -0.0954534337
v -0.160707608 -0.203402564 -0.0901582614
v -0.160376459 -0.203422233 -0.0902292281
v -0.160027578 -0.197432473 -0.0902608931
v -0.160376459 -0.203422233 -0.0902292281
v -0.159689218 -0.197452247 -0.0902747735
v -0.160027578 -0.197432473 -0.0902608931
v -0.158380836 -0.165268764 -0.0514916889
v -0.158044979 -0.165288091 -0.0514480919
v -0.15839386 -0.171277851 -0.0514164306
v -0.158044979 -0.165288091 -0.0514480919
v -0.158055499 -0.17129764 -0.0514303148
v -0.15839386 -0.171277851 -0.0514164306
v -0.158376127 -0.1652897 -0.0554018542
v -0.158040166 -0.165309489 -0.0554444306
v -0.185917422 -0.163676307 -0.0536581427
v -0.158040166 -0.165309489 -0.0554444306
v -0.158338681 -0.165456235 -0.0864911601
v -0.185917422 -0.163676307 -0.0536581427
v -0.158002824 -0.165475562 -0.0864475667
v -0.158338681 -0.165456235 -0.0864911601
v -0.158040166 -0.165309489 -0.0554444306
v -0.158338681 -0.165456235 -0.0864911601
v -0.158002824 -0.165475562 -0.0864475667
v -0.158351704 -0.171465322 -0.0864159018
v -0.158002824 -0.165475562 -0.0864475667
v -0.158013344 -0.171485111 -0.0864297897
v -0.158351704 -0.171465322 -0.0864159018
v -0.158729717 -0.171258524 -0.0514600277
v -0.15839386 -0.171277851 -0.0514164306
v -0.153321207 -0.171557412 -0.0484069735
v -0.15839386 -0.171277851 -0.0514164306
v -0.158055499 -0.17129764 -0.0514303148
v -0.153321207 -0.171557412 -0.0484069735
v -0.153321207 -0.171557412 -0.0484069735
v -0.158055499 -0.17129764 -0.0514303148
v -0.157724366 -0.171317294 -0.0515012778
v -0.158389047 -0.171299264 -0.0554127656
v -0.158725008 -0.17127946 -0.0553701892
v -0.158351704 -0.171465322 -0.0864159018
v -0.158725008 -0.17127946 -0.0553701892
v -0.158389047 -0.171299264 -0.0554127656
v -0.158040166 -0.165309489 -0.0554444306
v -0.158389047 -0.171299264 -0.0554127656
v -0.157701835 -0.165329129 -0.0554295182
v -0.158040166 -0.165309489 -0.0554444306
v -0.158346877 -0.171486735 -0.0904122368
v -0.158682838 -0.171466932 -0.0903696567
v -0.157920197 -0.171539128 -0.0956223086
v -0.158682838 -0.171466932 -0.0903696567
v -0.158346877 -0.171486735 -0.0904122368
v -0.157998011 -0.16549696 -0.0904439017
v -0.158346877 -0.171486735 -0.0904122368
v -0.15765968 -0.1655166 -0.0904289931
v -0.157998011 -0.16549696 -0.0904439017
v -0.160074517 -0.197223738 -0.051293876
v -0.159736201 -0.197243378 -0.0512789637
v -0.160085082 -0.203233138 -0.0512473024
v -0.159736201 -0.197243378 -0.0512789637
v -0.15974912 -0.203252926 -0.0512898788
v -0.160085082 -0.203233138 -0.0512473024
v -0.160032362 -0.197411209 -0.0862933472
v -0.159694031 -0.197430849 -0.0862784386
v -0.160042912 -0.203420609 -0.0862467736
v -0.159694031 -0.197430849 -0.0862784386
v -0.15970695 -0.203440398 -0.0862893537
v -0.160042912 -0.203420609 -0.0862467736
v -0.160027578 -0.197432473 -0.0902608931
v -0.159689218 -0.197452247 -0.0902747735
v -0.159432009 -0.197494775 -0.0954850987
v -0.159689218 -0.197452247 -0.0902747735
v -0.158996955 -0.197521389 -0.0957250968
v -0.159432009 -0.197494775 -0.0954850987
v -0.160080269 -0.203254536 -0.0552436374
v -0.16041863 -0.203234762 -0.0552297533
v -0.160381243 -0.203400984 -0.0862616822
v -0.16041863 -0.203234762 -0.0552297533
v -0.160080269 -0.203254536 -0.0552436374
v -0.159731388 -0.197264776 -0.0552752987
v -0.160080269 -0.203254536 -0.0552436374
v -0.159395531 -0.197284102 -0.0552317053
v -0.159731388 -0.197264776 -0.0552752987
v -0.160381243 -0.203400984 -0.0862616822
v -0.160042912 -0.203420609 -0.0862467736
v -0.160080269 -0.203254536 -0.0552436374
v -0.160042912 -0.203420609 -0.0862467736
v -0.159744412 -0.203273878 -0.0552000403
v -0.160080269 -0.203254536 -0.0552436374
v -0.160038099 -0.203442007 -0.0902431086
v -0.160376459 -0.203422233 -0.0902292281
v -0.15978089 -0.203484535 -0.0954534337
v -0.160376459 -0.203422233 -0.0902292281
v -0.160038099 -0.203442007 -0.0902431086
v -0.159689218 -0.197452247 -0.0902747735
v -0.160038099 -0.203442007 -0.0902431086
v -0.159353361 -0.197471574 -0.0902311727
v -0.159689218 -0.197452247 -0.0902747735
v -0.157706618 -0.165307865 -0.051461976
v -0.158044979 -0.165288091 -0.0514480919
v -0.152978346 -0.165540859 -0.043438714
v -0.158044979 -0.165288091 -0.0514480919
v -0.157706618 -0.165307865 -0.051461976
v -0.158055499 -0.17129764 -0.0514303148
v -0.157706618 -0.165307865 -0.051461976
v -0.157724366 -0.171317294 -0.0515012778
v -0.158055499 -0.17129764 -0.0514303148
v -0.158040166 -0.165309489 -0.0554444306
v -0.157701835 -0.165329129 -0.0554295182
v -0.157664463 -0.165495336 -0.0864614472
v -0.157701835 -0.165329129 -0.0554295182
v -0.15737088 -0.165348023 -0.0553575493
v -0.157664463 -0.165495336 -0.0864614472
v -0.157664463 -0.165495336 -0.0864614472
v -0.15737088 -0.165348023 -0.0553575493
v -0.157333329 -0.165515006 -0.086532414
v -0.15737088 -0.165348023 -0.0553575493
v -0.157018945 -0.165533975 -0.0866584182
v -0.157333329 -0.165515006 -0.086532414
v -0.157664463 -0.165495336 -0.0864614472
v -0.158002824 -0.165475562 -0.0864475667
v -0.158040166 -0.165309489 -0.0554444306
v -0.158002824 -0.165475562 -0.0864475667
v -0.157664463 -0.165495336 -0.0864614472
v -0.158013344 -0.171485111 -0.0864297897
v -0.157664463 -0.165495336 -0.0864614472
v -0.15768221 -0.171504766 -0.086500749
v -0.158013344 -0.171485111 -0.0864297897
v -0.158050716 -0.171318889 -0.055397857
v -0.158389047 -0.171299264 -0.0554127656
v -0.158351704 -0.171465322 -0.0864159018
v -0.158389047 -0.171299264 -0.0554127656
v -0.158050716 -0.171318889 -0.055397857
v -0.157701835 -0.165329129 -0.0554295182
v -0.158050716 -0.171318889 -0.055397857
v -0.15737088 -0.165348023 -0.0553575493
v -0.157701835 -0.165329129 -0.0554295182
v -0.158351704 -0.171465322 -0.0864159018
v -0.158013344 -0.171485111 -0.0864297897
v -0.158050716 -0.171318889 -0.055397857
v -0.158013344 -0.171485111 -0.0864297897
v -0.157719761 -0.171337783 -0.0553258881
v -0.158050716 -0.171318889 -0.055397857
v -0.158008561 -0.17150636 -0.0903973281
v -0.158346877 -0.171486735 -0.0904122368
v -0.157920197 -0.171539128 -0.0956223086
v -0.158346877 -0.171486735 -0.0904122368
v -0.158008561 -0.17150636 -0.0903973281
v -0.15765968 -0.1655166 -0.0904289931
v -0.158008561 -0.17150636 -0.0903973281
v -0.15732871 -0.165535495 -0.0903570205
v -0.15765968 -0.1655166 -0.0904289931
v -0.159736201 -0.197243378 -0.0512789637
v -0.15940024 -0.197263166 -0.0513215438
v -0.15974912 -0.203252926 -0.0512898788
v -0.15940024 -0.197263166 -0.0513215438
v -0.159425184 -0.203272313 -0.0513887182
v -0.15974912 -0.203252926 -0.0512898788
v -0.159358069 -0.197450638 -0.0863210112
v -0.159694031 -0.197430849 -0.0862784386
v -0.159071848 -0.197302431 -0.0551318824
v -0.159694031 -0.197430849 -0.0862784386
v -0.159395531 -0.197284102 -0.0552317053
v -0.159071848 -0.197302431 -0.0551318824
v -0.159694031 -0.197430849 -0.0862784386
v -0.159358069 -0.197450638 -0.0863210112
v -0.15970695 -0.203440398 -0.0862893537
v -0.159358069 -0.197450638 -0.0863210112
v -0.159383029 -0.203459784 -0.0863881931
v -0.15970695 -0.203440398 -0.0862893537
v -0.159689218 -0.197452247 -0.0902747735
v -0.159353361 -0.197471574 -0.0902311727
v -0.158996955 -0.197521389 -0.0957250968
v -0.159353361 -0.197471574 -0.0902311727
v -0.158528239 -0.197549552 -0.0958897471
v -0.158996955 -0.197521389 -0.0957250968
v -0.160085082 -0.203233138 -0.0512473024
v -0.15974912 -0.203252926 -0.0512898788
v -0.15518792 -0.203476042 -0.0432381779
v -0.15974912 -0.203252926 -0.0512898788
v -0.159425184 -0.203272313 -0.0513887182
v -0.15518792 -0.203476042 -0.0432381779
v -0.15518792 -0.203476042 -0.0432381779
v -0.159425184 -0.203272313 -0.0513887182
v -0.159122616 -0.203290746 -0.0515409783
v -0.160080269 -0.203254536 -0.0552436374
v -0.159744412 -0.203273878 -0.0552000403
v -0.159395531 -0.197284102 -0.0552317053
v -0.159744412 -0.203273878 -0.0552000403
v -0.159071848 -0.197302431 -0.0551318824
v -0.159395531 -0.197284102 -0.0552317053
v -0.160042912 -0.203420609 -0.0862467736
v -0.15970695 -0.203440398 -0.0862893537
v -0.159420714 -0.203292191 -0.0551002175
v -0.15970695 -0.203440398 -0.0862893537
v -0.159383029 -0.203459784 -0.0863881931
v -0.159420714 -0.203292191 -0.0551002175
v -0.159420714 -0.203292191 -0.0551002175
v -0.159383029 -0.203459784 -0.0863881931
v -0.159080461 -0.203478217 -0.0865404531
v -0.159702241 -0.203461349 -0.0901995152
v -0.160038099 -0.203442007 -0.0902431086
v -0.15978089 -0.203484535 -0.0954534337
v -0.160038099 -0.203442007 -0.0902431086
v -0.159702241 -0.203461349 -0.0901995152
v -0.159353361 -0.197471574 -0.0902311727
v -0.159702241 -0.203461349 -0.0901995152
v -0.159029678 -0.197489902 -0.0901313573
v -0.159353361 -0.197471574 -0.0902311727
v -0.157375485 -0.165327534 -0.0515329428
v -0.157706618 -0.165307865 -0.051461976
v -0.152978346 -0.165540859 -0.043438714
v -0.157706618 -0.165307865 -0.051461976
v -0.157375485 -0.165327534 -0.0515329428
v -0.157724366 -0.171317294 -0.0515012778
v -0.157375485 -0.165327534 -0.0515329428
v -0.157409981 -0.171336278 -0.0516272821
v -0.157724366 -0.171317294 -0.0515012778
v -0.157664463 -0.165495336 -0.0864614472
v -0.157333329 -0.165515006 -0.086532414
v -0.15768221 -0.171504766 -0.086500749
v -0.157333329 -0.165515006 -0.086532414
v -0.157367826 -0.17152375 -0.0866267532
v -0.15768221 -0.171504766 -0.086500749
v -0.158050716 -0.171318889 -0.055397857
v -0.157719761 -0.171337783 -0.0553258881
v -0.15737088 -0.165348023 -0.0553575493
v -0.157719761 -0.171337783 -0.0553258881
v -0.157056794 -0.165365636 -0.0552305952
v -0.15737088 -0.165348023 -0.0553575493
v -0.158013344 -0.171485111 -0.0864297897
v -0.15768221 -0.171504766 -0.086500749
v -0.157719761 -0.171337783 -0.0553258881
v -0.15768221 -0.171504766 -0.086500749
v -0.157367826 -0.17152375 -0.0866267532
v -0.157719761 -0.171337783 -0.0553258881
v -0.157719761 -0.171337783 -0.0553258881
v -0.157367826 -0.17152375 -0.0866267532
v -0.157079235 -0.171541497 -0.0868041739
v -0.157677591 -0.171525255 -0.0903253555
v -0.158008561 -0.17150636 -0.0903973281
v -0.157016426 -0.171593904 -0.096026957
v -0.158008561 -0.17150636 -0.0903973281
v -0.157485127 -0.171565741 -0.0958623067
v -0.157016426 -0.171593904 -0.096026957
v -0.158008561 -0.17150636 -0.0903973281
v -0.157677591 -0.171525255 -0.0903253555
v -0.15732871 -0.165535495 -0.0903570205
v -0.157677591 -0.171525255 -0.0903253555
v -0.157014638 -0.165553108 -0.0902300626
v -0.15732871 -0.165535495 -0.0903570205
v -0.157920197 -0.171539128 -0.0956223086
v -0.157485127 -0.171565741 -0.0958623067
v -0.158008561 -0.17150636 -0.0903973281
v -0.15978089 -0.203484535 -0.0954534337
v -0.159345821 -0.203511149 -0.0956934318
v -0.159702241 -0.203461349 -0.0901995152
v -0.159345821 -0.203511149 -0.0956934318
v -0.158877119 -0.203539312 -0.0958580896
v -0.159702241 -0.203461349 -0.0901995152
v -0.159702241 -0.203461349 -0.0901995152
v -0.158877119 -0.203539312 -0.0958580896
v -0.158387676 -0.20356828 -0.0959428698
v -0.159076318 -0.197282553 -0.0514203832
v -0.15940024 -0.197263166 -0.0513215438
v -0.154833019 -0.197513059 -0.0482697673
v -0.15940024 -0.197263166 -0.0513215438
v -0.159076318 -0.197282553 -0.0514203832
v -0.159425184 -0.203272313 -0.0513887182
v -0.159076318 -0.197282553 -0.0514203832
v -0.159122616 -0.203290746 -0.0515409783
v -0.159425184 -0.203272313 -0.0513887182
v -0.159034148 -0.197470024 -0.086419858
v -0.159358069 -0.197450638 -0.0863210112
v -0.159071848 -0.197302431 -0.0551318824
v -0.159358069 -0.197450638 -0.0863210112
v -0.159034148 -0.197470024 -0.086419858
v -0.159383029 -0.203459784 -0.0863881931
v -0.159034148 -0.197470024 -0.086419858
v -0.159080461 -0.203478217 -0.0865404531
v -0.159383029 -0.203459784 -0.0863881931
v -0.159353361 -0.197471574 -0.0902311727
v -0.159029678 -0.197489902 -0.0901313573
v -0.157542065 -0.197607458 -0.0959770977
v -0.159029678 -0.197489902 -0.0901313573
v -0.157051712 -0.197635591 -0.0958973989
v -0.157542065 -0.197607458 -0.0959770977
v -0.159420714 -0.203292191 -0.0551002175
v -0.159744412 -0.203273878 -0.0552000403
v -0.160042912 -0.203420609 -0.0862467736
v -0.159744412 -0.203273878 -0.0552000403
v -0.159420714 -0.203292191 -0.0551002175
v -0.159071848 -0.197302431 -0.0551318824
v -0.159420714 -0.203292191 -0.0551002175
v -0.158769637 -0.197319224 -0.0549787059
v -0.159071848 -0.197302431 -0.0551318824
v -0.159378558 -0.203479663 -0.0900996923
v -0.159702241 -0.203461349 -0.0901995152
v -0.157890946 -0.203597218 -0.0959454402
v -0.159702241 -0.203461349 -0.0901995152
v -0.158387676 -0.20356828 -0.0959428698
v -0.157890946 -0.203597218 -0.0959454402
v -0.159702241 -0.203461349 -0.0901995152
v -0.159378558 -0.203479663 -0.0900996923
v -0.159029678 -0.197489902 -0.0901313573
v -0.159378558 -0.203479663 -0.0900996923
v -0.158727482 -0.197506696 -0.0899781808
v -0.159029678 -0.197489902 -0.0901313573
v -0.1570611 -0.165346503 -0.051658947
v -0.157375485 -0.165327534 -0.0515329428
v -0.152978346 -0.165540859 -0.043438714
v -0.157375485 -0.165327534 -0.0515329428
v -0.1570611 -0.165346503 -0.051658947
v -0.157409981 -0.171336278 -0.0516272821
v -0.1570611 -0.165346503 -0.051658947
v -0.15712139 -0.171354026 -0.051804699
v -0.157409981 -0.171336278 -0.0516272821
v -0.15737088 -0.165348023 -0.0553575493
v -0.157056794 -0.165365636 -0.0552305952
v -0.152918458 -0.165807143 -0.0931505635
v -0.157056794 -0.165365636 -0.0552305952
v -0.15676865 -0.165381476 -0.0550523028
v -0.152918458 -0.165807143 -0.0931505635
v -0.152918458 -0.165807143 -0.0931505635
v -0.15676865 -0.165381476 -0.0550523028
v -0.156514704 -0.165395081 -0.0548278056
v -0.157333329 -0.165515006 -0.086532414
v -0.157018945 -0.165533975 -0.0866584182
v -0.157367826 -0.17152375 -0.0866267532
v -0.157018945 -0.165533975 -0.0866584182
v -0.157079235 -0.171541497 -0.0868041739
v -0.157367826 -0.17152375 -0.0866267532
v -0.15732871 -0.165535495 -0.0903570205
v -0.157014638 -0.165553108 -0.0902300626
v -0.155191019 -0.165690184 -0.0960662663
v -0.157014638 -0.165553108 -0.0902300626
v -0.154720545 -0.165716738 -0.0959064811
v -0.155191019 -0.165690184 -0.0960662663
v -0.157724366 -0.171317294 -0.0515012778
v -0.157409981 -0.171336278 -0.0516272821
v -0.153321207 -0.171557412 -0.0484069735
v -0.157409981 -0.171336278 -0.0516272821
v -0.15712139 -0.171354026 -0.051804699
v -0.153321207 -0.171557412 -0.0484069735
v -0.153321207 -0.171557412 -0.0484069735
v -0.15712139 -0.171354026 -0.051804699
v -0.156866908 -0.171370029 -0.052028425
v -0.157405674 -0.171355411 -0.0551989302
v -0.157719761 -0.171337783 -0.0553258881
v -0.153267339 -0.171796903 -0.0931188986
v -0.157719761 -0.171337783 -0.0553258881
v -0.15633297 -0.17159079 -0.087907061
v -0.153267339 -0.171796903 -0.0931188986
v -0.153267339 -0.171796903 -0.0931188986
v -0.15633297 -0.17159079 -0.087907061
v -0.156275332 -0.171595916 -0.0882413164
v -0.157719761 -0.171337783 -0.0553258881
v -0.157405674 -0.171355411 -0.0551989302
v -0.157056794 -0.165365636 -0.0552305952
v -0.157405674 -0.171355411 -0.0551989302
v -0.15676865 -0.165381476 -0.0550523028
v -0.157056794 -0.165365636 -0.0552305952
v -0.157363519 -0.171542883 -0.0901984051
v -0.157677591 -0.171525255 -0.0903253555
v -0.1555399 -0.171679944 -0.0960346088
v -0.157677591 -0.171525255 -0.0903253555
v -0.156030253 -0.17165181 -0.0961143076
v -0.1555399 -0.171679944 -0.0960346088
v -0.157677591 -0.171525255 -0.0903253555
v -0.157363519 -0.171542883 -0.0901984051
v -0.157014638 -0.165553108 -0.0902300626
v -0.157363519 -0.171542883 -0.0901984051
v -0.15672648 -0.165568948 -0.0900517777
v -0.157014638 -0.165553108 -0.0902300626
v -0.158773735 -0.197300985 -0.0515726395
v -0.159076318 -0.197282553 -0.0514203832
v -0.154833019 -0.197513059 -0.0482697673
v -0.159076318 -0.197282553 -0.0514203832
v -0.158773735 -0.197300985 -0.0515726395
v -0.159122616 -0.203290746 -0.0515409783
v -0.158773735 -0.197300985 -0.0515726395
v -0.158850104 -0.203307688 -0.051742278
v -0.159122616 -0.203290746 -0.0515409783
v -0.159071848 -0.197302431 -0.0551318824
v -0.158769637 -0.197319224 -0.0549787059
v -0.154779151 -0.19775255 -0.0929816887
v -0.158769637 -0.197319224 -0.0549787059
v -0.158497602 -0.197334006 -0.0547765829
v -0.154779151 -0.19775255 -0.0929816887
v -0.154779151 -0.19775255 -0.0929816887
v -0.158497602 -0.197334006 -0.0547765829
v -0.158263579 -0.197346345 -0.0545313284
v -0.15873158 -0.197488457 -0.0865721107
v -0.159034148 -0.197470024 -0.086419858
v -0.159071848 -0.197302431 -0.0551318824
v -0.159034148 -0.197470024 -0.086419858
v -0.15873158 -0.197488457 -0.0865721107
v -0.159080461 -0.203478217 -0.0865404531
v -0.15873158 -0.197488457 -0.0865721107
v -0.158807948 -0.20349516 -0.0867417455
v -0.159080461 -0.203478217 -0.0865404531
v -0.159029678 -0.197489902 -0.0901313573
v -0.158727482 -0.197506696 -0.0899781808
v -0.156143576 -0.197686404 -0.0955021307
v -0.158727482 -0.197506696 -0.0899781808
v -0.155750766 -0.197707668 -0.0951974392
v -0.156143576 -0.197686404 -0.0955021307
v -0.159118518 -0.203308985 -0.054947041
v -0.159420714 -0.203292191 -0.0551002175
v -0.158243492 -0.203532442 -0.0875759423
v -0.159420714 -0.203292191 -0.0551002175
v -0.158383355 -0.203522667 -0.0872670487
v -0.158243492 -0.203532442 -0.0875759423
v -0.159420714 -0.203292191 -0.0551002175
v -0.159118518 -0.203308985 -0.054947041
v -0.158769637 -0.197319224 -0.0549787059
v -0.159118518 -0.203308985 -0.054947041
v -0.158497602 -0.197334006 -0.0547765829
v -0.158769637 -0.197319224 -0.0549787059
v -0.159076363 -0.203496456 -0.0899465159
v -0.159378558 -0.203479663 -0.0900996923
v -0.156492457 -0.203676164 -0.0954704657
v -0.159378558 -0.203479663 -0.0900996923
v -0.156930119 -0.20365192 -0.0957059488
v -0.156492457 -0.203676164 -0.0954704657
v -0.159378558 -0.203479663 -0.0900996923
v -0.159076363 -0.203496456 -0.0899465159
v -0.158727482 -0.197506696 -0.0899781808
v -0.159076363 -0.203496456 -0.0899465159
v -0.158455446 -0.197521478 -0.089776054
v -0.158727482 -0.197506696 -0.0899781808
v -0.156772524 -0.165364251 -0.0518363602
v -0.1570611 -0.165346503 -0.051658947
v -0.152978346 -0.165540859 -0.043438714
v -0.1570611 -0.165346503 -0.051658947
v -0.156772524 -0.165364251 -0.0518363602
v -0.15712139 -0.171354026 -0.051804699
v -0.156772524 -0.165364251 -0.0518363602
v -0.156866908 -0.171370029 -0.052028425
v -0.15712139 -0.171354026 -0.051804699
v -0.156730354 -0.165551722 -0.0868358389
v -0.157018945 -0.165533975 -0.0866584182
v -0.15737088 -0.165348023 -0.0553575493
v -0.157018945 -0.165533975 -0.0866584182
v -0.156730354 -0.165551722 -0.0868358389
v -0.157079235 -0.171541497 -0.0868041739
v -0.156730354 -0.165551722 -0.0868358389
v -0.156824753 -0.171557501 -0.0870278999
v -0.157079235 -0.171541497 -0.0868041739
v -0.157014638 -0.165553108 -0.0902300626
v -0.15672648 -0.165568948 -0.0900517777
v -0.15328072 -0.165793613 -0.0945845023
v -0.15672648 -0.165568948 -0.0900517777
v -0.153080925 -0.165802851 -0.0941288844
v -0.15328072 -0.165793613 -0.0945845023
v -0.157117516 -0.171371251 -0.0550206378
v -0.157405674 -0.171355411 -0.0551989302
v -0.153267339 -0.171796903 -0.0931188986
v -0.157405674 -0.171355411 -0.0551989302
v -0.157117516 -0.171371251 -0.0550206378
v -0.15676865 -0.165381476 -0.0550523028
v -0.157117516 -0.171371251 -0.0550206378
v -0.156514704 -0.165395081 -0.0548278056
v -0.15676865 -0.165381476 -0.0550523028
v -0.15707536 -0.171558723 -0.0900201127
v -0.157363519 -0.171542883 -0.0901984051
v -0.153901801 -0.171769723 -0.0949691311
v -0.157363519 -0.171542883 -0.0901984051
v -0.154238954 -0.171752021 -0.0953346491
v -0.153901801 -0.171769723 -0.0949691311
v -0.157363519 -0.171542883 -0.0901984051
v -0.15707536 -0.171558723 -0.0900201127
v -0.15672648 -0.165568948 -0.0900517777
v -0.15707536 -0.171558723 -0.0900201127
v -0.156472534 -0.165582553 -0.0898272768
v -0.15672648 -0.165568948 -0.0900517777
v -0.158501223 -0.197317913 -0.0517739393
v -0.158773735 -0.197300985 -0.0515726395
v -0.154833019 -0.197513059 -0.0482697673
v -0.158773735 -0.197300985 -0.0515726395
v -0.158501223 -0.197317913 -0.0517739393
v -0.158850104 -0.203307688 -0.051742278
v -0.158501223 -0.197317913 -0.0517739393
v -0.158615485 -0.203322634 -0.051986821
v -0.158850104 -0.203307688 -0.051742278
v -0.158459067 -0.197505385 -0.0867734104
v -0.15873158 -0.197488457 -0.0865721107
v -0.159071848 -0.197302431 -0.0551318824
v -0.15873158 -0.197488457 -0.0865721107
v -0.158459067 -0.197505385 -0.0867734104
v -0.158807948 -0.20349516 -0.0867417455
v -0.158459067 -0.197505385 -0.0867734104
v -0.158573329 -0.203510106 -0.0869862959
v -0.158807948 -0.20349516 -0.0867417455
v -0.158727482 -0.197506696 -0.0899781808
v -0.158455446 -0.197521478 -0.089776054
v -0.155141413 -0.197739035 -0.0944156349
v -0.158455446 -0.197521478 -0.089776054
v -0.154941618 -0.197748259 -0.093960017
v -0.155141413 -0.197739035 -0.0944156349
v -0.159122616 -0.203290746 -0.0515409783
v -0.158850104 -0.203307688 -0.051742278
v -0.15518792 -0.203476042 -0.0432381779
v -0.158850104 -0.203307688 -0.051742278
v -0.158615485 -0.203322634 -0.051986821
v -0.15518792 -0.203476042 -0.0432381779
v -0.15518792 -0.203476042 -0.0432381779
v -0.158615485 -0.203322634 -0.051986821
v -0.15842551 -0.203335196 -0.0522675775
v -0.158846483 -0.203323767 -0.0547449179
v -0.159118518 -0.203308985 -0.054947041
v -0.158243492 -0.203532442 -0.0875759423
v -0.159118518 -0.203308985 -0.054947041
v -0.158846483 -0.203323767 -0.0547449179
v -0.158497602 -0.197334006 -0.0547765829
v -0.158846483 -0.203323767 -0.0547449179
v -0.158263579 -0.197346345 -0.0545313284
v -0.158497602 -0.197334006 -0.0547765829
v -0.159080461 -0.203478217 -0.0865404531
v -0.158807948 -0.20349516 -0.0867417455
v -0.159420714 -0.203292191 -0.0551002175
v -0.158807948 -0.20349516 -0.0867417455
v -0.158573329 -0.203510106 -0.0869862959
v -0.159420714 -0.203292191 -0.0551002175
v -0.159420714 -0.203292191 -0.0551002175
v -0.158573329 -0.203510106 -0.0869862959
v -0.158383355 -0.203522667 -0.0872670487
v -0.158804327 -0.203511238 -0.0897443891
v -0.159076363 -0.203496456 -0.0899465159
v -0.155490294 -0.203728795 -0.0943839699
v -0.159076363 -0.203496456 -0.0899465159
v -0.155762509 -0.203715146 -0.0948002636
v -0.155490294 -0.203728795 -0.0943839699
v -0.159076363 -0.203496456 -0.0899465159
v -0.158804327 -0.203511238 -0.0897443891
v -0.158455446 -0.197521478 -0.089776054
v -0.158804327 -0.203511238 -0.0897443891
v -0.158221424 -0.197533816 -0.0895307958
v -0.158455446 -0.197521478 -0.089776054
v -0.156518027 -0.165380269 -0.05206009
v -0.156772524 -0.165364251 -0.0518363602
v -0.152978346 -0.165540859 -0.043438714
v -0.156772524 -0.165364251 -0.0518363602
v -0.156518027 -0.165380269 -0.05206009
v -0.156866908 -0.171370029 -0.052028425
v -0.156518027 -0.165380269 -0.05206009
v -0.156653851 -0.171383828 -0.0522920266
v -0.156866908 -0.171370029 -0.052028425
v -0.156475872 -0.165567741 -0.0870595649
v -0.156730354 -0.165551722 -0.0868358389
v -0.15737088 -0.165348023 -0.0553575493
v -0.156730354 -0.165551722 -0.0868358389
v -0.156475872 -0.165567741 -0.0870595649
v -0.156824753 -0.171557501 -0.0870278999
v -0.156475872 -0.165567741 -0.0870595649
v -0.156611696 -0.171571299 -0.0872915015
v -0.156824753 -0.171557501 -0.0870278999
v -0.15672648 -0.165568948 -0.0900517777
v -0.156472534 -0.165582553 -0.0898272768
v -0.152918458 -0.165807143 -0.0931505635
v -0.156472534 -0.165582553 -0.0898272768
v -0.156260118 -0.165593535 -0.0895630345
v -0.152918458 -0.165807143 -0.0931505635
v -0.152918458 -0.165807143 -0.0931505635
v -0.156260118 -0.165593535 -0.0895630345
v -0.156095311 -0.165601566 -0.0892666355
v -0.156863585 -0.171384856 -0.0547961406
v -0.157117516 -0.171371251 -0.0550206378
v -0.153267339 -0.171796903 -0.0931188986
v -0.157117516 -0.171371251 -0.0550206378
v -0.156863585 -0.171384856 -0.0547961406
v -0.156514704 -0.165395081 -0.0548278056
v -0.156863585 -0.171384856 -0.0547961406
v -0.156302273 -0.165406063 -0.0545635559
v -0.156514704 -0.165395081 -0.0548278056
v -0.157079235 -0.171541497 -0.0868041739
v -0.156824753 -0.171557501 -0.0870278999
v -0.157719761 -0.171337783 -0.0553258881
v -0.156824753 -0.171557501 -0.0870278999
v -0.156611696 -0.171571299 -0.0872915015
v -0.157719761 -0.171337783 -0.0553258881
v -0.157719761 -0.171337783 -0.0553258881
v -0.156611696 -0.171571299 -0.0872915015
v -0.156446174 -0.171582505 -0.0875873938
v -0.156821415 -0.171572328 -0.0897956118
v -0.15707536 -0.171558723 -0.0900201127
v -0.15330793 -0.171797156 -0.0936148241
v -0.15707536 -0.171558723 -0.0900201127
v -0.153429806 -0.171792611 -0.0940972269
v -0.15330793 -0.171797156 -0.0936148241
v -0.15707536 -0.171558723 -0.0900201127
v -0.156821415 -0.171572328 -0.0897956118
v -0.156472534 -0.165582553 -0.0898272768
v -0.156821415 -0.171572328 -0.0897956118
v -0.156260118 -0.165593535 -0.0895630345
v -0.156472534 -0.165582553 -0.0898272768
v -0.157016426 -0.171593904 -0.096026957
v -0.156526983 -0.171622857 -0.0961117372
v -0.157677591 -0.171525255 -0.0903253555
v -0.156526983 -0.171622857 -0.0961117372
v -0.156030253 -0.17165181 -0.0961143076
v -0.157677591 -0.171525255 -0.0903253555
v -0.158038795 -0.197578505 -0.0959745347
v -0.158528239 -0.197549552 -0.0958897471
v -0.159353361 -0.197471574 -0.0902311727
v -0.158266604 -0.197332874 -0.052018486
v -0.158501223 -0.197317913 -0.0517739393
v -0.154833019 -0.197513059 -0.0482697673
v -0.158501223 -0.197317913 -0.0517739393
v -0.158266604 -0.197332874 -0.052018486
v -0.158615485 -0.203322634 -0.051986821
v -0.158266604 -0.197332874 -0.052018486
v -0.15842551 -0.203335196 -0.0522675775
v -0.158615485 -0.203322634 -0.051986821
v -0.158224449 -0.197520345 -0.0870179534
v -0.158459067 -0.197505385 -0.0867734104
v -0.159071848 -0.197302431 -0.0551318824
v -0.158459067 -0.197505385 -0.0867734104
v -0.158224449 -0.197520345 -0.0870179534
v -0.158573329 -0.203510106 -0.0869862959
v -0.158224449 -0.197520345 -0.0870179534
v -0.158383355 -0.203522667 -0.0872670487
v -0.158573329 -0.203510106 -0.0869862959
v -0.158455446 -0.197521478 -0.089776054
v -0.158221424 -0.197533816 -0.0895307958
v -0.154779151 -0.19775255 -0.0929816887
v -0.158221424 -0.197533816 -0.0895307958
v -0.158032119 -0.197543353 -0.0892494693
v -0.154779151 -0.19775255 -0.0929816887
v -0.154779151 -0.19775255 -0.0929816887
v -0.158032119 -0.197543353 -0.0892494693
v -0.157893002 -0.19754982 -0.0889401436
v -0.15861246 -0.203336105 -0.0544996634
v -0.158846483 -0.203323767 -0.0547449179
v -0.158243492 -0.203532442 -0.0875759423
v -0.158846483 -0.203323767 -0.0547449179
v -0.15861246 -0.203336105 -0.0544996634
v -0.158263579 -0.197346345 -0.0545313284
v -0.15861246 -0.203336105 -0.0544996634
v -0.15807429 -0.197355881 -0.0542499945
v -0.158263579 -0.197346345 -0.0545313284
v -0.15857029 -0.203523576 -0.0894991308
v -0.158804327 -0.203511238 -0.0897443891
v -0.155168638 -0.203742564 -0.0934459493
v -0.158804327 -0.203511238 -0.0897443891
v -0.155290499 -0.203738019 -0.093928352
v -0.155168638 -0.203742564 -0.0934459493
v -0.158804327 -0.203511238 -0.0897443891
v -0.15857029 -0.203523576 -0.0894991308
v -0.158221424 -0.197533816 -0.0895307958
v -0.15857029 -0.203523576 -0.0894991308
v -0.158032119 -0.197543353 -0.0892494693
v -0.158221424 -0.197533816 -0.0895307958
v -0.15630497 -0.165394068 -0.0523236915
v -0.156518027 -0.165380269 -0.05206009
v -0.152978346 -0.165540859 -0.043438714
v -0.156518027 -0.165380269 -0.05206009
v -0.15630497 -0.165394068 -0.0523236915
v -0.156653851 -0.171383828 -0.0522920266
v -0.15630497 -0.165394068 -0.0523236915
v -0.156488329 -0.171395034 -0.0525879189
v -0.156653851 -0.171383828 -0.0522920266
v -0.156514704 -0.165395081 -0.0548278056
v -0.156302273 -0.165406063 -0.0545635559
v -0.152918458 -0.165807143 -0.0931505635
v -0.156302273 -0.165406063 -0.0545635559
v -0.156137466 -0.165414095 -0.0542671643
v -0.152918458 -0.165807143 -0.0931505635
v -0.152918458 -0.165807143 -0.0931505635
v -0.156137466 -0.165414095 -0.0542671643
v -0.156025037 -0.165418953 -0.0539471507
v -0.156262815 -0.165581539 -0.0873231664
v -0.156475872 -0.165567741 -0.0870595649
v -0.15737088 -0.165348023 -0.0553575493
v -0.156475872 -0.165567741 -0.0870595649
v -0.156262815 -0.165581539 -0.0873231664
v -0.156611696 -0.171571299 -0.0872915015
v -0.156262815 -0.165581539 -0.0873231664
v -0.156446174 -0.171582505 -0.0875873938
v -0.156611696 -0.171571299 -0.0872915015
v -0.156866908 -0.171370029 -0.052028425
v -0.156653851 -0.171383828 -0.0522920266
v -0.153321207 -0.171557412 -0.0484069735
v -0.156653851 -0.171383828 -0.0522920266
v -0.156488329 -0.171395034 -0.0525879189
v -0.153321207 -0.171557412 -0.0484069735
v -0.153321207 -0.171557412 -0.0484069735
v -0.156488329 -0.171395034 -0.0525879189
v -0.156375125 -0.171403319 -0.0529075898
v -0.156651154 -0.171395823 -0.0545318946
v -0.156863585 -0.171384856 -0.0547961406
v -0.153267339 -0.171796903 -0.0931188986
v -0.156863585 -0.171384856 -0.0547961406
v -0.156651154 -0.171395823 -0.0545318946
v -0.156302273 -0.165406063 -0.0545635559
v -0.156651154 -0.171395823 -0.0545318946
v -0.156137466 -0.165414095 -0.0542671643
v -0.156302273 -0.165406063 -0.0545635559
v -0.156608999 -0.171583295 -0.0895313695
v -0.156821415 -0.171572328 -0.0897956118
v -0.153267339 -0.171796903 -0.0931188986
v -0.156821415 -0.171572328 -0.0897956118
v -0.15330793 -0.171797156 -0.0936148241
v -0.153267339 -0.171796903 -0.0931188986
v -0.156821415 -0.171572328 -0.0897956118
v -0.156608999 -0.171583295 -0.0895313695
v -0.156260118 -0.165593535 -0.0895630345
v -0.156608999 -0.171583295 -0.0895313695
v -0.156095311 -0.165601566 -0.0892666355
v -0.156260118 -0.165593535 -0.0895630345
v -0.158076629 -0.197345421 -0.0522992425
v -0.158266604 -0.197332874 -0.052018486
v -0.154833019 -0.197513059 -0.0482697673
v -0.158266604 -0.197332874 -0.052018486
v -0.158076629 -0.197345421 -0.0522992425
v -0.15842551 -0.203335196 -0.0522675775
v -0.158076629 -0.197345421 -0.0522992425
v -0.158285648 -0.203344971 -0.0525764748
v -0.15842551 -0.203335196 -0.0522675775
v -0.158263579 -0.197346345 -0.0545313284
v -0.15807429 -0.197355881 -0.0542499945
v -0.154779151 -0.19775255 -0.0929816887
v -0.15807429 -0.197355881 -0.0542499945
v -0.157935157 -0.197362348 -0.0539406762
v -0.154779151 -0.19775255 -0.0929816887
v -0.154779151 -0.19775255 -0.0929816887
v -0.157935157 -0.197362348 -0.0539406762
v -0.157850221 -0.197365552 -0.0536122732
v -0.158034474 -0.197532892 -0.0872987136
v -0.158224449 -0.197520345 -0.0870179534
v -0.159071848 -0.197302431 -0.0551318824
v -0.158224449 -0.197520345 -0.0870179534
v -0.158034474 -0.197532892 -0.0872987136
v -0.158383355 -0.203522667 -0.0872670487
v -0.158034474 -0.197532892 -0.0872987136
v -0.158243492 -0.203532442 -0.0875759423
v -0.158383355 -0.203522667 -0.0872670487
v -0.15842317 -0.203345641 -0.0542183295
v -0.15861246 -0.203336105 -0.0544996634
v -0.158243492 -0.203532442 -0.0875759423
v -0.15861246 -0.203336105 -0.0544996634
v -0.15842317 -0.203345641 -0.0542183295
v -0.15807429 -0.197355881 -0.0542499945
v -0.15842317 -0.203345641 -0.0542183295
v -0.157935157 -0.197362348 -0.0539406762
v -0.15807429 -0.197355881 -0.0542499945
v -0.158381 -0.203533113 -0.0892178044
v -0.15857029 -0.203523576 -0.0894991308
v -0.155128032 -0.20374231 -0.0929500312
v -0.15857029 -0.203523576 -0.0894991308
v -0.155168638 -0.203742564 -0.0934459493
v -0.155128032 -0.20374231 -0.0929500312
v -0.15857029 -0.203523576 -0.0894991308
v -0.158381 -0.203533113 -0.0892178044
v -0.158032119 -0.197543353 -0.0892494693
v -0.158381 -0.203533113 -0.0892178044
v -0.157893002 -0.19754982 -0.0889401436
v -0.158032119 -0.197543353 -0.0892494693
v -0.156139448 -0.165405273 -0.0526195839
v -0.15630497 -0.165394068 -0.0523236915
v -0.152978346 -0.165540859 -0.043438714
v -0.15630497 -0.165394068 -0.0523236915
v -0.156139448 -0.165405273 -0.0526195839
v -0.156488329 -0.171395034 -0.0525879189
v -0.156139448 -0.165405273 -0.0526195839
v -0.156375125 -0.171403319 -0.0529075898
v -0.156488329 -0.171395034 -0.0525879189
v -0.156097293 -0.165592745 -0.0876190588
v -0.156262815 -0.165581539 -0.0873231664
v -0.15737088 -0.165348023 -0.0553575493
v -0.156262815 -0.165581539 -0.0873231664
v -0.156097293 -0.165592745 -0.0876190588
v -0.156446174 -0.171582505 -0.0875873938
v -0.156097293 -0.165592745 -0.0876190588
v -0.15633297 -0.17159079 -0.087907061
v -0.156446174 -0.171582505 -0.0875873938
v -0.156486347 -0.171403855 -0.0542354994
v -0.156651154 -0.171395823 -0.0545318946
v -0.153267339 -0.171796903 -0.0931188986
v -0.156651154 -0.171395823 -0.0545318946
v -0.156486347 -0.171403855 -0.0542354994
v -0.156137466 -0.165414095 -0.0542671643
v -0.156486347 -0.171403855 -0.0542354994
v -0.156025037 -0.165418953 -0.0539471507
v -0.156137466 -0.165414095 -0.0542671643
v -0.156444192 -0.171591327 -0.0892349705
v -0.156608999 -0.171583295 -0.0895313695
v -0.153267339 -0.171796903 -0.0931188986
v -0.156608999 -0.171583295 -0.0895313695
v -0.156444192 -0.171591327 -0.0892349705
v -0.156095311 -0.165601566 -0.0892666355
v -0.156444192 -0.171591327 -0.0892349705
v -0.155982882 -0.165606424 -0.0889466256
v -0.156095311 -0.165601566 -0.0892666355
v -0.157542065 -0.197607458 -0.0959770977
v -0.158038795 -0.197578505 -0.0959745347
v -0.159353361 -0.197471574 -0.0902311727
v -0.157936767 -0.197355211 -0.0526081361
v -0.158076629 -0.197345421 -0.0522992425
v -0.154833019 -0.197513059 -0.0482697673
v -0.158076629 -0.197345421 -0.0522992425
v -0.157936767 -0.197355211 -0.0526081361
v -0.158285648 -0.203344971 -0.0525764748
v -0.157936767 -0.197355211 -0.0526081361
v -0.158199921 -0.203351691 -0.052904617
v -0.158285648 -0.203344971 -0.0525764748
v -0.157894611 -0.197542682 -0.0876076072
v -0.158034474 -0.197532892 -0.0872987136
v -0.159071848 -0.197302431 -0.0551318824
v -0.158034474 -0.197532892 -0.0872987136
v -0.157894611 -0.197542682 -0.0876076072
v -0.158243492 -0.203532442 -0.0875759423
v -0.157894611 -0.197542682 -0.0876076072
v -0.158157766 -0.203539163 -0.0879040882
v -0.158243492 -0.203532442 -0.0875759423
v -0.15842551 -0.203335196 -0.0522675775
v -0.158285648 -0.203344971 -0.0525764748
v -0.15518792 -0.203476042 -0.0432381779
v -0.158285648 -0.203344971 -0.0525764748
v -0.158199921 -0.203351691 -0.052904617
v -0.15518792 -0.203476042 -0.0432381779
v -0.15518792 -0.203476042 -0.0432381779
v -0.158199921 -0.203351691 -0.052904617
v -0.158170789 -0.203355178 -0.0532425717
v -0.158284038 -0.203352109 -0.0539090112
v -0.15842317 -0.203345641 -0.0542183295
v -0.158243492 -0.203532442 -0.0875759423
v -0.15842317 -0.203345641 -0.0542183295
v -0.158284038 -0.203352109 -0.0539090112
v -0.157935157 -0.197362348 -0.0539406762
v -0.158284038 -0.203352109 -0.0539090112
v -0.157850221 -0.197365552 -0.0536122732
v -0.157935157 -0.197362348 -0.0539406762
v -0.158241883 -0.20353958 -0.0889084861
v -0.158381 -0.203533113 -0.0892178044
v -0.155128032 -0.20374231 -0.0929500312
v -0.158381 -0.203533113 -0.0892178044
v -0.158241883 -0.20353958 -0.0889084861
v -0.157893002 -0.19754982 -0.0889401436
v -0.158241883 -0.20353958 -0.0889084861
v -0.157808065 -0.197553024 -0.0886117443
v -0.157893002 -0.19754982 -0.0889401436
v -0.156026244 -0.165413558 -0.0529392548
v -0.156139448 -0.165405273 -0.0526195839
v -0.152978346 -0.165540859 -0.043438714
v -0.156139448 -0.165405273 -0.0526195839
v -0.156026244 -0.165413558 -0.0529392548
v -0.156375125 -0.171403319 -0.0529075898
v -0.156026244 -0.165413558 -0.0529392548
v -0.156317487 -0.171408445 -0.0532418415
v -0.156375125 -0.171403319 -0.0529075898
v -0.155984089 -0.16560103 -0.0879387259
v -0.156097293 -0.165592745 -0.0876190588
v -0.15737088 -0.165348023 -0.0553575493
v -0.156097293 -0.165592745 -0.0876190588
v -0.155984089 -0.16560103 -0.0879387259
v -0.15633297 -0.17159079 -0.087907061
v -0.155984089 -0.16560103 -0.0879387259
v -0.156275332 -0.171595916 -0.0882413164
v -0.15633297 -0.17159079 -0.087907061
v -0.156095311 -0.165601566 -0.0892666355
v -0.155982882 -0.165606424 -0.0889466256
v -0.152918458 -0.165807143 -0.0931505635
v -0.155982882 -0.165606424 -0.0889466256
v -0.155926049 -0.165607974 -0.0886121988
v -0.152918458 -0.165807143 -0.0931505635
v -0.152918458 -0.165807143 -0.0931505635
v -0.155926049 -0.165607974 -0.0886121988
v -0.155926451 -0.165606156 -0.0882729813
v -0.156373918 -0.171408713 -0.0539154895
v -0.156486347 -0.171403855 -0.0542354994
v -0.153267339 -0.171796903 -0.0931188986
v -0.156486347 -0.171403855 -0.0542354994
v -0.156373918 -0.171408713 -0.0539154895
v -0.156025037 -0.165418953 -0.0539471507
v -0.156373918 -0.171408713 -0.0539154895
v -0.155968204 -0.165420502 -0.0536127239
v -0.156025037 -0.165418953 -0.0539471507
v -0.156446174 -0.171582505 -0.0875873938
v -0.15633297 -0.17159079 -0.087907061
v -0.157719761 -0.171337783 -0.0553258881
v -0.156331763 -0.171596184 -0.0889149606
v -0.156444192 -0.171591327 -0.0892349705
v -0.153267339 -0.171796903 -0.0931188986
v -0.156444192 -0.171591327 -0.0892349705
v -0.156331763 -0.171596184 -0.0889149606
v -0.155982882 -0.165606424 -0.0889466256
v -0.156331763 -0.171596184 -0.0889149606
v -0.155926049 -0.165607974 -0.0886121988
v -0.155982882 -0.165606424 -0.0889466256
v -0.15785104 -0.197361931 -0.052936282
v -0.157936767 -0.197355211 -0.0526081361
v -0.154833019 -0.197513059 -0.0482697673
v -0.157936767 -0.197355211 -0.0526081361
v -0.15785104 -0.197361931 -0.052936282
v -0.158199921 -0.203351691 -0.052904617
v -0.15785104 -0.197361931 -0.052936282
v -0.157996356 -0.200360298 -0.0532584004
v -0.158199921 -0.203351691 -0.052904617
v -0.158199921 -0.203351691 -0.052904617
v -0.157996356 -0.200360298 -0.0532584004
v -0.158170789 -0.203355178 -0.0532425717
v -0.157996356 -0.200360298 -0.0532584004
v -0.158199102 -0.203355312 -0.0535806082
v -0.158170789 -0.203355178 -0.0532425717
v -0.157808885 -0.197549403 -0.0879357532
v -0.157894611 -0.197542682 -0.0876076072
v -0.154779151 -0.19775255 -0.0929816887
v -0.157894611 -0.197542682 -0.0876076072
v -0.159071848 -0.197302431 -0.0551318824
v -0.154779151 -0.19775255 -0.0929816887
v -0.157894611 -0.197542682 -0.0876076072
v -0.157808885 -0.197549403 -0.0879357532
v -0.158157766 -0.203539163 -0.0879040882
v -0.157808885 -0.197549403 -0.0879357532
v -0.157954186 -0.20054777 -0.0882578716
v -0.158157766 -0.203539163 -0.0879040882
v -0.158157766 -0.203539163 -0.0879040882
v -0.157954186 -0.20054777 -0.0882578716
v -0.158128634 -0.20354265 -0.0882420391
v -0.157954186 -0.20054777 -0.0882578716
v -0.158156946 -0.203542784 -0.0885800794
v -0.158128634 -0.20354265 -0.0882420391
v -0.157893002 -0.19754982 -0.0889401436
v -0.157808065 -0.197553024 -0.0886117443
v -0.154779151 -0.19775255 -0.0929816887
v -0.157808065 -0.197553024 -0.0886117443
v -0.157779753 -0.19755289 -0.0882737041
v -0.154779151 -0.19775255 -0.0929816887
v -0.154779151 -0.19775255 -0.0929816887
v -0.157779753 -0.19755289 -0.0882737041
v -0.157808885 -0.197549403 -0.0879357532
v -0.158199102 -0.203355312 -0.0535806082
v -0.158284038 -0.203352109 -0.0539090112
v -0.158243492 -0.203532442 -0.0875759423
v -0.158284038 -0.203352109 -0.0539090112
v -0.158199102 -0.203355312 -0.0535806082
v -0.157850221 -0.197365552 -0.0536122732
v -0.158199102 -0.203355312 -0.0535806082
v -0.157996356 -0.200360298 -0.0532584004
v -0.157850221 -0.197365552 -0.0536122732
v -0.157850221 -0.197365552 -0.0536122732
v -0.157996356 -0.200360298 -0.0532584004
v -0.157821909 -0.197365418 -0.0532742329
v -0.157996356 -0.200360298 -0.0532584004
v -0.15785104 -0.197361931 -0.052936282
v -0.157821909 -0.197365418 -0.0532742329
v -0.158243492 -0.203532442 -0.0875759423
v -0.158157766 -0.203539163 -0.0879040882
v -0.15518792 -0.203476042 -0.0432381779
v -0.158157766 -0.203539163 -0.0879040882
v -0.155128032 -0.20374231 -0.0929500312
v -0.15518792 -0.203476042 -0.0432381779
v -0.158156946 -0.203542784 -0.0885800794
v -0.158241883 -0.20353958 -0.0889084861
v -0.155128032 -0.20374231 -0.0929500312
v -0.158241883 -0.20353958 -0.0889084861
v -0.158156946 -0.203542784 -0.0885800794
v -0.157808065 -0.197553024 -0.0886117443
v -0.158156946 -0.203542784 -0.0885800794
v -0.157954186 -0.20054777 -0.0882578716
v -0.157808065 -0.197553024 -0.0886117443
v -0.157808065 -0.197553024 -0.0886117443
v -0.157954186 -0.20054777 -0.0882578716
v -0.157779753 -0.19755289 -0.0882737041
v -0.157954186 -0.20054777 -0.0882578716
v -0.157808885 -0.197549403 -0.0879357532
v -0.157779753 -0.19755289 -0.0882737041
v -0.155968621 -0.165418684 -0.0532735065
v -0.156026244 -0.165413558 -0.0529392548
v -0.152978346 -0.165540859 -0.043438714
v -0.156026244 -0.165413558 -0.0529392548
v -0.155968621 -0.165418684 -0.0532735065
v -0.156317487 -0.171408445 -0.0532418415
v -0.155968621 -0.165418684 -0.0532735065
v -0.156135663 -0.168414891 -0.0534272753
v -0.156317487 -0.171408445 -0.0532418415
v -0.156317487 -0.171408445 -0.0532418415
v -0.156135663 -0.168414891 -0.0534272753
v -0.156310096 -0.171409771 -0.0534114428
v -0.156135663 -0.168414891 -0.0534272753
v -0.156317085 -0.171410263 -0.0535810627
v -0.156310096 -0.171409771 -0.0534114428
v -0.156025037 -0.165418953 -0.0539471507
v -0.155968204 -0.165420502 -0.0536127239
v -0.152918458 -0.165807143 -0.0931505635
v -0.155968204 -0.165420502 -0.0536127239
v -0.152978346 -0.165540859 -0.043438714
v -0.152918458 -0.165807143 -0.0931505635
v -0.155926451 -0.165606156 -0.0882729813
v -0.155984089 -0.16560103 -0.0879387259
v -0.152918458 -0.165807143 -0.0931505635
v -0.155984089 -0.16560103 -0.0879387259
v -0.15737088 -0.165348023 -0.0553575493
v -0.152918458 -0.165807143 -0.0931505635
v -0.155984089 -0.16560103 -0.0879387259
v -0.155926451 -0.165606156 -0.0882729813
v -0.156275332 -0.171595916 -0.0882413164
v -0.155926451 -0.165606156 -0.0882729813
v -0.156093493 -0.168602362 -0.0884267464
v -0.156275332 -0.171595916 -0.0882413164
v -0.156275332 -0.171595916 -0.0882413164
v -0.156093493 -0.168602362 -0.0884267464
v -0.156267941 -0.171597242 -0.0884109139
v -0.156093493 -0.168602362 -0.0884267464
v -0.15627493 -0.171597734 -0.0885805339
v -0.156267941 -0.171597242 -0.0884109139
v -0.156375125 -0.171403319 -0.0529075898
v -0.156317487 -0.171408445 -0.0532418415
v -0.153321207 -0.171557412 -0.0484069735
v -0.156317487 -0.171408445 -0.0532418415
v -0.156310096 -0.171409771 -0.0534114428
v -0.153321207 -0.171557412 -0.0484069735
v -0.153321207 -0.171557412 -0.0484069735
v -0.156310096 -0.171409771 -0.0534114428
v -0.156317085 -0.171410263 -0.0535810627
v -0.156317085 -0.171410263 -0.0535810627
v -0.156373918 -0.171408713 -0.0539154895
v -0.153321207 -0.171557412 -0.0484069735
v -0.156373918 -0.171408713 -0.0539154895
v -0.153267339 -0.171796903 -0.0931188986
v -0.153321207 -0.171557412 -0.0484069735
v -0.156373918 -0.171408713 -0.0539154895
v -0.156317085 -0.171410263 -0.0535810627
v -0.155968204 -0.165420502 -0.0536127239
v -0.156317085 -0.171410263 -0.0535810627
v -0.156135663 -0.168414891 -0.0534272753
v -0.155968204 -0.165420502 -0.0536127239
v -0.155968204 -0.165420502 -0.0536127239
v -0.156135663 -0.168414891 -0.0534272753
v -0.155968621 -0.165418684 -0.0532735065
v -0.15627493 -0.171597734 -0.0885805339
v -0.156331763 -0.171596184 -0.0889149606
v -0.153267339 -0.171796903 -0.0931188986
v -0.156331763 -0.171596184 -0.0889149606
v -0.15627493 -0.171597734 -0.0885805339
v -0.155926049 -0.165607974 -0.0886121988
v -0.15627493 -0.171597734 -0.0885805339
v -0.156093493 -0.168602362 -0.0884267464
v -0.155926049 -0.165607974 -0.0886121988
v -0.155926049 -0.165607974 -0.0886121988
v -0.156093493 -0.168602362 -0.0884267464
v -0.155926451 -0.165606156 -0.0882729813
v -0.157821909 -0.197365418 -0.0532742329
v -0.15785104 -0.197361931 -0.052936282
v -0.154833019 -0.197513059 -0.0482697673
v -0.157850221 -0.197365552 -0.0536122732
v -0.157821909 -0.197365418 -0.0532742329
v -0.154833019 -0.197513059 -0.0482697673
v -0.158170789 -0.203355178 -0.0532425717
v -0.158199102 -0.203355312 -0.0535806082
v -0.15518792 -0.203476042 -0.0432381779
v -0.158199102 -0.203355312 -0.0535806082
v -0.158243492 -0.203532442 -0.0875759423
v -0.15518792 -0.203476042 -0.0432381779
v -0.158157766 -0.203539163 -0.0879040882
v -0.158128634 -0.20354265 -0.0882420391
v -0.155128032 -0.20374231 -0.0929500312
v -0.158128634 -0.20354265 -0.0882420391
v -0.158156946 -0.203542784 -0.0885800794
v -0.155128032 -0.20374231 -0.0929500312
v -0.155968204 -0.165420502 -0.0536127239
v -0.155968621 -0.165418684 -0.0532735065
v -0.152978346 -0.165540859 -0.043438714
v -0.156275332 -0.171595916 -0.0882413164
v -0.156267941 -0.171597242 -0.0884109139
v -0.153267339 -0.171796903 -0.0931188986
v -0.156267941 -0.171597242 -0.0884109139
v -0.15627493 -0.171597734 -0.0885805339
v -0.153267339 -0.171796903 -0.0931188986
v -0.155191019 -0.165690184 -0.0960662663
v -0.155681372 -0.16566205 -0.0961459726
v -0.15732871 -0.165535495 -0.0903570205
v -0.157890946 -0.203597218 -0.0959454402
v -0.157400593 -0.203625351 -0.0958657339
v -0.159378558 -0.203479663 -0.0900996923
v -0.157400593 -0.203625351 -0.0958657339
v -0.156930119 -0.20365192 -0.0957059488
v -0.159378558 -0.203479663 -0.0900996923
v -0.1555399 -0.171679944 -0.0960346088
v -0.155069426 -0.171706513 -0.0958748162
v -0.157363519 -0.171542883 -0.0901984051
v -0.155069426 -0.171706513 -0.0958748162
v -0.154631764 -0.171730757 -0.0956393331
v -0.157363519 -0.171542883 -0.0901984051
v -0.157363519 -0.171542883 -0.0901984051
v -0.154631764 -0.171730757 -0.0956393331
v -0.154238954 -0.171752021 -0.0953346491
v -0.156581238 -0.19766216 -0.0957376063
v -0.157051712 -0.197635591 -0.0958973989
v -0.159029678 -0.197489902 -0.0901313573
v -0.154282883 -0.165740997 -0.0956709981
v -0.154720545 -0.165716738 -0.0959064811
v -0.157014638 -0.165553108 -0.0902300626
v -0.156143576 -0.197686404 -0.0955021307
v -0.156581238 -0.19766216 -0.0957376063
v -0.159029678 -0.197489902 -0.0901313573
v -0.153890073 -0.165762261 -0.0953663141
v -0.154282883 -0.165740997 -0.0956709981
v -0.157014638 -0.165553108 -0.0902300626
v -0.156492457 -0.203676164 -0.0954704657
v -0.156099647 -0.203697428 -0.0951657742
v -0.159076363 -0.203496456 -0.0899465159
v -0.156099647 -0.203697428 -0.0951657742
v -0.155762509 -0.203715146 -0.0948002636
v -0.159076363 -0.203496456 -0.0899465159
v -0.153552935 -0.165779963 -0.095000796
v -0.153890073 -0.165762261 -0.0953663141
v -0.157014638 -0.165553108 -0.0902300626
v -0.155413628 -0.197725371 -0.0948319212
v -0.155750766 -0.197707668 -0.0951974392
v -0.158727482 -0.197506696 -0.0899781808
v -0.15328072 -0.165793613 -0.0945845023
v -0.153552935 -0.165779963 -0.095000796
v -0.157014638 -0.165553108 -0.0902300626
v -0.153901801 -0.171769723 -0.0949691311
v -0.153629601 -0.171783388 -0.0945528373
v -0.15707536 -0.171558723 -0.0900201127
v -0.153629601 -0.171783388 -0.0945528373
v -0.153429806 -0.171792611 -0.0940972269
v -0.15707536 -0.171558723 -0.0900201127
v -0.155141413 -0.197739035 -0.0944156349
v -0.155413628 -0.197725371 -0.0948319212
v -0.158727482 -0.197506696 -0.0899781808
v -0.155490294 -0.203728795 -0.0943839699
v -0.155290499 -0.203738019 -0.093928352
v -0.158804327 -0.203511238 -0.0897443891
v -0.152959049 -0.165807396 -0.0936464816
v -0.153080925 -0.165802851 -0.0941288844
v -0.15672648 -0.165568948 -0.0900517777
v -0.154819757 -0.197752804 -0.0934776142
v -0.154941618 -0.197748259 -0.093960017
v -0.158455446 -0.197521478 -0.089776054
v -0.152918458 -0.165807143 -0.0931505635
v -0.152959049 -0.165807396 -0.0936464816
v -0.15672648 -0.165568948 -0.0900517777
v -0.154779151 -0.19775255 -0.0929816887
v -0.154819757 -0.197752804 -0.0934776142
v -0.158455446 -0.197521478 -0.089776054
v -0.15518792 -0.203476042 -0.0432381779
v -0.152978346 -0.165540859 -0.043438714
v -0.159804583 -0.170953065 -0.0434179455
v -0.152978346 -0.165540859 -0.043438714
v -0.169288516 -0.170400739 -0.0434323289
v -0.159804583 -0.170953065 -0.0434179455
v -0.152978346 -0.165540859 -0.043438714
v -0.15518792 -0.203476042 -0.0432381779
v -0.154833019 -0.197513059 -0.0482697673
v -0.15518792 -0.203476042 -0.0432381779
v -0.154779151 -0.19775255 -0.0929816887
v -0.154833019 -0.197513059 -0.0482697673
v -0.152918458 -0.165807143 -0.0931505635
v -0.152978346 -0.165540859 -0.043438714
v -0.153321207 -0.171557412 -0.0484069735
v -0.152978346 -0.165540859 -0.043438714
v -0.154833019 -0.197513059 -0.0482697673
v -0.153321207 -0.171557412 -0.0484069735
v -0.154833019 -0.197513059 -0.0482697673
v -0.154779151 -0.19775255 -0.0929816887
v -0.157850221 -0.197365552 -0.0536122732
v -0.176786184 -0.195938155 -0.0432676375
v -0.185801595 -0.195413128 -0.0432813093
v -0.186297342 -0.195854545 -0.043316476
v -0.185801595 -0.195413128 -0.0432813093
v -0.184762269 -0.169499576 -0.0434557945
v -0.186297342 -0.195854545 -0.043316476
v -0.186297342 -0.195854545 -0.043316476
v -0.184762269 -0.169499576 -0.0434557945
v -0.192910627 -0.16321528 -0.0434992723
v -0.159858644 -0.171209753 -0.054673247
v -0.186603069 -0.169639647 -0.0523374453
v -0.159011245 -0.171427667 -0.0865593255
v -0.15518792 -0.203476042 -0.0432381779
v -0.159804583 -0.170953065 -0.0434179455
v -0.161339656 -0.197308019 -0.0432786271
v -0.194605485 -0.196295246 -0.171137616
v -0.194605485 -0.170495242 -0.171137616
v -0.194582492 -0.170495242 -0.171350852
v -0.194605485 -0.196295246 -0.171137616
v -0.194582492 -0.170495242 -0.171350852
v -0.194582492 -0.196295246 -0.171350852
v -0.194582492 -0.170495242 -0.171350852
v -0.194514543 -0.170495242 -0.171554282
v -0.194582492 -0.196295246 -0.171350852
v -0.194582492 -0.196295246 -0.171350852
v -0.194514543 -0.170495242 -0.171554282
v -0.194514543 -0.196295246 -0.171554282
v -0.194514543 -0.170495242 -0.171554282
v -0.194404796 -0.170495242 -0.17173855
v -0.194514543 -0.196295246 -0.171554282
v -0.194514543 -0.196295246 -0.171554282
v -0.194404796 -0.170495242 -0.17173855
v -0.194404796 -0.196295246 -0.17173855
v -0.194404796 -0.170495242 -0.17173855
v -0.194258258 -0.170495242 -0.171895161
v -0.194404796 -0.196295246 -0.17173855
v -0.194404796 -0.196295246 -0.17173855
v -0.194258258 -0.170495242 -0.171895161
v -0.194258258 -0.196295246 -0.171895161
v -0.194258258 -0.170495242 -0.171895161
v -0.194081709 -0.170495242 -0.172016948
v -0.194258258 -0.196295246 -0.171895161
v -0.194258258 -0.196295246 -0.171895161
v -0.194081709 -0.170495242 -0.172016948
v -0.194081709 -0.196295246 -0.172016948
v -0.194081709 -0.170495242 -0.172016948
v -0.19388324 -0.170495242 -0.172098264
v -0.194081709 -0.196295246 -0.172016948
v -0.194081709 -0.196295246 -0.172016948
v -0.19388324 -0.170495242 -0.172098264
v -0.19388324 -0.196295246 -0.172098264
v -0.19388324 -0.170495242 -0.172098264
v -0.193672001 -0.170495242 -0.172135398
v -0.19388324 -0.196295246 -0.172098264
v -0.19388324 -0.196295246 -0.172098264
v -0.193672001 -0.170495242 -0.172135398
v -0.193672001 -0.196295246 -0.172135398
v -0.193672001 -0.170495242 -0.172135398
v -0.193457708 -0.170495242 -0.172126636
v -0.193672001 -0.196295246 -0.172135398
v -0.193672001 -0.196295246 -0.172135398
v -0.193457708 -0.170495242 -0.172126636
v -0.193457708 -0.196295246 -0.172126636
v -0.193457708 -0.170495242 -0.172126636
v -0.193250209 -0.170495242 -0.172072366
v -0.193457708 -0.196295246 -0.172126636
v -0.193457708 -0.196295246 -0.172126636
v -0.193250209 -0.170495242 -0.172072366
v -0.193250209 -0.196295246 -0.172072366
v -0.193250209 -0.170495242 -0.172072366
v -0.193059057 -0.170495242 -0.171975106
v -0.193250209 -0.196295246 -0.172072366
v -0.193250209 -0.196295246 -0.172072366
v -0.193059057 -0.170495242 -0.171975106
v -0.193059057 -0.196295246 -0.171975106
v -0.193059057 -0.170495242 -0.171975106
v -0.192893028 -0.170495242 -0.171839327
v -0.193059057 -0.196295246 -0.171975106
v -0.193059057 -0.196295246 -0.171975106
v -0.192893028 -0.170495242 -0.171839327
v -0.192893028 -0.196295246 -0.171839327
v -0.192893028 -0.170495242 -0.171839327
v -0.192759782 -0.170495242 -0.171671256
v -0.192893028 -0.196295246 -0.171839327
v -0.192893028 -0.196295246 -0.171839327
v -0.192759782 -0.170495242 -0.171671256
v -0.192759782 -0.196295246 -0.171671256
v -0.194605485 -0.170495242 -0.0517729446
v -0.194605485 -0.196295246 -0.0517729446
v -0.194589064 -0.196295246 -0.0514593571
v -0.194605485 -0.170495242 -0.0517729446
v -0.194589064 -0.196295246 -0.0514593571
v -0.194589064 -0.170495242 -0.0514593571
v -0.194589064 -0.196295246 -0.0514593571
v -0.194539934 -0.196295246 -0.0511492081
v -0.194589064 -0.170495242 -0.0514593571
v -0.194589064 -0.170495242 -0.0514593571
v -0.194539934 -0.196295246 -0.0511492081
v -0.194539934 -0.170495242 -0.0511492081
v -0.194539934 -0.196295246 -0.0511492081
v -0.194458663 -0.196295246 -0.0508458912
v -0.194539934 -0.170495242 -0.0511492081
v -0.194539934 -0.170495242 -0.0511492081
v -0.194458663 -0.196295246 -0.0508458912
v -0.194458663 -0.170495242 -0.0508458912
v -0.194458663 -0.196295246 -0.0508458912
v -0.19434613 -0.196295246 -0.0505527332
v -0.194458663 -0.170495242 -0.0508458912
v -0.194458663 -0.170495242 -0.0508458912
v -0.19434613 -0.196295246 -0.0505527332
v -0.19434613 -0.170495242 -0.0505527332
v -0.19434613 -0.196295246 -0.0505527332
v -0.19420357 -0.196295246 -0.0502729416
v -0.19434613 -0.170495242 -0.0505527332
v -0.19434613 -0.170495242 -0.0505527332
v -0.19420357 -0.196295246 -0.0502729416
v -0.19420357 -0.170495242 -0.0502729416
v -0.19420357 -0.196295246 -0.0502729416
v -0.19403255 -0.196295246 -0.0500095859
v -0.19420357 -0.170495242 -0.0502729416
v -0.19420357 -0.170495242 -0.0502729416
v -0.19403255 -0.196295246 -0.0500095859
v -0.19403255 -0.170495242 -0.0500095859
v -0.19403255 -0.196295246 -0.0500095859
v -0.193834931 -0.196295246 -0.0497655496
v -0.19403255 -0.170495242 -0.0500095859
v -0.19403255 -0.170495242 -0.0500095859
v -0.193834931 -0.196295246 -0.0497655496
v -0.193834931 -0.170495242 -0.0497655496
v -0.193834931 -0.196295246 -0.0497655496
v -0.193612888 -0.196295246 -0.0495435074
v -0.193834931 -0.170495242 -0.0497655496
v -0.193834931 -0.170495242 -0.0497655496
v -0.193612888 -0.196295246 -0.0495435074
v -0.193612888 -0.170495242 -0.0495435074
v -0.193612888 -0.196295246 -0.0495435074
v -0.193368852 -0.196295246 -0.0493458919
v -0.193612888 -0.170495242 -0.0495435074
v -0.193612888 -0.170495242 -0.0495435074
v -0.193368852 -0.196295246 -0.0493458919
v -0.193368852 -0.170495242 -0.0493458919
v -0.193368852 -0.196295246 -0.0493458919
v -0.193105489 -0.196295246 -0.0491748676
v -0.193368852 -0.170495242 -0.0493458919
v -0.193368852 -0.170495242 -0.0493458919
v -0.193105489 -0.196295246 -0.0491748676
v -0.193105489 -0.170495242 -0.0491748676
v -0.193105489 -0.196295246 -0.0491748676
v -0.192825705 -0.196295246 -0.0490323082
v -0.193105489 -0.170495242 -0.0491748676
v -0.193105489 -0.170495242 -0.0491748676
v -0.192825705 -0.196295246 -0.0490323082
v -0.192825705 -0.170495242 -0.0490323082
v -0.192825705 -0.196295246 -0.0490323082
v -0.192532539 -0.196295246 -0.0489197746
v -0.192825705 -0.170495242 -0.0490323082
v -0.192825705 -0.170495242 -0.0490323082
v -0.192532539 -0.196295246 -0.0489197746
v -0.192532539 -0.170495242 -0.0489197746
v -0.192532539 -0.196295246 -0.0489197746
v -0.192229226 -0.196295246 -0.0488384999
v -0.192532539 -0.170495242 -0.0489197746
v -0.192532539 -0.170495242 -0.0489197746
v -0.192229226 -0.196295246 -0.0488384999
v -0.192229226 -0.170495242 -0.0488384999
v -0.192229226 -0.196295246 -0.0488384999
v -0.191919073 -0.196295246 -0.0487893783
v -0.192229226 -0.170495242 -0.0488384999
v -0.192229226 -0.170495242 -0.0488384999
v -0.191919073 -0.196295246 -0.0487893783
v -0.191919073 -0.170495242 -0.0487893783
v -0.191919073 -0.196295246 -0.0487893783
v -0.191605493 -0.196295246 -0.0487729423
v -0.191919073 -0.170495242 -0.0487893783
v -0.191919073 -0.170495242 -0.0487893783
v -0.191605493 -0.196295246 -0.0487729423
v -0.191605493 -0.170495242 -0.0487729423
v -0.154885173 -0.196295246 -0.0519221164
v -0.154885173 -0.170495242 -0.0519221164
v -0.154886559 -0.170495242 -0.0515981689
v -0.154885173 -0.196295246 -0.0519221164
v -0.154886559 -0.170495242 -0.0515981689
v -0.154886559 -0.196295246 -0.0515981689
v -0.154886559 -0.170495242 -0.0515981689
v -0.154922858 -0.170495242 -0.0512762591
v -0.154886559 -0.196295246 -0.0515981689
v -0.154886559 -0.196295246 -0.0515981689
v -0.154922858 -0.170495242 -0.0512762591
v -0.154922858 -0.196295246 -0.0512762591
v -0.154922858 -0.170495242 -0.0512762591
v -0.154993668 -0.170495242 -0.0509601422
v -0.154922858 -0.196295246 -0.0512762591
v -0.154922858 -0.196295246 -0.0512762591
v -0.154993668 -0.170495242 -0.0509601422
v -0.154993668 -0.196295246 -0.0509601422
v -0.154993668 -0.170495242 -0.0509601422
v -0.15509814 -0.170495242 -0.0506534986
v -0.154993668 -0.196295246 -0.0509601422
v -0.154993668 -0.196295246 -0.0509601422
v -0.15509814 -0.170495242 -0.0506534986
v -0.15509814 -0.196295246 -0.0506534986
v -0.15509814 -0.170495242 -0.0506534986
v -0.155235082 -0.170495242 -0.0503599122
v -0.15509814 -0.196295246 -0.0506534986
v -0.15509814 -0.196295246 -0.0506534986
v -0.155235082 -0.170495242 -0.0503599122
v -0.155235082 -0.196295246 -0.0503599122
v -0.155235082 -0.170495242 -0.0503599122
v -0.155402869 -0.170495242 -0.0500828028
v -0.155235082 -0.196295246 -0.0503599122
v -0.155235082 -0.196295246 -0.0503599122
v -0.155402869 -0.170495242 -0.0500828028
v -0.155402869 -0.196295246 -0.0500828028
v -0.155402869 -0.170495242 -0.0500828028
v -0.155599564 -0.170495242 -0.0498254001
v -0.155402869 -0.196295246 -0.0500828028
v -0.155402869 -0.196295246 -0.0500828028
v -0.155599564 -0.170495242 -0.0498254001
v -0.155599564 -0.196295246 -0.0498254001
v -0.155599564 -0.170495242 -0.0498254001
v -0.155822858 -0.170495242 -0.0495907068
v -0.155599564 -0.196295246 -0.0498254001
v -0.155599564 -0.196295246 -0.0498254001
v -0.155822858 -0.170495242 -0.0495907068
v -0.155822858 -0.196295246 -0.0495907068
v -0.155822858 -0.170495242 -0.0495907068
v -0.156070173 -0.170495242 -0.0493814573
v -0.155822858 -0.196295246 -0.0495907068
v -0.155822858 -0.196295246 -0.0495907068
v -0.156070173 -0.170495242 -0.0493814573
v -0.156070173 -0.196295246 -0.0493814573
v -0.156070173 -0.170495242 -0.0493814573
v -0.156338587 -0.170495242 -0.0492000952
v -0.156070173 -0.196295246 -0.0493814573
v -0.156070173 -0.196295246 -0.0493814573
v -0.156338587 -0.170495242 -0.0492000952
v -0.156338587 -0.196295246 -0.0492000952
v -0.156338587 -0.170495242 -0.0492000952
v -0.156625003 -0.170495242 -0.049048733
v -0.156338587 -0.196295246 -0.0492000952
v -0.156338587 -0.196295246 -0.0492000952
v -0.156625003 -0.170495242 -0.049048733
v -0.156625003 -0.196295246 -0.049048733
v -0.156625003 -0.170495242 -0.049048733
v -0.156926066 -0.170495242 -0.0489291362
v -0.156625003 -0.196295246 -0.049048733
v -0.156625003 -0.196295246 -0.049048733
v -0.156926066 -0.170495242 -0.0489291362
v -0.156926066 -0.196295246 -0.0489291362
v -0.156926066 -0.170495242 -0.0489291362
v -0.157238275 -0.170495242 -0.0488427021
v -0.156926066 -0.196295246 -0.0489291362
v -0.156926066 -0.196295246 -0.0489291362
v -0.157238275 -0.170495242 -0.0488427021
v -0.157238275 -0.196295246 -0.0488427021
v -0.157238275 -0.170495242 -0.0488427021
v -0.157557979 -0.170495242 -0.0487904325
v -0.157238275 -0.196295246 -0.0488427021
v -0.157238275 -0.196295246 -0.0488427021
v -0.157557979 -0.170495242 -0.0487904325
v -0.157557979 -0.196295246 -0.0487904325
v -0.157557979 -0.170495242 -0.0487904325
v -0.157881469 -0.170495242 -0.0487729423
v -0.157557979 -0.196295246 -0.0487904325
v -0.157557979 -0.196295246 -0.0487904325
v -0.157881469 -0.170495242 -0.0487729423
v -0.157881469 -0.196295246 -0.0487729423
v -0.158163294 -0.170495242 -0.081582047
v -0.158163294 -0.196295246 -0.081582047
v -0.158200398 -0.170495242 -0.0818958133
v -0.158163294 -0.196295246 -0.081582047
v -0.158200398 -0.196295246 -0.0818958133
v -0.158200398 -0.170495242 -0.0818958133
v -0.158200398 -0.170495242 -0.0818958133
v -0.158200398 -0.196295246 -0.0818958133
v -0.158204302 -0.170495242 -0.0822117403
v -0.158200398 -0.196295246 -0.0818958133
v -0.158204302 -0.196295246 -0.0822117403
v -0.158204302 -0.170495242 -0.0822117403
v -0.158204302 -0.170495242 -0.0822117403
v -0.158204302 -0.196295246 -0.0822117403
v -0.158174962 -0.170495242 -0.0825263262
v -0.158204302 -0.196295246 -0.0822117403
v -0.158174962 -0.196295246 -0.0825263262
v -0.158174962 -0.170495242 -0.0825263262
v -0.158174962 -0.170495242 -0.0825263262
v -0.158174962 -0.196295246 -0.0825263262
v -0.158112705 -0.170495242 -0.0828360841
v -0.158174962 -0.196295246 -0.0825263262
v -0.158112705 -0.196295246 -0.0828360841
v -0.158112705 -0.170495242 -0.0828360841
v -0.158112705 -0.170495242 -0.0828360841
v -0.158112705 -0.196295246 -0.0828360841
v -0.158018202 -0.170495242 -0.0831375718
v -0.158112705 -0.196295246 -0.0828360841
v -0.158018202 -0.196295246 -0.0831375718
v -0.158018202 -0.170495242 -0.0831375718
v -0.158018202 -0.170495242 -0.0831375718
v -0.158018202 -0.196295246 -0.0831375718
v -0.15789251 -0.170495242 -0.0834274516
v -0.158018202 -0.196295246 -0.0831375718
v -0.15789251 -0.196295246 -0.0834274516
v -0.15789251 -0.170495242 -0.0834274516
v -0.15789251 -0.170495242 -0.0834274516
v -0.15789251 -0.196295246 -0.0834274516
v -0.157737046 -0.170495242 -0.0837025046
v -0.15789251 -0.196295246 -0.0834274516
v -0.157737046 -0.196295246 -0.0837025046
v -0.157737046 -0.170495242 -0.0837025046
v -0.157737046 -0.170495242 -0.0837025046
v -0.157737046 -0.196295246 -0.0837025046
v -0.157553509 -0.170495242 -0.0839596838
v -0.157737046 -0.196295246 -0.0837025046
v -0.157553509 -0.196295246 -0.0839596838
v -0.157553509 -0.170495242 -0.0839596838
v -0.157553509 -0.170495242 -0.0839596838
v -0.157553509 -0.196295246 -0.0839596838
v -0.157343939 -0.170495242 -0.084196128
v -0.157553509 -0.196295246 -0.0839596838
v -0.157343939 -0.196295246 -0.084196128
v -0.157343939 -0.170495242 -0.084196128
v -0.157343939 -0.170495242 -0.084196128
v -0.157343939 -0.196295246 -0.084196128
v -0.157110661 -0.170495242 -0.084409222
v -0.157343939 -0.196295246 -0.084196128
v -0.157110661 -0.196295246 -0.084409222
v -0.157110661 -0.170495242 -0.084409222
v -0.157110661 -0.170495242 -0.084409222
v -0.157110661 -0.196295246 -0.084409222
v -0.156856269 -0.170495242 -0.0845966041
v -0.157110661 -0.196295246 -0.084409222
v -0.156856269 -0.196295246 -0.0845966041
v -0.156856269 -0.170495242 -0.0845966041
v -0.158700138 -0.170495242 -0.0936902985
v -0.158700138 -0.196295246 -0.0936902985
v -0.15900743 -0.170495242 -0.093763791
v -0.158700138 -0.196295246 -0.0936902985
v -0.15900743 -0.196295246 -0.093763791
v -0.15900743 -0.170495242 -0.093763791
v -0.15900743 -0.170495242 -0.093763791
v -0.15900743 -0.196295246 -0.093763791
v -0.159305274 -0.170495242 -0.0938691944
v -0.15900743 -0.196295246 -0.093763791
v -0.159305274 -0.196295246 -0.0938691944
v -0.159305274 -0.170495242 -0.0938691944
v -0.159305274 -0.170495242 -0.0938691944
v -0.159305274 -0.196295246 -0.0938691944
v -0.159590393 -0.170495242 -0.0940053314
v -0.159305274 -0.196295246 -0.0938691944
v -0.159590393 -0.196295246 -0.0940053314
v -0.159590393 -0.170495242 -0.0940053314
v -0.159590393 -0.170495242 -0.0940053314
v -0.159590393 -0.196295246 -0.0940053314
v -0.159859613 -0.170495242 -0.0941707119
v -0.159590393 -0.196295246 -0.0940053314
v -0.159859613 -0.196295246 -0.0941707119
v -0.159859613 -0.170495242 -0.0941707119
v -0.159859613 -0.170495242 -0.0941707119
v -0.159859613 -0.196295246 -0.0941707119
v -0.160109937 -0.170495242 -0.0943634808
v -0.159859613 -0.196295246 -0.0941707119
v -0.160109937 -0.196295246 -0.0943634808
v -0.160109937 -0.170495242 -0.0943634808
v -0.160109937 -0.170495242 -0.0943634808
v -0.160109937 -0.196295246 -0.0943634808
v -0.16033861 -0.170495242 -0.0945815146
v -0.160109937 -0.196295246 -0.0943634808
v -0.16033861 -0.196295246 -0.0945815146
v -0.16033861 -0.170495242 -0.0945815146
v -0.16033861 -0.170495242 -0.0945815146
v -0.16033861 -0.196295246 -0.0945815146
v -0.160543084 -0.170495242 -0.0948223844
v -0.16033861 -0.196295246 -0.0945815146
v -0.160543084 -0.196295246 -0.0948223844
v -0.160543084 -0.170495242 -0.0948223844
v -0.160543084 -0.170495242 -0.0948223844
v -0.160543084 -0.196295246 -0.0948223844
v -0.160721079 -0.170495242 -0.095083423
v -0.160543084 -0.196295246 -0.0948223844
v -0.160721079 -0.196295246 -0.095083423
v -0.160721079 -0.170495242 -0.095083423
v -0.160721079 -0.170495242 -0.095083423
v -0.160721079 -0.196295246 -0.095083423
v -0.160870641 -0.170495242 -0.0953617319
v -0.160721079 -0.196295246 -0.095083423
v -0.160870641 -0.196295246 -0.0953617319
v -0.160870641 -0.170495242 -0.0953617319
v -0.160870641 -0.170495242 -0.0953617319
v -0.160870641 -0.196295246 -0.0953617319
v -0.160990104 -0.170495242 -0.0956542268
v -0.160870641 -0.196295246 -0.0953617319
v -0.160990104 -0.196295246 -0.0956542268
v -0.160990104 -0.170495242 -0.0956542268
v -0.160990104 -0.170495242 -0.0956542268
v -0.160990104 -0.196295246 -0.0956542268
v -0.16107814 -0.170495242 -0.0959576666
v -0.160990104 -0.196295246 -0.0956542268
v -0.16107814 -0.196295246 -0.0959576666
v -0.16107814 -0.170495242 -0.0959576666
v -0.192805499 -0.170495242 -0.0617729425
v -0.192805499 -0.170495242 -0.0587729439
v -0.192805499 -0.196295246 -0.0617729425
v -0.192805499 -0.170495242 -0.0587729439
v -0.192805499 -0.196295246 -0.0587729439
v -0.192805499 -0.196295246 -0.0617729425
v -0.158700138 -0.196295246 -0.0936902985
v -0.158700138 -0.170495242 -0.0936902985
v -0.158175081 -0.170495242 -0.0935639665
v -0.158700138 -0.196295246 -0.0936902985
v -0.158175081 -0.170495242 -0.0935639665
v -0.158175081 -0.196295246 -0.0935639665
v -0.158175081 -0.170495242 -0.0935639665
v -0.157666713 -0.170495242 -0.0933817551
v -0.158175081 -0.196295246 -0.0935639665
v -0.158175081 -0.196295246 -0.0935639665
v -0.157666713 -0.170495242 -0.0933817551
v -0.157666713 -0.196295246 -0.0933817551
v -0.157666713 -0.170495242 -0.0933817551
v -0.15718095 -0.170495242 -0.0931457728
v -0.157666713 -0.196295246 -0.0933817551
v -0.157666713 -0.196295246 -0.0933817551
v -0.15718095 -0.170495242 -0.0931457728
v -0.15718095 -0.196295246 -0.0931457728
v -0.15718095 -0.170495242 -0.0931457728
v -0.156723484 -0.170495242 -0.0928587765
v -0.15718095 -0.196295246 -0.0931457728
v -0.15718095 -0.196295246 -0.0931457728
v -0.156723484 -0.170495242 -0.0928587765
v -0.156723484 -0.196295246 -0.0928587765
v -0.156723484 -0.170495242 -0.0928587765
v -0.156299636 -0.170495242 -0.0925241187
v -0.156723484 -0.196295246 -0.0928587765
v -0.156723484 -0.196295246 -0.0928587765
v -0.156299636 -0.170495242 -0.0925241187
v -0.156299636 -0.196295246 -0.0925241187
v -0.156299636 -0.170495242 -0.0925241187
v -0.155914351 -0.170495242 -0.0921456963
v -0.156299636 -0.196295246 -0.0925241187
v -0.156299636 -0.196295246 -0.0925241187
v -0.155914351 -0.170495242 -0.0921456963
v -0.155914351 -0.196295246 -0.0921456963
v -0.155914351 -0.170495242 -0.0921456963
v -0.155572116 -0.170495242 -0.0917279348
v -0.155914351 -0.196295246 -0.0921456963
v -0.155914351 -0.196295246 -0.0921456963
v -0.155572116 -0.170495242 -0.0917279348
v -0.155572116 -0.196295246 -0.0917279348
v -0.155572116 -0.170495242 -0.0917279348
v -0.155276954 -0.170495242 -0.091275692
v -0.155572116 -0.196295246 -0.0917279348
v -0.155572116 -0.196295246 -0.0917279348
v -0.155276954 -0.170495242 -0.091275692
v -0.155276954 -0.196295246 -0.091275692
v -0.155276954 -0.170495242 -0.091275692
v -0.155032277 -0.170495242 -0.0907942578
v -0.155276954 -0.196295246 -0.091275692
v -0.155276954 -0.196295246 -0.091275692
v -0.155032277 -0.170495242 -0.0907942578
v -0.155032277 -0.196295246 -0.0907942578
v -0.155032277 -0.170495242 -0.0907942578
v -0.154840946 -0.170495242 -0.0902892426
v -0.155032277 -0.196295246 -0.0907942578
v -0.155032277 -0.196295246 -0.0907942578
v -0.154840946 -0.170495242 -0.0902892426
v -0.154840946 -0.196295246 -0.0902892426
v -0.154840946 -0.170495242 -0.0902892426
v -0.154705212 -0.170495242 -0.0897665396
v -0.154840946 -0.196295246 -0.0902892426
v -0.154840946 -0.196295246 -0.0902892426
v -0.154705212 -0.170495242 -0.0897665396
v -0.154705212 -0.196295246 -0.0897665396
v -0.154705212 -0.170495242 -0.0897665396
v -0.154626638 -0.170495242 -0.0892322436
v -0.154705212 -0.196295246 -0.0897665396
v -0.154705212 -0.196295246 -0.0897665396
v -0.154626638 -0.170495242 -0.0892322436
v -0.154626638 -0.196295246 -0.0892322436
v -0.154626638 -0.170495242 -0.0892322436
v -0.154606134 -0.170495242 -0.0886925906
v -0.154626638 -0.196295246 -0.0892322436
v -0.154626638 -0.196295246 -0.0892322436
v -0.154606134 -0.170495242 -0.0886925906
v -0.154606134 -0.196295246 -0.0886925906
v -0.154606134 -0.170495242 -0.0886925906
v -0.154643968 -0.170495242 -0.0881538764
v -0.154606134 -0.196295246 -0.0886925906
v -0.154606134 -0.196295246 -0.0886925906
v -0.154643968 -0.170495242 -0.0881538764
v -0.154643968 -0.196295246 -0.0881538764
v -0.154643968 -0.170495242 -0.0881538764
v -0.154739663 -0.170495242 -0.0876223817
v -0.154643968 -0.196295246 -0.0881538764
v -0.154643968 -0.196295246 -0.0881538764
v -0.154739663 -0.170495242 -0.0876223817
v -0.154739663 -0.196295246 -0.0876223817
v -0.154739663 -0.170495242 -0.0876223817
v -0.154892147 -0.170495242 -0.0871043131
v -0.154739663 -0.196295246 -0.0876223817
v -0.154739663 -0.196295246 -0.0876223817
v -0.154892147 -0.170495242 -0.0871043131
v -0.154892147 -0.196295246 -0.0871043131
v -0.154892147 -0.170495242 -0.0871043131
v -0.155099601 -0.170495242 -0.0866057053
v -0.154892147 -0.196295246 -0.0871043131
v -0.154892147 -0.196295246 -0.0871043131
v -0.155099601 -0.170495242 -0.0866057053
v -0.155099601 -0.196295246 -0.0866057053
v -0.155099601 -0.170495242 -0.0866057053
v -0.155359611 -0.170495242 -0.0861323848
v -0.155099601 -0.196295246 -0.0866057053
v -0.155099601 -0.196295246 -0.0866057053
v -0.155359611 -0.170495242 -0.0861323848
v -0.155359611 -0.196295246 -0.0861323848
v -0.155359611 -0.170495242 -0.0861323848
v -0.155669168 -0.170495242 -0.0856898651
v -0.155359611 -0.196295246 -0.0861323848
v -0.155359611 -0.196295246 -0.0861323848
v -0.155669168 -0.170495242 -0.0856898651
v -0.155669168 -0.196295246 -0.0856898651
v -0.155669168 -0.170495242 -0.0856898651
v -0.15602465 -0.170495242 -0.0852833092
v -0.155669168 -0.196295246 -0.0856898651
v -0.155669168 -0.196295246 -0.0856898651
v -0.15602465 -0.170495242 -0.0852833092
v -0.15602465 -0.196295246 -0.0852833092
v -0.15602465 -0.170495242 -0.0852833092
v -0.156421885 -0.170495242 -0.0849174708
v -0.15602465 -0.196295246 -0.0852833092
v -0.15602465 -0.196295246 -0.0852833092
v -0.156421885 -0.170495242 -0.0849174708
v -0.156421885 -0.196295246 -0.0849174708
v -0.156421885 -0.170495242 -0.0849174708
v -0.156856269 -0.170495242 -0.0845966041
v -0.156421885 -0.196295246 -0.0849174708
v -0.156421885 -0.196295246 -0.0849174708
v -0.156856269 -0.170495242 -0.0845966041
v -0.156856269 -0.196295246 -0.0845966041
v -0.173758015 -0.170495242 -0.135137126
v -0.179412022 -0.196295246 -0.147660851
v -0.179412022 -0.170495242 -0.147660851
v -0.179412022 -0.196295246 -0.147660851
v -0.185752451 -0.196295246 -0.159851432
v -0.179412022 -0.170495242 -0.147660851
v -0.179412022 -0.170495242 -0.147660851
v -0.185752451 -0.196295246 -0.159851432
v -0.185752451 -0.170495242 -0.159851432
v -0.185752451 -0.196295246 -0.159851432
v -0.192759782 -0.196295246 -0.171671256
v -0.185752451 -0.170495242 -0.159851432
v -0.185752451 -0.170495242 -0.159851432
v -0.192759782 -0.196295246 -0.171671256
v -0.192759782 -0.170495242 -0.171671256
v -0.16107814 -0.170495242 -0.0959576666
v -0.16107814 -0.196295246 -0.0959576666
v -0.161640808 -0.170495242 -0.0983120948
v -0.16107814 -0.196295246 -0.0959576666
v -0.161640808 -0.196295246 -0.0983120948
v -0.161640808 -0.170495242 -0.0983120948
v -0.161640808 -0.170495242 -0.0983120948
v -0.161640808 -0.196295246 -0.0983120948
v -0.161987245 -0.170495242 -0.0997132361
v -0.161640808 -0.196295246 -0.0983120948
v -0.161987245 -0.196295246 -0.0997132361
v -0.161987245 -0.170495242 -0.0997132361
v -0.161987245 -0.170495242 -0.0997132361
v -0.161987245 -0.196295246 -0.0997132361
v -0.162061915 -0.170495242 -0.100010678
v -0.161987245 -0.196295246 -0.0997132361
v -0.162061915 -0.196295246 -0.100010678
v -0.162061915 -0.170495242 -0.100010678
v -0.162061915 -0.170495242 -0.100010678
v -0.162061915 -0.196295246 -0.100010678
v -0.16282545 -0.170495242 -0.102967404
v -0.162061915 -0.196295246 -0.100010678
v -0.16282545 -0.196295246 -0.102967404
v -0.16282545 -0.170495242 -0.102967404
v -0.16282545 -0.170495242 -0.102967404
v -0.16282545 -0.196295246 -0.102967404
v -0.164576933 -0.170495242 -0.109245621
v -0.16282545 -0.196295246 -0.102967404
v -0.164576933 -0.196295246 -0.109245621
v -0.164576933 -0.170495242 -0.109245621
v -0.164576933 -0.170495242 -0.109245621
v -0.164576933 -0.196295246 -0.109245621
v -0.166681528 -0.170495242 -0.116057977
v -0.164576933 -0.196295246 -0.109245621
v -0.166681528 -0.196295246 -0.116057977
v -0.166681528 -0.170495242 -0.116057977
v -0.166681528 -0.170495242 -0.116057977
v -0.166681528 -0.196295246 -0.116057977
v -0.167342633 -0.170495242 -0.118064284
v -0.166681528 -0.196295246 -0.116057977
v -0.167342633 -0.196295246 -0.118064284
v -0.167342633 -0.170495242 -0.118064284
v -0.167342633 -0.170495242 -0.118064284
v -0.167342633 -0.196295246 -0.118064284
v -0.167905644 -0.170495242 -0.11972896
v -0.167342633 -0.196295246 -0.118064284
v -0.167905644 -0.196295246 -0.11972896
v -0.167905644 -0.170495242 -0.11972896
v -0.167905644 -0.170495242 -0.11972896
v -0.167905644 -0.196295246 -0.11972896
v -0.168807909 -0.170495242 -0.122318886
v -0.167905644 -0.196295246 -0.11972896
v -0.168807909 -0.196295246 -0.122318886
v -0.168807909 -0.170495242 -0.122318886
v -0.168807909 -0.170495242 -0.122318886
v -0.168807909 -0.196295246 -0.122318886
v -0.170805544 -0.170495242 -0.127749965
v -0.168807909 -0.196295246 -0.122318886
v -0.170805544 -0.196295246 -0.127749965
v -0.170805544 -0.170495242 -0.127749965
v -0.170805544 -0.170495242 -0.127749965
v -0.170805544 -0.196295246 -0.127749965
v -0.173758015 -0.170495242 -0.135137126
v -0.170805544 -0.196295246 -0.127749965
v -0.173758015 -0.196295246 -0.135137126
v -0.173758015 -0.170495242 -0.135137126
v -0.173758015 -0.170495242 -0.135137126
v -0.173758015 -0.196295246 -0.135137126
v -0.179412022 -0.196295246 -0.147660851
v -0.194605485 -0.170495242 -0.171137616
v -0.194605485 -0.196295246 -0.171137616
v -0.194605485 -0.170495242 -0.162648052
v -0.194605485 -0.196295246 -0.171137616
v -0.194605485 -0.196295246 -0.162648052
v -0.194605485 -0.170495242 -0.162648052
v -0.194605485 -0.170495242 -0.162648052
v -0.194605485 -0.196295246 -0.162648052
v -0.194605485 -0.170495242 -0.150196522
v -0.194605485 -0.196295246 -0.162648052
v -0.194605485 -0.196295246 -0.150196522
v -0.194605485 -0.170495242 -0.150196522
v -0.194605485 -0.170495242 -0.150196522
v -0.194605485 -0.196295246 -0.150196522
v -0.194605485 -0.170495242 -0.136408091
v -0.194605485 -0.196295246 -0.150196522
v -0.194605485 -0.196295246 -0.136408091
v -0.194605485 -0.170495242 -0.136408091
v -0.194605485 -0.170495242 -0.136408091
v -0.194605485 -0.196295246 -0.136408091
v -0.194605485 -0.170495242 -0.127716452
v -0.194605485 -0.196295246 -0.136408091
v -0.194605485 -0.196295246 -0.127716452
v -0.194605485 -0.170495242 -0.127716452
v -0.194605485 -0.170495242 -0.127716452
v -0.194605485 -0.196295246 -0.127716452
v -0.194605485 -0.170495242 -0.119710192
v -0.194605485 -0.196295246 -0.127716452
v -0.194605485 -0.196295246 -0.119710192
v -0.194605485 -0.170495242 -0.119710192
v -0.194605485 -0.170495242 -0.119710192
v -0.194605485 -0.196295246 -0.119710192
v -0.194605485 -0.170495242 -0.116028644
v -0.194605485 -0.196295246 -0.119710192
v -0.194605485 -0.196295246 -0.116028644
v -0.194605485 -0.170495242 -0.116028644
v -0.194605485 -0.170495242 -0.116028644
v -0.194605485 -0.196295246 -0.116028644
v -0.194605485 -0.170495242 -0.0996935964
v -0.194605485 -0.196295246 -0.116028644
v -0.194605485 -0.196295246 -0.0996935964
v -0.194605485 -0.170495242 -0.0996935964
v -0.194605485 -0.170495242 -0.0996935964
v -0.194605485 -0.196295246 -0.0996935964
v -0.194605485 -0.170495242 -0.0936912596
v -0.194605485 -0.196295246 -0.0996935964
v -0.194605485 -0.196295246 -0.0936912596
v -0.194605485 -0.170495242 -0.0936912596
v -0.194605485 -0.170495242 -0.0936912596
v -0.194605485 -0.196295246 -0.0936912596
v -0.194605485 -0.170495242 -0.0918206125
v -0.194605485 -0.196295246 -0.0936912596
v -0.194605485 -0.196295246 -0.0918206125
v -0.194605485 -0.170495242 -0.0918206125
v -0.194605485 -0.170495242 -0.0918206125
v -0.194605485 -0.196295246 -0.0918206125
v -0.194605485 -0.170495242 -0.0866814479
v -0.194605485 -0.196295246 -0.0918206125
v -0.194605485 -0.196295246 -0.0866814479
v -0.194605485 -0.170495242 -0.0866814479
v -0.194605485 -0.170495242 -0.0866814479
v -0.194605485 -0.196295246 -0.0866814479
v -0.194605485 -0.170495242 -0.0824948251
v -0.194605485 -0.196295246 -0.0866814479
v -0.194605485 -0.196295246 -0.0824948251
v -0.194605485 -0.170495242 -0.0824948251
v -0.194605485 -0.170495242 -0.0824948251
v -0.194605485 -0.196295246 -0.0824948251
v -0.194605485 -0.170495242 -0.0750284493
v -0.194605485 -0.196295246 -0.0824948251
v -0.194605485 -0.196295246 -0.0750284493
v -0.194605485 -0.170495242 -0.0750284493
v -0.194605485 -0.170495242 -0.0750284493
v -0.194605485 -0.196295246 -0.0750284493
v -0.194605485 -0.170495242 -0.0698763579
v -0.194605485 -0.196295246 -0.0750284493
v -0.194605485 -0.196295246 -0.0698763579
v -0.194605485 -0.170495242 -0.0698763579
v -0.194605485 -0.170495242 -0.0698763579
v -0.194605485 -0.196295246 -0.0698763579
v -0.194605485 -0.170495242 -0.0627729446
v -0.194605485 -0.196295246 -0.0698763579
v -0.194605485 -0.196295246 -0.0627729446
v -0.194605485 -0.170495242 -0.0627729446
v -0.194605485 -0.170495242 -0.0627729446
v -0.194605485 -0.196295246 -0.0627729446
v -0.194605485 -0.170495242 -0.0572729446
v -0.194605485 -0.196295246 -0.0627729446
v -0.194605485 -0.196295246 -0.0572729446
v -0.194605485 -0.170495242 -0.0572729446
v -0.194605485 -0.170495242 -0.0572729446
v -0.194605485 -0.196295246 -0.0572729446
v -0.194605485 -0.170495242 -0.0517729446
v -0.194605485 -0.196295246 -0.0572729446
v -0.194605485 -0.196295246 -0.0517729446
v -0.194605485 -0.170495242 -0.0517729446
v -0.157881469 -0.196295246 -0.0487729423
v -0.157881469 -0.170495242 -0.0487729423
v -0.161694363 -0.196295246 -0.0487729423
v -0.157881469 -0.170495242 -0.0487729423
v -0.161694363 -0.170495242 -0.0487729423
v -0.161694363 -0.196295246 -0.0487729423
v -0.161694363 -0.196295246 -0.0487729423
v -0.161694363 -0.170495242 -0.0487729423
v -0.162139907 -0.196295246 -0.0487729423
v -0.161694363 -0.170495242 -0.0487729423
v -0.162139907 -0.170495242 -0.0487729423
v -0.162139907 -0.196295246 -0.0487729423
v -0.162139907 -0.196295246 -0.0487729423
v -0.162139907 -0.170495242 -0.0487729423
v -0.162917465 -0.196295246 -0.0487729423
v -0.162139907 -0.170495242 -0.0487729423
v -0.162917465 -0.170495242 -0.0487729423
v -0.162917465 -0.196295246 -0.0487729423
v -0.162917465 -0.196295246 -0.0487729423
v -0.162917465 -0.170495242 -0.0487729423
v -0.167422593 -0.196295246 -0.0487729423
v -0.162917465 -0.170495242 -0.0487729423
v -0.167422593 -0.170495242 -0.0487729423
v -0.167422593 -0.196295246 -0.0487729423
v -0.167422593 -0.196295246 -0.0487729423
v -0.167422593 -0.170495242 -0.0487729423
v -0.168960735 -0.196295246 -0.0487729423
v -0.167422593 -0.170495242 -0.0487729423
v -0.168960735 -0.170495242 -0.0487729423
v -0.168960735 -0.196295246 -0.0487729423
v -0.168960735 -0.196295246 -0.0487729423
v -0.168960735 -0.170495242 -0.0487729423
v -0.191605493 -0.196295246 -0.0487729423
v -0.168960735 -0.170495242 -0.0487729423
v -0.191605493 -0.170495242 -0.0487729423
v -0.191605493 -0.196295246 -0.0487729423
v -0.192805499 -0.170495242 -0.151250079
v -0.192805499 -0.196295246 -0.151250079
v -0.192805499 -0.170495242 -0.162648052
v -0.192805499 -0.196295246 -0.151250079
v -0.192805499 -0.196295246 -0.162648052
v -0.192805499 -0.170495242 -0.162648052
v -0.192805499 -0.170495242 -0.162648052
v -0.192805499 -0.196295246 -0.162648052
v -0.192805499 -0.170495242 -0.167970657
v -0.192805499 -0.196295246 -0.162648052
v -0.192805499 -0.196295246 -0.167970657
v -0.192805499 -0.170495242 -0.167970657
v -0.188200891 -0.196295246 -0.158620685
v -0.188200891 -0.170495242 -0.158620685
v -0.192805499 -0.196295246 -0.167970657
v -0.188200891 -0.170495242 -0.158620685
v -0.192805499 -0.170495242 -0.167970657
v -0.192805499 -0.196295246 -0.167970657
v -0.187595144 -0.196295246 -0.157325432
v -0.187595144 -0.170495242 -0.157325432
v -0.192805499 -0.196295246 -0.148985207
v -0.187595144 -0.170495242 -0.157325432
v -0.192805499 -0.170495242 -0.148985207
v -0.192805499 -0.196295246 -0.148985207
v -0.188200891 -0.170495242 -0.158620685
v -0.188200891 -0.196295246 -0.158620685
v -0.192805499 -0.170495242 -0.151250079
v -0.188200891 -0.196295246 -0.158620685
v -0.192805499 -0.196295246 -0.151250079
v -0.192805499 -0.170495242 -0.151250079
v -0.192805499 -0.196295246 -0.138899192
v -0.192805499 -0.196295246 -0.148985207
v -0.192805499 -0.170495242 -0.138899192
v -0.192805499 -0.196295246 -0.148985207
v -0.192805499 -0.170495242 -0.148985207
v -0.192805499 -0.170495242 -0.138899192
v -0.18449679 -0.196295246 -0.150427327
v -0.18449679 -0.170495242 -0.150427327
v -0.187595144 -0.196295246 -0.157325432
v -0.18449679 -0.170495242 -0.150427327
v -0.187595144 -0.170495242 -0.157325432
v -0.187595144 -0.196295246 -0.157325432
v -0.183943272 -0.196295246 -0.149142981
v -0.183943272 -0.170495242 -0.149142981
v -0.192805499 -0.196295246 -0.13684684
v -0.183943272 -0.170495242 -0.149142981
v -0.192805499 -0.170495242 -0.13684684
v -0.192805499 -0.196295246 -0.13684684
v -0.18449679 -0.170495242 -0.150427327
v -0.18449679 -0.196295246 -0.150427327
v -0.192805499 -0.170495242 -0.138899192
v -0.18449679 -0.196295246 -0.150427327
v -0.192805499 -0.196295246 -0.138899192
v -0.192805499 -0.170495242 -0.138899192
v -0.192805499 -0.170495242 -0.128634557
v -0.192805499 -0.196295246 -0.128634557
v -0.192805499 -0.170495242 -0.136408091
v -0.192805499 -0.196295246 -0.128634557
v -0.192805499 -0.196295246 -0.136408091
v -0.192805499 -0.170495242 -0.136408091
v -0.192805499 -0.170495242 -0.136408091
v -0.192805499 -0.196295246 -0.136408091
v -0.192805499 -0.170495242 -0.13684684
v -0.192805499 -0.196295246 -0.136408091
v -0.192805499 -0.196295246 -0.13684684
v -0.192805499 -0.170495242 -0.13684684
v -0.181244552 -0.196295246 -0.142624751
v -0.181244552 -0.170495242 -0.142624751
v -0.183943272 -0.196295246 -0.149142981
v -0.181244552 -0.170495242 -0.142624751
v -0.183943272 -0.170495242 -0.149142981
v -0.183943272 -0.196295246 -0.149142981
v -0.180739075 -0.196295246 -0.141352624
v -0.180739075 -0.170495242 -0.141352624
v -0.192805499 -0.196295246 -0.126750752
v -0.180739075 -0.170495242 -0.141352624
v -0.192805499 -0.170495242 -0.126750752
v -0.192805499 -0.196295246 -0.126750752
v -0.181244552 -0.170495242 -0.142624751
v -0.181244552 -0.196295246 -0.142624751
v -0.192805499 -0.170495242 -0.128634557
v -0.181244552 -0.196295246 -0.142624751
v -0.192805499 -0.196295246 -0.128634557
v -0.192805499 -0.170495242 -0.128634557
v -0.192805499 -0.196295246 -0.119900219
v -0.192805499 -0.196295246 -0.126750752
v -0.192805499 -0.170495242 -0.119900219
v -0.192805499 -0.196295246 -0.126750752
v -0.192805499 -0.170495242 -0.126750752
v -0.192805499 -0.170495242 -0.119900219
v -0.178381518 -0.196295246 -0.135176346
v -0.178381518 -0.170495242 -0.135176346
v -0.180739075 -0.196295246 -0.141352624
v -0.178381518 -0.170495242 -0.135176346
v -0.180739075 -0.170495242 -0.141352624
v -0.180739075 -0.196295246 -0.141352624
v -0.177920222 -0.196295246 -0.133916989
v -0.177920222 -0.170495242 -0.133916989
v -0.192805499 -0.196295246 -0.118152313
v -0.177920222 -0.170495242 -0.133916989
v -0.192805499 -0.170495242 -0.118152313
v -0.192805499 -0.196295246 -0.118152313
v -0.178381518 -0.170495242 -0.135176346
v -0.178381518 -0.196295246 -0.135176346
v -0.192805499 -0.170495242 -0.119900219
v -0.178381518 -0.196295246 -0.135176346
v -0.192805499 -0.196295246 -0.119900219
v -0.192805499 -0.170495242 -0.119900219
v -0.175854638 -0.196295246 -0.128045008
v -0.175854638 -0.170495242 -0.128045008
v -0.177920222 -0.196295246 -0.133916989
v -0.175854638 -0.170495242 -0.128045008
v -0.177920222 -0.170495242 -0.133916989
v -0.177920222 -0.196295246 -0.133916989
v -0.192805499 -0.170495242 -0.110680573
v -0.192805499 -0.196295246 -0.110680573
v -0.187041417 -0.170495242 -0.116028644
v -0.192805499 -0.196295246 -0.110680573
v -0.187041417 -0.196295246 -0.116028644
v -0.187041417 -0.170495242 -0.116028644
v -0.187041417 -0.170495242 -0.116028644
v -0.187041417 -0.196295246 -0.116028644
v -0.175433978 -0.170495242 -0.126798332
v -0.187041417 -0.196295246 -0.116028644
v -0.175433978 -0.196295246 -0.126798332
v -0.175433978 -0.170495242 -0.126798332
v -0.175854638 -0.170495242 -0.128045008
v -0.175854638 -0.196295246 -0.128045008
v -0.176208749 -0.170495242 -0.127716452
v -0.175854638 -0.196295246 -0.128045008
v -0.176208749 -0.196295246 -0.127716452
v -0.176208749 -0.170495242 -0.127716452
v -0.176208749 -0.170495242 -0.127716452
v -0.176208749 -0.196295246 -0.127716452
v -0.184837788 -0.170495242 -0.119710192
v -0.176208749 -0.196295246 -0.127716452
v -0.184837788 -0.196295246 -0.119710192
v -0.184837788 -0.170495242 -0.119710192
v -0.184837788 -0.170495242 -0.119710192
v -0.184837788 -0.196295246 -0.119710192
v -0.188805714 -0.170495242 -0.116028644
v -0.184837788 -0.196295246 -0.119710192
v -0.188805714 -0.196295246 -0.116028644
v -0.188805714 -0.170495242 -0.116028644
v -0.188805714 -0.170495242 -0.116028644
v -0.188805714 -0.196295246 -0.116028644
v -0.192805499 -0.170495242 -0.11231754
v -0.188805714 -0.196295246 -0.116028644
v -0.192805499 -0.196295246 -0.11231754
v -0.192805499 -0.170495242 -0.11231754
v -0.173737302 -0.196295246 -0.121570855
v -0.173737302 -0.170495242 -0.121570855
v -0.175433978 -0.196295246 -0.126798332
v -0.173737302 -0.170495242 -0.121570855
v -0.175433978 -0.170495242 -0.126798332
v -0.175433978 -0.196295246 -0.126798332
v -0.173101053 -0.196295246 -0.119520172
v -0.173101053 -0.170495242 -0.119520172
v -0.192805499 -0.196295246 -0.103807211
v -0.173101053 -0.170495242 -0.119520172
v -0.192805499 -0.170495242 -0.103807211
v -0.192805499 -0.196295246 -0.103807211
v -0.173737302 -0.170495242 -0.121570855
v -0.173737302 -0.196295246 -0.121570855
v -0.192805499 -0.170495242 -0.106365256
v -0.173737302 -0.196295246 -0.121570855
v -0.192805499 -0.196295246 -0.106365256
v -0.192805499 -0.170495242 -0.106365256
v -0.159605488 -0.170495242 -0.0907729417
v -0.159605488 -0.196295246 -0.0907729417
v -0.159389257 -0.170495242 -0.0907612219
v -0.159605488 -0.196295246 -0.0907729417
v -0.159389257 -0.196295246 -0.0907612219
v -0.159389257 -0.170495242 -0.0907612219
v -0.159389257 -0.170495242 -0.0907612219
v -0.159389257 -0.196295246 -0.0907612219
v -0.159175545 -0.170495242 -0.0907261819
v -0.159389257 -0.196295246 -0.0907612219
v -0.159175545 -0.196295246 -0.0907261819
v -0.159175545 -0.170495242 -0.0907261819
v -0.159175545 -0.170495242 -0.0907261819
v -0.159175545 -0.196295246 -0.0907261819
v -0.158966884 -0.170495242 -0.0906682536
v -0.159175545 -0.196295246 -0.0907261819
v -0.158966884 -0.196295246 -0.0906682536
v -0.158966884 -0.170495242 -0.0906682536
v -0.158966884 -0.170495242 -0.0906682536
v -0.158966884 -0.196295246 -0.0906682536
v -0.158765718 -0.170495242 -0.0905880928
v -0.158966884 -0.196295246 -0.0906682536
v -0.158765718 -0.196295246 -0.0905880928
v -0.158765718 -0.170495242 -0.0905880928
v -0.158765718 -0.170495242 -0.0905880928
v -0.158765718 -0.196295246 -0.0905880928
v -0.158574387 -0.170495242 -0.0904866606
v -0.158765718 -0.196295246 -0.0905880928
v -0.158574387 -0.196295246 -0.0904866606
v -0.158574387 -0.170495242 -0.0904866606
v -0.158574387 -0.170495242 -0.0904866606
v -0.158574387 -0.196295246 -0.0904866606
v -0.158395141 -0.170495242 -0.0903651267
v -0.158574387 -0.196295246 -0.0904866606
v -0.158395141 -0.196295246 -0.0903651267
v -0.158395141 -0.170495242 -0.0903651267
v -0.158395141 -0.170495242 -0.0903651267
v -0.158395141 -0.196295246 -0.0903651267
v -0.158230096 -0.170495242 -0.0902249366
v -0.158395141 -0.196295246 -0.0903651267
v -0.158230096 -0.196295246 -0.0902249366
v -0.158230096 -0.170495242 -0.0902249366
v -0.158230096 -0.170495242 -0.0902249366
v -0.158230096 -0.196295246 -0.0902249366
v -0.158081159 -0.170495242 -0.0900677145
v -0.158230096 -0.196295246 -0.0902249366
v -0.158081159 -0.196295246 -0.0900677145
v -0.158081159 -0.170495242 -0.0900677145
v -0.158081159 -0.170495242 -0.0900677145
v -0.158081159 -0.196295246 -0.0900677145
v -0.157950118 -0.170495242 -0.0898953155
v -0.158081159 -0.196295246 -0.0900677145
v -0.157950118 -0.196295246 -0.0898953155
v -0.157950118 -0.170495242 -0.0898953155
v -0.157950118 -0.170495242 -0.0898953155
v -0.157950118 -0.196295246 -0.0898953155
v -0.157838464 -0.170495242 -0.0897097588
v -0.157950118 -0.196295246 -0.0898953155
v -0.157838464 -0.196295246 -0.0897097588
v -0.157838464 -0.170495242 -0.0897097588
v -0.157838464 -0.170495242 -0.0897097588
v -0.157838464 -0.196295246 -0.0897097588
v -0.157747537 -0.170495242 -0.0895132199
v -0.157838464 -0.196295246 -0.0897097588
v -0.157747537 -0.196295246 -0.0895132199
v -0.157747537 -0.170495242 -0.0895132199
v -0.157747537 -0.170495242 -0.0895132199
v -0.157747537 -0.196295246 -0.0895132199
v -0.157678396 -0.170495242 -0.0893080011
v -0.157747537 -0.196295246 -0.0895132199
v -0.157678396 -0.196295246 -0.0893080011
v -0.157678396 -0.170495242 -0.0893080011
v -0.157678396 -0.170495242 -0.0893080011
v -0.157678396 -0.196295246 -0.0893080011
v -0.157631844 -0.170495242 -0.0890965089
v -0.157678396 -0.196295246 -0.0893080011
v -0.157631844 -0.196295246 -0.0890965089
v -0.157631844 -0.170495242 -0.0890965089
v -0.157631844 -0.170495242 -0.0890965089
v -0.157631844 -0.196295246 -0.0890965089
v -0.15760842 -0.170495242 -0.0888812244
v -0.157631844 -0.196295246 -0.0890965089
v -0.15760842 -0.196295246 -0.0888812244
v -0.15760842 -0.170495242 -0.0888812244
v -0.15760842 -0.170495242 -0.0888812244
v -0.15760842 -0.196295246 -0.0888812244
v -0.15760842 -0.170495242 -0.0886646658
v -0.15760842 -0.196295246 -0.0888812244
v -0.15760842 -0.196295246 -0.0886646658
v -0.15760842 -0.170495242 -0.0886646658
v -0.15760842 -0.170495242 -0.0886646658
v -0.15760842 -0.196295246 -0.0886646658
v -0.157631844 -0.170495242 -0.0884493813
v -0.15760842 -0.196295246 -0.0886646658
v -0.157631844 -0.196295246 -0.0884493813
v -0.157631844 -0.170495242 -0.0884493813
v -0.157631844 -0.170495242 -0.0884493813
v -0.157631844 -0.196295246 -0.0884493813
v -0.157678396 -0.170495242 -0.0882378891
v -0.157631844 -0.196295246 -0.0884493813
v -0.157678396 -0.196295246 -0.0882378891
v -0.157678396 -0.170495242 -0.0882378891
v -0.157678396 -0.170495242 -0.0882378891
v -0.157678396 -0.196295246 -0.0882378891
v -0.157747537 -0.170495242 -0.0880326703
v -0.157678396 -0.196295246 -0.0882378891
v -0.157747537 -0.196295246 -0.0880326703
v -0.157747537 -0.170495242 -0.0880326703
v -0.157747537 -0.170495242 -0.0880326703
v -0.157747537 -0.196295246 -0.0880326703
v -0.157838464 -0.170495242 -0.087836124
v -0.157747537 -0.196295246 -0.0880326703
v -0.157838464 -0.196295246 -0.087836124
v -0.157838464 -0.170495242 -0.087836124
v -0.157838464 -0.170495242 -0.087836124
v -0.157838464 -0.196295246 -0.087836124
v -0.157950118 -0.170495242 -0.0876505673
v -0.157838464 -0.196295246 -0.087836124
v -0.157950118 -0.196295246 -0.0876505673
v -0.157950118 -0.170495242 -0.0876505673
v -0.157950118 -0.170495242 -0.0876505673
v -0.157950118 -0.196295246 -0.0876505673
v -0.158081159 -0.170495242 -0.0874781683
v -0.157950118 -0.196295246 -0.0876505673
v -0.158081159 -0.196295246 -0.0874781683
v -0.158081159 -0.170495242 -0.0874781683
v -0.158081159 -0.170495242 -0.0874781683
v -0.158081159 -0.196295246 -0.0874781683
v -0.158230096 -0.170495242 -0.0873209536
v -0.158081159 -0.196295246 -0.0874781683
v -0.158230096 -0.196295246 -0.0873209536
v -0.158230096 -0.170495242 -0.0873209536
v -0.158230096 -0.170495242 -0.0873209536
v -0.158230096 -0.196295246 -0.0873209536
v -0.158395141 -0.170495242 -0.087180756
v -0.158230096 -0.196295246 -0.0873209536
v -0.158395141 -0.196295246 -0.087180756
v -0.158395141 -0.170495242 -0.087180756
v -0.158395141 -0.170495242 -0.087180756
v -0.158395141 -0.196295246 -0.087180756
v -0.158574387 -0.170495242 -0.0870592296
v -0.158395141 -0.196295246 -0.087180756
v -0.158574387 -0.196295246 -0.0870592296
v -0.158574387 -0.170495242 -0.0870592296
v -0.158574387 -0.170495242 -0.0870592296
v -0.158574387 -0.196295246 -0.0870592296
v -0.158765718 -0.170495242 -0.08695779
v -0.158574387 -0.196295246 -0.0870592296
v -0.158765718 -0.196295246 -0.08695779
v -0.158765718 -0.170495242 -0.08695779
v -0.158765718 -0.170495242 -0.08695779
v -0.158765718 -0.196295246 -0.08695779
v -0.158966884 -0.170495242 -0.0868776366
v -0.158765718 -0.196295246 -0.08695779
v -0.158966884 -0.196295246 -0.0868776366
v -0.158966884 -0.170495242 -0.0868776366
v -0.158966884 -0.170495242 -0.0868776366
v -0.158966884 -0.196295246 -0.0868776366
v -0.159175545 -0.170495242 -0.0868197009
v -0.158966884 -0.196295246 -0.0868776366
v -0.159175545 -0.196295246 -0.0868197009
v -0.159175545 -0.170495242 -0.0868197009
v -0.159175545 -0.170495242 -0.0868197009
v -0.159175545 -0.196295246 -0.0868197009
v -0.159389257 -0.170495242 -0.0867846683
v -0.159175545 -0.196295246 -0.0868197009
v -0.159389257 -0.196295246 -0.0867846683
v -0.159389257 -0.170495242 -0.0867846683
v -0.159389257 -0.170495242 -0.0867846683
v -0.159389257 -0.196295246 -0.0867846683
v -0.159605488 -0.170495242 -0.0867729411
v -0.159389257 -0.196295246 -0.0867846683
v -0.159605488 -0.196295246 -0.0867729411
v -0.159605488 -0.170495242 -0.0867729411
v -0.159605488 -0.170495242 -0.0867729411
v -0.159605488 -0.196295246 -0.0867729411
v -0.159821734 -0.170495242 -0.0867846683
v -0.159605488 -0.196295246 -0.0867729411
v -0.159821734 -0.196295246 -0.0867846683
v -0.159821734 -0.170495242 -0.0867846683
v -0.159821734 -0.170495242 -0.0867846683
v -0.159821734 -0.196295246 -0.0867846683
v -0.160035431 -0.170495242 -0.0868197009
v -0.159821734 -0.196295246 -0.0867846683
v -0.160035431 -0.196295246 -0.0868197009
v -0.160035431 -0.170495242 -0.0868197009
v -0.160035431 -0.170495242 -0.0868197009
v -0.160035431 -0.196295246 -0.0868197009
v -0.160244092 -0.170495242 -0.0868776366
v -0.160035431 -0.196295246 -0.0868197009
v -0.160244092 -0.196295246 -0.0868776366
v -0.160244092 -0.170495242 -0.0868776366
v -0.160244092 -0.170495242 -0.0868776366
v -0.160244092 -0.196295246 -0.0868776366
v -0.160445273 -0.170495242 -0.08695779
v -0.160244092 -0.196295246 -0.0868776366
v -0.160445273 -0.196295246 -0.08695779
v -0.160445273 -0.170495242 -0.08695779
v -0.160445273 -0.170495242 -0.08695779
v -0.160445273 -0.196295246 -0.08695779
v -0.160636604 -0.170495242 -0.0870592296
v -0.160445273 -0.196295246 -0.08695779
v -0.160636604 -0.196295246 -0.0870592296
v -0.160636604 -0.170495242 -0.0870592296
v -0.160636604 -0.170495242 -0.0870592296
v -0.160636604 -0.196295246 -0.0870592296
v -0.160815835 -0.170495242 -0.087180756
v -0.160636604 -0.196295246 -0.0870592296
v -0.160815835 -0.196295246 -0.087180756
v -0.160815835 -0.170495242 -0.087180756
v -0.160815835 -0.170495242 -0.087180756
v -0.160815835 -0.196295246 -0.087180756
v -0.160980895 -0.170495242 -0.0873209536
v -0.160815835 -0.196295246 -0.087180756
v -0.160980895 -0.196295246 -0.0873209536
v -0.160980895 -0.170495242 -0.0873209536
v -0.160980895 -0.170495242 -0.0873209536
v -0.160980895 -0.196295246 -0.0873209536
v -0.161129817 -0.170495242 -0.0874781683
v -0.160980895 -0.196295246 -0.0873209536
v -0.161129817 -0.196295246 -0.0874781683
v -0.161129817 -0.170495242 -0.0874781683
v -0.161129817 -0.170495242 -0.0874781683
v -0.161129817 -0.196295246 -0.0874781683
v -0.161260873 -0.170495242 -0.0876505673
v -0.161129817 -0.196295246 -0.0874781683
v -0.161260873 -0.196295246 -0.0876505673
v -0.161260873 -0.170495242 -0.0876505673
v -0.161260873 -0.170495242 -0.0876505673
v -0.161260873 -0.196295246 -0.0876505673
v -0.161372513 -0.170495242 -0.087836124
v -0.161260873 -0.196295246 -0.0876505673
v -0.161372513 -0.196295246 -0.087836124
v -0.161372513 -0.170495242 -0.087836124
v -0.161372513 -0.170495242 -0.087836124
v -0.161372513 -0.196295246 -0.087836124
v -0.161463439 -0.170495242 -0.0880326703
v -0.161372513 -0.196295246 -0.087836124
v -0.161463439 -0.196295246 -0.0880326703
v -0.161463439 -0.170495242 -0.0880326703
v -0.161463439 -0.170495242 -0.0880326703
v -0.161463439 -0.196295246 -0.0880326703
v -0.161532596 -0.170495242 -0.0882378891
v -0.161463439 -0.196295246 -0.0880326703
v -0.161532596 -0.196295246 -0.0882378891
v -0.161532596 -0.170495242 -0.0882378891
v -0.161532596 -0.170495242 -0.0882378891
v -0.161532596 -0.196295246 -0.0882378891
v -0.161579147 -0.170495242 -0.0884493813
v -0.161532596 -0.196295246 -0.0882378891
v -0.161579147 -0.196295246 -0.0884493813
v -0.161579147 -0.170495242 -0.0884493813
v -0.161579147 -0.170495242 -0.0884493813
v -0.161579147 -0.196295246 -0.0884493813
v -0.161602557 -0.170495242 -0.0886646658
v -0.161579147 -0.196295246 -0.0884493813
v -0.161602557 -0.196295246 -0.0886646658
v -0.161602557 -0.170495242 -0.0886646658
v -0.161602557 -0.170495242 -0.0886646658
v -0.161602557 -0.196295246 -0.0886646658
v -0.161602557 -0.170495242 -0.0888812244
v -0.161602557 -0.196295246 -0.0886646658
v -0.161602557 -0.196295246 -0.0888812244
v -0.161602557 -0.170495242 -0.0888812244
v -0.161602557 -0.170495242 -0.0888812244
v -0.161602557 -0.196295246 -0.0888812244
v -0.161579147 -0.170495242 -0.0890965089
v -0.161602557 -0.196295246 -0.0888812244
v -0.161579147 -0.196295246 -0.0890965089
v -0.161579147 -0.170495242 -0.0890965089
v -0.161579147 -0.170495242 -0.0890965089
v -0.161579147 -0.196295246 -0.0890965089
v -0.161532596 -0.170495242 -0.0893080011
v -0.161579147 -0.196295246 -0.0890965089
v -0.161532596 -0.196295246 -0.0893080011
v -0.161532596 -0.170495242 -0.0893080011
v -0.161532596 -0.170495242 -0.0893080011
v -0.161532596 -0.196295246 -0.0893080011
v -0.161463439 -0.170495242 -0.0895132199
v -0.161532596 -0.196295246 -0.0893080011
v -0.161463439 -0.196295246 -0.0895132199
v -0.161463439 -0.170495242 -0.0895132199
v -0.161463439 -0.170495242 -0.0895132199
v -0.161463439 -0.196295246 -0.0895132199
v -0.161372513 -0.170495242 -0.0897097588
v -0.161463439 -0.196295246 -0.0895132199
v -0.161372513 -0.196295246 -0.0897097588
v -0.161372513 -0.170495242 -0.0897097588
v -0.161372513 -0.170495242 -0.0897097588
v -0.161372513 -0.196295246 -0.0897097588
v -0.161260873 -0.170495242 -0.0898953155
v -0.161372513 -0.196295246 -0.0897097588
v -0.161260873 -0.196295246 -0.0898953155
v -0.161260873 -0.170495242 -0.0898953155
v -0.161260873 -0.170495242 -0.0898953155
v -0.161260873 -0.196295246 -0.0898953155
v -0.161129817 -0.170495242 -0.0900677145
v -0.161260873 -0.196295246 -0.0898953155
v -0.161129817 -0.196295246 -0.0900677145
v -0.161129817 -0.170495242 -0.0900677145
v -0.161129817 -0.170495242 -0.0900677145
v -0.161129817 -0.196295246 -0.0900677145
v -0.160980895 -0.170495242 -0.0902249366
v -0.161129817 -0.196295246 -0.0900677145
v -0.160980895 -0.196295246 -0.0902249366
v -0.160980895 -0.170495242 -0.0902249366
v -0.160980895 -0.170495242 -0.0902249366
v -0.160980895 -0.196295246 -0.0902249366
v -0.160815835 -0.170495242 -0.0903651267
v -0.160980895 -0.196295246 -0.0902249366
v -0.160815835 -0.196295246 -0.0903651267
v -0.160815835 -0.170495242 -0.0903651267
v -0.160815835 -0.170495242 -0.0903651267
v -0.160815835 -0.196295246 -0.0903651267
v -0.160636604 -0.170495242 -0.0904866606
v -0.160815835 -0.196295246 -0.0903651267
v -0.160636604 -0.196295246 -0.0904866606
v -0.160636604 -0.170495242 -0.0904866606
v -0.160636604 -0.170495242 -0.0904866606
v -0.160636604 -0.196295246 -0.0904866606
v -0.160445273 -0.170495242 -0.0905880928
v -0.160636604 -0.196295246 -0.0904866606
v -0.160445273 -0.196295246 -0.0905880928
v -0.160445273 -0.170495242 -0.0905880928
v -0.160445273 -0.170495242 -0.0905880928
v -0.160445273 -0.196295246 -0.0905880928
v -0.160244092 -0.170495242 -0.0906682536
v -0.160445273 -0.196295246 -0.0905880928
v -0.160244092 -0.196295246 -0.0906682536
v -0.160244092 -0.170495242 -0.0906682536
v -0.160244092 -0.170495242 -0.0906682536
v -0.160244092 -0.196295246 -0.0906682536
v -0.160035431 -0.170495242 -0.0907261819
v -0.160244092 -0.196295246 -0.0906682536
v -0.160035431 -0.196295246 -0.0907261819
v -0.160035431 -0.170495242 -0.0907261819
v -0.160035431 -0.170495242 -0.0907261819
v -0.160035431 -0.196295246 -0.0907261819
v -0.159821734 -0.170495242 -0.0907612219
v -0.160035431 -0.196295246 -0.0907261819
v -0.159821734 -0.196295246 -0.0907612219
v -0.159821734 -0.170495242 -0.0907612219
v -0.159821734 -0.170495242 -0.0907612219
v -0.159821734 -0.196295246 -0.0907612219
v -0.159605488 -0.170495242 -0.0907729417
v -0.159821734 -0.196295246 -0.0907612219
v -0.159605488 -0.196295246 -0.0907729417
v -0.159605488 -0.170495242 -0.0907729417
v -0.192805499 -0.196295246 -0.100130238
v -0.192805499 -0.196295246 -0.103807211
v -0.192805499 -0.170495242 -0.100130238
v -0.192805499 -0.196295246 -0.103807211
v -0.192805499 -0.170495242 -0.103807211
v -0.192805499 -0.170495242 -0.100130238
v -0.171631247 -0.196295246 -0.114565909
v -0.171631247 -0.170495242 -0.114565909
v -0.173101053 -0.196295246 -0.119520172
v -0.171631247 -0.170495242 -0.114565909
v -0.173101053 -0.170495242 -0.119520172
v -0.173101053 -0.196295246 -0.119520172
v -0.171056569 -0.196295246 -0.112537123
v -0.171056569 -0.170495242 -0.112537123
v -0.192805499 -0.196295246 -0.0977096632
v -0.171056569 -0.170495242 -0.112537123
v -0.192805499 -0.170495242 -0.0977096632
v -0.192805499 -0.196295246 -0.0977096632
v -0.192805499 -0.196295246 -0.0758550838
v -0.192805499 -0.170495242 -0.0758550838
v -0.168960735 -0.196295246 -0.0812972859
v -0.192805499 -0.170495242 -0.0758550838
v -0.168960735 -0.170495242 -0.0812972859
v -0.168960735 -0.196295246 -0.0812972859
v -0.168960735 -0.196295246 -0.0812972859
v -0.168960735 -0.170495242 -0.0812972859
v -0.164313406 -0.196295246 -0.0823579654
v -0.168960735 -0.170495242 -0.0812972859
v -0.164313406 -0.170495242 -0.0823579654
v -0.164313406 -0.196295246 -0.0823579654
v -0.163338333 -0.196295246 -0.0761815831
v -0.163338333 -0.170495242 -0.0761815831
v -0.163986653 -0.196295246 -0.0803811103
v -0.163338333 -0.170495242 -0.0761815831
v -0.163986653 -0.170495242 -0.0803811103
v -0.163986653 -0.196295246 -0.0803811103
v -0.163054198 -0.196295246 -0.0742018148
v -0.163054198 -0.170495242 -0.0742018148
v -0.167422593 -0.196295246 -0.0735434145
v -0.163054198 -0.170495242 -0.0742018148
v -0.167422593 -0.170495242 -0.0735434145
v -0.167422593 -0.196295246 -0.0735434145
v -0.167422593 -0.196295246 -0.0735434145
v -0.167422593 -0.170495242 -0.0735434145
v -0.168960735 -0.196295246 -0.0733115822
v -0.167422593 -0.170495242 -0.0735434145
v -0.168960735 -0.170495242 -0.0733115822
v -0.168960735 -0.196295246 -0.0733115822
v -0.168960735 -0.196295246 -0.0733115822
v -0.168960735 -0.170495242 -0.0733115822
v -0.191752836 -0.196295246 -0.0698763579
v -0.168960735 -0.170495242 -0.0733115822
v -0.191752836 -0.170495242 -0.0698763579
v -0.191752836 -0.196295246 -0.0698763579
v -0.191752836 -0.196295246 -0.0698763579
v -0.191752836 -0.170495242 -0.0698763579
v -0.192805499 -0.196295246 -0.0697176978
v -0.191752836 -0.170495242 -0.0698763579
v -0.192805499 -0.170495242 -0.0697176978
v -0.192805499 -0.196295246 -0.0697176978
v -0.192805499 -0.196295246 -0.071740292
v -0.192805499 -0.170495242 -0.071740292
v -0.170989156 -0.196295246 -0.0750284493
v -0.192805499 -0.170495242 -0.071740292
v -0.170989156 -0.170495242 -0.0750284493
v -0.170989156 -0.196295246 -0.0750284493
v -0.170989156 -0.196295246 -0.0750284493
v -0.170989156 -0.170495242 -0.0750284493
v -0.168960735 -0.196295246 -0.075334169
v -0.170989156 -0.170495242 -0.0750284493
v -0.168960735 -0.170495242 -0.075334169
v -0.168960735 -0.196295246 -0.075334169
v -0.168960735 -0.196295246 -0.075334169
v -0.168960735 -0.170495242 -0.075334169
v -0.167422593 -0.196295246 -0.0755660012
v -0.168960735 -0.170495242 -0.075334169
v -0.167422593 -0.170495242 -0.0755660012
v -0.167422593 -0.196295246 -0.0755660012
v -0.167422593 -0.196295246 -0.0755660012
v -0.167422593 -0.170495242 -0.0755660012
v -0.163338333 -0.196295246 -0.0761815831
v -0.167422593 -0.170495242 -0.0755660012
v -0.163338333 -0.170495242 -0.0761815831
v -0.163338333 -0.196295246 -0.0761815831
v -0.162254289 -0.196295246 -0.0680124238
v -0.162254289 -0.170495242 -0.0680124238
v -0.162917465 -0.196295246 -0.0679627284
v -0.162254289 -0.170495242 -0.0680124238
v -0.162917465 -0.170495242 -0.0679627284
v -0.162917465 -0.196295246 -0.0679627284
v -0.162917465 -0.196295246 -0.0679627284
v -0.162917465 -0.170495242 -0.0679627284
v -0.167422593 -0.196295246 -0.0676251277
v -0.162917465 -0.170495242 -0.0679627284
v -0.167422593 -0.170495242 -0.0676251277
v -0.167422593 -0.196295246 -0.0676251277
v -0.167422593 -0.196295246 -0.0676251277
v -0.167422593 -0.170495242 -0.0676251277
v -0.168960735 -0.196295246 -0.0675098673
v -0.167422593 -0.170495242 -0.0676251277
v -0.168960735 -0.170495242 -0.0675098673
v -0.168960735 -0.196295246 -0.0675098673
v -0.168960735 -0.196295246 -0.0675098673
v -0.168960735 -0.170495242 -0.0675098673
v -0.192805499 -0.196295246 -0.0657230169
v -0.168960735 -0.170495242 -0.0675098673
v -0.192805499 -0.170495242 -0.0657230169
v -0.192805499 -0.196295246 -0.0657230169
v -0.192805499 -0.196295246 -0.0677286237
v -0.192805499 -0.170495242 -0.0677286237
v -0.168960735 -0.196295246 -0.0695154741
v -0.192805499 -0.170495242 -0.0677286237
v -0.168960735 -0.170495242 -0.0695154741
v -0.168960735 -0.196295246 -0.0695154741
v -0.168960735 -0.196295246 -0.0695154741
v -0.168960735 -0.170495242 -0.0695154741
v -0.167422593 -0.196295246 -0.0696307346
v -0.168960735 -0.170495242 -0.0695154741
v -0.167422593 -0.170495242 -0.0696307346
v -0.167422593 -0.196295246 -0.0696307346
v -0.167422593 -0.196295246 -0.0696307346
v -0.167422593 -0.170495242 -0.0696307346
v -0.164144889 -0.196295246 -0.0698763579
v -0.167422593 -0.170495242 -0.0696307346
v -0.164144889 -0.170495242 -0.0698763579
v -0.164144889 -0.196295246 -0.0698763579
v -0.164144889 -0.196295246 -0.0698763579
v -0.164144889 -0.170495242 -0.0698763579
v -0.162917465 -0.196295246 -0.0699683353
v -0.164144889 -0.170495242 -0.0698763579
v -0.162917465 -0.170495242 -0.0699683353
v -0.162917465 -0.196295246 -0.0699683353
v -0.162917465 -0.196295246 -0.0699683353
v -0.162917465 -0.170495242 -0.0699683353
v -0.162496597 -0.196295246 -0.0699998736
v -0.162917465 -0.170495242 -0.0699683353
v -0.162496597 -0.170495242 -0.0699998736
v -0.162496597 -0.196295246 -0.0699998736
v -0.192805499 -0.196295246 -0.071740292
v -0.192805499 -0.196295246 -0.0738036558
v -0.192805499 -0.170495242 -0.071740292
v -0.192805499 -0.196295246 -0.0738036558
v -0.192805499 -0.170495242 -0.0738036558
v -0.192805499 -0.170495242 -0.071740292
v -0.16767782 -0.196295246 -0.0992569625
v -0.16767782 -0.170495242 -0.0992569625
v -0.168960735 -0.196295246 -0.0986391678
v -0.16767782 -0.170495242 -0.0992569625
v -0.168960735 -0.170495242 -0.0986391678
v -0.168960735 -0.196295246 -0.0986391678
v -0.168960735 -0.196295246 -0.0986391678
v -0.168960735 -0.170495242 -0.0986391678
v -0.179235607 -0.196295246 -0.0936912596
v -0.168960735 -0.170495242 -0.0986391678
v -0.179235607 -0.170495242 -0.0936912596
v -0.179235607 -0.196295246 -0.0936912596
v -0.179235607 -0.196295246 -0.0936912596
v -0.179235607 -0.170495242 -0.0936912596
v -0.183120221 -0.196295246 -0.0918206125
v -0.179235607 -0.170495242 -0.0936912596
v -0.183120221 -0.170495242 -0.0918206125
v -0.183120221 -0.196295246 -0.0918206125
v -0.183120221 -0.196295246 -0.0918206125
v -0.183120221 -0.170495242 -0.0918206125
v -0.192805499 -0.196295246 -0.0871566236
v -0.183120221 -0.170495242 -0.0918206125
v -0.192805499 -0.170495242 -0.0871566236
v -0.192805499 -0.196295246 -0.0871566236
v -0.162496597 -0.196295246 -0.0699998736
v -0.162496597 -0.170495242 -0.0699998736
v -0.163054198 -0.196295246 -0.0742018148
v -0.162496597 -0.170495242 -0.0699998736
v -0.163054198 -0.170495242 -0.0742018148
v -0.163054198 -0.196295246 -0.0742018148
v -0.192805499 -0.170495242 -0.11231754
v -0.192805499 -0.196295246 -0.11231754
v -0.192805499 -0.170495242 -0.116028644
v -0.192805499 -0.196295246 -0.11231754
v -0.192805499 -0.196295246 -0.116028644
v -0.192805499 -0.170495242 -0.116028644
v -0.192805499 -0.170495242 -0.116028644
v -0.192805499 -0.196295246 -0.116028644
v -0.192805499 -0.170495242 -0.118152313
v -0.192805499 -0.196295246 -0.116028644
v -0.192805499 -0.196295246 -0.118152313
v -0.192805499 -0.170495242 -0.118152313
v -0.164313406 -0.196295246 -0.0823579654
v -0.167422593 -0.196295246 -0.0795969144
v -0.168960735 -0.196295246 -0.0792458504
v -0.182049066 -0.196295246 -0.0866814479
v -0.187523603 -0.196295246 -0.0866814479
v -0.174428701 -0.196295246 -0.0918206125
v -0.187041417 -0.196295246 -0.116028644
v -0.184837788 -0.196295246 -0.119710192
v -0.175433978 -0.196295246 -0.126798332
v -0.184837788 -0.196295246 -0.119710192
v -0.176208749 -0.196295246 -0.127716452
v -0.175433978 -0.196295246 -0.126798332
v -0.156299636 -0.196295246 -0.0925241187
v -0.155914351 -0.196295246 -0.0921456963
v -0.161694363 -0.196295246 -0.0918206125
v -0.189821735 -0.196295246 -0.0557612181
v -0.190035433 -0.196295246 -0.0557261854
v -0.194605485 -0.196295246 -0.0572729446
v -0.187950119 -0.196295246 -0.0548953153
v -0.18808116 -0.196295246 -0.0550677143
v -0.168960735 -0.196295246 -0.0572729446
v -0.168960735 -0.196295246 -0.0572729446
v -0.189389259 -0.196295246 -0.0557612181
v -0.194605485 -0.196295246 -0.0572729446
v -0.189389259 -0.196295246 -0.0557612181
v -0.189605489 -0.196295246 -0.0557729416
v -0.194605485 -0.196295246 -0.0572729446
v -0.194605485 -0.196295246 -0.0572729446
v -0.189605489 -0.196295246 -0.0557729416
v -0.189821735 -0.196295246 -0.0557612181
v -0.188574389 -0.196295246 -0.0554866567
v -0.18876572 -0.196295246 -0.0555880927
v -0.168960735 -0.196295246 -0.0572729446
v -0.190035433 -0.196295246 -0.0557261854
v -0.190244094 -0.196295246 -0.0556682497
v -0.194605485 -0.196295246 -0.0572729446
v -0.190244094 -0.196295246 -0.0556682497
v -0.190445274 -0.196295246 -0.0555880927
v -0.194605485 -0.196295246 -0.0572729446
v -0.194605485 -0.196295246 -0.0572729446
v -0.190445274 -0.196295246 -0.0555880927
v -0.190636605 -0.196295246 -0.0554866567
v -0.190035433 -0.196295246 -0.0518197007
v -0.189821735 -0.196295246 -0.0517846681
v -0.191605493 -0.196295246 -0.0487729423
v -0.189821735 -0.196295246 -0.0517846681
v -0.189605489 -0.196295246 -0.0517729446
v -0.191605493 -0.196295246 -0.0487729423
v -0.191605493 -0.196295246 -0.0487729423
v -0.189605489 -0.196295246 -0.0517729446
v -0.189389259 -0.196295246 -0.0517846681
v -0.18876572 -0.196295246 -0.0555880927
v -0.188966885 -0.196295246 -0.0556682497
v -0.168960735 -0.196295246 -0.0572729446
v -0.188966885 -0.196295246 -0.0556682497
v -0.189175546 -0.196295246 -0.0557261854
v -0.168960735 -0.196295246 -0.0572729446
v -0.168960735 -0.196295246 -0.0572729446
v -0.189175546 -0.196295246 -0.0557261854
v -0.189389259 -0.196295246 -0.0557612181
v -0.190636605 -0.196295246 -0.0554866567
v -0.190815836 -0.196295246 -0.0553651303
v -0.194605485 -0.196295246 -0.0572729446
v -0.190815836 -0.196295246 -0.0553651303
v -0.190980896 -0.196295246 -0.0552249327
v -0.194605485 -0.196295246 -0.0572729446
v -0.194605485 -0.196295246 -0.0572729446
v -0.190980896 -0.196295246 -0.0552249327
v -0.191129819 -0.196295246 -0.0550677143
v -0.191602558 -0.196295246 -0.0536646657
v -0.191579148 -0.196295246 -0.0534493774
v -0.194605485 -0.196295246 -0.0517729446
v -0.192532539 -0.196295246 -0.0489197746
v -0.192825705 -0.196295246 -0.0490323082
v -0.190636605 -0.196295246 -0.0520592295
v -0.192825705 -0.196295246 -0.0490323082
v -0.190815836 -0.196295246 -0.0521807559
v -0.190636605 -0.196295246 -0.0520592295
v -0.192532539 -0.196295246 -0.0489197746
v -0.190636605 -0.196295246 -0.0520592295
v -0.192229226 -0.196295246 -0.0488384999
v -0.190636605 -0.196295246 -0.0520592295
v -0.190445274 -0.196295246 -0.0519577935
v -0.192229226 -0.196295246 -0.0488384999
v -0.192229226 -0.196295246 -0.0488384999
v -0.190445274 -0.196295246 -0.0519577935
v -0.191919073 -0.196295246 -0.0487893783
v -0.191919073 -0.196295246 -0.0487893783
v -0.190445274 -0.196295246 -0.0519577935
v -0.191605493 -0.196295246 -0.0487729423
v -0.190445274 -0.196295246 -0.0519577935
v -0.190244094 -0.196295246 -0.0518776365
v -0.191605493 -0.196295246 -0.0487729423
v -0.191605493 -0.196295246 -0.0487729423
v -0.190244094 -0.196295246 -0.0518776365
v -0.190035433 -0.196295246 -0.0518197007
v -0.189389259 -0.196295246 -0.0517846681
v -0.189175546 -0.196295246 -0.0518197007
v -0.191605493 -0.196295246 -0.0487729423
v -0.189175546 -0.196295246 -0.0518197007
v -0.188966885 -0.196295246 -0.0518776365
v -0.191605493 -0.196295246 -0.0487729423
v -0.191605493 -0.196295246 -0.0487729423
v -0.188966885 -0.196295246 -0.0518776365
v -0.168960735 -0.196295246 -0.0487729423
v -0.188966885 -0.196295246 -0.0518776365
v -0.18876572 -0.196295246 -0.0519577935
v -0.168960735 -0.196295246 -0.0487729423
v -0.168960735 -0.196295246 -0.0487729423
v -0.18876572 -0.196295246 -0.0519577935
v -0.188574389 -0.196295246 -0.0520592295
v -0.188574389 -0.196295246 -0.0520592295
v -0.188395143 -0.196295246 -0.0521807559
v -0.168960735 -0.196295246 -0.0487729423
v -0.188395143 -0.196295246 -0.0521807559
v -0.188230097 -0.196295246 -0.0523209535
v -0.168960735 -0.196295246 -0.0487729423
v -0.168960735 -0.196295246 -0.0487729423
v -0.188230097 -0.196295246 -0.0523209535
v -0.18808116 -0.196295246 -0.0524781719
v -0.18808116 -0.196295246 -0.0550677143
v -0.188230097 -0.196295246 -0.0552249327
v -0.168960735 -0.196295246 -0.0572729446
v -0.188230097 -0.196295246 -0.0552249327
v -0.188395143 -0.196295246 -0.0553651303
v -0.168960735 -0.196295246 -0.0572729446
v -0.168960735 -0.196295246 -0.0572729446
v -0.188395143 -0.196295246 -0.0553651303
v -0.188574389 -0.196295246 -0.0554866567
v -0.191129819 -0.196295246 -0.0550677143
v -0.191260874 -0.196295246 -0.0548953153
v -0.194605485 -0.196295246 -0.0572729446
v -0.191260874 -0.196295246 -0.0548953153
v -0.191372514 -0.196295246 -0.0547097586
v -0.194605485 -0.196295246 -0.0572729446
v -0.194605485 -0.196295246 -0.0572729446
v -0.191372514 -0.196295246 -0.0547097586
v -0.191463441 -0.196295246 -0.0545132197
v -0.192825705 -0.196295246 -0.0490323082
v -0.193105489 -0.196295246 -0.0491748676
v -0.190815836 -0.196295246 -0.0521807559
v -0.193105489 -0.196295246 -0.0491748676
v -0.193368852 -0.196295246 -0.0493458919
v -0.190815836 -0.196295246 -0.0521807559
v -0.190815836 -0.196295246 -0.0521807559
v -0.193368852 -0.196295246 -0.0493458919
v -0.190980896 -0.196295246 -0.0523209535
v -0.18808116 -0.196295246 -0.0524781719
v -0.187950119 -0.196295246 -0.0526505671
v -0.168960735 -0.196295246 -0.0487729423
v -0.187950119 -0.196295246 -0.0526505671
v -0.187838465 -0.196295246 -0.0528361276
v -0.168960735 -0.196295246 -0.0487729423
v -0.168960735 -0.196295246 -0.0487729423
v -0.187838465 -0.196295246 -0.0528361276
v -0.187747538 -0.196295246 -0.0530326664
v -0.191463441 -0.196295246 -0.0545132197
v -0.191532597 -0.196295246 -0.054308001
v -0.194605485 -0.196295246 -0.0572729446
v -0.191532597 -0.196295246 -0.054308001
v -0.191579148 -0.196295246 -0.0540965088
v -0.194605485 -0.196295246 -0.0572729446
v -0.194605485 -0.196295246 -0.0572729446
v -0.191579148 -0.196295246 -0.0540965088
v -0.194605485 -0.196295246 -0.0517729446
v -0.191579148 -0.196295246 -0.0540965088
v -0.191602558 -0.196295246 -0.0538812205
v -0.194605485 -0.196295246 -0.0517729446
v -0.194605485 -0.196295246 -0.0517729446
v -0.191602558 -0.196295246 -0.0538812205
v -0.191602558 -0.196295246 -0.0536646657
v -0.193368852 -0.196295246 -0.0493458919
v -0.193612888 -0.196295246 -0.0495435074
v -0.190980896 -0.196295246 -0.0523209535
v -0.193612888 -0.196295246 -0.0495435074
v -0.193834931 -0.196295246 -0.0497655496
v -0.190980896 -0.196295246 -0.0523209535
v -0.190980896 -0.196295246 -0.0523209535
v -0.193834931 -0.196295246 -0.0497655496
v -0.191129819 -0.196295246 -0.0524781719
v -0.187678397 -0.196295246 -0.054308001
v -0.187747538 -0.196295246 -0.0545132197
v -0.168960735 -0.196295246 -0.0572729446
v -0.187747538 -0.196295246 -0.0545132197
v -0.187838465 -0.196295246 -0.0547097586
v -0.168960735 -0.196295246 -0.0572729446
v -0.168960735 -0.196295246 -0.0572729446
v -0.187838465 -0.196295246 -0.0547097586
v -0.187950119 -0.196295246 -0.0548953153
v -0.191579148 -0.196295246 -0.0534493774
v -0.191532597 -0.196295246 -0.0532378852
v -0.194605485 -0.196295246 -0.0517729446
v -0.191532597 -0.196295246 -0.0532378852
v -0.191463441 -0.196295246 -0.0530326664
v -0.194605485 -0.196295246 -0.0517729446
v -0.194605485 -0.196295246 -0.0517729446
v -0.191463441 -0.196295246 -0.0530326664
v -0.194589064 -0.196295246 -0.0514593571
v -0.191463441 -0.196295246 -0.0530326664
v -0.191372514 -0.196295246 -0.0528361276
v -0.194589064 -0.196295246 -0.0514593571
v -0.187747538 -0.196295246 -0.0530326664
v -0.187678397 -0.196295246 -0.0532378852
v -0.168960735 -0.196295246 -0.0487729423
v -0.187678397 -0.196295246 -0.0532378852
v -0.187631845 -0.196295246 -0.0534493774
v -0.168960735 -0.196295246 -0.0487729423
v -0.168960735 -0.196295246 -0.0487729423
v -0.187631845 -0.196295246 -0.0534493774
v -0.187608421 -0.196295246 -0.0536646657
v -0.191260874 -0.196295246 -0.0526505671
v -0.194458663 -0.196295246 -0.0508458912
v -0.191372514 -0.196295246 -0.0528361276
v -0.194458663 -0.196295246 -0.0508458912
v -0.194539934 -0.196295246 -0.0511492081
v -0.191372514 -0.196295246 -0.0528361276
v -0.191372514 -0.196295246 -0.0528361276
v -0.194539934 -0.196295246 -0.0511492081
v -0.194589064 -0.196295246 -0.0514593571
v -0.193834931 -0.196295246 -0.0497655496
v -0.19403255 -0.196295246 -0.0500095859
v -0.191129819 -0.196295246 -0.0524781719
v -0.19403255 -0.196295246 -0.0500095859
v -0.19420357 -0.196295246 -0.0502729416
v -0.191129819 -0.196295246 -0.0524781719
v -0.191129819 -0.196295246 -0.0524781719
v -0.19420357 -0.196295246 -0.0502729416
v -0.191260874 -0.196295246 -0.0526505671
v -0.19420357 -0.196295246 -0.0502729416
v -0.19434613 -0.196295246 -0.0505527332
v -0.191260874 -0.196295246 -0.0526505671
v -0.191260874 -0.196295246 -0.0526505671
v -0.19434613 -0.196295246 -0.0505527332
v -0.194458663 -0.196295246 -0.0508458912
v -0.187608421 -0.196295246 -0.0536646657
v -0.187608421 -0.196295246 -0.0538812205
v -0.168960735 -0.196295246 -0.0572729446
v -0.187608421 -0.196295246 -0.0538812205
v -0.187631845 -0.196295246 -0.0540965088
v -0.168960735 -0.196295246 -0.0572729446
v -0.168960735 -0.196295246 -0.0572729446
v -0.187631845 -0.196295246 -0.0540965088
v -0.187678397 -0.196295246 -0.054308001
v -0.160035431 -0.196295246 -0.0557261854
v -0.161694363 -0.196295246 -0.0572729446
v -0.159821734 -0.196295246 -0.0557612181
v -0.161694363 -0.196295246 -0.0572729446
v -0.159605488 -0.196295246 -0.0557729416
v -0.159821734 -0.196295246 -0.0557612181
v -0.160815835 -0.196295246 -0.0521807559
v -0.160636604 -0.196295246 -0.0520592295
v -0.161694363 -0.196295246 -0.0487729423
v -0.160636604 -0.196295246 -0.0520592295
v -0.160445273 -0.196295246 -0.0519577935
v -0.161694363 -0.196295246 -0.0487729423
v -0.161694363 -0.196295246 -0.0487729423
v -0.160445273 -0.196295246 -0.0519577935
v -0.160244092 -0.196295246 -0.0518776365
v -0.161694363 -0.196295246 -0.0487729423
v -0.161579147 -0.196295246 -0.0534493774
v -0.161532596 -0.196295246 -0.0532378852
v -0.158765718 -0.196295246 -0.0555880927
v -0.158966884 -0.196295246 -0.0556682497
v -0.155210301 -0.196295246 -0.0572812222
v -0.158966884 -0.196295246 -0.0556682497
v -0.159175545 -0.196295246 -0.0557261854
v -0.155210301 -0.196295246 -0.0572812222
v -0.155210301 -0.196295246 -0.0572812222
v -0.159175545 -0.196295246 -0.0557261854
v -0.161694363 -0.196295246 -0.0572729446
v -0.159175545 -0.196295246 -0.0557261854
v -0.159389257 -0.196295246 -0.0557612181
v -0.161694363 -0.196295246 -0.0572729446
v -0.161694363 -0.196295246 -0.0572729446
v -0.159389257 -0.196295246 -0.0557612181
v -0.159605488 -0.196295246 -0.0557729416
v -0.160035431 -0.196295246 -0.0557261854
v -0.160244092 -0.196295246 -0.0556682497
v -0.161694363 -0.196295246 -0.0572729446
v -0.160244092 -0.196295246 -0.0556682497
v -0.160445273 -0.196295246 -0.0555880927
v -0.161694363 -0.196295246 -0.0572729446
v -0.161694363 -0.196295246 -0.0572729446
v -0.160445273 -0.196295246 -0.0555880927
v -0.160636604 -0.196295246 -0.0554866567
v -0.161579147 -0.196295246 -0.0540965088
v -0.161602557 -0.196295246 -0.0538812205
v -0.161694363 -0.196295246 -0.0572729446
v -0.161602557 -0.196295246 -0.0538812205
v -0.161602557 -0.196295246 -0.0536646657
v -0.161694363 -0.196295246 -0.0572729446
v -0.161532596 -0.196295246 -0.0532378852
v -0.161463439 -0.196295246 -0.0530326664
v -0.161694363 -0.196295246 -0.0487729423
v -0.161463439 -0.196295246 -0.0530326664
v -0.161372513 -0.196295246 -0.0528361276
v -0.161694363 -0.196295246 -0.0487729423
v -0.161694363 -0.196295246 -0.0487729423
v -0.161372513 -0.196295246 -0.0528361276
v -0.161260873 -0.196295246 -0.0526505671
v -0.161260873 -0.196295246 -0.0526505671
v -0.161129817 -0.196295246 -0.0524781719
v -0.161694363 -0.196295246 -0.0487729423
v -0.161129817 -0.196295246 -0.0524781719
v -0.160980895 -0.196295246 -0.0523209535
v -0.161694363 -0.196295246 -0.0487729423
v -0.161694363 -0.196295246 -0.0487729423
v -0.160980895 -0.196295246 -0.0523209535
v -0.160815835 -0.196295246 -0.0521807559
v -0.160244092 -0.196295246 -0.0518776365
v -0.160035431 -0.196295246 -0.0518197007
v -0.161694363 -0.196295246 -0.0487729423
v -0.160035431 -0.196295246 -0.0518197007
v -0.159821734 -0.196295246 -0.0517846681
v -0.161694363 -0.196295246 -0.0487729423
v -0.161694363 -0.196295246 -0.0487729423
v -0.159821734 -0.196295246 -0.0517846681
v -0.157881469 -0.196295246 -0.0487729423
v -0.159821734 -0.196295246 -0.0517846681
v -0.159605488 -0.196295246 -0.0517729446
v -0.157881469 -0.196295246 -0.0487729423
v -0.157881469 -0.196295246 -0.0487729423
v -0.159605488 -0.196295246 -0.0517729446
v -0.159389257 -0.196295246 -0.0517846681
v -0.154922858 -0.196295246 -0.0512762591
v -0.154993668 -0.196295246 -0.0509601422
v -0.157838464 -0.196295246 -0.0528361276
v -0.154993668 -0.196295246 -0.0509601422
v -0.157950118 -0.196295246 -0.0526505671
v -0.157838464 -0.196295246 -0.0528361276
v -0.157631844 -0.196295246 -0.0540965088
v -0.155210301 -0.196295246 -0.0572812222
v -0.15760842 -0.196295246 -0.0538812205
v -0.155210301 -0.196295246 -0.0572812222
v -0.154885173 -0.196295246 -0.0519221164
v -0.15760842 -0.196295246 -0.0538812205
v -0.15760842 -0.196295246 -0.0538812205
v -0.154885173 -0.196295246 -0.0519221164
v -0.15760842 -0.196295246 -0.0536646657
v -0.154885173 -0.196295246 -0.0519221164
v -0.157631844 -0.196295246 -0.0534493774
v -0.15760842 -0.196295246 -0.0536646657
v -0.161372513 -0.196295246 -0.0547097586
v -0.161694363 -0.196295246 -0.0572729446
v -0.161260873 -0.196295246 -0.0548953153
v -0.161694363 -0.196295246 -0.0572729446
v -0.161129817 -0.196295246 -0.0550677143
v -0.161260873 -0.196295246 -0.0548953153
v -0.161372513 -0.196295246 -0.0547097586
v -0.161463439 -0.196295246 -0.0545132197
v -0.161694363 -0.196295246 -0.0572729446
v -0.161463439 -0.196295246 -0.0545132197
v -0.161532596 -0.196295246 -0.054308001
v -0.161694363 -0.196295246 -0.0572729446
v -0.161694363 -0.196295246 -0.0572729446
v -0.161532596 -0.196295246 -0.054308001
v -0.161579147 -0.196295246 -0.0540965088
v -0.159389257 -0.196295246 -0.0517846681
v -0.159175545 -0.196295246 -0.0518197007
v -0.157881469 -0.196295246 -0.0487729423
v -0.159175545 -0.196295246 -0.0518197007
v -0.158966884 -0.196295246 -0.0518776365
v -0.157881469 -0.196295246 -0.0487729423
v -0.157881469 -0.196295246 -0.0487729423
v -0.158966884 -0.196295246 -0.0518776365
v -0.157557979 -0.196295246 -0.0487904325
v -0.158966884 -0.196295246 -0.0518776365
v -0.158765718 -0.196295246 -0.0519577935
v -0.157557979 -0.196295246 -0.0487904325
v -0.158081159 -0.196295246 -0.0524781719
v -0.155599564 -0.196295246 -0.0498254001
v -0.158230096 -0.196295246 -0.0523209535
v -0.155599564 -0.196295246 -0.0498254001
v -0.155822858 -0.196295246 -0.0495907068
v -0.158230096 -0.196295246 -0.0523209535
v -0.158230096 -0.196295246 -0.0523209535
v -0.155822858 -0.196295246 -0.0495907068
v -0.158395141 -0.196295246 -0.0521807559
v -0.154993668 -0.196295246 -0.0509601422
v -0.15509814 -0.196295246 -0.0506534986
v -0.157950118 -0.196295246 -0.0526505671
v -0.15509814 -0.196295246 -0.0506534986
v -0.155235082 -0.196295246 -0.0503599122
v -0.157950118 -0.196295246 -0.0526505671
v -0.157950118 -0.196295246 -0.0526505671
v -0.155235082 -0.196295246 -0.0503599122
v -0.158081159 -0.196295246 -0.0524781719
v -0.155235082 -0.196295246 -0.0503599122
v -0.155402869 -0.196295246 -0.0500828028
v -0.158081159 -0.196295246 -0.0524781719
v -0.158081159 -0.196295246 -0.0524781719
v -0.155402869 -0.196295246 -0.0500828028
v -0.155599564 -0.196295246 -0.0498254001
v -0.154922858 -0.196295246 -0.0512762591
v -0.157838464 -0.196295246 -0.0528361276
v -0.154886559 -0.196295246 -0.0515981689
v -0.157838464 -0.196295246 -0.0528361276
v -0.157747537 -0.196295246 -0.0530326664
v -0.154886559 -0.196295246 -0.0515981689
v -0.154886559 -0.196295246 -0.0515981689
v -0.157747537 -0.196295246 -0.0530326664
v -0.154885173 -0.196295246 -0.0519221164
v -0.157747537 -0.196295246 -0.0530326664
v -0.157678396 -0.196295246 -0.0532378852
v -0.154885173 -0.196295246 -0.0519221164
v -0.154885173 -0.196295246 -0.0519221164
v -0.157678396 -0.196295246 -0.0532378852
v -0.157631844 -0.196295246 -0.0534493774
v -0.157631844 -0.196295246 -0.0540965088
v -0.157678396 -0.196295246 -0.054308001
v -0.155210301 -0.196295246 -0.0572812222
v -0.157678396 -0.196295246 -0.054308001
v -0.157747537 -0.196295246 -0.0545132197
v -0.155210301 -0.196295246 -0.0572812222
v -0.155210301 -0.196295246 -0.0572812222
v -0.157747537 -0.196295246 -0.0545132197
v -0.157838464 -0.196295246 -0.0547097586
v -0.157838464 -0.196295246 -0.0547097586
v -0.157950118 -0.196295246 -0.0548953153
v -0.155210301 -0.196295246 -0.0572812222
v -0.157950118 -0.196295246 -0.0548953153
v -0.158081159 -0.196295246 -0.0550677143
v -0.155210301 -0.196295246 -0.0572812222
v -0.155210301 -0.196295246 -0.0572812222
v -0.158081159 -0.196295246 -0.0550677143
v -0.158230096 -0.196295246 -0.0552249327
v -0.160636604 -0.196295246 -0.0554866567
v -0.160815835 -0.196295246 -0.0553651303
v -0.161694363 -0.196295246 -0.0572729446
v -0.160815835 -0.196295246 -0.0553651303
v -0.160980895 -0.196295246 -0.0552249327
v -0.161694363 -0.196295246 -0.0572729446
v -0.161694363 -0.196295246 -0.0572729446
v -0.160980895 -0.196295246 -0.0552249327
v -0.161129817 -0.196295246 -0.0550677143
v -0.158574387 -0.196295246 -0.0520592295
v -0.156926066 -0.196295246 -0.0489291362
v -0.158765718 -0.196295246 -0.0519577935
v -0.156926066 -0.196295246 -0.0489291362
v -0.157238275 -0.196295246 -0.0488427021
v -0.158765718 -0.196295246 -0.0519577935
v -0.158765718 -0.196295246 -0.0519577935
v -0.157238275 -0.196295246 -0.0488427021
v -0.157557979 -0.196295246 -0.0487904325
v -0.155822858 -0.196295246 -0.0495907068
v -0.156070173 -0.196295246 -0.0493814573
v -0.158395141 -0.196295246 -0.0521807559
v -0.156070173 -0.196295246 -0.0493814573
v -0.156338587 -0.196295246 -0.0492000952
v -0.158395141 -0.196295246 -0.0521807559
v -0.158395141 -0.196295246 -0.0521807559
v -0.156338587 -0.196295246 -0.0492000952
v -0.158574387 -0.196295246 -0.0520592295
v -0.156338587 -0.196295246 -0.0492000952
v -0.156625003 -0.196295246 -0.049048733
v -0.158574387 -0.196295246 -0.0520592295
v -0.158574387 -0.196295246 -0.0520592295
v -0.156625003 -0.196295246 -0.049048733
v -0.156926066 -0.196295246 -0.0489291362
v -0.158230096 -0.196295246 -0.0552249327
v -0.158395141 -0.196295246 -0.0553651303
v -0.155210301 -0.196295246 -0.0572812222
v -0.158395141 -0.196295246 -0.0553651303
v -0.158574387 -0.196295246 -0.0554866567
v -0.155210301 -0.196295246 -0.0572812222
v -0.155210301 -0.196295246 -0.0572812222
v -0.158574387 -0.196295246 -0.0554866567
v -0.158765718 -0.196295246 -0.0555880927
v -0.161307484 -0.196295246 -0.0587729439
v -0.161582589 -0.196295246 -0.0617729425
v -0.156076744 -0.196295246 -0.0668015406
v -0.156076744 -0.196295246 -0.0668015406
v -0.161582589 -0.196295246 -0.0617729425
v -0.161694363 -0.196295246 -0.0627729446
v -0.158174962 -0.196295246 -0.0825263262
v -0.158204302 -0.196295246 -0.0822117403
v -0.161694363 -0.196295246 -0.0824948251
v -0.158204302 -0.196295246 -0.0822117403
v -0.158200398 -0.196295246 -0.0818958133
v -0.161694363 -0.196295246 -0.0824948251
v -0.161694363 -0.196295246 -0.0824948251
v -0.158200398 -0.196295246 -0.0818958133
v -0.161694363 -0.196295246 -0.0750284493
v -0.156856269 -0.196295246 -0.0845966041
v -0.157110661 -0.196295246 -0.084409222
v -0.161694363 -0.196295246 -0.0866814479
v -0.157110661 -0.196295246 -0.084409222
v -0.157343939 -0.196295246 -0.084196128
v -0.161694363 -0.196295246 -0.0866814479
v -0.157343939 -0.196295246 -0.084196128
v -0.157553509 -0.196295246 -0.0839596838
v -0.161694363 -0.196295246 -0.0866814479
v -0.161694363 -0.196295246 -0.0866814479
v -0.157553509 -0.196295246 -0.0839596838
v -0.157737046 -0.196295246 -0.0837025046
v -0.157737046 -0.196295246 -0.0837025046
v -0.15789251 -0.196295246 -0.0834274516
v -0.161694363 -0.196295246 -0.0866814479
v -0.15789251 -0.196295246 -0.0834274516
v -0.158018202 -0.196295246 -0.0831375718
v -0.161694363 -0.196295246 -0.0866814479
v -0.161694363 -0.196295246 -0.0866814479
v -0.158018202 -0.196295246 -0.0831375718
v -0.161694363 -0.196295246 -0.0824948251
v -0.158018202 -0.196295246 -0.0831375718
v -0.158112705 -0.196295246 -0.0828360841
v -0.161694363 -0.196295246 -0.0824948251
v -0.161694363 -0.196295246 -0.0824948251
v -0.158112705 -0.196295246 -0.0828360841
v -0.158174962 -0.196295246 -0.0825263262
v -0.155669168 -0.196295246 -0.0856898651
v -0.161694363 -0.196295246 -0.0866814479
v -0.155359611 -0.196295246 -0.0861323848
v -0.161694363 -0.196295246 -0.0866814479
v -0.155099601 -0.196295246 -0.0866057053
v -0.155359611 -0.196295246 -0.0861323848
v -0.155669168 -0.196295246 -0.0856898651
v -0.15602465 -0.196295246 -0.0852833092
v -0.161694363 -0.196295246 -0.0866814479
v -0.15602465 -0.196295246 -0.0852833092
v -0.156421885 -0.196295246 -0.0849174708
v -0.161694363 -0.196295246 -0.0866814479
v -0.161694363 -0.196295246 -0.0866814479
v -0.156421885 -0.196295246 -0.0849174708
v -0.156856269 -0.196295246 -0.0845966041
v -0.161129817 -0.196295246 -0.0900677145
v -0.161260873 -0.196295246 -0.0898953155
v -0.161694363 -0.196295246 -0.0918206125
v -0.159821734 -0.196295246 -0.0907612219
v -0.160035431 -0.196295246 -0.0907261819
v -0.161694363 -0.196295246 -0.0918206125
v -0.161579147 -0.196295246 -0.0884493813
v -0.161532596 -0.196295246 -0.0882378891
v -0.161694363 -0.196295246 -0.0866814479
v -0.161694363 -0.196295246 -0.0866814479
v -0.161260873 -0.196295246 -0.0876505673
v -0.161129817 -0.196295246 -0.0874781683
v -0.160035431 -0.196295246 -0.0907261819
v -0.160244092 -0.196295246 -0.0906682536
v -0.161694363 -0.196295246 -0.0918206125
v -0.160244092 -0.196295246 -0.0906682536
v -0.160445273 -0.196295246 -0.0905880928
v -0.161694363 -0.196295246 -0.0918206125
v -0.161694363 -0.196295246 -0.0918206125
v -0.160445273 -0.196295246 -0.0905880928
v -0.160636604 -0.196295246 -0.0904866606
v -0.160636604 -0.196295246 -0.0904866606
v -0.160815835 -0.196295246 -0.0903651267
v -0.161694363 -0.196295246 -0.0918206125
v -0.160815835 -0.196295246 -0.0903651267
v -0.160980895 -0.196295246 -0.0902249366
v -0.161694363 -0.196295246 -0.0918206125
v -0.161694363 -0.196295246 -0.0918206125
v -0.160980895 -0.196295246 -0.0902249366
v -0.161129817 -0.196295246 -0.0900677145
v -0.161260873 -0.196295246 -0.0898953155
v -0.161372513 -0.196295246 -0.0897097588
v -0.161694363 -0.196295246 -0.0918206125
v -0.161372513 -0.196295246 -0.0897097588
v -0.161463439 -0.196295246 -0.0895132199
v -0.161694363 -0.196295246 -0.0918206125
v -0.161694363 -0.196295246 -0.0918206125
v -0.161463439 -0.196295246 -0.0895132199
v -0.161532596 -0.196295246 -0.0893080011
v -0.159175545 -0.196295246 -0.0868197009
v -0.158966884 -0.196295246 -0.0868776366
v -0.155099601 -0.196295246 -0.0866057053
v -0.158966884 -0.196295246 -0.0868776366
v -0.158765718 -0.196295246 -0.08695779
v -0.155099601 -0.196295246 -0.0866057053
v -0.155099601 -0.196295246 -0.0866057053
v -0.158765718 -0.196295246 -0.08695779
v -0.158574387 -0.196295246 -0.0870592296
v -0.158574387 -0.196295246 -0.0870592296
v -0.158395141 -0.196295246 -0.087180756
v -0.155099601 -0.196295246 -0.0866057053
v -0.158395141 -0.196295246 -0.087180756
v -0.158230096 -0.196295246 -0.0873209536
v -0.155099601 -0.196295246 -0.0866057053
v -0.155099601 -0.196295246 -0.0866057053
v -0.158230096 -0.196295246 -0.0873209536
v -0.158081159 -0.196295246 -0.0874781683
v -0.161532596 -0.196295246 -0.0882378891
v -0.161463439 -0.196295246 -0.0880326703
v -0.161694363 -0.196295246 -0.0866814479
v -0.161463439 -0.196295246 -0.0880326703
v -0.161372513 -0.196295246 -0.087836124
v -0.161694363 -0.196295246 -0.0866814479
v -0.161694363 -0.196295246 -0.0866814479
v -0.161372513 -0.196295246 -0.087836124
v -0.161260873 -0.196295246 -0.0876505673
v -0.161129817 -0.196295246 -0.0874781683
v -0.160980895 -0.196295246 -0.0873209536
v -0.161694363 -0.196295246 -0.0866814479
v -0.160980895 -0.196295246 -0.0873209536
v -0.160815835 -0.196295246 -0.087180756
v -0.161694363 -0.196295246 -0.0866814479
v -0.161694363 -0.196295246 -0.0866814479
v -0.160815835 -0.196295246 -0.087180756
v -0.160636604 -0.196295246 -0.0870592296
v -0.160636604 -0.196295246 -0.0870592296
v -0.160445273 -0.196295246 -0.08695779
v -0.161694363 -0.196295246 -0.0866814479
v -0.160445273 -0.196295246 -0.08695779
v -0.160244092 -0.196295246 -0.0868776366
v -0.161694363 -0.196295246 -0.0866814479
v -0.161694363 -0.196295246 -0.0866814479
v -0.160244092 -0.196295246 -0.0868776366
v -0.160035431 -0.196295246 -0.0868197009
v -0.160035431 -0.196295246 -0.0868197009
v -0.159821734 -0.196295246 -0.0867846683
v -0.161694363 -0.196295246 -0.0866814479
v -0.159821734 -0.196295246 -0.0867846683
v -0.159605488 -0.196295246 -0.0867729411
v -0.161694363 -0.196295246 -0.0866814479
v -0.161694363 -0.196295246 -0.0866814479
v -0.159605488 -0.196295246 -0.0867729411
v -0.155099601 -0.196295246 -0.0866057053
v -0.159605488 -0.196295246 -0.0867729411
v -0.159389257 -0.196295246 -0.0867846683
v -0.155099601 -0.196295246 -0.0866057053
v -0.155099601 -0.196295246 -0.0866057053
v -0.159389257 -0.196295246 -0.0867846683
v -0.159175545 -0.196295246 -0.0868197009
v -0.155914351 -0.196295246 -0.0921456963
v -0.158230096 -0.196295246 -0.0902249366
v -0.158395141 -0.196295246 -0.0903651267
v -0.158395141 -0.196295246 -0.0903651267
v -0.158574387 -0.196295246 -0.0904866606
v -0.155914351 -0.196295246 -0.0921456963
v -0.158574387 -0.196295246 -0.0904866606
v -0.158765718 -0.196295246 -0.0905880928
v -0.155914351 -0.196295246 -0.0921456963
v -0.155914351 -0.196295246 -0.0921456963
v -0.158765718 -0.196295246 -0.0905880928
v -0.158966884 -0.196295246 -0.0906682536
v -0.158966884 -0.196295246 -0.0906682536
v -0.159175545 -0.196295246 -0.0907261819
v -0.155914351 -0.196295246 -0.0921456963
v -0.159175545 -0.196295246 -0.0907261819
v -0.159389257 -0.196295246 -0.0907612219
v -0.155914351 -0.196295246 -0.0921456963
v -0.155914351 -0.196295246 -0.0921456963
v -0.159389257 -0.196295246 -0.0907612219
v -0.161694363 -0.196295246 -0.0918206125
v -0.159389257 -0.196295246 -0.0907612219
v -0.159605488 -0.196295246 -0.0907729417
v -0.161694363 -0.196295246 -0.0918206125
v -0.161694363 -0.196295246 -0.0918206125
v -0.159605488 -0.196295246 -0.0907729417
v -0.159821734 -0.196295246 -0.0907612219
v -0.161532596 -0.196295246 -0.0893080011
v -0.161579147 -0.196295246 -0.0890965089
v -0.161694363 -0.196295246 -0.0918206125
v -0.161579147 -0.196295246 -0.0890965089
v -0.161602557 -0.196295246 -0.0888812244
v -0.161694363 -0.196295246 -0.0918206125
v -0.161694363 -0.196295246 -0.0918206125
v -0.161602557 -0.196295246 -0.0888812244
v -0.161694363 -0.196295246 -0.0866814479
v -0.161602557 -0.196295246 -0.0888812244
v -0.161602557 -0.196295246 -0.0886646658
v -0.161694363 -0.196295246 -0.0866814479
v -0.161694363 -0.196295246 -0.0866814479
v -0.161602557 -0.196295246 -0.0886646658
v -0.161579147 -0.196295246 -0.0884493813
v -0.158081159 -0.196295246 -0.0874781683
v -0.157950118 -0.196295246 -0.0876505673
v -0.155099601 -0.196295246 -0.0866057053
v -0.157950118 -0.196295246 -0.0876505673
v -0.157838464 -0.196295246 -0.087836124
v -0.155099601 -0.196295246 -0.0866057053
v -0.155099601 -0.196295246 -0.0866057053
v -0.157838464 -0.196295246 -0.087836124
v -0.154892147 -0.196295246 -0.0871043131
v -0.157838464 -0.196295246 -0.087836124
v -0.157747537 -0.196295246 -0.0880326703
v -0.154892147 -0.196295246 -0.0871043131
v -0.154892147 -0.196295246 -0.0871043131
v -0.157747537 -0.196295246 -0.0880326703
v -0.154739663 -0.196295246 -0.0876223817
v -0.157747537 -0.196295246 -0.0880326703
v -0.157678396 -0.196295246 -0.0882378891
v -0.154739663 -0.196295246 -0.0876223817
v -0.154739663 -0.196295246 -0.0876223817
v -0.157678396 -0.196295246 -0.0882378891
v -0.154643968 -0.196295246 -0.0881538764
v -0.157678396 -0.196295246 -0.0882378891
v -0.157631844 -0.196295246 -0.0884493813
v -0.154643968 -0.196295246 -0.0881538764
v -0.154643968 -0.196295246 -0.0881538764
v -0.157631844 -0.196295246 -0.0884493813
v -0.154606134 -0.196295246 -0.0886925906
v -0.157631844 -0.196295246 -0.0884493813
v -0.15760842 -0.196295246 -0.0886646658
v -0.154606134 -0.196295246 -0.0886925906
v -0.154606134 -0.196295246 -0.0886925906
v -0.15760842 -0.196295246 -0.0886646658
v -0.154626638 -0.196295246 -0.0892322436
v -0.15760842 -0.196295246 -0.0886646658
v -0.15760842 -0.196295246 -0.0888812244
v -0.154626638 -0.196295246 -0.0892322436
v -0.154626638 -0.196295246 -0.0892322436
v -0.15760842 -0.196295246 -0.0888812244
v -0.154705212 -0.196295246 -0.0897665396
v -0.15760842 -0.196295246 -0.0888812244
v -0.157631844 -0.196295246 -0.0890965089
v -0.154705212 -0.196295246 -0.0897665396
v -0.154705212 -0.196295246 -0.0897665396
v -0.157631844 -0.196295246 -0.0890965089
v -0.154840946 -0.196295246 -0.0902892426
v -0.157631844 -0.196295246 -0.0890965089
v -0.157678396 -0.196295246 -0.0893080011
v -0.154840946 -0.196295246 -0.0902892426
v -0.154840946 -0.196295246 -0.0902892426
v -0.157678396 -0.196295246 -0.0893080011
v -0.155032277 -0.196295246 -0.0907942578
v -0.157678396 -0.196295246 -0.0893080011
v -0.157747537 -0.196295246 -0.0895132199
v -0.155032277 -0.196295246 -0.0907942578
v -0.155032277 -0.196295246 -0.0907942578
v -0.157747537 -0.196295246 -0.0895132199
v -0.155276954 -0.196295246 -0.091275692
v -0.157747537 -0.196295246 -0.0895132199
v -0.157838464 -0.196295246 -0.0897097588
v -0.155276954 -0.196295246 -0.091275692
v -0.155276954 -0.196295246 -0.091275692
v -0.157838464 -0.196295246 -0.0897097588
v -0.155572116 -0.196295246 -0.0917279348
v -0.157838464 -0.196295246 -0.0897097588
v -0.157950118 -0.196295246 -0.0898953155
v -0.155572116 -0.196295246 -0.0917279348
v -0.155572116 -0.196295246 -0.0917279348
v -0.157950118 -0.196295246 -0.0898953155
v -0.155914351 -0.196295246 -0.0921456963
v -0.157950118 -0.196295246 -0.0898953155
v -0.158081159 -0.196295246 -0.0900677145
v -0.155914351 -0.196295246 -0.0921456963
v -0.155914351 -0.196295246 -0.0921456963
v -0.158081159 -0.196295246 -0.0900677145
v -0.158230096 -0.196295246 -0.0902249366
v -0.157666713 -0.196295246 -0.0933817551
v -0.15718095 -0.196295246 -0.0931457728
v -0.161694363 -0.196295246 -0.0918206125
v -0.15718095 -0.196295246 -0.0931457728
v -0.156723484 -0.196295246 -0.0928587765
v -0.161694363 -0.196295246 -0.0918206125
v -0.161694363 -0.196295246 -0.0918206125
v -0.156723484 -0.196295246 -0.0928587765
v -0.156299636 -0.196295246 -0.0925241187
v -0.16033861 -0.196295246 -0.0945815146
v -0.160109937 -0.196295246 -0.0943634808
v -0.161694363 -0.196295246 -0.0936912596
v -0.160109937 -0.196295246 -0.0943634808
v -0.159859613 -0.196295246 -0.0941707119
v -0.161694363 -0.196295246 -0.0936912596
v -0.159859613 -0.196295246 -0.0941707119
v -0.159590393 -0.196295246 -0.0940053314
v -0.161694363 -0.196295246 -0.0936912596
v -0.161694363 -0.196295246 -0.0936912596
v -0.159590393 -0.196295246 -0.0940053314
v -0.159305274 -0.196295246 -0.0938691944
v -0.159305274 -0.196295246 -0.0938691944
v -0.15900743 -0.196295246 -0.093763791
v -0.161694363 -0.196295246 -0.0936912596
v -0.15900743 -0.196295246 -0.093763791
v -0.158700138 -0.196295246 -0.0936902985
v -0.161694363 -0.196295246 -0.0936912596
v -0.161694363 -0.196295246 -0.0936912596
v -0.158700138 -0.196295246 -0.0936902985
v -0.161694363 -0.196295246 -0.0918206125
v -0.158700138 -0.196295246 -0.0936902985
v -0.158175081 -0.196295246 -0.0935639665
v -0.161694363 -0.196295246 -0.0918206125
v -0.161694363 -0.196295246 -0.0918206125
v -0.158175081 -0.196295246 -0.0935639665
v -0.157666713 -0.196295246 -0.0933817551
v -0.161640808 -0.196295246 -0.0983120948
v -0.16107814 -0.196295246 -0.0959576666
v -0.161694363 -0.196295246 -0.0936912596
v -0.16107814 -0.196295246 -0.0959576666
v -0.160990104 -0.196295246 -0.0956542268
v -0.161694363 -0.196295246 -0.0936912596
v -0.161694363 -0.196295246 -0.0936912596
v -0.160990104 -0.196295246 -0.0956542268
v -0.160870641 -0.196295246 -0.0953617319
v -0.160870641 -0.196295246 -0.0953617319
v -0.160721079 -0.196295246 -0.095083423
v -0.161694363 -0.196295246 -0.0936912596
v -0.160721079 -0.196295246 -0.095083423
v -0.160543084 -0.196295246 -0.0948223844
v -0.161694363 -0.196295246 -0.0936912596
v -0.161694363 -0.196295246 -0.0936912596
v -0.160543084 -0.196295246 -0.0948223844
v -0.16033861 -0.196295246 -0.0945815146
v -0.164576933 -0.196295246 -0.109245621
v -0.167422593 -0.196295246 -0.0996935964
v -0.166681528 -0.196295246 -0.116057977
v -0.167422593 -0.196295246 -0.0996935964
v -0.167422593 -0.196295246 -0.116028644
v -0.166681528 -0.196295246 -0.116057977
v -0.166681528 -0.196295246 -0.116057977
v -0.167422593 -0.196295246 -0.116028644
v -0.167342633 -0.196295246 -0.118064284
v -0.167422593 -0.196295246 -0.116028644
v -0.168960735 -0.196295246 -0.116028644
v -0.167342633 -0.196295246 -0.118064284
v -0.167342633 -0.196295246 -0.118064284
v -0.168960735 -0.196295246 -0.116028644
v -0.167905644 -0.196295246 -0.11972896
v -0.170805544 -0.196295246 -0.127749965
v -0.175854638 -0.196295246 -0.128045008
v -0.173758015 -0.196295246 -0.135137126
v -0.175854638 -0.196295246 -0.128045008
v -0.177920222 -0.196295246 -0.133916989
v -0.173758015 -0.196295246 -0.135137126
v -0.194605485 -0.196295246 -0.150196522
v -0.192805499 -0.196295246 -0.148985207
v -0.194605485 -0.196295246 -0.136408091
v -0.192805499 -0.196295246 -0.148985207
v -0.192805499 -0.196295246 -0.138899192
v -0.194605485 -0.196295246 -0.136408091
v -0.18449679 -0.196295246 -0.150427327
v -0.183943272 -0.196295246 -0.149142981
v -0.192805499 -0.196295246 -0.138899192
v -0.183943272 -0.196295246 -0.149142981
v -0.192805499 -0.196295246 -0.13684684
v -0.192805499 -0.196295246 -0.138899192
v -0.192805499 -0.196295246 -0.138899192
v -0.192805499 -0.196295246 -0.13684684
v -0.194605485 -0.196295246 -0.136408091
v -0.178381518 -0.196295246 -0.135176346
v -0.180739075 -0.196295246 -0.141352624
v -0.179412022 -0.196295246 -0.147660851
v -0.192805499 -0.196295246 -0.151250079
v -0.188200891 -0.196295246 -0.158620685
v -0.187595144 -0.196295246 -0.157325432
v -0.18449679 -0.196295246 -0.150427327
v -0.187595144 -0.196295246 -0.157325432
v -0.185752451 -0.196295246 -0.159851432
v -0.187595144 -0.196295246 -0.157325432
v -0.188200891 -0.196295246 -0.158620685
v -0.185752451 -0.196295246 -0.159851432
v -0.185752451 -0.196295246 -0.159851432
v -0.188200891 -0.196295246 -0.158620685
v -0.192759782 -0.196295246 -0.171671256
v -0.188200891 -0.196295246 -0.158620685
v -0.192805499 -0.196295246 -0.167970657
v -0.192759782 -0.196295246 -0.171671256
v -0.192759782 -0.196295246 -0.171671256
v -0.192805499 -0.196295246 -0.167970657
v -0.192893028 -0.196295246 -0.171839327
v -0.193457708 -0.196295246 -0.172126636
v -0.193250209 -0.196295246 -0.172072366
v -0.192805499 -0.196295246 -0.167970657
v -0.193250209 -0.196295246 -0.172072366
v -0.193059057 -0.196295246 -0.171975106
v -0.192805499 -0.196295246 -0.167970657
v -0.192805499 -0.196295246 -0.167970657
v -0.193059057 -0.196295246 -0.171975106
v -0.192893028 -0.196295246 -0.171839327
v -0.194605485 -0.196295246 -0.162648052
v -0.194605485 -0.196295246 -0.171137616
v -0.193672001 -0.196295246 -0.172135398
v -0.194605485 -0.196295246 -0.171137616
v -0.194582492 -0.196295246 -0.171350852
v -0.193672001 -0.196295246 -0.172135398
v -0.193672001 -0.196295246 -0.172135398
v -0.194582492 -0.196295246 -0.171350852
v -0.19388324 -0.196295246 -0.172098264
v -0.194582492 -0.196295246 -0.171350852
v -0.194081709 -0.196295246 -0.172016948
v -0.19388324 -0.196295246 -0.172098264
v -0.187595144 -0.196295246 -0.157325432
v -0.192805499 -0.196295246 -0.148985207
v -0.192805499 -0.196295246 -0.151250079
v -0.192805499 -0.196295246 -0.148985207
v -0.194605485 -0.196295246 -0.150196522
v -0.192805499 -0.196295246 -0.151250079
v -0.192805499 -0.196295246 -0.151250079
v -0.194605485 -0.196295246 -0.150196522
v -0.192805499 -0.196295246 -0.162648052
v -0.194605485 -0.196295246 -0.150196522
v -0.194605485 -0.196295246 -0.162648052
v -0.192805499 -0.196295246 -0.162648052
v -0.192805499 -0.196295246 -0.162648052
v -0.194605485 -0.196295246 -0.162648052
v -0.192805499 -0.196295246 -0.167970657
v -0.194605485 -0.196295246 -0.162648052
v -0.193672001 -0.196295246 -0.172135398
v -0.192805499 -0.196295246 -0.167970657
v -0.192805499 -0.196295246 -0.167970657
v -0.193672001 -0.196295246 -0.172135398
v -0.193457708 -0.196295246 -0.172126636
v -0.194081709 -0.196295246 -0.172016948
v -0.194582492 -0.196295246 -0.171350852
v -0.194258258 -0.196295246 -0.171895161
v -0.194582492 -0.196295246 -0.171350852
v -0.194514543 -0.196295246 -0.171554282
v -0.194258258 -0.196295246 -0.171895161
v -0.194258258 -0.196295246 -0.171895161
v -0.194514543 -0.196295246 -0.171554282
v -0.194404796 -0.196295246 -0.17173855
v -0.192805499 -0.196295246 -0.13684684
v -0.192805499 -0.196295246 -0.136408091
v -0.194605485 -0.196295246 -0.136408091
v -0.192805499 -0.196295246 -0.136408091
v -0.192805499 -0.196295246 -0.128634557
v -0.194605485 -0.196295246 -0.136408091
v -0.194605485 -0.196295246 -0.136408091
v -0.192805499 -0.196295246 -0.128634557
v -0.194605485 -0.196295246 -0.127716452
v -0.179412022 -0.196295246 -0.147660851
v -0.173758015 -0.196295246 -0.135137126
v -0.178381518 -0.196295246 -0.135176346
v -0.173758015 -0.196295246 -0.135137126
v -0.177920222 -0.196295246 -0.133916989
v -0.178381518 -0.196295246 -0.135176346
v -0.178381518 -0.196295246 -0.135176346
v -0.177920222 -0.196295246 -0.133916989
v -0.192805499 -0.196295246 -0.119900219
v -0.177920222 -0.196295246 -0.133916989
v -0.192805499 -0.196295246 -0.118152313
v -0.192805499 -0.196295246 -0.119900219
v -0.194605485 -0.196295246 -0.119710192
v -0.192805499 -0.196295246 -0.116028644
v -0.194605485 -0.196295246 -0.116028644
v -0.192805499 -0.196295246 -0.116028644
v -0.192805499 -0.196295246 -0.11231754
v -0.194605485 -0.196295246 -0.116028644
v -0.194605485 -0.196295246 -0.116028644
v -0.192805499 -0.196295246 -0.11231754
v -0.194605485 -0.196295246 -0.0996935964
v -0.192805499 -0.196295246 -0.106365256
v -0.173737302 -0.196295246 -0.121570855
v -0.173101053 -0.196295246 -0.119520172
v -0.18449679 -0.196295246 -0.150427327
v -0.185752451 -0.196295246 -0.159851432
v -0.183943272 -0.196295246 -0.149142981
v -0.185752451 -0.196295246 -0.159851432
v -0.179412022 -0.196295246 -0.147660851
v -0.183943272 -0.196295246 -0.149142981
v -0.183943272 -0.196295246 -0.149142981
v -0.179412022 -0.196295246 -0.147660851
v -0.181244552 -0.196295246 -0.142624751
v -0.179412022 -0.196295246 -0.147660851
v -0.180739075 -0.196295246 -0.141352624
v -0.181244552 -0.196295246 -0.142624751
v -0.181244552 -0.196295246 -0.142624751
v -0.180739075 -0.196295246 -0.141352624
v -0.192805499 -0.196295246 -0.128634557
v -0.180739075 -0.196295246 -0.141352624
v -0.192805499 -0.196295246 -0.126750752
v -0.192805499 -0.196295246 -0.128634557
v -0.192805499 -0.196295246 -0.128634557
v -0.192805499 -0.196295246 -0.126750752
v -0.194605485 -0.196295246 -0.127716452
v -0.192805499 -0.196295246 -0.126750752
v -0.192805499 -0.196295246 -0.119900219
v -0.194605485 -0.196295246 -0.127716452
v -0.194605485 -0.196295246 -0.127716452
v -0.192805499 -0.196295246 -0.119900219
v -0.194605485 -0.196295246 -0.119710192
v -0.192805499 -0.196295246 -0.119900219
v -0.192805499 -0.196295246 -0.118152313
v -0.194605485 -0.196295246 -0.119710192
v -0.194605485 -0.196295246 -0.119710192
v -0.192805499 -0.196295246 -0.118152313
v -0.192805499 -0.196295246 -0.116028644
v -0.173101053 -0.196295246 -0.119520172
v -0.192805499 -0.196295246 -0.103807211
v -0.192805499 -0.196295246 -0.106365256
v -0.192805499 -0.196295246 -0.103807211
v -0.194605485 -0.196295246 -0.0996935964
v -0.192805499 -0.196295246 -0.106365256
v -0.192805499 -0.196295246 -0.106365256
v -0.194605485 -0.196295246 -0.0996935964
v -0.192805499 -0.196295246 -0.110680573
v -0.194605485 -0.196295246 -0.0996935964
v -0.192805499 -0.196295246 -0.11231754
v -0.192805499 -0.196295246 -0.110680573
v -0.192805499 -0.196295246 -0.110680573
v -0.192805499 -0.196295246 -0.11231754
v -0.187041417 -0.196295246 -0.116028644
v -0.192805499 -0.196295246 -0.11231754
v -0.188805714 -0.196295246 -0.116028644
v -0.187041417 -0.196295246 -0.116028644
v -0.187041417 -0.196295246 -0.116028644
v -0.188805714 -0.196295246 -0.116028644
v -0.184837788 -0.196295246 -0.119710192
v -0.192805499 -0.196295246 -0.0977096632
v -0.192805499 -0.196295246 -0.100130238
v -0.171056569 -0.196295246 -0.112537123
v -0.192805499 -0.196295246 -0.100130238
v -0.171631247 -0.196295246 -0.114565909
v -0.171056569 -0.196295246 -0.112537123
v -0.171056569 -0.196295246 -0.112537123
v -0.171631247 -0.196295246 -0.114565909
v -0.168960735 -0.196295246 -0.116028644
v -0.171631247 -0.196295246 -0.114565909
v -0.168960735 -0.196295246 -0.119710192
v -0.168960735 -0.196295246 -0.116028644
v -0.168960735 -0.196295246 -0.116028644
v -0.168960735 -0.196295246 -0.119710192
v -0.167905644 -0.196295246 -0.11972896
v -0.168960735 -0.196295246 -0.119710192
v -0.168807909 -0.196295246 -0.122318886
v -0.167905644 -0.196295246 -0.11972896
v -0.171631247 -0.196295246 -0.114565909
v -0.173101053 -0.196295246 -0.119520172
v -0.168960735 -0.196295246 -0.119710192
v -0.173101053 -0.196295246 -0.119520172
v -0.173737302 -0.196295246 -0.121570855
v -0.168960735 -0.196295246 -0.119710192
v -0.168960735 -0.196295246 -0.119710192
v -0.173737302 -0.196295246 -0.121570855
v -0.168807909 -0.196295246 -0.122318886
v -0.173737302 -0.196295246 -0.121570855
v -0.175433978 -0.196295246 -0.126798332
v -0.168807909 -0.196295246 -0.122318886
v -0.168807909 -0.196295246 -0.122318886
v -0.175433978 -0.196295246 -0.126798332
v -0.170805544 -0.196295246 -0.127749965
v -0.175433978 -0.196295246 -0.126798332
v -0.176208749 -0.196295246 -0.127716452
v -0.170805544 -0.196295246 -0.127749965
v -0.170805544 -0.196295246 -0.127749965
v -0.176208749 -0.196295246 -0.127716452
v -0.175854638 -0.196295246 -0.128045008
v -0.192805499 -0.196295246 -0.103807211
v -0.192805499 -0.196295246 -0.100130238
v -0.194605485 -0.196295246 -0.0996935964
v -0.192805499 -0.196295246 -0.100130238
v -0.192805499 -0.196295246 -0.0977096632
v -0.194605485 -0.196295246 -0.0996935964
v -0.194605485 -0.196295246 -0.0996935964
v -0.192805499 -0.196295246 -0.0977096632
v -0.194605485 -0.196295246 -0.0936912596
v -0.192805499 -0.196295246 -0.0977096632
v -0.192805499 -0.196295246 -0.0945142433
v -0.194605485 -0.196295246 -0.0936912596
v -0.192805499 -0.196295246 -0.0918206125
v -0.192805499 -0.196295246 -0.0893764421
v -0.194605485 -0.196295246 -0.0866814479
v -0.169777855 -0.196295246 -0.107808657
v -0.169259742 -0.196295246 -0.105798408
v -0.192805499 -0.196295246 -0.0945142433
v -0.169259742 -0.196295246 -0.105798408
v -0.192805499 -0.196295246 -0.0922048688
v -0.192805499 -0.196295246 -0.0945142433
v -0.192805499 -0.196295246 -0.0945142433
v -0.192805499 -0.196295246 -0.0922048688
v -0.194605485 -0.196295246 -0.0936912596
v -0.192805499 -0.196295246 -0.0922048688
v -0.192805499 -0.196295246 -0.0918206125
v -0.194605485 -0.196295246 -0.0936912596
v -0.194605485 -0.196295246 -0.0936912596
v -0.192805499 -0.196295246 -0.0918206125
v -0.194605485 -0.196295246 -0.0918206125
v -0.192805499 -0.196295246 -0.0918206125
v -0.194605485 -0.196295246 -0.0866814479
v -0.194605485 -0.196295246 -0.0918206125
v -0.168960735 -0.196295246 -0.100858979
v -0.168143615 -0.196295246 -0.101252474
v -0.167422593 -0.196295246 -0.0996935964
v -0.167422593 -0.196295246 -0.0996935964
v -0.168143615 -0.196295246 -0.101252474
v -0.167422593 -0.196295246 -0.116028644
v -0.168143615 -0.196295246 -0.101252474
v -0.169259742 -0.196295246 -0.105798408
v -0.167422593 -0.196295246 -0.116028644
v -0.167422593 -0.196295246 -0.116028644
v -0.169259742 -0.196295246 -0.105798408
v -0.168960735 -0.196295246 -0.116028644
v -0.169259742 -0.196295246 -0.105798408
v -0.169777855 -0.196295246 -0.107808657
v -0.168960735 -0.196295246 -0.116028644
v -0.168960735 -0.196295246 -0.116028644
v -0.169777855 -0.196295246 -0.107808657
v -0.171056569 -0.196295246 -0.112537123
v -0.168960735 -0.196295246 -0.0996935964
v -0.168960735 -0.196295246 -0.0986391678
v -0.171380788 -0.196295246 -0.0996935964
v -0.168960735 -0.196295246 -0.0986391678
v -0.179235607 -0.196295246 -0.0936912596
v -0.171380788 -0.196295246 -0.0996935964
v -0.171380788 -0.196295246 -0.0996935964
v -0.179235607 -0.196295246 -0.0936912596
v -0.183845297 -0.196295246 -0.0936912596
v -0.179235607 -0.196295246 -0.0936912596
v -0.183120221 -0.196295246 -0.0918206125
v -0.183845297 -0.196295246 -0.0936912596
v -0.192805499 -0.196295246 -0.0846085474
v -0.194605485 -0.196295246 -0.0824948251
v -0.192805499 -0.196295246 -0.0866814479
v -0.194605485 -0.196295246 -0.0824948251
v -0.194605485 -0.196295246 -0.0866814479
v -0.192805499 -0.196295246 -0.0866814479
v -0.192805499 -0.196295246 -0.0866814479
v -0.194605485 -0.196295246 -0.0866814479
v -0.192805499 -0.196295246 -0.0871566236
v -0.194605485 -0.196295246 -0.0866814479
v -0.192805499 -0.196295246 -0.0893764421
v -0.192805499 -0.196295246 -0.0871566236
v -0.192805499 -0.196295246 -0.0871566236
v -0.192805499 -0.196295246 -0.0893764421
v -0.183120221 -0.196295246 -0.0918206125
v -0.192805499 -0.196295246 -0.0893764421
v -0.18772991 -0.196295246 -0.0918206125
v -0.183120221 -0.196295246 -0.0918206125
v -0.183120221 -0.196295246 -0.0918206125
v -0.18772991 -0.196295246 -0.0918206125
v -0.183845297 -0.196295246 -0.0936912596
v -0.171380788 -0.196295246 -0.0996935964
v -0.168960735 -0.196295246 -0.100858979
v -0.168960735 -0.196295246 -0.0996935964
v -0.168960735 -0.196295246 -0.100858979
v -0.167422593 -0.196295246 -0.0996935964
v -0.168960735 -0.196295246 -0.0996935964
v -0.168960735 -0.196295246 -0.0996935964
v -0.167422593 -0.196295246 -0.0996935964
v -0.168960735 -0.196295246 -0.0986391678
v -0.167422593 -0.196295246 -0.0996935964
v -0.16767782 -0.196295246 -0.0992569625
v -0.168960735 -0.196295246 -0.0986391678
v -0.164576933 -0.196295246 -0.109245621
v -0.16282545 -0.196295246 -0.102967404
v -0.167422593 -0.196295246 -0.0996935964
v -0.16282545 -0.196295246 -0.102967404
v -0.162917465 -0.196295246 -0.0996935964
v -0.167422593 -0.196295246 -0.0996935964
v -0.167422593 -0.196295246 -0.0996935964
v -0.162917465 -0.196295246 -0.0996935964
v -0.16767782 -0.196295246 -0.0992569625
v -0.162917465 -0.196295246 -0.0996935964
v -0.162917465 -0.196295246 -0.0936912596
v -0.16767782 -0.196295246 -0.0992569625
v -0.16767782 -0.196295246 -0.0992569625
v -0.162917465 -0.196295246 -0.0936912596
v -0.16670157 -0.196295246 -0.0948531628
v -0.162917465 -0.196295246 -0.0936912596
v -0.167422593 -0.196295246 -0.0945701972
v -0.16670157 -0.196295246 -0.0948531628
v -0.168960735 -0.196295246 -0.0936912596
v -0.168960735 -0.196295246 -0.0918206125
v -0.169662163 -0.196295246 -0.0936912596
v -0.168960735 -0.196295246 -0.0918206125
v -0.174428701 -0.196295246 -0.0918206125
v -0.169662163 -0.196295246 -0.0936912596
v -0.192805499 -0.196295246 -0.0780318007
v -0.192805499 -0.196295246 -0.0758550838
v -0.194605485 -0.196295246 -0.0750284493
v -0.167422593 -0.196295246 -0.0936912596
v -0.167422593 -0.196295246 -0.0924216881
v -0.168954164 -0.196295246 -0.0918206125
v -0.182049066 -0.196295246 -0.0866814479
v -0.174428701 -0.196295246 -0.0918206125
v -0.168960735 -0.196295246 -0.0918180346
v -0.174428701 -0.196295246 -0.0918206125
v -0.168960735 -0.196295246 -0.0918206125
v -0.168960735 -0.196295246 -0.0918180346
v -0.168960735 -0.196295246 -0.0918180346
v -0.168960735 -0.196295246 -0.0918206125
v -0.168954164 -0.196295246 -0.0918206125
v -0.168960735 -0.196295246 -0.0918206125
v -0.168960735 -0.196295246 -0.0936912596
v -0.168954164 -0.196295246 -0.0918206125
v -0.168954164 -0.196295246 -0.0918206125
v -0.168960735 -0.196295246 -0.0936912596
v -0.167422593 -0.196295246 -0.0936912596
v -0.169662163 -0.196295246 -0.0936912596
v -0.168960735 -0.196295246 -0.0939665362
v -0.168960735 -0.196295246 -0.0936912596
v -0.168960735 -0.196295246 -0.0939665362
v -0.167422593 -0.196295246 -0.0945701972
v -0.168960735 -0.196295246 -0.0936912596
v -0.168960735 -0.196295246 -0.0936912596
v -0.167422593 -0.196295246 -0.0945701972
v -0.167422593 -0.196295246 -0.0936912596
v -0.167422593 -0.196295246 -0.0945701972
v -0.162917465 -0.196295246 -0.0936912596
v -0.167422593 -0.196295246 -0.0936912596
v -0.167422593 -0.196295246 -0.0936912596
v -0.162917465 -0.196295246 -0.0936912596
v -0.162917465 -0.196295246 -0.0918206125
v -0.167422593 -0.196295246 -0.0924216881
v -0.167422593 -0.196295246 -0.0936912596
v -0.166284651 -0.196295246 -0.0928682759
v -0.167422593 -0.196295246 -0.0936912596
v -0.162917465 -0.196295246 -0.0918206125
v -0.166284651 -0.196295246 -0.0928682759
v -0.166284651 -0.196295246 -0.0928682759
v -0.162917465 -0.196295246 -0.0918206125
v -0.165430352 -0.196295246 -0.0885685608
v -0.162917465 -0.196295246 -0.0918206125
v -0.162917465 -0.196295246 -0.0866814479
v -0.165430352 -0.196295246 -0.0885685608
v -0.165430352 -0.196295246 -0.0885685608
v -0.162917465 -0.196295246 -0.0866814479
v -0.167422593 -0.196295246 -0.0879540592
v -0.187523603 -0.196295246 -0.0866814479
v -0.182049066 -0.196295246 -0.0866814479
v -0.192805499 -0.196295246 -0.0846085474
v -0.182049066 -0.196295246 -0.0866814479
v -0.192716837 -0.196295246 -0.0824948251
v -0.192805499 -0.196295246 -0.0846085474
v -0.192805499 -0.196295246 -0.0846085474
v -0.192716837 -0.196295246 -0.0824948251
v -0.194605485 -0.196295246 -0.0824948251
v -0.192716837 -0.196295246 -0.0824948251
v -0.192805499 -0.196295246 -0.0824600384
v -0.194605485 -0.196295246 -0.0824948251
v -0.194605485 -0.196295246 -0.0824948251
v -0.192805499 -0.196295246 -0.0824600384
v -0.194605485 -0.196295246 -0.0750284493
v -0.192805499 -0.196295246 -0.0824600384
v -0.192805499 -0.196295246 -0.0801247805
v -0.194605485 -0.196295246 -0.0750284493
v -0.194605485 -0.196295246 -0.0750284493
v -0.192805499 -0.196295246 -0.0801247805
v -0.192805499 -0.196295246 -0.0780318007
v -0.192805499 -0.196295246 -0.0801247805
v -0.185121685 -0.196295246 -0.0824948251
v -0.192805499 -0.196295246 -0.0780318007
v -0.192805499 -0.196295246 -0.0780318007
v -0.185121685 -0.196295246 -0.0824948251
v -0.178336143 -0.196295246 -0.0824948251
v -0.185121685 -0.196295246 -0.0824948251
v -0.171548456 -0.196295246 -0.0866814479
v -0.178336143 -0.196295246 -0.0824948251
v -0.178336143 -0.196295246 -0.0824948251
v -0.171548456 -0.196295246 -0.0866814479
v -0.168960735 -0.196295246 -0.0853866488
v -0.165059566 -0.196295246 -0.0865899548
v -0.167422593 -0.196295246 -0.0858610868
v -0.167422593 -0.196295246 -0.0866814479
v -0.167422593 -0.196295246 -0.0858610868
v -0.168960735 -0.196295246 -0.0853866488
v -0.167422593 -0.196295246 -0.0866814479
v -0.167422593 -0.196295246 -0.0866814479
v -0.168960735 -0.196295246 -0.0853866488
v -0.168960735 -0.196295246 -0.0866814479
v -0.168960735 -0.196295246 -0.0853866488
v -0.171548456 -0.196295246 -0.0866814479
v -0.168960735 -0.196295246 -0.0866814479
v -0.162917465 -0.196295246 -0.0866814479
v -0.162917465 -0.196295246 -0.0824948251
v -0.164313406 -0.196295246 -0.0823579654
v -0.164313406 -0.196295246 -0.0823579654
v -0.165059566 -0.196295246 -0.0865899548
v -0.162917465 -0.196295246 -0.0866814479
v -0.165059566 -0.196295246 -0.0865899548
v -0.167422593 -0.196295246 -0.0866814479
v -0.162917465 -0.196295246 -0.0866814479
v -0.162917465 -0.196295246 -0.0866814479
v -0.167422593 -0.196295246 -0.0866814479
v -0.167422593 -0.196295246 -0.0879540592
v -0.167422593 -0.196295246 -0.0866814479
v -0.168960735 -0.196295246 -0.0866814479
v -0.167422593 -0.196295246 -0.0879540592
v -0.167422593 -0.196295246 -0.0879540592
v -0.168960735 -0.196295246 -0.0866814479
v -0.168960735 -0.196295246 -0.0874796212
v -0.168960735 -0.196295246 -0.0866814479
v -0.171548456 -0.196295246 -0.0866814479
v -0.168960735 -0.196295246 -0.0874796212
v -0.167422593 -0.196295246 -0.0795969144
v -0.164313406 -0.196295246 -0.0823579654
v -0.163986653 -0.196295246 -0.0803811103
v -0.164313406 -0.196295246 -0.0823579654
v -0.162917465 -0.196295246 -0.0824948251
v -0.163986653 -0.196295246 -0.0803811103
v -0.163986653 -0.196295246 -0.0803811103
v -0.162917465 -0.196295246 -0.0824948251
v -0.163338333 -0.196295246 -0.0761815831
v -0.162917465 -0.196295246 -0.0824948251
v -0.162917465 -0.196295246 -0.0750284493
v -0.163338333 -0.196295246 -0.0761815831
v -0.163338333 -0.196295246 -0.0761815831
v -0.162917465 -0.196295246 -0.0750284493
v -0.167422593 -0.196295246 -0.0755660012
v -0.192805499 -0.196295246 -0.071740292
v -0.194605485 -0.196295246 -0.0698763579
v -0.192805499 -0.196295246 -0.0738036558
v -0.194605485 -0.196295246 -0.0698763579
v -0.194605485 -0.196295246 -0.0750284493
v -0.192805499 -0.196295246 -0.0738036558
v -0.192805499 -0.196295246 -0.0738036558
v -0.194605485 -0.196295246 -0.0750284493
v -0.187439099 -0.196295246 -0.0750284493
v -0.194605485 -0.196295246 -0.0750284493
v -0.192805499 -0.196295246 -0.0758550838
v -0.187439099 -0.196295246 -0.0750284493
v -0.187439099 -0.196295246 -0.0750284493
v -0.192805499 -0.196295246 -0.0758550838
v -0.168960735 -0.196295246 -0.0792458504
v -0.192805499 -0.196295246 -0.0758550838
v -0.168960735 -0.196295246 -0.0812972859
v -0.168960735 -0.196295246 -0.0792458504
v -0.168960735 -0.196295246 -0.0792458504
v -0.168960735 -0.196295246 -0.0812972859
v -0.164313406 -0.196295246 -0.0823579654
v -0.168960735 -0.196295246 -0.0675098673
v -0.192805499 -0.196295246 -0.0657230169
v -0.192805499 -0.196295246 -0.0677286237
v -0.192805499 -0.196295246 -0.0657230169
v -0.194605485 -0.196295246 -0.0627729446
v -0.192805499 -0.196295246 -0.0677286237
v -0.192805499 -0.196295246 -0.0677286237
v -0.194605485 -0.196295246 -0.0627729446
v -0.192805499 -0.196295246 -0.0697176978
v -0.194605485 -0.196295246 -0.0627729446
v -0.194605485 -0.196295246 -0.0698763579
v -0.192805499 -0.196295246 -0.0697176978
v -0.192805499 -0.196295246 -0.0697176978
v -0.194605485 -0.196295246 -0.0698763579
v -0.191752836 -0.196295246 -0.0698763579
v -0.194605485 -0.196295246 -0.0698763579
v -0.192805499 -0.196295246 -0.071740292
v -0.191752836 -0.196295246 -0.0698763579
v -0.191752836 -0.196295246 -0.0698763579
v -0.192805499 -0.196295246 -0.071740292
v -0.168960735 -0.196295246 -0.0733115822
v -0.192805499 -0.196295246 -0.071740292
v -0.170989156 -0.196295246 -0.0750284493
v -0.168960735 -0.196295246 -0.0733115822
v -0.170989156 -0.196295246 -0.0750284493
v -0.168960735 -0.196295246 -0.0750284493
v -0.168960735 -0.196295246 -0.0733115822
v -0.168960735 -0.196295246 -0.0750284493
v -0.167422593 -0.196295246 -0.0750284493
v -0.168960735 -0.196295246 -0.0733115822
v -0.168960735 -0.196295246 -0.0733115822
v -0.167422593 -0.196295246 -0.0750284493
v -0.167422593 -0.196295246 -0.0735434145
v -0.170989156 -0.196295246 -0.0750284493
v -0.168960735 -0.196295246 -0.075334169
v -0.168960735 -0.196295246 -0.0750284493
v -0.168960735 -0.196295246 -0.075334169
v -0.167422593 -0.196295246 -0.0755660012
v -0.168960735 -0.196295246 -0.0750284493
v -0.168960735 -0.196295246 -0.0750284493
v -0.167422593 -0.196295246 -0.0755660012
v -0.167422593 -0.196295246 -0.0750284493
v -0.167422593 -0.196295246 -0.0755660012
v -0.162917465 -0.196295246 -0.0750284493
v -0.167422593 -0.196295246 -0.0750284493
v -0.167422593 -0.196295246 -0.0750284493
v -0.162917465 -0.196295246 -0.0750284493
v -0.167422593 -0.196295246 -0.0735434145
v -0.162917465 -0.196295246 -0.0750284493
v -0.163054198 -0.196295246 -0.0742018148
v -0.167422593 -0.196295246 -0.0735434145
v -0.162917465 -0.196295246 -0.0699683353
v -0.162496597 -0.196295246 -0.0699998736
v -0.162139907 -0.196295246 -0.0698763579
v -0.162139907 -0.196295246 -0.0698763579
v -0.162496597 -0.196295246 -0.0699998736
v -0.162139907 -0.196295246 -0.0750284493
v -0.192805499 -0.196295246 -0.0677286237
v -0.168960735 -0.196295246 -0.0695154741
v -0.168960735 -0.196295246 -0.0675098673
v -0.168960735 -0.196295246 -0.0695154741
v -0.167422593 -0.196295246 -0.0696307346
v -0.168960735 -0.196295246 -0.0675098673
v -0.168960735 -0.196295246 -0.0675098673
v -0.167422593 -0.196295246 -0.0696307346
v -0.167422593 -0.196295246 -0.0676251277
v -0.167422593 -0.196295246 -0.0696307346
v -0.164144889 -0.196295246 -0.0698763579
v -0.167422593 -0.196295246 -0.0676251277
v -0.167422593 -0.196295246 -0.0676251277
v -0.164144889 -0.196295246 -0.0698763579
v -0.162917465 -0.196295246 -0.0679627284
v -0.164144889 -0.196295246 -0.0698763579
v -0.162917465 -0.196295246 -0.0698763579
v -0.162917465 -0.196295246 -0.0679627284
v -0.164144889 -0.196295246 -0.0698763579
v -0.162917465 -0.196295246 -0.0699683353
v -0.162917465 -0.196295246 -0.0698763579
v -0.162917465 -0.196295246 -0.0699683353
v -0.162139907 -0.196295246 -0.0698763579
v -0.162917465 -0.196295246 -0.0698763579
v -0.162917465 -0.196295246 -0.0698763579
v -0.162139907 -0.196295246 -0.0698763579
v -0.162917465 -0.196295246 -0.0679627284
v -0.162139907 -0.196295246 -0.0698763579
v -0.162254289 -0.196295246 -0.0680124238
v -0.162917465 -0.196295246 -0.0679627284
v -0.162139907 -0.196295246 -0.0637729391
v -0.161783233 -0.196295246 -0.0637729391
v -0.161694363 -0.196295246 -0.0627729446
v -0.161783233 -0.196295246 -0.0637729391
v -0.161694363 -0.196295246 -0.0698763579
v -0.161694363 -0.196295246 -0.0627729446
v -0.161694363 -0.196295246 -0.0627729446
v -0.161694363 -0.196295246 -0.0698763579
v -0.156076744 -0.196295246 -0.0668015406
v -0.161694363 -0.196295246 -0.0698763579
v -0.161694363 -0.196295246 -0.0750284493
v -0.156076744 -0.196295246 -0.0668015406
v -0.156076744 -0.196295246 -0.0668015406
v -0.161694363 -0.196295246 -0.0750284493
v -0.158163294 -0.196295246 -0.081582047
v -0.161694363 -0.196295246 -0.0750284493
v -0.158200398 -0.196295246 -0.0818958133
v -0.158163294 -0.196295246 -0.081582047
v -0.192805499 -0.196295246 -0.0637729391
v -0.168960735 -0.196295246 -0.0637729391
v -0.168960735 -0.196295246 -0.0627729446
v -0.168960735 -0.196295246 -0.0637729391
v -0.167422593 -0.196295246 -0.0637729391
v -0.168960735 -0.196295246 -0.0627729446
v -0.168960735 -0.196295246 -0.0627729446
v -0.167422593 -0.196295246 -0.0637729391
v -0.167422593 -0.196295246 -0.0627729446
v -0.167422593 -0.196295246 -0.0637729391
v -0.162917465 -0.196295246 -0.0637729391
v -0.167422593 -0.196295246 -0.0627729446
v -0.167422593 -0.196295246 -0.0627729446
v -0.162917465 -0.196295246 -0.0637729391
v -0.162917465 -0.196295246 -0.0627729446
v -0.162917465 -0.196295246 -0.0637729391
v -0.162139907 -0.196295246 -0.0637729391
v -0.162917465 -0.196295246 -0.0627729446
v -0.162917465 -0.196295246 -0.0627729446
v -0.162139907 -0.196295246 -0.0637729391
v -0.162139907 -0.196295246 -0.0627729446
v -0.162139907 -0.196295246 -0.0637729391
v -0.161694363 -0.196295246 -0.0627729446
v -0.162139907 -0.196295246 -0.0627729446
v -0.156076744 -0.196295246 -0.0668015406
v -0.155210301 -0.196295246 -0.0572812222
v -0.161307484 -0.196295246 -0.0587729439
v -0.155210301 -0.196295246 -0.0572812222
v -0.161694363 -0.196295246 -0.0572729446
v -0.161307484 -0.196295246 -0.0587729439
v -0.161307484 -0.196295246 -0.0587729439
v -0.161694363 -0.196295246 -0.0572729446
v -0.161694363 -0.196295246 -0.0587729439
v -0.161694363 -0.196295246 -0.0572729446
v -0.162139907 -0.196295246 -0.0572729446
v -0.161694363 -0.196295246 -0.0587729439
v -0.161694363 -0.196295246 -0.0587729439
v -0.162139907 -0.196295246 -0.0572729446
v -0.162139907 -0.196295246 -0.0587729439
v -0.162139907 -0.196295246 -0.0572729446
v -0.162917465 -0.196295246 -0.0572729446
v -0.162139907 -0.196295246 -0.0587729439
v -0.162139907 -0.196295246 -0.0587729439
v -0.162917465 -0.196295246 -0.0572729446
v -0.162917465 -0.196295246 -0.0587729439
v -0.162917465 -0.196295246 -0.0572729446
v -0.167422593 -0.196295246 -0.0572729446
v -0.162917465 -0.196295246 -0.0587729439
v -0.162917465 -0.196295246 -0.0587729439
v -0.167422593 -0.196295246 -0.0572729446
v -0.167422593 -0.196295246 -0.0587729439
v -0.167422593 -0.196295246 -0.0572729446
v -0.168960735 -0.196295246 -0.0572729446
v -0.167422593 -0.196295246 -0.0587729439
v -0.167422593 -0.196295246 -0.0587729439
v -0.168960735 -0.196295246 -0.0572729446
v -0.168960735 -0.196295246 -0.0587729439
v -0.168960735 -0.196295246 -0.0587729439
v -0.168960735 -0.196295246 -0.0572729446
v -0.192805499 -0.196295246 -0.0587729439
v -0.168960735 -0.196295246 -0.0572729446
v -0.194605485 -0.196295246 -0.0572729446
v -0.192805499 -0.196295246 -0.0587729439
v -0.192805499 -0.196295246 -0.0587729439
v -0.194605485 -0.196295246 -0.0572729446
v -0.192805499 -0.196295246 -0.0617729425
v -0.194605485 -0.196295246 -0.0572729446
v -0.194605485 -0.196295246 -0.0627729446
v -0.192805499 -0.196295246 -0.0617729425
v -0.192805499 -0.196295246 -0.0617729425
v -0.194605485 -0.196295246 -0.0627729446
v -0.168960735 -0.196295246 -0.0617729425
v -0.192805499 -0.196295246 -0.0657230169
v -0.192805499 -0.196295246 -0.0637729391
v -0.194605485 -0.196295246 -0.0627729446
v -0.192805499 -0.196295246 -0.0637729391
v -0.168960735 -0.196295246 -0.0627729446
v -0.194605485 -0.196295246 -0.0627729446
v -0.194605485 -0.196295246 -0.0627729446
v -0.168960735 -0.196295246 -0.0627729446
v -0.168960735 -0.196295246 -0.0617729425
v -0.168960735 -0.196295246 -0.0627729446
v -0.167422593 -0.196295246 -0.0627729446
v -0.168960735 -0.196295246 -0.0617729425
v -0.168960735 -0.196295246 -0.0617729425
v -0.167422593 -0.196295246 -0.0627729446
v -0.167422593 -0.196295246 -0.0617729425
v -0.167422593 -0.196295246 -0.0627729446
v -0.162917465 -0.196295246 -0.0627729446
v -0.167422593 -0.196295246 -0.0617729425
v -0.167422593 -0.196295246 -0.0617729425
v -0.162917465 -0.196295246 -0.0627729446
v -0.162917465 -0.196295246 -0.0617729425
v -0.162917465 -0.196295246 -0.0627729446
v -0.162139907 -0.196295246 -0.0627729446
v -0.162917465 -0.196295246 -0.0617729425
v -0.162917465 -0.196295246 -0.0617729425
v -0.162139907 -0.196295246 -0.0627729446
v -0.162139907 -0.196295246 -0.0617729425
v -0.162139907 -0.196295246 -0.0627729446
v -0.161694363 -0.196295246 -0.0627729446
v -0.162139907 -0.196295246 -0.0617729425
v -0.162139907 -0.196295246 -0.0617729425
v -0.161694363 -0.196295246 -0.0627729446
v -0.161694363 -0.196295246 -0.0617729425
v -0.161694363 -0.196295246 -0.0627729446
v -0.161582589 -0.196295246 -0.0617729425
v -0.161694363 -0.196295246 -0.0617729425
v -0.187608421 -0.196295246 -0.0536646657
v -0.168960735 -0.196295246 -0.0572729446
v -0.168960735 -0.196295246 -0.0487729423
v -0.168960735 -0.196295246 -0.0572729446
v -0.167422593 -0.196295246 -0.0572729446
v -0.168960735 -0.196295246 -0.0487729423
v -0.168960735 -0.196295246 -0.0487729423
v -0.167422593 -0.196295246 -0.0572729446
v -0.167422593 -0.196295246 -0.0487729423
v -0.167422593 -0.196295246 -0.0572729446
v -0.162917465 -0.196295246 -0.0572729446
v -0.167422593 -0.196295246 -0.0487729423
v -0.167422593 -0.196295246 -0.0487729423
v -0.162917465 -0.196295246 -0.0572729446
v -0.162917465 -0.196295246 -0.0487729423
v -0.162917465 -0.196295246 -0.0572729446
v -0.162139907 -0.196295246 -0.0572729446
v -0.162917465 -0.196295246 -0.0487729423
v -0.162917465 -0.196295246 -0.0487729423
v -0.162139907 -0.196295246 -0.0572729446
v -0.162139907 -0.196295246 -0.0487729423
v -0.162139907 -0.196295246 -0.0572729446
v -0.161694363 -0.196295246 -0.0572729446
v -0.162139907 -0.196295246 -0.0487729423
v -0.162139907 -0.196295246 -0.0487729423
v -0.161694363 -0.196295246 -0.0572729446
v -0.161694363 -0.196295246 -0.0487729423
v -0.161694363 -0.196295246 -0.0572729446
v -0.161602557 -0.196295246 -0.0536646657
v -0.161694363 -0.196295246 -0.0487729423
v -0.161694363 -0.196295246 -0.0487729423
v -0.161602557 -0.196295246 -0.0536646657
v -0.161579147 -0.196295246 -0.0534493774
v -0.161783233 -0.196295246 -0.0637729391
v -0.162254289 -0.196295246 -0.0680124238
v -0.161694363 -0.196295246 -0.0698763579
v -0.162254289 -0.196295246 -0.0680124238
v -0.162139907 -0.196295246 -0.0698763579
v -0.161694363 -0.196295246 -0.0698763579
v -0.161694363 -0.196295246 -0.0698763579
v -0.162139907 -0.196295246 -0.0698763579
v -0.161694363 -0.196295246 -0.0750284493
v -0.162139907 -0.196295246 -0.0698763579
v -0.162139907 -0.196295246 -0.0750284493
v -0.161694363 -0.196295246 -0.0750284493
v -0.161694363 -0.196295246 -0.0750284493
v -0.162139907 -0.196295246 -0.0750284493
v -0.161694363 -0.196295246 -0.0824948251
v -0.162139907 -0.196295246 -0.0750284493
v -0.162139907 -0.196295246 -0.0824948251
v -0.161694363 -0.196295246 -0.0824948251
v -0.161694363 -0.196295246 -0.0824948251
v -0.162139907 -0.196295246 -0.0824948251
v -0.161694363 -0.196295246 -0.0866814479
v -0.162139907 -0.196295246 -0.0824948251
v -0.162139907 -0.196295246 -0.0866814479
v -0.161694363 -0.196295246 -0.0866814479
v -0.161694363 -0.196295246 -0.0866814479
v -0.162139907 -0.196295246 -0.0866814479
v -0.161694363 -0.196295246 -0.0918206125
v -0.162139907 -0.196295246 -0.0866814479
v -0.162139907 -0.196295246 -0.0918206125
v -0.161694363 -0.196295246 -0.0918206125
v -0.161694363 -0.196295246 -0.0918206125
v -0.162139907 -0.196295246 -0.0918206125
v -0.161694363 -0.196295246 -0.0936912596
v -0.162139907 -0.196295246 -0.0918206125
v -0.162139907 -0.196295246 -0.0936912596
v -0.161694363 -0.196295246 -0.0936912596
v -0.161694363 -0.196295246 -0.0936912596
v -0.162139907 -0.196295246 -0.0936912596
v -0.161640808 -0.196295246 -0.0983120948
v -0.162139907 -0.196295246 -0.0936912596
v -0.162139907 -0.196295246 -0.0996935964
v -0.161640808 -0.196295246 -0.0983120948
v -0.161640808 -0.196295246 -0.0983120948
v -0.162139907 -0.196295246 -0.0996935964
v -0.161987245 -0.196295246 -0.0997132361
v -0.162139907 -0.196295246 -0.0996935964
v -0.162061915 -0.196295246 -0.100010678
v -0.161987245 -0.196295246 -0.0997132361
v -0.162496597 -0.196295246 -0.0699998736
v -0.163054198 -0.196295246 -0.0742018148
v -0.162139907 -0.196295246 -0.0750284493
v -0.163054198 -0.196295246 -0.0742018148
v -0.162917465 -0.196295246 -0.0750284493
v -0.162139907 -0.196295246 -0.0750284493
v -0.162139907 -0.196295246 -0.0750284493
v -0.162917465 -0.196295246 -0.0750284493
v -0.162139907 -0.196295246 -0.0824948251
v -0.162917465 -0.196295246 -0.0750284493
v -0.162917465 -0.196295246 -0.0824948251
v -0.162139907 -0.196295246 -0.0824948251
v -0.162139907 -0.196295246 -0.0824948251
v -0.162917465 -0.196295246 -0.0824948251
v -0.162139907 -0.196295246 -0.0866814479
v -0.162917465 -0.196295246 -0.0824948251
v -0.162917465 -0.196295246 -0.0866814479
v -0.162139907 -0.196295246 -0.0866814479
v -0.162139907 -0.196295246 -0.0866814479
v -0.162917465 -0.196295246 -0.0866814479
v -0.162139907 -0.196295246 -0.0918206125
v -0.162917465 -0.196295246 -0.0866814479
v -0.162917465 -0.196295246 -0.0918206125
v -0.162139907 -0.196295246 -0.0918206125
v -0.162139907 -0.196295246 -0.0918206125
v -0.162917465 -0.196295246 -0.0918206125
v -0.162139907 -0.196295246 -0.0936912596
v -0.162917465 -0.196295246 -0.0918206125
v -0.162917465 -0.196295246 -0.0936912596
v -0.162139907 -0.196295246 -0.0936912596
v -0.162139907 -0.196295246 -0.0936912596
v -0.162917465 -0.196295246 -0.0936912596
v -0.162139907 -0.196295246 -0.0996935964
v -0.162917465 -0.196295246 -0.0936912596
v -0.162917465 -0.196295246 -0.0996935964
v -0.162139907 -0.196295246 -0.0996935964
v -0.162139907 -0.196295246 -0.0996935964
v -0.162917465 -0.196295246 -0.0996935964
v -0.162061915 -0.196295246 -0.100010678
v -0.162917465 -0.196295246 -0.0996935964
v -0.16282545 -0.196295246 -0.102967404
v -0.162061915 -0.196295246 -0.100010678
v -0.161783233 -0.170495242 -0.0637729391
v -0.161783233 -0.196295246 -0.0637729391
v -0.162139907 -0.170495242 -0.0637729391
v -0.161783233 -0.196295246 -0.0637729391
v -0.162139907 -0.196295246 -0.0637729391
v -0.162139907 -0.170495242 -0.0637729391
v -0.162139907 -0.170495242 -0.0637729391
v -0.162139907 -0.196295246 -0.0637729391
v -0.162917465 -0.170495242 -0.0637729391
v -0.162139907 -0.196295246 -0.0637729391
v -0.162917465 -0.196295246 -0.0637729391
v -0.162917465 -0.170495242 -0.0637729391
v -0.162917465 -0.170495242 -0.0637729391
v -0.162917465 -0.196295246 -0.0637729391
v -0.167422593 -0.170495242 -0.0637729391
v -0.162917465 -0.196295246 -0.0637729391
v -0.167422593 -0.196295246 -0.0637729391
v -0.167422593 -0.170495242 -0.0637729391
v -0.167422593 -0.170495242 -0.0637729391
v -0.167422593 -0.196295246 -0.0637729391
v -0.168960735 -0.170495242 -0.0637729391
v -0.167422593 -0.196295246 -0.0637729391
v -0.168960735 -0.196295246 -0.0637729391
v -0.168960735 -0.170495242 -0.0637729391
v -0.168960735 -0.170495242 -0.0637729391
v -0.168960735 -0.196295246 -0.0637729391
v -0.192805499 -0.170495242 -0.0637729391
v -0.168960735 -0.196295246 -0.0637729391
v -0.192805499 -0.196295246 -0.0637729391
v -0.192805499 -0.170495242 -0.0637729391
v -0.169777855 -0.196295246 -0.107808657
v -0.169777855 -0.170495242 -0.107808657
v -0.171056569 -0.196295246 -0.112537123
v -0.169777855 -0.170495242 -0.107808657
v -0.171056569 -0.170495242 -0.112537123
v -0.171056569 -0.196295246 -0.112537123
v -0.192805499 -0.196295246 -0.0677286237
v -0.192805499 -0.196295246 -0.0697176978
v -0.192805499 -0.170495242 -0.0677286237
v -0.192805499 -0.196295246 -0.0697176978
v -0.192805499 -0.170495242 -0.0697176978
v -0.192805499 -0.170495242 -0.0677286237
v -0.192805499 -0.196295246 -0.0846085474
v -0.192805499 -0.170495242 -0.0846085474
v -0.187523603 -0.196295246 -0.0866814479
v -0.192805499 -0.170495242 -0.0846085474
v -0.187523603 -0.170495242 -0.0866814479
v -0.187523603 -0.196295246 -0.0866814479
v -0.187523603 -0.196295246 -0.0866814479
v -0.187523603 -0.170495242 -0.0866814479
v -0.174428701 -0.196295246 -0.0918206125
v -0.187523603 -0.170495242 -0.0866814479
v -0.174428701 -0.170495242 -0.0918206125
v -0.174428701 -0.196295246 -0.0918206125
v -0.174428701 -0.196295246 -0.0918206125
v -0.174428701 -0.170495242 -0.0918206125
v -0.169662163 -0.196295246 -0.0936912596
v -0.174428701 -0.170495242 -0.0918206125
v -0.169662163 -0.170495242 -0.0936912596
v -0.169662163 -0.196295246 -0.0936912596
v -0.169662163 -0.196295246 -0.0936912596
v -0.169662163 -0.170495242 -0.0936912596
v -0.168960735 -0.196295246 -0.0939665362
v -0.169662163 -0.170495242 -0.0936912596
v -0.168960735 -0.170495242 -0.0939665362
v -0.168960735 -0.196295246 -0.0939665362
v -0.168960735 -0.196295246 -0.0939665362
v -0.168960735 -0.170495242 -0.0939665362
v -0.167422593 -0.196295246 -0.0945701972
v -0.168960735 -0.170495242 -0.0939665362
v -0.167422593 -0.170495242 -0.0945701972
v -0.167422593 -0.196295246 -0.0945701972
v -0.167422593 -0.196295246 -0.0945701972
v -0.167422593 -0.170495242 -0.0945701972
v -0.16670157 -0.196295246 -0.0948531628
v -0.167422593 -0.170495242 -0.0945701972
v -0.16670157 -0.170495242 -0.0948531628
v -0.16670157 -0.196295246 -0.0948531628
v -0.192805499 -0.196295246 -0.106365256
v -0.192805499 -0.196295246 -0.110680573
v -0.192805499 -0.170495242 -0.106365256
v -0.192805499 -0.196295246 -0.110680573
v -0.192805499 -0.170495242 -0.110680573
v -0.192805499 -0.170495242 -0.106365256
v -0.164144889 -0.170495242 -0.0698763579
v -0.162917465 -0.170495242 -0.0698763579
v -0.162917465 -0.170495242 -0.0699683353
v -0.168954164 -0.170495242 -0.0918206125
v -0.168960735 -0.170495242 -0.0918206125
v -0.168960735 -0.170495242 -0.0918180346
v -0.171380788 -0.170495242 -0.0996935964
v -0.168960735 -0.170495242 -0.0996935964
v -0.168960735 -0.170495242 -0.100858979
v -0.192805499 -0.170495242 -0.0945142433
v -0.192805499 -0.170495242 -0.0977096632
v -0.194605485 -0.170495242 -0.0996935964
v -0.164576933 -0.170495242 -0.109245621
v -0.166681528 -0.170495242 -0.116057977
v -0.167422593 -0.170495242 -0.116028644
v -0.158163294 -0.170495242 -0.081582047
v -0.161694363 -0.170495242 -0.0750284493
v -0.161694363 -0.170495242 -0.0698763579
v -0.155359611 -0.170495242 -0.0861323848
v -0.155099601 -0.170495242 -0.0866057053
v -0.161694363 -0.170495242 -0.0866814479
v -0.161694363 -0.170495242 -0.0918206125
v -0.158700138 -0.170495242 -0.0936902985
v -0.161694363 -0.170495242 -0.0936912596
v -0.158700138 -0.170495242 -0.0936902985
v -0.15900743 -0.170495242 -0.093763791
v -0.161694363 -0.170495242 -0.0936912596
v -0.15900743 -0.170495242 -0.093763791
v -0.159305274 -0.170495242 -0.0938691944
v -0.161694363 -0.170495242 -0.0936912596
v -0.159305274 -0.170495242 -0.0938691944
v -0.159590393 -0.170495242 -0.0940053314
v -0.161694363 -0.170495242 -0.0936912596
v -0.161694363 -0.170495242 -0.0936912596
v -0.159590393 -0.170495242 -0.0940053314
v -0.159859613 -0.170495242 -0.0941707119
v -0.159859613 -0.170495242 -0.0941707119
v -0.160109937 -0.170495242 -0.0943634808
v -0.161694363 -0.170495242 -0.0936912596
v -0.160109937 -0.170495242 -0.0943634808
v -0.16033861 -0.170495242 -0.0945815146
v -0.161694363 -0.170495242 -0.0936912596
v -0.161694363 -0.170495242 -0.0936912596
v -0.16033861 -0.170495242 -0.0945815146
v -0.160543084 -0.170495242 -0.0948223844
v -0.160543084 -0.170495242 -0.0948223844
v -0.160721079 -0.170495242 -0.095083423
v -0.161694363 -0.170495242 -0.0936912596
v -0.160721079 -0.170495242 -0.095083423
v -0.160870641 -0.170495242 -0.0953617319
v -0.161694363 -0.170495242 -0.0936912596
v -0.161694363 -0.170495242 -0.0936912596
v -0.160870641 -0.170495242 -0.0953617319
v -0.160990104 -0.170495242 -0.0956542268
v -0.155914351 -0.170495242 -0.0921456963
v -0.156299636 -0.170495242 -0.0925241187
v -0.161694363 -0.170495242 -0.0918206125
v -0.156299636 -0.170495242 -0.0925241187
v -0.156723484 -0.170495242 -0.0928587765
v -0.161694363 -0.170495242 -0.0918206125
v -0.161694363 -0.170495242 -0.0918206125
v -0.156723484 -0.170495242 -0.0928587765
v -0.15718095 -0.170495242 -0.0931457728
v -0.15718095 -0.170495242 -0.0931457728
v -0.157666713 -0.170495242 -0.0933817551
v -0.161694363 -0.170495242 -0.0918206125
v -0.157666713 -0.170495242 -0.0933817551
v -0.158175081 -0.170495242 -0.0935639665
v -0.161694363 -0.170495242 -0.0918206125
v -0.161694363 -0.170495242 -0.0918206125
v -0.158175081 -0.170495242 -0.0935639665
v -0.158700138 -0.170495242 -0.0936902985
v -0.159175545 -0.170495242 -0.0907261819
v -0.158966884 -0.170495242 -0.0906682536
v -0.155914351 -0.170495242 -0.0921456963
v -0.161129817 -0.170495242 -0.0874781683
v -0.161260873 -0.170495242 -0.0876505673
v -0.161694363 -0.170495242 -0.0866814479
v -0.161260873 -0.170495242 -0.0876505673
v -0.161372513 -0.170495242 -0.087836124
v -0.161694363 -0.170495242 -0.0866814479
v -0.160035431 -0.170495242 -0.0868197009
v -0.160244092 -0.170495242 -0.0868776366
v -0.161694363 -0.170495242 -0.0866814479
v -0.160244092 -0.170495242 -0.0868776366
v -0.160445273 -0.170495242 -0.08695779
v -0.161694363 -0.170495242 -0.0866814479
v -0.161694363 -0.170495242 -0.0866814479
v -0.160445273 -0.170495242 -0.08695779
v -0.160636604 -0.170495242 -0.0870592296
v -0.160636604 -0.170495242 -0.0870592296
v -0.160815835 -0.170495242 -0.087180756
v -0.161694363 -0.170495242 -0.0866814479
v -0.160815835 -0.170495242 -0.087180756
v -0.160980895 -0.170495242 -0.0873209536
v -0.161694363 -0.170495242 -0.0866814479
v -0.161694363 -0.170495242 -0.0866814479
v -0.160980895 -0.170495242 -0.0873209536
v -0.161129817 -0.170495242 -0.0874781683
v -0.161372513 -0.170495242 -0.087836124
v -0.161463439 -0.170495242 -0.0880326703
v -0.161694363 -0.170495242 -0.0866814479
v -0.161463439 -0.170495242 -0.0880326703
v -0.161532596 -0.170495242 -0.0882378891
v -0.161694363 -0.170495242 -0.0866814479
v -0.161694363 -0.170495242 -0.0866814479
v -0.161532596 -0.170495242 -0.0882378891
v -0.161579147 -0.170495242 -0.0884493813
v -0.161694363 -0.170495242 -0.0918206125
v -0.161260873 -0.170495242 -0.0898953155
v -0.161129817 -0.170495242 -0.0900677145
v -0.158966884 -0.170495242 -0.0906682536
v -0.158765718 -0.170495242 -0.0905880928
v -0.155914351 -0.170495242 -0.0921456963
v -0.158765718 -0.170495242 -0.0905880928
v -0.158574387 -0.170495242 -0.0904866606
v -0.155914351 -0.170495242 -0.0921456963
v -0.155914351 -0.170495242 -0.0921456963
v -0.158574387 -0.170495242 -0.0904866606
v -0.158395141 -0.170495242 -0.0903651267
v -0.155099601 -0.170495242 -0.0866057053
v -0.157950118 -0.170495242 -0.0876505673
v -0.158081159 -0.170495242 -0.0874781683
v -0.161532596 -0.170495242 -0.0893080011
v -0.161463439 -0.170495242 -0.0895132199
v -0.161694363 -0.170495242 -0.0918206125
v -0.161463439 -0.170495242 -0.0895132199
v -0.161372513 -0.170495242 -0.0897097588
v -0.161694363 -0.170495242 -0.0918206125
v -0.161694363 -0.170495242 -0.0918206125
v -0.161372513 -0.170495242 -0.0897097588
v -0.161260873 -0.170495242 -0.0898953155
v -0.161129817 -0.170495242 -0.0900677145
v -0.160980895 -0.170495242 -0.0902249366
v -0.161694363 -0.170495242 -0.0918206125
v -0.160980895 -0.170495242 -0.0902249366
v -0.160815835 -0.170495242 -0.0903651267
v -0.161694363 -0.170495242 -0.0918206125
v -0.161694363 -0.170495242 -0.0918206125
v -0.160815835 -0.170495242 -0.0903651267
v -0.160636604 -0.170495242 -0.0904866606
v -0.160636604 -0.170495242 -0.0904866606
v -0.160445273 -0.170495242 -0.0905880928
v -0.161694363 -0.170495242 -0.0918206125
v -0.160445273 -0.170495242 -0.0905880928
v -0.160244092 -0.170495242 -0.0906682536
v -0.161694363 -0.170495242 -0.0918206125
v -0.161694363 -0.170495242 -0.0918206125
v -0.160244092 -0.170495242 -0.0906682536
v -0.160035431 -0.170495242 -0.0907261819
v -0.160035431 -0.170495242 -0.0907261819
v -0.159821734 -0.170495242 -0.0907612219
v -0.161694363 -0.170495242 -0.0918206125
v -0.159821734 -0.170495242 -0.0907612219
v -0.159605488 -0.170495242 -0.0907729417
v -0.161694363 -0.170495242 -0.0918206125
v -0.161694363 -0.170495242 -0.0918206125
v -0.159605488 -0.170495242 -0.0907729417
v -0.155914351 -0.170495242 -0.0921456963
v -0.159605488 -0.170495242 -0.0907729417
v -0.159389257 -0.170495242 -0.0907612219
v -0.155914351 -0.170495242 -0.0921456963
v -0.155914351 -0.170495242 -0.0921456963
v -0.159389257 -0.170495242 -0.0907612219
v -0.159175545 -0.170495242 -0.0907261819
v -0.158081159 -0.170495242 -0.0874781683
v -0.158230096 -0.170495242 -0.0873209536
v -0.155099601 -0.170495242 -0.0866057053
v -0.158230096 -0.170495242 -0.0873209536
v -0.158395141 -0.170495242 -0.087180756
v -0.155099601 -0.170495242 -0.0866057053
v -0.155099601 -0.170495242 -0.0866057053
v -0.158395141 -0.170495242 -0.087180756
v -0.158574387 -0.170495242 -0.0870592296
v -0.158574387 -0.170495242 -0.0870592296
v -0.158765718 -0.170495242 -0.08695779
v -0.155099601 -0.170495242 -0.0866057053
v -0.158765718 -0.170495242 -0.08695779
v -0.158966884 -0.170495242 -0.0868776366
v -0.155099601 -0.170495242 -0.0866057053
v -0.155099601 -0.170495242 -0.0866057053
v -0.158966884 -0.170495242 -0.0868776366
v -0.159175545 -0.170495242 -0.0868197009
v -0.159175545 -0.170495242 -0.0868197009
v -0.159389257 -0.170495242 -0.0867846683
v -0.155099601 -0.170495242 -0.0866057053
v -0.159389257 -0.170495242 -0.0867846683
v -0.159605488 -0.170495242 -0.0867729411
v -0.155099601 -0.170495242 -0.0866057053
v -0.155099601 -0.170495242 -0.0866057053
v -0.159605488 -0.170495242 -0.0867729411
v -0.161694363 -0.170495242 -0.0866814479
v -0.159605488 -0.170495242 -0.0867729411
v -0.159821734 -0.170495242 -0.0867846683
v -0.161694363 -0.170495242 -0.0866814479
v -0.161694363 -0.170495242 -0.0866814479
v -0.159821734 -0.170495242 -0.0867846683
v -0.160035431 -0.170495242 -0.0868197009
v -0.161579147 -0.170495242 -0.0884493813
v -0.161602557 -0.170495242 -0.0886646658
v -0.161694363 -0.170495242 -0.0866814479
v -0.161602557 -0.170495242 -0.0886646658
v -0.161602557 -0.170495242 -0.0888812244
v -0.161694363 -0.170495242 -0.0866814479
v -0.161694363 -0.170495242 -0.0866814479
v -0.161602557 -0.170495242 -0.0888812244
v -0.161694363 -0.170495242 -0.0918206125
v -0.161602557 -0.170495242 -0.0888812244
v -0.161579147 -0.170495242 -0.0890965089
v -0.161694363 -0.170495242 -0.0918206125
v -0.161694363 -0.170495242 -0.0918206125
v -0.161579147 -0.170495242 -0.0890965089
v -0.161532596 -0.170495242 -0.0893080011
v -0.158395141 -0.170495242 -0.0903651267
v -0.158230096 -0.170495242 -0.0902249366
v -0.155914351 -0.170495242 -0.0921456963
v -0.158230096 -0.170495242 -0.0902249366
v -0.158081159 -0.170495242 -0.0900677145
v -0.155914351 -0.170495242 -0.0921456963
v -0.155914351 -0.170495242 -0.0921456963
v -0.158081159 -0.170495242 -0.0900677145
v -0.155572116 -0.170495242 -0.0917279348
v -0.158081159 -0.170495242 -0.0900677145
v -0.157950118 -0.170495242 -0.0898953155
v -0.155572116 -0.170495242 -0.0917279348
v -0.155572116 -0.170495242 -0.0917279348
v -0.157950118 -0.170495242 -0.0898953155
v -0.155276954 -0.170495242 -0.091275692
v -0.157950118 -0.170495242 -0.0898953155
v -0.157838464 -0.170495242 -0.0897097588
v -0.155276954 -0.170495242 -0.091275692
v -0.155276954 -0.170495242 -0.091275692
v -0.157838464 -0.170495242 -0.0897097588
v -0.155032277 -0.170495242 -0.0907942578
v -0.157838464 -0.170495242 -0.0897097588
v -0.157747537 -0.170495242 -0.0895132199
v -0.155032277 -0.170495242 -0.0907942578
v -0.155032277 -0.170495242 -0.0907942578
v -0.157747537 -0.170495242 -0.0895132199
v -0.154840946 -0.170495242 -0.0902892426
v -0.157747537 -0.170495242 -0.0895132199
v -0.157678396 -0.170495242 -0.0893080011
v -0.154840946 -0.170495242 -0.0902892426
v -0.154840946 -0.170495242 -0.0902892426
v -0.157678396 -0.170495242 -0.0893080011
v -0.154705212 -0.170495242 -0.0897665396
v -0.157678396 -0.170495242 -0.0893080011
v -0.157631844 -0.170495242 -0.0890965089
v -0.154705212 -0.170495242 -0.0897665396
v -0.154705212 -0.170495242 -0.0897665396
v -0.157631844 -0.170495242 -0.0890965089
v -0.154626638 -0.170495242 -0.0892322436
v -0.157631844 -0.170495242 -0.0890965089
v -0.15760842 -0.170495242 -0.0888812244
v -0.154626638 -0.170495242 -0.0892322436
v -0.154626638 -0.170495242 -0.0892322436
v -0.15760842 -0.170495242 -0.0888812244
v -0.154606134 -0.170495242 -0.0886925906
v -0.15760842 -0.170495242 -0.0888812244
v -0.15760842 -0.170495242 -0.0886646658
v -0.154606134 -0.170495242 -0.0886925906
v -0.154606134 -0.170495242 -0.0886925906
v -0.15760842 -0.170495242 -0.0886646658
v -0.154643968 -0.170495242 -0.0881538764
v -0.15760842 -0.170495242 -0.0886646658
v -0.157631844 -0.170495242 -0.0884493813
v -0.154643968 -0.170495242 -0.0881538764
v -0.154643968 -0.170495242 -0.0881538764
v -0.157631844 -0.170495242 -0.0884493813
v -0.154739663 -0.170495242 -0.0876223817
v -0.157631844 -0.170495242 -0.0884493813
v -0.157678396 -0.170495242 -0.0882378891
v -0.154739663 -0.170495242 -0.0876223817
v -0.154739663 -0.170495242 -0.0876223817
v -0.157678396 -0.170495242 -0.0882378891
v -0.154892147 -0.170495242 -0.0871043131
v -0.157678396 -0.170495242 -0.0882378891
v -0.157747537 -0.170495242 -0.0880326703
v -0.154892147 -0.170495242 -0.0871043131
v -0.154892147 -0.170495242 -0.0871043131
v -0.157747537 -0.170495242 -0.0880326703
v -0.155099601 -0.170495242 -0.0866057053
v -0.157747537 -0.170495242 -0.0880326703
v -0.157838464 -0.170495242 -0.087836124
v -0.155099601 -0.170495242 -0.0866057053
v -0.155099601 -0.170495242 -0.0866057053
v -0.157838464 -0.170495242 -0.087836124
v -0.157950118 -0.170495242 -0.0876505673
v -0.15789251 -0.170495242 -0.0834274516
v -0.157737046 -0.170495242 -0.0837025046
v -0.161694363 -0.170495242 -0.0866814479
v -0.157737046 -0.170495242 -0.0837025046
v -0.157553509 -0.170495242 -0.0839596838
v -0.161694363 -0.170495242 -0.0866814479
v -0.161694363 -0.170495242 -0.0866814479
v -0.157553509 -0.170495242 -0.0839596838
v -0.157343939 -0.170495242 -0.084196128
v -0.158204302 -0.170495242 -0.0822117403
v -0.158174962 -0.170495242 -0.0825263262
v -0.161694363 -0.170495242 -0.0824948251
v -0.158174962 -0.170495242 -0.0825263262
v -0.158112705 -0.170495242 -0.0828360841
v -0.161694363 -0.170495242 -0.0824948251
v -0.161694363 -0.170495242 -0.0824948251
v -0.158112705 -0.170495242 -0.0828360841
v -0.161694363 -0.170495242 -0.0866814479
v -0.158112705 -0.170495242 -0.0828360841
v -0.158018202 -0.170495242 -0.0831375718
v -0.161694363 -0.170495242 -0.0866814479
v -0.161694363 -0.170495242 -0.0866814479
v -0.158018202 -0.170495242 -0.0831375718
v -0.15789251 -0.170495242 -0.0834274516
v -0.157343939 -0.170495242 -0.084196128
v -0.157110661 -0.170495242 -0.084409222
v -0.161694363 -0.170495242 -0.0866814479
v -0.157110661 -0.170495242 -0.084409222
v -0.156856269 -0.170495242 -0.0845966041
v -0.161694363 -0.170495242 -0.0866814479
v -0.161694363 -0.170495242 -0.0866814479
v -0.156856269 -0.170495242 -0.0845966041
v -0.156421885 -0.170495242 -0.0849174708
v -0.156421885 -0.170495242 -0.0849174708
v -0.15602465 -0.170495242 -0.0852833092
v -0.161694363 -0.170495242 -0.0866814479
v -0.15602465 -0.170495242 -0.0852833092
v -0.155669168 -0.170495242 -0.0856898651
v -0.161694363 -0.170495242 -0.0866814479
v -0.161694363 -0.170495242 -0.0866814479
v -0.155669168 -0.170495242 -0.0856898651
v -0.155359611 -0.170495242 -0.0861323848
v -0.161694363 -0.170495242 -0.0750284493
v -0.158163294 -0.170495242 -0.081582047
v -0.161694363 -0.170495242 -0.0824948251
v -0.158163294 -0.170495242 -0.081582047
v -0.158200398 -0.170495242 -0.0818958133
v -0.161694363 -0.170495242 -0.0824948251
v -0.161694363 -0.170495242 -0.0824948251
v -0.158200398 -0.170495242 -0.0818958133
v -0.158204302 -0.170495242 -0.0822117403
v -0.161602557 -0.170495242 -0.0538812205
v -0.161579147 -0.170495242 -0.0540965088
v -0.161694363 -0.170495242 -0.0572729446
v -0.15760842 -0.170495242 -0.0536646657
v -0.157631844 -0.170495242 -0.0534493774
v -0.154885173 -0.170495242 -0.0519221164
v -0.159821734 -0.170495242 -0.0517846681
v -0.161694363 -0.170495242 -0.0487729423
v -0.159605488 -0.170495242 -0.0517729446
v -0.161694363 -0.170495242 -0.0487729423
v -0.157881469 -0.170495242 -0.0487729423
v -0.159605488 -0.170495242 -0.0517729446
v -0.159605488 -0.170495242 -0.0517729446
v -0.157881469 -0.170495242 -0.0487729423
v -0.159389257 -0.170495242 -0.0517846681
v -0.157881469 -0.170495242 -0.0487729423
v -0.159175545 -0.170495242 -0.0518197007
v -0.159389257 -0.170495242 -0.0517846681
v -0.159821734 -0.170495242 -0.0517846681
v -0.160035431 -0.170495242 -0.0518197007
v -0.161694363 -0.170495242 -0.0487729423
v -0.160035431 -0.170495242 -0.0518197007
v -0.160244092 -0.170495242 -0.0518776365
v -0.161694363 -0.170495242 -0.0487729423
v -0.161694363 -0.170495242 -0.0487729423
v -0.160244092 -0.170495242 -0.0518776365
v -0.160445273 -0.170495242 -0.0519577935
v -0.160445273 -0.170495242 -0.0519577935
v -0.160636604 -0.170495242 -0.0520592295
v -0.161694363 -0.170495242 -0.0487729423
v -0.160636604 -0.170495242 -0.0520592295
v -0.160815835 -0.170495242 -0.0521807559
v -0.161694363 -0.170495242 -0.0487729423
v -0.161694363 -0.170495242 -0.0487729423
v -0.160815835 -0.170495242 -0.0521807559
v -0.160980895 -0.170495242 -0.0523209535
v -0.158574387 -0.170495242 -0.0554866567
v -0.155210301 -0.170495242 -0.0572812222
v -0.158765718 -0.170495242 -0.0555880927
v -0.155210301 -0.170495242 -0.0572812222
v -0.158966884 -0.170495242 -0.0556682497
v -0.158765718 -0.170495242 -0.0555880927
v -0.161602557 -0.170495242 -0.0538812205
v -0.161694363 -0.170495242 -0.0572729446
v -0.161602557 -0.170495242 -0.0536646657
v -0.160445273 -0.170495242 -0.0555880927
v -0.160244092 -0.170495242 -0.0556682497
v -0.161694363 -0.170495242 -0.0572729446
v -0.160244092 -0.170495242 -0.0556682497
v -0.160035431 -0.170495242 -0.0557261854
v -0.161694363 -0.170495242 -0.0572729446
v -0.161694363 -0.170495242 -0.0572729446
v -0.160035431 -0.170495242 -0.0557261854
v -0.159821734 -0.170495242 -0.0557612181
v -0.159821734 -0.170495242 -0.0557612181
v -0.159605488 -0.170495242 -0.0557729416
v -0.161694363 -0.170495242 -0.0572729446
v -0.159605488 -0.170495242 -0.0557729416
v -0.159389257 -0.170495242 -0.0557612181
v -0.161694363 -0.170495242 -0.0572729446
v -0.161694363 -0.170495242 -0.0572729446
v -0.159389257 -0.170495242 -0.0557612181
v -0.155210301 -0.170495242 -0.0572812222
v -0.159389257 -0.170495242 -0.0557612181
v -0.159175545 -0.170495242 -0.0557261854
v -0.155210301 -0.170495242 -0.0572812222
v -0.155210301 -0.170495242 -0.0572812222
v -0.159175545 -0.170495242 -0.0557261854
v -0.158966884 -0.170495242 -0.0556682497
v -0.155210301 -0.170495242 -0.0572812222
v -0.157631844 -0.170495242 -0.0540965088
v -0.154885173 -0.170495242 -0.0519221164
v -0.157631844 -0.170495242 -0.0540965088
v -0.15760842 -0.170495242 -0.0538812205
v -0.154885173 -0.170495242 -0.0519221164
v -0.154885173 -0.170495242 -0.0519221164
v -0.15760842 -0.170495242 -0.0538812205
v -0.15760842 -0.170495242 -0.0536646657
v -0.159175545 -0.170495242 -0.0518197007
v -0.157881469 -0.170495242 -0.0487729423
v -0.158966884 -0.170495242 -0.0518776365
v -0.157881469 -0.170495242 -0.0487729423
v -0.157557979 -0.170495242 -0.0487904325
v -0.158966884 -0.170495242 -0.0518776365
v -0.158966884 -0.170495242 -0.0518776365
v -0.157557979 -0.170495242 -0.0487904325
v -0.158765718 -0.170495242 -0.0519577935
v -0.160980895 -0.170495242 -0.0523209535
v -0.161129817 -0.170495242 -0.0524781719
v -0.161694363 -0.170495242 -0.0487729423
v -0.161129817 -0.170495242 -0.0524781719
v -0.161260873 -0.170495242 -0.0526505671
v -0.161694363 -0.170495242 -0.0487729423
v -0.161694363 -0.170495242 -0.0487729423
v -0.161260873 -0.170495242 -0.0526505671
v -0.161372513 -0.170495242 -0.0528361276
v -0.161372513 -0.170495242 -0.0528361276
v -0.161463439 -0.170495242 -0.0530326664
v -0.161694363 -0.170495242 -0.0487729423
v -0.161463439 -0.170495242 -0.0530326664
v -0.161532596 -0.170495242 -0.0532378852
v -0.161694363 -0.170495242 -0.0487729423
v -0.161694363 -0.170495242 -0.0487729423
v -0.161532596 -0.170495242 -0.0532378852
v -0.161579147 -0.170495242 -0.0534493774
v -0.157838464 -0.170495242 -0.0547097586
v -0.155210301 -0.170495242 -0.0572812222
v -0.157950118 -0.170495242 -0.0548953153
v -0.155210301 -0.170495242 -0.0572812222
v -0.158081159 -0.170495242 -0.0550677143
v -0.157950118 -0.170495242 -0.0548953153
v -0.157838464 -0.170495242 -0.0547097586
v -0.157747537 -0.170495242 -0.0545132197
v -0.155210301 -0.170495242 -0.0572812222
v -0.157747537 -0.170495242 -0.0545132197
v -0.157678396 -0.170495242 -0.054308001
v -0.155210301 -0.170495242 -0.0572812222
v -0.155210301 -0.170495242 -0.0572812222
v -0.157678396 -0.170495242 -0.054308001
v -0.157631844 -0.170495242 -0.0540965088
v -0.157838464 -0.170495242 -0.0528361276
v -0.157950118 -0.170495242 -0.0526505671
v -0.154993668 -0.170495242 -0.0509601422
v -0.158574387 -0.170495242 -0.0520592295
v -0.156338587 -0.170495242 -0.0492000952
v -0.158395141 -0.170495242 -0.0521807559
v -0.156338587 -0.170495242 -0.0492000952
v -0.156070173 -0.170495242 -0.0493814573
v -0.158395141 -0.170495242 -0.0521807559
v -0.158395141 -0.170495242 -0.0521807559
v -0.156070173 -0.170495242 -0.0493814573
v -0.158230096 -0.170495242 -0.0523209535
v -0.157557979 -0.170495242 -0.0487904325
v -0.157238275 -0.170495242 -0.0488427021
v -0.158765718 -0.170495242 -0.0519577935
v -0.157238275 -0.170495242 -0.0488427021
v -0.156926066 -0.170495242 -0.0489291362
v -0.158765718 -0.170495242 -0.0519577935
v -0.158765718 -0.170495242 -0.0519577935
v -0.156926066 -0.170495242 -0.0489291362
v -0.158574387 -0.170495242 -0.0520592295
v -0.156926066 -0.170495242 -0.0489291362
v -0.156625003 -0.170495242 -0.049048733
v -0.158574387 -0.170495242 -0.0520592295
v -0.158574387 -0.170495242 -0.0520592295
v -0.156625003 -0.170495242 -0.049048733
v -0.156338587 -0.170495242 -0.0492000952
v -0.161579147 -0.170495242 -0.0540965088
v -0.161532596 -0.170495242 -0.054308001
v -0.161694363 -0.170495242 -0.0572729446
v -0.161532596 -0.170495242 -0.054308001
v -0.161463439 -0.170495242 -0.0545132197
v -0.161694363 -0.170495242 -0.0572729446
v -0.161694363 -0.170495242 -0.0572729446
v -0.161463439 -0.170495242 -0.0545132197
v -0.161372513 -0.170495242 -0.0547097586
v -0.161372513 -0.170495242 -0.0547097586
v -0.161260873 -0.170495242 -0.0548953153
v -0.161694363 -0.170495242 -0.0572729446
v -0.161260873 -0.170495242 -0.0548953153
v -0.161129817 -0.170495242 -0.0550677143
v -0.161694363 -0.170495242 -0.0572729446
v -0.161694363 -0.170495242 -0.0572729446
v -0.161129817 -0.170495242 -0.0550677143
v -0.160980895 -0.170495242 -0.0552249327
v -0.158574387 -0.170495242 -0.0554866567
v -0.158395141 -0.170495242 -0.0553651303
v -0.155210301 -0.170495242 -0.0572812222
v -0.158395141 -0.170495242 -0.0553651303
v -0.158230096 -0.170495242 -0.0552249327
v -0.155210301 -0.170495242 -0.0572812222
v -0.155210301 -0.170495242 -0.0572812222
v -0.158230096 -0.170495242 -0.0552249327
v -0.158081159 -0.170495242 -0.0550677143
v -0.157631844 -0.170495242 -0.0534493774
v -0.157678396 -0.170495242 -0.0532378852
v -0.154885173 -0.170495242 -0.0519221164
v -0.157678396 -0.170495242 -0.0532378852
v -0.157747537 -0.170495242 -0.0530326664
v -0.154885173 -0.170495242 -0.0519221164
v -0.154885173 -0.170495242 -0.0519221164
v -0.157747537 -0.170495242 -0.0530326664
v -0.154886559 -0.170495242 -0.0515981689
v -0.157747537 -0.170495242 -0.0530326664
v -0.157838464 -0.170495242 -0.0528361276
v -0.154886559 -0.170495242 -0.0515981689
v -0.154886559 -0.170495242 -0.0515981689
v -0.157838464 -0.170495242 -0.0528361276
v -0.154922858 -0.170495242 -0.0512762591
v -0.157838464 -0.170495242 -0.0528361276
v -0.154993668 -0.170495242 -0.0509601422
v -0.154922858 -0.170495242 -0.0512762591
v -0.158081159 -0.170495242 -0.0524781719
v -0.155235082 -0.170495242 -0.0503599122
v -0.157950118 -0.170495242 -0.0526505671
v -0.155235082 -0.170495242 -0.0503599122
v -0.15509814 -0.170495242 -0.0506534986
v -0.157950118 -0.170495242 -0.0526505671
v -0.157950118 -0.170495242 -0.0526505671
v -0.15509814 -0.170495242 -0.0506534986
v -0.154993668 -0.170495242 -0.0509601422
v -0.156070173 -0.170495242 -0.0493814573
v -0.155822858 -0.170495242 -0.0495907068
v -0.158230096 -0.170495242 -0.0523209535
v -0.155822858 -0.170495242 -0.0495907068
v -0.155599564 -0.170495242 -0.0498254001
v -0.158230096 -0.170495242 -0.0523209535
v -0.158230096 -0.170495242 -0.0523209535
v -0.155599564 -0.170495242 -0.0498254001
v -0.158081159 -0.170495242 -0.0524781719
v -0.155599564 -0.170495242 -0.0498254001
v -0.155402869 -0.170495242 -0.0500828028
v -0.158081159 -0.170495242 -0.0524781719
v -0.158081159 -0.170495242 -0.0524781719
v -0.155402869 -0.170495242 -0.0500828028
v -0.155235082 -0.170495242 -0.0503599122
v -0.160980895 -0.170495242 -0.0552249327
v -0.160815835 -0.170495242 -0.0553651303
v -0.161694363 -0.170495242 -0.0572729446
v -0.160815835 -0.170495242 -0.0553651303
v -0.160636604 -0.170495242 -0.0554866567
v -0.161694363 -0.170495242 -0.0572729446
v -0.161694363 -0.170495242 -0.0572729446
v -0.160636604 -0.170495242 -0.0554866567
v -0.160445273 -0.170495242 -0.0555880927
v -0.190636605 -0.170495242 -0.0554866567
v -0.190445274 -0.170495242 -0.0555880927
v -0.194605485 -0.170495242 -0.0572729446
v -0.189175546 -0.170495242 -0.0518197007
v -0.189389259 -0.170495242 -0.0517846681
v -0.191605493 -0.170495242 -0.0487729423
v -0.189389259 -0.170495242 -0.0517846681
v -0.189605489 -0.170495242 -0.0517729446
v -0.191605493 -0.170495242 -0.0487729423
v -0.191605493 -0.170495242 -0.0487729423
v -0.189605489 -0.170495242 -0.0517729446
v -0.189821735 -0.170495242 -0.0517846681
v -0.190445274 -0.170495242 -0.0555880927
v -0.190244094 -0.170495242 -0.0556682497
v -0.194605485 -0.170495242 -0.0572729446
v -0.190244094 -0.170495242 -0.0556682497
v -0.190035433 -0.170495242 -0.0557261854
v -0.194605485 -0.170495242 -0.0572729446
v -0.194605485 -0.170495242 -0.0572729446
v -0.190035433 -0.170495242 -0.0557261854
v -0.189821735 -0.170495242 -0.0557612181
v -0.188966885 -0.170495242 -0.0556682497
v -0.18876572 -0.170495242 -0.0555880927
v -0.168960735 -0.170495242 -0.0572729446
v -0.188230097 -0.170495242 -0.0523209535
v -0.188395143 -0.170495242 -0.0521807559
v -0.168960735 -0.170495242 -0.0487729423
v -0.191532597 -0.170495242 -0.054308001
v -0.191463441 -0.170495242 -0.0545132197
v -0.194605485 -0.170495242 -0.0572729446
v -0.189821735 -0.170495242 -0.0557612181
v -0.189605489 -0.170495242 -0.0557729416
v -0.194605485 -0.170495242 -0.0572729446
v -0.189605489 -0.170495242 -0.0557729416
v -0.189389259 -0.170495242 -0.0557612181
v -0.194605485 -0.170495242 -0.0572729446
v -0.194605485 -0.170495242 -0.0572729446
v -0.189389259 -0.170495242 -0.0557612181
v -0.168960735 -0.170495242 -0.0572729446
v -0.189389259 -0.170495242 -0.0557612181
v -0.189175546 -0.170495242 -0.0557261854
v -0.168960735 -0.170495242 -0.0572729446
v -0.168960735 -0.170495242 -0.0572729446
v -0.189175546 -0.170495242 -0.0557261854
v -0.188966885 -0.170495242 -0.0556682497
v -0.191532597 -0.170495242 -0.0532378852
v -0.191579148 -0.170495242 -0.0534493774
v -0.194605485 -0.170495242 -0.0517729446
v -0.191129819 -0.170495242 -0.0550677143
v -0.190980896 -0.170495242 -0.0552249327
v -0.194605485 -0.170495242 -0.0572729446
v -0.190980896 -0.170495242 -0.0552249327
v -0.190815836 -0.170495242 -0.0553651303
v -0.194605485 -0.170495242 -0.0572729446
v -0.194605485 -0.170495242 -0.0572729446
v -0.190815836 -0.170495242 -0.0553651303
v -0.190636605 -0.170495242 -0.0554866567
v -0.189821735 -0.170495242 -0.0517846681
v -0.190035433 -0.170495242 -0.0518197007
v -0.191605493 -0.170495242 -0.0487729423
v -0.190035433 -0.170495242 -0.0518197007
v -0.190244094 -0.170495242 -0.0518776365
v -0.191605493 -0.170495242 -0.0487729423
v -0.191605493 -0.170495242 -0.0487729423
v -0.190244094 -0.170495242 -0.0518776365
v -0.191919073 -0.170495242 -0.0487893783
v -0.190244094 -0.170495242 -0.0518776365
v -0.190445274 -0.170495242 -0.0519577935
v -0.191919073 -0.170495242 -0.0487893783
v -0.191919073 -0.170495242 -0.0487893783
v -0.190445274 -0.170495242 -0.0519577935
v -0.192229226 -0.170495242 -0.0488384999
v -0.190445274 -0.170495242 -0.0519577935
v -0.190636605 -0.170495242 -0.0520592295
v -0.192229226 -0.170495242 -0.0488384999
v -0.190815836 -0.170495242 -0.0521807559
v -0.192825705 -0.170495242 -0.0490323082
v -0.190636605 -0.170495242 -0.0520592295
v -0.192825705 -0.170495242 -0.0490323082
v -0.192532539 -0.170495242 -0.0489197746
v -0.190636605 -0.170495242 -0.0520592295
v -0.190636605 -0.170495242 -0.0520592295
v -0.192532539 -0.170495242 -0.0489197746
v -0.192229226 -0.170495242 -0.0488384999
v -0.191463441 -0.170495242 -0.0545132197
v -0.191372514 -0.170495242 -0.0547097586
v -0.194605485 -0.170495242 -0.0572729446
v -0.191372514 -0.170495242 -0.0547097586
v -0.191260874 -0.170495242 -0.0548953153
v -0.194605485 -0.170495242 -0.0572729446
v -0.194605485 -0.170495242 -0.0572729446
v -0.191260874 -0.170495242 -0.0548953153
v -0.191129819 -0.170495242 -0.0550677143
v -0.18876572 -0.170495242 -0.0555880927
v -0.188574389 -0.170495242 -0.0554866567
v -0.168960735 -0.170495242 -0.0572729446
v -0.188574389 -0.170495242 -0.0554866567
v -0.188395143 -0.170495242 -0.0553651303
v -0.168960735 -0.170495242 -0.0572729446
v -0.168960735 -0.170495242 -0.0572729446
v -0.188395143 -0.170495242 -0.0553651303
v -0.188230097 -0.170495242 -0.0552249327
v -0.188230097 -0.170495242 -0.0552249327
v -0.18808116 -0.170495242 -0.0550677143
v -0.168960735 -0.170495242 -0.0572729446
v -0.18808116 -0.170495242 -0.0550677143
v -0.187950119 -0.170495242 -0.0548953153
v -0.168960735 -0.170495242 -0.0572729446
v -0.168960735 -0.170495242 -0.0572729446
v -0.187950119 -0.170495242 -0.0548953153
v -0.187838465 -0.170495242 -0.0547097586
v -0.188395143 -0.170495242 -0.0521807559
v -0.188574389 -0.170495242 -0.0520592295
v -0.168960735 -0.170495242 -0.0487729423
v -0.188574389 -0.170495242 -0.0520592295
v -0.18876572 -0.170495242 -0.0519577935
v -0.168960735 -0.170495242 -0.0487729423
v -0.168960735 -0.170495242 -0.0487729423
v -0.18876572 -0.170495242 -0.0519577935
v -0.191605493 -0.170495242 -0.0487729423
v -0.18876572 -0.170495242 -0.0519577935
v -0.188966885 -0.170495242 -0.0518776365
v -0.191605493 -0.170495242 -0.0487729423
v -0.191605493 -0.170495242 -0.0487729423
v -0.188966885 -0.170495242 -0.0518776365
v -0.189175546 -0.170495242 -0.0518197007
v -0.190980896 -0.170495242 -0.0523209535
v -0.193368852 -0.170495242 -0.0493458919
v -0.190815836 -0.170495242 -0.0521807559
v -0.193368852 -0.170495242 -0.0493458919
v -0.193105489 -0.170495242 -0.0491748676
v -0.190815836 -0.170495242 -0.0521807559
v -0.190815836 -0.170495242 -0.0521807559
v -0.193105489 -0.170495242 -0.0491748676
v -0.192825705 -0.170495242 -0.0490323082
v -0.191129819 -0.170495242 -0.0524781719
v -0.193834931 -0.170495242 -0.0497655496
v -0.190980896 -0.170495242 -0.0523209535
v -0.193834931 -0.170495242 -0.0497655496
v -0.193612888 -0.170495242 -0.0495435074
v -0.190980896 -0.170495242 -0.0523209535
v -0.190980896 -0.170495242 -0.0523209535
v -0.193612888 -0.170495242 -0.0495435074
v -0.193368852 -0.170495242 -0.0493458919
v -0.191532597 -0.170495242 -0.0532378852
v -0.194605485 -0.170495242 -0.0517729446
v -0.191463441 -0.170495242 -0.0530326664
v -0.194605485 -0.170495242 -0.0517729446
v -0.194589064 -0.170495242 -0.0514593571
v -0.191463441 -0.170495242 -0.0530326664
v -0.191463441 -0.170495242 -0.0530326664
v -0.194589064 -0.170495242 -0.0514593571
v -0.191372514 -0.170495242 -0.0528361276
v -0.191579148 -0.170495242 -0.0534493774
v -0.191602558 -0.170495242 -0.0536646657
v -0.194605485 -0.170495242 -0.0517729446
v -0.191602558 -0.170495242 -0.0536646657
v -0.191602558 -0.170495242 -0.0538812205
v -0.194605485 -0.170495242 -0.0517729446
v -0.194605485 -0.170495242 -0.0517729446
v -0.191602558 -0.170495242 -0.0538812205
v -0.194605485 -0.170495242 -0.0572729446
v -0.191602558 -0.170495242 -0.0538812205
v -0.191579148 -0.170495242 -0.0540965088
v -0.194605485 -0.170495242 -0.0572729446
v -0.194605485 -0.170495242 -0.0572729446
v -0.191579148 -0.170495242 -0.0540965088
v -0.191532597 -0.170495242 -0.054308001
v -0.187838465 -0.170495242 -0.0528361276
v -0.187950119 -0.170495242 -0.0526505671
v -0.168960735 -0.170495242 -0.0487729423
v -0.187950119 -0.170495242 -0.0526505671
v -0.18808116 -0.170495242 -0.0524781719
v -0.168960735 -0.170495242 -0.0487729423
v -0.168960735 -0.170495242 -0.0487729423
v -0.18808116 -0.170495242 -0.0524781719
v -0.188230097 -0.170495242 -0.0523209535
v -0.191260874 -0.170495242 -0.0526505671
v -0.19420357 -0.170495242 -0.0502729416
v -0.191129819 -0.170495242 -0.0524781719
v -0.19420357 -0.170495242 -0.0502729416
v -0.19403255 -0.170495242 -0.0500095859
v -0.191129819 -0.170495242 -0.0524781719
v -0.191129819 -0.170495242 -0.0524781719
v -0.19403255 -0.170495242 -0.0500095859
v -0.193834931 -0.170495242 -0.0497655496
v -0.194589064 -0.170495242 -0.0514593571
v -0.194539934 -0.170495242 -0.0511492081
v -0.191372514 -0.170495242 -0.0528361276
v -0.194539934 -0.170495242 -0.0511492081
v -0.194458663 -0.170495242 -0.0508458912
v -0.191372514 -0.170495242 -0.0528361276
v -0.191372514 -0.170495242 -0.0528361276
v -0.194458663 -0.170495242 -0.0508458912
v -0.191260874 -0.170495242 -0.0526505671
v -0.194458663 -0.170495242 -0.0508458912
v -0.19434613 -0.170495242 -0.0505527332
v -0.191260874 -0.170495242 -0.0526505671
v -0.191260874 -0.170495242 -0.0526505671
v -0.19434613 -0.170495242 -0.0505527332
v -0.19420357 -0.170495242 -0.0502729416
v -0.187838465 -0.170495242 -0.0547097586
v -0.187747538 -0.170495242 -0.0545132197
v -0.168960735 -0.170495242 -0.0572729446
v -0.187747538 -0.170495242 -0.0545132197
v -0.187678397 -0.170495242 -0.054308001
v -0.168960735 -0.170495242 -0.0572729446
v -0.168960735 -0.170495242 -0.0572729446
v -0.187678397 -0.170495242 -0.054308001
v -0.187631845 -0.170495242 -0.0540965088
v -0.187608421 -0.170495242 -0.0536646657
v -0.187631845 -0.170495242 -0.0534493774
v -0.168960735 -0.170495242 -0.0487729423
v -0.187608421 -0.170495242 -0.0536646657
v -0.168960735 -0.170495242 -0.0487729423
v -0.187608421 -0.170495242 -0.0538812205
v -0.187631845 -0.170495242 -0.0534493774
v -0.187678397 -0.170495242 -0.0532378852
v -0.168960735 -0.170495242 -0.0487729423
v -0.187678397 -0.170495242 -0.0532378852
v -0.187747538 -0.170495242 -0.0530326664
v -0.168960735 -0.170495242 -0.0487729423
v -0.168960735 -0.170495242 -0.0487729423
v -0.187747538 -0.170495242 -0.0530326664
v -0.187838465 -0.170495242 -0.0528361276
v -0.194605485 -0.170495242 -0.171137616
v -0.194081709 -0.170495242 -0.172016948
v -0.194258258 -0.170495242 -0.171895161
v -0.194605485 -0.170495242 -0.171137616
v -0.194605485 -0.170495242 -0.162648052
v -0.192805499 -0.170495242 -0.167970657
v -0.192893028 -0.170495242 -0.171839327
v -0.193059057 -0.170495242 -0.171975106
v -0.192805499 -0.170495242 -0.167970657
v -0.193059057 -0.170495242 -0.171975106
v -0.193250209 -0.170495242 -0.172072366
v -0.192805499 -0.170495242 -0.167970657
v -0.193250209 -0.170495242 -0.172072366
v -0.193457708 -0.170495242 -0.172126636
v -0.192805499 -0.170495242 -0.167970657
v -0.193457708 -0.170495242 -0.172126636
v -0.193672001 -0.170495242 -0.172135398
v -0.192805499 -0.170495242 -0.167970657
v -0.192805499 -0.170495242 -0.167970657
v -0.193672001 -0.170495242 -0.172135398
v -0.194605485 -0.170495242 -0.171137616
v -0.193672001 -0.170495242 -0.172135398
v -0.19388324 -0.170495242 -0.172098264
v -0.194605485 -0.170495242 -0.171137616
v -0.194605485 -0.170495242 -0.171137616
v -0.19388324 -0.170495242 -0.172098264
v -0.194081709 -0.170495242 -0.172016948
v -0.194258258 -0.170495242 -0.171895161
v -0.194404796 -0.170495242 -0.17173855
v -0.194605485 -0.170495242 -0.171137616
v -0.194404796 -0.170495242 -0.17173855
v -0.194514543 -0.170495242 -0.171554282
v -0.194605485 -0.170495242 -0.171137616
v -0.194605485 -0.170495242 -0.171137616
v -0.194514543 -0.170495242 -0.171554282
v -0.194582492 -0.170495242 -0.171350852
v -0.188200891 -0.170495242 -0.158620685
v -0.192805499 -0.170495242 -0.151250079
v -0.192805499 -0.170495242 -0.148985207
v -0.192805499 -0.170495242 -0.148985207
v -0.187595144 -0.170495242 -0.157325432
v -0.188200891 -0.170495242 -0.158620685
v -0.187595144 -0.170495242 -0.157325432
v -0.185752451 -0.170495242 -0.159851432
v -0.188200891 -0.170495242 -0.158620685
v -0.188200891 -0.170495242 -0.158620685
v -0.185752451 -0.170495242 -0.159851432
v -0.192805499 -0.170495242 -0.167970657
v -0.185752451 -0.170495242 -0.159851432
v -0.192759782 -0.170495242 -0.171671256
v -0.192805499 -0.170495242 -0.167970657
v -0.192805499 -0.170495242 -0.167970657
v -0.192759782 -0.170495242 -0.171671256
v -0.192893028 -0.170495242 -0.171839327
v -0.192805499 -0.170495242 -0.138899192
v -0.192805499 -0.170495242 -0.148985207
v -0.194605485 -0.170495242 -0.150196522
v -0.192805499 -0.170495242 -0.148985207
v -0.192805499 -0.170495242 -0.151250079
v -0.194605485 -0.170495242 -0.150196522
v -0.194605485 -0.170495242 -0.150196522
v -0.192805499 -0.170495242 -0.151250079
v -0.194605485 -0.170495242 -0.162648052
v -0.192805499 -0.170495242 -0.151250079
v -0.192805499 -0.170495242 -0.162648052
v -0.194605485 -0.170495242 -0.162648052
v -0.194605485 -0.170495242 -0.162648052
v -0.192805499 -0.170495242 -0.162648052
v -0.192805499 -0.170495242 -0.167970657
v -0.194605485 -0.170495242 -0.150196522
v -0.194605485 -0.170495242 -0.136408091
v -0.192805499 -0.170495242 -0.138899192
v -0.194605485 -0.170495242 -0.136408091
v -0.192805499 -0.170495242 -0.13684684
v -0.192805499 -0.170495242 -0.138899192
v -0.192805499 -0.170495242 -0.138899192
v -0.192805499 -0.170495242 -0.13684684
v -0.18449679 -0.170495242 -0.150427327
v -0.192805499 -0.170495242 -0.13684684
v -0.183943272 -0.170495242 -0.149142981
v -0.18449679 -0.170495242 -0.150427327
v -0.178381518 -0.170495242 -0.135176346
v -0.173758015 -0.170495242 -0.135137126
v -0.180739075 -0.170495242 -0.141352624
v -0.173758015 -0.170495242 -0.135137126
v -0.179412022 -0.170495242 -0.147660851
v -0.180739075 -0.170495242 -0.141352624
v -0.177920222 -0.170495242 -0.133916989
v -0.175854638 -0.170495242 -0.128045008
v -0.170805544 -0.170495242 -0.127749965
v -0.168960735 -0.170495242 -0.116028644
v -0.167342633 -0.170495242 -0.118064284
v -0.168960735 -0.170495242 -0.119710192
v -0.167342633 -0.170495242 -0.118064284
v -0.167905644 -0.170495242 -0.11972896
v -0.168960735 -0.170495242 -0.119710192
v -0.168960735 -0.170495242 -0.119710192
v -0.167905644 -0.170495242 -0.11972896
v -0.168807909 -0.170495242 -0.122318886
v -0.167422593 -0.170495242 -0.0996935964
v -0.162917465 -0.170495242 -0.0996935964
v -0.16282545 -0.170495242 -0.102967404
v -0.162917465 -0.170495242 -0.0996935964
v -0.162139907 -0.170495242 -0.0996935964
v -0.16282545 -0.170495242 -0.102967404
v -0.16282545 -0.170495242 -0.102967404
v -0.162139907 -0.170495242 -0.0996935964
v -0.162061915 -0.170495242 -0.100010678
v -0.160990104 -0.170495242 -0.0956542268
v -0.16107814 -0.170495242 -0.0959576666
v -0.161694363 -0.170495242 -0.0936912596
v -0.16107814 -0.170495242 -0.0959576666
v -0.161640808 -0.170495242 -0.0983120948
v -0.161694363 -0.170495242 -0.0936912596
v -0.161694363 -0.170495242 -0.0936912596
v -0.161640808 -0.170495242 -0.0983120948
v -0.162139907 -0.170495242 -0.0996935964
v -0.161640808 -0.170495242 -0.0983120948
v -0.161987245 -0.170495242 -0.0997132361
v -0.162139907 -0.170495242 -0.0996935964
v -0.162139907 -0.170495242 -0.0996935964
v -0.161987245 -0.170495242 -0.0997132361
v -0.162061915 -0.170495242 -0.100010678
v -0.187595144 -0.170495242 -0.157325432
v -0.18449679 -0.170495242 -0.150427327
v -0.185752451 -0.170495242 -0.159851432
v -0.18449679 -0.170495242 -0.150427327
v -0.183943272 -0.170495242 -0.149142981
v -0.185752451 -0.170495242 -0.159851432
v -0.185752451 -0.170495242 -0.159851432
v -0.183943272 -0.170495242 -0.149142981
v -0.179412022 -0.170495242 -0.147660851
v -0.183943272 -0.170495242 -0.149142981
v -0.181244552 -0.170495242 -0.142624751
v -0.179412022 -0.170495242 -0.147660851
v -0.179412022 -0.170495242 -0.147660851
v -0.181244552 -0.170495242 -0.142624751
v -0.180739075 -0.170495242 -0.141352624
v -0.181244552 -0.170495242 -0.142624751
v -0.192805499 -0.170495242 -0.126750752
v -0.180739075 -0.170495242 -0.141352624
v -0.194605485 -0.170495242 -0.127716452
v -0.192805499 -0.170495242 -0.128634557
v -0.194605485 -0.170495242 -0.136408091
v -0.192805499 -0.170495242 -0.128634557
v -0.192805499 -0.170495242 -0.136408091
v -0.194605485 -0.170495242 -0.136408091
v -0.194605485 -0.170495242 -0.136408091
v -0.192805499 -0.170495242 -0.136408091
v -0.192805499 -0.170495242 -0.13684684
v -0.170805544 -0.170495242 -0.127749965
v -0.173758015 -0.170495242 -0.135137126
v -0.177920222 -0.170495242 -0.133916989
v -0.173758015 -0.170495242 -0.135137126
v -0.178381518 -0.170495242 -0.135176346
v -0.177920222 -0.170495242 -0.133916989
v -0.177920222 -0.170495242 -0.133916989
v -0.178381518 -0.170495242 -0.135176346
v -0.192805499 -0.170495242 -0.118152313
v -0.178381518 -0.170495242 -0.135176346
v -0.192805499 -0.170495242 -0.119900219
v -0.192805499 -0.170495242 -0.118152313
v -0.192805499 -0.170495242 -0.11231754
v -0.192805499 -0.170495242 -0.116028644
v -0.194605485 -0.170495242 -0.116028644
v -0.192805499 -0.170495242 -0.116028644
v -0.192805499 -0.170495242 -0.118152313
v -0.194605485 -0.170495242 -0.116028644
v -0.194605485 -0.170495242 -0.116028644
v -0.192805499 -0.170495242 -0.118152313
v -0.194605485 -0.170495242 -0.119710192
v -0.192805499 -0.170495242 -0.118152313
v -0.192805499 -0.170495242 -0.119900219
v -0.194605485 -0.170495242 -0.119710192
v -0.194605485 -0.170495242 -0.119710192
v -0.192805499 -0.170495242 -0.119900219
v -0.194605485 -0.170495242 -0.127716452
v -0.192805499 -0.170495242 -0.119900219
v -0.192805499 -0.170495242 -0.126750752
v -0.194605485 -0.170495242 -0.127716452
v -0.194605485 -0.170495242 -0.127716452
v -0.192805499 -0.170495242 -0.126750752
v -0.192805499 -0.170495242 -0.128634557
v -0.192805499 -0.170495242 -0.126750752
v -0.181244552 -0.170495242 -0.142624751
v -0.192805499 -0.170495242 -0.128634557
v -0.192805499 -0.170495242 -0.103807211
v -0.173101053 -0.170495242 -0.119520172
v -0.173737302 -0.170495242 -0.121570855
v -0.194605485 -0.170495242 -0.0996935964
v -0.192805499 -0.170495242 -0.106365256
v -0.192805499 -0.170495242 -0.110680573
v -0.168960735 -0.170495242 -0.116028644
v -0.171056569 -0.170495242 -0.112537123
v -0.169777855 -0.170495242 -0.107808657
v -0.173737302 -0.170495242 -0.121570855
v -0.192805499 -0.170495242 -0.106365256
v -0.192805499 -0.170495242 -0.103807211
v -0.192805499 -0.170495242 -0.106365256
v -0.194605485 -0.170495242 -0.0996935964
v -0.192805499 -0.170495242 -0.103807211
v -0.192805499 -0.170495242 -0.103807211
v -0.194605485 -0.170495242 -0.0996935964
v -0.192805499 -0.170495242 -0.100130238
v -0.194605485 -0.170495242 -0.0996935964
v -0.192805499 -0.170495242 -0.0977096632
v -0.192805499 -0.170495242 -0.100130238
v -0.192805499 -0.170495242 -0.100130238
v -0.192805499 -0.170495242 -0.0977096632
v -0.171631247 -0.170495242 -0.114565909
v -0.194605485 -0.170495242 -0.116028644
v -0.194605485 -0.170495242 -0.0996935964
v -0.192805499 -0.170495242 -0.11231754
v -0.194605485 -0.170495242 -0.0996935964
v -0.192805499 -0.170495242 -0.110680573
v -0.192805499 -0.170495242 -0.11231754
v -0.192805499 -0.170495242 -0.11231754
v -0.192805499 -0.170495242 -0.110680573
v -0.188805714 -0.170495242 -0.116028644
v -0.192805499 -0.170495242 -0.110680573
v -0.187041417 -0.170495242 -0.116028644
v -0.188805714 -0.170495242 -0.116028644
v -0.188805714 -0.170495242 -0.116028644
v -0.187041417 -0.170495242 -0.116028644
v -0.184837788 -0.170495242 -0.119710192
v -0.187041417 -0.170495242 -0.116028644
v -0.175433978 -0.170495242 -0.126798332
v -0.184837788 -0.170495242 -0.119710192
v -0.184837788 -0.170495242 -0.119710192
v -0.175433978 -0.170495242 -0.126798332
v -0.176208749 -0.170495242 -0.127716452
v -0.192805499 -0.170495242 -0.0977096632
v -0.171056569 -0.170495242 -0.112537123
v -0.171631247 -0.170495242 -0.114565909
v -0.171056569 -0.170495242 -0.112537123
v -0.168960735 -0.170495242 -0.116028644
v -0.171631247 -0.170495242 -0.114565909
v -0.171631247 -0.170495242 -0.114565909
v -0.168960735 -0.170495242 -0.116028644
v -0.173101053 -0.170495242 -0.119520172
v -0.168960735 -0.170495242 -0.116028644
v -0.168960735 -0.170495242 -0.119710192
v -0.173101053 -0.170495242 -0.119520172
v -0.173101053 -0.170495242 -0.119520172
v -0.168960735 -0.170495242 -0.119710192
v -0.173737302 -0.170495242 -0.121570855
v -0.168960735 -0.170495242 -0.119710192
v -0.168807909 -0.170495242 -0.122318886
v -0.173737302 -0.170495242 -0.121570855
v -0.173737302 -0.170495242 -0.121570855
v -0.168807909 -0.170495242 -0.122318886
v -0.175433978 -0.170495242 -0.126798332
v -0.168807909 -0.170495242 -0.122318886
v -0.170805544 -0.170495242 -0.127749965
v -0.175433978 -0.170495242 -0.126798332
v -0.175433978 -0.170495242 -0.126798332
v -0.170805544 -0.170495242 -0.127749965
v -0.176208749 -0.170495242 -0.127716452
v -0.170805544 -0.170495242 -0.127749965
v -0.175854638 -0.170495242 -0.128045008
v -0.176208749 -0.170495242 -0.127716452
v -0.192805499 -0.170495242 -0.0893764421
v -0.192805499 -0.170495242 -0.0918206125
v -0.194605485 -0.170495242 -0.0918206125
v -0.192805499 -0.170495242 -0.0918206125
v -0.192805499 -0.170495242 -0.0922048688
v -0.194605485 -0.170495242 -0.0918206125
v -0.194605485 -0.170495242 -0.0918206125
v -0.192805499 -0.170495242 -0.0922048688
v -0.194605485 -0.170495242 -0.0936912596
v -0.194605485 -0.170495242 -0.0918206125
v -0.194605485 -0.170495242 -0.0866814479
v -0.192805499 -0.170495242 -0.0893764421
v -0.194605485 -0.170495242 -0.0866814479
v -0.192805499 -0.170495242 -0.0871566236
v -0.192805499 -0.170495242 -0.0893764421
v -0.192805499 -0.170495242 -0.0893764421
v -0.192805499 -0.170495242 -0.0871566236
v -0.18772991 -0.170495242 -0.0918206125
v -0.192805499 -0.170495242 -0.0871566236
v -0.183120221 -0.170495242 -0.0918206125
v -0.18772991 -0.170495242 -0.0918206125
v -0.18772991 -0.170495242 -0.0918206125
v -0.183120221 -0.170495242 -0.0918206125
v -0.179235607 -0.170495242 -0.0936912596
v -0.16282545 -0.170495242 -0.102967404
v -0.164576933 -0.170495242 -0.109245621
v -0.167422593 -0.170495242 -0.0996935964
v -0.164576933 -0.170495242 -0.109245621
v -0.167422593 -0.170495242 -0.116028644
v -0.167422593 -0.170495242 -0.0996935964
v -0.167422593 -0.170495242 -0.0996935964
v -0.167422593 -0.170495242 -0.116028644
v -0.168143615 -0.170495242 -0.101252474
v -0.167422593 -0.170495242 -0.116028644
v -0.169259742 -0.170495242 -0.105798408
v -0.168143615 -0.170495242 -0.101252474
v -0.194605485 -0.170495242 -0.0996935964
v -0.194605485 -0.170495242 -0.0936912596
v -0.192805499 -0.170495242 -0.0945142433
v -0.194605485 -0.170495242 -0.0936912596
v -0.192805499 -0.170495242 -0.0922048688
v -0.192805499 -0.170495242 -0.0945142433
v -0.192805499 -0.170495242 -0.0945142433
v -0.192805499 -0.170495242 -0.0922048688
v -0.169777855 -0.170495242 -0.107808657
v -0.192805499 -0.170495242 -0.0922048688
v -0.169259742 -0.170495242 -0.105798408
v -0.169777855 -0.170495242 -0.107808657
v -0.169777855 -0.170495242 -0.107808657
v -0.169259742 -0.170495242 -0.105798408
v -0.168960735 -0.170495242 -0.116028644
v -0.169259742 -0.170495242 -0.105798408
v -0.167422593 -0.170495242 -0.116028644
v -0.168960735 -0.170495242 -0.116028644
v -0.168960735 -0.170495242 -0.116028644
v -0.167422593 -0.170495242 -0.116028644
v -0.167342633 -0.170495242 -0.118064284
v -0.167422593 -0.170495242 -0.116028644
v -0.166681528 -0.170495242 -0.116057977
v -0.167342633 -0.170495242 -0.118064284
v -0.16767782 -0.170495242 -0.0992569625
v -0.168960735 -0.170495242 -0.0996935964
v -0.168960735 -0.170495242 -0.0986391678
v -0.168960735 -0.170495242 -0.0996935964
v -0.171380788 -0.170495242 -0.0996935964
v -0.168960735 -0.170495242 -0.0986391678
v -0.168960735 -0.170495242 -0.0986391678
v -0.171380788 -0.170495242 -0.0996935964
v -0.179235607 -0.170495242 -0.0936912596
v -0.171380788 -0.170495242 -0.0996935964
v -0.183845297 -0.170495242 -0.0936912596
v -0.179235607 -0.170495242 -0.0936912596
v -0.179235607 -0.170495242 -0.0936912596
v -0.183845297 -0.170495242 -0.0936912596
v -0.18772991 -0.170495242 -0.0918206125
v -0.194605485 -0.170495242 -0.0824948251
v -0.192805499 -0.170495242 -0.0846085474
v -0.194605485 -0.170495242 -0.0866814479
v -0.192805499 -0.170495242 -0.0846085474
v -0.192805499 -0.170495242 -0.0866814479
v -0.194605485 -0.170495242 -0.0866814479
v -0.194605485 -0.170495242 -0.0866814479
v -0.192805499 -0.170495242 -0.0866814479
v -0.192805499 -0.170495242 -0.0871566236
v -0.168960735 -0.170495242 -0.0918180346
v -0.168960735 -0.170495242 -0.0918206125
v -0.182049066 -0.170495242 -0.0866814479
v -0.16670157 -0.170495242 -0.0948531628
v -0.167422593 -0.170495242 -0.0945701972
v -0.167422593 -0.170495242 -0.0936912596
v -0.167422593 -0.170495242 -0.0945701972
v -0.168960735 -0.170495242 -0.0939665362
v -0.167422593 -0.170495242 -0.0936912596
v -0.167422593 -0.170495242 -0.0936912596
v -0.168960735 -0.170495242 -0.0939665362
v -0.168960735 -0.170495242 -0.0936912596
v -0.168960735 -0.170495242 -0.0939665362
v -0.169662163 -0.170495242 -0.0936912596
v -0.168960735 -0.170495242 -0.0936912596
v -0.168960735 -0.170495242 -0.0936912596
v -0.169662163 -0.170495242 -0.0936912596
v -0.174428701 -0.170495242 -0.0918206125
v -0.167422593 -0.170495242 -0.0924216881
v -0.166284651 -0.170495242 -0.0928682759
v -0.167422593 -0.170495242 -0.0936912596
v -0.166284651 -0.170495242 -0.0928682759
v -0.162917465 -0.170495242 -0.0936912596
v -0.167422593 -0.170495242 -0.0936912596
v -0.167422593 -0.170495242 -0.0936912596
v -0.162917465 -0.170495242 -0.0936912596
v -0.16670157 -0.170495242 -0.0948531628
v -0.162917465 -0.170495242 -0.0936912596
v -0.16767782 -0.170495242 -0.0992569625
v -0.16670157 -0.170495242 -0.0948531628
v -0.167422593 -0.170495242 -0.0924216881
v -0.167422593 -0.170495242 -0.0936912596
v -0.168954164 -0.170495242 -0.0918206125
v -0.167422593 -0.170495242 -0.0936912596
v -0.168960735 -0.170495242 -0.0936912596
v -0.168954164 -0.170495242 -0.0918206125
v -0.168954164 -0.170495242 -0.0918206125
v -0.168960735 -0.170495242 -0.0936912596
v -0.168960735 -0.170495242 -0.0918206125
v -0.168960735 -0.170495242 -0.0936912596
v -0.174428701 -0.170495242 -0.0918206125
v -0.168960735 -0.170495242 -0.0918206125
v -0.168960735 -0.170495242 -0.0918206125
v -0.174428701 -0.170495242 -0.0918206125
v -0.182049066 -0.170495242 -0.0866814479
v -0.174428701 -0.170495242 -0.0918206125
v -0.187523603 -0.170495242 -0.0866814479
v -0.182049066 -0.170495242 -0.0866814479
v -0.182049066 -0.170495242 -0.0866814479
v -0.187523603 -0.170495242 -0.0866814479
v -0.192716837 -0.170495242 -0.0824948251
v -0.187523603 -0.170495242 -0.0866814479
v -0.192805499 -0.170495242 -0.0846085474
v -0.192716837 -0.170495242 -0.0824948251
v -0.192805499 -0.170495242 -0.0846085474
v -0.194605485 -0.170495242 -0.0824948251
v -0.192716837 -0.170495242 -0.0824948251
v -0.192716837 -0.170495242 -0.0824948251
v -0.194605485 -0.170495242 -0.0824948251
v -0.192805499 -0.170495242 -0.0824600384
v -0.194605485 -0.170495242 -0.0824948251
v -0.192805499 -0.170495242 -0.0801247805
v -0.192805499 -0.170495242 -0.0824600384
v -0.194605485 -0.170495242 -0.0750284493
v -0.192805499 -0.170495242 -0.0758550838
v -0.192805499 -0.170495242 -0.0780318007
v -0.171548456 -0.170495242 -0.0866814479
v -0.168960735 -0.170495242 -0.0866814479
v -0.168960735 -0.170495242 -0.0874796212
v -0.168960735 -0.170495242 -0.0866814479
v -0.167422593 -0.170495242 -0.0866814479
v -0.168960735 -0.170495242 -0.0874796212
v -0.168960735 -0.170495242 -0.0874796212
v -0.167422593 -0.170495242 -0.0866814479
v -0.167422593 -0.170495242 -0.0879540592
v -0.165430352 -0.170495242 -0.0885685608
v -0.162917465 -0.170495242 -0.0866814479
v -0.166284651 -0.170495242 -0.0928682759
v -0.162917465 -0.170495242 -0.0866814479
v -0.162917465 -0.170495242 -0.0918206125
v -0.166284651 -0.170495242 -0.0928682759
v -0.166284651 -0.170495242 -0.0928682759
v -0.162917465 -0.170495242 -0.0918206125
v -0.162917465 -0.170495242 -0.0936912596
v -0.194605485 -0.170495242 -0.0824948251
v -0.194605485 -0.170495242 -0.0750284493
v -0.192805499 -0.170495242 -0.0801247805
v -0.194605485 -0.170495242 -0.0750284493
v -0.192805499 -0.170495242 -0.0780318007
v -0.192805499 -0.170495242 -0.0801247805
v -0.192805499 -0.170495242 -0.0801247805
v -0.192805499 -0.170495242 -0.0780318007
v -0.185121685 -0.170495242 -0.0824948251
v -0.192805499 -0.170495242 -0.0780318007
v -0.178336143 -0.170495242 -0.0824948251
v -0.185121685 -0.170495242 -0.0824948251
v -0.185121685 -0.170495242 -0.0824948251
v -0.178336143 -0.170495242 -0.0824948251
v -0.171548456 -0.170495242 -0.0866814479
v -0.178336143 -0.170495242 -0.0824948251
v -0.168960735 -0.170495242 -0.0853866488
v -0.171548456 -0.170495242 -0.0866814479
v -0.171548456 -0.170495242 -0.0866814479
v -0.168960735 -0.170495242 -0.0853866488
v -0.168960735 -0.170495242 -0.0866814479
v -0.168960735 -0.170495242 -0.0853866488
v -0.167422593 -0.170495242 -0.0858610868
v -0.168960735 -0.170495242 -0.0866814479
v -0.168960735 -0.170495242 -0.0866814479
v -0.167422593 -0.170495242 -0.0858610868
v -0.167422593 -0.170495242 -0.0866814479
v -0.167422593 -0.170495242 -0.0858610868
v -0.165059566 -0.170495242 -0.0865899548
v -0.167422593 -0.170495242 -0.0866814479
v -0.187439099 -0.170495242 -0.0750284493
v -0.168960735 -0.170495242 -0.0792458504
v -0.168960735 -0.170495242 -0.0812972859
v -0.168960735 -0.170495242 -0.0792458504
v -0.167422593 -0.170495242 -0.0795969144
v -0.168960735 -0.170495242 -0.0812972859
v -0.168960735 -0.170495242 -0.0812972859
v -0.167422593 -0.170495242 -0.0795969144
v -0.164313406 -0.170495242 -0.0823579654
v -0.167422593 -0.170495242 -0.0795969144
v -0.162917465 -0.170495242 -0.0824948251
v -0.164313406 -0.170495242 -0.0823579654
v -0.164313406 -0.170495242 -0.0823579654
v -0.162917465 -0.170495242 -0.0824948251
v -0.165059566 -0.170495242 -0.0865899548
v -0.162917465 -0.170495242 -0.0824948251
v -0.162917465 -0.170495242 -0.0866814479
v -0.165059566 -0.170495242 -0.0865899548
v -0.165059566 -0.170495242 -0.0865899548
v -0.162917465 -0.170495242 -0.0866814479
v -0.167422593 -0.170495242 -0.0866814479
v -0.162917465 -0.170495242 -0.0866814479
v -0.165430352 -0.170495242 -0.0885685608
v -0.167422593 -0.170495242 -0.0866814479
v -0.167422593 -0.170495242 -0.0866814479
v -0.165430352 -0.170495242 -0.0885685608
v -0.167422593 -0.170495242 -0.0879540592
v -0.167422593 -0.170495242 -0.0795969144
v -0.163986653 -0.170495242 -0.0803811103
v -0.162917465 -0.170495242 -0.0824948251
v -0.163986653 -0.170495242 -0.0803811103
v -0.163338333 -0.170495242 -0.0761815831
v -0.162917465 -0.170495242 -0.0824948251
v -0.162917465 -0.170495242 -0.0824948251
v -0.163338333 -0.170495242 -0.0761815831
v -0.162917465 -0.170495242 -0.0750284493
v -0.163338333 -0.170495242 -0.0761815831
v -0.167422593 -0.170495242 -0.0750284493
v -0.162917465 -0.170495242 -0.0750284493
v -0.191752836 -0.170495242 -0.0698763579
v -0.168960735 -0.170495242 -0.0733115822
v -0.170989156 -0.170495242 -0.0750284493
v -0.194605485 -0.170495242 -0.0750284493
v -0.194605485 -0.170495242 -0.0698763579
v -0.192805499 -0.170495242 -0.071740292
v -0.168960735 -0.170495242 -0.0812972859
v -0.192805499 -0.170495242 -0.0758550838
v -0.187439099 -0.170495242 -0.0750284493
v -0.192805499 -0.170495242 -0.0758550838
v -0.194605485 -0.170495242 -0.0750284493
v -0.187439099 -0.170495242 -0.0750284493
v -0.187439099 -0.170495242 -0.0750284493
v -0.194605485 -0.170495242 -0.0750284493
v -0.192805499 -0.170495242 -0.0738036558
v -0.194605485 -0.170495242 -0.0750284493
v -0.192805499 -0.170495242 -0.071740292
v -0.192805499 -0.170495242 -0.0738036558
v -0.163338333 -0.170495242 -0.0761815831
v -0.167422593 -0.170495242 -0.0755660012
v -0.167422593 -0.170495242 -0.0750284493
v -0.167422593 -0.170495242 -0.0755660012
v -0.168960735 -0.170495242 -0.075334169
v -0.167422593 -0.170495242 -0.0750284493
v -0.167422593 -0.170495242 -0.0750284493
v -0.168960735 -0.170495242 -0.075334169
v -0.168960735 -0.170495242 -0.0750284493
v -0.168960735 -0.170495242 -0.075334169
v -0.170989156 -0.170495242 -0.0750284493
v -0.168960735 -0.170495242 -0.0750284493
v -0.170989156 -0.170495242 -0.0750284493
v -0.168960735 -0.170495242 -0.0733115822
v -0.168960735 -0.170495242 -0.0750284493
v -0.168960735 -0.170495242 -0.0733115822
v -0.167422593 -0.170495242 -0.0735434145
v -0.168960735 -0.170495242 -0.0750284493
v -0.168960735 -0.170495242 -0.0750284493
v -0.167422593 -0.170495242 -0.0735434145
v -0.167422593 -0.170495242 -0.0750284493
v -0.167422593 -0.170495242 -0.0735434145
v -0.163054198 -0.170495242 -0.0742018148
v -0.167422593 -0.170495242 -0.0750284493
v -0.167422593 -0.170495242 -0.0750284493
v -0.163054198 -0.170495242 -0.0742018148
v -0.162917465 -0.170495242 -0.0750284493
v -0.170989156 -0.170495242 -0.0750284493
v -0.192805499 -0.170495242 -0.071740292
v -0.191752836 -0.170495242 -0.0698763579
v -0.192805499 -0.170495242 -0.071740292
v -0.194605485 -0.170495242 -0.0698763579
v -0.191752836 -0.170495242 -0.0698763579
v -0.191752836 -0.170495242 -0.0698763579
v -0.194605485 -0.170495242 -0.0698763579
v -0.192805499 -0.170495242 -0.0697176978
v -0.194605485 -0.170495242 -0.0698763579
v -0.192805499 -0.170495242 -0.0677286237
v -0.192805499 -0.170495242 -0.0697176978
v -0.194605485 -0.170495242 -0.0627729446
v -0.192805499 -0.170495242 -0.0637729391
v -0.192805499 -0.170495242 -0.0657230169
v -0.194605485 -0.170495242 -0.0698763579
v -0.194605485 -0.170495242 -0.0627729446
v -0.192805499 -0.170495242 -0.0677286237
v -0.194605485 -0.170495242 -0.0627729446
v -0.192805499 -0.170495242 -0.0657230169
v -0.192805499 -0.170495242 -0.0677286237
v -0.192805499 -0.170495242 -0.0677286237
v -0.192805499 -0.170495242 -0.0657230169
v -0.168960735 -0.170495242 -0.0695154741
v -0.192805499 -0.170495242 -0.0657230169
v -0.168960735 -0.170495242 -0.0675098673
v -0.168960735 -0.170495242 -0.0695154741
v -0.168960735 -0.170495242 -0.0675098673
v -0.167422593 -0.170495242 -0.0676251277
v -0.168960735 -0.170495242 -0.0695154741
v -0.168960735 -0.170495242 -0.0695154741
v -0.167422593 -0.170495242 -0.0676251277
v -0.167422593 -0.170495242 -0.0696307346
v -0.167422593 -0.170495242 -0.0696307346
v -0.167422593 -0.170495242 -0.0676251277
v -0.164144889 -0.170495242 -0.0698763579
v -0.167422593 -0.170495242 -0.0676251277
v -0.162917465 -0.170495242 -0.0679627284
v -0.164144889 -0.170495242 -0.0698763579
v -0.164144889 -0.170495242 -0.0698763579
v -0.162917465 -0.170495242 -0.0679627284
v -0.162917465 -0.170495242 -0.0698763579
v -0.162917465 -0.170495242 -0.0679627284
v -0.162254289 -0.170495242 -0.0680124238
v -0.162917465 -0.170495242 -0.0698763579
v -0.162917465 -0.170495242 -0.0698763579
v -0.162254289 -0.170495242 -0.0680124238
v -0.162139907 -0.170495242 -0.0698763579
v -0.162254289 -0.170495242 -0.0680124238
v -0.161783233 -0.170495242 -0.0637729391
v -0.161694363 -0.170495242 -0.0698763579
v -0.192805499 -0.170495242 -0.0637729391
v -0.194605485 -0.170495242 -0.0627729446
v -0.168960735 -0.170495242 -0.0637729391
v -0.194605485 -0.170495242 -0.0627729446
v -0.168960735 -0.170495242 -0.0627729446
v -0.168960735 -0.170495242 -0.0637729391
v -0.168960735 -0.170495242 -0.0637729391
v -0.168960735 -0.170495242 -0.0627729446
v -0.167422593 -0.170495242 -0.0637729391
v -0.168960735 -0.170495242 -0.0627729446
v -0.167422593 -0.170495242 -0.0627729446
v -0.167422593 -0.170495242 -0.0637729391
v -0.167422593 -0.170495242 -0.0637729391
v -0.167422593 -0.170495242 -0.0627729446
v -0.162917465 -0.170495242 -0.0637729391
v -0.167422593 -0.170495242 -0.0627729446
v -0.162917465 -0.170495242 -0.0627729446
v -0.162917465 -0.170495242 -0.0637729391
v -0.162917465 -0.170495242 -0.0637729391
v -0.162917465 -0.170495242 -0.0627729446
v -0.162139907 -0.170495242 -0.0637729391
v -0.162917465 -0.170495242 -0.0627729446
v -0.162139907 -0.170495242 -0.0627729446
v -0.162139907 -0.170495242 -0.0637729391
v -0.162139907 -0.170495242 -0.0637729391
v -0.162139907 -0.170495242 -0.0627729446
v -0.161783233 -0.170495242 -0.0637729391
v -0.162139907 -0.170495242 -0.0627729446
v -0.161694363 -0.170495242 -0.0627729446
v -0.161783233 -0.170495242 -0.0637729391
v -0.161783233 -0.170495242 -0.0637729391
v -0.161694363 -0.170495242 -0.0627729446
v -0.161694363 -0.170495242 -0.0698763579
v -0.161694363 -0.170495242 -0.0627729446
v -0.156076744 -0.170495242 -0.0668015406
v -0.161694363 -0.170495242 -0.0698763579
v -0.161694363 -0.170495242 -0.0698763579
v -0.156076744 -0.170495242 -0.0668015406
v -0.158163294 -0.170495242 -0.081582047
v -0.167422593 -0.170495242 -0.0627729446
v -0.167422593 -0.170495242 -0.0617729425
v -0.162917465 -0.170495242 -0.0627729446
v -0.167422593 -0.170495242 -0.0617729425
v -0.162917465 -0.170495242 -0.0617729425
v -0.162917465 -0.170495242 -0.0627729446
v -0.162917465 -0.170495242 -0.0627729446
v -0.162917465 -0.170495242 -0.0617729425
v -0.162139907 -0.170495242 -0.0627729446
v -0.162917465 -0.170495242 -0.0617729425
v -0.162139907 -0.170495242 -0.0617729425
v -0.162139907 -0.170495242 -0.0627729446
v -0.162139907 -0.170495242 -0.0627729446
v -0.162139907 -0.170495242 -0.0617729425
v -0.161694363 -0.170495242 -0.0627729446
v -0.162139907 -0.170495242 -0.0617729425
v -0.161694363 -0.170495242 -0.0617729425
v -0.161694363 -0.170495242 -0.0627729446
v -0.161694363 -0.170495242 -0.0627729446
v -0.161694363 -0.170495242 -0.0617729425
v -0.156076744 -0.170495242 -0.0668015406
v -0.161694363 -0.170495242 -0.0617729425
v -0.161582589 -0.170495242 -0.0617729425
v -0.156076744 -0.170495242 -0.0668015406
v -0.156076744 -0.170495242 -0.0668015406
v -0.161582589 -0.170495242 -0.0617729425
v -0.155210301 -0.170495242 -0.0572812222
v -0.161582589 -0.170495242 -0.0617729425
v -0.161307484 -0.170495242 -0.0587729439
v -0.155210301 -0.170495242 -0.0572812222
v -0.155210301 -0.170495242 -0.0572812222
v -0.161307484 -0.170495242 -0.0587729439
v -0.161694363 -0.170495242 -0.0572729446
v -0.161307484 -0.170495242 -0.0587729439
v -0.161694363 -0.170495242 -0.0587729439
v -0.161694363 -0.170495242 -0.0572729446
v -0.161694363 -0.170495242 -0.0572729446
v -0.161694363 -0.170495242 -0.0587729439
v -0.162139907 -0.170495242 -0.0572729446
v -0.161694363 -0.170495242 -0.0587729439
v -0.162139907 -0.170495242 -0.0587729439
v -0.162139907 -0.170495242 -0.0572729446
v -0.162139907 -0.170495242 -0.0572729446
v -0.162139907 -0.170495242 -0.0587729439
v -0.162917465 -0.170495242 -0.0572729446
v -0.162139907 -0.170495242 -0.0587729439
v -0.162917465 -0.170495242 -0.0587729439
v -0.162917465 -0.170495242 -0.0572729446
v -0.162917465 -0.170495242 -0.0572729446
v -0.162917465 -0.170495242 -0.0587729439
v -0.167422593 -0.170495242 -0.0572729446
v -0.162917465 -0.170495242 -0.0587729439
v -0.167422593 -0.170495242 -0.0587729439
v -0.167422593 -0.170495242 -0.0572729446
v -0.167422593 -0.170495242 -0.0572729446
v -0.167422593 -0.170495242 -0.0587729439
v -0.168960735 -0.170495242 -0.0572729446
v -0.167422593 -0.170495242 -0.0587729439
v -0.168960735 -0.170495242 -0.0587729439
v -0.168960735 -0.170495242 -0.0572729446
v -0.168960735 -0.170495242 -0.0572729446
v -0.168960735 -0.170495242 -0.0587729439
v -0.194605485 -0.170495242 -0.0572729446
v -0.168960735 -0.170495242 -0.0587729439
v -0.192805499 -0.170495242 -0.0587729439
v -0.194605485 -0.170495242 -0.0572729446
v -0.194605485 -0.170495242 -0.0572729446
v -0.192805499 -0.170495242 -0.0587729439
v -0.194605485 -0.170495242 -0.0627729446
v -0.192805499 -0.170495242 -0.0587729439
v -0.192805499 -0.170495242 -0.0617729425
v -0.194605485 -0.170495242 -0.0627729446
v -0.194605485 -0.170495242 -0.0627729446
v -0.192805499 -0.170495242 -0.0617729425
v -0.168960735 -0.170495242 -0.0627729446
v -0.192805499 -0.170495242 -0.0617729425
v -0.168960735 -0.170495242 -0.0617729425
v -0.168960735 -0.170495242 -0.0627729446
v -0.168960735 -0.170495242 -0.0627729446
v -0.168960735 -0.170495242 -0.0617729425
v -0.167422593 -0.170495242 -0.0627729446
v -0.168960735 -0.170495242 -0.0617729425
v -0.167422593 -0.170495242 -0.0617729425
v -0.167422593 -0.170495242 -0.0627729446
v -0.162917465 -0.170495242 -0.0699683353
v -0.162917465 -0.170495242 -0.0698763579
v -0.162496597 -0.170495242 -0.0699998736
v -0.162917465 -0.170495242 -0.0698763579
v -0.162139907 -0.170495242 -0.0698763579
v -0.162496597 -0.170495242 -0.0699998736
v -0.162496597 -0.170495242 -0.0699998736
v -0.162139907 -0.170495242 -0.0698763579
v -0.163054198 -0.170495242 -0.0742018148
v -0.162139907 -0.170495242 -0.0698763579
v -0.162139907 -0.170495242 -0.0750284493
v -0.163054198 -0.170495242 -0.0742018148
v -0.163054198 -0.170495242 -0.0742018148
v -0.162139907 -0.170495242 -0.0750284493
v -0.162917465 -0.170495242 -0.0750284493
v -0.162139907 -0.170495242 -0.0750284493
v -0.162139907 -0.170495242 -0.0824948251
v -0.162917465 -0.170495242 -0.0750284493
v -0.162917465 -0.170495242 -0.0750284493
v -0.162139907 -0.170495242 -0.0824948251
v -0.162917465 -0.170495242 -0.0824948251
v -0.162139907 -0.170495242 -0.0824948251
v -0.162139907 -0.170495242 -0.0866814479
v -0.162917465 -0.170495242 -0.0824948251
v -0.162917465 -0.170495242 -0.0824948251
v -0.162139907 -0.170495242 -0.0866814479
v -0.162917465 -0.170495242 -0.0866814479
v -0.162139907 -0.170495242 -0.0866814479
v -0.162139907 -0.170495242 -0.0918206125
v -0.162917465 -0.170495242 -0.0866814479
v -0.162917465 -0.170495242 -0.0866814479
v -0.162139907 -0.170495242 -0.0918206125
v -0.162917465 -0.170495242 -0.0918206125
v -0.162139907 -0.170495242 -0.0918206125
v -0.162139907 -0.170495242 -0.0936912596
v -0.162917465 -0.170495242 -0.0918206125
v -0.162917465 -0.170495242 -0.0918206125
v -0.162139907 -0.170495242 -0.0936912596
v -0.162917465 -0.170495242 -0.0936912596
v -0.162254289 -0.170495242 -0.0680124238
v -0.161694363 -0.170495242 -0.0698763579
v -0.162139907 -0.170495242 -0.0698763579
v -0.161694363 -0.170495242 -0.0698763579
v -0.161694363 -0.170495242 -0.0750284493
v -0.162139907 -0.170495242 -0.0698763579
v -0.162139907 -0.170495242 -0.0698763579
v -0.161694363 -0.170495242 -0.0750284493
v -0.162139907 -0.170495242 -0.0750284493
v -0.161694363 -0.170495242 -0.0750284493
v -0.161694363 -0.170495242 -0.0824948251
v -0.162139907 -0.170495242 -0.0750284493
v -0.162139907 -0.170495242 -0.0750284493
v -0.161694363 -0.170495242 -0.0824948251
v -0.162139907 -0.170495242 -0.0824948251
v -0.161694363 -0.170495242 -0.0824948251
v -0.161694363 -0.170495242 -0.0866814479
v -0.162139907 -0.170495242 -0.0824948251
v -0.162139907 -0.170495242 -0.0824948251
v -0.161694363 -0.170495242 -0.0866814479
v -0.162139907 -0.170495242 -0.0866814479
v -0.161694363 -0.170495242 -0.0866814479
v -0.161694363 -0.170495242 -0.0918206125
v -0.162139907 -0.170495242 -0.0866814479
v -0.162139907 -0.170495242 -0.0866814479
v -0.161694363 -0.170495242 -0.0918206125
v -0.162139907 -0.170495242 -0.0918206125
v -0.161694363 -0.170495242 -0.0918206125
v -0.161694363 -0.170495242 -0.0936912596
v -0.162139907 -0.170495242 -0.0918206125
v -0.162139907 -0.170495242 -0.0918206125
v -0.161694363 -0.170495242 -0.0936912596
v -0.162139907 -0.170495242 -0.0936912596
v -0.161694363 -0.170495242 -0.0936912596
v -0.162139907 -0.170495242 -0.0996935964
v -0.162139907 -0.170495242 -0.0936912596
v -0.162139907 -0.170495242 -0.0936912596
v -0.162139907 -0.170495242 -0.0996935964
v -0.162917465 -0.170495242 -0.0936912596
v -0.162139907 -0.170495242 -0.0996935964
v -0.162917465 -0.170495242 -0.0996935964
v -0.162917465 -0.170495242 -0.0936912596
v -0.162917465 -0.170495242 -0.0936912596
v -0.162917465 -0.170495242 -0.0996935964
v -0.16767782 -0.170495242 -0.0992569625
v -0.162917465 -0.170495242 -0.0996935964
v -0.167422593 -0.170495242 -0.0996935964
v -0.16767782 -0.170495242 -0.0992569625
v -0.16767782 -0.170495242 -0.0992569625
v -0.167422593 -0.170495242 -0.0996935964
v -0.168960735 -0.170495242 -0.0996935964
v -0.167422593 -0.170495242 -0.0996935964
v -0.168143615 -0.170495242 -0.101252474
v -0.168960735 -0.170495242 -0.0996935964
v -0.168960735 -0.170495242 -0.0996935964
v -0.168143615 -0.170495242 -0.101252474
v -0.168960735 -0.170495242 -0.100858979
v -0.187631845 -0.170495242 -0.0540965088
v -0.187608421 -0.170495242 -0.0538812205
v -0.168960735 -0.170495242 -0.0572729446
v -0.187608421 -0.170495242 -0.0538812205
v -0.168960735 -0.170495242 -0.0487729423
v -0.168960735 -0.170495242 -0.0572729446
v -0.168960735 -0.170495242 -0.0572729446
v -0.168960735 -0.170495242 -0.0487729423
v -0.167422593 -0.170495242 -0.0572729446
v -0.168960735 -0.170495242 -0.0487729423
v -0.167422593 -0.170495242 -0.0487729423
v -0.167422593 -0.170495242 -0.0572729446
v -0.167422593 -0.170495242 -0.0572729446
v -0.167422593 -0.170495242 -0.0487729423
v -0.162917465 -0.170495242 -0.0572729446
v -0.167422593 -0.170495242 -0.0487729423
v -0.162917465 -0.170495242 -0.0487729423
v -0.162917465 -0.170495242 -0.0572729446
v -0.162917465 -0.170495242 -0.0572729446
v -0.162917465 -0.170495242 -0.0487729423
v -0.162139907 -0.170495242 -0.0572729446
v -0.162917465 -0.170495242 -0.0487729423
v -0.162139907 -0.170495242 -0.0487729423
v -0.162139907 -0.170495242 -0.0572729446
v -0.162139907 -0.170495242 -0.0572729446
v -0.162139907 -0.170495242 -0.0487729423
v -0.161694363 -0.170495242 -0.0572729446
v -0.162139907 -0.170495242 -0.0487729423
v -0.161694363 -0.170495242 -0.0487729423
v -0.161694363 -0.170495242 -0.0572729446
v -0.161694363 -0.170495242 -0.0572729446
v -0.161694363 -0.170495242 -0.0487729423
v -0.161602557 -0.170495242 -0.0536646657
v -0.161694363 -0.170495242 -0.0487729423
v -0.161579147 -0.170495242 -0.0534493774
v -0.161602557 -0.170495242 -0.0536646657
v -0.161783233 -0.196295246 -0.0637729391
v -0.161783233 -0.170495242 -0.0637729391
v -0.162254289 -0.196295246 -0.0680124238
v -0.161783233 -0.170495242 -0.0637729391
v -0.162254289 -0.170495242 -0.0680124238
v -0.162254289 -0.196295246 -0.0680124238
v -0.158163294 -0.196295246 -0.081582047
v -0.158163294 -0.170495242 -0.081582047
v -0.156076744 -0.170495242 -0.0668015406
v -0.154885173 -0.170495242 -0.0519221164
v -0.154885173 -0.196295246 -0.0519221164
v -0.155210301 -0.170495242 -0.0572812222
v -0.154885173 -0.196295246 -0.0519221164
v -0.155210301 -0.196295246 -0.0572812222
v -0.155210301 -0.170495242 -0.0572812222
v -0.155210301 -0.170495242 -0.0572812222
v -0.155210301 -0.196295246 -0.0572812222
v -0.156076744 -0.170495242 -0.0668015406
v -0.155210301 -0.196295246 -0.0572812222
v -0.156076744 -0.196295246 -0.0668015406
v -0.156076744 -0.170495242 -0.0668015406
v -0.156076744 -0.170495242 -0.0668015406
v -0.156076744 -0.196295246 -0.0668015406
v -0.158163294 -0.196295246 -0.081582047
v -0.161582589 -0.196295246 -0.0617729425
v -0.161582589 -0.170495242 -0.0617729425
v -0.161694363 -0.196295246 -0.0617729425
v -0.161582589 -0.170495242 -0.0617729425
v -0.161694363 -0.170495242 -0.0617729425
v -0.161694363 -0.196295246 -0.0617729425
v -0.161694363 -0.196295246 -0.0617729425
v -0.161694363 -0.170495242 -0.0617729425
v -0.162139907 -0.196295246 -0.0617729425
v -0.161694363 -0.170495242 -0.0617729425
v -0.162139907 -0.170495242 -0.0617729425
v -0.162139907 -0.196295246 -0.0617729425
v -0.162139907 -0.196295246 -0.0617729425
v -0.162139907 -0.170495242 -0.0617729425
v -0.162917465 -0.196295246 -0.0617729425
v -0.162139907 -0.170495242 -0.0617729425
v -0.162917465 -0.170495242 -0.0617729425
v -0.162917465 -0.196295246 -0.0617729425
v -0.162917465 -0.196295246 -0.0617729425
v -0.162917465 -0.170495242 -0.0617729425
v -0.167422593 -0.196295246 -0.0617729425
v -0.162917465 -0.170495242 -0.0617729425
v -0.167422593 -0.170495242 -0.0617729425
v -0.167422593 -0.196295246 -0.0617729425
v -0.167422593 -0.196295246 -0.0617729425
v -0.167422593 -0.170495242 -0.0617729425
v -0.168960735 -0.196295246 -0.0617729425
v -0.167422593 -0.170495242 -0.0617729425
v -0.168960735 -0.170495242 -0.0617729425
v -0.168960735 -0.196295246 -0.0617729425
v -0.168960735 -0.196295246 -0.0617729425
v -0.168960735 -0.170495242 -0.0617729425
v -0.192805499 -0.196295246 -0.0617729425
v -0.168960735 -0.170495242 -0.0617729425
v -0.192805499 -0.170495242 -0.0617729425
v -0.192805499 -0.196295246 -0.0617729425
v -0.168143615 -0.196295246 -0.101252474
v -0.168143615 -0.170495242 -0.101252474
v -0.169259742 -0.196295246 -0.105798408
v -0.168143615 -0.170495242 -0.101252474
v -0.169259742 -0.170495242 -0.105798408
v -0.169259742 -0.196295246 -0.105798408
v -0.192805499 -0.196295246 -0.0637729391
v -0.192805499 -0.196295246 -0.0657230169
v -0.192805499 -0.170495242 -0.0637729391
v -0.192805499 -0.196295246 -0.0657230169
v -0.192805499 -0.170495242 -0.0657230169
v -0.192805499 -0.170495242 -0.0637729391
v -0.166284651 -0.196295246 -0.0928682759
v -0.166284651 -0.170495242 -0.0928682759
v -0.167422593 -0.196295246 -0.0924216881
v -0.166284651 -0.170495242 -0.0928682759
v -0.167422593 -0.170495242 -0.0924216881
v -0.167422593 -0.196295246 -0.0924216881
v -0.167422593 -0.196295246 -0.0924216881
v -0.167422593 -0.170495242 -0.0924216881
v -0.168954164 -0.196295246 -0.0918206125
v -0.167422593 -0.170495242 -0.0924216881
v -0.168954164 -0.170495242 -0.0918206125
v -0.168954164 -0.196295246 -0.0918206125
v -0.168954164 -0.196295246 -0.0918206125
v -0.168954164 -0.170495242 -0.0918206125
v -0.168960735 -0.196295246 -0.0918180346
v -0.168954164 -0.170495242 -0.0918206125
v -0.168960735 -0.170495242 -0.0918180346
v -0.168960735 -0.196295246 -0.0918180346
v -0.168960735 -0.196295246 -0.0918180346
v -0.168960735 -0.170495242 -0.0918180346
v -0.182049066 -0.196295246 -0.0866814479
v -0.168960735 -0.170495242 -0.0918180346
v -0.182049066 -0.170495242 -0.0866814479
v -0.182049066 -0.196295246 -0.0866814479
v -0.182049066 -0.196295246 -0.0866814479
v -0.182049066 -0.170495242 -0.0866814479
v -0.192716837 -0.196295246 -0.0824948251
v -0.182049066 -0.170495242 -0.0866814479
v -0.192716837 -0.170495242 -0.0824948251
v -0.192716837 -0.196295246 -0.0824948251
v -0.192716837 -0.196295246 -0.0824948251
v -0.192716837 -0.170495242 -0.0824948251
v -0.192805499 -0.196295246 -0.0824600384
v -0.192716837 -0.170495242 -0.0824948251
v -0.192805499 -0.170495242 -0.0824600384
v -0.192805499 -0.196295246 -0.0824600384
v -0.161307484 -0.196295246 -0.0587729439
v -0.161307484 -0.170495242 -0.0587729439
v -0.161582589 -0.196295246 -0.0617729425
v -0.161307484 -0.170495242 -0.0587729439
v -0.161582589 -0.170495242 -0.0617729425
v -0.161582589 -0.196295246 -0.0617729425
v -0.163986653 -0.196295246 -0.0803811103
v -0.163986653 -0.170495242 -0.0803811103
v -0.167422593 -0.196295246 -0.0795969144
v -0.163986653 -0.170495242 -0.0803811103
v -0.167422593 -0.170495242 -0.0795969144
v -0.167422593 -0.196295246 -0.0795969144
v -0.167422593 -0.196295246 -0.0795969144
v -0.167422593 -0.170495242 -0.0795969144
v -0.168960735 -0.196295246 -0.0792458504
v -0.167422593 -0.170495242 -0.0795969144
v -0.168960735 -0.170495242 -0.0792458504
v -0.168960735 -0.196295246 -0.0792458504
v -0.168960735 -0.196295246 -0.0792458504
v -0.168960735 -0.170495242 -0.0792458504
v -0.187439099 -0.196295246 -0.0750284493
v -0.168960735 -0.170495242 -0.0792458504
v -0.187439099 -0.170495242 -0.0750284493
v -0.187439099 -0.196295246 -0.0750284493
v -0.187439099 -0.196295246 -0.0750284493
v -0.187439099 -0.170495242 -0.0750284493
v -0.192805499 -0.196295246 -0.0738036558
v -0.187439099 -0.170495242 -0.0750284493
v -0.192805499 -0.170495242 -0.0738036558
v -0.192805499 -0.196295246 -0.0738036558
v -0.164313406 -0.196295246 -0.0823579654
v -0.164313406 -0.170495242 -0.0823579654
v -0.165059566 -0.196295246 -0.0865899548
v -0.164313406 -0.170495242 -0.0823579654
v -0.165059566 -0.170495242 -0.0865899548
v -0.165059566 -0.196295246 -0.0865899548
v -0.192805499 -0.196295246 -0.0758550838
v -0.192805499 -0.196295246 -0.0780318007
v -0.192805499 -0.170495242 -0.0758550838
v -0.192805499 -0.196295246 -0.0780318007
v -0.192805499 -0.170495242 -0.0780318007
v -0.192805499 -0.170495242 -0.0758550838
v -0.168143615 -0.170495242 -0.101252474
v -0.168143615 -0.196295246 -0.101252474
v -0.168960735 -0.170495242 -0.100858979
v -0.168143615 -0.196295246 -0.101252474
v -0.168960735 -0.196295246 -0.100858979
v -0.168960735 -0.170495242 -0.100858979
v -0.168960735 -0.170495242 -0.100858979
v -0.168960735 -0.196295246 -0.100858979
v -0.171380788 -0.170495242 -0.0996935964
v -0.168960735 -0.196295246 -0.100858979
v -0.171380788 -0.196295246 -0.0996935964
v -0.171380788 -0.170495242 -0.0996935964
v -0.171380788 -0.170495242 -0.0996935964
v -0.171380788 -0.196295246 -0.0996935964
v -0.183845297 -0.170495242 -0.0936912596
v -0.171380788 -0.196295246 -0.0996935964
v -0.183845297 -0.196295246 -0.0936912596
v -0.183845297 -0.170495242 -0.0936912596
v -0.183845297 -0.170495242 -0.0936912596
v -0.183845297 -0.196295246 -0.0936912596
v -0.18772991 -0.170495242 -0.0918206125
v -0.183845297 -0.196295246 -0.0936912596
v -0.18772991 -0.196295246 -0.0918206125
v -0.18772991 -0.170495242 -0.0918206125
v -0.18772991 -0.170495242 -0.0918206125
v -0.18772991 -0.196295246 -0.0918206125
v -0.192805499 -0.170495242 -0.0893764421
v -0.18772991 -0.196295246 -0.0918206125
v -0.192805499 -0.196295246 -0.0893764421
v -0.192805499 -0.170495242 -0.0893764421
v -0.161307484 -0.170495242 -0.0587729439
v -0.161307484 -0.196295246 -0.0587729439
v -0.161694363 -0.170495242 -0.0587729439
v -0.161307484 -0.196295246 -0.0587729439
v -0.161694363 -0.196295246 -0.0587729439
v -0.161694363 -0.170495242 -0.0587729439
v -0.161694363 -0.170495242 -0.0587729439
v -0.161694363 -0.196295246 -0.0587729439
v -0.162139907 -0.170495242 -0.0587729439
v -0.161694363 -0.196295246 -0.0587729439
v -0.162139907 -0.196295246 -0.0587729439
v -0.162139907 -0.170495242 -0.0587729439
v -0.162139907 -0.170495242 -0.0587729439
v -0.162139907 -0.196295246 -0.0587729439
v -0.162917465 -0.170495242 -0.0587729439
v -0.162139907 -0.196295246 -0.0587729439
v -0.162917465 -0.196295246 -0.0587729439
v -0.162917465 -0.170495242 -0.0587729439
v -0.162917465 -0.170495242 -0.0587729439
v -0.162917465 -0.196295246 -0.0587729439
v -0.167422593 -0.170495242 -0.0587729439
v -0.162917465 -0.196295246 -0.0587729439
v -0.167422593 -0.196295246 -0.0587729439
v -0.167422593 -0.170495242 -0.0587729439
v -0.167422593 -0.170495242 -0.0587729439
v -0.167422593 -0.196295246 -0.0587729439
v -0.168960735 -0.170495242 -0.0587729439
v -0.167422593 -0.196295246 -0.0587729439
v -0.168960735 -0.196295246 -0.0587729439
v -0.168960735 -0.170495242 -0.0587729439
v -0.168960735 -0.170495242 -0.0587729439
v -0.168960735 -0.196295246 -0.0587729439
v -0.192805499 -0.170495242 -0.0587729439
v -0.168960735 -0.196295246 -0.0587729439
v -0.192805499 -0.196295246 -0.0587729439
v -0.192805499 -0.170495242 -0.0587729439
v -0.165430352 -0.170495242 -0.0885685608
v -0.165430352 -0.196295246 -0.0885685608
v -0.167422593 -0.170495242 -0.0879540592
v -0.165430352 -0.196295246 -0.0885685608
v -0.167422593 -0.196295246 -0.0879540592
v -0.167422593 -0.170495242 -0.0879540592
v -0.167422593 -0.170495242 -0.0879540592
v -0.167422593 -0.196295246 -0.0879540592
v -0.168960735 -0.170495242 -0.0874796212
v -0.167422593 -0.196295246 -0.0879540592
v -0.168960735 -0.196295246 -0.0874796212
v -0.168960735 -0.170495242 -0.0874796212
v -0.168960735 -0.170495242 -0.0874796212
v -0.168960735 -0.196295246 -0.0874796212
v -0.171548456 -0.170495242 -0.0866814479
v -0.168960735 -0.196295246 -0.0874796212
v -0.171548456 -0.196295246 -0.0866814479
v -0.171548456 -0.170495242 -0.0866814479
v -0.171548456 -0.170495242 -0.0866814479
v -0.171548456 -0.196295246 -0.0866814479
v -0.185121685 -0.170495242 -0.0824948251
v -0.171548456 -0.196295246 -0.0866814479
v -0.185121685 -0.196295246 -0.0824948251
v -0.185121685 -0.170495242 -0.0824948251
v -0.185121685 -0.170495242 -0.0824948251
v -0.185121685 -0.196295246 -0.0824948251
v -0.192805499 -0.170495242 -0.0801247805
v -0.185121685 -0.196295246 -0.0824948251
v -0.192805499 -0.196295246 -0.0801247805
v -0.192805499 -0.170495242 -0.0801247805
v -0.165059566 -0.196295246 -0.0865899548
v -0.165059566 -0.170495242 -0.0865899548
v -0.167422593 -0.196295246 -0.0858610868
v -0.165059566 -0.170495242 -0.0865899548
v -0.167422593 -0.170495242 -0.0858610868
v -0.167422593 -0.196295246 -0.0858610868
v -0.167422593 -0.196295246 -0.0858610868
v -0.167422593 -0.170495242 -0.0858610868
v -0.168960735 -0.196295246 -0.0853866488
v -0.167422593 -0.170495242 -0.0858610868
v -0.168960735 -0.170495242 -0.0853866488
v -0.168960735 -0.196295246 -0.0853866488
v -0.168960735 -0.196295246 -0.0853866488
v -0.168960735 -0.170495242 -0.0853866488
v -0.178336143 -0.196295246 -0.0824948251
v -0.168960735 -0.170495242 -0.0853866488
v -0.178336143 -0.170495242 -0.0824948251
v -0.178336143 -0.196295246 -0.0824948251
v -0.178336143 -0.196295246 -0.0824948251
v -0.178336143 -0.170495242 -0.0824948251
v -0.192805499 -0.196295246 -0.0780318007
v -0.178336143 -0.170495242 -0.0824948251
v -0.192805499 -0.170495242 -0.0780318007
v -0.192805499 -0.196295246 -0.0780318007
v -0.165430352 -0.196295246 -0.0885685608
v -0.165430352 -0.170495242 -0.0885685608
v -0.166284651 -0.196295246 -0.0928682759
v -0.165430352 -0.170495242 -0.0885685608
v -0.166284651 -0.170495242 -0.0928682759
v -0.166284651 -0.196295246 -0.0928682759
v -0.192805499 -0.196295246 -0.0801247805
v -0.192805499 -0.196295246 -0.0824600384
v -0.192805499 -0.170495242 -0.0801247805
v -0.192805499 -0.196295246 -0.0824600384
v -0.192805499 -0.170495242 -0.0824600384
v -0.192805499 -0.170495242 -0.0801247805
v -0.169259742 -0.196295246 -0.105798408
v -0.169259742 -0.170495242 -0.105798408
v -0.192805499 -0.196295246 -0.0922048688
v -0.169259742 -0.170495242 -0.105798408
v -0.192805499 -0.170495242 -0.0922048688
v -0.192805499 -0.196295246 -0.0922048688
v -0.16670157 -0.196295246 -0.0948531628
v -0.16670157 -0.170495242 -0.0948531628
v -0.16767782 -0.196295246 -0.0992569625
v -0.16670157 -0.170495242 -0.0948531628
v -0.16767782 -0.170495242 -0.0992569625
v -0.16767782 -0.196295246 -0.0992569625
v -0.192805499 -0.170495242 -0.0846085474
v -0.192805499 -0.196295246 -0.0846085474
v -0.192805499 -0.170495242 -0.0866814479
v -0.192805499 -0.196295246 -0.0846085474
v -0.192805499 -0.196295246 -0.0866814479
v -0.192805499 -0.170495242 -0.0866814479
v -0.192805499 -0.170495242 -0.0866814479
v -0.192805499 -0.196295246 -0.0866814479
v -0.192805499 -0.170495242 -0.0871566236
v -0.192805499 -0.196295246 -0.0866814479
v -0.192805499 -0.196295246 -0.0871566236
v -0.192805499 -0.170495242 -0.0871566236
v -0.169777855 -0.170495242 -0.107808657
v -0.169777855 -0.196295246 -0.107808657
v -0.192805499 -0.170495242 -0.0945142433
v -0.169777855 -0.196295246 -0.107808657
v -0.192805499 -0.196295246 -0.0945142433
v -0.192805499 -0.170495242 -0.0945142433
v -0.159605488 -0.170495242 -0.0557729416
v -0.159605488 -0.196295246 -0.0557729416
v -0.159389257 -0.170495242 -0.0557612181
v -0.159605488 -0.196295246 -0.0557729416
v -0.159389257 -0.196295246 -0.0557612181
v -0.159389257 -0.170495242 -0.0557612181
v -0.159389257 -0.170495242 -0.0557612181
v -0.159389257 -0.196295246 -0.0557612181
v -0.159175545 -0.170495242 -0.0557261854
v -0.159389257 -0.196295246 -0.0557612181
v -0.159175545 -0.196295246 -0.0557261854
v -0.159175545 -0.170495242 -0.0557261854
v -0.159175545 -0.170495242 -0.0557261854
v -0.159175545 -0.196295246 -0.0557261854
v -0.158966884 -0.170495242 -0.0556682497
v -0.159175545 -0.196295246 -0.0557261854
v -0.158966884 -0.196295246 -0.0556682497
v -0.158966884 -0.170495242 -0.0556682497
v -0.158966884 -0.170495242 -0.0556682497
v -0.158966884 -0.196295246 -0.0556682497
v -0.158765718 -0.170495242 -0.0555880927
v -0.158966884 -0.196295246 -0.0556682497
v -0.158765718 -0.196295246 -0.0555880927
v -0.158765718 -0.170495242 -0.0555880927
v -0.158765718 -0.170495242 -0.0555880927
v -0.158765718 -0.196295246 -0.0555880927
v -0.158574387 -0.170495242 -0.0554866567
v -0.158765718 -0.196295246 -0.0555880927
v -0.158574387 -0.196295246 -0.0554866567
v -0.158574387 -0.170495242 -0.0554866567
v -0.158574387 -0.170495242 -0.0554866567
v -0.158574387 -0.196295246 -0.0554866567
v -0.158395141 -0.170495242 -0.0553651303
v -0.158574387 -0.196295246 -0.0554866567
v -0.158395141 -0.196295246 -0.0553651303
v -0.158395141 -0.170495242 -0.0553651303
v -0.158395141 -0.170495242 -0.0553651303
v -0.158395141 -0.196295246 -0.0553651303
v -0.158230096 -0.170495242 -0.0552249327
v -0.158395141 -0.196295246 -0.0553651303
v -0.158230096 -0.196295246 -0.0552249327
v -0.158230096 -0.170495242 -0.0552249327
v -0.158230096 -0.170495242 -0.0552249327
v -0.158230096 -0.196295246 -0.0552249327
v -0.158081159 -0.170495242 -0.0550677143
v -0.158230096 -0.196295246 -0.0552249327
v -0.158081159 -0.196295246 -0.0550677143
v -0.158081159 -0.170495242 -0.0550677143
v -0.158081159 -0.170495242 -0.0550677143
v -0.158081159 -0.196295246 -0.0550677143
v -0.157950118 -0.170495242 -0.0548953153
v -0.158081159 -0.196295246 -0.0550677143
v -0.157950118 -0.196295246 -0.0548953153
v -0.157950118 -0.170495242 -0.0548953153
v -0.157950118 -0.170495242 -0.0548953153
v -0.157950118 -0.196295246 -0.0548953153
v -0.157838464 -0.170495242 -0.0547097586
v -0.157950118 -0.196295246 -0.0548953153
v -0.157838464 -0.196295246 -0.0547097586
v -0.157838464 -0.170495242 -0.0547097586
v -0.157838464 -0.170495242 -0.0547097586
v -0.157838464 -0.196295246 -0.0547097586
v -0.157747537 -0.170495242 -0.0545132197
v -0.157838464 -0.196295246 -0.0547097586
v -0.157747537 -0.196295246 -0.0545132197
v -0.157747537 -0.170495242 -0.0545132197
v -0.157747537 -0.170495242 -0.0545132197
v -0.157747537 -0.196295246 -0.0545132197
v -0.157678396 -0.170495242 -0.054308001
v -0.157747537 -0.196295246 -0.0545132197
v -0.157678396 -0.196295246 -0.054308001
v -0.157678396 -0.170495242 -0.054308001
v -0.157678396 -0.170495242 -0.054308001
v -0.157678396 -0.196295246 -0.054308001
v -0.157631844 -0.170495242 -0.0540965088
v -0.157678396 -0.196295246 -0.054308001
v -0.157631844 -0.196295246 -0.0540965088
v -0.157631844 -0.170495242 -0.0540965088
v -0.157631844 -0.170495242 -0.0540965088
v -0.157631844 -0.196295246 -0.0540965088
v -0.15760842 -0.170495242 -0.0538812205
v -0.157631844 -0.196295246 -0.0540965088
v -0.15760842 -0.196295246 -0.0538812205
v -0.15760842 -0.170495242 -0.0538812205
v -0.15760842 -0.170495242 -0.0538812205
v -0.15760842 -0.196295246 -0.0538812205
v -0.15760842 -0.170495242 -0.0536646657
v -0.15760842 -0.196295246 -0.0538812205
v -0.15760842 -0.196295246 -0.0536646657
v -0.15760842 -0.170495242 -0.0536646657
v -0.15760842 -0.170495242 -0.0536646657
v -0.15760842 -0.196295246 -0.0536646657
v -0.157631844 -0.170495242 -0.0534493774
v -0.15760842 -0.196295246 -0.0536646657
v -0.157631844 -0.196295246 -0.0534493774
v -0.157631844 -0.170495242 -0.0534493774
v -0.157631844 -0.170495242 -0.0534493774
v -0.157631844 -0.196295246 -0.0534493774
v -0.157678396 -0.170495242 -0.0532378852
v -0.157631844 -0.196295246 -0.0534493774
v -0.157678396 -0.196295246 -0.0532378852
v -0.157678396 -0.170495242 -0.0532378852
v -0.157678396 -0.170495242 -0.0532378852
v -0.157678396 -0.196295246 -0.0532378852
v -0.157747537 -0.170495242 -0.0530326664
v -0.157678396 -0.196295246 -0.0532378852
v -0.157747537 -0.196295246 -0.0530326664
v -0.157747537 -0.170495242 -0.0530326664
v -0.157747537 -0.170495242 -0.0530326664
v -0.157747537 -0.196295246 -0.0530326664
v -0.157838464 -0.170495242 -0.0528361276
v -0.157747537 -0.196295246 -0.0530326664
v -0.157838464 -0.196295246 -0.0528361276
v -0.157838464 -0.170495242 -0.0528361276
v -0.157838464 -0.170495242 -0.0528361276
v -0.157838464 -0.196295246 -0.0528361276
v -0.157950118 -0.170495242 -0.0526505671
v -0.157838464 -0.196295246 -0.0528361276
v -0.157950118 -0.196295246 -0.0526505671
v -0.157950118 -0.170495242 -0.0526505671
v -0.157950118 -0.170495242 -0.0526505671
v -0.157950118 -0.196295246 -0.0526505671
v -0.158081159 -0.170495242 -0.0524781719
v -0.157950118 -0.196295246 -0.0526505671
v -0.158081159 -0.196295246 -0.0524781719
v -0.158081159 -0.170495242 -0.0524781719
v -0.158081159 -0.170495242 -0.0524781719
v -0.158081159 -0.196295246 -0.0524781719
v -0.158230096 -0.170495242 -0.0523209535
v -0.158081159 -0.196295246 -0.0524781719
v -0.158230096 -0.196295246 -0.0523209535
v -0.158230096 -0.170495242 -0.0523209535
v -0.158230096 -0.170495242 -0.0523209535
v -0.158230096 -0.196295246 -0.0523209535
v -0.158395141 -0.170495242 -0.0521807559
v -0.158230096 -0.196295246 -0.0523209535
v -0.158395141 -0.196295246 -0.0521807559
v -0.158395141 -0.170495242 -0.0521807559
v -0.158395141 -0.170495242 -0.0521807559
v -0.158395141 -0.196295246 -0.0521807559
v -0.158574387 -0.170495242 -0.0520592295
v -0.158395141 -0.196295246 -0.0521807559
v -0.158574387 -0.196295246 -0.0520592295
v -0.158574387 -0.170495242 -0.0520592295
v -0.158574387 -0.170495242 -0.0520592295
v -0.158574387 -0.196295246 -0.0520592295
v -0.158765718 -0.170495242 -0.0519577935
v -0.158574387 -0.196295246 -0.0520592295
v -0.158765718 -0.196295246 -0.0519577935
v -0.158765718 -0.170495242 -0.0519577935
v -0.158765718 -0.170495242 -0.0519577935
v -0.158765718 -0.196295246 -0.0519577935
v -0.158966884 -0.170495242 -0.0518776365
v -0.158765718 -0.196295246 -0.0519577935
v -0.158966884 -0.196295246 -0.0518776365
v -0.158966884 -0.170495242 -0.0518776365
v -0.158966884 -0.170495242 -0.0518776365
v -0.158966884 -0.196295246 -0.0518776365
v -0.159175545 -0.170495242 -0.0518197007
v -0.158966884 -0.196295246 -0.0518776365
v -0.159175545 -0.196295246 -0.0518197007
v -0.159175545 -0.170495242 -0.0518197007
v -0.159175545 -0.170495242 -0.0518197007
v -0.159175545 -0.196295246 -0.0518197007
v -0.159389257 -0.170495242 -0.0517846681
v -0.159175545 -0.196295246 -0.0518197007
v -0.159389257 -0.196295246 -0.0517846681
v -0.159389257 -0.170495242 -0.0517846681
v -0.159389257 -0.170495242 -0.0517846681
v -0.159389257 -0.196295246 -0.0517846681
v -0.159605488 -0.170495242 -0.0517729446
v -0.159389257 -0.196295246 -0.0517846681
v -0.159605488 -0.196295246 -0.0517729446
v -0.159605488 -0.170495242 -0.0517729446
v -0.159605488 -0.170495242 -0.0517729446
v -0.159605488 -0.196295246 -0.0517729446
v -0.159821734 -0.170495242 -0.0517846681
v -0.159605488 -0.196295246 -0.0517729446
v -0.159821734 -0.196295246 -0.0517846681
v -0.159821734 -0.170495242 -0.0517846681
v -0.159821734 -0.170495242 -0.0517846681
v -0.159821734 -0.196295246 -0.0517846681
v -0.160035431 -0.170495242 -0.0518197007
v -0.159821734 -0.196295246 -0.0517846681
v -0.160035431 -0.196295246 -0.0518197007
v -0.160035431 -0.170495242 -0.0518197007
v -0.160035431 -0.170495242 -0.0518197007
v -0.160035431 -0.196295246 -0.0518197007
v -0.160244092 -0.170495242 -0.0518776365
v -0.160035431 -0.196295246 -0.0518197007
v -0.160244092 -0.196295246 -0.0518776365
v -0.160244092 -0.170495242 -0.0518776365
v -0.160244092 -0.170495242 -0.0518776365
v -0.160244092 -0.196295246 -0.0518776365
v -0.160445273 -0.170495242 -0.0519577935
v -0.160244092 -0.196295246 -0.0518776365
v -0.160445273 -0.196295246 -0.0519577935
v -0.160445273 -0.170495242 -0.0519577935
v -0.160445273 -0.170495242 -0.0519577935
v -0.160445273 -0.196295246 -0.0519577935
v -0.160636604 -0.170495242 -0.0520592295
v -0.160445273 -0.196295246 -0.0519577935
v -0.160636604 -0.196295246 -0.0520592295
v -0.160636604 -0.170495242 -0.0520592295
v -0.160636604 -0.170495242 -0.0520592295
v -0.160636604 -0.196295246 -0.0520592295
v -0.160815835 -0.170495242 -0.0521807559
v -0.160636604 -0.196295246 -0.0520592295
v -0.160815835 -0.196295246 -0.0521807559
v -0.160815835 -0.170495242 -0.0521807559
v -0.160815835 -0.170495242 -0.0521807559
v -0.160815835 -0.196295246 -0.0521807559
v -0.160980895 -0.170495242 -0.0523209535
v -0.160815835 -0.196295246 -0.0521807559
v -0.160980895 -0.196295246 -0.0523209535
v -0.160980895 -0.170495242 -0.0523209535
v -0.160980895 -0.170495242 -0.0523209535
v -0.160980895 -0.196295246 -0.0523209535
v -0.161129817 -0.170495242 -0.0524781719
v -0.160980895 -0.196295246 -0.0523209535
v -0.161129817 -0.196295246 -0.0524781719
v -0.161129817 -0.170495242 -0.0524781719
v -0.161129817 -0.170495242 -0.0524781719
v -0.161129817 -0.196295246 -0.0524781719
v -0.161260873 -0.170495242 -0.0526505671
v -0.161129817 -0.196295246 -0.0524781719
v -0.161260873 -0.196295246 -0.0526505671
v -0.161260873 -0.170495242 -0.0526505671
v -0.161260873 -0.170495242 -0.0526505671
v -0.161260873 -0.196295246 -0.0526505671
v -0.161372513 -0.170495242 -0.0528361276
v -0.161260873 -0.196295246 -0.0526505671
v -0.161372513 -0.196295246 -0.0528361276
v -0.161372513 -0.170495242 -0.0528361276
v -0.161372513 -0.170495242 -0.0528361276
v -0.161372513 -0.196295246 -0.0528361276
v -0.161463439 -0.170495242 -0.0530326664
v -0.161372513 -0.196295246 -0.0528361276
v -0.161463439 -0.196295246 -0.0530326664
v -0.161463439 -0.170495242 -0.0530326664
v -0.161463439 -0.170495242 -0.0530326664
v -0.161463439 -0.196295246 -0.0530326664
v -0.161532596 -0.170495242 -0.0532378852
v -0.161463439 -0.196295246 -0.0530326664
v -0.161532596 -0.196295246 -0.0532378852
v -0.161532596 -0.170495242 -0.0532378852
v -0.161532596 -0.170495242 -0.0532378852
v -0.161532596 -0.196295246 -0.0532378852
v -0.161579147 -0.170495242 -0.0534493774
v -0.161532596 -0.196295246 -0.0532378852
v -0.161579147 -0.196295246 -0.0534493774
v -0.161579147 -0.170495242 -0.0534493774
v -0.161579147 -0.170495242 -0.0534493774
v -0.161579147 -0.196295246 -0.0534493774
v -0.161602557 -0.170495242 -0.0536646657
v -0.161579147 -0.196295246 -0.0534493774
v -0.161602557 -0.196295246 -0.0536646657
v -0.161602557 -0.170495242 -0.0536646657
v -0.161602557 -0.170495242 -0.0536646657
v -0.161602557 -0.196295246 -0.0536646657
v -0.161602557 -0.170495242 -0.0538812205
v -0.161602557 -0.196295246 -0.0536646657
v -0.161602557 -0.196295246 -0.0538812205
v -0.161602557 -0.170495242 -0.0538812205
v -0.161602557 -0.170495242 -0.0538812205
v -0.161602557 -0.196295246 -0.0538812205
v -0.161579147 -0.170495242 -0.0540965088
v -0.161602557 -0.196295246 -0.0538812205
v -0.161579147 -0.196295246 -0.0540965088
v -0.161579147 -0.170495242 -0.0540965088
v -0.161579147 -0.170495242 -0.0540965088
v -0.161579147 -0.196295246 -0.0540965088
v -0.161532596 -0.170495242 -0.054308001
v -0.161579147 -0.196295246 -0.0540965088
v -0.161532596 -0.196295246 -0.054308001
v -0.161532596 -0.170495242 -0.054308001
v -0.161532596 -0.170495242 -0.054308001
v -0.161532596 -0.196295246 -0.054308001
v -0.161463439 -0.170495242 -0.0545132197
v -0.161532596 -0.196295246 -0.054308001
v -0.161463439 -0.196295246 -0.0545132197
v -0.161463439 -0.170495242 -0.0545132197
v -0.161463439 -0.170495242 -0.0545132197
v -0.161463439 -0.196295246 -0.0545132197
v -0.161372513 -0.170495242 -0.0547097586
v -0.161463439 -0.196295246 -0.0545132197
v -0.161372513 -0.196295246 -0.0547097586
v -0.161372513 -0.170495242 -0.0547097586
v -0.161372513 -0.170495242 -0.0547097586
v -0.161372513 -0.196295246 -0.0547097586
v -0.161260873 -0.170495242 -0.0548953153
v -0.161372513 -0.196295246 -0.0547097586
v -0.161260873 -0.196295246 -0.0548953153
v -0.161260873 -0.170495242 -0.0548953153
v -0.161260873 -0.170495242 -0.0548953153
v -0.161260873 -0.196295246 -0.0548953153
v -0.161129817 -0.170495242 -0.0550677143
v -0.161260873 -0.196295246 -0.0548953153
v -0.161129817 -0.196295246 -0.0550677143
v -0.161129817 -0.170495242 -0.0550677143
v -0.161129817 -0.170495242 -0.0550677143
v -0.161129817 -0.196295246 -0.0550677143
v -0.160980895 -0.170495242 -0.0552249327
v -0.161129817 -0.196295246 -0.0550677143
v -0.160980895 -0.196295246 -0.0552249327
v -0.160980895 -0.170495242 -0.0552249327
v -0.160980895 -0.170495242 -0.0552249327
v -0.160980895 -0.196295246 -0.0552249327
v -0.160815835 -0.170495242 -0.0553651303
v -0.160980895 -0.196295246 -0.0552249327
v -0.160815835 -0.196295246 -0.0553651303
v -0.160815835 -0.170495242 -0.0553651303
v -0.160815835 -0.170495242 -0.0553651303
v -0.160815835 -0.196295246 -0.0553651303
v -0.160636604 -0.170495242 -0.0554866567
v -0.160815835 -0.196295246 -0.0553651303
v -0.160636604 -0.196295246 -0.0554866567
v -0.160636604 -0.170495242 -0.0554866567
v -0.160636604 -0.170495242 -0.0554866567
v -0.160636604 -0.196295246 -0.0554866567
v -0.160445273 -0.170495242 -0.0555880927
v -0.160636604 -0.196295246 -0.0554866567
v -0.160445273 -0.196295246 -0.0555880927
v -0.160445273 -0.170495242 -0.0555880927
v -0.160445273 -0.170495242 -0.0555880927
v -0.160445273 -0.196295246 -0.0555880927
v -0.160244092 -0.170495242 -0.0556682497
v -0.160445273 -0.196295246 -0.0555880927
v -0.160244092 -0.196295246 -0.0556682497
v -0.160244092 -0.170495242 -0.0556682497
v -0.160244092 -0.170495242 -0.0556682497
v -0.160244092 -0.196295246 -0.0556682497
v -0.160035431 -0.170495242 -0.0557261854
v -0.160244092 -0.196295246 -0.0556682497
v -0.160035431 -0.196295246 -0.0557261854
v -0.160035431 -0.170495242 -0.0557261854
v -0.160035431 -0.170495242 -0.0557261854
v -0.160035431 -0.196295246 -0.0557261854
v -0.159821734 -0.170495242 -0.0557612181
v -0.160035431 -0.196295246 -0.0557261854
v -0.159821734 -0.196295246 -0.0557612181
v -0.159821734 -0.170495242 -0.0557612181
v -0.159821734 -0.170495242 -0.0557612181
v -0.159821734 -0.196295246 -0.0557612181
v -0.159605488 -0.170495242 -0.0557729416
v -0.159821734 -0.196295246 -0.0557612181
v -0.159605488 -0.196295246 -0.0557729416
v -0.159605488 -0.170495242 -0.0557729416
v -0.192805499 -0.170495242 -0.0893764421
v -0.192805499 -0.196295246 -0.0893764421
v -0.192805499 -0.170495242 -0.0918206125
v -0.192805499 -0.196295246 -0.0893764421
v -0.192805499 -0.196295246 -0.0918206125
v -0.192805499 -0.170495242 -0.0918206125
v -0.192805499 -0.170495242 -0.0918206125
v -0.192805499 -0.196295246 -0.0918206125
v -0.192805499 -0.170495242 -0.0922048688
v -0.192805499 -0.196295246 -0.0918206125
v -0.192805499 -0.196295246 -0.0922048688
v -0.192805499 -0.170495242 -0.0922048688
v -0.189605489 -0.170495242 -0.0557729416
v -0.189605489 -0.196295246 -0.0557729416
v -0.189389259 -0.170495242 -0.0557612181
v -0.189605489 -0.196295246 -0.0557729416
v -0.189389259 -0.196295246 -0.0557612181
v -0.189389259 -0.170495242 -0.0557612181
v -0.189389259 -0.170495242 -0.0557612181
v -0.189389259 -0.196295246 -0.0557612181
v -0.189175546 -0.170495242 -0.0557261854
v -0.189389259 -0.196295246 -0.0557612181
v -0.189175546 -0.196295246 -0.0557261854
v -0.189175546 -0.170495242 -0.0557261854
v -0.189175546 -0.170495242 -0.0557261854
v -0.189175546 -0.196295246 -0.0557261854
v -0.188966885 -0.170495242 -0.0556682497
v -0.189175546 -0.196295246 -0.0557261854
v -0.188966885 -0.196295246 -0.0556682497
v -0.188966885 -0.170495242 -0.0556682497
v -0.188966885 -0.170495242 -0.0556682497
v -0.188966885 -0.196295246 -0.0556682497
v -0.18876572 -0.170495242 -0.0555880927
v -0.188966885 -0.196295246 -0.0556682497
v -0.18876572 -0.196295246 -0.0555880927
v -0.18876572 -0.170495242 -0.0555880927
v -0.18876572 -0.170495242 -0.0555880927
v -0.18876572 -0.196295246 -0.0555880927
v -0.188574389 -0.170495242 -0.0554866567
v -0.18876572 -0.196295246 -0.0555880927
v -0.188574389 -0.196295246 -0.0554866567
v -0.188574389 -0.170495242 -0.0554866567
v -0.188574389 -0.170495242 -0.0554866567
v -0.188574389 -0.196295246 -0.0554866567
v -0.188395143 -0.170495242 -0.0553651303
v -0.188574389 -0.196295246 -0.0554866567
v -0.188395143 -0.196295246 -0.0553651303
v -0.188395143 -0.170495242 -0.0553651303
v -0.188395143 -0.170495242 -0.0553651303
v -0.188395143 -0.196295246 -0.0553651303
v -0.188230097 -0.170495242 -0.0552249327
v -0.188395143 -0.196295246 -0.0553651303
v -0.188230097 -0.196295246 -0.0552249327
v -0.188230097 -0.170495242 -0.0552249327
v -0.188230097 -0.170495242 -0.0552249327
v -0.188230097 -0.196295246 -0.0552249327
v -0.18808116 -0.170495242 -0.0550677143
v -0.188230097 -0.196295246 -0.0552249327
v -0.18808116 -0.196295246 -0.0550677143
v -0.18808116 -0.170495242 -0.0550677143
v -0.18808116 -0.170495242 -0.0550677143
v -0.18808116 -0.196295246 -0.0550677143
v -0.187950119 -0.170495242 -0.0548953153
v -0.18808116 -0.196295246 -0.0550677143
v -0.187950119 -0.196295246 -0.0548953153
v -0.187950119 -0.170495242 -0.0548953153
v -0.187950119 -0.170495242 -0.0548953153
v -0.187950119 -0.196295246 -0.0548953153
v -0.187838465 -0.170495242 -0.0547097586
v -0.187950119 -0.196295246 -0.0548953153
v -0.187838465 -0.196295246 -0.0547097586
v -0.187838465 -0.170495242 -0.0547097586
v -0.187838465 -0.170495242 -0.0547097586
v -0.187838465 -0.196295246 -0.0547097586
v -0.187747538 -0.170495242 -0.0545132197
v -0.187838465 -0.196295246 -0.0547097586
v -0.187747538 -0.196295246 -0.0545132197
v -0.187747538 -0.170495242 -0.0545132197
v -0.187747538 -0.170495242 -0.0545132197
v -0.187747538 -0.196295246 -0.0545132197
v -0.187678397 -0.170495242 -0.054308001
v -0.187747538 -0.196295246 -0.0545132197
v -0.187678397 -0.196295246 -0.054308001
v -0.187678397 -0.170495242 -0.054308001
v -0.187678397 -0.170495242 -0.054308001
v -0.187678397 -0.196295246 -0.054308001
v -0.187631845 -0.170495242 -0.0540965088
v -0.187678397 -0.196295246 -0.054308001
v -0.187631845 -0.196295246 -0.0540965088
v -0.187631845 -0.170495242 -0.0540965088
v -0.187631845 -0.170495242 -0.0540965088
v -0.187631845 -0.196295246 -0.0540965088
v -0.187608421 -0.170495242 -0.0538812205
v -0.187631845 -0.196295246 -0.0540965088
v -0.187608421 -0.196295246 -0.0538812205
v -0.187608421 -0.170495242 -0.0538812205
v -0.187608421 -0.170495242 -0.0538812205
v -0.187608421 -0.196295246 -0.0538812205
v -0.187608421 -0.170495242 -0.0536646657
v -0.187608421 -0.196295246 -0.0538812205
v -0.187608421 -0.196295246 -0.0536646657
v -0.187608421 -0.170495242 -0.0536646657
v -0.187608421 -0.170495242 -0.0536646657
v -0.187608421 -0.196295246 -0.0536646657
v -0.187631845 -0.170495242 -0.0534493774
v -0.187608421 -0.196295246 -0.0536646657
v -0.187631845 -0.196295246 -0.0534493774
v -0.187631845 -0.170495242 -0.0534493774
v -0.187631845 -0.170495242 -0.0534493774
v -0.187631845 -0.196295246 -0.0534493774
v -0.187678397 -0.170495242 -0.0532378852
v -0.187631845 -0.196295246 -0.0534493774
v -0.187678397 -0.196295246 -0.0532378852
v -0.187678397 -0.170495242 -0.0532378852
v -0.187678397 -0.170495242 -0.0532378852
v -0.187678397 -0.196295246 -0.0532378852
v -0.187747538 -0.170495242 -0.0530326664
v -0.187678397 -0.196295246 -0.0532378852
v -0.187747538 -0.196295246 -0.0530326664
v -0.187747538 -0.170495242 -0.0530326664
v -0.187747538 -0.170495242 -0.0530326664
v -0.187747538 -0.196295246 -0.0530326664
v -0.187838465 -0.170495242 -0.0528361276
v -0.187747538 -0.196295246 -0.0530326664
v -0.187838465 -0.196295246 -0.0528361276
v -0.187838465 -0.170495242 -0.0528361276
v -0.187838465 -0.170495242 -0.0528361276
v -0.187838465 -0.196295246 -0.0528361276
v -0.187950119 -0.170495242 -0.0526505671
v -0.187838465 -0.196295246 -0.0528361276
v -0.187950119 -0.196295246 -0.0526505671
v -0.187950119 -0.170495242 -0.0526505671
v -0.187950119 -0.170495242 -0.0526505671
v -0.187950119 -0.196295246 -0.0526505671
v -0.18808116 -0.170495242 -0.0524781719
v -0.187950119 -0.196295246 -0.0526505671
v -0.18808116 -0.196295246 -0.0524781719
v -0.18808116 -0.170495242 -0.0524781719
v -0.18808116 -0.170495242 -0.0524781719
v -0.18808116 -0.196295246 -0.0524781719
v -0.188230097 -0.170495242 -0.0523209535
v -0.18808116 -0.196295246 -0.0524781719
v -0.188230097 -0.196295246 -0.0523209535
v -0.188230097 -0.170495242 -0.0523209535
v -0.188230097 -0.170495242 -0.0523209535
v -0.188230097 -0.196295246 -0.0523209535
v -0.188395143 -0.170495242 -0.0521807559
v -0.188230097 -0.196295246 -0.0523209535
v -0.188395143 -0.196295246 -0.0521807559
v -0.188395143 -0.170495242 -0.0521807559
v -0.188395143 -0.170495242 -0.0521807559
v -0.188395143 -0.196295246 -0.0521807559
v -0.188574389 -0.170495242 -0.0520592295
v -0.188395143 -0.196295246 -0.0521807559
v -0.188574389 -0.196295246 -0.0520592295
v -0.188574389 -0.170495242 -0.0520592295
v -0.188574389 -0.170495242 -0.0520592295
v -0.188574389 -0.196295246 -0.0520592295
v -0.18876572 -0.170495242 -0.0519577935
v -0.188574389 -0.196295246 -0.0520592295
v -0.18876572 -0.196295246 -0.0519577935
v -0.18876572 -0.170495242 -0.0519577935
v -0.18876572 -0.170495242 -0.0519577935
v -0.18876572 -0.196295246 -0.0519577935
v -0.188966885 -0.170495242 -0.0518776365
v -0.18876572 -0.196295246 -0.0519577935
v -0.188966885 -0.196295246 -0.0518776365
v -0.188966885 -0.170495242 -0.0518776365
v -0.188966885 -0.170495242 -0.0518776365
v -0.188966885 -0.196295246 -0.0518776365
v -0.189175546 -0.170495242 -0.0518197007
v -0.188966885 -0.196295246 -0.0518776365
v -0.189175546 -0.196295246 -0.0518197007
v -0.189175546 -0.170495242 -0.0518197007
v -0.189175546 -0.170495242 -0.0518197007
v -0.189175546 -0.196295246 -0.0518197007
v -0.189389259 -0.170495242 -0.0517846681
v -0.189175546 -0.196295246 -0.0518197007
v -0.189389259 -0.196295246 -0.0517846681
v -0.189389259 -0.170495242 -0.0517846681
v -0.189389259 -0.170495242 -0.0517846681
v -0.189389259 -0.196295246 -0.0517846681
v -0.189605489 -0.170495242 -0.0517729446
v -0.189389259 -0.196295246 -0.0517846681
v -0.189605489 -0.196295246 -0.0517729446
v -0.189605489 -0.170495242 -0.0517729446
v -0.189605489 -0.170495242 -0.0517729446
v -0.189605489 -0.196295246 -0.0517729446
v -0.189821735 -0.170495242 -0.0517846681
v -0.189605489 -0.196295246 -0.0517729446
v -0.189821735 -0.196295246 -0.0517846681
v -0.189821735 -0.170495242 -0.0517846681
v -0.189821735 -0.170495242 -0.0517846681
v -0.189821735 -0.196295246 -0.0517846681
v -0.190035433 -0.170495242 -0.0518197007
v -0.189821735 -0.196295246 -0.0517846681
v -0.190035433 -0.196295246 -0.0518197007
v -0.190035433 -0.170495242 -0.0518197007
v -0.190035433 -0.170495242 -0.0518197007
v -0.190035433 -0.196295246 -0.0518197007
v -0.190244094 -0.170495242 -0.0518776365
v -0.190035433 -0.196295246 -0.0518197007
v -0.190244094 -0.196295246 -0.0518776365
v -0.190244094 -0.170495242 -0.0518776365
v -0.190244094 -0.170495242 -0.0518776365
v -0.190244094 -0.196295246 -0.0518776365
v -0.190445274 -0.170495242 -0.0519577935
v -0.190244094 -0.196295246 -0.0518776365
v -0.190445274 -0.196295246 -0.0519577935
v -0.190445274 -0.170495242 -0.0519577935
v -0.190445274 -0.170495242 -0.0519577935
v -0.190445274 -0.196295246 -0.0519577935
v -0.190636605 -0.170495242 -0.0520592295
v -0.190445274 -0.196295246 -0.0519577935
v -0.190636605 -0.196295246 -0.0520592295
v -0.190636605 -0.170495242 -0.0520592295
v -0.190636605 -0.170495242 -0.0520592295
v -0.190636605 -0.196295246 -0.0520592295
v -0.190815836 -0.170495242 -0.0521807559
v -0.190636605 -0.196295246 -0.0520592295
v -0.190815836 -0.196295246 -0.0521807559
v -0.190815836 -0.170495242 -0.0521807559
v -0.190815836 -0.170495242 -0.0521807559
v -0.190815836 -0.196295246 -0.0521807559
v -0.190980896 -0.170495242 -0.0523209535
v -0.190815836 -0.196295246 -0.0521807559
v -0.190980896 -0.196295246 -0.0523209535
v -0.190980896 -0.170495242 -0.0523209535
v -0.190980896 -0.170495242 -0.0523209535
v -0.190980896 -0.196295246 -0.0523209535
v -0.191129819 -0.170495242 -0.0524781719
v -0.190980896 -0.196295246 -0.0523209535
v -0.191129819 -0.196295246 -0.0524781719
v -0.191129819 -0.170495242 -0.0524781719
v -0.191129819 -0.170495242 -0.0524781719
v -0.191129819 -0.196295246 -0.0524781719
v -0.191260874 -0.170495242 -0.0526505671
v -0.191129819 -0.196295246 -0.0524781719
v -0.191260874 -0.196295246 -0.0526505671
v -0.191260874 -0.170495242 -0.0526505671
v -0.191260874 -0.170495242 -0.0526505671
v -0.191260874 -0.196295246 -0.0526505671
v -0.191372514 -0.170495242 -0.0528361276
v -0.191260874 -0.196295246 -0.0526505671
v -0.191372514 -0.196295246 -0.0528361276
v -0.191372514 -0.170495242 -0.0528361276
v -0.191372514 -0.170495242 -0.0528361276
v -0.191372514 -0.196295246 -0.0528361276
v -0.191463441 -0.170495242 -0.0530326664
v -0.191372514 -0.196295246 -0.0528361276
v -0.191463441 -0.196295246 -0.0530326664
v -0.191463441 -0.170495242 -0.0530326664
v -0.191463441 -0.170495242 -0.0530326664
v -0.191463441 -0.196295246 -0.0530326664
v -0.191532597 -0.170495242 -0.0532378852
v -0.191463441 -0.196295246 -0.0530326664
v -0.191532597 -0.196295246 -0.0532378852
v -0.191532597 -0.170495242 -0.0532378852
v -0.191532597 -0.170495242 -0.0532378852
v -0.191532597 -0.196295246 -0.0532378852
v -0.191579148 -0.170495242 -0.0534493774
v -0.191532597 -0.196295246 -0.0532378852
v -0.191579148 -0.196295246 -0.0534493774
v -0.191579148 -0.170495242 -0.0534493774
v -0.191579148 -0.170495242 -0.0534493774
v -0.191579148 -0.196295246 -0.0534493774
v -0.191602558 -0.170495242 -0.0536646657
v -0.191579148 -0.196295246 -0.0534493774
v -0.191602558 -0.196295246 -0.0536646657
v -0.191602558 -0.170495242 -0.0536646657
v -0.191602558 -0.170495242 -0.0536646657
v -0.191602558 -0.196295246 -0.0536646657
v -0.191602558 -0.170495242 -0.0538812205
v -0.191602558 -0.196295246 -0.0536646657
v -0.191602558 -0.196295246 -0.0538812205
v -0.191602558 -0.170495242 -0.0538812205
v -0.191602558 -0.170495242 -0.0538812205
v -0.191602558 -0.196295246 -0.0538812205
v -0.191579148 -0.170495242 -0.0540965088
v -0.191602558 -0.196295246 -0.0538812205
v -0.191579148 -0.196295246 -0.0540965088
v -0.191579148 -0.170495242 -0.0540965088
v -0.191579148 -0.170495242 -0.0540965088
v -0.191579148 -0.196295246 -0.0540965088
v -0.191532597 -0.170495242 -0.054308001
v -0.191579148 -0.196295246 -0.0540965088
v -0.191532597 -0.196295246 -0.054308001
v -0.191532597 -0.170495242 -0.054308001
v -0.191532597 -0.170495242 -0.054308001
v -0.191532597 -0.196295246 -0.054308001
v -0.191463441 -0.170495242 -0.0545132197
v -0.191532597 -0.196295246 -0.054308001
v -0.191463441 -0.196295246 -0.0545132197
v -0.191463441 -0.170495242 -0.0545132197
v -0.191463441 -0.170495242 -0.0545132197
v -0.191463441 -0.196295246 -0.0545132197
v -0.191372514 -0.170495242 -0.0547097586
v -0.191463441 -0.196295246 -0.0545132197
v -0.191372514 -0.196295246 -0.0547097586
v -0.191372514 -0.170495242 -0.0547097586
v -0.191372514 -0.170495242 -0.0547097586
v -0.191372514 -0.196295246 -0.0547097586
v -0.191260874 -0.170495242 -0.0548953153
v -0.191372514 -0.196295246 -0.0547097586
v -0.191260874 -0.196295246 -0.0548953153
v -0.191260874 -0.170495242 -0.0548953153
v -0.191260874 -0.170495242 -0.0548953153
v -0.191260874 -0.196295246 -0.0548953153
v -0.191129819 -0.170495242 -0.0550677143
v -0.191260874 -0.196295246 -0.0548953153
v -0.191129819 -0.196295246 -0.0550677143
v -0.191129819 -0.170495242 -0.0550677143
v -0.191129819 -0.170495242 -0.0550677143
v -0.191129819 -0.196295246 -0.0550677143
v -0.190980896 -0.170495242 -0.0552249327
v -0.191129819 -0.196295246 -0.0550677143
v -0.190980896 -0.196295246 -0.0552249327
v -0.190980896 -0.170495242 -0.0552249327
v -0.190980896 -0.170495242 -0.0552249327
v -0.190980896 -0.196295246 -0.0552249327
v -0.190815836 -0.170495242 -0.0553651303
v -0.190980896 -0.196295246 -0.0552249327
v -0.190815836 -0.196295246 -0.0553651303
v -0.190815836 -0.170495242 -0.0553651303
v -0.190815836 -0.170495242 -0.0553651303
v -0.190815836 -0.196295246 -0.0553651303
v -0.190636605 -0.170495242 -0.0554866567
v -0.190815836 -0.196295246 -0.0553651303
v -0.190636605 -0.196295246 -0.0554866567
v -0.190636605 -0.170495242 -0.0554866567
v -0.190636605 -0.170495242 -0.0554866567
v -0.190636605 -0.196295246 -0.0554866567
v -0.190445274 -0.170495242 -0.0555880927
v -0.190636605 -0.196295246 -0.0554866567
v -0.190445274 -0.196295246 -0.0555880927
v -0.190445274 -0.170495242 -0.0555880927
v -0.190445274 -0.170495242 -0.0555880927
v -0.190445274 -0.196295246 -0.0555880927
v -0.190244094 -0.170495242 -0.0556682497
v -0.190445274 -0.196295246 -0.0555880927
v -0.190244094 -0.196295246 -0.0556682497
v -0.190244094 -0.170495242 -0.0556682497
v -0.190244094 -0.170495242 -0.0556682497
v -0.190244094 -0.196295246 -0.0556682497
v -0.190035433 -0.170495242 -0.0557261854
v -0.190244094 -0.196295246 -0.0556682497
v -0.190035433 -0.196295246 -0.0557261854
v -0.190035433 -0.170495242 -0.0557261854
v -0.190035433 -0.170495242 -0.0557261854
v -0.190035433 -0.196295246 -0.0557261854
v -0.189821735 -0.170495242 -0.0557612181
v -0.190035433 -0.196295246 -0.0557261854
v -0.189821735 -0.196295246 -0.0557612181
v -0.189821735 -0.170495242 -0.0557612181
v -0.189821735 -0.170495242 -0.0557612181
v -0.189821735 -0.196295246 -0.0557612181
v -0.189605489 -0.170495242 -0.0557729416
v -0.189821735 -0.196295246 -0.0557612181
v -0.189605489 -0.196295246 -0.0557729416
v -0.189605489 -0.170495242 -0.0557729416
v -0.192805499 -0.196295246 -0.0945142433
v -0.192805499 -0.196295246 -0.0977096632
v -0.192805499 -0.170495242 -0.0945142433
v -0.192805499 -0.196295246 -0.0977096632
v -0.192805499 -0.170495242 -0.0977096632
v -0.192805499 -0.170495242 -0.0945142433
v -0.171631247 -0.170495242 -0.114565909
v -0.171631247 -0.196295246 -0.114565909
v -0.192805499 -0.170495242 -0.100130238
v -0.171631247 -0.196295246 -0.114565909
v -0.192805499 -0.196295246 -0.100130238
v -0.192805499 -0.170495242 -0.100130238

# 0 UV coordinates

# 729 vertex normals
vn -0.998307347 0.0581394881 -0.00151394075
vn -0.00120454188 0.00535634067 0.99998492
vn -0.00576288393 -0.0729839802 0.99731648
vn 0.00336123537 0.0836637914 0.996488392
vn -0.0795259848 0.00990133453 0.996783614
vn -0.234222993 0.0187808238 0.972001493
vn -0.0147453789 -0.227839395 0.973587096
vn -0.0233645979 -0.377081275 0.925885439
vn 0.0581467226 0.998294115 -0.00527724251
vn -0.994861722 0.0575063154 -0.0833259225
vn -0.96802479 0.0550899431 -0.244730622
vn -0.915265024 0.0511982888 -0.399585694
vn -0.837996244 0.0459356532 -0.54373914
vn -0.738292694 0.0394432805 -0.673326194
vn -0.618814707 0.0318944044 -0.784889221
vn -0.552643061 0.0277860779 -0.832954705
vn -0.481790513 0.0234317891 -0.875973105
vn -0.330638975 0.0142700495 -0.943649411
vn -0.170405149 0.00471654814 -0.985362768
vn -0.00546242809 -0.00496795122 -0.999972761
vn 0.159611925 -0.0145146949 -0.987073123
vn 0.32030043 -0.0236624423 -0.947020471
vn 0.472186834 -0.0321597606 -0.880911648
vn 0.611068726 -0.0397715606 -0.790577769
vn 0.733151197 -0.0462898538 -0.678488433
vn 0.835062325 -0.0515345894 -0.547736287
vn 0.91400212 -0.0553616695 -0.401914388
vn 0.967796385 -0.0576656982 -0.245040357
vn 0.994968891 -0.0583834164 -0.0814140588
vn 0.998307347 -0.0581394881 0.00151394075
vn -0.0581467226 -0.998294115 0.00527724251
vn 0.00120454188 -0.00535634067 -0.99998492
vn 0.0771240219 0.000778341549 0.997021198
vn 0.231879577 -0.00836408604 0.972708523
vn 0.0124029107 0.238256991 0.971122921
vn 0.0211388525 0.386977822 0.921846688
vn 0.994812965 -0.0583842918 -0.0832973719
vn 0.994608641 -0.0574757792 0.0863143429
vn 0.997458577 -0.0583144575 -0.0409369543
vn 0.997356296 -0.0578597002 0.0439625718
vn 0.984151483 -0.0582084395 -0.167504162
vn 0.941682935 -0.0566028319 -0.331706703
vn 0.983744323 -0.056398008 0.170488492
vn 0.940880358 -0.0530340187 0.334561646
vn 0.966398537 -0.0576131828 -0.250508606
vn 0.910181165 -0.0551845916 -0.410517842
vn 0.965791523 -0.05491383 0.253438801
vn 0.909187913 -0.0507719368 0.413278997
vn 0.87212342 -0.0533688329 -0.486366659
vn 0.870948493 -0.048144307 0.489010036
vn 0.82778126 -0.05116852 -0.558712721
vn 0.826433957 -0.0451697931 0.561218798
vn 0.777475119 -0.0485995412 -0.627033114
vn 0.775963843 -0.0418697558 0.629386246
vn 0.721568286 -0.0456804596 -0.690834641
vn 0.719901383 -0.0382679477 0.693020582
vn 0.660461247 -0.0424321778 -0.749660254
vn 0.658649743 -0.0343902782 0.751663387
vn 0.594596446 -0.0388782248 -0.803083777
vn 0.592655957 -0.0302650481 0.804886878
vn 0.524443328 -0.0350439176 -0.850723863
vn 0.522395909 -0.0259219892 0.852308929
vn 0.45051387 -0.0309572425 -0.892232537
vn 0.448367119 -0.0213918611 0.89359349
vn 0.373341322 -0.0266476795 -0.927311242
vn 0.371105969 -0.016707493 0.928440213
vn 0.293481112 -0.0221462492 -0.955708325
vn 0.29117763 -0.0119031463 0.956594944
vn 0.211501613 -0.0174849872 -0.977221251
vn 0.209146604 -0.00701275235 0.977859139
vn 0.128000662 -0.0126978839 -0.991692781
vn 0.125605702 -0.00207165699 0.992078066
vn 0.043576356 -0.00781922974 -0.999019504
vn 0.0411639735 0.00288411742 0.99914825
vn -0.041169446 -0.00288379751 -0.999148011
vn -0.0435708873 0.00781891216 0.999019742
vn -0.125611097 0.0020719748 -0.99207741
vn -0.127995268 0.0126975728 0.991693497
vn -0.209146038 0.00701271882 -0.977859259
vn -0.211501047 0.0174849536 0.97722137
vn -0.291176856 0.0119031006 -0.956595182
vn -0.293480337 0.0221462045 0.955708563
vn -0.371105969 0.016707493 -0.928440213
vn -0.373341322 0.0266476795 0.927311242
vn -0.448362738 0.0213915948 -0.893595695
vn -0.45051825 0.0309574846 0.892230332
vn -0.522391915 0.0259217452 -0.852311373
vn -0.524447322 0.0350441374 0.850721419
vn -0.592660844 0.0302653499 -0.804883301
vn -0.594594181 0.0388781019 0.803085446
vn -0.65865314 0.0343904942 -0.751660407
vn -0.660458505 0.0424320325 0.749662638
vn -0.719900012 0.0382678621 -0.693022013
vn -0.721566975 0.0456803888 0.690836072
vn -0.775961339 0.0418695919 -0.629389346
vn -0.777476907 0.0485996343 0.627030849
vn -0.826432228 0.0451696813 -0.561221361
vn -0.827782989 0.0511686057 0.558710217
vn -0.870949686 0.0481443852 -0.48900795
vn -0.872124553 0.0533688888 0.486364573
vn -0.90918988 0.0507720746 -0.413274646
vn -0.910181284 0.055184599 0.410517633
vn -0.940880358 0.0530340187 -0.334561646
vn -0.941682935 0.0566028319 0.331706703
vn -0.965791523 0.05491383 -0.253438801
vn -0.966398537 0.0576131828 0.250508606
vn -0.983743906 0.056397967 -0.170491159
vn -0.984151006 0.0582084283 0.167506829
vn -0.994608998 0.0574758202 -0.08631026
vn -0.994813323 0.0583842881 0.0832932815
vn -0.997356892 0.0578598119 -0.0439484157
vn -0.997459114 0.0583144203 0.0409237295
vn -0.99844408 0.0557420067 -0.00150126347
vn -0.522641599 0.034944851 0.851836026
vn 0.0293545611 0.526174664 0.849869728
vn -0.38314712 0.0271975528 0.923286855
vn -0.0314086936 -0.517041504 0.855383873
vn -0.649265468 0.0418316126 0.75941062
vn 0.0368473828 0.652413964 0.756966531
vn -0.0386792049 -0.644266963 0.763821959
vn -0.759900451 0.047688242 0.648287833
vn 0.0434327275 0.762585819 0.645427346
vn -0.0449973643 -0.75562942 0.65345192
vn -0.830731332 0.0513170399 0.554303169
vn 0.0476781316 0.833028793 0.551171303
vn 0.0476190113 0.854062498 0.517986119
vn -0.0490164384 -0.827075362 0.559949815
vn -0.871607304 0.0533436723 0.48729375
vn 0.0501442924 0.873626053 0.484007269
vn 0.0523011908 0.908835411 0.413863212
vn 0.0518873222 0.924432218 0.377799958
vn 0.0541358776 0.938445389 0.341159075
vn 0.0556366034 0.962266505 0.266360164
vn -0.0539003983 -0.86760211 0.494329125
vn -0.907110751 0.0550414845 0.417277545
vn -0.937020838 0.0563999116 0.344689786
vn -0.053309951 -0.904353499 0.423441678
vn -0.0502075367 -0.848385811 0.526992083
vn -0.0576611683 -0.934247911 0.351931781
vn -0.961152256 0.0574105494 0.269982159
vn -0.979360104 0.0580673255 0.193602562
vn -0.0562904216 -0.959356546 0.276525676
vn -0.0541816354 -0.920255721 0.387548417
vn 0.0567944534 0.980157137 0.189911574
vn 0.0576020889 0.992003858 0.112295911
vn 0.0564544909 0.995718658 0.0731934234
vn 0.0580546148 0.997734845 0.0339823142
vn -0.0600428246 -0.977793813 0.20078367
vn -0.991528988 0.0583660603 0.116033129
vn -0.997585118 0.0583049431 0.0377427153
vn -0.0578852259 -0.990744233 0.122781135
vn -0.0568212979 -0.969460368 0.238574788
vn -0.0609794855 -0.997140348 0.0446393378
vn -0.0573155954 -0.997215211 0.0477150939
vn -0.0581055135 -0.995929658 0.0689048022
vn -0.0575227551 -0.990888655 -0.121781938
vn -0.0581080541 -0.998182893 -0.0159494504
vn -0.0570953935 -0.974758983 0.21583578
vn -0.0544028655 -0.924309671 0.377745867
vn -0.0552452169 -0.956103623 -0.287773937
vn -0.0501451828 -0.847268224 0.528792918
vn -0.0513784587 -0.893814683 -0.445483565
vn -0.0444449075 -0.745852232 0.664627016
vn -0.0460335463 -0.805810809 -0.590381086
vn -0.0374661796 -0.622982144 0.781338274
vn -0.0393643454 -0.694625497 -0.718293726
vn -0.0294093676 -0.482185483 0.875575364
vn -0.0315627456 -0.563457668 -0.825541794
vn -0.0205066875 -0.327520519 0.944621503
vn -0.0228530914 -0.416079402 -0.909041047
vn -0.0110141272 -0.163434401 0.986492693
vn -0.0134859905 -0.256731153 -0.966388762
vn -0.00373097532 -0.0899981484 -0.995934963
vn 0.00863966998 0.17399253 0.984709084
vn 0.00613136683 0.0793238282 -0.996830046
vn 0.0182352159 0.337621272 0.941105366
vn 0.0158173796 0.246364817 -0.969048083
vn 0.0273062009 0.491537809 0.870428026
vn 0.0250483174 0.406317681 -0.913388491
vn 0.0355919078 0.631318331 0.774706662
vn 0.0335586928 0.554582119 -0.831452012
vn 0.0428532846 0.752929866 0.656704068
vn 0.0411036797 0.686892748 -0.725595474
vn 0.0488820821 0.852885008 0.519805491
vn 0.047465995 0.79943943 -0.598868608
vn 0.0535045676 0.928303003 0.36795482
vn 0.0524629727 0.888990641 -0.454910129
vn 0.0565878488 0.977015913 0.205518186
vn 0.0559506938 0.952967465 -0.297863275
vn 0.0579522178 0.996611595 0.0583680682
vn 0.0572134927 0.997669876 0.0371676087
vn 0.0581591874 0.997955799 -0.0264905952
vn 0.0578287542 0.989527941 -0.132250935
vn -0.0573154911 -0.997215331 0.0477123559
vn -0.0575227775 -0.990888953 -0.121779241
vn -0.058108028 -0.998182714 -0.0159604158
vn -0.0570954531 -0.974760115 0.215830535
vn -0.0544027574 -0.924307764 0.377750576
vn -0.0501451157 -0.847267032 0.528794944
vn -0.0513785258 -0.893815756 -0.44548136
vn -0.044444982 -0.745853603 0.664625466
vn -0.0460333899 -0.805808246 -0.590384662
vn -0.0374662578 -0.622983456 0.781337202
vn -0.0393645912 -0.69462955 -0.718289793
vn -0.0315626711 -0.563456416 -0.825542629
vn -0.0228531528 -0.416080415 -0.90904063
vn -0.0110141011 -0.163433939 0.986492813
vn -0.0134859122 -0.256729841 -0.96638912
vn 0.00613138033 0.0793240592 -0.996830046
vn 0.0158173405 0.246364146 -0.969048262
vn 0.025048377 0.406318724 -0.913388014
vn 0.0335587673 0.554583371 -0.831451178
vn 0.0428532027 0.752928495 0.656705618
vn 0.0411035232 0.686890006 -0.725598097
vn 0.0488821566 0.8528862 0.519803464
vn 0.0474660695 0.799440742 -0.59886688
vn 0.053504508 0.928302109 0.367957205
vn 0.0559506528 0.95296669 -0.297865778
vn 0.0579521991 0.996611416 0.0583717115
vn 0.0572132505 0.997669995 0.0371648669
vn 0.0581591874 0.997955203 -0.0265125204
vn 0.0578287691 0.989528298 -0.132248238
vn 0.0548563227 0.972041905 0.228309572
vn -0.0580619723 -0.994796216 0.083721526
vn 0.0489489511 0.853985846 0.517988622
vn 0.0532596 0.924353182 0.377802402
vn 0.0562589057 0.9719612 0.228311926
vn 0.0578729734 0.995637059 0.0731956512
vn -0.0581454523 -0.99716723 0.0477138534
vn 0.0580432042 0.997621894 0.0371688791
vn -0.0581454523 -0.997167349 0.0477111153
vn 0.0580432154 0.997622013 0.0371661372
vn -0.056643486 -0.994877815 0.0837235972
vn -0.0554184429 -0.969541132 0.23857668
vn -0.0528094172 -0.920334756 0.387550145
vn -0.0488776565 -0.848462522 0.526993632
vn 0.997490704 -0.0578844361 0.0407643169
vn 0.0608846508 0.99756223 0.034097705
vn -0.0581491813 -0.997314155 0.044532612
vn 0.991245329 -0.0571068637 0.119043916
vn 0.978890121 -0.0559773855 0.196572259
vn 0.0595709234 0.979887962 0.190449089
vn -0.0572645217 -0.978068709 0.200255662
vn 0.960500419 -0.0545028225 0.272889048
vn 0.936185718 -0.0526919961 0.347534001
vn 0.0568252839 0.937963843 0.34204486
vn -0.054969769 -0.934738874 0.351057738
vn 0.906100631 -0.0505564213 0.420030564
vn 0.87043184 -0.048109334 0.489932567
vn 0.0527208932 0.872851849 0.485128969
vn -0.0513212271 -0.868388236 0.493222028
vn 0.82939297 -0.0453653932 0.55682075
vn 0.758335888 -0.0407309048 0.650590241
vn 0.647430658 -0.0336854495 0.76137954
vn 0.520590127 -0.0258109551 0.853416502
vn 0.380922109 -0.0173003636 0.924445271
vn 0.994813442 -0.0583842881 -0.083291918
vn 0.994609118 -0.0574758351 0.0863088965
vn 0.994813383 -0.0583842881 -0.0832923874
vn 0.994609177 -0.0574758388 0.0863084346
vn 0.997458994 -0.0583144277 -0.040926002
vn 0.997356772 -0.0578597859 0.0439516194
vn 0.997458994 -0.0583144277 -0.0409269333
vn 0.997356772 -0.0578597896 0.0439511538
vn 0.941681206 -0.0566027574 -0.33171159
vn 0.940878689 -0.0530338921 0.334566504
vn 0.966398895 -0.0576131977 -0.250507265
vn 0.910180271 -0.0551845506 -0.410519898
vn 0.965791166 -0.0549138039 0.253440142
vn 0.90918982 -0.0507720672 0.413274884
vn 0.872125745 -0.0533689484 -0.486362487
vn 0.872127056 -0.0533690117 -0.486360133
vn 0.870950818 -0.0481444634 0.489005864
vn 0.870952129 -0.0481445529 0.489003539
vn 0.827782989 -0.0511686057 -0.558710217
vn 0.826430559 -0.0451695658 0.561223924
vn 0.777472079 -0.0485993847 -0.62703687
vn 0.777469933 -0.048599273 -0.627039552
vn 0.775960803 -0.0418695584 0.629390001
vn 0.775956452 -0.041869279 0.629395366
vn 0.721565604 -0.0456803143 -0.690837502
vn 0.719898641 -0.0382677726 0.693023443
vn 0.660461605 -0.0424321964 -0.749659956
vn 0.658650041 -0.0343903005 0.751663089
vn 0.65865314 -0.0343904942 0.751660407
vn 0.594592869 -0.0388780311 -0.8030864
vn 0.592663109 -0.0302654896 0.804881632
vn 0.524448216 -0.0350441895 -0.850720823
vn 0.524456203 -0.0350446254 -0.850715935
vn 0.522400796 -0.025922291 0.852305949
vn 0.522396863 -0.0259220451 0.852308393
vn 0.450516075 -0.0309573654 -0.892231405
vn 0.448369324 -0.0213919953 0.893592358
vn 0.448364943 -0.0213917289 0.893594563
vn 0.373342276 -0.0266477317 -0.927310884
vn 0.371106923 -0.0167075507 0.928439856
vn 0.293486118 -0.0221465323 -0.955706775
vn 0.291172624 -0.0119028464 0.956596494
vn 0.211498797 -0.0174848251 -0.977221847
vn 0.211493552 -0.0174845271 -0.977222979
vn 0.209143773 -0.00701258471 0.977859735
vn 0.209149018 -0.00701289577 0.977858663
vn 0.127999619 -0.0126978243 -0.991692901
vn 0.127994239 -0.0126975132 -0.991693616
vn 0.125604659 -0.00207159598 0.992078185
vn 0.125615448 -0.00207223138 0.992076874
vn 0.0435765907 -0.00781924278 -0.999019504
vn 0.0411642045 0.00288410392 0.99914825
vn 0.0411696769 0.00288378401 0.999148011
vn -0.0411696769 -0.00288378401 -0.999148011
vn -0.0435711183 0.00781892519 0.999019742
vn -0.0435765907 0.00781924278 0.999019504
vn -0.125610054 0.0020719138 -0.992077529
vn -0.125604659 0.00207159598 -0.992078185
vn -0.127994239 0.0126975132 0.991693616
vn -0.128005013 0.0126981344 0.991692245
vn -0.209140792 0.00701240776 -0.977860391
vn -0.211506292 0.0174852535 0.977220237
vn -0.29117763 0.0119031463 -0.956594944
vn -0.291182637 0.0119034462 -0.956593394
vn -0.293481112 0.0221462492 0.955708325
vn -0.293476105 0.0221459642 0.955709875
vn -0.371106923 0.0167075507 -0.928439856
vn -0.373342276 0.0266477317 0.927310884
vn -0.448364943 0.0213917289 -0.893594563
vn -0.450520456 0.0309576076 0.892229199
vn -0.450516075 0.0309573654 0.892231405
vn -0.522399902 0.0259222332 -0.852306485
vn -0.524443328 0.0350439176 0.850723863
vn -0.592659533 0.0302652698 -0.804884255
vn -0.592655957 0.0302650481 -0.804886878
vn -0.594592869 0.0388780311 0.8030864
vn -0.594599962 0.0388784148 0.803081155
vn -0.660461605 0.0424321964 0.749659956
vn -0.719898641 0.0382677726 -0.693023443
vn -0.721565604 0.0456803143 0.690837502
vn -0.775964022 0.041869767 -0.629386008
vn -0.775961816 0.0418696254 -0.62938869
vn -0.777479589 0.0485997722 0.627027512
vn -0.777475297 0.0485995486 0.627032936
vn -0.826437354 0.0451700166 -0.561213851
vn -0.826439083 0.0451701321 -0.561211288
vn -0.827788055 0.0511688627 0.558702648
vn -0.827784657 0.0511686876 0.558707774
vn -0.870946169 0.0481441468 -0.489014238
vn -0.87094748 0.0481442362 -0.489011884
vn -0.872121096 0.0533687212 0.486370862
vn -0.872122407 0.0533687845 0.486368507
vn -0.909188867 0.0507720001 -0.413276941
vn -0.909187913 0.0507719368 -0.413278997
vn -0.910180271 0.0551845506 0.410519898
vn -0.910182118 0.0551846363 0.410515785
vn -0.940878689 0.0530338921 -0.334566504
vn -0.941681206 0.0566027574 0.33171159
vn -0.965788841 0.0549136177 -0.253449082
vn -0.965789199 0.0549136475 -0.253447741
vn -0.966395915 0.0576130822 0.250518918
vn -0.966395557 0.0576130711 0.250520259
vn -0.983744323 0.056398008 -0.170488492
vn -0.984151483 0.0582084395 0.167504162
vn -0.994609118 0.0574758351 -0.0863088965
vn -0.994813442 0.0583842881 0.083291918
vn -0.994609058 0.0574758314 -0.0863093585
vn -0.994813442 0.0583842881 0.0832914561
vn -0.997356772 0.0578597896 -0.0439511538
vn -0.997458994 0.0583144277 0.0409264676
vn -0.997356713 0.0578597821 -0.0439520851
vn -0.997458994 0.0583144277 0.040926002
vn -0.99844408 0.055741854 -0.00150126265
vn -0.994233489 0 -0.107237063
vn -0.948498011 -0 -0.316783041
vn -0.859127283 -0 -0.511761963
vn -0.730240464 -0 -0.683190227
vn -0.567788363 -0 -0.823174536
vn -0.379169494 -0 -0.925327241
vn -0.173135892 -0 -0.984897971
vn 0.0408870317 0 -0.999163747
vn 0.252999038 0 -0.967466533
vn 0.453474611 0 -0.891269207
vn 0.633103967 0 -0.774066746
vn 0.783598125 0 -0.621268034
vn -0.99862951 0 0.0523359589
vn -0.987688363 0 0.156434447
vn -0.965925813 0 0.258819044
vn -0.933580458 0 0.35836792
vn -0.89100647 0 0.453990579
vn -0.838670611 0 0.544638991
vn -0.777145982 0 0.629320383
vn -0.707106769 0 0.707106769
vn -0.629320383 0 0.777145982
vn -0.544638991 0 0.838670611
vn -0.453990579 0 0.89100647
vn -0.35836792 0 0.933580458
vn -0.258819044 0 0.965925813
vn -0.156434447 0 0.987688363
vn -0.0523359589 0 0.99862951
vn 0.99999088 0 0.00426633656
vn 0.993699789 0 0.112074688
vn 0.975820839 0 0.218571931
vn 0.946567535 0 0.322505742
vn 0.906269789 0 0.422699749
vn 0.855410039 0 0.517951369
vn 0.794575214 0 0.607165694
vn 0.724477351 0 0.68929857
vn 0.645920634 0 0.763404548
vn 0.559848607 0 0.828594923
vn 0.467236489 0 0.884132385
vn 0.369179189 0 0.929358244
vn 0.266816258 0 0.963747442
vn 0.161346674 0 0.986897767
vn 0.0539917871 0 0.998541355
vn 0.993077815 0 -0.117458284
vn 0.999923646 0 -0.0123566724
vn 0.995677769 0 0.0928753689
vn 0.980389774 0 0.197068363
vn 0.954223275 0 0.299095273
vn 0.917475581 0 0.397792071
vn 0.87055403 0 0.492072791
vn 0.813975573 0 0.58089906
vn 0.748361588 0 0.663290977
vn 0.674456656 0 0.73831445
vn 0.593057871 0 0.805159867
vn 0.23260498 0 -0.972571313
vn 0.333605736 0 -0.942712665
vn 0.430892169 0 -0.902403414
vn 0.523421645 0 -0.852073789
vn 0.610127211 0 -0.792303503
vn 0.690075219 0 -0.723737657
vn 0.762359798 0 -0.647153378
vn 0.826196432 0 -0.563382208
vn 0.880861521 0 -0.473374039
vn 0.925768256 0 -0.378091484
vn 0.960396528 0 -0.278636903
vn 1 0 0
vn 0.233923674 0 -0.972254992
vn 0.337407678 0 -0.941358626
vn 0.436969668 0 -0.89947623
vn 0.531428695 0 -0.847103059
vn 0.619694591 0 -0.784843028
vn 0.700721562 0 -0.713434875
vn 0.773576379 0 -0.633703113
vn 0.837414742 0 -0.546568036
vn 0.891474843 0 -0.453070164
vn 0.935141146 0 -0.354275316
vn 0.967894912 0 -0.251355231
vn 0.989357889 0 -0.145502329
vn 0.999279499 0 -0.0379536115
vn 0.997543931 0 0.0700439885
vn 0.984171271 0 0.177220076
vn 0.959316254 0 0.282333642
vn 0.923273563 0 0.384143174
vn 0.876454055 0 0.481485456
vn 0.819415331 0 0.573200285
vn 0.752813816 0 0.658233523
vn 0.677433014 0 0.735584438
vn 0.594152093 0 0.804352701
vn 0.911421955 0 -0.411473006
vn 0.887176871 0 -0.461429536
vn 0.860196173 0 -0.509963274
vn 0.97261095 0 -0.23243919
vn 0.970766008 0 -0.240027875
vn 0.969914138 0 -0.243447289
vn 0.968236327 0 -0.250036746
vn 0.963219583 0 -0.26871562
vn 0.95544368 0 -0.295173466
vn 0.949765086 0 -0.312963754
vn 0.947288513 0 -0.320381731
vn 0.944336951 0 -0.328979909
vn 0.938526809 0 -0.34520632
vn 0.928580523 0 -0.371131003
vn -1 0 0
vn 0 0 1
vn -0.897112489 0 0.441802174
vn 0.848103642 0 0.529830396
vn -0.848103583 -0 -0.529830515
vn -0.912207663 0 0.409728229
vn 0.811252713 0 0.584695697
vn -0.811252654 -0 -0.584695756
vn -0.92394048 0 0.382536322
vn 0.770858109 0 0.637006938
vn -0.770858049 -0 -0.637006998
vn -0.934251428 0 0.356614977
vn 0.727096021 0 0.686535776
vn -0.727096021 -0 -0.686535776
vn -0.943336546 0 0.331837535
vn 0.680157959 0 0.733065546
vn 0.680158198 0 0.733065367
vn -0.680158079 -0 -0.733065486
vn -0.680158257 -0 -0.733065307
vn -0.680158138 -0 -0.733065426
vn -0.680157781 -0 -0.733065724
vn -0.95115447 0 0.308715343
vn 0.623470247 0 0.78184706
vn -0.623470247 -0 -0.78184706
vn -0.0541361198 0 0.998533547
vn -0.161790133 0 0.986825168
vn -0.267513454 0 0.963554144
vn -0.370147616 0 0.92897296
vn -0.468403757 0 0.883514524
vn -0.561197639 0 0.827681839
vn -0.647377729 0 0.762169302
vn -0.725993812 0 0.687701225
vn -0.796098232 0 0.605167449
vn -0.856854737 0 0.515557885
vn -0.907571793 0 0.419896901
vn -0.947656512 0 0.319291562
vn -0.976622224 0 0.214962855
vn -0.994136155 0 0.10813532
vn -0.994136393 -0 -0.108133473
vn -0.976622224 -0 -0.214962855
vn -0.947654784 -0 -0.319296777
vn -0.907574832 -0 -0.419890344
vn -0.856854737 -0 -0.515557885
vn -0.796098232 -0 -0.605167449
vn -0.725993812 -0 -0.687701225
vn -0.647377729 -0 -0.762169302
vn -0.561185896 -0 -0.827689826
vn -0.468417197 -0 -0.883507431
vn -0.370132774 -0 -0.92897886
vn -0.267529398 -0 -0.963549674
vn -0.161790133 -0 -0.986825168
vn -0.0541361198 -0 -0.998533547
vn 0.0541361198 0 -0.998533547
vn 0.161790133 0 -0.986825168
vn 0.267529398 0 -0.963549674
vn 0.370132774 0 -0.92897886
vn 0.468417197 0 -0.883507431
vn 0.561185896 0 -0.827689826
vn 0.647377729 0 -0.762169302
vn 0.725993812 0 -0.687701225
vn 0.796098232 0 -0.605167449
vn 0.856854737 0 -0.515557885
vn 0.907574832 0 -0.419890344
vn 0.947654784 0 -0.319296777
vn 0.976622224 0 -0.214962855
vn 0.994136393 0 -0.108133473
vn 0.994136155 0 0.10813532
vn 0.976622224 0 0.214962855
vn 0.947656512 0 0.319291562
vn 0.907571793 0 0.419896901
vn 0.856854737 0 0.515557885
vn 0.796098232 0 0.605167449
vn 0.725993812 0 0.687701225
vn 0.647377729 0 0.762169302
vn 0.561197639 0 0.827681839
vn 0.468403757 0 0.883514524
vn 0.370147616 0 0.92897296
vn 0.267513454 0 0.963554144
vn 0.161790133 0 0.986825168
vn 0.0541361198 0 0.998533547
vn -0.958699167 0 0.28442201
vn 0.563301802 0 0.826251209
vn -0.222512797 0 -0.97492975
vn -0.222512752 0 -0.97492981
vn -0.988292396 0 0.152571738
vn 0.149036586 0 0.988831699
vn 0.149037153 0 0.98883158
vn 0.14903678 0 0.988831639
vn 0.149036035 0 0.988831758
vn -0.149036825 0 -0.988831639
vn -0.14903602 0 -0.988831758
vn -0.149037153 0 -0.98883158
vn -0.149036944 0 -0.988831639
vn 0.0747267231 0 0.997204065
vn 0.0747274682 0 0.997204006
vn 0.0747262761 0 0.997204065
vn 0.0747273862 0 0.997204006
vn -0.0747273117 0 -0.997204006
vn -0.0747274756 0 -0.997204006
vn -0.0747271553 0 -0.997204006
vn -0.0747282878 0 -0.997203946
vn -0.0747267529 0 -0.997204065
vn 0.43386957 0 0.900975704
vn 0.433868676 0 0.900976121
vn 0.433868915 0 0.900976002
vn 0.433868796 0 0.900976062
vn -0.991309464 0 0.131550372
vn 0 -1 0
vn -0 -0 -1
vn -0.965324819 0 0.261051625
vn -0.365328163 0 -0.930878818
vn -0.365328044 0 -0.930878818
vn -0.365328342 0 -0.930878699
vn -0.365324795 0 -0.930880129
vn -0.365329772 0 -0.930878162
vn -0.36532855 0 -0.930878639
vn 0 1 0
vn -0.993883491 0 0.110433705
vn 0.990182102 0 -0.139783338
vn 0.998164773 0 -0.0605563931
vn 0.99588418 0 -0.0906348974
vn -0.971157193 0 0.238440037
vn 0.365328401 0 0.930878699
vn 0.365328014 0 0.930878878
vn 0.36528489 0 0.930895805
vn 0.365328044 0 0.930878818
vn 0.365328372 0 0.930878699
vn 0.365317017 0 0.930883169
vn -0.995821953 0 0.0913161263
vn 0.222512782 0 0.97492975
vn 0.222512528 0 0.97492981
vn 0.222512767 0 0.97492975
vn 0.222512856 0 0.97492975
vn -0.984809816 0 0.173636332
vn -0.433870465 -0 -0.900975287
vn -0.433868647 -0 -0.900976121
vn -0.433868706 -0 -0.900976121
vn -0.433868974 -0 -0.900976002
vn -0.433868825 -0 -0.900976062
vn -0.294745743 -0 -0.955575705
vn -0.294745088 -0 -0.955575943
vn -0.294743508 -0 -0.95557642
vn -0.29474479 -0 -0.955576003
vn -0.294744283 -0 -0.955576181
vn 0.294744223 0 0.955576181
vn 0.294745088 0 0.955575943
vn 0.29474479 0 0.955576003
vn 0.294744521 0 0.955576122
vn -0.980827749 0 0.194876671
vn 0.499983221 0 0.866035104
vn -0.976298034 0 0.216430545
vn -0.499983132 -0 -0.866035163
vn -0.0541404076 0 0.998533309
vn -0.161781758 0 0.986826539
vn -0.267525405 0 0.963550806
vn -0.370142043 0 0.928975165
vn -0.468405426 0 0.883513629
vn -0.561191738 0 0.827685833
vn -0.647381485 0 0.762166142
vn -0.796097398 0 0.605168462
vn -0.856855333 0 0.515556931
vn -0.907572925 0 0.419894427
vn -0.947655201 0 0.319295466
vn -0.976622343 0 0.214962408
vn -0.994136274 0 0.108134396
vn -0.994136274 -0 -0.108134627
vn -0.976622343 -0 -0.214962408
vn -0.947655201 -0 -0.319295466
vn -0.907573342 -0 -0.419893622
vn -0.856855333 -0 -0.515556931
vn -0.79609704 -0 -0.605168998
vn -0.647381485 -0 -0.762166142
vn -0.561191738 -0 -0.827685833
vn -0.468405426 -0 -0.883513629
vn -0.370141119 -0 -0.928975523
vn -0.267525405 -0 -0.963550806
vn -0.161783844 -0 -0.986826241
vn -0.0541382618 -0 -0.998533428
vn 0.0541382618 0 -0.998533428
vn 0.161783844 0 -0.986826241
vn 0.267525405 0 -0.963550806
vn 0.370141119 0 -0.928975523
vn 0.468405426 0 -0.883513629
vn 0.561191738 0 -0.827685833
vn 0.647381485 0 -0.762166142
vn 0.79609704 0 -0.605168998
vn 0.856855333 0 -0.515556931
vn 0.907573342 0 -0.419893622
vn 0.947655201 0 -0.319295466
vn 0.976622343 0 -0.214962408
vn 0.994136274 0 -0.108134627
vn 0.994136274 0 0.108134396
vn 0.976622343 0 0.214962408
vn 0.947655201 0 0.319295466
vn 0.907572925 0 0.419894427
vn 0.856855333 0 0.515556931
vn 0.796097398 0 0.605168462
vn 0.647381485 0 0.762166142
vn 0.561191738 0 0.827685833
vn 0.468405426 0 0.883513629
vn 0.370142043 0 0.928975165
vn 0.267525405 0 0.963550806
vn 0.161781758 0 0.986826539
vn 0.0541404076 0 0.998533309
vn -0.16178073 0 0.986826718
vn -0.267528176 0 0.963550031
vn -0.370139092 0 0.928976357
vn -0.468408108 0 0.883512199
vn -0.56118679 0 0.827689171
vn -0.647386789 0 0.762161613
vn -0.725995958 0 0.68769896
vn -0.796093285 0 0.605173945
vn -0.856856287 0 0.515555322
vn -0.907575428 0 0.419889122
vn -0.947653234 0 0.319301248
vn -0.976620495 0 0.214970604
vn -0.994137883 0 0.108119518
vn -0.994137883 -0 -0.108119749
vn -0.976620495 -0 -0.214970604
vn -0.947653234 -0 -0.319301248
vn -0.907575786 -0 -0.419888318
vn -0.856856287 -0 -0.515555322
vn -0.796092868 -0 -0.605174422
vn -0.725995958 -0 -0.68769896
vn -0.647386789 -0 -0.762161613
vn -0.56118679 -0 -0.827689171
vn -0.468408108 -0 -0.883512199
vn -0.370138168 -0 -0.928976715
vn -0.267528176 -0 -0.963550031
vn -0.161782816 -0 -0.98682636
vn 0.0541383773 0 -0.998533428
vn 0.161782473 0 -0.98682642
vn 0.267528743 0 -0.963549852
vn 0.370137423 0 -0.928977013
vn 0.468408108 0 -0.883512199
vn 0.561187744 0 -0.827688515
vn 0.647386253 0 -0.762162089
vn 0.725995421 0 -0.687699497
vn 0.796092868 0 -0.605174422
vn 0.85685724 0 -0.515553772
vn 0.907575369 0 -0.419889182
vn 0.947653234 0 -0.319301248
vn 0.976620495 0 -0.214970604
vn 0.994138002 0 -0.108118683
vn 0.994138002 0 0.108118452
vn 0.976620495 0 0.214970604
vn 0.947653234 0 0.319301248
vn 0.907575011 0 0.419890016
vn 0.85685724 0 0.515553772
vn 0.796093285 0 0.605173945
vn 0.725995421 0 0.687699497
vn 0.647386253 0 0.762162089
vn 0.561187744 0 0.827688515
vn 0.468408108 0 0.883512199
vn 0.370138347 0 0.928976655
vn 0.267528743 0 0.963549852
vn 0.161780387 0 0.986826777
vn 0.0541405231 0 0.998533309
vn -0.563301861 -0 -0.826251209

# Mesh 'mesh_' with 3918 faces
g mesh_
usemtl DefaultMaterial
f  1//1 2//1 3//1
f  4//1 5//1 6//1
f  7//2 8//2 9//2
f  10//2 11//2 12//2
f  13//3 14//3 15//3
f  16//2 17//2 18//2
f  19//2 20//2 21//2
f  22//4 23//4 24//4
f  25//5 26//5 27//5
f  28//6 29//6 30//6
f  31//7 32//7 33//7
f  34//8 35//8 36//8
f  37//9 38//9 39//9
f  40//9 41//9 42//9
f  43//9 44//9 45//9
f  46//9 47//9 48//9
f  49//1 50//1 51//1
f  52//10 53//10 54//10
f  55//10 56//10 57//10
f  58//11 59//11 60//11
f  61//11 62//11 63//11
f  64//12 65//12 66//12
f  67//12 68//12 69//12
f  70//13 71//13 72//13
f  73//13 74//13 75//13
f  76//14 77//14 78//14
f  79//14 80//14 81//14
f  82//15 83//15 84//15
f  85//15 86//15 87//15
f  88//16 89//16 90//16
f  91//16 92//16 93//16
f  94//17 95//17 96//17
f  97//17 98//17 99//17
f  100//18 101//18 102//18
f  103//18 104//18 105//18
f  106//19 107//19 108//19
f  109//19 110//19 111//19
f  112//20 113//20 114//20
f  115//20 116//20 117//20
f  118//21 119//21 120//21
f  121//21 122//21 123//21
f  124//22 125//22 126//22
f  127//22 128//22 129//22
f  130//23 131//23 132//23
f  133//23 134//23 135//23
f  136//24 137//24 138//24
f  139//24 140//24 141//24
f  142//25 143//25 144//25
f  145//25 146//25 147//25
f  148//26 149//26 150//26
f  151//26 152//26 153//26
f  154//27 155//27 156//27
f  157//27 158//27 159//27
f  160//28 161//28 162//28
f  163//28 164//28 165//28
f  166//29 167//29 168//29
f  169//29 170//29 171//29
f  172//30 173//30 174//30
f  175//9 176//9 177//9
f  178//9 179//9 180//9
f  181//9 182//9 183//9
f  184//31 185//31 186//31
f  187//31 188//31 189//31
f  190//31 191//31 192//31
f  193//31 194//31 195//31
f  196//32 197//32 198//32
f  199//32 200//32 201//32
f  202//1 203//1 204//1
f  205//1 206//1 207//1
f  208//31 209//31 210//31
f  211//31 212//31 213//31
f  214//31 215//31 216//31
f  217//9 218//9 219//9
f  220//9 221//9 222//9
f  223//9 224//9 225//9
f  226//9 227//9 228//9
f  229//1 230//1 231//1
f  232//10 233//10 234//10
f  235//10 236//10 237//10
f  238//11 239//11 240//11
f  241//11 242//11 243//11
f  244//12 245//12 246//12
f  247//12 248//12 249//12
f  250//13 251//13 252//13
f  253//13 254//13 255//13
f  256//14 257//14 258//14
f  259//14 260//14 261//14
f  262//15 263//15 264//15
f  265//15 266//15 267//15
f  268//16 269//16 270//16
f  271//9 272//9 273//9
f  274//9 275//9 276//9
f  277//31 278//31 279//31
f  280//31 281//31 282//31
f  283//31 284//31 285//31
f  286//31 287//31 288//31
f  289//2 290//2 291//2
f  292//2 293//2 294//2
f  295//3 296//3 297//3
f  298//33 299//33 300//33
f  301//34 302//34 303//34
f  304//35 305//35 306//35
f  307//36 308//36 309//36
f  310//31 311//31 312//31
f  313//31 314//31 315//31
f  316//31 317//31 318//31
f  319//9 320//9 321//9
f  322//9 323//9 324//9
f  325//9 326//9 327//9
f  328//9 329//9 330//9
f  331//9 332//9 333//9
f  334//9 335//9 336//9
f  337//31 338//31 339//31
f  340//31 341//31 342//31
f  343//31 344//31 345//31
f  346//31 347//31 348//31
f  349//31 350//31 351//31
f  352//31 353//31 354//31
f  355//9 356//9 357//9
f  358//31 359//31 360//31
f  361//31 362//31 363//31
f  364//31 365//31 366//31
f  367//9 368//9 369//9
f  370//9 371//9 372//9
f  373//9 374//9 375//9
f  376//9 377//9 378//9
f  379//9 380//9 381//9
f  382//9 383//9 384//9
f  385//31 386//31 387//31
f  388//31 389//31 390//31
f  391//9 392//9 393//9
f  394//9 395//9 396//9
f  397//16 398//16 399//16
f  400//17 401//17 402//17
f  403//17 404//17 405//17
f  406//18 407//18 408//18
f  409//18 410//18 411//18
f  412//19 413//19 414//19
f  415//19 416//19 417//19
f  418//20 419//20 420//20
f  421//20 422//20 423//20
f  424//21 425//21 426//21
f  427//21 428//21 429//21
f  430//22 431//22 432//22
f  433//22 434//22 435//22
f  436//23 437//23 438//23
f  439//23 440//23 441//23
f  442//24 443//24 444//24
f  445//24 446//24 447//24
f  448//25 449//25 450//25
f  451//25 452//25 453//25
f  454//26 455//26 456//26
f  457//26 458//26 459//26
f  460//27 461//27 462//27
f  463//27 464//27 465//27
f  466//28 467//28 468//28
f  469//28 470//28 471//28
f  472//29 473//29 474//29
f  475//29 476//29 477//29
f  478//30 479//30 480//30
f  481//31 482//31 483//31
f  484//31 485//31 486//31
f  487//37 488//37 489//37
f  490//37 491//37 492//37
f  493//37 494//37 495//37
f  496//38 497//38 498//38
f  499//9 500//9 501//9
f  502//9 503//9 504//9
f  505//9 506//9 507//9
f  508//31 509//31 510//31
f  511//31 512//31 513//31
f  514//31 515//31 516//31
f  517//38 518//38 519//38
f  520//38 521//38 522//38
f  523//9 524//9 525//9
f  526//39 527//39 528//39
f  529//39 530//39 531//39
f  532//39 533//39 534//39
f  535//40 536//40 537//40
f  538//31 539//31 540//31
f  541//31 542//31 543//31
f  544//31 545//31 546//31
f  547//40 548//40 549//40
f  550//40 551//40 552//40
f  553//9 554//9 555//9
f  556//41 557//41 558//41
f  559//42 560//42 561//42
f  562//43 563//43 564//43
f  565//9 566//9 567//9
f  568//9 569//9 570//9
f  571//9 572//9 573//9
f  574//41 575//41 576//41
f  577//43 578//43 579//43
f  580//44 581//44 582//44
f  583//9 584//9 585//9
f  586//45 587//45 588//45
f  589//46 590//46 591//46
f  592//47 593//47 594//47
f  595//45 596//45 597//45
f  598//47 599//47 600//47
f  601//48 602//48 603//48
f  604//9 605//9 606//9
f  607//42 608//42 609//42
f  610//49 611//49 612//49
f  613//31 614//31 615//31
f  616//31 617//31 618//31
f  619//31 620//31 621//31
f  622//31 623//31 624//31
f  625//44 626//44 627//44
f  628//50 629//50 630//50
f  631//9 632//9 633//9
f  634//46 635//46 636//46
f  637//51 638//51 639//51
f  640//31 641//31 642//31
f  643//31 644//31 645//31
f  646//31 647//31 648//31
f  649//31 650//31 651//31
f  652//48 653//48 654//48
f  655//52 656//52 657//52
f  658//9 659//9 660//9
f  661//49 662//49 663//49
f  664//53 665//53 666//53
f  667//31 668//31 669//31
f  670//50 671//50 672//50
f  673//54 674//54 675//54
f  676//9 677//9 678//9
f  679//51 680//51 681//51
f  682//55 683//55 684//55
f  685//9 686//9 687//9
f  688//9 689//9 690//9
f  691//9 692//9 693//9
f  694//31 695//31 696//31
f  697//52 698//52 699//52
f  700//56 701//56 702//56
f  703//9 704//9 705//9
f  706//53 707//53 708//53
f  709//57 710//57 711//57
f  712//9 713//9 714//9
f  715//9 716//9 717//9
f  718//9 719//9 720//9
f  721//31 722//31 723//31
f  724//54 725//54 726//54
f  727//58 728//58 729//58
f  730//9 731//9 732//9
f  733//55 734//55 735//55
f  736//59 737//59 738//59
f  739//31 740//31 741//31
f  742//56 743//56 744//56
f  745//60 746//60 747//60
f  748//9 749//9 750//9
f  751//57 752//57 753//57
f  754//61 755//61 756//61
f  757//31 758//31 759//31
f  760//31 761//31 762//31
f  763//31 764//31 765//31
f  766//31 767//31 768//31
f  769//58 770//58 771//58
f  772//62 773//62 774//62
f  775//9 776//9 777//9
f  778//59 779//59 780//59
f  781//63 782//63 783//63
f  784//31 785//31 786//31
f  787//31 788//31 789//31
f  790//31 791//31 792//31
f  793//31 794//31 795//31
f  796//60 797//60 798//60
f  799//64 800//64 801//64
f  802//9 803//9 804//9
f  805//61 806//61 807//61
f  808//65 809//65 810//65
f  811//31 812//31 813//31
f  814//62 815//62 816//62
f  817//66 818//66 819//66
f  820//9 821//9 822//9
f  823//63 824//63 825//63
f  826//67 827//67 828//67
f  829//9 830//9 831//9
f  832//9 833//9 834//9
f  835//9 836//9 837//9
f  838//31 839//31 840//31
f  841//64 842//64 843//64
f  844//68 845//68 846//68
f  847//9 848//9 849//9
f  850//65 851//65 852//65
f  853//69 854//69 855//69
f  856//31 857//31 858//31
f  859//66 860//66 861//66
f  862//70 863//70 864//70
f  865//9 866//9 867//9
f  868//67 869//67 870//67
f  871//71 872//71 873//71
f  874//31 875//31 876//31
f  877//68 878//68 879//68
f  880//72 881//72 882//72
f  883//9 884//9 885//9
f  886//69 887//69 888//69
f  889//73 890//73 891//73
f  892//31 893//31 894//31
f  895//31 896//31 897//31
f  898//31 899//31 900//31
f  901//31 902//31 903//31
f  904//31 905//31 906//31
f  907//70 908//70 909//70
f  910//74 911//74 912//74
f  913//9 914//9 915//9
f  916//71 917//71 918//71
f  919//75 920//75 921//75
f  922//31 923//31 924//31
f  925//31 926//31 927//31
f  928//31 929//31 930//31
f  931//31 932//31 933//31
f  934//72 935//72 936//72
f  937//76 938//76 939//76
f  940//9 941//9 942//9
f  943//73 944//73 945//73
f  946//77 947//77 948//77
f  949//31 950//31 951//31
f  952//74 953//74 954//74
f  955//78 956//78 957//78
f  958//9 959//9 960//9
f  961//75 962//75 963//75
f  964//79 965//79 966//79
f  967//9 968//9 969//9
f  970//76 971//76 972//76
f  973//80 974//80 975//80
f  976//9 977//9 978//9
f  979//77 980//77 981//77
f  982//81 983//81 984//81
f  985//9 986//9 987//9
f  988//9 989//9 990//9
f  991//9 992//9 993//9
f  994//9 995//9 996//9
f  997//31 998//31 999//31
f  1000//31 1001//31 1002//31
f  1003//31 1004//31 1005//31
f  1006//78 1007//78 1008//78
f  1009//82 1010//82 1011//82
f  1012//9 1013//9 1014//9
f  1015//79 1016//79 1017//79
f  1018//83 1019//83 1020//83
f  1021//31 1022//31 1023//31
f  1024//31 1025//31 1026//31
f  1027//31 1028//31 1029//31
f  1030//80 1031//80 1032//80
f  1033//84 1034//84 1035//84
f  1036//81 1037//81 1038//81
f  1039//85 1040//85 1041//85
f  1042//31 1043//31 1044//31
f  1045//31 1046//31 1047//31
f  1048//31 1049//31 1050//31
f  1051//82 1052//82 1053//82
f  1054//86 1055//86 1056//86
f  1057//9 1058//9 1059//9
f  1060//83 1061//83 1062//83
f  1063//87 1064//87 1065//87
f  1066//9 1067//9 1068//9
f  1069//9 1070//9 1071//9
f  1072//31 1073//31 1074//31
f  1075//31 1076//31 1077//31
f  1078//31 1079//31 1080//31
f  1081//31 1082//31 1083//31
f  1084//84 1085//84 1086//84
f  1087//88 1088//88 1089//88
f  1090//9 1091//9 1092//9
f  1093//85 1094//85 1095//85
f  1096//89 1097//89 1098//89
f  1099//9 1100//9 1101//9
f  1102//9 1103//9 1104//9
f  1105//31 1106//31 1107//31
f  1108//31 1109//31 1110//31
f  1111//31 1112//31 1113//31
f  1114//31 1115//31 1116//31
f  1117//31 1118//31 1119//31
f  1120//31 1121//31 1122//31
f  1123//31 1124//31 1125//31
f  1126//86 1127//86 1128//86
f  1129//90 1130//90 1131//90
f  1132//9 1133//9 1134//9
f  1135//87 1136//87 1137//87
f  1138//91 1139//91 1140//91
f  1141//9 1142//9 1143//9
f  1144//9 1145//9 1146//9
f  1147//31 1148//31 1149//31
f  1150//31 1151//31 1152//31
f  1153//88 1154//88 1155//88
f  1156//92 1157//92 1158//92
f  1159//9 1160//9 1161//9
f  1162//89 1163//89 1164//89
f  1165//93 1166//93 1167//93
f  1168//9 1169//9 1170//9
f  1171//9 1172//9 1173//9
f  1174//31 1175//31 1176//31
f  1177//90 1178//90 1179//90
f  1180//94 1181//94 1182//94
f  1183//9 1184//9 1185//9
f  1186//9 1187//9 1188//9
f  1189//9 1190//9 1191//9
f  1192//9 1193//9 1194//9
f  1195//91 1196//91 1197//91
f  1198//95 1199//95 1200//95
f  1201//9 1202//9 1203//9
f  1204//9 1205//9 1206//9
f  1207//9 1208//9 1209//9
f  1210//31 1211//31 1212//31
f  1213//31 1214//31 1215//31
f  1216//31 1217//31 1218//31
f  1219//92 1220//92 1221//92
f  1222//96 1223//96 1224//96
f  1225//9 1226//9 1227//9
f  1228//93 1229//93 1230//93
f  1231//97 1232//97 1233//97
f  1234//9 1235//9 1236//9
f  1237//9 1238//9 1239//9
f  1240//31 1241//31 1242//31
f  1243//31 1244//31 1245//31
f  1246//94 1247//94 1248//94
f  1249//98 1250//98 1251//98
f  1252//9 1253//9 1254//9
f  1255//95 1256//95 1257//95
f  1258//99 1259//99 1260//99
f  1261//31 1262//31 1263//31
f  1264//31 1265//31 1266//31
f  1267//31 1268//31 1269//31
f  1270//31 1271//31 1272//31
f  1273//96 1274//96 1275//96
f  1276//100 1277//100 1278//100
f  1279//9 1280//9 1281//9
f  1282//97 1283//97 1284//97
f  1285//101 1286//101 1287//101
f  1288//9 1289//9 1290//9
f  1291//9 1292//9 1293//9
f  1294//9 1295//9 1296//9
f  1297//9 1298//9 1299//9
f  1300//9 1301//9 1302//9
f  1303//31 1304//31 1305//31
f  1306//31 1307//31 1308//31
f  1309//31 1310//31 1311//31
f  1312//31 1313//31 1314//31
f  1315//98 1316//98 1317//98
f  1318//102 1319//102 1320//102
f  1321//9 1322//9 1323//9
f  1324//99 1325//99 1326//99
f  1327//103 1328//103 1329//103
f  1330//31 1331//31 1332//31
f  1333//31 1334//31 1335//31
f  1336//31 1337//31 1338//31
f  1339//31 1340//31 1341//31
f  1342//100 1343//100 1344//100
f  1345//104 1346//104 1347//104
f  1348//9 1349//9 1350//9
f  1351//101 1352//101 1353//101
f  1354//105 1355//105 1356//105
f  1357//9 1358//9 1359//9
f  1360//9 1361//9 1362//9
f  1363//9 1364//9 1365//9
f  1366//9 1367//9 1368//9
f  1369//31 1370//31 1371//31
f  1372//102 1373//102 1374//102
f  1375//106 1376//106 1377//106
f  1378//9 1379//9 1380//9
f  1381//103 1382//103 1383//103
f  1384//107 1385//107 1386//107
f  1387//9 1388//9 1389//9
f  1390//9 1391//9 1392//9
f  1393//9 1394//9 1395//9
f  1396//9 1397//9 1398//9
f  1399//31 1400//31 1401//31
f  1402//104 1403//104 1404//104
f  1405//108 1406//108 1407//108
f  1408//9 1409//9 1410//9
f  1411//105 1412//105 1413//105
f  1414//109 1415//109 1416//109
f  1417//109 1418//109 1419//109
f  1420//110 1421//110 1422//110
f  1423//31 1424//31 1425//31
f  1426//31 1427//31 1428//31
f  1429//31 1430//31 1431//31
f  1432//106 1433//106 1434//106
f  1435//110 1436//110 1437//110
f  1438//110 1439//110 1440//110
f  1441//109 1442//109 1443//109
f  1444//9 1445//9 1446//9
f  1447//9 1448//9 1449//9
f  1450//107 1451//107 1452//107
f  1453//111 1454//111 1455//111
f  1456//111 1457//111 1458//111
f  1459//112 1460//112 1461//112
f  1462//31 1463//31 1464//31
f  1465//108 1466//108 1467//108
f  1468//112 1469//112 1470//112
f  1471//113 1472//113 1473//113
f  1474//9 1475//9 1476//9
f  1477//9 1478//9 1479//9
f  1480//9 1481//9 1482//9
f  1483//9 1484//9 1485//9
f  1486//9 1487//9 1488//9
f  1489//9 1490//9 1491//9
f  1492//31 1493//31 1494//31
f  1495//31 1496//31 1497//31
f  1498//9 1499//9 1500//9
f  1501//31 1502//31 1503//31
f  1504//31 1505//31 1506//31
f  1507//114 1508//114 1509//114
f  1510//114 1511//114 1512//114
f  1513//115 1514//115 1515//115
f  1516//115 1517//115 1518//115
f  1519//36 1520//36 1521//36
f  1522//36 1523//36 1524//36
f  1525//116 1526//116 1527//116
f  1528//116 1529//116 1530//116
f  1531//8 1532//8 1533//8
f  1534//117 1535//117 1536//117
f  1537//117 1538//117 1539//117
f  1540//118 1541//118 1542//118
f  1543//118 1544//118 1545//118
f  1546//119 1547//119 1548//119
f  1549//119 1550//119 1551//119
f  1552//120 1553//120 1554//120
f  1555//120 1556//120 1557//120
f  1558//121 1559//121 1560//121
f  1561//121 1562//121 1563//121
f  1564//122 1565//122 1566//122
f  1567//122 1568//122 1569//122
f  1570//123 1571//123 1572//123
f  1573//123 1574//123 1575//123
f  1576//124 1577//124 1578//124
f  1579//124 1580//124 1581//124
f  1582//125 1583//125 1584//125
f  1585//126 1586//126 1587//126
f  1588//127 1589//127 1590//127
f  1591//128 1592//128 1593//128
f  1594//129 1595//129 1596//129
f  1597//130 1598//130 1599//130
f  1600//131 1601//131 1602//131
f  1603//132 1604//132 1605//132
f  1606//133 1607//133 1608//133
f  1609//134 1610//134 1611//134
f  1612//128 1613//128 1614//128
f  1615//135 1616//135 1617//135
f  1618//135 1619//135 1620//135
f  1621//136 1622//136 1623//136
f  1624//137 1625//137 1626//137
f  1627//138 1628//138 1629//138
f  1630//139 1631//139 1632//139
f  1633//136 1634//136 1635//136
f  1636//140 1637//140 1638//140
f  1639//140 1640//140 1641//140
f  1642//141 1643//141 1644//141
f  1645//142 1646//142 1647//142
f  1648//143 1649//143 1650//143
f  1651//144 1652//144 1653//144
f  1654//145 1655//145 1656//145
f  1657//146 1658//146 1659//146
f  1660//147 1661//147 1662//147
f  1663//9 1664//9 1665//9
f  1666//148 1667//148 1668//148
f  1669//141 1670//141 1671//141
f  1672//149 1673//149 1674//149
f  1675//149 1676//149 1677//149
f  1678//150 1679//150 1680//150
f  1681//151 1682//151 1683//151
f  1684//152 1685//152 1686//152
f  1687//153 1688//153 1689//153
f  1690//150 1691//150 1692//150
f  1693//1 1694//1 1695//1
f  1696//1 1697//1 1698//1
f  1699//1 1700//1 1701//1
f  1702//1 1703//1 1704//1
f  1705//2 1706//2 1707//2
f  1708//2 1709//2 1710//2
f  1711//9 1712//9 1713//9
f  1714//1 1715//1 1716//1
f  1717//1 1718//1 1719//1
f  1720//154 1721//154 1722//154
f  1723//155 1724//155 1725//155
f  1726//156 1727//156 1728//156
f  1729//157 1730//157 1731//157
f  1732//1 1733//1 1734//1
f  1735//1 1736//1 1737//1
f  1738//1 1739//1 1740//1
f  1741//1 1742//1 1743//1
f  1744//158 1745//158 1746//158
f  1747//159 1748//159 1749//159
f  1750//160 1751//160 1752//160
f  1753//156 1754//156 1755//156
f  1756//1 1757//1 1758//1
f  1759//159 1760//159 1761//159
f  1762//161 1763//161 1764//161
f  1765//162 1766//162 1767//162
f  1768//160 1769//160 1770//160
f  1771//1 1772//1 1773//1
f  1774//161 1775//161 1776//161
f  1777//163 1778//163 1779//163
f  1780//164 1781//164 1782//164
f  1783//162 1784//162 1785//162
f  1786//1 1787//1 1788//1
f  1789//1 1790//1 1791//1
f  1792//1 1793//1 1794//1
f  1795//1 1796//1 1797//1
f  1798//163 1799//163 1800//163
f  1801//165 1802//165 1803//165
f  1804//166 1805//166 1806//166
f  1807//164 1808//164 1809//164
f  1810//1 1811//1 1812//1
f  1813//165 1814//165 1815//165
f  1816//167 1817//167 1818//167
f  1819//168 1820//168 1821//168
f  1822//166 1823//166 1824//166
f  1825//1 1826//1 1827//1
f  1828//167 1829//167 1830//167
f  1831//169 1832//169 1833//169
f  1834//170 1835//170 1836//170
f  1837//168 1838//168 1839//168
f  1840//1 1841//1 1842//1
f  1843//1 1844//1 1845//1
f  1846//1 1847//1 1848//1
f  1849//1 1850//1 1851//1
f  1852//169 1853//169 1854//169
f  1855//171 1856//171 1857//171
f  1858//172 1859//172 1860//172
f  1861//170 1862//170 1863//170
f  1864//1 1865//1 1866//1
f  1867//171 1868//171 1869//171
f  1870//2 1871//2 1872//2
f  1873//173 1874//173 1875//173
f  1876//172 1877//172 1878//172
f  1879//2 1880//2 1881//2
f  1882//174 1883//174 1884//174
f  1885//175 1886//175 1887//175
f  1888//173 1889//173 1890//173
f  1891//1 1892//1 1893//1
f  1894//174 1895//174 1896//174
f  1897//176 1898//176 1899//176
f  1900//177 1901//177 1902//177
f  1903//175 1904//175 1905//175
f  1906//1 1907//1 1908//1
f  1909//1 1910//1 1911//1
f  1912//1 1913//1 1914//1
f  1915//1 1916//1 1917//1
f  1918//1 1919//1 1920//1
f  1921//176 1922//176 1923//176
f  1924//178 1925//178 1926//178
f  1927//179 1928//179 1929//179
f  1930//177 1931//177 1932//177
f  1933//1 1934//1 1935//1
f  1936//178 1937//178 1938//178
f  1939//180 1940//180 1941//180
f  1942//181 1943//181 1944//181
f  1945//179 1946//179 1947//179
f  1948//1 1949//1 1950//1
f  1951//180 1952//180 1953//180
f  1954//182 1955//182 1956//182
f  1957//183 1958//183 1959//183
f  1960//181 1961//181 1962//181
f  1963//1 1964//1 1965//1
f  1966//1 1967//1 1968//1
f  1969//1 1970//1 1971//1
f  1972//1 1973//1 1974//1
f  1975//182 1976//182 1977//182
f  1978//184 1979//184 1980//184
f  1981//185 1982//185 1983//185
f  1984//183 1985//183 1986//183
f  1987//1 1988//1 1989//1
f  1990//1 1991//1 1992//1
f  1993//1 1994//1 1995//1
f  1996//1 1997//1 1998//1
f  1999//1 2000//1 2001//1
f  2002//1 2003//1 2004//1
f  2005//184 2006//184 2007//184
f  2008//186 2009//186 2010//186
f  2011//187 2012//187 2013//187
f  2014//185 2015//185 2016//185
f  2017//1 2018//1 2019//1
f  2020//1 2021//1 2022//1
f  2023//186 2024//186 2025//186
f  2026//188 2027//188 2028//188
f  2029//189 2030//189 2031//189
f  2032//187 2033//187 2034//187
f  2035//1 2036//1 2037//1
f  2038//188 2039//188 2040//188
f  2041//190 2042//190 2043//190
f  2044//191 2045//191 2046//191
f  2047//192 2048//192 2049//192
f  2050//193 2051//193 2052//193
f  2053//193 2054//193 2055//193
f  2056//189 2057//189 2058//189
f  2059//1 2060//1 2061//1
f  2062//1 2063//1 2064//1
f  2065//1 2066//1 2067//1
f  2068//194 2069//194 2070//194
f  2071//155 2072//155 2073//155
f  2074//195 2075//195 2076//195
f  2077//196 2078//196 2079//196
f  2080//197 2081//197 2082//197
f  2083//198 2084//198 2085//198
f  2086//160 2087//160 2088//160
f  2089//195 2090//195 2091//195
f  2092//1 2093//1 2094//1
f  2095//1 2096//1 2097//1
f  2098//1 2099//1 2100//1
f  2101//1 2102//1 2103//1
f  2104//198 2105//198 2106//198
f  2107//199 2108//199 2109//199
f  2110//200 2111//200 2112//200
f  2113//160 2114//160 2115//160
f  2116//1 2117//1 2118//1
f  2119//199 2120//199 2121//199
f  2122//201 2123//201 2124//201
f  2125//202 2126//202 2127//202
f  2128//200 2129//200 2130//200
f  2131//201 2132//201 2133//201
f  2134//203 2135//203 2136//203
f  2137//204 2138//204 2139//204
f  2140//202 2141//202 2142//202
f  2143//1 2144//1 2145//1
f  2146//1 2147//1 2148//1
f  2149//1 2150//1 2151//1
f  2152//203 2153//203 2154//203
f  2155//167 2156//167 2157//167
f  2158//205 2159//205 2160//205
f  2161//204 2162//204 2163//204
f  2164//1 2165//1 2166//1
f  2167//167 2168//167 2169//167
f  2170//169 2171//169 2172//169
f  2173//206 2174//206 2175//206
f  2176//205 2177//205 2178//205
f  2179//1 2180//1 2181//1
f  2182//169 2183//169 2184//169
f  2185//207 2186//207 2187//207
f  2188//208 2189//208 2190//208
f  2191//206 2192//206 2193//206
f  2194//1 2195//1 2196//1
f  2197//1 2198//1 2199//1
f  2200//1 2201//1 2202//1
f  2203//1 2204//1 2205//1
f  2206//1 2207//1 2208//1
f  2209//207 2210//207 2211//207
f  2212//2 2213//2 2214//2
f  2215//173 2216//173 2217//173
f  2218//208 2219//208 2220//208
f  2221//1 2222//1 2223//1
f  2224//2 2225//2 2226//2
f  2227//174 2228//174 2229//174
f  2230//209 2231//209 2232//209
f  2233//173 2234//173 2235//173
f  2236//1 2237//1 2238//1
f  2239//174 2240//174 2241//174
f  2242//176 2243//176 2244//176
f  2245//210 2246//210 2247//210
f  2248//209 2249//209 2250//209
f  2251//1 2252//1 2253//1
f  2254//1 2255//1 2256//1
f  2257//1 2258//1 2259//1
f  2260//1 2261//1 2262//1
f  2263//176 2264//176 2265//176
f  2266//178 2267//178 2268//178
f  2269//211 2270//211 2271//211
f  2272//210 2273//210 2274//210
f  2275//1 2276//1 2277//1
f  2278//178 2279//178 2280//178
f  2281//180 2282//180 2283//180
f  2284//212 2285//212 2286//212
f  2287//211 2288//211 2289//211
f  2290//1 2291//1 2292//1
f  2293//180 2294//180 2295//180
f  2296//213 2297//213 2298//213
f  2299//214 2300//214 2301//214
f  2302//212 2303//212 2304//212
f  2305//1 2306//1 2307//1
f  2308//1 2309//1 2310//1
f  2311//1 2312//1 2313//1
f  2314//1 2315//1 2316//1
f  2317//213 2318//213 2319//213
f  2320//215 2321//215 2322//215
f  2323//216 2324//216 2325//216
f  2326//214 2327//214 2328//214
f  2329//1 2330//1 2331//1
f  2332//215 2333//215 2334//215
f  2335//217 2336//217 2337//217
f  2338//187 2339//187 2340//187
f  2341//216 2342//216 2343//216
f  2344//1 2345//1 2346//1
f  2347//217 2348//217 2349//217
f  2350//188 2351//188 2352//188
f  2353//218 2354//218 2355//218
f  2356//187 2357//187 2358//187
f  2359//1 2360//1 2361//1
f  2362//1 2363//1 2364//1
f  2365//1 2366//1 2367//1
f  2368//188 2369//188 2370//188
f  2371//219 2372//219 2373//219
f  2374//220 2375//220 2376//220
f  2377//221 2378//221 2379//221
f  2380//222 2381//222 2382//222
f  2383//222 2384//222 2385//222
f  2386//218 2387//218 2388//218
f  2389//1 2390//1 2391//1
f  2392//1 2393//1 2394//1
f  2395//1 2396//1 2397//1
f  2398//31 2399//31 2400//31
f  2401//31 2402//31 2403//31
f  2404//4 2405//4 2406//4
f  2407//30 2408//30 2409//30
f  2410//30 2411//30 2412//30
f  2413//30 2414//30 2415//30
f  2416//30 2417//30 2418//30
f  2419//2 2420//2 2421//2
f  2422//2 2423//2 2424//2
f  2425//35 2426//35 2427//35
f  2428//35 2429//35 2430//35
f  2431//6 2432//6 2433//6
f  2434//30 2435//30 2436//30
f  2437//30 2438//30 2439//30
f  2440//30 2441//30 2442//30
f  2443//30 2444//30 2445//30
f  2446//30 2447//30 2448//30
f  2449//30 2450//30 2451//30
f  2452//30 2453//30 2454//30
f  2455//30 2456//30 2457//30
f  2458//30 2459//30 2460//30
f  2461//30 2462//30 2463//30
f  2464//30 2465//30 2466//30
f  2467//30 2468//30 2469//30
f  2470//30 2471//30 2472//30
f  2473//30 2474//30 2475//30
f  2476//223 2477//223 2478//223
f  2479//30 2480//30 2481//30
f  2482//30 2483//30 2484//30
f  2485//30 2486//30 2487//30
f  2488//30 2489//30 2490//30
f  2491//30 2492//30 2493//30
f  2494//30 2495//30 2496//30
f  2497//30 2498//30 2499//30
f  2500//30 2501//30 2502//30
f  2503//30 2504//30 2505//30
f  2506//30 2507//30 2508//30
f  2509//158 2510//158 2511//158
f  2512//30 2513//30 2514//30
f  2515//30 2516//30 2517//30
f  2518//30 2519//30 2520//30
f  2521//30 2522//30 2523//30
f  2524//30 2525//30 2526//30
f  2527//30 2528//30 2529//30
f  2530//30 2531//30 2532//30
f  2533//30 2534//30 2535//30
f  2536//30 2537//30 2538//30
f  2539//30 2540//30 2541//30
f  2542//30 2543//30 2544//30
f  2545//30 2546//30 2547//30
f  2548//30 2549//30 2550//30
f  2551//30 2552//30 2553//30
f  2554//30 2555//30 2556//30
f  2557//30 2558//30 2559//30
f  2560//30 2561//30 2562//30
f  2563//30 2564//30 2565//30
f  2566//30 2567//30 2568//30
f  2569//30 2570//30 2571//30
f  2572//30 2573//30 2574//30
f  2575//30 2576//30 2577//30
f  2578//30 2579//30 2580//30
f  2581//30 2582//30 2583//30
f  2584//30 2585//30 2586//30
f  2587//30 2588//30 2589//30
f  2590//30 2591//30 2592//30
f  2593//30 2594//30 2595//30
f  2596//30 2597//30 2598//30
f  2599//30 2600//30 2601//30
f  2602//30 2603//30 2604//30
f  2605//30 2606//30 2607//30
f  2608//30 2609//30 2610//30
f  2611//30 2612//30 2613//30
f  2614//30 2615//30 2616//30
f  2617//30 2618//30 2619//30
f  2620//30 2621//30 2622//30
f  2623//197 2624//197 2625//197
f  2626//30 2627//30 2628//30
f  2629//30 2630//30 2631//30
f  2632//30 2633//30 2634//30
f  2635//30 2636//30 2637//30
f  2638//30 2639//30 2640//30
f  2641//30 2642//30 2643//30
f  2644//30 2645//30 2646//30
f  2647//30 2648//30 2649//30
f  2650//30 2651//30 2652//30
f  2653//30 2654//30 2655//30
f  2656//30 2657//30 2658//30
f  2659//30 2660//30 2661//30
f  2662//30 2663//30 2664//30
f  2665//30 2666//30 2667//30
f  2668//30 2669//30 2670//30
f  2671//30 2672//30 2673//30
f  2674//30 2675//30 2676//30
f  2677//30 2678//30 2679//30
f  2680//30 2681//30 2682//30
f  2683//30 2684//30 2685//30
f  2686//30 2687//30 2688//30
f  2689//30 2690//30 2691//30
f  2692//30 2693//30 2694//30
f  2695//30 2696//30 2697//30
f  2698//30 2699//30 2700//30
f  2701//30 2702//30 2703//30
f  2704//30 2705//30 2706//30
f  2707//30 2708//30 2709//30
f  2710//30 2711//30 2712//30
f  2713//30 2714//30 2715//30
f  2716//30 2717//30 2718//30
f  2719//224 2720//224 2721//224
f  2722//30 2723//30 2724//30
f  2725//30 2726//30 2727//30
f  2728//30 2729//30 2730//30
f  2731//30 2732//30 2733//30
f  2734//30 2735//30 2736//30
f  2737//30 2738//30 2739//30
f  2740//7 2741//7 2742//7
f  2743//2 2744//2 2745//2
f  2746//2 2747//2 2748//2
f  2749//1 2750//1 2751//1
f  2752//1 2753//1 2754//1
f  2755//4 2756//4 2757//4
f  2758//4 2759//4 2760//4
f  2761//33 2762//33 2763//33
f  2764//35 2765//35 2766//35
f  2767//1 2768//1 2769//1
f  2770//1 2771//1 2772//1
f  2773//1 2774//1 2775//1
f  2776//115 2777//115 2778//115
f  2779//115 2780//115 2781//115
f  2782//1 2783//1 2784//1
f  2785//1 2786//1 2787//1
f  2788//119 2789//119 2790//119
f  2791//119 2792//119 2793//119
f  2794//1 2795//1 2796//1
f  2797//1 2798//1 2799//1
f  2800//122 2801//122 2802//122
f  2803//122 2804//122 2805//122
f  2806//1 2807//1 2808//1
f  2809//225 2810//225 2811//225
f  2812//130 2813//130 2814//130
f  2815//1 2816//1 2817//1
f  2818//226 2819//226 2820//226
f  2821//133 2822//133 2823//133
f  2824//1 2825//1 2826//1
f  2827//227 2828//227 2829//227
f  2830//145 2831//145 2832//145
f  2833//1 2834//1 2835//1
f  2836//1 2837//1 2838//1
f  2839//228 2840//228 2841//228
f  2842//9 2843//9 2844//9
f  2845//9 2846//9 2847//9
f  2848//1 2849//1 2850//1
f  2851//1 2852//1 2853//1
f  2854//2 2855//2 2856//2
f  2857//2 2858//2 2859//2
f  2860//1 2861//1 2862//1
f  2863//1 2864//1 2865//1
f  2866//229 2867//229 2868//229
f  2869//158 2870//158 2871//158
f  2872//156 2873//156 2874//156
f  2875//229 2876//229 2877//229
f  2878//1 2879//1 2880//1
f  2881//1 2882//1 2883//1
f  2884//1 2885//1 2886//1
f  2887//1 2888//1 2889//1
f  2890//158 2891//158 2892//158
f  2893//159 2894//159 2895//159
f  2896//160 2897//160 2898//160
f  2899//156 2900//156 2901//156
f  2902//1 2903//1 2904//1
f  2905//159 2906//159 2907//159
f  2908//161 2909//161 2910//161
f  2911//162 2912//162 2913//162
f  2914//160 2915//160 2916//160
f  2917//1 2918//1 2919//1
f  2920//161 2921//161 2922//161
f  2923//163 2924//163 2925//163
f  2926//164 2927//164 2928//164
f  2929//162 2930//162 2931//162
f  2932//1 2933//1 2934//1
f  2935//1 2936//1 2937//1
f  2938//1 2939//1 2940//1
f  2941//1 2942//1 2943//1
f  2944//163 2945//163 2946//163
f  2947//165 2948//165 2949//165
f  2950//166 2951//166 2952//166
f  2953//164 2954//164 2955//164
f  2956//165 2957//165 2958//165
f  2959//167 2960//167 2961//167
f  2962//168 2963//168 2964//168
f  2965//166 2966//166 2967//166
f  2968//167 2969//167 2970//167
f  2971//169 2972//169 2973//169
f  2974//170 2975//170 2976//170
f  2977//168 2978//168 2979//168
f  2980//1 2981//1 2982//1
f  2983//1 2984//1 2985//1
f  2986//1 2987//1 2988//1
f  2989//1 2990//1 2991//1
f  2992//169 2993//169 2994//169
f  2995//171 2996//171 2997//171
f  2998//172 2999//172 3000//172
f  3001//170 3002//170 3003//170
f  3004//1 3005//1 3006//1
f  3007//171 3008//171 3009//171
f  3010//2 3011//2 3012//2
f  3013//173 3014//173 3015//173
f  3016//172 3017//172 3018//172
f  3019//2 3020//2 3021//2
f  3022//174 3023//174 3024//174
f  3025//175 3026//175 3027//175
f  3028//173 3029//173 3030//173
f  3031//1 3032//1 3033//1
f  3034//1 3035//1 3036//1
f  3037//1 3038//1 3039//1
f  3040//174 3041//174 3042//174
f  3043//176 3044//176 3045//176
f  3046//177 3047//177 3048//177
f  3049//175 3050//175 3051//175
f  3052//1 3053//1 3054//1
f  3055//1 3056//1 3057//1
f  3058//1 3059//1 3060//1
f  3061//1 3062//1 3063//1
f  3064//1 3065//1 3066//1
f  3067//176 3068//176 3069//176
f  3070//178 3071//178 3072//178
f  3073//179 3074//179 3075//179
f  3076//177 3077//177 3078//177
f  3079//1 3080//1 3081//1
f  3082//178 3083//178 3084//178
f  3085//180 3086//180 3087//180
f  3088//181 3089//181 3090//181
f  3091//179 3092//179 3093//179
f  3094//1 3095//1 3096//1
f  3097//180 3098//180 3099//180
f  3100//182 3101//182 3102//182
f  3103//183 3104//183 3105//183
f  3106//181 3107//181 3108//181
f  3109//1 3110//1 3111//1
f  3112//1 3113//1 3114//1
f  3115//1 3116//1 3117//1
f  3118//1 3119//1 3120//1
f  3121//182 3122//182 3123//182
f  3124//184 3125//184 3126//184
f  3127//185 3128//185 3129//185
f  3130//183 3131//183 3132//183
f  3133//1 3134//1 3135//1
f  3136//184 3137//184 3138//184
f  3139//186 3140//186 3141//186
f  3142//187 3143//187 3144//187
f  3145//185 3146//185 3147//185
f  3148//1 3149//1 3150//1
f  3151//186 3152//186 3153//186
f  3154//188 3155//188 3156//188
f  3157//189 3158//189 3159//189
f  3160//187 3161//187 3162//187
f  3163//1 3164//1 3165//1
f  3166//1 3167//1 3168//1
f  3169//1 3170//1 3171//1
f  3172//1 3173//1 3174//1
f  3175//188 3176//188 3177//188
f  3178//230 3179//230 3180//230
f  3181//193 3182//193 3183//193
f  3184//189 3185//189 3186//189
f  3187//1 3188//1 3189//1
f  3190//1 3191//1 3192//1
f  3193//1 3194//1 3195//1
f  3196//1 3197//1 3198//1
f  3199//230 3200//230 3201//230
f  3202//193 3203//193 3204//193
f  3205//231 3206//231 3207//231
f  3208//197 3209//197 3210//197
f  3211//195 3212//195 3213//195
f  3214//231 3215//231 3216//231
f  3217//1 3218//1 3219//1
f  3220//1 3221//1 3222//1
f  3223//1 3224//1 3225//1
f  3226//197 3227//197 3228//197
f  3229//198 3230//198 3231//198
f  3232//160 3233//160 3234//160
f  3235//195 3236//195 3237//195
f  3238//1 3239//1 3240//1
f  3241//198 3242//198 3243//198
f  3244//199 3245//199 3246//199
f  3247//200 3248//200 3249//200
f  3250//160 3251//160 3252//160
f  3253//1 3254//1 3255//1
f  3256//199 3257//199 3258//199
f  3259//201 3260//201 3261//201
f  3262//202 3263//202 3264//202
f  3265//200 3266//200 3267//200
f  3268//1 3269//1 3270//1
f  3271//1 3272//1 3273//1
f  3274//1 3275//1 3276//1
f  3277//201 3278//201 3279//201
f  3280//203 3281//203 3282//203
f  3283//204 3284//204 3285//204
f  3286//202 3287//202 3288//202
f  3289//1 3290//1 3291//1
f  3292//203 3293//203 3294//203
f  3295//167 3296//167 3297//167
f  3298//205 3299//205 3300//205
f  3301//204 3302//204 3303//204
f  3304//1 3305//1 3306//1
f  3307//167 3308//167 3309//167
f  3310//169 3311//169 3312//169
f  3313//206 3314//206 3315//206
f  3316//205 3317//205 3318//205
f  3319//1 3320//1 3321//1
f  3322//1 3323//1 3324//1
f  3325//1 3326//1 3327//1
f  3328//169 3329//169 3330//169
f  3331//207 3332//207 3333//207
f  3334//208 3335//208 3336//208
f  3337//206 3338//206 3339//206
f  3340//1 3341//1 3342//1
f  3343//1 3344//1 3345//1
f  3346//1 3347//1 3348//1
f  3349//1 3350//1 3351//1
f  3352//207 3353//207 3354//207
f  3355//2 3356//2 3357//2
f  3358//173 3359//173 3360//173
f  3361//208 3362//208 3363//208
f  3364//1 3365//1 3366//1
f  3367//2 3368//2 3369//2
f  3370//174 3371//174 3372//174
f  3373//209 3374//209 3375//209
f  3376//173 3377//173 3378//173
f  3379//1 3380//1 3381//1
f  3382//1 3383//1 3384//1
f  3385//1 3386//1 3387//1
f  3388//1 3389//1 3390//1
f  3391//1 3392//1 3393//1
f  3394//174 3395//174 3396//174
f  3397//176 3398//176 3399//176
f  3400//210 3401//210 3402//210
f  3403//209 3404//209 3405//209
f  3406//1 3407//1 3408//1
f  3409//176 3410//176 3411//176
f  3412//178 3413//178 3414//178
f  3415//211 3416//211 3417//211
f  3418//210 3419//210 3420//210
f  3421//1 3422//1 3423//1
f  3424//178 3425//178 3426//178
f  3427//180 3428//180 3429//180
f  3430//212 3431//212 3432//212
f  3433//211 3434//211 3435//211
f  3436//1 3437//1 3438//1
f  3439//1 3440//1 3441//1
f  3442//1 3443//1 3444//1
f  3445//1 3446//1 3447//1
f  3448//1 3449//1 3450//1
f  3451//180 3452//180 3453//180
f  3454//213 3455//213 3456//213
f  3457//214 3458//214 3459//214
f  3460//212 3461//212 3462//212
f  3463//1 3464//1 3465//1
f  3466//1 3467//1 3468//1
f  3469//213 3470//213 3471//213
f  3472//215 3473//215 3474//215
f  3475//216 3476//216 3477//216
f  3478//214 3479//214 3480//214
f  3481//1 3482//1 3483//1
f  3484//1 3485//1 3486//1
f  3487//215 3488//215 3489//215
f  3490//217 3491//217 3492//217
f  3493//187 3494//187 3495//187
f  3496//216 3497//216 3498//216
f  3499//1 3500//1 3501//1
f  3502//1 3503//1 3504//1
f  3505//1 3506//1 3507//1
f  3508//1 3509//1 3510//1
f  3511//1 3512//1 3513//1
f  3514//1 3515//1 3516//1
f  3517//217 3518//217 3519//217
f  3520//188 3521//188 3522//188
f  3523//218 3524//218 3525//218
f  3526//187 3527//187 3528//187
f  3529//1 3530//1 3531//1
f  3532//188 3533//188 3534//188
f  3535//232 3536//232 3537//232
f  3538//222 3539//222 3540//222
f  3541//218 3542//218 3543//218
f  3544//232 3545//232 3546//232
f  3547//222 3548//222 3549//222
f  3550//31 3551//31 3552//31
f  3553//31 3554//31 3555//31
f  3556//233 3557//233 3558//233
f  3559//151 3560//151 3561//151
f  3562//234 3563//234 3564//234
f  3565//142 3566//142 3567//142
f  3568//235 3569//235 3570//235
f  3571//137 3572//137 3573//137
f  3574//1 3575//1 3576//1
f  3577//236 3578//236 3579//236
f  3580//127 3581//127 3582//127
f  3583//1 3584//1 3585//1
f  3586//123 3587//123 3588//123
f  3589//123 3590//123 3591//123
f  3592//120 3593//120 3594//120
f  3595//120 3596//120 3597//120
f  3598//117 3599//117 3600//117
f  3601//117 3602//117 3603//117
f  3604//8 3605//8 3606//8
f  3607//8 3608//8 3609//8
f  3610//7 3611//7 3612//7
f  3613//7 3614//7 3615//7
f  3616//34 3617//34 3618//34
f  3619//3 3620//3 3621//3
f  3622//30 3623//30 3624//30
f  3625//30 3626//30 3627//30
f  3628//30 3629//30 3630//30
f  3631//30 3632//30 3633//30
f  3634//237 3635//237 3636//237
f  3637//30 3638//30 3639//30
f  3640//30 3641//30 3642//30
f  3643//238 3644//238 3645//238
f  3646//30 3647//30 3648//30
f  3649//30 3650//30 3651//30
f  3652//30 3653//30 3654//30
f  3655//30 3656//30 3657//30
f  3658//30 3659//30 3660//30
f  3661//30 3662//30 3663//30
f  3664//30 3665//30 3666//30
f  3667//30 3668//30 3669//30
f  3670//30 3671//30 3672//30
f  3673//30 3674//30 3675//30
f  3676//30 3677//30 3678//30
f  3679//30 3680//30 3681//30
f  3682//30 3683//30 3684//30
f  3685//30 3686//30 3687//30
f  3688//30 3689//30 3690//30
f  3691//30 3692//30 3693//30
f  3694//30 3695//30 3696//30
f  3697//30 3698//30 3699//30
f  3700//30 3701//30 3702//30
f  3703//30 3704//30 3705//30
f  3706//30 3707//30 3708//30
f  3709//30 3710//30 3711//30
f  3712//30 3713//30 3714//30
f  3715//30 3716//30 3717//30
f  3718//30 3719//30 3720//30
f  3721//30 3722//30 3723//30
f  3724//30 3725//30 3726//30
f  3727//30 3728//30 3729//30
f  3730//30 3731//30 3732//30
f  3733//30 3734//30 3735//30
f  3736//30 3737//30 3738//30
f  3739//30 3740//30 3741//30
f  3742//30 3743//30 3744//30
f  3745//30 3746//30 3747//30
f  3748//30 3749//30 3750//30
f  3751//30 3752//30 3753//30
f  3754//30 3755//30 3756//30
f  3757//30 3758//30 3759//30
f  3760//30 3761//30 3762//30
f  3763//30 3764//30 3765//30
f  3766//30 3767//30 3768//30
f  3769//30 3770//30 3771//30
f  3772//30 3773//30 3774//30
f  3775//30 3776//30 3777//30
f  3778//30 3779//30 3780//30
f  3781//30 3782//30 3783//30
f  3784//30 3785//30 3786//30
f  3787//30 3788//30 3789//30
f  3790//30 3791//30 3792//30
f  3793//30 3794//30 3795//30
f  3796//30 3797//30 3798//30
f  3799//30 3800//30 3801//30
f  3802//30 3803//30 3804//30
f  3805//30 3806//30 3807//30
f  3808//30 3809//30 3810//30
f  3811//30 3812//30 3813//30
f  3814//30 3815//30 3816//30
f  3817//30 3818//30 3819//30
f  3820//30 3821//30 3822//30
f  3823//30 3824//30 3825//30
f  3826//30 3827//30 3828//30
f  3829//30 3830//30 3831//30
f  3832//30 3833//30 3834//30
f  3835//30 3836//30 3837//30
f  3838//30 3839//30 3840//30
f  3841//30 3842//30 3843//30
f  3844//30 3845//30 3846//30
f  3847//30 3848//30 3849//30
f  3850//30 3851//30 3852//30
f  3853//30 3854//30 3855//30
f  3856//30 3857//30 3858//30
f  3859//30 3860//30 3861//30
f  3862//30 3863//30 3864//30
f  3865//30 3866//30 3867//30
f  3868//239 3869//239 3870//239
f  3871//237 3872//237 3873//237
f  3874//240 3875//240 3876//240
f  3877//240 3878//240 3879//240
f  3880//241 3881//241 3882//241
f  3883//242 3884//242 3885//242
f  3886//243 3887//243 3888//243
f  3889//241 3890//241 3891//241
f  3892//244 3893//244 3894//244
f  3895//244 3896//244 3897//244
f  3898//245 3899//245 3900//245
f  3901//246 3902//246 3903//246
f  3904//247 3905//247 3906//247
f  3907//245 3908//245 3909//245
f  3910//248 3911//248 3912//248
f  3913//248 3914//248 3915//248
f  3916//249 3917//249 3918//249
f  3919//250 3920//250 3921//250
f  3922//125 3923//125 3924//125
f  3925//251 3926//251 3927//251
f  3928//249 3929//249 3930//249
f  3931//252 3932//252 3933//252
f  3934//252 3935//252 3936//252
f  3937//253 3938//253 3939//253
f  3940//253 3941//253 3942//253
f  3943//254 3944//254 3945//254
f  3946//254 3947//254 3948//254
f  3949//255 3950//255 3951//255
f  3952//255 3953//255 3954//255
f  3955//256 3956//256 3957//256
f  3958//256 3959//256 3960//256
f  3961//36 3962//36 3963//36
f  3964//9 3965//9 3966//9
f  3967//9 3968//9 3969//9
f  3970//9 3971//9 3972//9
f  3973//257 3974//257 3975//257
f  3976//257 3977//257 3978//257
f  3979//257 3980//257 3981//257
f  3982//258 3983//258 3984//258
f  3985//9 3986//9 3987//9
f  3988//9 3989//9 3990//9
f  3991//9 3992//9 3993//9
f  3994//259 3995//259 3996//259
f  3997//259 3998//259 3999//259
f  4000//259 4001//259 4002//259
f  4003//260 4004//260 4005//260
f  4006//258 4007//258 4008//258
f  4009//258 4010//258 4011//258
f  4012//260 4013//260 4014//260
f  4015//260 4016//260 4017//260
f  4018//31 4019//31 4020//31
f  4021//31 4022//31 4023//31
f  4024//31 4025//31 4026//31
f  4027//261 4028//261 4029//261
f  4030//261 4031//261 4032//261
f  4033//261 4034//261 4035//261
f  4036//262 4037//262 4038//262
f  4039//9 4040//9 4041//9
f  4042//9 4043//9 4044//9
f  4045//9 4046//9 4047//9
f  4048//9 4049//9 4050//9
f  4051//9 4052//9 4053//9
f  4054//9 4055//9 4056//9
f  4057//263 4058//263 4059//263
f  4060//263 4061//263 4062//263
f  4063//263 4064//263 4065//263
f  4066//264 4067//264 4068//264
f  4069//262 4070//262 4071//262
f  4072//262 4073//262 4074//262
f  4075//31 4076//31 4077//31
f  4078//264 4079//264 4080//264
f  4081//264 4082//264 4083//264
f  4084//9 4085//9 4086//9
f  4087//41 4088//41 4089//41
f  4090//265 4091//265 4092//265
f  4093//43 4094//43 4095//43
f  4096//9 4097//9 4098//9
f  4099//41 4100//41 4101//41
f  4102//265 4103//265 4104//265
f  4105//43 4106//43 4107//43
f  4108//41 4109//41 4110//41
f  4111//31 4112//31 4113//31
f  4114//43 4115//43 4116//43
f  4117//266 4118//266 4119//266
f  4120//41 4121//41 4122//41
f  4123//43 4124//43 4125//43
f  4126//266 4127//266 4128//266
f  4129//45 4130//45 4131//45
f  4132//46 4133//46 4134//46
f  4135//47 4136//47 4137//47
f  4138//9 4139//9 4140//9
f  4141//267 4142//267 4143//267
f  4144//268 4145//268 4146//268
f  4147//269 4148//269 4149//269
f  4150//45 4151//45 4152//45
f  4153//31 4154//31 4155//31
f  4156//31 4157//31 4158//31
f  4159//31 4160//31 4161//31
f  4162//47 4163//47 4164//47
f  4165//48 4166//48 4167//48
f  4168//267 4169//267 4170//267
f  4171//269 4172//269 4173//269
f  4174//270 4175//270 4176//270
f  4177//9 4178//9 4179//9
f  4180//265 4181//265 4182//265
f  4183//271 4184//271 4185//271
f  4186//9 4187//9 4188//9
f  4189//265 4190//265 4191//265
f  4192//272 4193//272 4194//272
f  4195//31 4196//31 4197//31
f  4198//31 4199//31 4200//31
f  4201//31 4202//31 4203//31
f  4204//31 4205//31 4206//31
f  4207//266 4208//266 4209//266
f  4210//273 4211//273 4212//273
f  4213//31 4214//31 4215//31
f  4216//31 4217//31 4218//31
f  4219//31 4220//31 4221//31
f  4222//31 4223//31 4224//31
f  4225//266 4226//266 4227//266
f  4228//274 4229//274 4230//274
f  4231//9 4232//9 4233//9
f  4234//46 4235//46 4236//46
f  4237//51 4238//51 4239//51
f  4240//9 4241//9 4242//9
f  4243//9 4244//9 4245//9
f  4246//9 4247//9 4248//9
f  4249//9 4250//9 4251//9
f  4252//268 4253//268 4254//268
f  4255//275 4256//275 4257//275
f  4258//9 4259//9 4260//9
f  4261//31 4262//31 4263//31
f  4264//48 4265//48 4266//48
f  4267//52 4268//52 4269//52
f  4270//31 4271//31 4272//31
f  4273//270 4274//270 4275//270
f  4276//276 4277//276 4278//276
f  4279//9 4280//9 4281//9
f  4282//271 4283//271 4284//271
f  4285//277 4286//277 4287//277
f  4288//9 4289//9 4290//9
f  4291//9 4292//9 4293//9
f  4294//9 4295//9 4296//9
f  4297//9 4298//9 4299//9
f  4300//272 4301//272 4302//272
f  4303//278 4304//278 4305//278
f  4306//9 4307//9 4308//9
f  4309//9 4310//9 4311//9
f  4312//9 4313//9 4314//9
f  4315//273 4316//273 4317//273
f  4318//279 4319//279 4320//279
f  4321//31 4322//31 4323//31
f  4324//274 4325//274 4326//274
f  4327//280 4328//280 4329//280
f  4330//9 4331//9 4332//9
f  4333//51 4334//51 4335//51
f  4336//281 4337//281 4338//281
f  4339//275 4340//275 4341//275
f  4342//281 4343//281 4344//281
f  4345//31 4346//31 4347//31
f  4348//52 4349//52 4350//52
f  4351//282 4352//282 4353//282
f  4354//31 4355//31 4356//31
f  4357//31 4358//31 4359//31
f  4360//276 4361//276 4362//276
f  4363//282 4364//282 4365//282
f  4366//9 4367//9 4368//9
f  4369//277 4370//277 4371//277
f  4372//283 4373//283 4374//283
f  4375//9 4376//9 4377//9
f  4378//278 4379//278 4380//278
f  4381//283 4382//283 4383//283
f  4384//31 4385//31 4386//31
f  4387//279 4388//279 4389//279
f  4390//284 4391//284 4392//284
f  4393//31 4394//31 4395//31
f  4396//280 4397//280 4398//280
f  4399//285 4400//285 4401//285
f  4402//281 4403//281 4404//281
f  4405//59 4406//59 4407//59
f  4408//281 4409//281 4410//281
f  4411//286 4412//286 4413//286
f  4414//9 4415//9 4416//9
f  4417//9 4418//9 4419//9
f  4420//9 4421//9 4422//9
f  4423//31 4424//31 4425//31
f  4426//31 4427//31 4428//31
f  4429//31 4430//31 4431//31
f  4432//31 4433//31 4434//31
f  4435//31 4436//31 4437//31
f  4438//282 4439//282 4440//282
f  4441//60 4442//60 4443//60
f  4444//31 4445//31 4446//31
f  4447//282 4448//282 4449//282
f  4450//287 4451//287 4452//287
f  4453//9 4454//9 4455//9
f  4456//283 4457//283 4458//283
f  4459//288 4460//288 4461//288
f  4462//283 4463//283 4464//283
f  4465//289 4466//289 4467//289
f  4468//31 4469//31 4470//31
f  4471//31 4472//31 4473//31
f  4474//284 4475//284 4476//284
f  4477//290 4478//290 4479//290
f  4480//31 4481//31 4482//31
f  4483//31 4484//31 4485//31
f  4486//31 4487//31 4488//31
f  4489//285 4490//285 4491//285
f  4492//291 4493//291 4494//291
f  4495//59 4496//59 4497//59
f  4498//292 4499//292 4500//292
f  4501//9 4502//9 4503//9
f  4504//9 4505//9 4506//9
f  4507//9 4508//9 4509//9
f  4510//9 4511//9 4512//9
f  4513//286 4514//286 4515//286
f  4516//292 4517//292 4518//292
f  4519//31 4520//31 4521//31
f  4522//31 4523//31 4524//31
f  4525//60 4526//60 4527//60
f  4528//293 4529//293 4530//293
f  4531//31 4532//31 4533//31
f  4534//287 4535//287 4536//287
f  4537//294 4538//294 4539//294
f  4540//9 4541//9 4542//9
f  4543//288 4544//288 4545//288
f  4546//295 4547//295 4548//295
f  4549//9 4550//9 4551//9
f  4552//289 4553//289 4554//289
f  4555//295 4556//295 4557//295
f  4558//9 4559//9 4560//9
f  4561//9 4562//9 4563//9
f  4564//9 4565//9 4566//9
f  4567//31 4568//31 4569//31
f  4570//290 4571//290 4572//290
f  4573//296 4574//296 4575//296
f  4576//31 4577//31 4578//31
f  4579//291 4580//291 4581//291
f  4582//296 4583//296 4584//296
f  4585//9 4586//9 4587//9
f  4588//292 4589//292 4590//292
f  4591//67 4592//67 4593//67
f  4594//292 4595//292 4596//292
f  4597//297 4598//297 4599//297
f  4600//31 4601//31 4602//31
f  4603//293 4604//293 4605//293
f  4606//68 4607//68 4608//68
f  4609//31 4610//31 4611//31
f  4612//294 4613//294 4614//294
f  4615//298 4616//298 4617//298
f  4618//9 4619//9 4620//9
f  4621//295 4622//295 4623//295
f  4624//299 4625//299 4626//299
f  4627//9 4628//9 4629//9
f  4630//295 4631//295 4632//295
f  4633//300 4634//300 4635//300
f  4636//31 4637//31 4638//31
f  4639//31 4640//31 4641//31
f  4642//31 4643//31 4644//31
f  4645//31 4646//31 4647//31
f  4648//296 4649//296 4650//296
f  4651//301 4652//301 4653//301
f  4654//31 4655//31 4656//31
f  4657//296 4658//296 4659//296
f  4660//302 4661//302 4662//302
f  4663//9 4664//9 4665//9
f  4666//67 4667//67 4668//67
f  4669//303 4670//303 4671//303
f  4672//297 4673//297 4674//297
f  4675//304 4676//304 4677//304
f  4678//9 4679//9 4680//9
f  4681//9 4682//9 4683//9
f  4684//9 4685//9 4686//9
f  4687//9 4688//9 4689//9
f  4690//9 4691//9 4692//9
f  4693//9 4694//9 4695//9
f  4696//9 4697//9 4698//9
f  4699//9 4700//9 4701//9
f  4702//31 4703//31 4704//31
f  4705//68 4706//68 4707//68
f  4708//305 4709//305 4710//305
f  4711//31 4712//31 4713//31
f  4714//298 4715//298 4716//298
f  4717//306 4718//306 4719//306
f  4720//9 4721//9 4722//9
f  4723//299 4724//299 4725//299
f  4726//307 4727//307 4728//307
f  4729//300 4730//300 4731//300
f  4732//307 4733//307 4734//307
f  4735//31 4736//31 4737//31
f  4738//31 4739//31 4740//31
f  4741//301 4742//301 4743//301
f  4744//308 4745//308 4746//308
f  4747//31 4748//31 4749//31
f  4750//302 4751//302 4752//302
f  4753//309 4754//309 4755//309
f  4756//303 4757//303 4758//303
f  4759//310 4760//310 4761//310
f  4762//9 4763//9 4764//9
f  4765//9 4766//9 4767//9
f  4768//9 4769//9 4770//9
f  4771//304 4772//304 4773//304
f  4774//310 4775//310 4776//310
f  4777//31 4778//31 4779//31
f  4780//31 4781//31 4782//31
f  4783//31 4784//31 4785//31
f  4786//31 4787//31 4788//31
f  4789//305 4790//305 4791//305
f  4792//311 4793//311 4794//311
f  4795//31 4796//31 4797//31
f  4798//306 4799//306 4800//306
f  4801//312 4802//312 4803//312
f  4804//307 4805//307 4806//307
f  4807//313 4808//313 4809//313
f  4810//307 4811//307 4812//307
f  4813//314 4814//314 4815//314
f  4816//9 4817//9 4818//9
f  4819//9 4820//9 4821//9
f  4822//31 4823//31 4824//31
f  4825//308 4826//308 4827//308
f  4828//315 4829//315 4830//315
f  4831//31 4832//31 4833//31
f  4834//31 4835//31 4836//31
f  4837//31 4838//31 4839//31
f  4840//309 4841//309 4842//309
f  4843//316 4844//316 4845//316
f  4846//9 4847//9 4848//9
f  4849//310 4850//310 4851//310
f  4852//79 4853//79 4854//79
f  4855//9 4856//9 4857//9
f  4858//9 4859//9 4860//9
f  4861//9 4862//9 4863//9
f  4864//9 4865//9 4866//9
f  4867//9 4868//9 4869//9
f  4870//310 4871//310 4872//310
f  4873//317 4874//317 4875//317
f  4876//31 4877//31 4878//31
f  4879//311 4880//311 4881//311
f  4882//80 4883//80 4884//80
f  4885//31 4886//31 4887//31
f  4888//31 4889//31 4890//31
f  4891//31 4892//31 4893//31
f  4894//312 4895//312 4896//312
f  4897//318 4898//318 4899//318
f  4900//313 4901//313 4902//313
f  4903//319 4904//319 4905//319
f  4906//9 4907//9 4908//9
f  4909//9 4910//9 4911//9
f  4912//314 4913//314 4914//314
f  4915//320 4916//320 4917//320
f  4918//9 4919//9 4920//9
f  4921//9 4922//9 4923//9
f  4924//31 4925//31 4926//31
f  4927//31 4928//31 4929//31
f  4930//31 4931//31 4932//31
f  4933//315 4934//315 4935//315
f  4936//321 4937//321 4938//321
f  4939//31 4940//31 4941//31
f  4942//31 4943//31 4944//31
f  4945//31 4946//31 4947//31
f  4948//31 4949//31 4950//31
f  4951//316 4952//316 4953//316
f  4954//322 4955//322 4956//322
f  4957//9 4958//9 4959//9
f  4960//79 4961//79 4962//79
f  4963//323 4964//323 4965//323
f  4966//317 4967//317 4968//317
f  4969//323 4970//323 4971//323
f  4972//80 4973//80 4974//80
f  4975//324 4976//324 4977//324
f  4978//31 4979//31 4980//31
f  4981//31 4982//31 4983//31
f  4984//31 4985//31 4986//31
f  4987//31 4988//31 4989//31
f  4990//31 4991//31 4992//31
f  4993//318 4994//318 4995//318
f  4996//324 4997//324 4998//324
f  4999//31 5000//31 5001//31
f  5002//31 5003//31 5004//31
f  5005//31 5006//31 5007//31
f  5008//31 5009//31 5010//31
f  5011//9 5012//9 5013//9
f  5014//319 5015//319 5016//319
f  5017//325 5018//325 5019//325
f  5020//9 5021//9 5022//9
f  5023//320 5024//320 5025//320
f  5026//325 5027//325 5028//325
f  5029//9 5030//9 5031//9
f  5032//9 5033//9 5034//9
f  5035//31 5036//31 5037//31
f  5038//321 5039//321 5040//321
f  5041//326 5042//326 5043//326
f  5044//31 5045//31 5046//31
f  5047//31 5048//31 5049//31
f  5050//322 5051//322 5052//322
f  5053//327 5054//327 5055//327
f  5056//9 5057//9 5058//9
f  5059//323 5060//323 5061//323
f  5062//87 5063//87 5064//87
f  5065//9 5066//9 5067//9
f  5068//9 5069//9 5070//9
f  5071//9 5072//9 5073//9
f  5074//323 5075//323 5076//323
f  5077//328 5078//328 5079//328
f  5080//9 5081//9 5082//9
f  5083//9 5084//9 5085//9
f  5086//31 5087//31 5088//31
f  5089//31 5090//31 5091//31
f  5092//31 5093//31 5094//31
f  5095//31 5096//31 5097//31
f  5098//31 5099//31 5100//31
f  5101//31 5102//31 5103//31
f  5104//324 5105//324 5106//324
f  5107//88 5108//88 5109//88
f  5110//31 5111//31 5112//31
f  5113//31 5114//31 5115//31
f  5116//324 5117//324 5118//324
f  5119//329 5120//329 5121//329
f  5122//9 5123//9 5124//9
f  5125//325 5126//325 5127//325
f  5128//330 5129//330 5130//330
f  5131//9 5132//9 5133//9
f  5134//9 5135//9 5136//9
f  5137//9 5138//9 5139//9
f  5140//9 5141//9 5142//9
f  5143//325 5144//325 5145//325
f  5146//331 5147//331 5148//331
f  5149//9 5150//9 5151//9
f  5152//9 5153//9 5154//9
f  5155//31 5156//31 5157//31
f  5158//31 5159//31 5160//31
f  5161//326 5162//326 5163//326
f  5164//332 5165//332 5166//332
f  5167//31 5168//31 5169//31
f  5170//31 5171//31 5172//31
f  5173//327 5174//327 5175//327
f  5176//333 5177//333 5178//333
f  5179//9 5180//9 5181//9
f  5182//87 5183//87 5184//87
f  5185//91 5186//91 5187//91
f  5188//9 5189//9 5190//9
f  5191//328 5192//328 5193//328
f  5194//91 5195//91 5196//91
f  5197//9 5198//9 5199//9
f  5200//9 5201//9 5202//9
f  5203//31 5204//31 5205//31
f  5206//88 5207//88 5208//88
f  5209//92 5210//92 5211//92
f  5212//31 5213//31 5214//31
f  5215//31 5216//31 5217//31
f  5218//329 5219//329 5220//329
f  5221//334 5222//334 5223//334
f  5224//9 5225//9 5226//9
f  5227//330 5228//330 5229//330
f  5230//335 5231//335 5232//335
f  5233//9 5234//9 5235//9
f  5236//331 5237//331 5238//331
f  5239//335 5240//335 5241//335
f  5242//9 5243//9 5244//9
f  5245//9 5246//9 5247//9
f  5248//31 5249//31 5250//31
f  5251//31 5252//31 5253//31
f  5254//31 5255//31 5256//31
f  5257//31 5258//31 5259//31
f  5260//332 5261//332 5262//332
f  5263//336 5264//336 5265//336
f  5266//31 5267//31 5268//31
f  5269//31 5270//31 5271//31
f  5272//31 5273//31 5274//31
f  5275//31 5276//31 5277//31
f  5278//31 5279//31 5280//31
f  5281//333 5282//333 5283//333
f  5284//336 5285//336 5286//336
f  5287//9 5288//9 5289//9
f  5290//91 5291//91 5292//91
f  5293//337 5294//337 5295//337
f  5296//9 5297//9 5298//9
f  5299//91 5300//91 5301//91
f  5302//338 5303//338 5304//338
f  5305//9 5306//9 5307//9
f  5308//9 5309//9 5310//9
f  5311//9 5312//9 5313//9
f  5314//31 5315//31 5316//31
f  5317//92 5318//92 5319//92
f  5320//339 5321//339 5322//339
f  5323//31 5324//31 5325//31
f  5326//31 5327//31 5328//31
f  5329//31 5330//31 5331//31
f  5332//31 5333//31 5334//31
f  5335//31 5336//31 5337//31
f  5338//334 5339//334 5340//334
f  5341//340 5342//340 5343//340
f  5344//31 5345//31 5346//31
f  5347//31 5348//31 5349//31
f  5350//9 5351//9 5352//9
f  5353//9 5354//9 5355//9
f  5356//335 5357//335 5358//335
f  5359//341 5360//341 5361//341
f  5362//9 5363//9 5364//9
f  5365//335 5366//335 5367//335
f  5368//342 5369//342 5370//342
f  5371//9 5372//9 5373//9
f  5374//9 5375//9 5376//9
f  5377//9 5378//9 5379//9
f  5380//31 5381//31 5382//31
f  5383//336 5384//336 5385//336
f  5386//343 5387//343 5388//343
f  5389//31 5390//31 5391//31
f  5392//31 5393//31 5394//31
f  5395//336 5396//336 5397//336
f  5398//344 5399//344 5400//344
f  5401//9 5402//9 5403//9
f  5404//337 5405//337 5406//337
f  5407//345 5408//345 5409//345
f  5410//9 5411//9 5412//9
f  5413//9 5414//9 5415//9
f  5416//9 5417//9 5418//9
f  5419//9 5420//9 5421//9
f  5422//338 5423//338 5424//338
f  5425//346 5426//346 5427//346
f  5428//31 5429//31 5430//31
f  5431//31 5432//31 5433//31
f  5434//31 5435//31 5436//31
f  5437//31 5438//31 5439//31
f  5440//339 5441//339 5442//339
f  5443//347 5444//347 5445//347
f  5446//31 5447//31 5448//31
f  5449//31 5450//31 5451//31
f  5452//340 5453//340 5454//340
f  5455//348 5456//348 5457//348
f  5458//9 5459//9 5460//9
f  5461//341 5462//341 5463//341
f  5464//349 5465//349 5466//349
f  5467//9 5468//9 5469//9
f  5470//9 5471//9 5472//9
f  5473//9 5474//9 5475//9
f  5476//9 5477//9 5478//9
f  5479//342 5480//342 5481//342
f  5482//350 5483//350 5484//350
f  5485//31 5486//31 5487//31
f  5488//343 5489//343 5490//343
f  5491//351 5492//351 5493//351
f  5494//31 5495//31 5496//31
f  5497//31 5498//31 5499//31
f  5500//344 5501//344 5502//344
f  5503//352 5504//352 5505//352
f  5506//9 5507//9 5508//9
f  5509//345 5510//345 5511//345
f  5512//353 5513//353 5514//353
f  5515//9 5516//9 5517//9
f  5518//346 5519//346 5520//346
f  5521//353 5522//353 5523//353
f  5524//31 5525//31 5526//31
f  5527//347 5528//347 5529//347
f  5530//354 5531//354 5532//354
f  5533//31 5534//31 5535//31
f  5536//348 5537//348 5538//348
f  5539//354 5540//354 5541//354
f  5542//9 5543//9 5544//9
f  5545//9 5546//9 5547//9
f  5548//349 5549//349 5550//349
f  5551//355 5552//355 5553//355
f  5554//9 5555//9 5556//9
f  5557//350 5558//350 5559//350
f  5560//356 5561//356 5562//356
f  5563//31 5564//31 5565//31
f  5566//31 5567//31 5568//31
f  5569//31 5570//31 5571//31
f  5572//31 5573//31 5574//31
f  5575//351 5576//351 5577//351
f  5578//357 5579//357 5580//357
f  5581//31 5582//31 5583//31
f  5584//352 5585//352 5586//352
f  5587//358 5588//358 5589//358
f  5590//9 5591//9 5592//9
f  5593//353 5594//353 5595//353
f  5596//359 5597//359 5598//359
f  5599//9 5600//9 5601//9
f  5602//353 5603//353 5604//353
f  5605//359 5606//359 5607//359
f  5608//9 5609//9 5610//9
f  5611//9 5612//9 5613//9
f  5614//9 5615//9 5616//9
f  5617//31 5618//31 5619//31
f  5620//354 5621//354 5622//354
f  5623//360 5624//360 5625//360
f  5626//31 5627//31 5628//31
f  5629//31 5630//31 5631//31
f  5632//354 5633//354 5634//354
f  5635//360 5636//360 5637//360
f  5638//9 5639//9 5640//9
f  5641//355 5642//355 5643//355
f  5644//361 5645//361 5646//361
f  5647//361 5648//361 5649//361
f  5650//362 5651//362 5652//362
f  5653//9 5654//9 5655//9
f  5656//9 5657//9 5658//9
f  5659//356 5660//356 5661//356
f  5662//363 5663//363 5664//363
f  5665//363 5666//363 5667//363
f  5668//364 5669//364 5670//364
f  5671//9 5672//9 5673//9
f  5674//9 5675//9 5676//9
f  5677//9 5678//9 5679//9
f  5680//31 5681//31 5682//31
f  5683//357 5684//357 5685//357
f  5686//362 5687//362 5688//362
f  5689//362 5690//362 5691//362
f  5692//361 5693//361 5694//361
f  5695//31 5696//31 5697//31
f  5698//31 5699//31 5700//31
f  5701//31 5702//31 5703//31
f  5704//358 5705//358 5706//358
f  5707//364 5708//364 5709//364
f  5710//364 5711//364 5712//364
f  5713//363 5714//363 5715//363
f  5716//9 5717//9 5718//9
f  5719//359 5720//359 5721//359
f  5722//365 5723//365 5724//365
f  5725//365 5726//365 5727//365
f  5728//366 5729//366 5730//366
f  5731//9 5732//9 5733//9
f  5734//9 5735//9 5736//9
f  5737//9 5738//9 5739//9
f  5740//9 5741//9 5742//9
f  5743//359 5744//359 5745//359
f  5746//367 5747//367 5748//367
f  5749//367 5750//367 5751//367
f  5752//368 5753//368 5754//368
f  5755//31 5756//31 5757//31
f  5758//31 5759//31 5760//31
f  5761//31 5762//31 5763//31
f  5764//31 5765//31 5766//31
f  5767//31 5768//31 5769//31
f  5770//360 5771//360 5772//360
f  5773//366 5774//366 5775//366
f  5776//369 5777//369 5778//369
f  5779//31 5780//31 5781//31
f  5782//360 5783//360 5784//360
f  5785//368 5786//368 5787//368
f  5788//369 5789//369 5790//369
f  5791//9 5792//9 5793//9
f  5794//9 5795//9 5796//9
f  5797//31 5798//31 5799//31
f  5800//31 5801//31 5802//31
f  5803//31 5804//31 5805//31
f  5806//31 5807//31 5808//31
f  5809//9 5810//9 5811//9
f  5812//31 5813//31 5814//31
f  5815//31 5816//31 5817//31
f  5818//9 5819//9 5820//9
f  5821//31 5822//31 5823//31
f  5824//31 5825//31 5826//31
f  5827//31 5828//31 5829//31
f  5830//31 5831//31 5832//31
f  5833//31 5834//31 5835//31
f  5836//9 5837//9 5838//9
f  5839//9 5840//9 5841//9
f  5842//9 5843//9 5844//9
f  5845//9 5846//9 5847//9
f  5848//31 5849//31 5850//31
f  5851//31 5852//31 5853//31
f  5854//9 5855//9 5856//9
f  5857//9 5858//9 5859//9
f  5860//9 5861//9 5862//9
f  5863//31 5864//31 5865//31
f  5866//31 5867//31 5868//31
f  5869//9 5870//9 5871//9
f  5872//31 5873//31 5874//31
f  5875//9 5876//9 5877//9
f  5878//9 5879//9 5880//9
f  5881//9 5882//9 5883//9
f  5884//9 5885//9 5886//9
f  5887//2 5888//2 5889//2
f  5890//2 5891//2 5892//2
f  5893//30 5894//30 5895//30
f  5896//30 5897//30 5898//30
f  5899//30 5900//30 5901//30
f  5902//30 5903//30 5904//30
f  5905//9 5906//9 5907//9
f  5908//3 5909//3 5910//3
f  5911//5 5912//5 5913//5
f  5914//2 5915//2 5916//2
f  5917//31 5918//31 5919//31
f  5920//2 5921//2 5922//2
f  5923//370 5924//370 5925//370
f  5926//370 5927//370 5928//370
f  5929//371 5930//371 5931//371
f  5932//371 5933//371 5934//371
f  5935//372 5936//372 5937//372
f  5938//372 5939//372 5940//372
f  5941//373 5942//373 5943//373
f  5944//373 5945//373 5946//373
f  5947//374 5948//374 5949//374
f  5950//374 5951//374 5952//374
f  5953//375 5954//375 5955//375
f  5956//375 5957//375 5958//375
f  5959//376 5960//376 5961//376
f  5962//376 5963//376 5964//376
f  5965//377 5966//377 5967//377
f  5968//377 5969//377 5970//377
f  5971//378 5972//378 5973//378
f  5974//378 5975//378 5976//378
f  5977//379 5978//379 5979//379
f  5980//379 5981//379 5982//379
f  5983//380 5984//380 5985//380
f  5986//380 5987//380 5988//380
f  5989//381 5990//381 5991//381
f  5992//381 5993//381 5994//381
f  5995//382 5996//382 5997//382
f  5998//382 5999//382 6000//382
f  6001//383 6002//383 6003//383
f  6004//383 6005//383 6006//383
f  6007//384 6008//384 6009//384
f  6010//384 6011//384 6012//384
f  6013//385 6014//385 6015//385
f  6016//385 6017//385 6018//385
f  6019//386 6020//386 6021//386
f  6022//386 6023//386 6024//386
f  6025//387 6026//387 6027//387
f  6028//387 6029//387 6030//387
f  6031//388 6032//388 6033//388
f  6034//388 6035//388 6036//388
f  6037//389 6038//389 6039//389
f  6040//389 6041//389 6042//389
f  6043//390 6044//390 6045//390
f  6046//390 6047//390 6048//390
f  6049//391 6050//391 6051//391
f  6052//391 6053//391 6054//391
f  6055//392 6056//392 6057//392
f  6058//392 6059//392 6060//392
f  6061//393 6062//393 6063//393
f  6064//393 6065//393 6066//393
f  6067//394 6068//394 6069//394
f  6070//394 6071//394 6072//394
f  6073//395 6074//395 6075//395
f  6076//395 6077//395 6078//395
f  6079//396 6080//396 6081//396
f  6082//396 6083//396 6084//396
f  6085//397 6086//397 6087//397
f  6088//397 6089//397 6090//397
f  6091//398 6092//398 6093//398
f  6094//398 6095//398 6096//398
f  6097//399 6098//399 6099//399
f  6100//399 6101//399 6102//399
f  6103//400 6104//400 6105//400
f  6106//400 6107//400 6108//400
f  6109//401 6110//401 6111//401
f  6112//401 6113//401 6114//401
f  6115//402 6116//402 6117//402
f  6118//402 6119//402 6120//402
f  6121//403 6122//403 6123//403
f  6124//403 6125//403 6126//403
f  6127//404 6128//404 6129//404
f  6130//404 6131//404 6132//404
f  6133//405 6134//405 6135//405
f  6136//405 6137//405 6138//405
f  6139//406 6140//406 6141//406
f  6142//406 6143//406 6144//406
f  6145//407 6146//407 6147//407
f  6148//407 6149//407 6150//407
f  6151//408 6152//408 6153//408
f  6154//408 6155//408 6156//408
f  6157//409 6158//409 6159//409
f  6160//409 6161//409 6162//409
f  6163//410 6164//410 6165//410
f  6166//410 6167//410 6168//410
f  6169//411 6170//411 6171//411
f  6172//411 6173//411 6174//411
f  6175//412 6176//412 6177//412
f  6178//412 6179//412 6180//412
f  6181//413 6182//413 6183//413
f  6184//413 6185//413 6186//413
f  6187//414 6188//414 6189//414
f  6190//414 6191//414 6192//414
f  6193//415 6194//415 6195//415
f  6196//415 6197//415 6198//415
f  6199//416 6200//416 6201//416
f  6202//416 6203//416 6204//416
f  6205//417 6206//417 6207//417
f  6208//417 6209//417 6210//417
f  6211//418 6212//418 6213//418
f  6214//418 6215//418 6216//418
f  6217//419 6218//419 6219//419
f  6220//419 6221//419 6222//419
f  6223//420 6224//420 6225//420
f  6226//420 6227//420 6228//420
f  6229//421 6230//421 6231//421
f  6232//421 6233//421 6234//421
f  6235//422 6236//422 6237//422
f  6238//422 6239//422 6240//422
f  6241//423 6242//423 6243//423
f  6244//423 6245//423 6246//423
f  6247//424 6248//424 6249//424
f  6250//424 6251//424 6252//424
f  6253//425 6254//425 6255//425
f  6256//425 6257//425 6258//425
f  6259//426 6260//426 6261//426
f  6262//426 6263//426 6264//426
f  6265//427 6266//427 6267//427
f  6268//427 6269//427 6270//427
f  6271//428 6272//428 6273//428
f  6274//428 6275//428 6276//428
f  6277//429 6278//429 6279//429
f  6280//429 6281//429 6282//429
f  6283//430 6284//430 6285//430
f  6286//430 6287//430 6288//430
f  6289//431 6290//431 6291//431
f  6292//431 6293//431 6294//431
f  6295//432 6296//432 6297//432
f  6298//432 6299//432 6300//432
f  6301//433 6302//433 6303//433
f  6304//433 6305//433 6306//433
f  6307//434 6308//434 6309//434
f  6310//434 6311//434 6312//434
f  6313//435 6314//435 6315//435
f  6316//435 6317//435 6318//435
f  6319//436 6320//436 6321//436
f  6322//436 6323//436 6324//436
f  6325//437 6326//437 6327//437
f  6328//437 6329//437 6330//437
f  6331//438 6332//438 6333//438
f  6334//438 6335//438 6336//438
f  6337//439 6338//439 6339//439
f  6340//439 6341//439 6342//439
f  6343//440 6344//440 6345//440
f  6346//440 6347//440 6348//440
f  6349//441 6350//441 6351//441
f  6352//441 6353//441 6354//441
f  6355//442 6356//442 6357//442
f  6358//442 6359//442 6360//442
f  6361//443 6362//443 6363//443
f  6364//443 6365//443 6366//443
f  6367//444 6368//444 6369//444
f  6370//444 6371//444 6372//444
f  6373//445 6374//445 6375//445
f  6376//445 6377//445 6378//445
f  6379//446 6380//446 6381//446
f  6382//446 6383//446 6384//446
f  6385//447 6386//447 6387//447
f  6388//447 6389//447 6390//447
f  6391//448 6392//448 6393//448
f  6394//448 6395//448 6396//448
f  6397//449 6398//449 6399//449
f  6400//449 6401//449 6402//449
f  6403//450 6404//450 6405//450
f  6406//450 6407//450 6408//450
f  6409//451 6410//451 6411//451
f  6412//451 6413//451 6414//451
f  6415//452 6416//452 6417//452
f  6418//452 6419//452 6420//452
f  6421//453 6422//453 6423//453
f  6424//453 6425//453 6426//453
f  6427//454 6428//454 6429//454
f  6430//454 6431//454 6432//454
f  6433//455 6434//455 6435//455
f  6436//455 6437//455 6438//455
f  6439//456 6440//456 6441//456
f  6442//456 6443//456 6444//456
f  6445//457 6446//457 6447//457
f  6448//458 6449//458 6450//458
f  6451//458 6452//458 6453//458
f  6454//459 6455//459 6456//459
f  6457//459 6458//459 6459//459
f  6460//460 6461//460 6462//460
f  6463//460 6464//460 6465//460
f  6466//461 6467//461 6468//461
f  6469//461 6470//461 6471//461
f  6472//462 6473//462 6474//462
f  6475//462 6476//462 6477//462
f  6478//463 6479//463 6480//463
f  6481//463 6482//463 6483//463
f  6484//464 6485//464 6486//464
f  6487//464 6488//464 6489//464
f  6490//465 6491//465 6492//465
f  6493//465 6494//465 6495//465
f  6496//466 6497//466 6498//466
f  6499//466 6500//466 6501//466
f  6502//467 6503//467 6504//467
f  6505//467 6506//467 6507//467
f  6508//468 6509//468 6510//468
f  6511//468 6512//468 6513//468
f  6514//469 6515//469 6516//469
f  6517//469 6518//469 6519//469
f  6520//470 6521//470 6522//470
f  6523//470 6524//470 6525//470
f  6526//457 6527//457 6528//457
f  6529//471 6530//471 6531//471
f  6532//471 6533//471 6534//471
f  6535//471 6536//471 6537//471
f  6538//471 6539//471 6540//471
f  6541//471 6542//471 6543//471
f  6544//471 6545//471 6546//471
f  6547//471 6548//471 6549//471
f  6550//471 6551//471 6552//471
f  6553//471 6554//471 6555//471
f  6556//471 6557//471 6558//471
f  6559//471 6560//471 6561//471
f  6562//471 6563//471 6564//471
f  6565//471 6566//471 6567//471
f  6568//471 6569//471 6570//471
f  6571//471 6572//471 6573//471
f  6574//471 6575//471 6576//471
f  6577//471 6578//471 6579//471
f  6580//471 6581//471 6582//471
f  6583//471 6584//471 6585//471
f  6586//471 6587//471 6588//471
f  6589//471 6590//471 6591//471
f  6592//471 6593//471 6594//471
f  6595//471 6596//471 6597//471
f  6598//471 6599//471 6600//471
f  6601//471 6602//471 6603//471
f  6604//471 6605//471 6606//471
f  6607//471 6608//471 6609//471
f  6610//471 6611//471 6612//471
f  6613//471 6614//471 6615//471
f  6616//471 6617//471 6618//471
f  6619//471 6620//471 6621//471
f  6622//471 6623//471 6624//471
f  6625//472 6626//472 6627//472
f  6628//472 6629//472 6630//472
f  6631//472 6632//472 6633//472
f  6634//472 6635//472 6636//472
f  6637//472 6638//472 6639//472
f  6640//472 6641//472 6642//472
f  6643//472 6644//472 6645//472
f  6646//472 6647//472 6648//472
f  6649//472 6650//472 6651//472
f  6652//472 6653//472 6654//472
f  6655//472 6656//472 6657//472
f  6658//472 6659//472 6660//472
f  6661//434 6662//434 6663//434
f  6664//434 6665//434 6666//434
f  6667//434 6668//434 6669//434
f  6670//434 6671//434 6672//434
f  6673//473 6674//473 6675//473
f  6676//473 6677//473 6678//473
f  6679//474 6680//474 6681//474
f  6682//474 6683//474 6684//474
f  6685//475 6686//475 6687//475
f  6688//475 6689//475 6690//475
f  6691//434 6692//434 6693//434
f  6694//434 6695//434 6696//434
f  6697//476 6698//476 6699//476
f  6700//476 6701//476 6702//476
f  6703//477 6704//477 6705//477
f  6706//477 6707//477 6708//477
f  6709//478 6710//478 6711//478
f  6712//478 6713//478 6714//478
f  6715//434 6716//434 6717//434
f  6718//434 6719//434 6720//434
f  6721//434 6722//434 6723//434
f  6724//434 6725//434 6726//434
f  6727//479 6728//479 6729//479
f  6730//479 6731//479 6732//479
f  6733//480 6734//480 6735//480
f  6736//480 6737//480 6738//480
f  6739//481 6740//481 6741//481
f  6742//481 6743//481 6744//481
f  6745//434 6746//434 6747//434
f  6748//434 6749//434 6750//434
f  6751//482 6752//482 6753//482
f  6754//482 6755//482 6756//482
f  6757//483 6758//483 6759//483
f  6760//483 6761//483 6762//483
f  6763//484 6764//484 6765//484
f  6766//484 6767//484 6768//484
f  6769//485 6770//485 6771//485
f  6772//485 6773//485 6774//485
f  6775//486 6776//486 6777//486
f  6778//486 6779//486 6780//486
f  6781//487 6782//487 6783//487
f  6784//487 6785//487 6786//487
f  6787//488 6788//488 6789//488
f  6790//488 6791//488 6792//488
f  6793//489 6794//489 6795//489
f  6796//489 6797//489 6798//489
f  6799//490 6800//490 6801//490
f  6802//490 6803//490 6804//490
f  6805//491 6806//491 6807//491
f  6808//491 6809//491 6810//491
f  6811//492 6812//492 6813//492
f  6814//492 6815//492 6816//492
f  6817//493 6818//493 6819//493
f  6820//493 6821//493 6822//493
f  6823//494 6824//494 6825//494
f  6826//494 6827//494 6828//494
f  6829//495 6830//495 6831//495
f  6832//495 6833//495 6834//495
f  6835//496 6836//496 6837//496
f  6838//496 6839//496 6840//496
f  6841//497 6842//497 6843//497
f  6844//497 6845//497 6846//497
f  6847//498 6848//498 6849//498
f  6850//498 6851//498 6852//498
f  6853//499 6854//499 6855//499
f  6856//499 6857//499 6858//499
f  6859//500 6860//500 6861//500
f  6862//500 6863//500 6864//500
f  6865//501 6866//501 6867//501
f  6868//501 6869//501 6870//501
f  6871//502 6872//502 6873//502
f  6874//502 6875//502 6876//502
f  6877//503 6878//503 6879//503
f  6880//503 6881//503 6882//503
f  6883//504 6884//504 6885//504
f  6886//504 6887//504 6888//504
f  6889//505 6890//505 6891//505
f  6892//505 6893//505 6894//505
f  6895//506 6896//506 6897//506
f  6898//506 6899//506 6900//506
f  6901//507 6902//507 6903//507
f  6904//507 6905//507 6906//507
f  6907//508 6908//508 6909//508
f  6910//508 6911//508 6912//508
f  6913//471 6914//471 6915//471
f  6916//471 6917//471 6918//471
f  6919//509 6920//509 6921//509
f  6922//509 6923//509 6924//509
f  6925//510 6926//510 6927//510
f  6928//510 6929//510 6930//510
f  6931//511 6932//511 6933//511
f  6934//511 6935//511 6936//511
f  6937//512 6938//512 6939//512
f  6940//512 6941//512 6942//512
f  6943//513 6944//513 6945//513
f  6946//513 6947//513 6948//513
f  6949//514 6950//514 6951//514
f  6952//514 6953//514 6954//514
f  6955//515 6956//515 6957//515
f  6958//515 6959//515 6960//515
f  6961//516 6962//516 6963//516
f  6964//516 6965//516 6966//516
f  6967//517 6968//517 6969//517
f  6970//517 6971//517 6972//517
f  6973//518 6974//518 6975//518
f  6976//518 6977//518 6978//518
f  6979//519 6980//519 6981//519
f  6982//519 6983//519 6984//519
f  6985//520 6986//520 6987//520
f  6988//520 6989//520 6990//520
f  6991//521 6992//521 6993//521
f  6994//521 6995//521 6996//521
f  6997//522 6998//522 6999//522
f  7000//522 7001//522 7002//522
f  7003//523 7004//523 7005//523
f  7006//523 7007//523 7008//523
f  7009//524 7010//524 7011//524
f  7012//524 7013//524 7014//524
f  7015//525 7016//525 7017//525
f  7018//525 7019//525 7020//525
f  7021//526 7022//526 7023//526
f  7024//526 7025//526 7026//526
f  7027//527 7028//527 7029//527
f  7030//527 7031//527 7032//527
f  7033//528 7034//528 7035//528
f  7036//528 7037//528 7038//528
f  7039//529 7040//529 7041//529
f  7042//529 7043//529 7044//529
f  7045//530 7046//530 7047//530
f  7048//530 7049//530 7050//530
f  7051//531 7052//531 7053//531
f  7054//531 7055//531 7056//531
f  7057//532 7058//532 7059//532
f  7060//532 7061//532 7062//532
f  7063//533 7064//533 7065//533
f  7066//533 7067//533 7068//533
f  7069//534 7070//534 7071//534
f  7072//534 7073//534 7074//534
f  7075//535 7076//535 7077//535
f  7078//535 7079//535 7080//535
f  7081//536 7082//536 7083//536
f  7084//536 7085//536 7086//536
f  7087//434 7088//434 7089//434
f  7090//434 7091//434 7092//434
f  7093//537 7094//537 7095//537
f  7096//537 7097//537 7098//537
f  7099//538 7100//538 7101//538
f  7102//538 7103//538 7104//538
f  7105//539 7106//539 7107//539
f  7108//539 7109//539 7110//539
f  7111//540 7112//540 7113//540
f  7114//540 7115//540 7116//540
f  7117//541 7118//541 7119//541
f  7120//541 7121//541 7122//541
f  7123//542 7124//542 7125//542
f  7126//542 7127//542 7128//542
f  7129//543 7130//543 7131//543
f  7132//543 7133//543 7134//543
f  7135//544 7136//544 7137//544
f  7138//544 7139//544 7140//544
f  7141//545 7142//545 7143//545
f  7144//545 7145//545 7146//545
f  7147//546 7148//546 7149//546
f  7150//546 7151//546 7152//546
f  7153//547 7154//547 7155//547
f  7156//547 7157//547 7158//547
f  7159//548 7160//548 7161//548
f  7162//548 7163//548 7164//548
f  7165//549 7166//549 7167//549
f  7168//549 7169//549 7170//549
f  7171//550 7172//550 7173//550
f  7174//550 7175//550 7176//550
f  7177//434 7178//434 7179//434
f  7180//434 7181//434 7182//434
f  7183//551 7184//551 7185//551
f  7186//551 7187//551 7188//551
f  7189//552 7190//552 7191//552
f  7192//552 7193//552 7194//552
f  7195//553 7196//553 7197//553
f  7198//553 7199//553 7200//553
f  7201//554 7202//554 7203//554
f  7204//554 7205//554 7206//554
f  7207//555 7208//555 7209//555
f  7210//555 7211//555 7212//555
f  7213//556 7214//556 7215//556
f  7216//556 7217//556 7218//556
f  7219//557 7220//557 7221//557
f  7222//557 7223//557 7224//557
f  7225//558 7226//558 7227//558
f  7228//558 7229//558 7230//558
f  7231//559 7232//559 7233//559
f  7234//559 7235//559 7236//559
f  7237//560 7238//560 7239//560
f  7240//560 7241//560 7242//560
f  7243//561 7244//561 7245//561
f  7246//561 7247//561 7248//561
f  7249//562 7250//562 7251//562
f  7252//562 7253//562 7254//562
f  7255//563 7256//563 7257//563
f  7258//563 7259//563 7260//563
f  7261//564 7262//564 7263//564
f  7264//564 7265//564 7266//564
f  7267//565 7268//565 7269//565
f  7270//565 7271//565 7272//565
f  7273//566 7274//566 7275//566
f  7276//566 7277//566 7278//566
f  7279//567 7280//567 7281//567
f  7282//567 7283//567 7284//567
f  7285//568 7286//568 7287//568
f  7288//568 7289//568 7290//568
f  7291//569 7292//569 7293//569
f  7294//569 7295//569 7296//569
f  7297//570 7298//570 7299//570
f  7300//570 7301//570 7302//570
f  7303//571 7304//571 7305//571
f  7306//571 7307//571 7308//571
f  7309//572 7310//572 7311//572
f  7312//572 7313//572 7314//572
f  7315//434 7316//434 7317//434
f  7318//434 7319//434 7320//434
f  7321//573 7322//573 7323//573
f  7324//573 7325//573 7326//573
f  7327//574 7328//574 7329//574
f  7330//574 7331//574 7332//574
f  7333//575 7334//575 7335//575
f  7336//575 7337//575 7338//575
f  7339//576 7340//576 7341//576
f  7342//576 7343//576 7344//576
f  7345//577 7346//577 7347//577
f  7348//577 7349//577 7350//577
f  7351//434 7352//434 7353//434
f  7354//434 7355//434 7356//434
f  7357//434 7358//434 7359//434
f  7360//434 7361//434 7362//434
f  7363//578 7364//578 7365//578
f  7366//578 7367//578 7368//578
f  7369//578 7370//578 7371//578
f  7372//578 7373//578 7374//578
f  7375//578 7376//578 7377//578
f  7378//578 7379//578 7380//578
f  7381//578 7382//578 7383//578
f  7384//578 7385//578 7386//578
f  7387//578 7388//578 7389//578
f  7390//578 7391//578 7392//578
f  7393//578 7394//578 7395//578
f  7396//578 7397//578 7398//578
f  7399//578 7400//578 7401//578
f  7402//578 7403//578 7404//578
f  7405//578 7406//578 7407//578
f  7408//578 7409//578 7410//578
f  7411//578 7412//578 7413//578
f  7414//578 7415//578 7416//578
f  7417//578 7418//578 7419//578
f  7420//578 7421//578 7422//578
f  7423//578 7424//578 7425//578
f  7426//578 7427//578 7428//578
f  7429//578 7430//578 7431//578
f  7432//578 7433//578 7434//578
f  7435//578 7436//578 7437//578
f  7438//578 7439//578 7440//578
f  7441//578 7442//578 7443//578
f  7444//578 7445//578 7446//578
f  7447//578 7448//578 7449//578
f  7450//578 7451//578 7452//578
f  7453//578 7454//578 7455//578
f  7456//578 7457//578 7458//578
f  7459//578 7460//578 7461//578
f  7462//578 7463//578 7464//578
f  7465//578 7466//578 7467//578
f  7468//578 7469//578 7470//578
f  7471//578 7472//578 7473//578
f  7474//578 7475//578 7476//578
f  7477//578 7478//578 7479//578
f  7480//578 7481//578 7482//578
f  7483//578 7484//578 7485//578
f  7486//578 7487//578 7488//578
f  7489//578 7490//578 7491//578
f  7492//578 7493//578 7494//578
f  7495//578 7496//578 7497//578
f  7498//578 7499//578 7500//578
f  7501//578 7502//578 7503//578
f  7504//578 7505//578 7506//578
f  7507//578 7508//578 7509//578
f  7510//578 7511//578 7512//578
f  7513//578 7514//578 7515//578
f  7516//578 7517//578 7518//578
f  7519//578 7520//578 7521//578
f  7522//578 7523//578 7524//578
f  7525//578 7526//578 7527//578
f  7528//578 7529//578 7530//578
f  7531//578 7532//578 7533//578
f  7534//578 7535//578 7536//578
f  7537//578 7538//578 7539//578
f  7540//578 7541//578 7542//578
f  7543//578 7544//578 7545//578
f  7546//578 7547//578 7548//578
f  7549//578 7550//578 7551//578
f  7552//578 7553//578 7554//578
f  7555//578 7556//578 7557//578
f  7558//578 7559//578 7560//578
f  7561//578 7562//578 7563//578
f  7564//578 7565//578 7566//578
f  7567//578 7568//578 7569//578
f  7570//578 7571//578 7572//578
f  7573//578 7574//578 7575//578
f  7576//578 7577//578 7578//578
f  7579//578 7580//578 7581//578
f  7582//578 7583//578 7584//578
f  7585//578 7586//578 7587//578
f  7588//578 7589//578 7590//578
f  7591//578 7592//578 7593//578
f  7594//578 7595//578 7596//578
f  7597//578 7598//578 7599//578
f  7600//578 7601//578 7602//578
f  7603//578 7604//578 7605//578
f  7606//578 7607//578 7608//578
f  7609//578 7610//578 7611//578
f  7612//578 7613//578 7614//578
f  7615//578 7616//578 7617//578
f  7618//578 7619//578 7620//578
f  7621//578 7622//578 7623//578
f  7624//578 7625//578 7626//578
f  7627//578 7628//578 7629//578
f  7630//578 7631//578 7632//578
f  7633//578 7634//578 7635//578
f  7636//578 7637//578 7638//578
f  7639//578 7640//578 7641//578
f  7642//578 7643//578 7644//578
f  7645//578 7646//578 7647//578
f  7648//578 7649//578 7650//578
f  7651//578 7652//578 7653//578
f  7654//578 7655//578 7656//578
f  7657//578 7658//578 7659//578
f  7660//578 7661//578 7662//578
f  7663//578 7664//578 7665//578
f  7666//578 7667//578 7668//578
f  7669//578 7670//578 7671//578
f  7672//578 7673//578 7674//578
f  7675//578 7676//578 7677//578
f  7678//578 7679//578 7680//578
f  7681//578 7682//578 7683//578
f  7684//578 7685//578 7686//578
f  7687//578 7688//578 7689//578
f  7690//578 7691//578 7692//578
f  7693//578 7694//578 7695//578
f  7696//578 7697//578 7698//578
f  7699//578 7700//578 7701//578
f  7702//578 7703//578 7704//578
f  7705//578 7706//578 7707//578
f  7708//578 7709//578 7710//578
f  7711//578 7712//578 7713//578
f  7714//578 7715//578 7716//578
f  7717//578 7718//578 7719//578
f  7720//578 7721//578 7722//578
f  7723//578 7724//578 7725//578
f  7726//578 7727//578 7728//578
f  7729//578 7730//578 7731//578
f  7732//578 7733//578 7734//578
f  7735//578 7736//578 7737//578
f  7738//578 7739//578 7740//578
f  7741//578 7742//578 7743//578
f  7744//578 7745//578 7746//578
f  7747//578 7748//578 7749//578
f  7750//578 7751//578 7752//578
f  7753//578 7754//578 7755//578
f  7756//578 7757//578 7758//578
f  7759//578 7760//578 7761//578
f  7762//578 7763//578 7764//578
f  7765//578 7766//578 7767//578
f  7768//578 7769//578 7770//578
f  7771//578 7772//578 7773//578
f  7774//578 7775//578 7776//578
f  7777//578 7778//578 7779//578
f  7780//578 7781//578 7782//578
f  7783//578 7784//578 7785//578
f  7786//578 7787//578 7788//578
f  7789//578 7790//578 7791//578
f  7792//578 7793//578 7794//578
f  7795//578 7796//578 7797//578
f  7798//578 7799//578 7800//578
f  7801//578 7802//578 7803//578
f  7804//578 7805//578 7806//578
f  7807//578 7808//578 7809//578
f  7810//578 7811//578 7812//578
f  7813//578 7814//578 7815//578
f  7816//578 7817//578 7818//578
f  7819//578 7820//578 7821//578
f  7822//578 7823//578 7824//578
f  7825//578 7826//578 7827//578
f  7828//578 7829//578 7830//578
f  7831//578 7832//578 7833//578
f  7834//578 7835//578 7836//578
f  7837//578 7838//578 7839//578
f  7840//578 7841//578 7842//578
f  7843//578 7844//578 7845//578
f  7846//578 7847//578 7848//578
f  7849//578 7850//578 7851//578
f  7852//578 7853//578 7854//578
f  7855//578 7856//578 7857//578
f  7858//578 7859//578 7860//578
f  7861//578 7862//578 7863//578
f  7864//578 7865//578 7866//578
f  7867//578 7868//578 7869//578
f  7870//578 7871//578 7872//578
f  7873//578 7874//578 7875//578
f  7876//578 7877//578 7878//578
f  7879//578 7880//578 7881//578
f  7882//578 7883//578 7884//578
f  7885//578 7886//578 7887//578
f  7888//578 7889//578 7890//578
f  7891//578 7892//578 7893//578
f  7894//578 7895//578 7896//578
f  7897//578 7898//578 7899//578
f  7900//578 7901//578 7902//578
f  7903//578 7904//578 7905//578
f  7906//578 7907//578 7908//578
f  7909//578 7910//578 7911//578
f  7912//578 7913//578 7914//578
f  7915//578 7916//578 7917//578
f  7918//578 7919//578 7920//578
f  7921//578 7922//578 7923//578
f  7924//578 7925//578 7926//578
f  7927//578 7928//578 7929//578
f  7930//578 7931//578 7932//578
f  7933//578 7934//578 7935//578
f  7936//578 7937//578 7938//578
f  7939//578 7940//578 7941//578
f  7942//578 7943//578 7944//578
f  7945//578 7946//578 7947//578
f  7948//578 7949//578 7950//578
f  7951//578 7952//578 7953//578
f  7954//578 7955//578 7956//578
f  7957//578 7958//578 7959//578
f  7960//578 7961//578 7962//578
f  7963//578 7964//578 7965//578
f  7966//578 7967//578 7968//578
f  7969//578 7970//578 7971//578
f  7972//578 7973//578 7974//578
f  7975//578 7976//578 7977//578
f  7978//578 7979//578 7980//578
f  7981//578 7982//578 7983//578
f  7984//578 7985//578 7986//578
f  7987//578 7988//578 7989//578
f  7990//578 7991//578 7992//578
f  7993//578 7994//578 7995//578
f  7996//578 7997//578 7998//578
f  7999//578 8000//578 8001//578
f  8002//578 8003//578 8004//578
f  8005//578 8006//578 8007//578
f  8008//578 8009//578 8010//578
f  8011//578 8012//578 8013//578
f  8014//578 8015//578 8016//578
f  8017//578 8018//578 8019//578
f  8020//578 8021//578 8022//578
f  8023//578 8024//578 8025//578
f  8026//578 8027//578 8028//578
f  8029//578 8030//578 8031//578
f  8032//578 8033//578 8034//578
f  8035//578 8036//578 8037//578
f  8038//578 8039//578 8040//578
f  8041//578 8042//578 8043//578
f  8044//578 8045//578 8046//578
f  8047//578 8048//578 8049//578
f  8050//578 8051//578 8052//578
f  8053//578 8054//578 8055//578
f  8056//578 8057//578 8058//578
f  8059//578 8060//578 8061//578
f  8062//578 8063//578 8064//578
f  8065//578 8066//578 8067//578
f  8068//578 8069//578 8070//578
f  8071//578 8072//578 8073//578
f  8074//578 8075//578 8076//578
f  8077//578 8078//578 8079//578
f  8080//578 8081//578 8082//578
f  8083//578 8084//578 8085//578
f  8086//578 8087//578 8088//578
f  8089//578 8090//578 8091//578
f  8092//578 8093//578 8094//578
f  8095//578 8096//578 8097//578
f  8098//578 8099//578 8100//578
f  8101//578 8102//578 8103//578
f  8104//578 8105//578 8106//578
f  8107//578 8108//578 8109//578
f  8110//578 8111//578 8112//578
f  8113//578 8114//578 8115//578
f  8116//578 8117//578 8118//578
f  8119//578 8120//578 8121//578
f  8122//578 8123//578 8124//578
f  8125//578 8126//578 8127//578
f  8128//578 8129//578 8130//578
f  8131//578 8132//578 8133//578
f  8134//578 8135//578 8136//578
f  8137//578 8138//578 8139//578
f  8140//578 8141//578 8142//578
f  8143//578 8144//578 8145//578
f  8146//578 8147//578 8148//578
f  8149//578 8150//578 8151//578
f  8152//578 8153//578 8154//578
f  8155//578 8156//578 8157//578
f  8158//578 8159//578 8160//578
f  8161//578 8162//578 8163//578
f  8164//578 8165//578 8166//578
f  8167//578 8168//578 8169//578
f  8170//578 8171//578 8172//578
f  8173//578 8174//578 8175//578
f  8176//578 8177//578 8178//578
f  8179//578 8180//578 8181//578
f  8182//578 8183//578 8184//578
f  8185//578 8186//578 8187//578
f  8188//578 8189//578 8190//578
f  8191//578 8192//578 8193//578
f  8194//578 8195//578 8196//578
f  8197//578 8198//578 8199//578
f  8200//578 8201//578 8202//578
f  8203//578 8204//578 8205//578
f  8206//578 8207//578 8208//578
f  8209//578 8210//578 8211//578
f  8212//578 8213//578 8214//578
f  8215//578 8216//578 8217//578
f  8218//578 8219//578 8220//578
f  8221//578 8222//578 8223//578
f  8224//578 8225//578 8226//578
f  8227//578 8228//578 8229//578
f  8230//578 8231//578 8232//578
f  8233//578 8234//578 8235//578
f  8236//578 8237//578 8238//578
f  8239//578 8240//578 8241//578
f  8242//578 8243//578 8244//578
f  8245//578 8246//578 8247//578
f  8248//578 8249//578 8250//578
f  8251//578 8252//578 8253//578
f  8254//578 8255//578 8256//578
f  8257//578 8258//578 8259//578
f  8260//578 8261//578 8262//578
f  8263//578 8264//578 8265//578
f  8266//578 8267//578 8268//578
f  8269//578 8270//578 8271//578
f  8272//578 8273//578 8274//578
f  8275//578 8276//578 8277//578
f  8278//578 8279//578 8280//578
f  8281//578 8282//578 8283//578
f  8284//578 8285//578 8286//578
f  8287//578 8288//578 8289//578
f  8290//578 8291//578 8292//578
f  8293//578 8294//578 8295//578
f  8296//578 8297//578 8298//578
f  8299//578 8300//578 8301//578
f  8302//578 8303//578 8304//578
f  8305//578 8306//578 8307//578
f  8308//578 8309//578 8310//578
f  8311//578 8312//578 8313//578
f  8314//578 8315//578 8316//578
f  8317//578 8318//578 8319//578
f  8320//578 8321//578 8322//578
f  8323//578 8324//578 8325//578
f  8326//578 8327//578 8328//578
f  8329//578 8330//578 8331//578
f  8332//578 8333//578 8334//578
f  8335//578 8336//578 8337//578
f  8338//578 8339//578 8340//578
f  8341//578 8342//578 8343//578
f  8344//578 8345//578 8346//578
f  8347//578 8348//578 8349//578
f  8350//578 8351//578 8352//578
f  8353//578 8354//578 8355//578
f  8356//578 8357//578 8358//578
f  8359//578 8360//578 8361//578
f  8362//578 8363//578 8364//578
f  8365//578 8366//578 8367//578
f  8368//578 8369//578 8370//578
f  8371//578 8372//578 8373//578
f  8374//578 8375//578 8376//578
f  8377//578 8378//578 8379//578
f  8380//578 8381//578 8382//578
f  8383//578 8384//578 8385//578
f  8386//578 8387//578 8388//578
f  8389//578 8390//578 8391//578
f  8392//578 8393//578 8394//578
f  8395//578 8396//578 8397//578
f  8398//578 8399//578 8400//578
f  8401//578 8402//578 8403//578
f  8404//578 8405//578 8406//578
f  8407//578 8408//578 8409//578
f  8410//578 8411//578 8412//578
f  8413//578 8414//578 8415//578
f  8416//578 8417//578 8418//578
f  8419//578 8420//578 8421//578
f  8422//578 8423//578 8424//578
f  8425//578 8426//578 8427//578
f  8428//578 8429//578 8430//578
f  8431//578 8432//578 8433//578
f  8434//578 8435//578 8436//578
f  8437//578 8438//578 8439//578
f  8440//578 8441//578 8442//578
f  8443//578 8444//578 8445//578
f  8446//578 8447//578 8448//578
f  8449//578 8450//578 8451//578
f  8452//578 8453//578 8454//578
f  8455//578 8456//578 8457//578
f  8458//578 8459//578 8460//578
f  8461//578 8462//578 8463//578
f  8464//578 8465//578 8466//578
f  8467//578 8468//578 8469//578
f  8470//578 8471//578 8472//578
f  8473//578 8474//578 8475//578
f  8476//578 8477//578 8478//578
f  8479//578 8480//578 8481//578
f  8482//578 8483//578 8484//578
f  8485//578 8486//578 8487//578
f  8488//578 8489//578 8490//578
f  8491//578 8492//578 8493//578
f  8494//578 8495//578 8496//578
f  8497//578 8498//578 8499//578
f  8500//578 8501//578 8502//578
f  8503//578 8504//578 8505//578
f  8506//578 8507//578 8508//578
f  8509//578 8510//578 8511//578
f  8512//578 8513//578 8514//578
f  8515//578 8516//578 8517//578
f  8518//578 8519//578 8520//578
f  8521//578 8522//578 8523//578
f  8524//578 8525//578 8526//578
f  8527//578 8528//578 8529//578
f  8530//578 8531//578 8532//578
f  8533//578 8534//578 8535//578
f  8536//578 8537//578 8538//578
f  8539//578 8540//578 8541//578
f  8542//578 8543//578 8544//578
f  8545//578 8546//578 8547//578
f  8548//578 8549//578 8550//578
f  8551//578 8552//578 8553//578
f  8554//578 8555//578 8556//578
f  8557//578 8558//578 8559//578
f  8560//578 8561//578 8562//578
f  8563//578 8564//578 8565//578
f  8566//578 8567//578 8568//578
f  8569//578 8570//578 8571//578
f  8572//578 8573//578 8574//578
f  8575//578 8576//578 8577//578
f  8578//578 8579//578 8580//578
f  8581//578 8582//578 8583//578
f  8584//578 8585//578 8586//578
f  8587//578 8588//578 8589//578
f  8590//578 8591//578 8592//578
f  8593//578 8594//578 8595//578
f  8596//578 8597//578 8598//578
f  8599//578 8600//578 8601//578
f  8602//578 8603//578 8604//578
f  8605//578 8606//578 8607//578
f  8608//578 8609//578 8610//578
f  8611//578 8612//578 8613//578
f  8614//578 8615//578 8616//578
f  8617//578 8618//578 8619//578
f  8620//578 8621//578 8622//578
f  8623//578 8624//578 8625//578
f  8626//578 8627//578 8628//578
f  8629//578 8630//578 8631//578
f  8632//578 8633//578 8634//578
f  8635//578 8636//578 8637//578
f  8638//578 8639//578 8640//578
f  8641//578 8642//578 8643//578
f  8644//578 8645//578 8646//578
f  8647//578 8648//578 8649//578
f  8650//578 8651//578 8652//578
f  8653//578 8654//578 8655//578
f  8656//578 8657//578 8658//578
f  8659//578 8660//578 8661//578
f  8662//578 8663//578 8664//578
f  8665//578 8666//578 8667//578
f  8668//578 8669//578 8670//578
f  8671//578 8672//578 8673//578
f  8674//578 8675//578 8676//578
f  8677//578 8678//578 8679//578
f  8680//578 8681//578 8682//578
f  8683//578 8684//578 8685//578
f  8686//578 8687//578 8688//578
f  8689//578 8690//578 8691//578
f  8692//578 8693//578 8694//578
f  8695//578 8696//578 8697//578
f  8698//578 8699//578 8700//578
f  8701//578 8702//578 8703//578
f  8704//578 8705//578 8706//578
f  8707//578 8708//578 8709//578
f  8710//578 8711//578 8712//578
f  8713//578 8714//578 8715//578
f  8716//578 8717//578 8718//578
f  8719//578 8720//578 8721//578
f  8722//578 8723//578 8724//578
f  8725//578 8726//578 8727//578
f  8728//578 8729//578 8730//578
f  8731//578 8732//578 8733//578
f  8734//578 8735//578 8736//578
f  8737//578 8738//578 8739//578
f  8740//578 8741//578 8742//578
f  8743//578 8744//578 8745//578
f  8746//578 8747//578 8748//578
f  8749//578 8750//578 8751//578
f  8752//578 8753//578 8754//578
f  8755//578 8756//578 8757//578
f  8758//578 8759//578 8760//578
f  8761//578 8762//578 8763//578
f  8764//578 8765//578 8766//578
f  8767//578 8768//578 8769//578
f  8770//578 8771//578 8772//578
f  8773//578 8774//578 8775//578
f  8776//578 8777//578 8778//578
f  8779//578 8780//578 8781//578
f  8782//578 8783//578 8784//578
f  8785//578 8786//578 8787//578
f  8788//578 8789//578 8790//578
f  8791//578 8792//578 8793//578
f  8794//578 8795//578 8796//578
f  8797//578 8798//578 8799//578
f  8800//578 8801//578 8802//578
f  8803//578 8804//578 8805//578
f  8806//578 8807//578 8808//578
f  8809//578 8810//578 8811//578
f  8812//578 8813//578 8814//578
f  8815//578 8816//578 8817//578
f  8818//578 8819//578 8820//578
f  8821//578 8822//578 8823//578
f  8824//578 8825//578 8826//578
f  8827//578 8828//578 8829//578
f  8830//578 8831//578 8832//578
f  8833//578 8834//578 8835//578
f  8836//578 8837//578 8838//578
f  8839//578 8840//578 8841//578
f  8842//578 8843//578 8844//578
f  8845//578 8846//578 8847//578
f  8848//578 8849//578 8850//578
f  8851//578 8852//578 8853//578
f  8854//578 8855//578 8856//578
f  8857//578 8858//578 8859//578
f  8860//578 8861//578 8862//578
f  8863//578 8864//578 8865//578
f  8866//578 8867//578 8868//578
f  8869//578 8870//578 8871//578
f  8872//578 8873//578 8874//578
f  8875//578 8876//578 8877//578
f  8878//578 8879//578 8880//578
f  8881//578 8882//578 8883//578
f  8884//578 8885//578 8886//578
f  8887//578 8888//578 8889//578
f  8890//578 8891//578 8892//578
f  8893//578 8894//578 8895//578
f  8896//578 8897//578 8898//578
f  8899//578 8900//578 8901//578
f  8902//578 8903//578 8904//578
f  8905//578 8906//578 8907//578
f  8908//578 8909//578 8910//578
f  8911//578 8912//578 8913//578
f  8914//578 8915//578 8916//578
f  8917//578 8918//578 8919//578
f  8920//578 8921//578 8922//578
f  8923//578 8924//578 8925//578
f  8926//578 8927//578 8928//578
f  8929//578 8930//578 8931//578
f  8932//578 8933//578 8934//578
f  8935//578 8936//578 8937//578
f  8938//578 8939//578 8940//578
f  8941//578 8942//578 8943//578
f  8944//578 8945//578 8946//578
f  8947//578 8948//578 8949//578
f  8950//578 8951//578 8952//578
f  8953//578 8954//578 8955//578
f  8956//578 8957//578 8958//578
f  8959//578 8960//578 8961//578
f  8962//578 8963//578 8964//578
f  8965//578 8966//578 8967//578
f  8968//578 8969//578 8970//578
f  8971//578 8972//578 8973//578
f  8974//578 8975//578 8976//578
f  8977//578 8978//578 8979//578
f  8980//578 8981//578 8982//578
f  8983//578 8984//578 8985//578
f  8986//578 8987//578 8988//578
f  8989//578 8990//578 8991//578
f  8992//578 8993//578 8994//578
f  8995//578 8996//578 8997//578
f  8998//578 8999//578 9000//578
f  9001//579 9002//579 9003//579
f  9004//579 9005//579 9006//579
f  9007//579 9008//579 9009//579
f  9010//579 9011//579 9012//579
f  9013//579 9014//579 9015//579
f  9016//579 9017//579 9018//579
f  9019//579 9020//579 9021//579
f  9022//579 9023//579 9024//579
f  9025//579 9026//579 9027//579
f  9028//579 9029//579 9030//579
f  9031//580 9032//580 9033//580
f  9034//580 9035//580 9036//580
f  9037//434 9038//434 9039//434
f  9040//434 9041//434 9042//434
f  9043//581 9044//581 9045//581
f  9046//581 9047//581 9048//581
f  9049//582 9050//582 9051//582
f  9052//582 9053//582 9054//582
f  9055//583 9056//583 9057//583
f  9058//583 9059//583 9060//583
f  9061//584 9062//584 9063//584
f  9064//584 9065//584 9066//584
f  9067//585 9068//585 9069//585
f  9070//585 9071//585 9072//585
f  9073//586 9074//586 9075//586
f  9076//586 9077//586 9078//586
f  9079//434 9080//434 9081//434
f  9082//434 9083//434 9084//434
f  9085//587 9086//587 9087//587
f  9088//587 9089//587 9090//587
f  9091//587 9092//587 9093//587
f  9094//587 9095//587 9096//587
f  9097//587 9098//587 9099//587
f  9100//587 9101//587 9102//587
f  9103//587 9104//587 9105//587
f  9106//587 9107//587 9108//587
f  9109//587 9110//587 9111//587
f  9112//587 9113//587 9114//587
f  9115//587 9116//587 9117//587
f  9118//587 9119//587 9120//587
f  9121//587 9122//587 9123//587
f  9124//587 9125//587 9126//587
f  9127//587 9128//587 9129//587
f  9130//587 9131//587 9132//587
f  9133//587 9134//587 9135//587
f  9136//587 9137//587 9138//587
f  9139//587 9140//587 9141//587
f  9142//587 9143//587 9144//587
f  9145//587 9146//587 9147//587
f  9148//587 9149//587 9150//587
f  9151//587 9152//587 9153//587
f  9154//587 9155//587 9156//587
f  9157//587 9158//587 9159//587
f  9160//587 9161//587 9162//587
f  9163//587 9164//587 9165//587
f  9166//587 9167//587 9168//587
f  9169//587 9170//587 9171//587
f  9172//587 9173//587 9174//587
f  9175//587 9176//587 9177//587
f  9178//587 9179//587 9180//587
f  9181//587 9182//587 9183//587
f  9184//587 9185//587 9186//587
f  9187//587 9188//587 9189//587
f  9190//587 9191//587 9192//587
f  9193//587 9194//587 9195//587
f  9196//587 9197//587 9198//587
f  9199//587 9200//587 9201//587
f  9202//587 9203//587 9204//587
f  9205//587 9206//587 9207//587
f  9208//587 9209//587 9210//587
f  9211//587 9212//587 9213//587
f  9214//587 9215//587 9216//587
f  9217//587 9218//587 9219//587
f  9220//587 9221//587 9222//587
f  9223//587 9224//587 9225//587
f  9226//587 9227//587 9228//587
f  9229//587 9230//587 9231//587
f  9232//587 9233//587 9234//587
f  9235//587 9236//587 9237//587
f  9238//587 9239//587 9240//587
f  9241//587 9242//587 9243//587
f  9244//587 9245//587 9246//587
f  9247//587 9248//587 9249//587
f  9250//587 9251//587 9252//587
f  9253//587 9254//587 9255//587
f  9256//587 9257//587 9258//587
f  9259//587 9260//587 9261//587
f  9262//587 9263//587 9264//587
f  9265//587 9266//587 9267//587
f  9268//587 9269//587 9270//587
f  9271//587 9272//587 9273//587
f  9274//587 9275//587 9276//587
f  9277//587 9278//587 9279//587
f  9280//587 9281//587 9282//587
f  9283//587 9284//587 9285//587
f  9286//587 9287//587 9288//587
f  9289//587 9290//587 9291//587
f  9292//587 9293//587 9294//587
f  9295//587 9296//587 9297//587
f  9298//587 9299//587 9300//587
f  9301//587 9302//587 9303//587
f  9304//587 9305//587 9306//587
f  9307//587 9308//587 9309//587
f  9310//587 9311//587 9312//587
f  9313//587 9314//587 9315//587
f  9316//587 9317//587 9318//587
f  9319//587 9320//587 9321//587
f  9322//587 9323//587 9324//587
f  9325//587 9326//587 9327//587
f  9328//587 9329//587 9330//587
f  9331//587 9332//587 9333//587
f  9334//587 9335//587 9336//587
f  9337//587 9338//587 9339//587
f  9340//587 9341//587 9342//587
f  9343//587 9344//587 9345//587
f  9346//587 9347//587 9348//587
f  9349//587 9350//587 9351//587
f  9352//587 9353//587 9354//587
f  9355//587 9356//587 9357//587
f  9358//587 9359//587 9360//587
f  9361//587 9362//587 9363//587
f  9364//587 9365//587 9366//587
f  9367//587 9368//587 9369//587
f  9370//587 9371//587 9372//587
f  9373//587 9374//587 9375//587
f  9376//587 9377//587 9378//587
f  9379//587 9380//587 9381//587
f  9382//587 9383//587 9384//587
f  9385//587 9386//587 9387//587
f  9388//587 9389//587 9390//587
f  9391//587 9392//587 9393//587
f  9394//587 9395//587 9396//587
f  9397//587 9398//587 9399//587
f  9400//587 9401//587 9402//587
f  9403//587 9404//587 9405//587
f  9406//587 9407//587 9408//587
f  9409//587 9410//587 9411//587
f  9412//587 9413//587 9414//587
f  9415//587 9416//587 9417//587
f  9418//587 9419//587 9420//587
f  9421//587 9422//587 9423//587
f  9424//587 9425//587 9426//587
f  9427//587 9428//587 9429//587
f  9430//587 9431//587 9432//587
f  9433//587 9434//587 9435//587
f  9436//587 9437//587 9438//587
f  9439//587 9440//587 9441//587
f  9442//587 9443//587 9444//587
f  9445//587 9446//587 9447//587
f  9448//587 9449//587 9450//587
f  9451//587 9452//587 9453//587
f  9454//587 9455//587 9456//587
f  9457//587 9458//587 9459//587
f  9460//587 9461//587 9462//587
f  9463//587 9464//587 9465//587
f  9466//587 9467//587 9468//587
f  9469//587 9470//587 9471//587
f  9472//587 9473//587 9474//587
f  9475//587 9476//587 9477//587
f  9478//587 9479//587 9480//587
f  9481//587 9482//587 9483//587
f  9484//587 9485//587 9486//587
f  9487//587 9488//587 9489//587
f  9490//587 9491//587 9492//587
f  9493//587 9494//587 9495//587
f  9496//587 9497//587 9498//587
f  9499//587 9500//587 9501//587
f  9502//587 9503//587 9504//587
f  9505//587 9506//587 9507//587
f  9508//587 9509//587 9510//587
f  9511//587 9512//587 9513//587
f  9514//587 9515//587 9516//587
f  9517//587 9518//587 9519//587
f  9520//587 9521//587 9522//587
f  9523//587 9524//587 9525//587
f  9526//587 9527//587 9528//587
f  9529//587 9530//587 9531//587
f  9532//587 9533//587 9534//587
f  9535//587 9536//587 9537//587
f  9538//587 9539//587 9540//587
f  9541//587 9542//587 9543//587
f  9544//587 9545//587 9546//587
f  9547//587 9548//587 9549//587
f  9550//587 9551//587 9552//587
f  9553//587 9554//587 9555//587
f  9556//587 9557//587 9558//587
f  9559//587 9560//587 9561//587
f  9562//587 9563//587 9564//587
f  9565//587 9566//587 9567//587
f  9568//587 9569//587 9570//587
f  9571//587 9572//587 9573//587
f  9574//587 9575//587 9576//587
f  9577//587 9578//587 9579//587
f  9580//587 9581//587 9582//587
f  9583//587 9584//587 9585//587
f  9586//587 9587//587 9588//587
f  9589//587 9590//587 9591//587
f  9592//587 9593//587 9594//587
f  9595//587 9596//587 9597//587
f  9598//587 9599//587 9600//587
f  9601//587 9602//587 9603//587
f  9604//587 9605//587 9606//587
f  9607//587 9608//587 9609//587
f  9610//587 9611//587 9612//587
f  9613//587 9614//587 9615//587
f  9616//587 9617//587 9618//587
f  9619//587 9620//587 9621//587
f  9622//587 9623//587 9624//587
f  9625//587 9626//587 9627//587
f  9628//587 9629//587 9630//587
f  9631//587 9632//587 9633//587
f  9634//587 9635//587 9636//587
f  9637//587 9638//587 9639//587
f  9640//587 9641//587 9642//587
f  9643//587 9644//587 9645//587
f  9646//587 9647//587 9648//587
f  9649//587 9650//587 9651//587
f  9652//587 9653//587 9654//587
f  9655//587 9656//587 9657//587
f  9658//587 9659//587 9660//587
f  9661//587 9662//587 9663//587
f  9664//587 9665//587 9666//587
f  9667//587 9668//587 9669//587
f  9670//587 9671//587 9672//587
f  9673//587 9674//587 9675//587
f  9676//587 9677//587 9678//587
f  9679//587 9680//587 9681//587
f  9682//587 9683//587 9684//587
f  9685//587 9686//587 9687//587
f  9688//587 9689//587 9690//587
f  9691//587 9692//587 9693//587
f  9694//587 9695//587 9696//587
f  9697//587 9698//587 9699//587
f  9700//587 9701//587 9702//587
f  9703//587 9704//587 9705//587
f  9706//587 9707//587 9708//587
f  9709//587 9710//587 9711//587
f  9712//587 9713//587 9714//587
f  9715//587 9716//587 9717//587
f  9718//587 9719//587 9720//587
f  9721//587 9722//587 9723//587
f  9724//587 9725//587 9726//587
f  9727//587 9728//587 9729//587
f  9730//587 9731//587 9732//587
f  9733//587 9734//587 9735//587
f  9736//587 9737//587 9738//587
f  9739//587 9740//587 9741//587
f  9742//587 9743//587 9744//587
f  9745//587 9746//587 9747//587
f  9748//587 9749//587 9750//587
f  9751//587 9752//587 9753//587
f  9754//587 9755//587 9756//587
f  9757//587 9758//587 9759//587
f  9760//587 9761//587 9762//587
f  9763//587 9764//587 9765//587
f  9766//587 9767//587 9768//587
f  9769//587 9770//587 9771//587
f  9772//587 9773//587 9774//587
f  9775//587 9776//587 9777//587
f  9778//587 9779//587 9780//587
f  9781//587 9782//587 9783//587
f  9784//587 9785//587 9786//587
f  9787//587 9788//587 9789//587
f  9790//587 9791//587 9792//587
f  9793//587 9794//587 9795//587
f  9796//587 9797//587 9798//587
f  9799//587 9800//587 9801//587
f  9802//587 9803//587 9804//587
f  9805//587 9806//587 9807//587
f  9808//587 9809//587 9810//587
f  9811//587 9812//587 9813//587
f  9814//587 9815//587 9816//587
f  9817//587 9818//587 9819//587
f  9820//587 9821//587 9822//587
f  9823//587 9824//587 9825//587
f  9826//587 9827//587 9828//587
f  9829//587 9830//587 9831//587
f  9832//587 9833//587 9834//587
f  9835//587 9836//587 9837//587
f  9838//587 9839//587 9840//587
f  9841//587 9842//587 9843//587
f  9844//587 9845//587 9846//587
f  9847//587 9848//587 9849//587
f  9850//587 9851//587 9852//587
f  9853//587 9854//587 9855//587
f  9856//587 9857//587 9858//587
f  9859//587 9860//587 9861//587
f  9862//587 9863//587 9864//587
f  9865//587 9866//587 9867//587
f  9868//587 9869//587 9870//587
f  9871//587 9872//587 9873//587
f  9874//587 9875//587 9876//587
f  9877//587 9878//587 9879//587
f  9880//587 9881//587 9882//587
f  9883//587 9884//587 9885//587
f  9886//587 9887//587 9888//587
f  9889//587 9890//587 9891//587
f  9892//587 9893//587 9894//587
f  9895//587 9896//587 9897//587
f  9898//587 9899//587 9900//587
f  9901//587 9902//587 9903//587
f  9904//587 9905//587 9906//587
f  9907//587 9908//587 9909//587
f  9910//587 9911//587 9912//587
f  9913//587 9914//587 9915//587
f  9916//587 9917//587 9918//587
f  9919//587 9920//587 9921//587
f  9922//587 9923//587 9924//587
f  9925//587 9926//587 9927//587
f  9928//587 9929//587 9930//587
f  9931//587 9932//587 9933//587
f  9934//587 9935//587 9936//587
f  9937//587 9938//587 9939//587
f  9940//587 9941//587 9942//587
f  9943//587 9944//587 9945//587
f  9946//587 9947//587 9948//587
f  9949//587 9950//587 9951//587
f  9952//587 9953//587 9954//587
f  9955//587 9956//587 9957//587
f  9958//587 9959//587 9960//587
f  9961//587 9962//587 9963//587
f  9964//587 9965//587 9966//587
f  9967//587 9968//587 9969//587
f  9970//587 9971//587 9972//587
f  9973//587 9974//587 9975//587
f  9976//587 9977//587 9978//587
f  9979//587 9980//587 9981//587
f  9982//587 9983//587 9984//587
f  9985//587 9986//587 9987//587
f  9988//587 9989//587 9990//587
f  9991//587 9992//587 9993//587
f  9994//587 9995//587 9996//587
f  9997//587 9998//587 9999//587
f  10000//587 10001//587 10002//587
f  10003//587 10004//587 10005//587
f  10006//587 10007//587 10008//587
f  10009//587 10010//587 10011//587
f  10012//587 10013//587 10014//587
f  10015//587 10016//587 10017//587
f  10018//587 10019//587 10020//587
f  10021//587 10022//587 10023//587
f  10024//587 10025//587 10026//587
f  10027//587 10028//587 10029//587
f  10030//587 10031//587 10032//587
f  10033//587 10034//587 10035//587
f  10036//587 10037//587 10038//587
f  10039//587 10040//587 10041//587
f  10042//587 10043//587 10044//587
f  10045//587 10046//587 10047//587
f  10048//587 10049//587 10050//587
f  10051//587 10052//587 10053//587
f  10054//587 10055//587 10056//587
f  10057//587 10058//587 10059//587
f  10060//587 10061//587 10062//587
f  10063//587 10064//587 10065//587
f  10066//587 10067//587 10068//587
f  10069//587 10070//587 10071//587
f  10072//587 10073//587 10074//587
f  10075//587 10076//587 10077//587
f  10078//587 10079//587 10080//587
f  10081//587 10082//587 10083//587
f  10084//587 10085//587 10086//587
f  10087//587 10088//587 10089//587
f  10090//587 10091//587 10092//587
f  10093//587 10094//587 10095//587
f  10096//587 10097//587 10098//587
f  10099//587 10100//587 10101//587
f  10102//587 10103//587 10104//587
f  10105//587 10106//587 10107//587
f  10108//587 10109//587 10110//587
f  10111//587 10112//587 10113//587
f  10114//587 10115//587 10116//587
f  10117//587 10118//587 10119//587
f  10120//587 10121//587 10122//587
f  10123//587 10124//587 10125//587
f  10126//587 10127//587 10128//587
f  10129//587 10130//587 10131//587
f  10132//587 10133//587 10134//587
f  10135//587 10136//587 10137//587
f  10138//587 10139//587 10140//587
f  10141//587 10142//587 10143//587
f  10144//587 10145//587 10146//587
f  10147//587 10148//587 10149//587
f  10150//587 10151//587 10152//587
f  10153//587 10154//587 10155//587
f  10156//587 10157//587 10158//587
f  10159//587 10160//587 10161//587
f  10162//587 10163//587 10164//587
f  10165//587 10166//587 10167//587
f  10168//587 10169//587 10170//587
f  10171//587 10172//587 10173//587
f  10174//587 10175//587 10176//587
f  10177//587 10178//587 10179//587
f  10180//587 10181//587 10182//587
f  10183//587 10184//587 10185//587
f  10186//587 10187//587 10188//587
f  10189//587 10190//587 10191//587
f  10192//587 10193//587 10194//587
f  10195//587 10196//587 10197//587
f  10198//587 10199//587 10200//587
f  10201//587 10202//587 10203//587
f  10204//587 10205//587 10206//587
f  10207//587 10208//587 10209//587
f  10210//587 10211//587 10212//587
f  10213//587 10214//587 10215//587
f  10216//587 10217//587 10218//587
f  10219//587 10220//587 10221//587
f  10222//587 10223//587 10224//587
f  10225//587 10226//587 10227//587
f  10228//587 10229//587 10230//587
f  10231//587 10232//587 10233//587
f  10234//587 10235//587 10236//587
f  10237//587 10238//587 10239//587
f  10240//587 10241//587 10242//587
f  10243//587 10244//587 10245//587
f  10246//587 10247//587 10248//587
f  10249//587 10250//587 10251//587
f  10252//587 10253//587 10254//587
f  10255//587 10256//587 10257//587
f  10258//587 10259//587 10260//587
f  10261//587 10262//587 10263//587
f  10264//587 10265//587 10266//587
f  10267//587 10268//587 10269//587
f  10270//587 10271//587 10272//587
f  10273//587 10274//587 10275//587
f  10276//587 10277//587 10278//587
f  10279//587 10280//587 10281//587
f  10282//587 10283//587 10284//587
f  10285//587 10286//587 10287//587
f  10288//587 10289//587 10290//587
f  10291//587 10292//587 10293//587
f  10294//587 10295//587 10296//587
f  10297//587 10298//587 10299//587
f  10300//587 10301//587 10302//587
f  10303//587 10304//587 10305//587
f  10306//587 10307//587 10308//587
f  10309//587 10310//587 10311//587
f  10312//587 10313//587 10314//587
f  10315//587 10316//587 10317//587
f  10318//587 10319//587 10320//587
f  10321//587 10322//587 10323//587
f  10324//587 10325//587 10326//587
f  10327//587 10328//587 10329//587
f  10330//587 10331//587 10332//587
f  10333//587 10334//587 10335//587
f  10336//587 10337//587 10338//587
f  10339//587 10340//587 10341//587
f  10342//587 10343//587 10344//587
f  10345//587 10346//587 10347//587
f  10348//587 10349//587 10350//587
f  10351//587 10352//587 10353//587
f  10354//587 10355//587 10356//587
f  10357//587 10358//587 10359//587
f  10360//587 10361//587 10362//587
f  10363//587 10364//587 10365//587
f  10366//587 10367//587 10368//587
f  10369//587 10370//587 10371//587
f  10372//587 10373//587 10374//587
f  10375//587 10376//587 10377//587
f  10378//587 10379//587 10380//587
f  10381//587 10382//587 10383//587
f  10384//587 10385//587 10386//587
f  10387//587 10388//587 10389//587
f  10390//587 10391//587 10392//587
f  10393//587 10394//587 10395//587
f  10396//587 10397//587 10398//587
f  10399//587 10400//587 10401//587
f  10402//587 10403//587 10404//587
f  10405//587 10406//587 10407//587
f  10408//587 10409//587 10410//587
f  10411//587 10412//587 10413//587
f  10414//587 10415//587 10416//587
f  10417//587 10418//587 10419//587
f  10420//587 10421//587 10422//587
f  10423//587 10424//587 10425//587
f  10426//587 10427//587 10428//587
f  10429//587 10430//587 10431//587
f  10432//587 10433//587 10434//587
f  10435//587 10436//587 10437//587
f  10438//587 10439//587 10440//587
f  10441//587 10442//587 10443//587
f  10444//587 10445//587 10446//587
f  10447//587 10448//587 10449//587
f  10450//587 10451//587 10452//587
f  10453//587 10454//587 10455//587
f  10456//587 10457//587 10458//587
f  10459//587 10460//587 10461//587
f  10462//587 10463//587 10464//587
f  10465//587 10466//587 10467//587
f  10468//587 10469//587 10470//587
f  10471//587 10472//587 10473//587
f  10474//587 10475//587 10476//587
f  10477//587 10478//587 10479//587
f  10480//587 10481//587 10482//587
f  10483//587 10484//587 10485//587
f  10486//587 10487//587 10488//587
f  10489//587 10490//587 10491//587
f  10492//587 10493//587 10494//587
f  10495//587 10496//587 10497//587
f  10498//587 10499//587 10500//587
f  10501//587 10502//587 10503//587
f  10504//587 10505//587 10506//587
f  10507//587 10508//587 10509//587
f  10510//587 10511//587 10512//587
f  10513//587 10514//587 10515//587
f  10516//587 10517//587 10518//587
f  10519//587 10520//587 10521//587
f  10522//587 10523//587 10524//587
f  10525//587 10526//587 10527//587
f  10528//587 10529//587 10530//587
f  10531//587 10532//587 10533//587
f  10534//587 10535//587 10536//587
f  10537//587 10538//587 10539//587
f  10540//587 10541//587 10542//587
f  10543//587 10544//587 10545//587
f  10546//587 10547//587 10548//587
f  10549//587 10550//587 10551//587
f  10552//587 10553//587 10554//587
f  10555//587 10556//587 10557//587
f  10558//587 10559//587 10560//587
f  10561//587 10562//587 10563//587
f  10564//587 10565//587 10566//587
f  10567//587 10568//587 10569//587
f  10570//587 10571//587 10572//587
f  10573//587 10574//587 10575//587
f  10576//587 10577//587 10578//587
f  10579//587 10580//587 10581//587
f  10582//587 10583//587 10584//587
f  10585//587 10586//587 10587//587
f  10588//587 10589//587 10590//587
f  10591//587 10592//587 10593//587
f  10594//587 10595//587 10596//587
f  10597//587 10598//587 10599//587
f  10600//587 10601//587 10602//587
f  10603//587 10604//587 10605//587
f  10606//587 10607//587 10608//587
f  10609//587 10610//587 10611//587
f  10612//587 10613//587 10614//587
f  10615//587 10616//587 10617//587
f  10618//587 10619//587 10620//587
f  10621//587 10622//587 10623//587
f  10624//587 10625//587 10626//587
f  10627//587 10628//587 10629//587
f  10630//587 10631//587 10632//587
f  10633//587 10634//587 10635//587
f  10636//587 10637//587 10638//587
f  10639//587 10640//587 10641//587
f  10642//587 10643//587 10644//587
f  10645//587 10646//587 10647//587
f  10648//587 10649//587 10650//587
f  10651//587 10652//587 10653//587
f  10654//587 10655//587 10656//587
f  10657//587 10658//587 10659//587
f  10660//587 10661//587 10662//587
f  10663//587 10664//587 10665//587
f  10666//587 10667//587 10668//587
f  10669//587 10670//587 10671//587
f  10672//587 10673//587 10674//587
f  10675//587 10676//587 10677//587
f  10678//587 10679//587 10680//587
f  10681//587 10682//587 10683//587
f  10684//587 10685//587 10686//587
f  10687//587 10688//587 10689//587
f  10690//587 10691//587 10692//587
f  10693//587 10694//587 10695//587
f  10696//587 10697//587 10698//587
f  10699//587 10700//587 10701//587
f  10702//587 10703//587 10704//587
f  10705//587 10706//587 10707//587
f  10708//587 10709//587 10710//587
f  10711//587 10712//587 10713//587
f  10714//587 10715//587 10716//587
f  10717//587 10718//587 10719//587
f  10720//587 10721//587 10722//587
f  10723//588 10724//588 10725//588
f  10726//588 10727//588 10728//588
f  10729//589 10730//589 10731//589
f  10732//590 10733//590 10734//590
f  10735//590 10736//590 10737//590
f  10738//591 10739//591 10740//591
f  10741//591 10742//591 10743//591
f  10744//589 10745//589 10746//589
f  10747//472 10748//472 10749//472
f  10750//472 10751//472 10752//472
f  10753//472 10754//472 10755//472
f  10756//472 10757//472 10758//472
f  10759//472 10760//472 10761//472
f  10762//472 10763//472 10764//472
f  10765//472 10766//472 10767//472
f  10768//472 10769//472 10770//472
f  10771//472 10772//472 10773//472
f  10774//472 10775//472 10776//472
f  10777//472 10778//472 10779//472
f  10780//472 10781//472 10782//472
f  10783//592 10784//592 10785//592
f  10786//592 10787//592 10788//592
f  10789//434 10790//434 10791//434
f  10792//434 10793//434 10794//434
f  10795//593 10796//593 10797//593
f  10798//593 10799//593 10800//593
f  10801//594 10802//594 10803//594
f  10804//594 10805//594 10806//594
f  10807//595 10808//595 10809//595
f  10810//595 10811//595 10812//595
f  10813//596 10814//596 10815//596
f  10816//596 10817//596 10818//596
f  10819//597 10820//597 10821//597
f  10822//597 10823//597 10824//597
f  10825//598 10826//598 10827//598
f  10828//598 10829//598 10830//598
f  10831//599 10832//599 10833//599
f  10834//599 10835//599 10836//599
f  10837//600 10838//600 10839//600
f  10840//600 10841//600 10842//600
f  10843//601 10844//601 10845//601
f  10846//601 10847//601 10848//601
f  10849//602 10850//602 10851//602
f  10852//602 10853//602 10854//602
f  10855//603 10856//603 10857//603
f  10858//603 10859//603 10860//603
f  10861//604 10862//604 10863//604
f  10864//604 10865//604 10866//604
f  10867//434 10868//434 10869//434
f  10870//434 10871//434 10872//434
f  10873//605 10874//605 10875//605
f  10876//605 10877//605 10878//605
f  10879//606 10880//606 10881//606
f  10882//606 10883//606 10884//606
f  10885//607 10886//607 10887//607
f  10888//607 10889//607 10890//607
f  10891//608 10892//608 10893//608
f  10894//608 10895//608 10896//608
f  10897//609 10898//609 10899//609
f  10900//609 10901//609 10902//609
f  10903//579 10904//579 10905//579
f  10906//579 10907//579 10908//579
f  10909//579 10910//579 10911//579
f  10912//579 10913//579 10914//579
f  10915//579 10916//579 10917//579
f  10918//579 10919//579 10920//579
f  10921//579 10922//579 10923//579
f  10924//579 10925//579 10926//579
f  10927//579 10928//579 10929//579
f  10930//579 10931//579 10932//579
f  10933//579 10934//579 10935//579
f  10936//579 10937//579 10938//579
f  10939//610 10940//610 10941//610
f  10942//610 10943//610 10944//610
f  10945//611 10946//611 10947//611
f  10948//611 10949//611 10950//611
f  10951//612 10952//612 10953//612
f  10954//612 10955//612 10956//612
f  10957//613 10958//613 10959//613
f  10960//613 10961//613 10962//613
f  10963//614 10964//614 10965//614
f  10966//614 10967//614 10968//614
f  10969//615 10970//615 10971//615
f  10972//615 10973//615 10974//615
f  10975//616 10976//616 10977//616
f  10978//616 10979//616 10980//616
f  10981//617 10982//617 10983//617
f  10984//617 10985//617 10986//617
f  10987//618 10988//618 10989//618
f  10990//618 10991//618 10992//618
f  10993//619 10994//619 10995//619
f  10996//619 10997//619 10998//619
f  10999//434 11000//434 11001//434
f  11002//434 11003//434 11004//434
f  11005//620 11006//620 11007//620
f  11008//620 11009//620 11010//620
f  11011//621 11012//621 11013//621
f  11014//621 11015//621 11016//621
f  11017//434 11018//434 11019//434
f  11020//434 11021//434 11022//434
f  11023//434 11024//434 11025//434
f  11026//434 11027//434 11028//434
f  11029//622 11030//622 11031//622
f  11032//622 11033//622 11034//622
f  11035//623 11036//623 11037//623
f  11038//623 11039//623 11040//623
f  11041//624 11042//624 11043//624
f  11044//624 11045//624 11046//624
f  11047//625 11048//625 11049//625
f  11050//625 11051//625 11052//625
f  11053//626 11054//626 11055//626
f  11056//626 11057//626 11058//626
f  11059//627 11060//627 11061//627
f  11062//627 11063//627 11064//627
f  11065//628 11066//628 11067//628
f  11068//628 11069//628 11070//628
f  11071//629 11072//629 11073//629
f  11074//629 11075//629 11076//629
f  11077//502 11078//502 11079//502
f  11080//502 11081//502 11082//502
f  11083//630 11084//630 11085//630
f  11086//630 11087//630 11088//630
f  11089//631 11090//631 11091//631
f  11092//631 11093//631 11094//631
f  11095//632 11096//632 11097//632
f  11098//632 11099//632 11100//632
f  11101//633 11102//633 11103//633
f  11104//633 11105//633 11106//633
f  11107//634 11108//634 11109//634
f  11110//634 11111//634 11112//634
f  11113//635 11114//635 11115//635
f  11116//635 11117//635 11118//635
f  11119//471 11120//471 11121//471
f  11122//471 11123//471 11124//471
f  11125//636 11126//636 11127//636
f  11128//636 11129//636 11130//636
f  11131//637 11132//637 11133//637
f  11134//637 11135//637 11136//637
f  11137//638 11138//638 11139//638
f  11140//638 11141//638 11142//638
f  11143//639 11144//639 11145//639
f  11146//639 11147//639 11148//639
f  11149//640 11150//640 11151//640
f  11152//640 11153//640 11154//640
f  11155//641 11156//641 11157//641
f  11158//641 11159//641 11160//641
f  11161//515 11162//515 11163//515
f  11164//515 11165//515 11166//515
f  11167//642 11168//642 11169//642
f  11170//642 11171//642 11172//642
f  11173//643 11174//643 11175//643
f  11176//643 11177//643 11178//643
f  11179//644 11180//644 11181//644
f  11182//644 11183//644 11184//644
f  11185//645 11186//645 11187//645
f  11188//645 11189//645 11190//645
f  11191//646 11192//646 11193//646
f  11194//646 11195//646 11196//646
f  11197//647 11198//647 11199//647
f  11200//647 11201//647 11202//647
f  11203//648 11204//648 11205//648
f  11206//648 11207//648 11208//648
f  11209//649 11210//649 11211//649
f  11212//649 11213//649 11214//649
f  11215//650 11216//650 11217//650
f  11218//650 11219//650 11220//650
f  11221//651 11222//651 11223//651
f  11224//651 11225//651 11226//651
f  11227//652 11228//652 11229//652
f  11230//652 11231//652 11232//652
f  11233//653 11234//653 11235//653
f  11236//653 11237//653 11238//653
f  11239//654 11240//654 11241//654
f  11242//654 11243//654 11244//654
f  11245//655 11246//655 11247//655
f  11248//655 11249//655 11250//655
f  11251//530 11252//530 11253//530
f  11254//530 11255//530 11256//530
f  11257//656 11258//656 11259//656
f  11260//656 11261//656 11262//656
f  11263//657 11264//657 11265//657
f  11266//657 11267//657 11268//657
f  11269//658 11270//658 11271//658
f  11272//658 11273//658 11274//658
f  11275//659 11276//659 11277//659
f  11278//659 11279//659 11280//659
f  11281//660 11282//660 11283//660
f  11284//660 11285//660 11286//660
f  11287//661 11288//661 11289//661
f  11290//661 11291//661 11292//661
f  11293//434 11294//434 11295//434
f  11296//434 11297//434 11298//434
f  11299//662 11300//662 11301//662
f  11302//662 11303//662 11304//662
f  11305//663 11306//663 11307//663
f  11308//663 11309//663 11310//663
f  11311//664 11312//664 11313//664
f  11314//664 11315//664 11316//664
f  11317//665 11318//665 11319//665
f  11320//665 11321//665 11322//665
f  11323//666 11324//666 11325//666
f  11326//666 11327//666 11328//666
f  11329//667 11330//667 11331//667
f  11332//667 11333//667 11334//667
f  11335//543 11336//543 11337//543
f  11338//543 11339//543 11340//543
f  11341//668 11342//668 11343//668
f  11344//668 11345//668 11346//668
f  11347//669 11348//669 11349//669
f  11350//669 11351//669 11352//669
f  11353//670 11354//670 11355//670
f  11356//670 11357//670 11358//670
f  11359//671 11360//671 11361//671
f  11362//671 11363//671 11364//671
f  11365//672 11366//672 11367//672
f  11368//672 11369//672 11370//672
f  11371//673 11372//673 11373//673
f  11374//673 11375//673 11376//673
f  11377//674 11378//674 11379//674
f  11380//674 11381//674 11382//674
f  11383//434 11384//434 11385//434
f  11386//434 11387//434 11388//434
f  11389//434 11390//434 11391//434
f  11392//434 11393//434 11394//434
f  11395//623 11396//623 11397//623
f  11398//623 11399//623 11400//623
f  11401//675 11402//675 11403//675
f  11404//675 11405//675 11406//675
f  11407//676 11408//676 11409//676
f  11410//676 11411//676 11412//676
f  11413//677 11414//677 11415//677
f  11416//677 11417//677 11418//677
f  11419//678 11420//678 11421//678
f  11422//678 11423//678 11424//678
f  11425//679 11426//679 11427//679
f  11428//679 11429//679 11430//679
f  11431//680 11432//680 11433//680
f  11434//680 11435//680 11436//680
f  11437//681 11438//681 11439//681
f  11440//681 11441//681 11442//681
f  11443//682 11444//682 11445//682
f  11446//682 11447//682 11448//682
f  11449//683 11450//683 11451//683
f  11452//683 11453//683 11454//683
f  11455//684 11456//684 11457//684
f  11458//684 11459//684 11460//684
f  11461//685 11462//685 11463//685
f  11464//685 11465//685 11466//685
f  11467//686 11468//686 11469//686
f  11470//686 11471//686 11472//686
f  11473//687 11474//687 11475//687
f  11476//687 11477//687 11478//687
f  11479//471 11480//471 11481//471
f  11482//471 11483//471 11484//471
f  11485//688 11486//688 11487//688
f  11488//688 11489//688 11490//688
f  11491//689 11492//689 11493//689
f  11494//689 11495//689 11496//689
f  11497//690 11498//690 11499//690
f  11500//690 11501//690 11502//690
f  11503//691 11504//691 11505//691
f  11506//691 11507//691 11508//691
f  11509//692 11510//692 11511//692
f  11512//692 11513//692 11514//692
f  11515//693 11516//693 11517//693
f  11518//693 11519//693 11520//693
f  11521//694 11522//694 11523//694
f  11524//694 11525//694 11526//694
f  11527//695 11528//695 11529//695
f  11530//695 11531//695 11532//695
f  11533//696 11534//696 11535//696
f  11536//696 11537//696 11538//696
f  11539//697 11540//697 11541//697
f  11542//697 11543//697 11544//697
f  11545//698 11546//698 11547//698
f  11548//698 11549//698 11550//698
f  11551//699 11552//699 11553//699
f  11554//699 11555//699 11556//699
f  11557//700 11558//700 11559//700
f  11560//700 11561//700 11562//700
f  11563//648 11564//648 11565//648
f  11566//648 11567//648 11568//648
f  11569//701 11570//701 11571//701
f  11572//701 11573//701 11574//701
f  11575//702 11576//702 11577//702
f  11578//702 11579//702 11580//702
f  11581//703 11582//703 11583//703
f  11584//703 11585//703 11586//703
f  11587//704 11588//704 11589//704
f  11590//704 11591//704 11592//704
f  11593//705 11594//705 11595//705
f  11596//705 11597//705 11598//705
f  11599//706 11600//706 11601//706
f  11602//706 11603//706 11604//706
f  11605//707 11606//707 11607//707
f  11608//707 11609//707 11610//707
f  11611//708 11612//708 11613//708
f  11614//708 11615//708 11616//708
f  11617//709 11618//709 11619//709
f  11620//709 11621//709 11622//709
f  11623//710 11624//710 11625//710
f  11626//710 11627//710 11628//710
f  11629//711 11630//711 11631//711
f  11632//711 11633//711 11634//711
f  11635//712 11636//712 11637//712
f  11638//712 11639//712 11640//712
f  11641//713 11642//713 11643//713
f  11644//713 11645//713 11646//713
f  11647//714 11648//714 11649//714
f  11650//714 11651//714 11652//714
f  11653//434 11654//434 11655//434
f  11656//434 11657//434 11658//434
f  11659//715 11660//715 11661//715
f  11662//715 11663//715 11664//715
f  11665//716 11666//716 11667//716
f  11668//716 11669//716 11670//716
f  11671//717 11672//717 11673//717
f  11674//717 11675//717 11676//717
f  11677//718 11678//718 11679//718
f  11680//718 11681//718 11682//718
f  11683//719 11684//719 11685//719
f  11686//719 11687//719 11688//719
f  11689//720 11690//720 11691//720
f  11692//720 11693//720 11694//720
f  11695//721 11696//721 11697//721
f  11698//721 11699//721 11700//721
f  11701//722 11702//722 11703//722
f  11704//722 11705//722 11706//722
f  11707//723 11708//723 11709//723
f  11710//723 11711//723 11712//723
f  11713//724 11714//724 11715//724
f  11716//724 11717//724 11718//724
f  11719//725 11720//725 11721//725
f  11722//725 11723//725 11724//725
f  11725//726 11726//726 11727//726
f  11728//726 11729//726 11730//726
f  11731//727 11732//727 11733//727
f  11734//727 11735//727 11736//727
f  11737//728 11738//728 11739//728
f  11740//728 11741//728 11742//728
f  11743//434 11744//434 11745//434
f  11746//434 11747//434 11748//434
f  11749//729 11750//729 11751//729
f  11752//729 11753//729 11754//729

